panel,draw,t,x,a,y
1,1,1.0,0.5,1.8,1.6065955110700092
1,2,1.0,0.5,1.8,1.4032995122077994
1,3,1.0,0.5,1.8,0.7795106147530548
1,4,1.0,0.5,1.8,0.4938766075690248
1,5,1.0,0.5,1.8,1.1269979959517513
1,6,1.0,0.5,1.8,0.7336936662007585
1,7,1.0,0.5,1.8,0.13544725179452605
1,8,1.0,0.5,1.8,0.8404805627466013
1,9,1.0,0.5,1.8,1.0953723015206531
1,10,1.0,0.5,1.8,0.36548816074548657
1,11,1.0,0.5,1.8,0.26318499337343454
1,12,1.0,0.5,1.8,1.6512014085078541
1,13,1.0,0.5,1.8,0.6451791911802321
1,14,1.0,0.5,1.8,0.852305298859576
1,15,1.0,0.5,1.8,1.034263193457117
1,16,1.0,0.5,1.8,0.45079251479069465
1,17,1.0,0.5,1.8,1.3659404558172652
1,18,1.0,0.5,1.8,0.4534744098269039
1,19,1.0,0.5,1.8,1.1979373714037789
1,20,1.0,0.5,1.8,0.4510892767393337
1,21,1.0,0.5,1.8,1.2522786738694385
1,22,1.0,0.5,1.8,1.189072091457688
1,23,1.0,0.5,1.8,0.7359322346523163
1,24,1.0,0.5,1.8,1.6547648331360243
1,25,1.0,0.5,1.8,0.6340549978023109
1,26,1.0,0.5,1.8,1.1674942264275046
1,27,1.0,0.5,1.8,1.1700941802998124
1,28,1.0,0.5,1.8,1.2002325178264623
1,29,1.0,0.5,1.8,0.38748406678584907
1,30,1.0,0.5,1.8,0.40662540666885794
1,31,1.0,0.5,1.8,1.4148478959423638
1,32,1.0,0.5,1.8,0.32784401992347206
1,33,1.0,0.5,1.8,0.9260097332931654
1,34,1.0,0.5,1.8,0.31058604858316546
1,35,1.0,0.5,1.8,1.2641312988606261
1,36,1.0,0.5,1.8,0.49833874613794765
1,37,1.0,0.5,1.8,1.3789315165550469
1,38,1.0,0.5,1.8,0.21140614230278323
1,39,1.0,0.5,1.8,1.200566029765945
1,40,1.0,0.5,1.8,1.3215016203390986
1,41,1.0,0.5,1.8,1.5065952165075271
1,42,1.0,0.5,1.8,1.208765603690153
1,43,1.0,0.5,1.8,1.154130379366452
1,44,1.0,0.5,1.8,1.2644538256757196
1,45,1.0,0.5,1.8,1.672969574688977
1,46,1.0,0.5,1.8,0.9123899459846245
1,47,1.0,0.5,1.8,0.9251333094596711
1,48,1.0,0.5,1.8,0.4404736672973339
1,49,1.0,0.5,1.8,0.9775116164059705
1,50,1.0,0.5,1.8,0.30917757783651917
1,51,1.0,0.5,1.8,0.5084901318905721
1,52,1.0,0.5,1.8,0.25446692179426117
1,53,1.0,0.5,1.8,0.41626539424476583
1,54,1.0,0.5,1.8,0.7026693225476415
1,55,1.0,0.5,1.8,1.3074951727767337
1,56,1.0,0.5,1.8,1.1576935738362668
1,57,1.0,0.5,1.8,0.7078461085069107
1,58,1.0,0.5,1.8,0.5997519447557503
1,59,1.0,0.5,1.8,0.25970171918011087
1,60,1.0,0.5,1.8,0.20436198296920463
1,61,1.0,0.5,1.8,1.2814926179899702
1,62,1.0,0.5,1.8,1.28003076790345
1,63,1.0,0.5,1.8,0.5316978327104341
1,64,1.0,0.5,1.8,0.8375155339360055
1,65,1.0,0.5,1.8,1.5010380666460819
1,66,1.0,0.5,1.8,1.414340235287035
1,67,1.0,0.5,1.8,1.29542029614982
1,68,1.0,0.5,1.8,0.4665034057228819
1,69,1.0,0.5,1.8,0.9543610130970844
1,70,1.0,0.5,1.8,0.571754530899007
1,71,1.0,0.5,1.8,0.7837502361905838
1,72,1.0,0.5,1.8,0.9159086015543209
1,73,1.0,0.5,1.8,1.3406597651247554
1,74,1.0,0.5,1.8,0.05892626715657196
1,75,1.0,0.5,1.8,0.8803658521564669
1,76,1.0,0.5,1.8,0.48385401904172615
1,77,1.0,0.5,1.8,1.5325806067094399
1,78,1.0,0.5,1.8,0.30260935338893186
1,79,1.0,0.5,1.8,0.840189373663307
1,80,1.0,0.5,1.8,1.2671412323386746
1,81,1.0,0.5,1.8,1.5270860955901036
1,82,1.0,0.5,1.8,0.846387061684444
1,83,1.0,0.5,1.8,1.2911010163472993
1,84,1.0,0.5,1.8,0.9759499899203119
1,85,1.0,0.5,1.8,0.5545729983624779
1,86,1.0,0.5,1.8,0.4409067324399049
1,87,1.0,0.5,1.8,0.3833252872064622
1,88,1.0,0.5,1.8,0.5089997583522811
1,89,1.0,0.5,1.8,0.6192265806332199
1,90,1.0,0.5,1.8,0.8434636099423058
1,91,1.0,0.5,1.8,1.286801582772768
1,92,1.0,0.5,1.8,0.8193332101881425
1,93,1.0,0.5,1.8,1.1861977591974402
1,94,1.0,0.5,1.8,1.4094313631124593
1,95,1.0,0.5,1.8,1.6371197903614882
1,96,1.0,0.5,1.8,1.1724654862605275
1,97,1.0,0.5,1.8,0.7880042859306281
1,98,1.0,0.5,1.8,0.8644279420677576
1,99,1.0,0.5,1.8,0.7313149318641391
1,100,1.0,0.5,1.8,0.6310269774363496
1,101,1.0,0.5,1.8,0.7835450797934338
1,102,1.0,0.5,1.8,0.8349723471924606
1,103,1.0,0.5,1.8,1.6746915787592398
1,104,1.0,0.5,1.8,0.24082969322831319
1,105,1.0,0.5,1.8,0.6869770520941199
1,106,1.0,0.5,1.8,0.5682811599568811
1,107,1.0,0.5,1.8,1.0965893319645408
1,108,1.0,0.5,1.8,0.8809035739617379
1,109,1.0,0.5,1.8,1.466418434228934
1,110,1.0,0.5,1.8,1.5940704780008237
1,111,1.0,0.5,1.8,1.4908842775302402
1,112,1.0,0.5,1.8,1.087628457805774
1,113,1.0,0.5,1.8,1.2777471314447184
1,114,1.0,0.5,1.8,1.1717186429695294
1,115,1.0,0.5,1.8,1.201608760883632
1,116,1.0,0.5,1.8,1.2111707851862499
1,117,1.0,0.5,1.8,0.5783271564860857
1,118,1.0,0.5,1.8,0.5217311940316961
1,119,1.0,0.5,1.8,0.8700416644024516
1,120,1.0,0.5,1.8,0.47736657801432175
1,121,1.0,0.5,1.8,0.20143136676724616
1,122,1.0,0.5,1.8,1.345962708024123
1,123,1.0,0.5,1.8,0.1983885360263314
1,124,1.0,0.5,1.8,1.0629059621425196
1,125,1.0,0.5,1.8,0.3972660367285656
1,126,1.0,0.5,1.8,1.4527194865880881
1,127,1.0,0.5,1.8,1.2001561464168842
1,128,1.0,0.5,1.8,0.7544751357047129
1,129,1.0,0.5,1.8,0.48413571418474954
1,130,1.0,0.5,1.8,0.7416679863928475
1,131,1.0,0.5,1.8,0.4209195178477155
1,132,1.0,0.5,1.8,1.121509801994165
1,133,1.0,0.5,1.8,0.5216653622451793
1,134,1.0,0.5,1.8,0.7392142456201827
1,135,1.0,0.5,1.8,0.7593887202873747
1,136,1.0,0.5,1.8,0.46676937819677344
1,137,1.0,0.5,1.8,1.3990733757629015
1,138,1.0,0.5,1.8,1.2407878186460475
1,139,1.0,0.5,1.8,0.5615102901506263
1,140,1.0,0.5,1.8,0.11559655499944432
1,141,1.0,0.5,1.8,0.9296422429779765
1,142,1.0,0.5,1.8,0.9642670271032724
1,143,1.0,0.5,1.8,1.2265060514593704
1,144,1.0,0.5,1.8,1.3966769694038894
1,145,1.0,0.5,1.8,1.091672358991422
1,146,1.0,0.5,1.8,1.0459005644435089
1,147,1.0,0.5,1.8,1.6399018461193633
1,148,1.0,0.5,1.8,0.6930484405219576
1,149,1.0,0.5,1.8,1.1334802609774477
1,150,1.0,0.5,1.8,1.6358434905704056
1,151,1.0,0.5,1.8,0.5604465921689308
1,152,1.0,0.5,1.8,0.8614717768089555
1,153,1.0,0.5,1.8,0.4527959100958208
1,154,1.0,0.5,1.8,0.286304076102303
1,155,1.0,0.5,1.8,0.47941761341740413
1,156,1.0,0.5,1.8,1.3704773247349118
1,157,1.0,0.5,1.8,1.0660316245190748
1,158,1.0,0.5,1.8,0.06946230161834921
1,159,1.0,0.5,1.8,1.2460554101174657
1,160,1.0,0.5,1.8,0.5031342043700595
1,161,1.0,0.5,1.8,0.6520958467785352
1,162,1.0,0.5,1.8,1.5058210556670204
1,163,1.0,0.5,1.8,1.3488250351189401
1,164,1.0,0.5,1.8,0.5079269993520319
1,165,1.0,0.5,1.8,1.3529329693975678
1,166,1.0,0.5,1.8,0.46683483149098015
1,167,1.0,0.5,1.8,1.6819830822091426
1,168,1.0,0.5,1.8,1.2336169336692604
1,169,1.0,0.5,1.8,0.7963945025723498
1,170,1.0,0.5,1.8,0.6328210116765532
1,171,1.0,0.5,1.8,1.406209509668623
1,172,1.0,0.5,1.8,0.1016463582615619
1,173,1.0,0.5,1.8,1.6028664091726024
1,174,1.0,0.5,1.8,0.49589269915628365
1,175,1.0,0.5,1.8,0.4478512870736625
1,176,1.0,0.5,1.8,0.6264340757721057
1,177,1.0,0.5,1.8,0.8210400812990657
1,178,1.0,0.5,1.8,1.1651682579068472
1,179,1.0,0.5,1.8,0.5834152739023573
1,180,1.0,0.5,1.8,0.9409946450965746
1,181,1.0,0.5,1.8,1.1043232871379236
1,182,1.0,0.5,1.8,1.3349280886759396
1,183,1.0,0.5,1.8,1.5982947270195076
1,184,1.0,0.5,1.8,0.48298253953560244
1,185,1.0,0.5,1.8,0.9239819270597508
1,186,1.0,0.5,1.8,1.1909649192510345
1,187,1.0,0.5,1.8,1.3669533162468828
1,188,1.0,0.5,1.8,0.2474537601022081
1,189,1.0,0.5,1.8,0.713944761374901
1,190,1.0,0.5,1.8,1.4947241660892538
1,191,1.0,0.5,1.8,0.7633878658119337
1,192,1.0,0.5,1.8,0.5966513529798949
1,193,1.0,0.5,1.8,0.9840059125736083
1,194,1.0,0.5,1.8,1.1382634334481532
1,195,1.0,0.5,1.8,1.0739694229542491
1,196,1.0,0.5,1.8,1.7548048368230842
1,197,1.0,0.5,1.8,1.5712959826022632
1,198,1.0,0.5,1.8,0.8409268010556784
1,199,1.0,0.5,1.8,1.1442455424713447
1,200,1.0,0.5,1.8,0.9548488906787302
1,201,1.0,0.5,1.8,0.33338162686395173
1,202,1.0,0.5,1.8,1.2300689976222072
1,203,1.0,0.5,1.8,1.509915329370757
1,204,1.0,0.5,1.8,1.4981507553546367
1,205,1.0,0.5,1.8,0.7591010468468165
1,206,1.0,0.5,1.8,1.3784203588903248
1,207,1.0,0.5,1.8,0.8804725015622663
1,208,1.0,0.5,1.8,0.46852775281785325
1,209,1.0,0.5,1.8,1.141290398969787
1,210,1.0,0.5,1.8,1.172130415802187
1,211,1.0,0.5,1.8,1.528878167435686
1,212,1.0,0.5,1.8,0.9190971431173113
1,213,1.0,0.5,1.8,0.4278023937364053
1,214,1.0,0.5,1.8,0.9722873500440529
1,215,1.0,0.5,1.8,1.5105445660656134
1,216,1.0,0.5,1.8,0.932856014522402
1,217,1.0,0.5,1.8,0.6515574573034495
1,218,1.0,0.5,1.8,1.0580288258238986
1,219,1.0,0.5,1.8,1.1892870168142902
1,220,1.0,0.5,1.8,1.6911582956547844
1,221,1.0,0.5,1.8,0.728752159039324
1,222,1.0,0.5,1.8,0.8857491428181272
1,223,1.0,0.5,1.8,0.7479988714048702
1,224,1.0,0.5,1.8,0.9934912584091888
1,225,1.0,0.5,1.8,1.1006105548409109
1,226,1.0,0.5,1.8,0.9223518077949076
1,227,1.0,0.5,1.8,1.0918910191759865
1,228,1.0,0.5,1.8,0.9851473544738597
1,229,1.0,0.5,1.8,0.21797373403667103
1,230,1.0,0.5,1.8,0.5961264676008926
1,231,1.0,0.5,1.8,0.877187405901002
1,232,1.0,0.5,1.8,1.2283730892256155
1,233,1.0,0.5,1.8,1.1453568394318303
1,234,1.0,0.5,1.8,0.5404775678931343
1,235,1.0,0.5,1.8,1.1397419009041456
1,236,1.0,0.5,1.8,0.8348773836210239
1,237,1.0,0.5,1.8,0.9286290064485981
1,238,1.0,0.5,1.8,0.7400673385253194
1,239,1.0,0.5,1.8,1.4159005850780215
1,240,1.0,0.5,1.8,1.5540879416791222
1,241,1.0,0.5,1.8,1.150882858153357
1,242,1.0,0.5,1.8,0.24611214928203926
1,243,1.0,0.5,1.8,0.4422619697409922
1,244,1.0,0.5,1.8,1.3246426571106933
1,245,1.0,0.5,1.8,1.5965633141254358
1,246,1.0,0.5,1.8,1.273130267721992
1,247,1.0,0.5,1.8,1.7123680608656233
1,248,1.0,0.5,1.8,0.3705377596039801
1,249,1.0,0.5,1.8,0.8753447123008063
1,250,1.0,0.5,1.8,0.5468524454139224
1,251,1.0,0.5,1.8,0.1939742125396168
1,252,1.0,0.5,1.8,0.821690944745061
1,253,1.0,0.5,1.8,1.1701714142551218
1,254,1.0,0.5,1.8,1.5714393478315511
1,255,1.0,0.5,1.8,0.8779418477337535
1,256,1.0,0.5,1.8,0.989161237094412
1,257,1.0,0.5,1.8,0.35312069044377875
1,258,1.0,0.5,1.8,0.9731509229769031
1,259,1.0,0.5,1.8,0.45789515872257164
1,260,1.0,0.5,1.8,1.596123180386062
1,261,1.0,0.5,1.8,0.4365679685573146
1,262,1.0,0.5,1.8,1.1703361693820595
1,263,1.0,0.5,1.8,0.7892035463258574
1,264,1.0,0.5,1.8,0.7199644121752022
1,265,1.0,0.5,1.8,1.346485785465072
1,266,1.0,0.5,1.8,0.8644321674739566
1,267,1.0,0.5,1.8,0.8870281568363786
1,268,1.0,0.5,1.8,1.0637482118967092
1,269,1.0,0.5,1.8,1.564125304763959
1,270,1.0,0.5,1.8,1.0748649330491624
1,271,1.0,0.5,1.8,1.1463867072961267
1,272,1.0,0.5,1.8,0.6955275406768827
1,273,1.0,0.5,1.8,1.2366479397608168
1,274,1.0,0.5,1.8,0.4196936257137958
1,275,1.0,0.5,1.8,0.6286717383851013
1,276,1.0,0.5,1.8,1.1468989816708333
1,277,1.0,0.5,1.8,1.07161306300193
1,278,1.0,0.5,1.8,0.7664968362830841
1,279,1.0,0.5,1.8,1.6222959676962
1,280,1.0,0.5,1.8,0.8670622263873923
1,281,1.0,0.5,1.8,1.5287166091787718
1,282,1.0,0.5,1.8,0.7138340095331215
1,283,1.0,0.5,1.8,0.36294983051360585
1,284,1.0,0.5,1.8,1.3431059998954697
1,285,1.0,0.5,1.8,1.0144016375448894
1,286,1.0,0.5,1.8,0.6586435051351057
1,287,1.0,0.5,1.8,1.0958277179369982
1,288,1.0,0.5,1.8,0.3797131915764128
1,289,1.0,0.5,1.8,0.7222331387204295
1,290,1.0,0.5,1.8,0.5096438614909701
1,291,1.0,0.5,1.8,0.5729246272457028
1,292,1.0,0.5,1.8,0.9311856918837995
1,293,1.0,0.5,1.8,1.431508677248813
1,294,1.0,0.5,1.8,1.1047520262969959
1,295,1.0,0.5,1.8,0.48215992695967147
1,296,1.0,0.5,1.8,1.1445190117543567
1,297,1.0,0.5,1.8,0.16171709152936395
1,298,1.0,0.5,1.8,0.7146932995375418
1,299,1.0,0.5,1.8,1.386462661766793
1,300,1.0,0.5,1.8,1.0520784208352023
1,301,1.0,0.5,1.8,1.078335074065697
1,302,1.0,0.5,1.8,1.7237389748880296
1,303,1.0,0.5,1.8,1.5043287501650353
1,304,1.0,0.5,1.8,0.7689121506766338
1,305,1.0,0.5,1.8,0.7147752028100707
1,306,1.0,0.5,1.8,1.0738814464171063
1,307,1.0,0.5,1.8,1.037112828788775
1,308,1.0,0.5,1.8,1.2299588528256797
1,309,1.0,0.5,1.8,1.4300753315931194
1,310,1.0,0.5,1.8,1.2098485032074817
1,311,1.0,0.5,1.8,0.6050214677067135
1,312,1.0,0.5,1.8,1.653161779178197
1,313,1.0,0.5,1.8,0.4807873252274844
1,314,1.0,0.5,1.8,1.3338214575115521
1,315,1.0,0.5,1.8,0.4455447546233679
1,316,1.0,0.5,1.8,0.26451309811039925
1,317,1.0,0.5,1.8,1.406192521055202
1,318,1.0,0.5,1.8,1.3175127144273624
1,319,1.0,0.5,1.8,0.669169509550469
1,320,1.0,0.5,1.8,0.03328486760222863
1,321,1.0,0.5,1.8,0.788257029121773
1,322,1.0,0.5,1.8,1.3907442363848286
1,323,1.0,0.5,1.8,0.5775661397627339
1,324,1.0,0.5,1.8,1.6040506166128283
1,325,1.0,0.5,1.8,1.040900685804917
1,326,1.0,0.5,1.8,1.561110998473686
1,327,1.0,0.5,1.8,1.329945205465205
1,328,1.0,0.5,1.8,0.46583637421244595
1,329,1.0,0.5,1.8,0.78791642430813
1,330,1.0,0.5,1.8,0.3955513530398511
1,331,1.0,0.5,1.8,0.4811105151089116
1,332,1.0,0.5,1.8,1.1174936413069332
1,333,1.0,0.5,1.8,0.7686239059926296
1,334,1.0,0.5,1.8,0.42373384760577254
1,335,1.0,0.5,1.8,1.5218860793853481
1,336,1.0,0.5,1.8,1.1866724378363642
1,337,1.0,0.5,1.8,1.2257170239842652
1,338,1.0,0.5,1.8,0.8213487930262079
1,339,1.0,0.5,1.8,0.6034733017932116
1,340,1.0,0.5,1.8,0.5914941802774529
1,341,1.0,0.5,1.8,0.9244248888474725
1,342,1.0,0.5,1.8,1.6261111657918481
1,343,1.0,0.5,1.8,1.2278283624807689
1,344,1.0,0.5,1.8,0.5950273377553019
1,345,1.0,0.5,1.8,1.128334186775221
1,346,1.0,0.5,1.8,1.2843682080911194
1,347,1.0,0.5,1.8,0.48303274507593236
1,348,1.0,0.5,1.8,1.1365011314523576
1,349,1.0,0.5,1.8,0.8137147506417514
1,350,1.0,0.5,1.8,0.6592675167630697
1,351,1.0,0.5,1.8,1.2431209821073088
1,352,1.0,0.5,1.8,1.0981320909848866
1,353,1.0,0.5,1.8,0.7162570463744407
1,354,1.0,0.5,1.8,1.5410185406606125
1,355,1.0,0.5,1.8,0.4016555428141614
1,356,1.0,0.5,1.8,0.2963590250270467
1,357,1.0,0.5,1.8,0.37049781269053306
1,358,1.0,0.5,1.8,0.7045163309773573
1,359,1.0,0.5,1.8,0.14135878635418658
1,360,1.0,0.5,1.8,0.6797085051651114
1,361,1.0,0.5,1.8,0.7139782395682329
1,362,1.0,0.5,1.8,0.8286387264874662
1,363,1.0,0.5,1.8,0.788637131999397
1,364,1.0,0.5,1.8,0.8665856036515263
1,365,1.0,0.5,1.8,1.2888682439029884
1,366,1.0,0.5,1.8,1.056399286079812
1,367,1.0,0.5,1.8,0.7083729864933821
1,368,1.0,0.5,1.8,0.9750623172325585
1,369,1.0,0.5,1.8,0.10971413752154195
1,370,1.0,0.5,1.8,0.14783134276497356
1,371,1.0,0.5,1.8,0.9102464549043766
1,372,1.0,0.5,1.8,0.43996825543378637
1,373,1.0,0.5,1.8,1.3855040086964738
1,374,1.0,0.5,1.8,1.2386691164731294
1,375,1.0,0.5,1.8,0.8237260400245603
1,376,1.0,0.5,1.8,0.5372709035025928
1,377,1.0,0.5,1.8,0.4832666011578851
1,378,1.0,0.5,1.8,1.398318931329134
1,379,1.0,0.5,1.8,1.264271929632615
1,380,1.0,0.5,1.8,0.8876671498994024
1,381,1.0,0.5,1.8,1.2299202142477608
1,382,1.0,0.5,1.8,0.9966134468429511
1,383,1.0,0.5,1.8,0.9727106104677091
1,384,1.0,0.5,1.8,1.1766570998125874
1,385,1.0,0.5,1.8,0.5714065125285334
1,386,1.0,0.5,1.8,0.9536447358331993
1,387,1.0,0.5,1.8,1.031415778960059
1,388,1.0,0.5,1.8,0.29524491301104766
1,389,1.0,0.5,1.8,0.8768317804585165
1,390,1.0,0.5,1.8,0.9403843023392269
1,391,1.0,0.5,1.8,0.1983957922175439
1,392,1.0,0.5,1.8,0.20402288814828418
1,393,1.0,0.5,1.8,0.5686315997312649
1,394,1.0,0.5,1.8,0.9420849113491387
1,395,1.0,0.5,1.8,1.3288054624976915
1,396,1.0,0.5,1.8,0.8040883196452647
1,397,1.0,0.5,1.8,1.5261752581024828
1,398,1.0,0.5,1.8,0.663696055527148
1,399,1.0,0.5,1.8,0.33089418555155803
1,400,1.0,0.5,1.8,1.2378901444088837
1,401,1.0,0.5,1.8,1.2634719022833307
1,402,1.0,0.5,1.8,1.2155741232369608
1,403,1.0,0.5,1.8,0.14000829138828236
1,404,1.0,0.5,1.8,1.6303432029583844
1,405,1.0,0.5,1.8,0.2597519234565409
1,406,1.0,0.5,1.8,0.32381227788589934
1,407,1.0,0.5,1.8,0.18530534317995387
1,408,1.0,0.5,1.8,1.1197592661859055
1,409,1.0,0.5,1.8,1.4986324328735596
1,410,1.0,0.5,1.8,0.30097785057782855
1,411,1.0,0.5,1.8,1.2197980358005427
1,412,1.0,0.5,1.8,0.7488056236667636
1,413,1.0,0.5,1.8,1.073341321707165
1,414,1.0,0.5,1.8,1.1092955453323756
1,415,1.0,0.5,1.8,0.4438281449531235
1,416,1.0,0.5,1.8,1.0096452173703452
1,417,1.0,0.5,1.8,0.8340628903751314
1,418,1.0,0.5,1.8,0.8704636715944188
1,419,1.0,0.5,1.8,0.79729295548099
1,420,1.0,0.5,1.8,0.6957698236930934
1,421,1.0,0.5,1.8,0.7745425527574508
1,422,1.0,0.5,1.8,0.9068294396572986
1,423,1.0,0.5,1.8,0.1540888265668653
1,424,1.0,0.5,1.8,0.5694255296000337
1,425,1.0,0.5,1.8,1.6695342669235547
1,426,1.0,0.5,1.8,1.2967902548847476
1,427,1.0,0.5,1.8,1.5335661518477672
1,428,1.0,0.5,1.8,0.3842857835259968
1,429,1.0,0.5,1.8,0.4086458332551662
1,430,1.0,0.5,1.8,1.4012495101035372
1,431,1.0,0.5,1.8,0.4087120345296358
1,432,1.0,0.5,1.8,1.2255854519600928
1,433,1.0,0.5,1.8,0.5233177546198619
1,434,1.0,0.5,1.8,0.9371508482484195
1,435,1.0,0.5,1.8,1.0206701926256228
1,436,1.0,0.5,1.8,0.8958344817475714
1,437,1.0,0.5,1.8,0.4102859283456524
1,438,1.0,0.5,1.8,1.017900138803172
1,439,1.0,0.5,1.8,1.121349719499732
1,440,1.0,0.5,1.8,1.0576760801444178
1,441,1.0,0.5,1.8,1.3641530286260093
1,442,1.0,0.5,1.8,1.5328865107659069
1,443,1.0,0.5,1.8,0.8488827138886712
1,444,1.0,0.5,1.8,0.5992169548133859
1,445,1.0,0.5,1.8,1.5418231669983617
1,446,1.0,0.5,1.8,1.1885391525019087
1,447,1.0,0.5,1.8,1.2963419732593682
1,448,1.0,0.5,1.8,0.8339994725798092
1,449,1.0,0.5,1.8,0.1177719233077979
1,450,1.0,0.5,1.8,0.25985121340568845
1,451,1.0,0.5,1.8,0.7291758933884741
1,452,1.0,0.5,1.8,0.45605867253446714
1,453,1.0,0.5,1.8,0.751527806148213
1,454,1.0,0.5,1.8,1.278754053575271
1,455,1.0,0.5,1.8,0.1745736805253273
1,456,1.0,0.5,1.8,0.058193255635828445
1,457,1.0,0.5,1.8,0.3767085460529407
1,458,1.0,0.5,1.8,1.0965862754081341
1,459,1.0,0.5,1.8,0.0400267368939269
1,460,1.0,0.5,1.8,1.3380204275379322
1,461,1.0,0.5,1.8,0.3048750698635938
1,462,1.0,0.5,1.8,0.38496430763927225
1,463,1.0,0.5,1.8,0.9766116444005895
1,464,1.0,0.5,1.8,0.31475952310715455
1,465,1.0,0.5,1.8,0.42878591589011367
1,466,1.0,0.5,1.8,1.356113332448786
1,467,1.0,0.5,1.8,0.771846858523941
1,468,1.0,0.5,1.8,0.9171410399166398
1,469,1.0,0.5,1.8,0.36304358419669125
1,470,1.0,0.5,1.8,0.4364009813487638
1,471,1.0,0.5,1.8,0.8875645576097252
1,472,1.0,0.5,1.8,0.8793123560755421
1,473,1.0,0.5,1.8,0.44455205664475783
1,474,1.0,0.5,1.8,1.0016214263412853
1,475,1.0,0.5,1.8,0.9829555338467537
1,476,1.0,0.5,1.8,0.997426161505519
1,477,1.0,0.5,1.8,0.823365411342869
1,478,1.0,0.5,1.8,0.8507075993609694
1,479,1.0,0.5,1.8,0.45518356754320205
1,480,1.0,0.5,1.8,1.467722395969162
1,481,1.0,0.5,1.8,1.1366891718135546
1,482,1.0,0.5,1.8,0.3128739846379767
1,483,1.0,0.5,1.8,1.5577560280081513
1,484,1.0,0.5,1.8,0.6053787826006505
1,485,1.0,0.5,1.8,1.319728934508366
1,486,1.0,0.5,1.8,1.570053849714744
1,487,1.0,0.5,1.8,0.9092742303478026
1,488,1.0,0.5,1.8,1.2034302509208916
1,489,1.0,0.5,1.8,0.32738801822983005
1,490,1.0,0.5,1.8,0.6359070211676106
1,491,1.0,0.5,1.8,0.9003425641123732
1,492,1.0,0.5,1.8,1.0185799404893292
1,493,1.0,0.5,1.8,1.061239912517783
1,494,1.0,0.5,1.8,0.8327386927841931
1,495,1.0,0.5,1.8,0.4222925287250317
1,496,1.0,0.5,1.8,1.0527853460015102
1,497,1.0,0.5,1.8,1.5859783984851068
1,498,1.0,0.5,1.8,0.5743233756614595
1,499,1.0,0.5,1.8,0.6816941877003322
1,500,1.0,0.5,1.8,0.5620582763579405
1,501,1.0,0.5,1.8,0.2554452636887998
1,502,1.0,0.5,1.8,0.32858721290538023
1,503,1.0,0.5,1.8,0.4348206546500501
1,504,1.0,0.5,1.8,0.05086330442059234
1,505,1.0,0.5,1.8,0.2678712972502821
1,506,1.0,0.5,1.8,1.1577554318456589
1,507,1.0,0.5,1.8,0.556701125046022
1,508,1.0,0.5,1.8,1.0605747037081878
1,509,1.0,0.5,1.8,0.8248187128634302
1,510,1.0,0.5,1.8,0.5601033044122677
1,511,1.0,0.5,1.8,0.6515721642391944
1,512,1.0,0.5,1.8,0.7987433868219266
1,513,1.0,0.5,1.8,0.768303329732653
1,514,1.0,0.5,1.8,0.8936629540286917
1,515,1.0,0.5,1.8,1.359802978080165
1,516,1.0,0.5,1.8,1.3295943408441167
1,517,1.0,0.5,1.8,0.5300147462592535
1,518,1.0,0.5,1.8,1.1376375571692006
1,519,1.0,0.5,1.8,1.0008710597439192
1,520,1.0,0.5,1.8,0.7350696150598404
1,521,1.0,0.5,1.8,1.0753371590605292
1,522,1.0,0.5,1.8,0.4139494392293857
1,523,1.0,0.5,1.8,1.2302238823989617
1,524,1.0,0.5,1.8,0.75232503092741
1,525,1.0,0.5,1.8,0.8257034493565518
1,526,1.0,0.5,1.8,1.3598600309196236
1,527,1.0,0.5,1.8,1.7021701468914106
1,528,1.0,0.5,1.8,0.049754404190636224
1,529,1.0,0.5,1.8,1.6420174750432943
1,530,1.0,0.5,1.8,0.1134156318649669
1,531,1.0,0.5,1.8,0.7112056195290192
1,532,1.0,0.5,1.8,1.6194294969077752
1,533,1.0,0.5,1.8,0.8021519579591985
1,534,1.0,0.5,1.8,1.4120447552281186
1,535,1.0,0.5,1.8,0.7805880327508277
1,536,1.0,0.5,1.8,0.22833352923525538
1,537,1.0,0.5,1.8,1.120847339377396
1,538,1.0,0.5,1.8,0.7905665005559944
1,539,1.0,0.5,1.8,1.447463367055967
1,540,1.0,0.5,1.8,1.1725489928590027
1,541,1.0,0.5,1.8,1.3234483017309795
1,542,1.0,0.5,1.8,1.3304840692962165
1,543,1.0,0.5,1.8,1.3773258330504543
1,544,1.0,0.5,1.8,1.1096887044998558
1,545,1.0,0.5,1.8,0.6537151888026028
1,546,1.0,0.5,1.8,1.114179900452128
1,547,1.0,0.5,1.8,1.471614168336507
1,548,1.0,0.5,1.8,0.40391676672892374
1,549,1.0,0.5,1.8,0.898440230360386
1,550,1.0,0.5,1.8,0.9227375697107687
1,551,1.0,0.5,1.8,1.152833882391489
1,552,1.0,0.5,1.8,0.4265847438953187
1,553,1.0,0.5,1.8,0.5455652891729282
1,554,1.0,0.5,1.8,0.9528759323336196
1,555,1.0,0.5,1.8,1.275827653177429
1,556,1.0,0.5,1.8,1.0243193582863417
1,557,1.0,0.5,1.8,1.527141982957459
1,558,1.0,0.5,1.8,1.2721272442635576
1,559,1.0,0.5,1.8,0.9388479915016469
1,560,1.0,0.5,1.8,1.2431566517371073
1,561,1.0,0.5,1.8,0.31486396352220875
1,562,1.0,0.5,1.8,1.4445884314459239
1,563,1.0,0.5,1.8,1.3380503030427677
1,564,1.0,0.5,1.8,0.8000252097566818
1,565,1.0,0.5,1.8,1.6056141463979323
1,566,1.0,0.5,1.8,1.475293983437065
1,567,1.0,0.5,1.8,1.1174688526465457
1,568,1.0,0.5,1.8,1.6738494889683706
1,569,1.0,0.5,1.8,1.021364992972963
1,570,1.0,0.5,1.8,1.2926880468186923
1,571,1.0,0.5,1.8,0.3581418135813995
1,572,1.0,0.5,1.8,1.3000964910940622
1,573,1.0,0.5,1.8,0.3377215207246271
1,574,1.0,0.5,1.8,0.8473134605100556
1,575,1.0,0.5,1.8,1.2951518457508062
1,576,1.0,0.5,1.8,0.7983138855066588
1,577,1.0,0.5,1.8,0.6145376914535798
1,578,1.0,0.5,1.8,0.14731876480282002
1,579,1.0,0.5,1.8,0.7622911325887053
1,580,1.0,0.5,1.8,0.7992727691523621
1,581,1.0,0.5,1.8,0.8963997369327709
1,582,1.0,0.5,1.8,0.6597690284389589
1,583,1.0,0.5,1.8,1.439040189783873
1,584,1.0,0.5,1.8,1.0320813505677522
1,585,1.0,0.5,1.8,0.3740424206634437
1,586,1.0,0.5,1.8,0.9806386780924221
1,587,1.0,0.5,1.8,1.1182603098565607
1,588,1.0,0.5,1.8,1.6040859207649392
1,589,1.0,0.5,1.8,1.2973259884326909
1,590,1.0,0.5,1.8,1.0592916831469485
1,591,1.0,0.5,1.8,1.2860366625107431
1,592,1.0,0.5,1.8,0.4384486960330283
1,593,1.0,0.5,1.8,0.5157966560015124
1,594,1.0,0.5,1.8,0.4993225940778302
1,595,1.0,0.5,1.8,0.8681804402337676
1,596,1.0,0.5,1.8,0.6916540692662403
1,597,1.0,0.5,1.8,0.9079282500378351
1,598,1.0,0.5,1.8,0.12843201602359813
1,599,1.0,0.5,1.8,1.445541040826494
1,600,1.0,0.5,1.8,0.8799463434588799
1,601,1.0,0.5,1.8,1.2981541122616844
1,602,1.0,0.5,1.8,0.8213261598637627
1,603,1.0,0.5,1.8,0.6937465238630792
1,604,1.0,0.5,1.8,0.45490229099913143
1,605,1.0,0.5,1.8,1.1685780673364488
1,606,1.0,0.5,1.8,1.3598000060057769
1,607,1.0,0.5,1.8,1.2056444985306436
1,608,1.0,0.5,1.8,0.37584196746246346
1,609,1.0,0.5,1.8,0.6389565765097498
1,610,1.0,0.5,1.8,0.5747573954902302
1,611,1.0,0.5,1.8,0.8837631864634796
1,612,1.0,0.5,1.8,0.8034072910502063
1,613,1.0,0.5,1.8,0.5422248300371589
1,614,1.0,0.5,1.8,1.0495705880769348
1,615,1.0,0.5,1.8,0.9783053246843726
1,616,1.0,0.5,1.8,1.3892058120145165
1,617,1.0,0.5,1.8,0.5117803707678785
1,618,1.0,0.5,1.8,0.31925636742922375
1,619,1.0,0.5,1.8,0.7786592290503698
1,620,1.0,0.5,1.8,1.4891799327315156
1,621,1.0,0.5,1.8,0.9383707137795325
1,622,1.0,0.5,1.8,0.3974244374702662
1,623,1.0,0.5,1.8,1.3890729117462894
1,624,1.0,0.5,1.8,0.27764490451222584
1,625,1.0,0.5,1.8,1.4835796732228217
1,626,1.0,0.5,1.8,0.4820187153993736
1,627,1.0,0.5,1.8,1.163188636488442
1,628,1.0,0.5,1.8,1.011483115623476
1,629,1.0,0.5,1.8,0.5970135123331276
1,630,1.0,0.5,1.8,0.9864813591973889
1,631,1.0,0.5,1.8,1.1228498965224294
1,632,1.0,0.5,1.8,1.0089202285687646
1,633,1.0,0.5,1.8,1.0630602606630541
1,634,1.0,0.5,1.8,0.19598922395731797
1,635,1.0,0.5,1.8,1.3218642302868489
1,636,1.0,0.5,1.8,1.154150446452155
1,637,1.0,0.5,1.8,0.6652592536901616
1,638,1.0,0.5,1.8,0.8667021716253728
1,639,1.0,0.5,1.8,1.0020885188238418
1,640,1.0,0.5,1.8,1.3286285393045665
1,641,1.0,0.5,1.8,0.0987336884416318
1,642,1.0,0.5,1.8,0.87536750943501
1,643,1.0,0.5,1.8,1.3194059567104495
1,644,1.0,0.5,1.8,0.6182117730519553
1,645,1.0,0.5,1.8,0.7930708543007631
1,646,1.0,0.5,1.8,0.5634527613513142
1,647,1.0,0.5,1.8,0.9433175427898769
1,648,1.0,0.5,1.8,0.3292060187680689
1,649,1.0,0.5,1.8,0.5598410834045647
1,650,1.0,0.5,1.8,1.0911432836224721
1,651,1.0,0.5,1.8,0.9758738414207422
1,652,1.0,0.5,1.8,0.5389779928095573
1,653,1.0,0.5,1.8,1.1968112907612443
1,654,1.0,0.5,1.8,0.84083981513867
1,655,1.0,0.5,1.8,1.428559744802741
1,656,1.0,0.5,1.8,0.38526348283936307
1,657,1.0,0.5,1.8,0.42589994891821914
1,658,1.0,0.5,1.8,0.0760814845545885
1,659,1.0,0.5,1.8,1.4139369513000657
1,660,1.0,0.5,1.8,1.390034780143576
1,661,1.0,0.5,1.8,0.8586153655002982
1,662,1.0,0.5,1.8,0.3764100973301811
1,663,1.0,0.5,1.8,0.8892232160743464
1,664,1.0,0.5,1.8,0.5460334512884096
1,665,1.0,0.5,1.8,1.119751354896195
1,666,1.0,0.5,1.8,1.0363959961704765
1,667,1.0,0.5,1.8,1.3076842087109568
1,668,1.0,0.5,1.8,0.8777906756946969
1,669,1.0,0.5,1.8,0.3172492411490233
1,670,1.0,0.5,1.8,0.8414645152872968
1,671,1.0,0.5,1.8,0.6958139475367695
1,672,1.0,0.5,1.8,1.6884379546930732
1,673,1.0,0.5,1.8,1.1396889178454817
1,674,1.0,0.5,1.8,1.0275785984173291
1,675,1.0,0.5,1.8,1.063905565633341
1,676,1.0,0.5,1.8,0.12152817659119673
1,677,1.0,0.5,1.8,0.2450847304334612
1,678,1.0,0.5,1.8,0.8174915386429371
1,679,1.0,0.5,1.8,1.1198745279908247
1,680,1.0,0.5,1.8,1.1279701707595586
1,681,1.0,0.5,1.8,0.8341205637344846
1,682,1.0,0.5,1.8,0.22800498836455105
1,683,1.0,0.5,1.8,0.9914546428099963
1,684,1.0,0.5,1.8,1.4061043610387733
1,685,1.0,0.5,1.8,0.6463468132726714
1,686,1.0,0.5,1.8,0.49051516279069046
1,687,1.0,0.5,1.8,0.9184256106842048
1,688,1.0,0.5,1.8,1.1071683334392353
1,689,1.0,0.5,1.8,1.6266641770554031
1,690,1.0,0.5,1.8,0.5341957227568238
1,691,1.0,0.5,1.8,0.7625935063277665
1,692,1.0,0.5,1.8,1.1280321203785313
1,693,1.0,0.5,1.8,0.9493471023672079
1,694,1.0,0.5,1.8,0.5924344987405897
1,695,1.0,0.5,1.8,0.5555460440186154
1,696,1.0,0.5,1.8,1.3116139411345527
1,697,1.0,0.5,1.8,0.8807371675496348
1,698,1.0,0.5,1.8,0.6843702536669506
1,699,1.0,0.5,1.8,0.5686110211550305
1,700,1.0,0.5,1.8,1.067910083234916
1,701,1.0,0.5,1.8,0.5455737212778186
1,702,1.0,0.5,1.8,1.199027184331627
1,703,1.0,0.5,1.8,0.20759539865035048
1,704,1.0,0.5,1.8,0.37968302556191974
1,705,1.0,0.5,1.8,1.4764521182611012
1,706,1.0,0.5,1.8,0.8564185725730749
1,707,1.0,0.5,1.8,1.3151218999192478
1,708,1.0,0.5,1.8,0.93346356417224
1,709,1.0,0.5,1.8,1.1264115226406852
1,710,1.0,0.5,1.8,0.28747917892078884
1,711,1.0,0.5,1.8,0.9084444751587785
1,712,1.0,0.5,1.8,1.2157738827560312
1,713,1.0,0.5,1.8,1.2817636733990139
1,714,1.0,0.5,1.8,1.2121559912686763
1,715,1.0,0.5,1.8,1.245544486775543
1,716,1.0,0.5,1.8,1.640665464004545
1,717,1.0,0.5,1.8,0.8488365940023077
1,718,1.0,0.5,1.8,1.4187546951594854
1,719,1.0,0.5,1.8,0.440443730415231
1,720,1.0,0.5,1.8,0.5482223509068826
1,721,1.0,0.5,1.8,0.43050198892949326
1,722,1.0,0.5,1.8,1.4425934858365796
1,723,1.0,0.5,1.8,0.8663057747340427
1,724,1.0,0.5,1.8,0.12933821294240572
1,725,1.0,0.5,1.8,0.7336709943391859
1,726,1.0,0.5,1.8,0.09898575874601034
1,727,1.0,0.5,1.8,0.9266291225249482
1,728,1.0,0.5,1.8,0.28386017592662477
1,729,1.0,0.5,1.8,0.7668436848434633
1,730,1.0,0.5,1.8,0.7026204646147591
1,731,1.0,0.5,1.8,0.30608864468789704
1,732,1.0,0.5,1.8,1.206342652465664
1,733,1.0,0.5,1.8,0.512048087468951
1,734,1.0,0.5,1.8,0.6707238263990879
1,735,1.0,0.5,1.8,0.5369263643942435
1,736,1.0,0.5,1.8,0.3199501979923308
1,737,1.0,0.5,1.8,0.4112595369752269
1,738,1.0,0.5,1.8,1.2417803281032844
1,739,1.0,0.5,1.8,1.2621425322266164
1,740,1.0,0.5,1.8,1.0394665632971622
1,741,1.0,0.5,1.8,0.4714007550970416
1,742,1.0,0.5,1.8,0.8446464895733623
1,743,1.0,0.5,1.8,1.210426565976687
1,744,1.0,0.5,1.8,0.5821832330130586
1,745,1.0,0.5,1.8,1.2914432625510688
1,746,1.0,0.5,1.8,0.20624046846327204
1,747,1.0,0.5,1.8,1.0726496027026526
1,748,1.0,0.5,1.8,0.5490151185529302
1,749,1.0,0.5,1.8,1.1630644532257235
1,750,1.0,0.5,1.8,0.4855929022579799
1,751,1.0,0.5,1.8,0.7933845864034195
1,752,1.0,0.5,1.8,0.6641334645929082
1,753,1.0,0.5,1.8,1.712171765542376
1,754,1.0,0.5,1.8,1.061784726095593
1,755,1.0,0.5,1.8,1.661801606878313
1,756,1.0,0.5,1.8,0.924222409641907
1,757,1.0,0.5,1.8,0.8305872204648044
1,758,1.0,0.5,1.8,0.8626321460807342
1,759,1.0,0.5,1.8,1.0617347176290828
1,760,1.0,0.5,1.8,0.5363975237751828
1,761,1.0,0.5,1.8,0.8653952702085814
1,762,1.0,0.5,1.8,1.2188546274282739
1,763,1.0,0.5,1.8,0.8188803678664047
1,764,1.0,0.5,1.8,0.6305411118130991
1,765,1.0,0.5,1.8,1.3770423378653438
1,766,1.0,0.5,1.8,0.7928822338656081
1,767,1.0,0.5,1.8,0.9863155318294589
1,768,1.0,0.5,1.8,1.3023125139101706
1,769,1.0,0.5,1.8,1.3720554614159866
1,770,1.0,0.5,1.8,0.9174643357840903
1,771,1.0,0.5,1.8,0.9979444401340152
1,772,1.0,0.5,1.8,1.0993754936405649
1,773,1.0,0.5,1.8,0.7279300468291818
1,774,1.0,0.5,1.8,1.0491711479253016
1,775,1.0,0.5,1.8,0.8025737272303881
1,776,1.0,0.5,1.8,0.497677033901906
1,777,1.0,0.5,1.8,1.1123236984184546
1,778,1.0,0.5,1.8,0.39842067395172304
1,779,1.0,0.5,1.8,0.1479601258746876
1,780,1.0,0.5,1.8,0.22172832907109752
1,781,1.0,0.5,1.8,0.619585580640416
1,782,1.0,0.5,1.8,1.1209217283934734
1,783,1.0,0.5,1.8,0.5307243433466531
1,784,1.0,0.5,1.8,0.6324812553553015
1,785,1.0,0.5,1.8,0.8401682144784867
1,786,1.0,0.5,1.8,1.1089825704379466
1,787,1.0,0.5,1.8,0.5299774894643284
1,788,1.0,0.5,1.8,0.0724509633211455
1,789,1.0,0.5,1.8,0.7237284229739029
1,790,1.0,0.5,1.8,1.3395903351150247
1,791,1.0,0.5,1.8,0.6266424917378997
1,792,1.0,0.5,1.8,0.8588324421438557
1,793,1.0,0.5,1.8,1.3933605675688518
1,794,1.0,0.5,1.8,0.36817355283921893
1,795,1.0,0.5,1.8,0.6218606250729088
1,796,1.0,0.5,1.8,1.3069188843137547
1,797,1.0,0.5,1.8,1.1056080704759421
1,798,1.0,0.5,1.8,1.565637485065242
1,799,1.0,0.5,1.8,0.41566395346417073
1,800,1.0,0.5,1.8,0.892211580955395
1,801,1.0,0.5,1.8,0.48141392057009263
1,802,1.0,0.5,1.8,1.4686062409608993
1,803,1.0,0.5,1.8,0.9281763398220866
1,804,1.0,0.5,1.8,1.0237917255947875
1,805,1.0,0.5,1.8,1.4894852090829742
1,806,1.0,0.5,1.8,1.0786915423570078
1,807,1.0,0.5,1.8,1.3257945108001947
1,808,1.0,0.5,1.8,0.22407262260937422
1,809,1.0,0.5,1.8,0.7698266956658384
1,810,1.0,0.5,1.8,1.286150672580554
1,811,1.0,0.5,1.8,0.4353339956628843
1,812,1.0,0.5,1.8,0.5587525372281686
1,813,1.0,0.5,1.8,0.8035063400597761
1,814,1.0,0.5,1.8,1.4344449019257888
1,815,1.0,0.5,1.8,1.2281462328856645
1,816,1.0,0.5,1.8,0.6008896260847207
1,817,1.0,0.5,1.8,1.3709367979538871
1,818,1.0,0.5,1.8,1.2571546796792044
1,819,1.0,0.5,1.8,1.0371579310799435
1,820,1.0,0.5,1.8,1.0684759567061088
1,821,1.0,0.5,1.8,1.3326879540845247
1,822,1.0,0.5,1.8,0.5706248357023016
1,823,1.0,0.5,1.8,0.6301019887897681
1,824,1.0,0.5,1.8,0.8015696299276694
1,825,1.0,0.5,1.8,0.42351469506319267
1,826,1.0,0.5,1.8,0.22124041960489887
1,827,1.0,0.5,1.8,1.3334009790505543
1,828,1.0,0.5,1.8,1.2728768575026983
1,829,1.0,0.5,1.8,0.7994612082918837
1,830,1.0,0.5,1.8,1.3861870556455245
1,831,1.0,0.5,1.8,0.7678456394589577
1,832,1.0,0.5,1.8,1.357018864007361
1,833,1.0,0.5,1.8,1.2686008281660375
1,834,1.0,0.5,1.8,1.0702992407388419
1,835,1.0,0.5,1.8,0.2771533232934135
1,836,1.0,0.5,1.8,0.8763739050283783
1,837,1.0,0.5,1.8,0.4503816695240536
1,838,1.0,0.5,1.8,0.6453259473456503
1,839,1.0,0.5,1.8,1.0063294628099395
1,840,1.0,0.5,1.8,1.1681032974626309
1,841,1.0,0.5,1.8,1.043099157704057
1,842,1.0,0.5,1.8,0.8064689650882775
1,843,1.0,0.5,1.8,1.2641914842062056
1,844,1.0,0.5,1.8,1.1514673908354442
1,845,1.0,0.5,1.8,1.3710335545941845
1,846,1.0,0.5,1.8,1.2466693290049848
1,847,1.0,0.5,1.8,0.41183633367423916
1,848,1.0,0.5,1.8,0.42805635500224326
1,849,1.0,0.5,1.8,1.2635283701025362
1,850,1.0,0.5,1.8,1.6443773565167916
1,851,1.0,0.5,1.8,0.4019803071325299
1,852,1.0,0.5,1.8,0.4761871927998615
1,853,1.0,0.5,1.8,1.4723930530230982
1,854,1.0,0.5,1.8,0.2178431048969842
1,855,1.0,0.5,1.8,1.6613901321416533
1,856,1.0,0.5,1.8,0.5911640213908932
1,857,1.0,0.5,1.8,1.6062737621211203
1,858,1.0,0.5,1.8,1.5192830791260392
1,859,1.0,0.5,1.8,1.1982185203420912
1,860,1.0,0.5,1.8,0.5557365950162869
1,861,1.0,0.5,1.8,1.3560804181849542
1,862,1.0,0.5,1.8,0.19561639429396202
1,863,1.0,0.5,1.8,0.7086223404037688
1,864,1.0,0.5,1.8,1.2134219677866056
1,865,1.0,0.5,1.8,0.42486219859313823
1,866,1.0,0.5,1.8,0.6320577848738355
1,867,1.0,0.5,1.8,0.5442904604568755
1,868,1.0,0.5,1.8,1.6636490960045551
1,869,1.0,0.5,1.8,0.7679163329124824
1,870,1.0,0.5,1.8,0.6050403576350417
1,871,1.0,0.5,1.8,0.8139921638040182
1,872,1.0,0.5,1.8,0.8481313396058582
1,873,1.0,0.5,1.8,1.1408958305905292
1,874,1.0,0.5,1.8,1.4854513587538811
1,875,1.0,0.5,1.8,1.6314215463898158
1,876,1.0,0.5,1.8,1.058474536019436
1,877,1.0,0.5,1.8,0.6195374367854642
1,878,1.0,0.5,1.8,0.4851406741892161
1,879,1.0,0.5,1.8,1.6081302883392319
1,880,1.0,0.5,1.8,1.0311043531553477
1,881,1.0,0.5,1.8,0.8886526623382508
1,882,1.0,0.5,1.8,1.3859277040514437
1,883,1.0,0.5,1.8,0.275546224534072
1,884,1.0,0.5,1.8,1.0631376395446857
1,885,1.0,0.5,1.8,1.5896659870177268
1,886,1.0,0.5,1.8,1.0367001907095768
1,887,1.0,0.5,1.8,0.5283949216999043
1,888,1.0,0.5,1.8,0.5571639878183409
1,889,1.0,0.5,1.8,1.1967248773590697
1,890,1.0,0.5,1.8,0.5111950061319661
1,891,1.0,0.5,1.8,1.0766794180959836
1,892,1.0,0.5,1.8,1.7465337060136719
1,893,1.0,0.5,1.8,0.5919641438223378
1,894,1.0,0.5,1.8,1.3800496589234574
1,895,1.0,0.5,1.8,0.5470458869292107
1,896,1.0,0.5,1.8,0.5833069064566899
1,897,1.0,0.5,1.8,1.0170461347957427
1,898,1.0,0.5,1.8,0.9706935142782717
1,899,1.0,0.5,1.8,0.9432396023466663
1,900,1.0,0.5,1.8,1.0563124314117318
1,901,1.0,0.5,1.8,0.5333013228769818
1,902,1.0,0.5,1.8,1.460516245999531
1,903,1.0,0.5,1.8,0.7301265503511981
1,904,1.0,0.5,1.8,0.7093384239980133
1,905,1.0,0.5,1.8,1.0947177446504264
1,906,1.0,0.5,1.8,0.524084483000268
1,907,1.0,0.5,1.8,0.07663637590478165
1,908,1.0,0.5,1.8,1.44883191688039
1,909,1.0,0.5,1.8,1.2944684563377356
1,910,1.0,0.5,1.8,0.8933966533128398
1,911,1.0,0.5,1.8,0.8355185758919816
1,912,1.0,0.5,1.8,1.442374148493321
1,913,1.0,0.5,1.8,0.4606038486802766
1,914,1.0,0.5,1.8,1.4329084883709078
1,915,1.0,0.5,1.8,0.4546685989813543
1,916,1.0,0.5,1.8,0.4699094857780922
1,917,1.0,0.5,1.8,0.15096123618498278
1,918,1.0,0.5,1.8,0.41773370560891787
1,919,1.0,0.5,1.8,1.3409050837096923
1,920,1.0,0.5,1.8,1.5485599656513602
1,921,1.0,0.5,1.8,1.0827352214717865
1,922,1.0,0.5,1.8,0.9198818329730929
1,923,1.0,0.5,1.8,0.3931707757706859
1,924,1.0,0.5,1.8,1.0556105338230204
1,925,1.0,0.5,1.8,0.9130600259938118
1,926,1.0,0.5,1.8,0.8960521391195511
1,927,1.0,0.5,1.8,1.0797573743647124
1,928,1.0,0.5,1.8,1.4187471911659915
1,929,1.0,0.5,1.8,0.3372629441349267
1,930,1.0,0.5,1.8,1.315984840936278
1,931,1.0,0.5,1.8,0.5643810030812378
1,932,1.0,0.5,1.8,1.2828681863128095
1,933,1.0,0.5,1.8,0.5494175296625537
1,934,1.0,0.5,1.8,0.6018289108984106
1,935,1.0,0.5,1.8,0.5366483241935474
1,936,1.0,0.5,1.8,0.17022961728824965
1,937,1.0,0.5,1.8,0.3156039576080671
1,938,1.0,0.5,1.8,1.2345233809831722
1,939,1.0,0.5,1.8,1.0143146627982766
1,940,1.0,0.5,1.8,0.9344822765604595
1,941,1.0,0.5,1.8,1.3788149981440252
1,942,1.0,0.5,1.8,0.6154405518331347
1,943,1.0,0.5,1.8,0.2814830978398291
1,944,1.0,0.5,1.8,0.6805357948948114
1,945,1.0,0.5,1.8,1.0347312805349436
1,946,1.0,0.5,1.8,0.38714230080931866
1,947,1.0,0.5,1.8,0.3194269644571567
1,948,1.0,0.5,1.8,0.6429345755075331
1,949,1.0,0.5,1.8,0.5455430469832465
1,950,1.0,0.5,1.8,1.0913932937788011
1,951,1.0,0.5,1.8,0.41706358093297513
1,952,1.0,0.5,1.8,1.0597506351215855
1,953,1.0,0.5,1.8,0.424474387510482
1,954,1.0,0.5,1.8,0.20746517687492824
1,955,1.0,0.5,1.8,1.3420335464965216
1,956,1.0,0.5,1.8,1.4628716540742657
1,957,1.0,0.5,1.8,0.8469849865814608
1,958,1.0,0.5,1.8,1.4141282707352114
1,959,1.0,0.5,1.8,0.6613057778494985
1,960,1.0,0.5,1.8,1.0630605063848637
1,961,1.0,0.5,1.8,0.670710956010247
1,962,1.0,0.5,1.8,1.3352929693153237
1,963,1.0,0.5,1.8,0.9248558724599083
1,964,1.0,0.5,1.8,1.3318528474087048
1,965,1.0,0.5,1.8,1.1961415432169824
1,966,1.0,0.5,1.8,0.615827459975886
1,967,1.0,0.5,1.8,0.8212885732166492
1,968,1.0,0.5,1.8,0.7708665168043305
1,969,1.0,0.5,1.8,0.32872343242756524
1,970,1.0,0.5,1.8,1.4001917586166956
1,971,1.0,0.5,1.8,0.6801213690568807
1,972,1.0,0.5,1.8,0.966180616432238
1,973,1.0,0.5,1.8,0.6712980192109854
1,974,1.0,0.5,1.8,1.5052165293167048
1,975,1.0,0.5,1.8,1.462457100706783
1,976,1.0,0.5,1.8,1.3847545561071317
1,977,1.0,0.5,1.8,1.1339014121470856
1,978,1.0,0.5,1.8,1.2755885196861523
1,979,1.0,0.5,1.8,1.394243795356051
1,980,1.0,0.5,1.8,1.2323934578624027
1,981,1.0,0.5,1.8,0.43188608616530005
1,982,1.0,0.5,1.8,1.1065126543276205
1,983,1.0,0.5,1.8,1.2966371876738718
1,984,1.0,0.5,1.8,1.409506501112014
1,985,1.0,0.5,1.8,0.5434181384068585
1,986,1.0,0.5,1.8,0.6571824061811339
1,987,1.0,0.5,1.8,0.458480561199958
1,988,1.0,0.5,1.8,1.542309693187653
1,989,1.0,0.5,1.8,1.1408947166203327
1,990,1.0,0.5,1.8,0.4887296800479438
1,991,1.0,0.5,1.8,0.9205014124596033
1,992,1.0,0.5,1.8,1.1609613529096057
1,993,1.0,0.5,1.8,0.8725931449797001
1,994,1.0,0.5,1.8,0.4492950563749793
1,995,1.0,0.5,1.8,1.2212359122270922
1,996,1.0,0.5,1.8,1.2150052720880442
1,997,1.0,0.5,1.8,1.2449496779333256
1,998,1.0,0.5,1.8,0.7277345742238456
1,999,1.0,0.5,1.8,0.6306713808794181
1,1000,1.0,0.5,1.8,0.8430318550239236
1,1001,1.0,0.5,1.8,0.6287062209050504
1,1002,1.0,0.5,1.8,0.6976571497414372
1,1003,1.0,0.5,1.8,0.7111425934673968
1,1004,1.0,0.5,1.8,0.5611345570774067
1,1005,1.0,0.5,1.8,0.3655678572401742
1,1006,1.0,0.5,1.8,1.1905986296565552
1,1007,1.0,0.5,1.8,0.4193723661531607
1,1008,1.0,0.5,1.8,0.6995936779215627
1,1009,1.0,0.5,1.8,1.0442576787104492
1,1010,1.0,0.5,1.8,1.0611670986469695
1,1011,1.0,0.5,1.8,0.9882391843960876
1,1012,1.0,0.5,1.8,0.8253847933979168
1,1013,1.0,0.5,1.8,1.012190193948303
1,1014,1.0,0.5,1.8,0.7482564677659146
1,1015,1.0,0.5,1.8,1.3282862850943897
1,1016,1.0,0.5,1.8,0.7452349843271844
1,1017,1.0,0.5,1.8,0.8484399396317182
1,1018,1.0,0.5,1.8,0.9527320473897183
1,1019,1.0,0.5,1.8,1.3195222145880707
1,1020,1.0,0.5,1.8,1.1763566236649707
1,1021,1.0,0.5,1.8,1.354424470061039
1,1022,1.0,0.5,1.8,1.1648234122773062
1,1023,1.0,0.5,1.8,1.2302131999969812
1,1024,1.0,0.5,1.8,1.50447826769869
1,1025,1.0,0.5,1.8,0.4602674264419503
1,1026,1.0,0.5,1.8,0.7282837443921041
1,1027,1.0,0.5,1.8,0.6405160111406564
1,1028,1.0,0.5,1.8,1.4364883179131622
1,1029,1.0,0.5,1.8,0.41551590853519166
1,1030,1.0,0.5,1.8,0.3305497777296567
1,1031,1.0,0.5,1.8,0.3620701438610188
1,1032,1.0,0.5,1.8,0.16394697677990008
1,1033,1.0,0.5,1.8,0.5542960344715513
1,1034,1.0,0.5,1.8,1.3583990428046648
1,1035,1.0,0.5,1.8,0.9063728401838811
1,1036,1.0,0.5,1.8,0.8400318803917263
1,1037,1.0,0.5,1.8,1.7571586757674549
1,1038,1.0,0.5,1.8,1.4403680485583341
1,1039,1.0,0.5,1.8,1.137106517053374
1,1040,1.0,0.5,1.8,0.49726346689003414
1,1041,1.0,0.5,1.8,0.477461883162452
1,1042,1.0,0.5,1.8,0.6592940682146174
1,1043,1.0,0.5,1.8,1.1341518484879793
1,1044,1.0,0.5,1.8,0.6153833821847174
1,1045,1.0,0.5,1.8,0.7750919241225533
1,1046,1.0,0.5,1.8,0.13589492654830773
1,1047,1.0,0.5,1.8,0.8757322798231634
1,1048,1.0,0.5,1.8,1.0411774964359437
1,1049,1.0,0.5,1.8,1.5829129155269444
1,1050,1.0,0.5,1.8,0.7213275427048879
1,1051,1.0,0.5,1.8,1.4909783371762884
1,1052,1.0,0.5,1.8,1.261247622685627
1,1053,1.0,0.5,1.8,0.6161499449958572
1,1054,1.0,0.5,1.8,0.35005383772301235
1,1055,1.0,0.5,1.8,0.8718480401098581
1,1056,1.0,0.5,1.8,0.6416368898696805
1,1057,1.0,0.5,1.8,0.80486324845444
1,1058,1.0,0.5,1.8,0.058475678136896636
1,1059,1.0,0.5,1.8,0.26137772473980736
1,1060,1.0,0.5,1.8,0.833307273922514
1,1061,1.0,0.5,1.8,0.8810218882916111
1,1062,1.0,0.5,1.8,0.5396516278338006
1,1063,1.0,0.5,1.8,0.7553111575501761
1,1064,1.0,0.5,1.8,0.9101983643756715
1,1065,1.0,0.5,1.8,1.171433460035999
1,1066,1.0,0.5,1.8,0.7904600664911225
1,1067,1.0,0.5,1.8,0.7515044450957323
1,1068,1.0,0.5,1.8,1.0538836937265503
1,1069,1.0,0.5,1.8,0.6856487605146622
1,1070,1.0,0.5,1.8,1.276460204034849
1,1071,1.0,0.5,1.8,0.9597707182107286
1,1072,1.0,0.5,1.8,0.530568225678791
1,1073,1.0,0.5,1.8,1.295458816696628
1,1074,1.0,0.5,1.8,1.1146032108618371
1,1075,1.0,0.5,1.8,0.5325499081250965
1,1076,1.0,0.5,1.8,0.49181773210452806
1,1077,1.0,0.5,1.8,1.153406232087102
1,1078,1.0,0.5,1.8,0.24863090500977955
1,1079,1.0,0.5,1.8,0.3756583427756635
1,1080,1.0,0.5,1.8,0.7678332281099303
1,1081,1.0,0.5,1.8,0.8592175471134492
1,1082,1.0,0.5,1.8,0.93143205217372
1,1083,1.0,0.5,1.8,0.7101313213782917
1,1084,1.0,0.5,1.8,0.7282943875160661
1,1085,1.0,0.5,1.8,0.8534530213087235
1,1086,1.0,0.5,1.8,0.9273557469882117
1,1087,1.0,0.5,1.8,1.0362330327787186
1,1088,1.0,0.5,1.8,1.3273253398981621
1,1089,1.0,0.5,1.8,0.5511234437420411
1,1090,1.0,0.5,1.8,0.71281251828489
1,1091,1.0,0.5,1.8,1.5276295605518524
1,1092,1.0,0.5,1.8,0.8442780085762962
1,1093,1.0,0.5,1.8,0.45498871560252385
1,1094,1.0,0.5,1.8,0.4525227212673198
1,1095,1.0,0.5,1.8,1.0761019592487686
1,1096,1.0,0.5,1.8,1.5799737752243386
1,1097,1.0,0.5,1.8,1.0898077199359266
1,1098,1.0,0.5,1.8,0.21382219827258478
1,1099,1.0,0.5,1.8,0.8984968109388395
1,1100,1.0,0.5,1.8,1.0408613489223912
1,1101,1.0,0.5,1.8,0.9238767161976226
1,1102,1.0,0.5,1.8,0.417202654632455
1,1103,1.0,0.5,1.8,1.6023380213711254
1,1104,1.0,0.5,1.8,0.7071445083375569
1,1105,1.0,0.5,1.8,0.6615906853706497
1,1106,1.0,0.5,1.8,0.9827925306355834
1,1107,1.0,0.5,1.8,0.9067985804425388
1,1108,1.0,0.5,1.8,0.20844809956005292
1,1109,1.0,0.5,1.8,0.29582427696520835
1,1110,1.0,0.5,1.8,0.5258168637282118
1,1111,1.0,0.5,1.8,0.7868171058203558
1,1112,1.0,0.5,1.8,0.7577006554989201
1,1113,1.0,0.5,1.8,0.2871522876163655
1,1114,1.0,0.5,1.8,1.3415111858865398
1,1115,1.0,0.5,1.8,1.3415763014447668
1,1116,1.0,0.5,1.8,0.8146172617515245
1,1117,1.0,0.5,1.8,0.4163151800598606
1,1118,1.0,0.5,1.8,0.4683838062632039
1,1119,1.0,0.5,1.8,1.1334049762364602
1,1120,1.0,0.5,1.8,1.0611158544113515
1,1121,1.0,0.5,1.8,0.9890620900366142
1,1122,1.0,0.5,1.8,0.9701688429016477
1,1123,1.0,0.5,1.8,0.8897146029319759
1,1124,1.0,0.5,1.8,1.2240906461181507
1,1125,1.0,0.5,1.8,0.3348286456069811
1,1126,1.0,0.5,1.8,0.558215646020508
1,1127,1.0,0.5,1.8,0.8499661757212865
1,1128,1.0,0.5,1.8,0.8327621763471141
1,1129,1.0,0.5,1.8,0.6143814936847297
1,1130,1.0,0.5,1.8,0.5760566721762064
1,1131,1.0,0.5,1.8,1.3141277105912526
1,1132,1.0,0.5,1.8,0.8297830424923731
1,1133,1.0,0.5,1.8,0.6271998241846755
1,1134,1.0,0.5,1.8,0.8448676473829582
1,1135,1.0,0.5,1.8,0.7107466216839446
1,1136,1.0,0.5,1.8,0.5299173607885969
1,1137,1.0,0.5,1.8,0.8426336502964006
1,1138,1.0,0.5,1.8,0.1603246683834727
1,1139,1.0,0.5,1.8,1.1253942632137586
1,1140,1.0,0.5,1.8,1.158109545883957
1,1141,1.0,0.5,1.8,1.019562039841757
1,1142,1.0,0.5,1.8,1.3611830096917035
1,1143,1.0,0.5,1.8,0.7835665003665931
1,1144,1.0,0.5,1.8,0.9915456991015666
1,1145,1.0,0.5,1.8,0.6848164120872079
1,1146,1.0,0.5,1.8,1.2531691031417342
1,1147,1.0,0.5,1.8,0.9117678709146959
1,1148,1.0,0.5,1.8,0.41212053200841786
1,1149,1.0,0.5,1.8,0.32041348615683396
1,1150,1.0,0.5,1.8,1.0298779835147174
1,1151,1.0,0.5,1.8,0.6962999663287853
1,1152,1.0,0.5,1.8,1.0817465780356958
1,1153,1.0,0.5,1.8,0.8123948606483962
1,1154,1.0,0.5,1.8,1.2318517590168439
1,1155,1.0,0.5,1.8,0.9413200103458736
1,1156,1.0,0.5,1.8,0.2799087706909964
1,1157,1.0,0.5,1.8,1.3931837067279074
1,1158,1.0,0.5,1.8,0.3881523031542795
1,1159,1.0,0.5,1.8,1.5198121678468997
1,1160,1.0,0.5,1.8,1.2545238579278395
1,1161,1.0,0.5,1.8,0.5826237401771881
1,1162,1.0,0.5,1.8,1.063294207597226
1,1163,1.0,0.5,1.8,0.5541807042280168
1,1164,1.0,0.5,1.8,1.0672388564935327
1,1165,1.0,0.5,1.8,0.5808212657653493
1,1166,1.0,0.5,1.8,0.4898171826335973
1,1167,1.0,0.5,1.8,0.9227136640742819
1,1168,1.0,0.5,1.8,0.5978147856663828
1,1169,1.0,0.5,1.8,0.2818135722337687
1,1170,1.0,0.5,1.8,0.8878803121801335
1,1171,1.0,0.5,1.8,0.52188941728352
1,1172,1.0,0.5,1.8,0.27176771280371365
1,1173,1.0,0.5,1.8,0.8445401534528698
1,1174,1.0,0.5,1.8,0.5508812091618945
1,1175,1.0,0.5,1.8,1.3428036329779818
1,1176,1.0,0.5,1.8,1.3325896940388047
1,1177,1.0,0.5,1.8,0.3981832914418951
1,1178,1.0,0.5,1.8,1.6952394045529766
1,1179,1.0,0.5,1.8,1.1156674626589063
1,1180,1.0,0.5,1.8,1.3752026398810264
1,1181,1.0,0.5,1.8,1.130495930118664
1,1182,1.0,0.5,1.8,0.7632638444428418
1,1183,1.0,0.5,1.8,1.5702869204711811
1,1184,1.0,0.5,1.8,0.0873380458965074
1,1185,1.0,0.5,1.8,1.4626463942205028
1,1186,1.0,0.5,1.8,0.4086276162926755
1,1187,1.0,0.5,1.8,1.241122022082526
1,1188,1.0,0.5,1.8,0.6017422447161955
1,1189,1.0,0.5,1.8,0.7704491571626312
1,1190,1.0,0.5,1.8,0.25666160897979035
1,1191,1.0,0.5,1.8,1.682000737167808
1,1192,1.0,0.5,1.8,0.7965083585918171
1,1193,1.0,0.5,1.8,0.6810055762495083
1,1194,1.0,0.5,1.8,0.22534015187005427
1,1195,1.0,0.5,1.8,0.5055917195047577
1,1196,1.0,0.5,1.8,0.8515110449797628
1,1197,1.0,0.5,1.8,1.185013653266151
1,1198,1.0,0.5,1.8,0.9902067337979574
1,1199,1.0,0.5,1.8,1.0658004814749182
1,1200,1.0,0.5,1.8,0.6523647658174887
1,1201,1.0,0.5,1.8,1.0456020682260212
1,1202,1.0,0.5,1.8,0.8779299024557841
1,1203,1.0,0.5,1.8,0.5727154027446029
1,1204,1.0,0.5,1.8,1.3257844337075793
1,1205,1.0,0.5,1.8,1.0732962426660324
1,1206,1.0,0.5,1.8,0.9948621368593192
1,1207,1.0,0.5,1.8,0.23880159932818892
1,1208,1.0,0.5,1.8,0.7717620751946658
1,1209,1.0,0.5,1.8,1.0325342952248213
1,1210,1.0,0.5,1.8,0.5448904872083928
1,1211,1.0,0.5,1.8,1.2261223894960327
1,1212,1.0,0.5,1.8,0.983969267794191
1,1213,1.0,0.5,1.8,1.2001779649625033
1,1214,1.0,0.5,1.8,0.5933502541190194
1,1215,1.0,0.5,1.8,0.6321968187341425
1,1216,1.0,0.5,1.8,0.9879669687032712
1,1217,1.0,0.5,1.8,1.4190470910814388
1,1218,1.0,0.5,1.8,1.2764174616635418
1,1219,1.0,0.5,1.8,0.3786568000762187
1,1220,1.0,0.5,1.8,0.12051282301205174
1,1221,1.0,0.5,1.8,1.283341576679769
1,1222,1.0,0.5,1.8,1.0445904007077644
1,1223,1.0,0.5,1.8,1.2279783167233398
1,1224,1.0,0.5,1.8,1.2957587411668194
1,1225,1.0,0.5,1.8,0.23715534584727252
1,1226,1.0,0.5,1.8,1.2966434701153495
1,1227,1.0,0.5,1.8,1.3136384034356035
1,1228,1.0,0.5,1.8,0.9041223460409405
1,1229,1.0,0.5,1.8,0.9980764437261731
1,1230,1.0,0.5,1.8,1.2483823029589933
1,1231,1.0,0.5,1.8,0.8797988065395534
1,1232,1.0,0.5,1.8,0.9883152641124755
1,1233,1.0,0.5,1.8,0.9133191671278851
1,1234,1.0,0.5,1.8,0.5081382316995045
1,1235,1.0,0.5,1.8,1.2067295454880034
1,1236,1.0,0.5,1.8,1.0350655820756924
1,1237,1.0,0.5,1.8,0.854996776667898
1,1238,1.0,0.5,1.8,0.9530806907731713
1,1239,1.0,0.5,1.8,1.3912310761183169
1,1240,1.0,0.5,1.8,1.5086515418935762
1,1241,1.0,0.5,1.8,1.0318773069682021
1,1242,1.0,0.5,1.8,0.32079916245193824
1,1243,1.0,0.5,1.8,0.6381433818514888
1,1244,1.0,0.5,1.8,0.9356143963829094
1,1245,1.0,0.5,1.8,0.954719784661712
1,1246,1.0,0.5,1.8,1.0249725976232023
1,1247,1.0,0.5,1.8,0.2762499683447381
1,1248,1.0,0.5,1.8,0.6494420108555787
1,1249,1.0,0.5,1.8,0.815515413066777
1,1250,1.0,0.5,1.8,1.282337562637963
1,1251,1.0,0.5,1.8,1.550130817906261
1,1252,1.0,0.5,1.8,0.7520818035548003
1,1253,1.0,0.5,1.8,1.1682604180192655
1,1254,1.0,0.5,1.8,0.7372551511366994
1,1255,1.0,0.5,1.8,0.7872376232833359
1,1256,1.0,0.5,1.8,0.754022418707053
1,1257,1.0,0.5,1.8,1.2333717339474726
1,1258,1.0,0.5,1.8,1.2626729022528318
1,1259,1.0,0.5,1.8,0.8765990838034129
1,1260,1.0,0.5,1.8,0.5633218610629043
1,1261,1.0,0.5,1.8,0.9057952353011401
1,1262,1.0,0.5,1.8,1.1162664711119055
1,1263,1.0,0.5,1.8,1.7742994370234684
1,1264,1.0,0.5,1.8,0.36183047371399557
1,1265,1.0,0.5,1.8,0.814083042342769
1,1266,1.0,0.5,1.8,0.3806070625741064
1,1267,1.0,0.5,1.8,0.5948103558125947
1,1268,1.0,0.5,1.8,1.244259060576878
1,1269,1.0,0.5,1.8,0.5818636730561348
1,1270,1.0,0.5,1.8,0.42908512356071754
1,1271,1.0,0.5,1.8,1.2048537572943956
1,1272,1.0,0.5,1.8,1.3906820221502527
1,1273,1.0,0.5,1.8,1.344151200716545
1,1274,1.0,0.5,1.8,0.6838981438746858
1,1275,1.0,0.5,1.8,0.5636757920358523
1,1276,1.0,0.5,1.8,1.5013657300718466
1,1277,1.0,0.5,1.8,0.19662620963080094
1,1278,1.0,0.5,1.8,0.6378311836518762
1,1279,1.0,0.5,1.8,0.8966484951117752
1,1280,1.0,0.5,1.8,1.2410703092613835
1,1281,1.0,0.5,1.8,1.1321362400304933
1,1282,1.0,0.5,1.8,0.9654268972087439
1,1283,1.0,0.5,1.8,1.0070292014544093
1,1284,1.0,0.5,1.8,1.2548496123135982
1,1285,1.0,0.5,1.8,0.23895446758602204
1,1286,1.0,0.5,1.8,0.6353243270180325
1,1287,1.0,0.5,1.8,1.5842484271776103
1,1288,1.0,0.5,1.8,1.0400250878083348
1,1289,1.0,0.5,1.8,1.0625874487922644
1,1290,1.0,0.5,1.8,0.6693215356289021
1,1291,1.0,0.5,1.8,0.7633036212683297
1,1292,1.0,0.5,1.8,0.314391806996393
1,1293,1.0,0.5,1.8,0.8124087312110075
1,1294,1.0,0.5,1.8,0.8184300894484868
1,1295,1.0,0.5,1.8,0.808938103884101
1,1296,1.0,0.5,1.8,1.0433611769791977
1,1297,1.0,0.5,1.8,1.1392247123707784
1,1298,1.0,0.5,1.8,0.22324325077335005
1,1299,1.0,0.5,1.8,0.4341361361905446
1,1300,1.0,0.5,1.8,1.104334945730383
1,1301,1.0,0.5,1.8,0.42968505672846785
1,1302,1.0,0.5,1.8,1.311983843037065
1,1303,1.0,0.5,1.8,0.4121773415598602
1,1304,1.0,0.5,1.8,1.5155565698319173
1,1305,1.0,0.5,1.8,0.4658935629581842
1,1306,1.0,0.5,1.8,1.5118211688045942
1,1307,1.0,0.5,1.8,0.13027916862141534
1,1308,1.0,0.5,1.8,0.5656735038118981
1,1309,1.0,0.5,1.8,1.6930333243202902
1,1310,1.0,0.5,1.8,1.4918059675761592
1,1311,1.0,0.5,1.8,1.2672357746138054
1,1312,1.0,0.5,1.8,0.6851105532955937
1,1313,1.0,0.5,1.8,1.211414392910067
1,1314,1.0,0.5,1.8,0.789280544775281
1,1315,1.0,0.5,1.8,0.3363282385673522
1,1316,1.0,0.5,1.8,0.3186999302033118
1,1317,1.0,0.5,1.8,0.42224130685380357
1,1318,1.0,0.5,1.8,1.070834815619074
1,1319,1.0,0.5,1.8,1.201705981710037
1,1320,1.0,0.5,1.8,1.5401408070202667
1,1321,1.0,0.5,1.8,0.1892259952780017
1,1322,1.0,0.5,1.8,1.3668360233549581
1,1323,1.0,0.5,1.8,0.26617716874401975
1,1324,1.0,0.5,1.8,0.7426866144125936
1,1325,1.0,0.5,1.8,0.5873626025760944
1,1326,1.0,0.5,1.8,1.2447948258905186
1,1327,1.0,0.5,1.8,0.6559436235343562
1,1328,1.0,0.5,1.8,1.0910379621634552
1,1329,1.0,0.5,1.8,1.013607988018132
1,1330,1.0,0.5,1.8,0.6544751367348199
1,1331,1.0,0.5,1.8,1.4646177668258926
1,1332,1.0,0.5,1.8,0.40817614572341276
1,1333,1.0,0.5,1.8,0.5803228353558666
1,1334,1.0,0.5,1.8,0.8506239725989326
1,1335,1.0,0.5,1.8,0.6644054717337848
1,1336,1.0,0.5,1.8,0.49617364095967925
1,1337,1.0,0.5,1.8,0.8591530395059186
1,1338,1.0,0.5,1.8,0.9221162061822896
1,1339,1.0,0.5,1.8,1.4089063416221899
1,1340,1.0,0.5,1.8,0.5651194179860642
1,1341,1.0,0.5,1.8,0.2282405867399099
1,1342,1.0,0.5,1.8,1.4773529529559721
1,1343,1.0,0.5,1.8,0.5194050750094581
1,1344,1.0,0.5,1.8,0.8794564063746425
1,1345,1.0,0.5,1.8,1.1628957807025984
1,1346,1.0,0.5,1.8,1.3909873718665597
1,1347,1.0,0.5,1.8,0.5576973664275562
1,1348,1.0,0.5,1.8,0.4910439284616165
1,1349,1.0,0.5,1.8,1.2526817054042738
1,1350,1.0,0.5,1.8,1.2189504658314967
1,1351,1.0,0.5,1.8,0.5266132666030264
1,1352,1.0,0.5,1.8,1.1886563136310762
1,1353,1.0,0.5,1.8,1.1018492517776084
1,1354,1.0,0.5,1.8,0.4101149242050339
1,1355,1.0,0.5,1.8,0.5930103314215986
1,1356,1.0,0.5,1.8,0.7661856485132542
1,1357,1.0,0.5,1.8,1.3111751152735986
1,1358,1.0,0.5,1.8,0.5730643038120498
1,1359,1.0,0.5,1.8,0.7972493548116022
1,1360,1.0,0.5,1.8,0.6556426544314208
1,1361,1.0,0.5,1.8,1.0119644156867762
1,1362,1.0,0.5,1.8,1.3226507980042659
1,1363,1.0,0.5,1.8,0.7058979812970612
1,1364,1.0,0.5,1.8,0.6716999829059971
1,1365,1.0,0.5,1.8,1.186137118166897
1,1366,1.0,0.5,1.8,1.4438608419762626
1,1367,1.0,0.5,1.8,0.7287665613071822
1,1368,1.0,0.5,1.8,0.7553372228638768
1,1369,1.0,0.5,1.8,1.1304420173891274
1,1370,1.0,0.5,1.8,1.38749049278258
1,1371,1.0,0.5,1.8,0.4498185810194907
1,1372,1.0,0.5,1.8,1.1832736510824717
1,1373,1.0,0.5,1.8,0.872807246180187
1,1374,1.0,0.5,1.8,0.7985737025388343
1,1375,1.0,0.5,1.8,1.3904609719528718
1,1376,1.0,0.5,1.8,1.1816346390878514
1,1377,1.0,0.5,1.8,0.9789080851794153
1,1378,1.0,0.5,1.8,0.2657547929577896
1,1379,1.0,0.5,1.8,0.668473539120761
1,1380,1.0,0.5,1.8,1.733321326986166
1,1381,1.0,0.5,1.8,0.741673073034449
1,1382,1.0,0.5,1.8,1.1056857565058869
1,1383,1.0,0.5,1.8,0.6123087417628563
1,1384,1.0,0.5,1.8,1.3151882279089893
1,1385,1.0,0.5,1.8,1.1764809236606633
1,1386,1.0,0.5,1.8,0.6254420363653782
1,1387,1.0,0.5,1.8,0.9758118800539906
1,1388,1.0,0.5,1.8,1.1181008758860285
1,1389,1.0,0.5,1.8,0.46386880668970737
1,1390,1.0,0.5,1.8,0.43890022376254306
1,1391,1.0,0.5,1.8,1.2239637779130588
1,1392,1.0,0.5,1.8,0.9615069675949137
1,1393,1.0,0.5,1.8,0.8203966875678339
1,1394,1.0,0.5,1.8,1.5614639437798419
1,1395,1.0,0.5,1.8,0.9393565811903735
1,1396,1.0,0.5,1.8,0.16373890156982676
1,1397,1.0,0.5,1.8,1.1057486258300833
1,1398,1.0,0.5,1.8,0.9788645824979062
1,1399,1.0,0.5,1.8,0.5432113034667166
1,1400,1.0,0.5,1.8,1.4982940786772552
1,1401,1.0,0.5,1.8,0.8233346861936351
1,1402,1.0,0.5,1.8,0.3687640472661004
1,1403,1.0,0.5,1.8,1.2960951801984353
1,1404,1.0,0.5,1.8,0.5447456835330399
1,1405,1.0,0.5,1.8,0.2109369211489964
1,1406,1.0,0.5,1.8,1.5596873192880711
1,1407,1.0,0.5,1.8,0.5711925808436921
1,1408,1.0,0.5,1.8,0.5009621045133656
1,1409,1.0,0.5,1.8,0.9960064930241412
1,1410,1.0,0.5,1.8,0.8584174561126042
1,1411,1.0,0.5,1.8,1.1917500043976246
1,1412,1.0,0.5,1.8,1.3547208889177411
1,1413,1.0,0.5,1.8,1.049838835543018
1,1414,1.0,0.5,1.8,0.9692235916220848
1,1415,1.0,0.5,1.8,0.6241550474036699
1,1416,1.0,0.5,1.8,0.6264285669401357
1,1417,1.0,0.5,1.8,1.035827399713559
1,1418,1.0,0.5,1.8,0.9820871297116303
1,1419,1.0,0.5,1.8,0.6161684771508142
1,1420,1.0,0.5,1.8,1.059065804262343
1,1421,1.0,0.5,1.8,0.426467783343622
1,1422,1.0,0.5,1.8,0.5734192201525384
1,1423,1.0,0.5,1.8,0.9725598672648327
1,1424,1.0,0.5,1.8,1.6275574668888915
1,1425,1.0,0.5,1.8,0.8690773856031676
1,1426,1.0,0.5,1.8,0.8604474377006343
1,1427,1.0,0.5,1.8,0.5112233122182773
1,1428,1.0,0.5,1.8,0.8248945686744078
1,1429,1.0,0.5,1.8,0.0978753871909456
1,1430,1.0,0.5,1.8,1.3820672614246188
1,1431,1.0,0.5,1.8,1.3682666850131244
1,1432,1.0,0.5,1.8,0.5567934536823914
1,1433,1.0,0.5,1.8,0.7753967630529427
1,1434,1.0,0.5,1.8,0.5807077736214469
1,1435,1.0,0.5,1.8,0.5110399278737469
1,1436,1.0,0.5,1.8,1.3786598592031543
1,1437,1.0,0.5,1.8,0.22231745979154338
1,1438,1.0,0.5,1.8,1.5411801143452772
1,1439,1.0,0.5,1.8,1.4367090155232085
1,1440,1.0,0.5,1.8,0.3562312094603028
1,1441,1.0,0.5,1.8,0.347944883866318
1,1442,1.0,0.5,1.8,1.039039886142294
1,1443,1.0,0.5,1.8,0.48456548948615313
1,1444,1.0,0.5,1.8,0.8052350542153707
1,1445,1.0,0.5,1.8,0.8127457156267426
1,1446,1.0,0.5,1.8,0.48467453283975587
1,1447,1.0,0.5,1.8,0.6583582533219725
1,1448,1.0,0.5,1.8,0.5339767953507581
1,1449,1.0,0.5,1.8,0.7448923115132835
1,1450,1.0,0.5,1.8,1.2399026906701935
1,1451,1.0,0.5,1.8,0.8431081398804232
1,1452,1.0,0.5,1.8,0.9192844164290441
1,1453,1.0,0.5,1.8,1.3392720681551213
1,1454,1.0,0.5,1.8,1.177127942257983
1,1455,1.0,0.5,1.8,0.9055368569896751
1,1456,1.0,0.5,1.8,0.7741824353182732
1,1457,1.0,0.5,1.8,1.3845407392720057
1,1458,1.0,0.5,1.8,1.4573508162529725
1,1459,1.0,0.5,1.8,0.585483362519847
1,1460,1.0,0.5,1.8,1.0094696273485795
1,1461,1.0,0.5,1.8,0.85193873877289
1,1462,1.0,0.5,1.8,0.8367491074983391
1,1463,1.0,0.5,1.8,1.5704065539817509
1,1464,1.0,0.5,1.8,0.6430537460879969
1,1465,1.0,0.5,1.8,1.5864624154176508
1,1466,1.0,0.5,1.8,0.1357428627506448
1,1467,1.0,0.5,1.8,0.641029278353052
1,1468,1.0,0.5,1.8,0.1378331687378327
1,1469,1.0,0.5,1.8,1.4610089793816257
1,1470,1.0,0.5,1.8,1.11269496329088
1,1471,1.0,0.5,1.8,1.1049876486510486
1,1472,1.0,0.5,1.8,1.3599140654010993
1,1473,1.0,0.5,1.8,0.7184194458610275
1,1474,1.0,0.5,1.8,1.4224829781118027
1,1475,1.0,0.5,1.8,0.5733442251215066
1,1476,1.0,0.5,1.8,0.3297915316048996
1,1477,1.0,0.5,1.8,0.4738215354344415
1,1478,1.0,0.5,1.8,0.6595995379713203
1,1479,1.0,0.5,1.8,1.23450907370917
1,1480,1.0,0.5,1.8,0.5932081066739422
1,1481,1.0,0.5,1.8,0.8251898643842829
1,1482,1.0,0.5,1.8,0.18151091801116281
1,1483,1.0,0.5,1.8,0.7753562200741074
1,1484,1.0,0.5,1.8,0.6744925637392519
1,1485,1.0,0.5,1.8,0.8252178947464895
1,1486,1.0,0.5,1.8,1.3052217027652682
1,1487,1.0,0.5,1.8,0.7695334099781085
1,1488,1.0,0.5,1.8,1.3420009108519921
1,1489,1.0,0.5,1.8,1.322040178171212
1,1490,1.0,0.5,1.8,0.597683202351345
1,1491,1.0,0.5,1.8,1.4886421593389292
1,1492,1.0,0.5,1.8,0.9621978458405535
1,1493,1.0,0.5,1.8,0.9486292161968061
1,1494,1.0,0.5,1.8,0.16587577879860557
1,1495,1.0,0.5,1.8,0.5539888453298628
1,1496,1.0,0.5,1.8,0.7986003175725207
1,1497,1.0,0.5,1.8,0.6703084718393808
1,1498,1.0,0.5,1.8,1.5257208286142163
1,1499,1.0,0.5,1.8,1.2545386086855668
1,1500,1.0,0.5,1.8,0.8836728624236337
1,1501,1.0,0.5,1.8,1.1786483752329016
1,1502,1.0,0.5,1.8,0.15206479751558077
1,1503,1.0,0.5,1.8,1.0276597944124433
1,1504,1.0,0.5,1.8,1.234504478242658
1,1505,1.0,0.5,1.8,0.12124187433504476
1,1506,1.0,0.5,1.8,0.5238870692253629
1,1507,1.0,0.5,1.8,0.41833969690294226
1,1508,1.0,0.5,1.8,0.7746242339232167
1,1509,1.0,0.5,1.8,0.5958942497036542
1,1510,1.0,0.5,1.8,0.6902661739862521
1,1511,1.0,0.5,1.8,1.1209612007130276
1,1512,1.0,0.5,1.8,0.6120303733876418
1,1513,1.0,0.5,1.8,1.598709017261403
1,1514,1.0,0.5,1.8,0.6508650266443117
1,1515,1.0,0.5,1.8,0.3205083975249561
1,1516,1.0,0.5,1.8,0.7735952589468917
1,1517,1.0,0.5,1.8,1.5740939242970662
1,1518,1.0,0.5,1.8,0.9047787707807942
1,1519,1.0,0.5,1.8,0.9712227063583552
1,1520,1.0,0.5,1.8,0.9356481519033281
1,1521,1.0,0.5,1.8,0.40320788198626256
1,1522,1.0,0.5,1.8,1.1454252917520493
1,1523,1.0,0.5,1.8,0.7730543095527361
1,1524,1.0,0.5,1.8,0.5923095870847211
1,1525,1.0,0.5,1.8,0.691234260821643
1,1526,1.0,0.5,1.8,0.2357337500254193
1,1527,1.0,0.5,1.8,1.4330943835925525
1,1528,1.0,0.5,1.8,0.671906142359635
1,1529,1.0,0.5,1.8,0.6093011967029632
1,1530,1.0,0.5,1.8,1.559467013648869
1,1531,1.0,0.5,1.8,0.6373872466592082
1,1532,1.0,0.5,1.8,1.5212330255902702
1,1533,1.0,0.5,1.8,0.5812119622848987
1,1534,1.0,0.5,1.8,0.3706136638070205
1,1535,1.0,0.5,1.8,0.6222803721044783
1,1536,1.0,0.5,1.8,0.7563528037483446
1,1537,1.0,0.5,1.8,0.9261210635471518
1,1538,1.0,0.5,1.8,0.45291793247467943
1,1539,1.0,0.5,1.8,0.42369183429116847
1,1540,1.0,0.5,1.8,0.4611312465017798
1,1541,1.0,0.5,1.8,0.361462354020758
1,1542,1.0,0.5,1.8,1.032125581876167
1,1543,1.0,0.5,1.8,1.430172065966751
1,1544,1.0,0.5,1.8,0.5015753682299087
1,1545,1.0,0.5,1.8,1.2179468295606628
1,1546,1.0,0.5,1.8,0.9777212709322415
1,1547,1.0,0.5,1.8,1.2831241887307792
1,1548,1.0,0.5,1.8,1.1712316799844062
1,1549,1.0,0.5,1.8,0.7226672798751956
1,1550,1.0,0.5,1.8,1.3367123937519358
1,1551,1.0,0.5,1.8,1.421478769192721
1,1552,1.0,0.5,1.8,0.6753750175019612
1,1553,1.0,0.5,1.8,1.0258406587861897
1,1554,1.0,0.5,1.8,0.9664325122624802
1,1555,1.0,0.5,1.8,0.5603418744127631
1,1556,1.0,0.5,1.8,0.4818398254571388
1,1557,1.0,0.5,1.8,1.2754802186901109
1,1558,1.0,0.5,1.8,0.5450450964522527
1,1559,1.0,0.5,1.8,0.4394047290089807
1,1560,1.0,0.5,1.8,0.5672144925215944
1,1561,1.0,0.5,1.8,1.2234810516286956
1,1562,1.0,0.5,1.8,0.7395198067261504
1,1563,1.0,0.5,1.8,1.175358737774818
1,1564,1.0,0.5,1.8,0.7614154159406867
1,1565,1.0,0.5,1.8,1.084651314097586
1,1566,1.0,0.5,1.8,0.4542988234369721
1,1567,1.0,0.5,1.8,0.8797991245331604
1,1568,1.0,0.5,1.8,0.7620024274865179
1,1569,1.0,0.5,1.8,0.5003935001144714
1,1570,1.0,0.5,1.8,0.7081420633101523
1,1571,1.0,0.5,1.8,1.1841433719940866
1,1572,1.0,0.5,1.8,1.354134344823125
1,1573,1.0,0.5,1.8,0.28481402071956685
1,1574,1.0,0.5,1.8,0.950749920735282
1,1575,1.0,0.5,1.8,0.9435190795685608
1,1576,1.0,0.5,1.8,1.1097836864164357
1,1577,1.0,0.5,1.8,1.5854914355810679
1,1578,1.0,0.5,1.8,1.5784510975109776
1,1579,1.0,0.5,1.8,1.3079777719058125
1,1580,1.0,0.5,1.8,0.6651582441661326
1,1581,1.0,0.5,1.8,1.262363300875804
1,1582,1.0,0.5,1.8,0.4715148016637003
1,1583,1.0,0.5,1.8,0.9424035906149691
1,1584,1.0,0.5,1.8,1.5168385827439383
1,1585,1.0,0.5,1.8,0.8765036202421598
1,1586,1.0,0.5,1.8,0.9230662365895388
1,1587,1.0,0.5,1.8,1.4232216870446182
1,1588,1.0,0.5,1.8,0.5870527214816679
1,1589,1.0,0.5,1.8,0.4565761783607215
1,1590,1.0,0.5,1.8,0.2986434995671817
1,1591,1.0,0.5,1.8,0.38179107324671685
1,1592,1.0,0.5,1.8,0.3342667314097612
1,1593,1.0,0.5,1.8,1.017232193737111
1,1594,1.0,0.5,1.8,0.4000983628935791
1,1595,1.0,0.5,1.8,0.4113702830575249
1,1596,1.0,0.5,1.8,0.8841116439874095
1,1597,1.0,0.5,1.8,0.796497488159043
1,1598,1.0,0.5,1.8,0.7522979343214206
1,1599,1.0,0.5,1.8,0.7617146175301897
1,1600,1.0,0.5,1.8,0.7730186511789082
1,1601,1.0,0.5,1.8,0.3299467546344621
1,1602,1.0,0.5,1.8,0.8833145678170489
1,1603,1.0,0.5,1.8,0.8121960209883479
1,1604,1.0,0.5,1.8,0.7733827481624218
1,1605,1.0,0.5,1.8,0.9152345880002558
1,1606,1.0,0.5,1.8,1.026389715516213
1,1607,1.0,0.5,1.8,1.5039480713623485
1,1608,1.0,0.5,1.8,0.884001339352388
1,1609,1.0,0.5,1.8,0.6091151715066122
1,1610,1.0,0.5,1.8,1.6337473505720983
1,1611,1.0,0.5,1.8,0.6437377310955349
1,1612,1.0,0.5,1.8,0.6413745490969917
1,1613,1.0,0.5,1.8,0.9649519510518154
1,1614,1.0,0.5,1.8,0.4437039649561675
1,1615,1.0,0.5,1.8,0.4994026518742798
1,1616,1.0,0.5,1.8,0.7229899511819594
1,1617,1.0,0.5,1.8,1.0110332636339243
1,1618,1.0,0.5,1.8,0.725666408940508
1,1619,1.0,0.5,1.8,1.293230003036903
1,1620,1.0,0.5,1.8,1.3394483470179477
1,1621,1.0,0.5,1.8,0.8054349315671507
1,1622,1.0,0.5,1.8,1.1660448311273295
1,1623,1.0,0.5,1.8,1.2739703059225638
1,1624,1.0,0.5,1.8,0.9396561732572899
1,1625,1.0,0.5,1.8,0.9837235465683705
1,1626,1.0,0.5,1.8,1.3834032298631331
1,1627,1.0,0.5,1.8,0.9606205440403722
1,1628,1.0,0.5,1.8,0.15360240128995492
1,1629,1.0,0.5,1.8,0.779777050315012
1,1630,1.0,0.5,1.8,0.9445634191878356
1,1631,1.0,0.5,1.8,1.1714441764708416
1,1632,1.0,0.5,1.8,0.39888083153840853
1,1633,1.0,0.5,1.8,0.8253059029738997
1,1634,1.0,0.5,1.8,0.3740219075764761
1,1635,1.0,0.5,1.8,1.2051559226723019
1,1636,1.0,0.5,1.8,0.40930536894128405
1,1637,1.0,0.5,1.8,1.074084913679549
1,1638,1.0,0.5,1.8,1.550710220753243
1,1639,1.0,0.5,1.8,0.16687592593718417
1,1640,1.0,0.5,1.8,0.860605898228401
1,1641,1.0,0.5,1.8,0.43692579907950435
1,1642,1.0,0.5,1.8,0.7074669032753405
1,1643,1.0,0.5,1.8,0.7849353958659457
1,1644,1.0,0.5,1.8,1.4308069418877103
1,1645,1.0,0.5,1.8,1.3720538919981715
1,1646,1.0,0.5,1.8,1.0520150553285905
1,1647,1.0,0.5,1.8,1.3683091311866376
1,1648,1.0,0.5,1.8,1.4976479806702827
1,1649,1.0,0.5,1.8,1.4819864881629699
1,1650,1.0,0.5,1.8,0.3641215354354541
1,1651,1.0,0.5,1.8,0.4252015174977061
1,1652,1.0,0.5,1.8,1.5486280899920113
1,1653,1.0,0.5,1.8,1.1497358793355283
1,1654,1.0,0.5,1.8,0.9418399970987176
1,1655,1.0,0.5,1.8,0.5535883402536659
1,1656,1.0,0.5,1.8,0.7740530151007489
1,1657,1.0,0.5,1.8,1.248728535869442
1,1658,1.0,0.5,1.8,1.2094094783565708
1,1659,1.0,0.5,1.8,0.6698131835115501
1,1660,1.0,0.5,1.8,1.2941675919777786
1,1661,1.0,0.5,1.8,1.0131859506543457
1,1662,1.0,0.5,1.8,0.6580401339898934
1,1663,1.0,0.5,1.8,1.0941837226324984
1,1664,1.0,0.5,1.8,0.8089902141821733
1,1665,1.0,0.5,1.8,1.3405145947127022
1,1666,1.0,0.5,1.8,1.0134401060561455
1,1667,1.0,0.5,1.8,1.3924715315043008
1,1668,1.0,0.5,1.8,1.1589201715772173
1,1669,1.0,0.5,1.8,0.6111951199145387
1,1670,1.0,0.5,1.8,1.6208992809218858
1,1671,1.0,0.5,1.8,1.2225678179205342
1,1672,1.0,0.5,1.8,0.34999530775477844
1,1673,1.0,0.5,1.8,0.9551204333861402
1,1674,1.0,0.5,1.8,1.012128469210794
1,1675,1.0,0.5,1.8,0.733232538791536
1,1676,1.0,0.5,1.8,1.2819064271551048
1,1677,1.0,0.5,1.8,0.8943557991901997
1,1678,1.0,0.5,1.8,0.7342558741260853
1,1679,1.0,0.5,1.8,0.5138001813803066
1,1680,1.0,0.5,1.8,1.19323174809473
1,1681,1.0,0.5,1.8,0.7050732479085878
1,1682,1.0,0.5,1.8,0.855046281102026
1,1683,1.0,0.5,1.8,0.6672050432074617
1,1684,1.0,0.5,1.8,0.8479685330667751
1,1685,1.0,0.5,1.8,1.4191012547152915
1,1686,1.0,0.5,1.8,0.2755362834119982
1,1687,1.0,0.5,1.8,1.1008741698189133
1,1688,1.0,0.5,1.8,1.4061617353290596
1,1689,1.0,0.5,1.8,0.2626931231260461
1,1690,1.0,0.5,1.8,0.8470300366910953
1,1691,1.0,0.5,1.8,0.6389471101929713
1,1692,1.0,0.5,1.8,1.2659429903494395
1,1693,1.0,0.5,1.8,0.6109364619654
1,1694,1.0,0.5,1.8,1.4617564427518346
1,1695,1.0,0.5,1.8,1.139164713431756
1,1696,1.0,0.5,1.8,0.9567567024096891
1,1697,1.0,0.5,1.8,0.7532027118040425
1,1698,1.0,0.5,1.8,0.19985237289168012
1,1699,1.0,0.5,1.8,0.9974066786632425
1,1700,1.0,0.5,1.8,0.5664782077766528
1,1701,1.0,0.5,1.8,1.081821701686198
1,1702,1.0,0.5,1.8,1.1705081086957225
1,1703,1.0,0.5,1.8,0.847639895152103
1,1704,1.0,0.5,1.8,0.8926236681779952
1,1705,1.0,0.5,1.8,0.8301502984314015
1,1706,1.0,0.5,1.8,1.1382808244713516
1,1707,1.0,0.5,1.8,0.5446690645578139
1,1708,1.0,0.5,1.8,0.9500830125649689
1,1709,1.0,0.5,1.8,1.1166942489768141
1,1710,1.0,0.5,1.8,1.5132862183834521
1,1711,1.0,0.5,1.8,0.5189210548543125
1,1712,1.0,0.5,1.8,1.6317489761148223
1,1713,1.0,0.5,1.8,0.5982833758699388
1,1714,1.0,0.5,1.8,1.310940607635252
1,1715,1.0,0.5,1.8,0.9822543326021309
1,1716,1.0,0.5,1.8,1.364026020699918
1,1717,1.0,0.5,1.8,0.9261004945005799
1,1718,1.0,0.5,1.8,1.1776333516745274
1,1719,1.0,0.5,1.8,0.876827998529754
1,1720,1.0,0.5,1.8,0.814318274010015
1,1721,1.0,0.5,1.8,0.41099070114843445
1,1722,1.0,0.5,1.8,0.8451025169203068
1,1723,1.0,0.5,1.8,0.7380855154870929
1,1724,1.0,0.5,1.8,1.22805511394823
1,1725,1.0,0.5,1.8,0.6358765589909741
1,1726,1.0,0.5,1.8,0.337556892937201
1,1727,1.0,0.5,1.8,0.9776169779698336
1,1728,1.0,0.5,1.8,1.53615812038976
1,1729,1.0,0.5,1.8,1.3374460274535143
1,1730,1.0,0.5,1.8,1.2862937191526151
1,1731,1.0,0.5,1.8,0.7600143122573112
1,1732,1.0,0.5,1.8,0.8637468514787173
1,1733,1.0,0.5,1.8,0.7293763579838999
1,1734,1.0,0.5,1.8,0.3482020219512667
1,1735,1.0,0.5,1.8,0.6893867283378109
1,1736,1.0,0.5,1.8,0.834457670904425
1,1737,1.0,0.5,1.8,0.8640723970380966
1,1738,1.0,0.5,1.8,0.43959071770531405
1,1739,1.0,0.5,1.8,1.0300778841902865
1,1740,1.0,0.5,1.8,1.2956376613957705
1,1741,1.0,0.5,1.8,1.0060197735768925
1,1742,1.0,0.5,1.8,0.7683201255272404
1,1743,1.0,0.5,1.8,1.6562192814618797
1,1744,1.0,0.5,1.8,1.41836744080942
1,1745,1.0,0.5,1.8,1.0349927683978342
1,1746,1.0,0.5,1.8,1.0335751496103152
1,1747,1.0,0.5,1.8,0.25838732294499245
1,1748,1.0,0.5,1.8,0.7410288538006624
1,1749,1.0,0.5,1.8,0.8612574253837256
1,1750,1.0,0.5,1.8,0.37053922752845553
1,1751,1.0,0.5,1.8,1.0308223420141749
1,1752,1.0,0.5,1.8,0.9320906477792017
1,1753,1.0,0.5,1.8,0.6921670084420305
1,1754,1.0,0.5,1.8,1.0954064800615906
1,1755,1.0,0.5,1.8,0.32902501129500483
1,1756,1.0,0.5,1.8,1.0728927122173717
1,1757,1.0,0.5,1.8,0.2479774576817703
1,1758,1.0,0.5,1.8,1.142555498553974
1,1759,1.0,0.5,1.8,0.36369367103958017
1,1760,1.0,0.5,1.8,0.458763257343963
1,1761,1.0,0.5,1.8,0.404521739664456
1,1762,1.0,0.5,1.8,1.2263384951697134
1,1763,1.0,0.5,1.8,0.1590292995234019
1,1764,1.0,0.5,1.8,1.35444410753706
1,1765,1.0,0.5,1.8,1.7346457024419772
1,1766,1.0,0.5,1.8,0.42280259685589583
1,1767,1.0,0.5,1.8,0.3452874020857259
1,1768,1.0,0.5,1.8,1.2567761431146416
1,1769,1.0,0.5,1.8,0.9725302943901418
1,1770,1.0,0.5,1.8,0.6154657146818313
1,1771,1.0,0.5,1.8,1.1134990601961114
1,1772,1.0,0.5,1.8,0.9759203849348348
1,1773,1.0,0.5,1.8,1.391308667032523
1,1774,1.0,0.5,1.8,0.7546591463086391
1,1775,1.0,0.5,1.8,1.0836647171895557
1,1776,1.0,0.5,1.8,0.8430781493981168
1,1777,1.0,0.5,1.8,1.180239140654817
1,1778,1.0,0.5,1.8,0.9027036236747376
1,1779,1.0,0.5,1.8,0.7273159283640983
1,1780,1.0,0.5,1.8,0.7296677312426485
1,1781,1.0,0.5,1.8,0.8942183089589536
1,1782,1.0,0.5,1.8,0.6769573897927322
1,1783,1.0,0.5,1.8,0.6865306002460982
1,1784,1.0,0.5,1.8,0.5802384716283497
1,1785,1.0,0.5,1.8,0.6524275728545877
1,1786,1.0,0.5,1.8,0.5648607877443014
1,1787,1.0,0.5,1.8,0.47516303956191813
1,1788,1.0,0.5,1.8,0.4098902271310284
1,1789,1.0,0.5,1.8,0.657896434526415
1,1790,1.0,0.5,1.8,1.3896418001565651
1,1791,1.0,0.5,1.8,0.7143191419849501
1,1792,1.0,0.5,1.8,0.4898419913463619
1,1793,1.0,0.5,1.8,1.5918375045200615
1,1794,1.0,0.5,1.8,1.4578442714390838
1,1795,1.0,0.5,1.8,0.2888765146995713
1,1796,1.0,0.5,1.8,0.38734483845698664
1,1797,1.0,0.5,1.8,1.5552577321473353
1,1798,1.0,0.5,1.8,1.1323298930516428
1,1799,1.0,0.5,1.8,1.0940603071215846
1,1800,1.0,0.5,1.8,1.1576462202648945
1,1801,1.0,0.5,1.8,0.8239179231837436
1,1802,1.0,0.5,1.8,1.295271456987008
1,1803,1.0,0.5,1.8,0.6954254532637254
1,1804,1.0,0.5,1.8,0.6157140494510072
1,1805,1.0,0.5,1.8,0.8816106898763691
1,1806,1.0,0.5,1.8,0.33175901094842036
1,1807,1.0,0.5,1.8,0.8215514677497503
1,1808,1.0,0.5,1.8,1.3412082408688362
1,1809,1.0,0.5,1.8,1.1634326347770678
1,1810,1.0,0.5,1.8,1.605268786869234
1,1811,1.0,0.5,1.8,0.960273226774872
1,1812,1.0,0.5,1.8,0.5620643626028008
1,1813,1.0,0.5,1.8,1.6022812943106721
1,1814,1.0,0.5,1.8,1.1496331714615218
1,1815,1.0,0.5,1.8,0.6544495028108446
1,1816,1.0,0.5,1.8,0.7649908960890893
1,1817,1.0,0.5,1.8,0.9327684082616692
1,1818,1.0,0.5,1.8,0.74600905684467
1,1819,1.0,0.5,1.8,0.8062751760749354
1,1820,1.0,0.5,1.8,0.7456443031741065
1,1821,1.0,0.5,1.8,0.9409419507821467
1,1822,1.0,0.5,1.8,0.1918184381521052
1,1823,1.0,0.5,1.8,1.2524588978679057
1,1824,1.0,0.5,1.8,0.566576915111033
1,1825,1.0,0.5,1.8,0.5736584324933511
1,1826,1.0,0.5,1.8,0.3229767922809718
1,1827,1.0,0.5,1.8,0.7822479135243879
1,1828,1.0,0.5,1.8,1.1004643214261676
1,1829,1.0,0.5,1.8,1.228728021580741
1,1830,1.0,0.5,1.8,0.9900048863846508
1,1831,1.0,0.5,1.8,1.6416795307445167
1,1832,1.0,0.5,1.8,0.8006106016294996
1,1833,1.0,0.5,1.8,0.39809560497416807
1,1834,1.0,0.5,1.8,0.8356195632883275
1,1835,1.0,0.5,1.8,0.9475636912645373
1,1836,1.0,0.5,1.8,0.29582093598927994
1,1837,1.0,0.5,1.8,1.4597707690993211
1,1838,1.0,0.5,1.8,0.5631554165708704
1,1839,1.0,0.5,1.8,1.2086488981401684
1,1840,1.0,0.5,1.8,0.28336619183620687
1,1841,1.0,0.5,1.8,0.8900826174684514
1,1842,1.0,0.5,1.8,0.8904173352001653
1,1843,1.0,0.5,1.8,0.1803989775277853
1,1844,1.0,0.5,1.8,0.8133807485265823
1,1845,1.0,0.5,1.8,0.8112277807239648
1,1846,1.0,0.5,1.8,0.7524586699686473
1,1847,1.0,0.5,1.8,0.47824012467247123
1,1848,1.0,0.5,1.8,1.0028241998843048
1,1849,1.0,0.5,1.8,1.4331867517974934
1,1850,1.0,0.5,1.8,1.2635874357178436
1,1851,1.0,0.5,1.8,0.6523165975002907
1,1852,1.0,0.5,1.8,0.9508624970604461
1,1853,1.0,0.5,1.8,0.6248371982883867
1,1854,1.0,0.5,1.8,0.8769616167382137
1,1855,1.0,0.5,1.8,1.4224352876582467
1,1856,1.0,0.5,1.8,1.329604008401621
1,1857,1.0,0.5,1.8,0.9633637011806296
1,1858,1.0,0.5,1.8,1.1231118937872209
1,1859,1.0,0.5,1.8,0.407977391586096
1,1860,1.0,0.5,1.8,1.504006235653295
1,1861,1.0,0.5,1.8,1.0845514807277525
1,1862,1.0,0.5,1.8,0.5017595075751703
1,1863,1.0,0.5,1.8,1.5147761677336142
1,1864,1.0,0.5,1.8,0.2747307042968973
1,1865,1.0,0.5,1.8,0.9167357976657007
1,1866,1.0,0.5,1.8,0.27135350716168655
1,1867,1.0,0.5,1.8,0.8287655744581633
1,1868,1.0,0.5,1.8,0.7734502554311269
1,1869,1.0,0.5,1.8,0.7260616960405902
1,1870,1.0,0.5,1.8,0.2949058109058169
1,1871,1.0,0.5,1.8,1.3298853107760233
1,1872,1.0,0.5,1.8,1.156556759639717
1,1873,1.0,0.5,1.8,1.5643246272186386
1,1874,1.0,0.5,1.8,0.9635321202683319
1,1875,1.0,0.5,1.8,0.1678302214251326
1,1876,1.0,0.5,1.8,0.25282941248012025
1,1877,1.0,0.5,1.8,1.5633383436183335
1,1878,1.0,0.5,1.8,1.1658162414357944
1,1879,1.0,0.5,1.8,1.4937733433620346
1,1880,1.0,0.5,1.8,1.4381230693349099
1,1881,1.0,0.5,1.8,0.6233280751376218
1,1882,1.0,0.5,1.8,0.7812309587512907
1,1883,1.0,0.5,1.8,0.7709283362652493
1,1884,1.0,0.5,1.8,1.246129750846535
1,1885,1.0,0.5,1.8,0.49318297726488614
1,1886,1.0,0.5,1.8,0.2324925627746734
1,1887,1.0,0.5,1.8,0.8008926337028851
1,1888,1.0,0.5,1.8,1.1588526176833336
1,1889,1.0,0.5,1.8,0.6015880022567947
1,1890,1.0,0.5,1.8,1.110817810235075
1,1891,1.0,0.5,1.8,1.567418661403537
1,1892,1.0,0.5,1.8,1.12065183650177
1,1893,1.0,0.5,1.8,0.6945621466854442
1,1894,1.0,0.5,1.8,0.8080212896874615
1,1895,1.0,0.5,1.8,1.3451246352284667
1,1896,1.0,0.5,1.8,0.6227246087982744
1,1897,1.0,0.5,1.8,0.5518858445466105
1,1898,1.0,0.5,1.8,1.3983899128237616
1,1899,1.0,0.5,1.8,0.8492171451999218
1,1900,1.0,0.5,1.8,0.6824596990189591
1,1901,1.0,0.5,1.8,0.831768311921622
1,1902,1.0,0.5,1.8,0.7517698862028163
1,1903,1.0,0.5,1.8,0.478299027312166
1,1904,1.0,0.5,1.8,1.2906327434605602
1,1905,1.0,0.5,1.8,0.7440767776866277
1,1906,1.0,0.5,1.8,1.3328860118764925
1,1907,1.0,0.5,1.8,1.1941347103816815
1,1908,1.0,0.5,1.8,0.3794539341088185
1,1909,1.0,0.5,1.8,0.23170364101517724
1,1910,1.0,0.5,1.8,0.535127428825022
1,1911,1.0,0.5,1.8,0.8481989085833186
1,1912,1.0,0.5,1.8,0.937281601992589
1,1913,1.0,0.5,1.8,0.6363473479869483
1,1914,1.0,0.5,1.8,1.3231478552368254
1,1915,1.0,0.5,1.8,0.7355784624548948
1,1916,1.0,0.5,1.8,0.6586457238274103
1,1917,1.0,0.5,1.8,0.8710480804990125
1,1918,1.0,0.5,1.8,0.9656819905764785
1,1919,1.0,0.5,1.8,0.4892593431620468
1,1920,1.0,0.5,1.8,0.9380441351638378
1,1921,1.0,0.5,1.8,0.8533810443685893
1,1922,1.0,0.5,1.8,0.4535328894246509
1,1923,1.0,0.5,1.8,1.1380426515747626
1,1924,1.0,0.5,1.8,1.1163101824849901
1,1925,1.0,0.5,1.8,0.807694229697648
1,1926,1.0,0.5,1.8,0.5111656879119394
1,1927,1.0,0.5,1.8,0.480607105072807
1,1928,1.0,0.5,1.8,0.6837546803091296
1,1929,1.0,0.5,1.8,0.8289587101643934
1,1930,1.0,0.5,1.8,0.2673133195393784
1,1931,1.0,0.5,1.8,0.11693213852614431
1,1932,1.0,0.5,1.8,1.4669366858713937
1,1933,1.0,0.5,1.8,0.7066367170157236
1,1934,1.0,0.5,1.8,1.325912591349469
1,1935,1.0,0.5,1.8,0.25454381986259744
1,1936,1.0,0.5,1.8,1.4005920050839058
1,1937,1.0,0.5,1.8,1.2925566214344446
1,1938,1.0,0.5,1.8,0.8121070523924215
1,1939,1.0,0.5,1.8,1.3805304745401465
1,1940,1.0,0.5,1.8,0.6324778042568264
1,1941,1.0,0.5,1.8,0.3066334810916793
1,1942,1.0,0.5,1.8,1.2567389679266707
1,1943,1.0,0.5,1.8,1.0225826733857344
1,1944,1.0,0.5,1.8,0.9258268758683356
1,1945,1.0,0.5,1.8,1.6671047947904152
1,1946,1.0,0.5,1.8,1.3999528064080204
1,1947,1.0,0.5,1.8,1.0448009879341031
1,1948,1.0,0.5,1.8,0.3652607582277937
1,1949,1.0,0.5,1.8,1.3096979905990151
1,1950,1.0,0.5,1.8,1.2908743821661222
1,1951,1.0,0.5,1.8,1.2739925902632336
1,1952,1.0,0.5,1.8,0.38055304996816447
1,1953,1.0,0.5,1.8,1.1645335180644922
1,1954,1.0,0.5,1.8,1.0680196413818805
1,1955,1.0,0.5,1.8,0.5551831032381276
1,1956,1.0,0.5,1.8,1.0857797332142103
1,1957,1.0,0.5,1.8,0.6940825891154103
1,1958,1.0,0.5,1.8,1.1599606330719054
1,1959,1.0,0.5,1.8,1.2580101686935181
1,1960,1.0,0.5,1.8,0.4454749392112517
1,1961,1.0,0.5,1.8,0.47424183730125996
1,1962,1.0,0.5,1.8,0.5170867058895445
1,1963,1.0,0.5,1.8,1.3290446692779316
1,1964,1.0,0.5,1.8,1.6255009937777474
1,1965,1.0,0.5,1.8,0.8616275404701235
1,1966,1.0,0.5,1.8,1.0225930450622602
1,1967,1.0,0.5,1.8,0.4386619243319605
1,1968,1.0,0.5,1.8,1.1489135987611299
1,1969,1.0,0.5,1.8,0.2089787530996775
1,1970,1.0,0.5,1.8,0.9062174845305675
1,1971,1.0,0.5,1.8,0.8851431546021962
1,1972,1.0,0.5,1.8,1.490424703974474
1,1973,1.0,0.5,1.8,0.9102514601576285
1,1974,1.0,0.5,1.8,1.0176532782316257
1,1975,1.0,0.5,1.8,0.7171260210384847
1,1976,1.0,0.5,1.8,1.1746224264094045
1,1977,1.0,0.5,1.8,0.8557179848085973
1,1978,1.0,0.5,1.8,0.3980579503207977
1,1979,1.0,0.5,1.8,0.5863748041762702
1,1980,1.0,0.5,1.8,0.8795591661957239
1,1981,1.0,0.5,1.8,0.8324636745079891
1,1982,1.0,0.5,1.8,0.7428409885712148
1,1983,1.0,0.5,1.8,1.0035380498586828
1,1984,1.0,0.5,1.8,0.7856380294155044
1,1985,1.0,0.5,1.8,0.3416267356670693
1,1986,1.0,0.5,1.8,1.000538907178649
1,1987,1.0,0.5,1.8,1.1580388866278488
1,1988,1.0,0.5,1.8,0.20128100123978346
1,1989,1.0,0.5,1.8,0.6929913359019696
1,1990,1.0,0.5,1.8,0.6294446873395508
1,1991,1.0,0.5,1.8,1.5616866191805272
1,1992,1.0,0.5,1.8,1.6792395560320386
1,1993,1.0,0.5,1.8,0.9275624932190994
1,1994,1.0,0.5,1.8,0.933077163069647
1,1995,1.0,0.5,1.8,1.097359857287304
1,1996,1.0,0.5,1.8,0.4562196652827285
1,1997,1.0,0.5,1.8,1.3808997267342855
1,1998,1.0,0.5,1.8,1.1227349040200487
1,1999,1.0,0.5,1.8,0.4199379173364827
1,2000,1.0,0.5,1.8,0.2456469273034386
1,2001,1.0,0.5,1.8,1.4151782182144268
1,2002,1.0,0.5,1.8,0.8647748883689366
1,2003,1.0,0.5,1.8,0.7213889573169134
1,2004,1.0,0.5,1.8,0.4169833717778114
1,2005,1.0,0.5,1.8,0.28031501612583853
1,2006,1.0,0.5,1.8,0.7260084970497623
1,2007,1.0,0.5,1.8,1.2672325766547095
1,2008,1.0,0.5,1.8,1.3328214877139668
1,2009,1.0,0.5,1.8,0.8032048303977146
1,2010,1.0,0.5,1.8,0.3998800376348325
1,2011,1.0,0.5,1.8,0.7956393701922572
1,2012,1.0,0.5,1.8,0.46276176509676603
1,2013,1.0,0.5,1.8,0.8171421864483907
1,2014,1.0,0.5,1.8,1.2145924604020997
1,2015,1.0,0.5,1.8,1.0403485157641377
1,2016,1.0,0.5,1.8,0.894528666254783
1,2017,1.0,0.5,1.8,0.21470964088501587
1,2018,1.0,0.5,1.8,1.2107751078150104
1,2019,1.0,0.5,1.8,1.1309350991630083
1,2020,1.0,0.5,1.8,1.0015791021713083
1,2021,1.0,0.5,1.8,0.981745496668536
1,2022,1.0,0.5,1.8,1.2432641049174553
1,2023,1.0,0.5,1.8,1.4779168105926177
1,2024,1.0,0.5,1.8,1.1871111024388743
1,2025,1.0,0.5,1.8,0.6598352820706445
1,2026,1.0,0.5,1.8,0.7414073745031982
1,2027,1.0,0.5,1.8,0.1172467341050742
1,2028,1.0,0.5,1.8,1.156285546313258
1,2029,1.0,0.5,1.8,1.1897695470810852
1,2030,1.0,0.5,1.8,0.7023125960520333
1,2031,1.0,0.5,1.8,0.7398977589534236
1,2032,1.0,0.5,1.8,0.40148142465739045
1,2033,1.0,0.5,1.8,0.26567247091587537
1,2034,1.0,0.5,1.8,0.5984664388513358
1,2035,1.0,0.5,1.8,0.9923103021213544
1,2036,1.0,0.5,1.8,0.5009116606571397
1,2037,1.0,0.5,1.8,0.7880192803637611
1,2038,1.0,0.5,1.8,0.8516648329051149
1,2039,1.0,0.5,1.8,0.44494396727025654
1,2040,1.0,0.5,1.8,0.7316290117981362
1,2041,1.0,0.5,1.8,1.2361427356255705
1,2042,1.0,0.5,1.8,0.8615555156218636
1,2043,1.0,0.5,1.8,0.5779222230909599
1,2044,1.0,0.5,1.8,0.26290530419650676
1,2045,1.0,0.5,1.8,0.2615555525309641
1,2046,1.0,0.5,1.8,0.5661614177813237
1,2047,1.0,0.5,1.8,1.3751054409744539
1,2048,1.0,0.5,1.8,0.8802290679162936
1,2049,1.0,0.5,1.8,1.083396710080658
1,2050,1.0,0.5,1.8,1.1691538097833487
1,2051,1.0,0.5,1.8,0.8211992164182325
1,2052,1.0,0.5,1.8,0.40948589667681257
1,2053,1.0,0.5,1.8,0.025597836379632505
1,2054,1.0,0.5,1.8,0.25956249787001495
1,2055,1.0,0.5,1.8,1.00203854680976
1,2056,1.0,0.5,1.8,1.298128434517279
1,2057,1.0,0.5,1.8,1.275195644294079
1,2058,1.0,0.5,1.8,0.600705938748139
1,2059,1.0,0.5,1.8,1.2745637446414273
1,2060,1.0,0.5,1.8,0.6911712836615979
1,2061,1.0,0.5,1.8,0.9209404155261778
1,2062,1.0,0.5,1.8,1.3160372042742245
1,2063,1.0,0.5,1.8,1.5762402137523823
1,2064,1.0,0.5,1.8,0.601384931905901
1,2065,1.0,0.5,1.8,0.5475579608645572
1,2066,1.0,0.5,1.8,1.007188801039933
1,2067,1.0,0.5,1.8,0.7174636820379634
1,2068,1.0,0.5,1.8,0.411479757607513
1,2069,1.0,0.5,1.8,1.1523312628893994
1,2070,1.0,0.5,1.8,0.9654096614408864
1,2071,1.0,0.5,1.8,0.8768977276031396
1,2072,1.0,0.5,1.8,1.0932069003375229
1,2073,1.0,0.5,1.8,0.42700104223011415
1,2074,1.0,0.5,1.8,1.1000350711859357
1,2075,1.0,0.5,1.8,1.399511212873235
1,2076,1.0,0.5,1.8,0.10394294708859235
1,2077,1.0,0.5,1.8,0.061517828031333745
1,2078,1.0,0.5,1.8,0.4306283736020535
1,2079,1.0,0.5,1.8,0.927387711312815
1,2080,1.0,0.5,1.8,1.2159195797177773
1,2081,1.0,0.5,1.8,0.9911889118277001
1,2082,1.0,0.5,1.8,1.7141067849745288
1,2083,1.0,0.5,1.8,0.6035410868129444
1,2084,1.0,0.5,1.8,0.5555190825215628
1,2085,1.0,0.5,1.8,1.501976506025378
1,2086,1.0,0.5,1.8,0.6384618128402509
1,2087,1.0,0.5,1.8,0.636924580530527
1,2088,1.0,0.5,1.8,1.061773856714655
1,2089,1.0,0.5,1.8,1.2660390927430147
1,2090,1.0,0.5,1.8,0.9484751656499268
1,2091,1.0,0.5,1.8,0.9173801381882993
1,2092,1.0,0.5,1.8,0.23519269604763185
1,2093,1.0,0.5,1.8,1.375386770755813
1,2094,1.0,0.5,1.8,1.6474109660316458
1,2095,1.0,0.5,1.8,0.881387126290671
1,2096,1.0,0.5,1.8,1.1247200877811832
1,2097,1.0,0.5,1.8,1.3722933755469253
1,2098,1.0,0.5,1.8,1.4611451100250972
1,2099,1.0,0.5,1.8,0.9052048812894615
1,2100,1.0,0.5,1.8,1.0859368537856224
1,2101,1.0,0.5,1.8,1.528533005051182
1,2102,1.0,0.5,1.8,1.170731275518879
1,2103,1.0,0.5,1.8,0.4081878741757659
1,2104,1.0,0.5,1.8,1.0710741755081166
1,2105,1.0,0.5,1.8,0.9420216536503779
1,2106,1.0,0.5,1.8,0.6576499527371095
1,2107,1.0,0.5,1.8,0.13879068298736144
1,2108,1.0,0.5,1.8,1.3457799903820757
1,2109,1.0,0.5,1.8,0.7579217142465758
1,2110,1.0,0.5,1.8,1.250725870723363
1,2111,1.0,0.5,1.8,0.5670007975624992
1,2112,1.0,0.5,1.8,1.2495819453860602
1,2113,1.0,0.5,1.8,0.6803923929491701
1,2114,1.0,0.5,1.8,0.45840052219970456
1,2115,1.0,0.5,1.8,0.6549567313687609
1,2116,1.0,0.5,1.8,1.0253546606657722
1,2117,1.0,0.5,1.8,1.36850926448845
1,2118,1.0,0.5,1.8,0.3439685551442413
1,2119,1.0,0.5,1.8,0.30569779604182057
1,2120,1.0,0.5,1.8,0.8004995614805163
1,2121,1.0,0.5,1.8,1.0728402614056878
1,2122,1.0,0.5,1.8,1.3989522628648574
1,2123,1.0,0.5,1.8,0.9578417548111141
1,2124,1.0,0.5,1.8,1.0409115851673638
1,2125,1.0,0.5,1.8,0.6292191986478838
1,2126,1.0,0.5,1.8,1.1995778635944223
1,2127,1.0,0.5,1.8,0.9834919196333757
1,2128,1.0,0.5,1.8,0.22025144535206215
1,2129,1.0,0.5,1.8,0.3466953196750857
1,2130,1.0,0.5,1.8,0.9418666604398807
1,2131,1.0,0.5,1.8,1.3375438754419025
1,2132,1.0,0.5,1.8,1.2267348625529129
1,2133,1.0,0.5,1.8,0.786649875626598
1,2134,1.0,0.5,1.8,0.44476423606099164
1,2135,1.0,0.5,1.8,1.2397326250152911
1,2136,1.0,0.5,1.8,1.200868004522058
1,2137,1.0,0.5,1.8,0.6487860581527906
1,2138,1.0,0.5,1.8,0.5651163242959002
1,2139,1.0,0.5,1.8,0.3654009635988048
1,2140,1.0,0.5,1.8,0.5300378659029957
1,2141,1.0,0.5,1.8,1.1808480629272158
1,2142,1.0,0.5,1.8,1.4657694585335157
1,2143,1.0,0.5,1.8,0.7974255708074126
1,2144,1.0,0.5,1.8,0.5953605006504721
1,2145,1.0,0.5,1.8,0.8405842781767275
1,2146,1.0,0.5,1.8,0.6769474190472075
1,2147,1.0,0.5,1.8,1.2458363870827722
1,2148,1.0,0.5,1.8,1.1258332236185429
1,2149,1.0,0.5,1.8,1.1743157768420276
1,2150,1.0,0.5,1.8,0.7881249625185033
1,2151,1.0,0.5,1.8,0.15933777436894805
1,2152,1.0,0.5,1.8,0.653064987004716
1,2153,1.0,0.5,1.8,0.6434644155336141
1,2154,1.0,0.5,1.8,0.3103410145038514
1,2155,1.0,0.5,1.8,1.035128171481164
1,2156,1.0,0.5,1.8,0.34331330434712315
1,2157,1.0,0.5,1.8,0.14134029647064728
1,2158,1.0,0.5,1.8,0.6681906601781434
1,2159,1.0,0.5,1.8,0.6815304365020531
1,2160,1.0,0.5,1.8,0.5905932354418384
1,2161,1.0,0.5,1.8,0.6443625850175737
1,2162,1.0,0.5,1.8,0.5858030309713402
1,2163,1.0,0.5,1.8,0.8706626270271463
1,2164,1.0,0.5,1.8,0.8467042881028691
1,2165,1.0,0.5,1.8,1.0972437865304965
1,2166,1.0,0.5,1.8,0.9764312882629989
1,2167,1.0,0.5,1.8,0.7254272995832287
1,2168,1.0,0.5,1.8,1.1851650408883165
1,2169,1.0,0.5,1.8,1.1475907523398559
1,2170,1.0,0.5,1.8,0.9463906194159555
1,2171,1.0,0.5,1.8,0.7872978623506699
1,2172,1.0,0.5,1.8,1.2772784848952683
1,2173,1.0,0.5,1.8,0.48442292800958997
1,2174,1.0,0.5,1.8,0.5231667514297993
1,2175,1.0,0.5,1.8,1.1609729130359518
1,2176,1.0,0.5,1.8,1.5139633227510696
1,2177,1.0,0.5,1.8,1.0349048118777935
1,2178,1.0,0.5,1.8,0.7737009798923833
1,2179,1.0,0.5,1.8,1.4980709008344413
1,2180,1.0,0.5,1.8,0.4897706882468464
1,2181,1.0,0.5,1.8,0.5047590098547757
1,2182,1.0,0.5,1.8,0.7140022308888118
1,2183,1.0,0.5,1.8,1.1744679410643917
1,2184,1.0,0.5,1.8,0.5944554655466667
1,2185,1.0,0.5,1.8,0.07646835632785198
1,2186,1.0,0.5,1.8,0.4672142280030583
1,2187,1.0,0.5,1.8,1.239754590379206
1,2188,1.0,0.5,1.8,0.8192025324008948
1,2189,1.0,0.5,1.8,1.0251939792121707
1,2190,1.0,0.5,1.8,0.950416328443833
1,2191,1.0,0.5,1.8,1.1608147174774848
1,2192,1.0,0.5,1.8,1.1695660961583731
1,2193,1.0,0.5,1.8,1.584599318046675
1,2194,1.0,0.5,1.8,0.849560642114236
1,2195,1.0,0.5,1.8,1.0167672164982184
1,2196,1.0,0.5,1.8,1.2661208539934905
1,2197,1.0,0.5,1.8,0.5840452860038287
1,2198,1.0,0.5,1.8,0.6816634726810923
1,2199,1.0,0.5,1.8,1.115424534900498
1,2200,1.0,0.5,1.8,1.2289318644786358
1,2201,1.0,0.5,1.8,1.076660560386119
1,2202,1.0,0.5,1.8,1.0314508253859798
1,2203,1.0,0.5,1.8,0.42653375474580496
1,2204,1.0,0.5,1.8,1.5037962470741362
1,2205,1.0,0.5,1.8,1.0836622792961115
1,2206,1.0,0.5,1.8,0.5179478060609725
1,2207,1.0,0.5,1.8,1.307548507393545
1,2208,1.0,0.5,1.8,0.549112154369276
1,2209,1.0,0.5,1.8,1.1113301517896481
1,2210,1.0,0.5,1.8,0.9680442803494428
1,2211,1.0,0.5,1.8,0.7760604851678261
1,2212,1.0,0.5,1.8,0.15925084436715392
1,2213,1.0,0.5,1.8,1.4609992228623294
1,2214,1.0,0.5,1.8,1.264168617632079
1,2215,1.0,0.5,1.8,1.4117528349040271
1,2216,1.0,0.5,1.8,0.2936333722124549
1,2217,1.0,0.5,1.8,0.40962399443985825
1,2218,1.0,0.5,1.8,1.0788884702074055
1,2219,1.0,0.5,1.8,1.2599214082739063
1,2220,1.0,0.5,1.8,0.8668520584829672
1,2221,1.0,0.5,1.8,1.5120970407087855
1,2222,1.0,0.5,1.8,1.1316676634236853
1,2223,1.0,0.5,1.8,0.32825486459613856
1,2224,1.0,0.5,1.8,1.414497928306569
1,2225,1.0,0.5,1.8,0.6172118213756704
1,2226,1.0,0.5,1.8,0.40023564295489134
1,2227,1.0,0.5,1.8,1.061986291097042
1,2228,1.0,0.5,1.8,0.8242692125013609
1,2229,1.0,0.5,1.8,0.9135585218239479
1,2230,1.0,0.5,1.8,0.741716317065721
1,2231,1.0,0.5,1.8,1.237064458115153
1,2232,1.0,0.5,1.8,0.9751870617076973
1,2233,1.0,0.5,1.8,0.30441114324704915
1,2234,1.0,0.5,1.8,1.3048677378098057
1,2235,1.0,0.5,1.8,0.2795740555070232
1,2236,1.0,0.5,1.8,1.0171088235299304
1,2237,1.0,0.5,1.8,1.3193580422765603
1,2238,1.0,0.5,1.8,0.5388323582219295
1,2239,1.0,0.5,1.8,0.9599390005775092
1,2240,1.0,0.5,1.8,1.2329849257927774
1,2241,1.0,0.5,1.8,0.7257237465476735
1,2242,1.0,0.5,1.8,1.2018859681254161
1,2243,1.0,0.5,1.8,0.8649647812818855
1,2244,1.0,0.5,1.8,0.7471010196401209
1,2245,1.0,0.5,1.8,1.0639422801115208
1,2246,1.0,0.5,1.8,1.5014727315006315
1,2247,1.0,0.5,1.8,0.8280656450173773
1,2248,1.0,0.5,1.8,0.5913466866470937
1,2249,1.0,0.5,1.8,0.873113884710224
1,2250,1.0,0.5,1.8,0.4049960051904638
1,2251,1.0,0.5,1.8,0.10815978381733309
1,2252,1.0,0.5,1.8,0.8135724072013071
1,2253,1.0,0.5,1.8,0.8044525770560924
1,2254,1.0,0.5,1.8,1.3801385152375312
1,2255,1.0,0.5,1.8,0.95679051708246
1,2256,1.0,0.5,1.8,0.6979066514816861
1,2257,1.0,0.5,1.8,0.8725409211627912
1,2258,1.0,0.5,1.8,1.070603520966623
1,2259,1.0,0.5,1.8,0.9771837567451536
1,2260,1.0,0.5,1.8,0.993751556031314
1,2261,1.0,0.5,1.8,1.3810857788486086
1,2262,1.0,0.5,1.8,0.4544479295746353
1,2263,1.0,0.5,1.8,0.6205017075813153
1,2264,1.0,0.5,1.8,1.300367739637918
1,2265,1.0,0.5,1.8,0.27103723231400284
1,2266,1.0,0.5,1.8,1.35025010024061
1,2267,1.0,0.5,1.8,0.307775980945335
1,2268,1.0,0.5,1.8,1.0770292336986815
1,2269,1.0,0.5,1.8,0.7758554422095639
1,2270,1.0,0.5,1.8,0.9059553426280176
1,2271,1.0,0.5,1.8,0.7859801974274756
1,2272,1.0,0.5,1.8,1.147775461397617
1,2273,1.0,0.5,1.8,1.0571826284719885
1,2274,1.0,0.5,1.8,0.3830513196180253
1,2275,1.0,0.5,1.8,1.2863004643679288
1,2276,1.0,0.5,1.8,0.3872075223482972
1,2277,1.0,0.5,1.8,1.0454544662672591
1,2278,1.0,0.5,1.8,0.6917505343057727
1,2279,1.0,0.5,1.8,0.27151932241337673
1,2280,1.0,0.5,1.8,0.9756161986832694
1,2281,1.0,0.5,1.8,1.0135350364382079
1,2282,1.0,0.5,1.8,0.5430558379842897
1,2283,1.0,0.5,1.8,0.9743873125657426
1,2284,1.0,0.5,1.8,1.5460646075606892
1,2285,1.0,0.5,1.8,1.117316068065574
1,2286,1.0,0.5,1.8,1.065956803133788
1,2287,1.0,0.5,1.8,1.4055683466629172
1,2288,1.0,0.5,1.8,0.7260038696528548
1,2289,1.0,0.5,1.8,0.5843938749219832
1,2290,1.0,0.5,1.8,0.43632163765328863
1,2291,1.0,0.5,1.8,0.22388860516857345
1,2292,1.0,0.5,1.8,1.6343054880118184
1,2293,1.0,0.5,1.8,1.0673275694985662
1,2294,1.0,0.5,1.8,0.7599191533269112
1,2295,1.0,0.5,1.8,1.6782108081397178
1,2296,1.0,0.5,1.8,0.9516849186366133
1,2297,1.0,0.5,1.8,0.6464246328439268
1,2298,1.0,0.5,1.8,0.20499911605727833
1,2299,1.0,0.5,1.8,1.0594047791879535
1,2300,1.0,0.5,1.8,0.8706808024573197
1,2301,1.0,0.5,1.8,0.82806712390285
1,2302,1.0,0.5,1.8,1.2404693753731635
1,2303,1.0,0.5,1.8,1.175061073466581
1,2304,1.0,0.5,1.8,0.4298971633130614
1,2305,1.0,0.5,1.8,0.2562482834739251
1,2306,1.0,0.5,1.8,0.9689860446958466
1,2307,1.0,0.5,1.8,0.6583690521805518
1,2308,1.0,0.5,1.8,1.6761107178744652
1,2309,1.0,0.5,1.8,0.8777826773635364
1,2310,1.0,0.5,1.8,0.8880606943010827
1,2311,1.0,0.5,1.8,0.8717602488781033
1,2312,1.0,0.5,1.8,1.0746803552383979
1,2313,1.0,0.5,1.8,1.5044795936838011
1,2314,1.0,0.5,1.8,0.6038170032475854
1,2315,1.0,0.5,1.8,1.168154969167914
1,2316,1.0,0.5,1.8,0.6195560177941317
1,2317,1.0,0.5,1.8,1.2068934761893337
1,2318,1.0,0.5,1.8,0.4179759502155195
1,2319,1.0,0.5,1.8,1.5082615185989157
1,2320,1.0,0.5,1.8,1.028768258185206
1,2321,1.0,0.5,1.8,1.5129939791373503
1,2322,1.0,0.5,1.8,0.5562098781133425
1,2323,1.0,0.5,1.8,0.8164612035500446
1,2324,1.0,0.5,1.8,0.751306820166619
1,2325,1.0,0.5,1.8,0.9273372578733605
1,2326,1.0,0.5,1.8,0.40597588187569955
1,2327,1.0,0.5,1.8,0.3487159801354361
1,2328,1.0,0.5,1.8,0.41217656389598406
1,2329,1.0,0.5,1.8,0.5879457604463969
1,2330,1.0,0.5,1.8,1.3997469305337595
1,2331,1.0,0.5,1.8,0.21350636346772123
1,2332,1.0,0.5,1.8,0.4474929916610101
1,2333,1.0,0.5,1.8,0.7273613393148614
1,2334,1.0,0.5,1.8,1.2461137057215643
1,2335,1.0,0.5,1.8,0.5380163483279871
1,2336,1.0,0.5,1.8,0.9108199722138431
1,2337,1.0,0.5,1.8,0.7176796195686685
1,2338,1.0,0.5,1.8,1.045509460436102
1,2339,1.0,0.5,1.8,1.2720291853612422
1,2340,1.0,0.5,1.8,1.5293405788174876
1,2341,1.0,0.5,1.8,0.22207952927958038
1,2342,1.0,0.5,1.8,0.6239372121562566
1,2343,1.0,0.5,1.8,0.5595440550845231
1,2344,1.0,0.5,1.8,1.1315175109167328
1,2345,1.0,0.5,1.8,0.9182484566860005
1,2346,1.0,0.5,1.8,1.3822247118802238
1,2347,1.0,0.5,1.8,1.5070805556808338
1,2348,1.0,0.5,1.8,1.6213627983862853
1,2349,1.0,0.5,1.8,0.4454947979194966
1,2350,1.0,0.5,1.8,0.29986272270580777
1,2351,1.0,0.5,1.8,0.5673290027236103
1,2352,1.0,0.5,1.8,0.5901408382258942
1,2353,1.0,0.5,1.8,0.9636846619964732
1,2354,1.0,0.5,1.8,1.1271205271917828
1,2355,1.0,0.5,1.8,1.0372694369724758
1,2356,1.0,0.5,1.8,0.918528651105082
1,2357,1.0,0.5,1.8,0.20501202435814755
1,2358,1.0,0.5,1.8,0.831452888513298
1,2359,1.0,0.5,1.8,0.09003473025116623
1,2360,1.0,0.5,1.8,0.5550183996854693
1,2361,1.0,0.5,1.8,0.517785747997323
1,2362,1.0,0.5,1.8,0.7191851938681151
1,2363,1.0,0.5,1.8,0.23845898861198722
1,2364,1.0,0.5,1.8,1.5895077111881177
1,2365,1.0,0.5,1.8,1.0285137666933226
1,2366,1.0,0.5,1.8,0.32361434619929647
1,2367,1.0,0.5,1.8,0.6005956090489841
1,2368,1.0,0.5,1.8,0.9611081523034284
1,2369,1.0,0.5,1.8,1.1068739090060664
1,2370,1.0,0.5,1.8,0.7349152672545911
1,2371,1.0,0.5,1.8,0.4685918066898044
1,2372,1.0,0.5,1.8,0.8938608888700407
1,2373,1.0,0.5,1.8,0.4919253144881142
1,2374,1.0,0.5,1.8,1.482246295004746
1,2375,1.0,0.5,1.8,1.4385660276275773
1,2376,1.0,0.5,1.8,1.1792508912900388
1,2377,1.0,0.5,1.8,0.9315176087015165
1,2378,1.0,0.5,1.8,1.2010856700231036
1,2379,1.0,0.5,1.8,1.154502300429794
1,2380,1.0,0.5,1.8,1.0476482948445045
1,2381,1.0,0.5,1.8,0.7627007063286382
1,2382,1.0,0.5,1.8,0.9034113382193725
1,2383,1.0,0.5,1.8,0.2714120445331378
1,2384,1.0,0.5,1.8,0.7236886939418021
1,2385,1.0,0.5,1.8,0.3800507747358564
1,2386,1.0,0.5,1.8,1.0686825994220568
1,2387,1.0,0.5,1.8,1.5231653443665958
1,2388,1.0,0.5,1.8,1.3242218657515021
1,2389,1.0,0.5,1.8,0.5983772205011055
1,2390,1.0,0.5,1.8,0.49580801945688013
1,2391,1.0,0.5,1.8,1.024018069868759
1,2392,1.0,0.5,1.8,0.9342922891908122
1,2393,1.0,0.5,1.8,1.4349606333912546
1,2394,1.0,0.5,1.8,1.4136842268166419
1,2395,1.0,0.5,1.8,0.5751420929919371
1,2396,1.0,0.5,1.8,0.4802693646424557
1,2397,1.0,0.5,1.8,1.4083456594082955
1,2398,1.0,0.5,1.8,1.6147949231622245
1,2399,1.0,0.5,1.8,1.570467489108529
1,2400,1.0,0.5,1.8,0.639037905997971
1,2401,1.0,0.5,1.8,1.147411709956452
1,2402,1.0,0.5,1.8,1.689366188711584
1,2403,1.0,0.5,1.8,0.30253679403428624
1,2404,1.0,0.5,1.8,1.540168339481835
1,2405,1.0,0.5,1.8,0.716585106430767
1,2406,1.0,0.5,1.8,0.939122057477919
1,2407,1.0,0.5,1.8,0.5602244395312844
1,2408,1.0,0.5,1.8,0.9515896998054106
1,2409,1.0,0.5,1.8,0.8445691952822043
1,2410,1.0,0.5,1.8,0.7214916502672597
1,2411,1.0,0.5,1.8,0.7054067101741068
1,2412,1.0,0.5,1.8,1.142836692180379
1,2413,1.0,0.5,1.8,1.6145094535908182
1,2414,1.0,0.5,1.8,0.20988283259283952
1,2415,1.0,0.5,1.8,1.2221149472452155
1,2416,1.0,0.5,1.8,1.1353528104888575
1,2417,1.0,0.5,1.8,0.5535384937885282
1,2418,1.0,0.5,1.8,1.6661485452618974
1,2419,1.0,0.5,1.8,1.103980936586496
1,2420,1.0,0.5,1.8,0.14801126731065006
1,2421,1.0,0.5,1.8,0.07411855356150675
1,2422,1.0,0.5,1.8,0.5440238539215844
1,2423,1.0,0.5,1.8,0.7996368294585351
1,2424,1.0,0.5,1.8,1.0719230417279115
1,2425,1.0,0.5,1.8,0.5230026371601298
1,2426,1.0,0.5,1.8,0.9167555118760934
1,2427,1.0,0.5,1.8,1.1152884658012157
1,2428,1.0,0.5,1.8,0.9776002080263094
1,2429,1.0,0.5,1.8,1.6008276228515816
1,2430,1.0,0.5,1.8,0.4410172549240165
1,2431,1.0,0.5,1.8,0.5507618655937676
1,2432,1.0,0.5,1.8,0.5922961526350544
1,2433,1.0,0.5,1.8,1.3410729105541817
1,2434,1.0,0.5,1.8,1.484539286322643
1,2435,1.0,0.5,1.8,0.7618378096682167
1,2436,1.0,0.5,1.8,0.856313323723814
1,2437,1.0,0.5,1.8,0.4234857708518869
1,2438,1.0,0.5,1.8,0.33338830289760474
1,2439,1.0,0.5,1.8,0.6799991196178794
1,2440,1.0,0.5,1.8,1.5689564934960567
1,2441,1.0,0.5,1.8,1.0241226910533023
1,2442,1.0,0.5,1.8,1.5416123762819252
1,2443,1.0,0.5,1.8,1.3156489701967409
1,2444,1.0,0.5,1.8,1.2582947528423525
1,2445,1.0,0.5,1.8,1.0872117931705236
1,2446,1.0,0.5,1.8,1.139749163942477
1,2447,1.0,0.5,1.8,0.7321487223863807
1,2448,1.0,0.5,1.8,0.4949005191223821
1,2449,1.0,0.5,1.8,1.3585197982193122
1,2450,1.0,0.5,1.8,0.337737584749398
1,2451,1.0,0.5,1.8,1.3113082897364612
1,2452,1.0,0.5,1.8,0.8976763180962859
1,2453,1.0,0.5,1.8,0.44396137695545834
1,2454,1.0,0.5,1.8,0.9582811914839788
1,2455,1.0,0.5,1.8,1.0334281057052266
1,2456,1.0,0.5,1.8,1.0061509863876559
1,2457,1.0,0.5,1.8,1.4339262302754243
1,2458,1.0,0.5,1.8,1.0837058004853934
1,2459,1.0,0.5,1.8,1.0572107892913694
1,2460,1.0,0.5,1.8,0.3213115095133767
1,2461,1.0,0.5,1.8,1.4055368251657803
1,2462,1.0,0.5,1.8,1.2033586968423886
1,2463,1.0,0.5,1.8,1.725609163680463
1,2464,1.0,0.5,1.8,1.365966812133512
1,2465,1.0,0.5,1.8,1.3031959346526307
1,2466,1.0,0.5,1.8,0.574138271092192
1,2467,1.0,0.5,1.8,1.4941555528711672
1,2468,1.0,0.5,1.8,1.165770463344078
1,2469,1.0,0.5,1.8,0.4498099647271903
1,2470,1.0,0.5,1.8,0.5415455167251859
1,2471,1.0,0.5,1.8,0.6041583782771126
1,2472,1.0,0.5,1.8,1.0374055806098796
1,2473,1.0,0.5,1.8,0.487526106759955
1,2474,1.0,0.5,1.8,1.6125117228581838
1,2475,1.0,0.5,1.8,1.1798392435693024
1,2476,1.0,0.5,1.8,1.3084521960118536
1,2477,1.0,0.5,1.8,1.3894032755299108
1,2478,1.0,0.5,1.8,1.029306045036032
1,2479,1.0,0.5,1.8,1.1189529924778086
1,2480,1.0,0.5,1.8,0.7864307009166077
1,2481,1.0,0.5,1.8,0.3885135021467197
1,2482,1.0,0.5,1.8,0.5157988925169552
1,2483,1.0,0.5,1.8,0.8008997027087431
1,2484,1.0,0.5,1.8,1.4785140041381837
1,2485,1.0,0.5,1.8,0.8219989145552108
1,2486,1.0,0.5,1.8,1.2372515828959094
1,2487,1.0,0.5,1.8,0.864743331285739
1,2488,1.0,0.5,1.8,0.7046936101858717
1,2489,1.0,0.5,1.8,1.495127193191083
1,2490,1.0,0.5,1.8,1.2479820677360107
1,2491,1.0,0.5,1.8,1.704108565474713
1,2492,1.0,0.5,1.8,0.8749683553814254
1,2493,1.0,0.5,1.8,0.47506179280461186
1,2494,1.0,0.5,1.8,1.030920728288061
1,2495,1.0,0.5,1.8,1.306172846642036
1,2496,1.0,0.5,1.8,0.6303716899898617
1,2497,1.0,0.5,1.8,1.292486281714462
1,2498,1.0,0.5,1.8,0.998347796588944
1,2499,1.0,0.5,1.8,1.5220210415865634
1,2500,1.0,0.5,1.8,0.5272141847049838
1,2501,1.0,0.5,1.8,1.369275515501059
1,2502,1.0,0.5,1.8,0.6394261799680715
1,2503,1.0,0.5,1.8,1.4288780416296505
1,2504,1.0,0.5,1.8,1.04992762205823
1,2505,1.0,0.5,1.8,1.1856505900843335
1,2506,1.0,0.5,1.8,1.598436050164096
1,2507,1.0,0.5,1.8,0.3053293408750996
1,2508,1.0,0.5,1.8,0.8319074393538656
1,2509,1.0,0.5,1.8,1.2162445733013407
1,2510,1.0,0.5,1.8,0.3851499393380617
1,2511,1.0,0.5,1.8,0.46067215262967987
1,2512,1.0,0.5,1.8,0.08983128496122689
1,2513,1.0,0.5,1.8,1.3078316749342989
1,2514,1.0,0.5,1.8,1.0302626042046459
1,2515,1.0,0.5,1.8,0.40515259480980464
1,2516,1.0,0.5,1.8,1.0110787112381432
1,2517,1.0,0.5,1.8,0.661242674293019
1,2518,1.0,0.5,1.8,0.7868395942244206
1,2519,1.0,0.5,1.8,1.270386635700659
1,2520,1.0,0.5,1.8,0.9832428273253698
1,2521,1.0,0.5,1.8,1.2888457155267783
1,2522,1.0,0.5,1.8,1.6911426518615849
1,2523,1.0,0.5,1.8,0.5251059419895773
1,2524,1.0,0.5,1.8,1.4634520348260205
1,2525,1.0,0.5,1.8,1.3899228068836158
1,2526,1.0,0.5,1.8,0.3966466333513362
1,2527,1.0,0.5,1.8,1.0117601029247536
1,2528,1.0,0.5,1.8,0.27160949897844844
1,2529,1.0,0.5,1.8,1.177668332107408
1,2530,1.0,0.5,1.8,1.1749909300704096
1,2531,1.0,0.5,1.8,1.230522548991469
1,2532,1.0,0.5,1.8,0.41017590025448863
1,2533,1.0,0.5,1.8,1.4729923888877572
1,2534,1.0,0.5,1.8,1.512998989032574
1,2535,1.0,0.5,1.8,0.8746555004022819
1,2536,1.0,0.5,1.8,0.3939693181402259
1,2537,1.0,0.5,1.8,0.8713450315676524
1,2538,1.0,0.5,1.8,0.40275209119305266
1,2539,1.0,0.5,1.8,0.45924688153605886
1,2540,1.0,0.5,1.8,0.8039402531653439
1,2541,1.0,0.5,1.8,0.6573276150454056
1,2542,1.0,0.5,1.8,1.5881042868160404
1,2543,1.0,0.5,1.8,0.4906283960895687
1,2544,1.0,0.5,1.8,0.4892282847070848
1,2545,1.0,0.5,1.8,0.26660680105361234
1,2546,1.0,0.5,1.8,0.47831736770228217
1,2547,1.0,0.5,1.8,1.534218367022609
1,2548,1.0,0.5,1.8,0.4708582722545251
1,2549,1.0,0.5,1.8,0.4483437077201022
1,2550,1.0,0.5,1.8,0.9152696536260626
1,2551,1.0,0.5,1.8,0.36038684472187216
1,2552,1.0,0.5,1.8,1.353667487909895
1,2553,1.0,0.5,1.8,0.7174419792923249
1,2554,1.0,0.5,1.8,0.5099083140277896
1,2555,1.0,0.5,1.8,1.1335242662895721
1,2556,1.0,0.5,1.8,0.4913689495239502
1,2557,1.0,0.5,1.8,1.366886710228257
1,2558,1.0,0.5,1.8,0.8100173058644489
1,2559,1.0,0.5,1.8,0.37423437620636246
1,2560,1.0,0.5,1.8,0.5515382852700185
1,2561,1.0,0.5,1.8,0.3320954429437064
1,2562,1.0,0.5,1.8,1.00060733801855
1,2563,1.0,0.5,1.8,0.704303604041479
1,2564,1.0,0.5,1.8,0.6740995912136368
1,2565,1.0,0.5,1.8,0.21098343984022666
1,2566,1.0,0.5,1.8,0.9302021810479455
1,2567,1.0,0.5,1.8,1.2562026921595397
1,2568,1.0,0.5,1.8,0.34594309733335565
1,2569,1.0,0.5,1.8,0.44109528134495135
1,2570,1.0,0.5,1.8,0.4692585184691774
1,2571,1.0,0.5,1.8,0.9838399579285686
1,2572,1.0,0.5,1.8,0.9550360680958668
1,2573,1.0,0.5,1.8,0.8599481501237889
1,2574,1.0,0.5,1.8,1.3547787187905318
1,2575,1.0,0.5,1.8,1.3414574490797118
1,2576,1.0,0.5,1.8,0.6854936254621475
1,2577,1.0,0.5,1.8,0.6626567752412118
1,2578,1.0,0.5,1.8,0.2934439385500491
1,2579,1.0,0.5,1.8,1.410489747895202
1,2580,1.0,0.5,1.8,1.4436728370615983
1,2581,1.0,0.5,1.8,0.2774745363456393
1,2582,1.0,0.5,1.8,0.7334928812670013
1,2583,1.0,0.5,1.8,1.241217155142018
1,2584,1.0,0.5,1.8,0.5992199104241115
1,2585,1.0,0.5,1.8,1.1983578009806013
1,2586,1.0,0.5,1.8,0.9147203600895355
1,2587,1.0,0.5,1.8,0.5950357660804556
1,2588,1.0,0.5,1.8,0.8274690491765779
1,2589,1.0,0.5,1.8,1.1183557725399285
1,2590,1.0,0.5,1.8,1.1099203957307284
1,2591,1.0,0.5,1.8,0.8316272379828378
1,2592,1.0,0.5,1.8,0.9075329735472316
1,2593,1.0,0.5,1.8,1.2687529166289049
1,2594,1.0,0.5,1.8,1.2099524249626987
1,2595,1.0,0.5,1.8,1.4582042160569528
1,2596,1.0,0.5,1.8,1.101907224287422
1,2597,1.0,0.5,1.8,0.8430182038162061
1,2598,1.0,0.5,1.8,0.2305843003654718
1,2599,1.0,0.5,1.8,0.4721920627177377
1,2600,1.0,0.5,1.8,0.4662164544965218
1,2601,1.0,0.5,1.8,0.7592845621269196
1,2602,1.0,0.5,1.8,1.3536031650244447
1,2603,1.0,0.5,1.8,1.3387643541445042
1,2604,1.0,0.5,1.8,0.9458344148601215
1,2605,1.0,0.5,1.8,0.35070133026056405
1,2606,1.0,0.5,1.8,0.7104946579333425
1,2607,1.0,0.5,1.8,0.5421719649857633
1,2608,1.0,0.5,1.8,1.4523274346440977
1,2609,1.0,0.5,1.8,0.6900378826556166
1,2610,1.0,0.5,1.8,0.6295688642308577
1,2611,1.0,0.5,1.8,1.3886803956266913
1,2612,1.0,0.5,1.8,1.6529443791851088
1,2613,1.0,0.5,1.8,1.4019664305602573
1,2614,1.0,0.5,1.8,1.1351501801970945
1,2615,1.0,0.5,1.8,0.5350094860670325
1,2616,1.0,0.5,1.8,0.5125559556580973
1,2617,1.0,0.5,1.8,0.27146320974063803
1,2618,1.0,0.5,1.8,1.0645750406572414
1,2619,1.0,0.5,1.8,0.6716570133266202
1,2620,1.0,0.5,1.8,0.8680750635048087
1,2621,1.0,0.5,1.8,0.9115722766666461
1,2622,1.0,0.5,1.8,0.9300112346087265
1,2623,1.0,0.5,1.8,1.519109322706385
1,2624,1.0,0.5,1.8,0.5761953267111983
1,2625,1.0,0.5,1.8,1.5346770614811056
1,2626,1.0,0.5,1.8,1.3322766729688131
1,2627,1.0,0.5,1.8,1.0959046277454414
1,2628,1.0,0.5,1.8,1.1987965876678448
1,2629,1.0,0.5,1.8,1.3503005868212479
1,2630,1.0,0.5,1.8,1.1231588521435532
1,2631,1.0,0.5,1.8,1.6478237290535689
1,2632,1.0,0.5,1.8,0.12258446240746744
1,2633,1.0,0.5,1.8,0.7692087164087779
1,2634,1.0,0.5,1.8,0.15922939008000764
1,2635,1.0,0.5,1.8,1.1693088851296858
1,2636,1.0,0.5,1.8,0.21300827077490023
1,2637,1.0,0.5,1.8,0.5602063183506854
1,2638,1.0,0.5,1.8,1.5694341681119475
1,2639,1.0,0.5,1.8,1.5009025390537207
1,2640,1.0,0.5,1.8,1.3251099192198443
1,2641,1.0,0.5,1.8,0.3482952238258535
1,2642,1.0,0.5,1.8,1.0031265439476595
1,2643,1.0,0.5,1.8,1.5303417261989802
1,2644,1.0,0.5,1.8,1.4929977245070254
1,2645,1.0,0.5,1.8,1.0855655698661621
1,2646,1.0,0.5,1.8,1.3041064054731217
1,2647,1.0,0.5,1.8,0.6631496136638847
1,2648,1.0,0.5,1.8,1.5329736689788138
1,2649,1.0,0.5,1.8,1.473154224578296
1,2650,1.0,0.5,1.8,1.433451853408521
1,2651,1.0,0.5,1.8,0.4990349601597469
1,2652,1.0,0.5,1.8,0.8124244881292024
1,2653,1.0,0.5,1.8,0.8033325873232073
1,2654,1.0,0.5,1.8,1.4623663575237276
1,2655,1.0,0.5,1.8,0.9180789267794306
1,2656,1.0,0.5,1.8,1.373228132795098
1,2657,1.0,0.5,1.8,1.4072731501878988
1,2658,1.0,0.5,1.8,1.1455613551123174
1,2659,1.0,0.5,1.8,0.5894666377618711
1,2660,1.0,0.5,1.8,0.46185905421167134
1,2661,1.0,0.5,1.8,0.7141274117963985
1,2662,1.0,0.5,1.8,1.409518398489202
1,2663,1.0,0.5,1.8,0.808811854795236
1,2664,1.0,0.5,1.8,1.6784261127940805
1,2665,1.0,0.5,1.8,1.1531160993881142
1,2666,1.0,0.5,1.8,1.4161897094490923
1,2667,1.0,0.5,1.8,0.6160770611885397
1,2668,1.0,0.5,1.8,1.0645118626458339
1,2669,1.0,0.5,1.8,1.2721149293041663
1,2670,1.0,0.5,1.8,0.47714215978443125
1,2671,1.0,0.5,1.8,1.0784186641308313
1,2672,1.0,0.5,1.8,0.8338314167854716
1,2673,1.0,0.5,1.8,1.2453546653609078
1,2674,1.0,0.5,1.8,0.5995841466966995
1,2675,1.0,0.5,1.8,1.1127195008870276
1,2676,1.0,0.5,1.8,0.1481335489490183
1,2677,1.0,0.5,1.8,1.5485896591919757
1,2678,1.0,0.5,1.8,0.9157581607159231
1,2679,1.0,0.5,1.8,0.39487243618018986
1,2680,1.0,0.5,1.8,1.2369373935541652
1,2681,1.0,0.5,1.8,0.17573485696881397
1,2682,1.0,0.5,1.8,1.5015429424463944
1,2683,1.0,0.5,1.8,0.7660518857325701
1,2684,1.0,0.5,1.8,0.32827230556114523
1,2685,1.0,0.5,1.8,0.6369290074673328
1,2686,1.0,0.5,1.8,1.1541473696320073
1,2687,1.0,0.5,1.8,1.5360452045424295
1,2688,1.0,0.5,1.8,1.2868084554146435
1,2689,1.0,0.5,1.8,1.0819159062251804
1,2690,1.0,0.5,1.8,0.8983437930567961
1,2691,1.0,0.5,1.8,0.9418604531203323
1,2692,1.0,0.5,1.8,0.8899744898695542
1,2693,1.0,0.5,1.8,0.42115351702126236
1,2694,1.0,0.5,1.8,1.2765977858571085
1,2695,1.0,0.5,1.8,1.1974286497731863
1,2696,1.0,0.5,1.8,0.46907712451269273
1,2697,1.0,0.5,1.8,1.1349387188616957
1,2698,1.0,0.5,1.8,0.7392430777813336
1,2699,1.0,0.5,1.8,0.46334294400638965
1,2700,1.0,0.5,1.8,1.4603819587270195
1,2701,1.0,0.5,1.8,0.31125093002721926
1,2702,1.0,0.5,1.8,0.6523003621222973
1,2703,1.0,0.5,1.8,1.527515876882967
1,2704,1.0,0.5,1.8,1.713813585932016
1,2705,1.0,0.5,1.8,0.3702474918493631
1,2706,1.0,0.5,1.8,0.9856162331882297
1,2707,1.0,0.5,1.8,0.26224981558605326
1,2708,1.0,0.5,1.8,0.9701405367202901
1,2709,1.0,0.5,1.8,0.6218223572067154
1,2710,1.0,0.5,1.8,0.5723048590067861
1,2711,1.0,0.5,1.8,0.23839338927809522
1,2712,1.0,0.5,1.8,1.3995324750560083
1,2713,1.0,0.5,1.8,1.5710132285086431
1,2714,1.0,0.5,1.8,0.6953938940707118
1,2715,1.0,0.5,1.8,1.1905409827170867
1,2716,1.0,0.5,1.8,0.8143593700597374
1,2717,1.0,0.5,1.8,0.7143098489688621
1,2718,1.0,0.5,1.8,1.337878790393712
1,2719,1.0,0.5,1.8,0.7641481337933855
1,2720,1.0,0.5,1.8,0.7696258367513586
1,2721,1.0,0.5,1.8,0.4679793014097083
1,2722,1.0,0.5,1.8,1.065744198688736
1,2723,1.0,0.5,1.8,1.6284701171114335
1,2724,1.0,0.5,1.8,0.6084856106093447
1,2725,1.0,0.5,1.8,0.11951189625323087
1,2726,1.0,0.5,1.8,0.6839943396658338
1,2727,1.0,0.5,1.8,1.2212981376524965
1,2728,1.0,0.5,1.8,0.9331541380320129
1,2729,1.0,0.5,1.8,0.7190455461970177
1,2730,1.0,0.5,1.8,1.5675418533414995
1,2731,1.0,0.5,1.8,1.4602610859943042
1,2732,1.0,0.5,1.8,1.044304903953318
1,2733,1.0,0.5,1.8,0.21466291717921018
1,2734,1.0,0.5,1.8,0.8556651267981747
1,2735,1.0,0.5,1.8,1.1105156092584823
1,2736,1.0,0.5,1.8,0.23131372109970194
1,2737,1.0,0.5,1.8,0.3091237569541245
1,2738,1.0,0.5,1.8,0.5448604935650974
1,2739,1.0,0.5,1.8,1.2044620030228004
1,2740,1.0,0.5,1.8,1.06021396432818
1,2741,1.0,0.5,1.8,0.4428550122151487
1,2742,1.0,0.5,1.8,0.5677888046606965
1,2743,1.0,0.5,1.8,0.568081869065083
1,2744,1.0,0.5,1.8,0.8186349288117754
1,2745,1.0,0.5,1.8,0.6992161671509739
1,2746,1.0,0.5,1.8,1.0319832468879149
1,2747,1.0,0.5,1.8,1.2882273386887317
1,2748,1.0,0.5,1.8,0.6670335645300821
1,2749,1.0,0.5,1.8,1.4197302223588129
1,2750,1.0,0.5,1.8,0.6840681701018044
1,2751,1.0,0.5,1.8,0.6598128955297857
1,2752,1.0,0.5,1.8,0.19552884673633747
1,2753,1.0,0.5,1.8,0.598620197478772
1,2754,1.0,0.5,1.8,0.5442815463371887
1,2755,1.0,0.5,1.8,1.0156411332675988
1,2756,1.0,0.5,1.8,1.540877825729202
1,2757,1.0,0.5,1.8,1.387004023712316
1,2758,1.0,0.5,1.8,0.9874863721893505
1,2759,1.0,0.5,1.8,0.9878883109070983
1,2760,1.0,0.5,1.8,0.7148198869999731
1,2761,1.0,0.5,1.8,0.4490178362016016
1,2762,1.0,0.5,1.8,0.3692767164992093
1,2763,1.0,0.5,1.8,1.1977430038303367
1,2764,1.0,0.5,1.8,1.3319294005599585
1,2765,1.0,0.5,1.8,1.4283018465816253
1,2766,1.0,0.5,1.8,0.21598568377426158
1,2767,1.0,0.5,1.8,0.44512756977965745
1,2768,1.0,0.5,1.8,0.060746340942217286
1,2769,1.0,0.5,1.8,1.2239237534648908
1,2770,1.0,0.5,1.8,0.42259032025127014
1,2771,1.0,0.5,1.8,0.5890382592105131
1,2772,1.0,0.5,1.8,1.2842208266368984
1,2773,1.0,0.5,1.8,1.336185232511302
1,2774,1.0,0.5,1.8,0.45292862591514393
1,2775,1.0,0.5,1.8,1.1930546409588831
1,2776,1.0,0.5,1.8,1.1489972592577067
1,2777,1.0,0.5,1.8,1.5298542678270934
1,2778,1.0,0.5,1.8,0.5251393242190637
1,2779,1.0,0.5,1.8,1.495002221053971
1,2780,1.0,0.5,1.8,0.8819929396132278
1,2781,1.0,0.5,1.8,0.5830446585569654
1,2782,1.0,0.5,1.8,0.896589295205524
1,2783,1.0,0.5,1.8,1.631537920766084
1,2784,1.0,0.5,1.8,1.0247988650372877
1,2785,1.0,0.5,1.8,0.778937257406594
1,2786,1.0,0.5,1.8,1.3595217518396092
1,2787,1.0,0.5,1.8,0.6352585124999076
1,2788,1.0,0.5,1.8,1.4909057618067676
1,2789,1.0,0.5,1.8,1.2101910962769806
1,2790,1.0,0.5,1.8,1.1191060071156884
1,2791,1.0,0.5,1.8,0.9583744283519449
1,2792,1.0,0.5,1.8,1.6556990104883582
1,2793,1.0,0.5,1.8,0.6511147489589871
1,2794,1.0,0.5,1.8,1.098874242425054
1,2795,1.0,0.5,1.8,0.2650390763184336
1,2796,1.0,0.5,1.8,0.9680596977532004
1,2797,1.0,0.5,1.8,1.570713630123784
1,2798,1.0,0.5,1.8,0.953269741110465
1,2799,1.0,0.5,1.8,0.7180448488650435
1,2800,1.0,0.5,1.8,1.574471403932422
1,2801,1.0,0.5,1.8,1.2103140195385105
1,2802,1.0,0.5,1.8,0.973360078900034
1,2803,1.0,0.5,1.8,0.623319850306548
1,2804,1.0,0.5,1.8,0.8750150364375945
1,2805,1.0,0.5,1.8,0.9193805993577515
1,2806,1.0,0.5,1.8,0.4793075044948212
1,2807,1.0,0.5,1.8,0.386939351464225
1,2808,1.0,0.5,1.8,1.393772615521315
1,2809,1.0,0.5,1.8,0.5579372353668727
1,2810,1.0,0.5,1.8,1.426610694211491
1,2811,1.0,0.5,1.8,0.4917307489988825
1,2812,1.0,0.5,1.8,0.392230276964158
1,2813,1.0,0.5,1.8,0.8314455215005667
1,2814,1.0,0.5,1.8,0.7585311605421164
1,2815,1.0,0.5,1.8,0.8757534774630866
1,2816,1.0,0.5,1.8,0.8015209295257658
1,2817,1.0,0.5,1.8,0.39238180538988665
1,2818,1.0,0.5,1.8,0.8449738884971254
1,2819,1.0,0.5,1.8,0.5996954761996389
1,2820,1.0,0.5,1.8,1.4698496577307922
1,2821,1.0,0.5,1.8,1.4775180275427209
1,2822,1.0,0.5,1.8,0.6463977542307823
1,2823,1.0,0.5,1.8,0.791640329462673
1,2824,1.0,0.5,1.8,1.359177697846423
1,2825,1.0,0.5,1.8,0.4971489557351288
1,2826,1.0,0.5,1.8,0.5889490377148588
1,2827,1.0,0.5,1.8,1.4467219667213398
1,2828,1.0,0.5,1.8,1.1054639563287219
1,2829,1.0,0.5,1.8,1.4619662710021077
1,2830,1.0,0.5,1.8,0.49913651902473605
1,2831,1.0,0.5,1.8,0.48958060236853795
1,2832,1.0,0.5,1.8,0.8417827229855427
1,2833,1.0,0.5,1.8,0.6043728618618884
1,2834,1.0,0.5,1.8,0.8982394551891818
1,2835,1.0,0.5,1.8,0.5781632710317743
1,2836,1.0,0.5,1.8,0.5594478387918873
1,2837,1.0,0.5,1.8,1.3190364229616591
1,2838,1.0,0.5,1.8,1.210073165577029
1,2839,1.0,0.5,1.8,0.6445633235916057
1,2840,1.0,0.5,1.8,1.1444639349627967
1,2841,1.0,0.5,1.8,0.9346856495315264
1,2842,1.0,0.5,1.8,0.6541848763088843
1,2843,1.0,0.5,1.8,1.0604436971738858
1,2844,1.0,0.5,1.8,0.20631069542448033
1,2845,1.0,0.5,1.8,0.7519964300560535
1,2846,1.0,0.5,1.8,0.6680263311051384
1,2847,1.0,0.5,1.8,0.7643562889122946
1,2848,1.0,0.5,1.8,0.9506338491874909
1,2849,1.0,0.5,1.8,0.7178035471026244
1,2850,1.0,0.5,1.8,1.4509787303829917
1,2851,1.0,0.5,1.8,0.7233883902606553
1,2852,1.0,0.5,1.8,1.1661842766563428
1,2853,1.0,0.5,1.8,0.20624946238960856
1,2854,1.0,0.5,1.8,0.7248130277792757
1,2855,1.0,0.5,1.8,1.4197226986468194
1,2856,1.0,0.5,1.8,1.3284399932303688
1,2857,1.0,0.5,1.8,1.0806577009776268
1,2858,1.0,0.5,1.8,0.8358025003750477
1,2859,1.0,0.5,1.8,1.525760607296444
1,2860,1.0,0.5,1.8,1.1407367345668549
1,2861,1.0,0.5,1.8,0.9744924869200321
1,2862,1.0,0.5,1.8,1.2085327602948057
1,2863,1.0,0.5,1.8,0.87020072002356
1,2864,1.0,0.5,1.8,0.388278282115204
1,2865,1.0,0.5,1.8,0.889486016101969
1,2866,1.0,0.5,1.8,1.1249922412817481
1,2867,1.0,0.5,1.8,0.5304971639306884
1,2868,1.0,0.5,1.8,1.3023756720976807
1,2869,1.0,0.5,1.8,0.819110432008358
1,2870,1.0,0.5,1.8,0.722358555831505
1,2871,1.0,0.5,1.8,1.2722100284345983
1,2872,1.0,0.5,1.8,1.3471935280930154
1,2873,1.0,0.5,1.8,0.9647368575683326
1,2874,1.0,0.5,1.8,1.0928607554548546
1,2875,1.0,0.5,1.8,1.3006261166194957
1,2876,1.0,0.5,1.8,1.0058673968632046
1,2877,1.0,0.5,1.8,0.29365712456529935
1,2878,1.0,0.5,1.8,1.4715626281704133
1,2879,1.0,0.5,1.8,1.3440133168193715
1,2880,1.0,0.5,1.8,1.498538100275985
1,2881,1.0,0.5,1.8,0.8869150961709589
1,2882,1.0,0.5,1.8,0.6897977886980724
1,2883,1.0,0.5,1.8,0.9622688164999561
1,2884,1.0,0.5,1.8,1.0752788641362743
1,2885,1.0,0.5,1.8,1.0688814532756257
1,2886,1.0,0.5,1.8,1.0677319133814278
1,2887,1.0,0.5,1.8,0.7085354933840937
1,2888,1.0,0.5,1.8,0.5819632525452507
1,2889,1.0,0.5,1.8,0.4334266996742133
1,2890,1.0,0.5,1.8,0.6168400059572542
1,2891,1.0,0.5,1.8,1.1822862473127906
1,2892,1.0,0.5,1.8,1.1649839869566232
1,2893,1.0,0.5,1.8,1.2449757494308342
1,2894,1.0,0.5,1.8,1.0594550508263287
1,2895,1.0,0.5,1.8,0.5504224330056979
1,2896,1.0,0.5,1.8,0.6080487151440563
1,2897,1.0,0.5,1.8,1.129245331896975
1,2898,1.0,0.5,1.8,0.728566664362831
1,2899,1.0,0.5,1.8,0.8280496716510302
1,2900,1.0,0.5,1.8,1.752780158184224
1,2901,1.0,0.5,1.8,0.0628683985164378
1,2902,1.0,0.5,1.8,0.7143128811322781
1,2903,1.0,0.5,1.8,1.2831936642091177
1,2904,1.0,0.5,1.8,0.42274853375550864
1,2905,1.0,0.5,1.8,0.7669030966249989
1,2906,1.0,0.5,1.8,0.8643011262006651
1,2907,1.0,0.5,1.8,0.880652655693782
1,2908,1.0,0.5,1.8,1.082454333392379
1,2909,1.0,0.5,1.8,0.20595676281358952
1,2910,1.0,0.5,1.8,0.6506471150106446
1,2911,1.0,0.5,1.8,0.5422387445926455
1,2912,1.0,0.5,1.8,0.6082140471073884
1,2913,1.0,0.5,1.8,1.1298062434734018
1,2914,1.0,0.5,1.8,1.3070108811696266
1,2915,1.0,0.5,1.8,1.0749569934569994
1,2916,1.0,0.5,1.8,1.3837419176021328
1,2917,1.0,0.5,1.8,0.8605196853139131
1,2918,1.0,0.5,1.8,1.12513804336228
1,2919,1.0,0.5,1.8,0.12898110773943636
1,2920,1.0,0.5,1.8,0.8762669344326549
1,2921,1.0,0.5,1.8,0.7101050689880564
1,2922,1.0,0.5,1.8,0.04786387200134994
1,2923,1.0,0.5,1.8,0.6891797660800796
1,2924,1.0,0.5,1.8,0.7304953119302932
1,2925,1.0,0.5,1.8,0.8897002731701928
1,2926,1.0,0.5,1.8,0.8803745161373215
1,2927,1.0,0.5,1.8,0.4419899084635085
1,2928,1.0,0.5,1.8,1.2823857441740696
1,2929,1.0,0.5,1.8,1.4351777322072587
1,2930,1.0,0.5,1.8,1.080663838526013
1,2931,1.0,0.5,1.8,0.6508225034823224
1,2932,1.0,0.5,1.8,1.0079952808358252
1,2933,1.0,0.5,1.8,0.9189467092820216
1,2934,1.0,0.5,1.8,0.51617258339359
1,2935,1.0,0.5,1.8,0.19385849024068494
1,2936,1.0,0.5,1.8,1.1939256464136725
1,2937,1.0,0.5,1.8,0.9699991630248813
1,2938,1.0,0.5,1.8,1.1866017470107384
1,2939,1.0,0.5,1.8,1.7035608271714404
1,2940,1.0,0.5,1.8,1.228943518354894
1,2941,1.0,0.5,1.8,0.8332451563243373
1,2942,1.0,0.5,1.8,0.7085075956208875
1,2943,1.0,0.5,1.8,0.7018903093265902
1,2944,1.0,0.5,1.8,1.2539832526941759
1,2945,1.0,0.5,1.8,0.30749648944582514
1,2946,1.0,0.5,1.8,1.0943518475687823
1,2947,1.0,0.5,1.8,0.5120064415277847
1,2948,1.0,0.5,1.8,1.6969309548589333
1,2949,1.0,0.5,1.8,0.8173603019008565
1,2950,1.0,0.5,1.8,0.46677472712635254
1,2951,1.0,0.5,1.8,0.940225277795236
1,2952,1.0,0.5,1.8,0.6370741117925987
1,2953,1.0,0.5,1.8,0.4125367252648182
1,2954,1.0,0.5,1.8,0.5788963033509357
1,2955,1.0,0.5,1.8,1.6943986436387557
1,2956,1.0,0.5,1.8,1.063757661085675
1,2957,1.0,0.5,1.8,0.6694872360755019
1,2958,1.0,0.5,1.8,0.8166315678727133
1,2959,1.0,0.5,1.8,0.7769576258637091
1,2960,1.0,0.5,1.8,0.43020419608923
1,2961,1.0,0.5,1.8,1.0714124701403982
1,2962,1.0,0.5,1.8,1.2129624029907717
1,2963,1.0,0.5,1.8,0.7907084981441777
1,2964,1.0,0.5,1.8,0.7277600115723366
1,2965,1.0,0.5,1.8,1.2803613188308938
1,2966,1.0,0.5,1.8,1.6120423289152186
1,2967,1.0,0.5,1.8,0.06088158671048833
1,2968,1.0,0.5,1.8,1.0387776411822023
1,2969,1.0,0.5,1.8,0.7896769885120832
1,2970,1.0,0.5,1.8,0.9764455100316429
1,2971,1.0,0.5,1.8,0.4375528216863825
1,2972,1.0,0.5,1.8,1.1757419798396984
1,2973,1.0,0.5,1.8,0.343125588125068
1,2974,1.0,0.5,1.8,0.8588896539868978
1,2975,1.0,0.5,1.8,0.1572925493429741
1,2976,1.0,0.5,1.8,1.0849592643222479
1,2977,1.0,0.5,1.8,0.698487898794137
1,2978,1.0,0.5,1.8,0.39156293090792943
1,2979,1.0,0.5,1.8,0.1967619549066992
1,2980,1.0,0.5,1.8,1.7358556792187776
1,2981,1.0,0.5,1.8,0.7966181688443418
1,2982,1.0,0.5,1.8,1.0971908175373581
1,2983,1.0,0.5,1.8,0.6542004090295319
1,2984,1.0,0.5,1.8,1.2539713189109272
1,2985,1.0,0.5,1.8,1.4319008946387406
1,2986,1.0,0.5,1.8,0.4935373706368285
1,2987,1.0,0.5,1.8,0.6478711557966789
1,2988,1.0,0.5,1.8,1.3642403862466665
1,2989,1.0,0.5,1.8,1.3679364357088484
1,2990,1.0,0.5,1.8,0.7540191136641601
1,2991,1.0,0.5,1.8,0.7755108768086215
1,2992,1.0,0.5,1.8,0.6025894799124625
1,2993,1.0,0.5,1.8,0.3935857607005646
1,2994,1.0,0.5,1.8,1.6373949563673305
1,2995,1.0,0.5,1.8,0.3353280515810902
1,2996,1.0,0.5,1.8,1.0277462531302335
1,2997,1.0,0.5,1.8,0.8102953655713573
1,2998,1.0,0.5,1.8,0.5299955132882584
1,2999,1.0,0.5,1.8,0.4263908441885418
1,3000,1.0,0.5,1.8,0.8555895125379092
1,3001,1.0,0.5,1.8,1.5054793795590018
1,3002,1.0,0.5,1.8,0.8065140331189414
1,3003,1.0,0.5,1.8,1.1465224961835228
1,3004,1.0,0.5,1.8,1.2379321363601306
1,3005,1.0,0.5,1.8,0.8372030768922651
1,3006,1.0,0.5,1.8,1.4553923484825688
1,3007,1.0,0.5,1.8,0.43669072578429824
1,3008,1.0,0.5,1.8,1.360029265103469
1,3009,1.0,0.5,1.8,0.2546390099436825
1,3010,1.0,0.5,1.8,0.9954632063100839
1,3011,1.0,0.5,1.8,0.43818492103798523
1,3012,1.0,0.5,1.8,1.181294711538292
1,3013,1.0,0.5,1.8,1.3153853905921715
1,3014,1.0,0.5,1.8,1.225436399576472
1,3015,1.0,0.5,1.8,0.7334174354335009
1,3016,1.0,0.5,1.8,0.8264889619419864
1,3017,1.0,0.5,1.8,1.128551392051092
1,3018,1.0,0.5,1.8,0.9447915184027305
1,3019,1.0,0.5,1.8,0.2029908442480794
1,3020,1.0,0.5,1.8,0.4481842174536961
1,3021,1.0,0.5,1.8,1.7816232658993014
1,3022,1.0,0.5,1.8,0.509182758878677
1,3023,1.0,0.5,1.8,0.2946391447261909
1,3024,1.0,0.5,1.8,1.4688435145216008
1,3025,1.0,0.5,1.8,0.8650830480501916
1,3026,1.0,0.5,1.8,1.3377578506677332
1,3027,1.0,0.5,1.8,0.27216521292206747
1,3028,1.0,0.5,1.8,1.112061119776532
1,3029,1.0,0.5,1.8,0.9113065063277469
1,3030,1.0,0.5,1.8,0.4874239684834471
1,3031,1.0,0.5,1.8,0.4432966688664177
1,3032,1.0,0.5,1.8,1.2581819332314734
1,3033,1.0,0.5,1.8,1.3793643015912886
1,3034,1.0,0.5,1.8,0.7481473178448443
1,3035,1.0,0.5,1.8,1.7638478143394223
1,3036,1.0,0.5,1.8,0.06468769804270331
1,3037,1.0,0.5,1.8,1.4095259973025325
1,3038,1.0,0.5,1.8,0.06602833086719526
1,3039,1.0,0.5,1.8,1.2107164202605543
1,3040,1.0,0.5,1.8,0.9734987509858888
1,3041,1.0,0.5,1.8,1.187166810736018
1,3042,1.0,0.5,1.8,0.8557112949042641
1,3043,1.0,0.5,1.8,0.24600306569911257
1,3044,1.0,0.5,1.8,1.0243648343798664
1,3045,1.0,0.5,1.8,1.1986570321939058
1,3046,1.0,0.5,1.8,0.9911065083149229
1,3047,1.0,0.5,1.8,1.2326381783505023
1,3048,1.0,0.5,1.8,0.8399668130138472
1,3049,1.0,0.5,1.8,1.4229154390991592
1,3050,1.0,0.5,1.8,1.1947819306048222
1,3051,1.0,0.5,1.8,1.5181762403811192
1,3052,1.0,0.5,1.8,0.3881592228702633
1,3053,1.0,0.5,1.8,0.8254444643150862
1,3054,1.0,0.5,1.8,1.5460038474341788
1,3055,1.0,0.5,1.8,0.6722111301491566
1,3056,1.0,0.5,1.8,0.6669240704369548
1,3057,1.0,0.5,1.8,0.2031497163058692
1,3058,1.0,0.5,1.8,1.234203832380821
1,3059,1.0,0.5,1.8,1.2062714383974535
1,3060,1.0,0.5,1.8,1.5777750978453058
1,3061,1.0,0.5,1.8,1.0041161852756668
1,3062,1.0,0.5,1.8,1.0329466520496615
1,3063,1.0,0.5,1.8,1.0857663162993232
1,3064,1.0,0.5,1.8,1.5977824756153345
1,3065,1.0,0.5,1.8,0.5307961735744108
1,3066,1.0,0.5,1.8,0.9946182730687801
1,3067,1.0,0.5,1.8,1.0863334584514552
1,3068,1.0,0.5,1.8,0.6948551565817227
1,3069,1.0,0.5,1.8,1.0240692088029058
1,3070,1.0,0.5,1.8,0.3936547584005358
1,3071,1.0,0.5,1.8,0.4979694637038288
1,3072,1.0,0.5,1.8,1.2246303958395703
1,3073,1.0,0.5,1.8,0.8273359194640109
1,3074,1.0,0.5,1.8,1.545385804268622
1,3075,1.0,0.5,1.8,0.40650054116459866
1,3076,1.0,0.5,1.8,0.8977328425693756
1,3077,1.0,0.5,1.8,1.2944835896973652
1,3078,1.0,0.5,1.8,1.4751350453137637
1,3079,1.0,0.5,1.8,1.2679756069720574
1,3080,1.0,0.5,1.8,0.16408942840857582
1,3081,1.0,0.5,1.8,1.0622517216654832
1,3082,1.0,0.5,1.8,1.282601767214017
1,3083,1.0,0.5,1.8,1.182387687926558
1,3084,1.0,0.5,1.8,1.3013061089701217
1,3085,1.0,0.5,1.8,0.6691071287454173
1,3086,1.0,0.5,1.8,1.2299691230980492
1,3087,1.0,0.5,1.8,0.4357577426987603
1,3088,1.0,0.5,1.8,0.5664119850981337
1,3089,1.0,0.5,1.8,0.7378529130150174
1,3090,1.0,0.5,1.8,0.8063692355236597
1,3091,1.0,0.5,1.8,1.5096079206522413
1,3092,1.0,0.5,1.8,0.9460678056231501
1,3093,1.0,0.5,1.8,0.9958636808890723
1,3094,1.0,0.5,1.8,0.7381201943021468
1,3095,1.0,0.5,1.8,1.5325530228789228
1,3096,1.0,0.5,1.8,1.0935035684908951
1,3097,1.0,0.5,1.8,1.2753950203780882
1,3098,1.0,0.5,1.8,0.17945382438722202
1,3099,1.0,0.5,1.8,1.2246011098646539
1,3100,1.0,0.5,1.8,1.1889978718791487
1,3101,1.0,0.5,1.8,0.5766456022009834
1,3102,1.0,0.5,1.8,0.5991695670197845
1,3103,1.0,0.5,1.8,1.355064591551597
1,3104,1.0,0.5,1.8,0.976766372657444
1,3105,1.0,0.5,1.8,0.8646084570959919
1,3106,1.0,0.5,1.8,0.6541536876578141
1,3107,1.0,0.5,1.8,1.540742795692001
1,3108,1.0,0.5,1.8,0.943020091895221
1,3109,1.0,0.5,1.8,1.1268794293952524
1,3110,1.0,0.5,1.8,1.2999163830151343
1,3111,1.0,0.5,1.8,1.3340432301074376
1,3112,1.0,0.5,1.8,0.4284155292654189
1,3113,1.0,0.5,1.8,0.952358986117981
1,3114,1.0,0.5,1.8,0.9243156209980437
1,3115,1.0,0.5,1.8,0.9441438775751314
1,3116,1.0,0.5,1.8,0.8416609431469868
1,3117,1.0,0.5,1.8,0.5621869059580199
1,3118,1.0,0.5,1.8,1.0188862893911663
1,3119,1.0,0.5,1.8,1.5888706833071797
1,3120,1.0,0.5,1.8,0.6759286668402767
1,3121,1.0,0.5,1.8,0.5658131234225316
1,3122,1.0,0.5,1.8,0.36605439853593225
1,3123,1.0,0.5,1.8,1.2409240370166603
1,3124,1.0,0.5,1.8,0.9148926136964227
1,3125,1.0,0.5,1.8,1.5221527561079902
1,3126,1.0,0.5,1.8,0.8452807424026973
1,3127,1.0,0.5,1.8,0.9534087701352624
1,3128,1.0,0.5,1.8,1.5841986789000606
1,3129,1.0,0.5,1.8,0.6506095255345976
1,3130,1.0,0.5,1.8,1.4925702004139516
1,3131,1.0,0.5,1.8,1.1124456555108166
1,3132,1.0,0.5,1.8,1.2697952746503756
1,3133,1.0,0.5,1.8,0.01956305642113959
1,3134,1.0,0.5,1.8,0.9433690537235467
1,3135,1.0,0.5,1.8,1.3377824857545049
1,3136,1.0,0.5,1.8,0.47372124135697263
1,3137,1.0,0.5,1.8,1.411769762659093
1,3138,1.0,0.5,1.8,0.4551055748319464
1,3139,1.0,0.5,1.8,0.427302545254355
1,3140,1.0,0.5,1.8,0.4560536276573924
1,3141,1.0,0.5,1.8,0.7546392422894266
1,3142,1.0,0.5,1.8,0.34875336790368217
1,3143,1.0,0.5,1.8,0.7816259216065993
1,3144,1.0,0.5,1.8,1.4145716582143426
1,3145,1.0,0.5,1.8,0.743052200396619
1,3146,1.0,0.5,1.8,0.45016070733009966
1,3147,1.0,0.5,1.8,0.7970599234742023
1,3148,1.0,0.5,1.8,0.5313661402140274
1,3149,1.0,0.5,1.8,0.4770791324598056
1,3150,1.0,0.5,1.8,0.29995449069623015
1,3151,1.0,0.5,1.8,1.2367232456091286
1,3152,1.0,0.5,1.8,0.966552093795002
1,3153,1.0,0.5,1.8,0.5117413987426134
1,3154,1.0,0.5,1.8,1.1337766561373965
1,3155,1.0,0.5,1.8,1.188041457117684
1,3156,1.0,0.5,1.8,0.7961772856797305
1,3157,1.0,0.5,1.8,1.357901997259558
1,3158,1.0,0.5,1.8,1.6868833101391505
1,3159,1.0,0.5,1.8,1.2344138324528198
1,3160,1.0,0.5,1.8,0.883206579362168
1,3161,1.0,0.5,1.8,1.2378538099471
1,3162,1.0,0.5,1.8,1.0607540626928254
1,3163,1.0,0.5,1.8,0.5665123920114558
1,3164,1.0,0.5,1.8,0.2714453781121154
1,3165,1.0,0.5,1.8,0.8064618755187123
1,3166,1.0,0.5,1.8,1.0236523662758805
1,3167,1.0,0.5,1.8,1.4594541776728296
1,3168,1.0,0.5,1.8,0.5131953014272396
1,3169,1.0,0.5,1.8,1.491818188193073
1,3170,1.0,0.5,1.8,1.2067549513758185
1,3171,1.0,0.5,1.8,1.3009464760493048
1,3172,1.0,0.5,1.8,1.3167110342712949
1,3173,1.0,0.5,1.8,1.0517937165959637
1,3174,1.0,0.5,1.8,0.2451233523897336
1,3175,1.0,0.5,1.8,0.2324087959014376
1,3176,1.0,0.5,1.8,0.816500256933717
1,3177,1.0,0.5,1.8,0.9300004252559056
1,3178,1.0,0.5,1.8,1.1135287050294607
1,3179,1.0,0.5,1.8,1.4861657983733694
1,3180,1.0,0.5,1.8,1.3721711590307064
1,3181,1.0,0.5,1.8,0.16135100119927295
1,3182,1.0,0.5,1.8,1.1632310692571277
1,3183,1.0,0.5,1.8,0.45844878894660956
1,3184,1.0,0.5,1.8,1.6309937015817948
1,3185,1.0,0.5,1.8,0.9349579486735528
1,3186,1.0,0.5,1.8,0.352384635451768
1,3187,1.0,0.5,1.8,1.362608957204993
1,3188,1.0,0.5,1.8,1.0092436549360684
1,3189,1.0,0.5,1.8,0.8039013155943099
1,3190,1.0,0.5,1.8,1.0219132416756773
1,3191,1.0,0.5,1.8,0.67516736595444
1,3192,1.0,0.5,1.8,0.5054841505496758
1,3193,1.0,0.5,1.8,0.7065008261208178
1,3194,1.0,0.5,1.8,0.4026713664042772
1,3195,1.0,0.5,1.8,1.3513068148640408
1,3196,1.0,0.5,1.8,1.1877087471391066
1,3197,1.0,0.5,1.8,0.8457853069486653
1,3198,1.0,0.5,1.8,0.618073977458797
1,3199,1.0,0.5,1.8,0.11204719939261316
1,3200,1.0,0.5,1.8,1.43989228186034
1,3201,1.0,0.5,1.8,0.45634612164491944
1,3202,1.0,0.5,1.8,0.7071539864678789
1,3203,1.0,0.5,1.8,1.23748239455843
1,3204,1.0,0.5,1.8,0.2926927106199328
1,3205,1.0,0.5,1.8,0.5866578873523683
1,3206,1.0,0.5,1.8,0.7083898517909423
1,3207,1.0,0.5,1.8,1.3049454978137838
1,3208,1.0,0.5,1.8,0.15572314429150697
1,3209,1.0,0.5,1.8,0.7964109951773886
1,3210,1.0,0.5,1.8,0.5321112069908779
1,3211,1.0,0.5,1.8,1.0017297465271429
1,3212,1.0,0.5,1.8,1.597859965987559
1,3213,1.0,0.5,1.8,0.970104342344245
1,3214,1.0,0.5,1.8,0.47138070158288475
1,3215,1.0,0.5,1.8,1.2636638378559666
1,3216,1.0,0.5,1.8,1.3021548762549835
1,3217,1.0,0.5,1.8,0.9584023296030816
1,3218,1.0,0.5,1.8,0.4052727628965785
1,3219,1.0,0.5,1.8,1.0700478910925275
1,3220,1.0,0.5,1.8,1.0835675416604187
1,3221,1.0,0.5,1.8,0.8032373466759163
1,3222,1.0,0.5,1.8,0.6523482719227085
1,3223,1.0,0.5,1.8,1.545693889953839
1,3224,1.0,0.5,1.8,0.43682076194620895
1,3225,1.0,0.5,1.8,1.0106389623489023
1,3226,1.0,0.5,1.8,1.164851403701979
1,3227,1.0,0.5,1.8,1.5601017522173632
1,3228,1.0,0.5,1.8,0.7124447328717651
1,3229,1.0,0.5,1.8,1.1563608499263736
1,3230,1.0,0.5,1.8,0.7446862001190043
1,3231,1.0,0.5,1.8,0.1925527719063537
1,3232,1.0,0.5,1.8,1.2232082649084737
1,3233,1.0,0.5,1.8,0.855066877496684
1,3234,1.0,0.5,1.8,0.6228842991861002
1,3235,1.0,0.5,1.8,0.9211627707355597
1,3236,1.0,0.5,1.8,0.8960498700244781
1,3237,1.0,0.5,1.8,0.7039600292147014
1,3238,1.0,0.5,1.8,1.4404889650835604
1,3239,1.0,0.5,1.8,1.2587168911093984
1,3240,1.0,0.5,1.8,0.45245663779487894
1,3241,1.0,0.5,1.8,1.2975313341828127
1,3242,1.0,0.5,1.8,1.2451882719951446
1,3243,1.0,0.5,1.8,1.2916300287736793
1,3244,1.0,0.5,1.8,0.674981002626456
1,3245,1.0,0.5,1.8,1.2121556579939052
1,3246,1.0,0.5,1.8,0.5700444945499868
1,3247,1.0,0.5,1.8,0.4587230045458662
1,3248,1.0,0.5,1.8,0.7856109496170889
1,3249,1.0,0.5,1.8,0.983016399784771
1,3250,1.0,0.5,1.8,1.7724725877251057
1,3251,1.0,0.5,1.8,1.072958671308347
1,3252,1.0,0.5,1.8,1.0139196501236811
1,3253,1.0,0.5,1.8,0.8962033869939071
1,3254,1.0,0.5,1.8,1.2178681195130403
1,3255,1.0,0.5,1.8,0.8141736750363137
1,3256,1.0,0.5,1.8,1.656599831089858
1,3257,1.0,0.5,1.8,1.1265024343766665
1,3258,1.0,0.5,1.8,0.7206830434906915
1,3259,1.0,0.5,1.8,1.4764381337733665
1,3260,1.0,0.5,1.8,0.35356578507090375
1,3261,1.0,0.5,1.8,1.0123734834801592
1,3262,1.0,0.5,1.8,0.3843811664926325
1,3263,1.0,0.5,1.8,0.06825837514895594
1,3264,1.0,0.5,1.8,0.6955702599756854
1,3265,1.0,0.5,1.8,0.32779064061247426
1,3266,1.0,0.5,1.8,0.4889629084450068
1,3267,1.0,0.5,1.8,0.942691412360492
1,3268,1.0,0.5,1.8,0.4185542739219146
1,3269,1.0,0.5,1.8,1.7211060125930584
1,3270,1.0,0.5,1.8,0.7072966708129099
1,3271,1.0,0.5,1.8,0.9533113831784665
1,3272,1.0,0.5,1.8,0.2821198037958647
1,3273,1.0,0.5,1.8,1.289301377184893
1,3274,1.0,0.5,1.8,1.539869868800811
1,3275,1.0,0.5,1.8,0.9108454022912003
1,3276,1.0,0.5,1.8,1.5799998637939674
1,3277,1.0,0.5,1.8,0.38039202007522305
1,3278,1.0,0.5,1.8,1.49106850618183
1,3279,1.0,0.5,1.8,0.25139816373659074
1,3280,1.0,0.5,1.8,1.33036264188009
1,3281,1.0,0.5,1.8,0.31360237685013986
1,3282,1.0,0.5,1.8,1.5210360640405516
1,3283,1.0,0.5,1.8,1.068058053567697
1,3284,1.0,0.5,1.8,0.5493132539684786
1,3285,1.0,0.5,1.8,1.3612028680601396
1,3286,1.0,0.5,1.8,0.47885749777093756
1,3287,1.0,0.5,1.8,0.439902785060039
1,3288,1.0,0.5,1.8,0.6840540707809842
1,3289,1.0,0.5,1.8,0.40359353494392625
1,3290,1.0,0.5,1.8,0.707878548390784
1,3291,1.0,0.5,1.8,1.1013131058555277
1,3292,1.0,0.5,1.8,1.0457125320352205
1,3293,1.0,0.5,1.8,0.5487350434903935
1,3294,1.0,0.5,1.8,0.08928954248254503
1,3295,1.0,0.5,1.8,0.8705458368859871
1,3296,1.0,0.5,1.8,1.0222530342358982
1,3297,1.0,0.5,1.8,0.759654807388379
1,3298,1.0,0.5,1.8,1.002389958007615
1,3299,1.0,0.5,1.8,1.2801976113665419
1,3300,1.0,0.5,1.8,0.2644638009593254
1,3301,1.0,0.5,1.8,0.791872304076764
1,3302,1.0,0.5,1.8,0.9668740856236611
1,3303,1.0,0.5,1.8,1.2886059940073087
1,3304,1.0,0.5,1.8,0.24588356817068252
1,3305,1.0,0.5,1.8,1.168397619287946
1,3306,1.0,0.5,1.8,0.61335682237387
1,3307,1.0,0.5,1.8,0.6061415791593939
1,3308,1.0,0.5,1.8,1.1201897320495473
1,3309,1.0,0.5,1.8,1.4877174151409627
1,3310,1.0,0.5,1.8,0.7336464503394546
1,3311,1.0,0.5,1.8,0.3546590354093887
1,3312,1.0,0.5,1.8,0.9222659943920297
1,3313,1.0,0.5,1.8,0.751532469948533
1,3314,1.0,0.5,1.8,0.8730671501155443
1,3315,1.0,0.5,1.8,0.8201393379665902
1,3316,1.0,0.5,1.8,0.34637686858085287
1,3317,1.0,0.5,1.8,0.5865627119380652
1,3318,1.0,0.5,1.8,0.6050220111538174
1,3319,1.0,0.5,1.8,0.24904108113650084
1,3320,1.0,0.5,1.8,1.1882479592574278
1,3321,1.0,0.5,1.8,1.2364741783132356
1,3322,1.0,0.5,1.8,1.002414433564234
1,3323,1.0,0.5,1.8,0.40667826542861263
1,3324,1.0,0.5,1.8,1.0623324742684668
1,3325,1.0,0.5,1.8,1.2789444058180974
1,3326,1.0,0.5,1.8,1.2975455607428106
1,3327,1.0,0.5,1.8,0.9762453986796088
1,3328,1.0,0.5,1.8,1.0590706361111968
1,3329,1.0,0.5,1.8,0.8432985588253269
1,3330,1.0,0.5,1.8,0.9559262851879112
1,3331,1.0,0.5,1.8,0.9226064978363709
1,3332,1.0,0.5,1.8,1.5155877625699576
1,3333,1.0,0.5,1.8,0.5812854477758733
1,3334,1.0,0.5,1.8,1.7826382704899877
1,3335,1.0,0.5,1.8,1.558551483815004
1,3336,1.0,0.5,1.8,1.197030425908702
1,3337,1.0,0.5,1.8,1.1918874763683007
1,3338,1.0,0.5,1.8,0.34751651113419935
1,3339,1.0,0.5,1.8,0.5501070544564824
1,3340,1.0,0.5,1.8,0.7340599416721729
1,3341,1.0,0.5,1.8,1.2579507489223707
1,3342,1.0,0.5,1.8,0.8744895019427746
1,3343,1.0,0.5,1.8,0.7505459366909913
1,3344,1.0,0.5,1.8,0.45751414787999073
1,3345,1.0,0.5,1.8,1.0761739022871413
1,3346,1.0,0.5,1.8,0.38347581853585394
1,3347,1.0,0.5,1.8,1.0704480609461782
1,3348,1.0,0.5,1.8,0.6878408441285103
1,3349,1.0,0.5,1.8,1.0072985138705821
1,3350,1.0,0.5,1.8,1.2563260992404224
1,3351,1.0,0.5,1.8,1.0754508854595142
1,3352,1.0,0.5,1.8,0.8878704319825449
1,3353,1.0,0.5,1.8,1.0544161396301537
1,3354,1.0,0.5,1.8,0.7054053674351919
1,3355,1.0,0.5,1.8,0.8313014237469024
1,3356,1.0,0.5,1.8,0.45515734468572716
1,3357,1.0,0.5,1.8,0.9042025939846786
1,3358,1.0,0.5,1.8,0.7506633856868687
1,3359,1.0,0.5,1.8,0.700099014991078
1,3360,1.0,0.5,1.8,1.4546099638498984
1,3361,1.0,0.5,1.8,1.0690361438220621
1,3362,1.0,0.5,1.8,1.4760080915194573
1,3363,1.0,0.5,1.8,0.824753026663415
1,3364,1.0,0.5,1.8,0.12008893631589766
1,3365,1.0,0.5,1.8,0.6721261071703939
1,3366,1.0,0.5,1.8,0.8854744982722209
1,3367,1.0,0.5,1.8,0.6549123003857604
1,3368,1.0,0.5,1.8,1.0223477740558893
1,3369,1.0,0.5,1.8,1.345915924471201
1,3370,1.0,0.5,1.8,1.1435520192529305
1,3371,1.0,0.5,1.8,0.6507229129796296
1,3372,1.0,0.5,1.8,0.7531992881923427
1,3373,1.0,0.5,1.8,1.2788603023862473
1,3374,1.0,0.5,1.8,1.325547081914061
1,3375,1.0,0.5,1.8,1.4599196023580714
1,3376,1.0,0.5,1.8,1.3328785904848217
1,3377,1.0,0.5,1.8,1.0358830365080358
1,3378,1.0,0.5,1.8,0.8811237851135497
1,3379,1.0,0.5,1.8,0.8912886402653771
1,3380,1.0,0.5,1.8,1.0657324843338893
1,3381,1.0,0.5,1.8,0.2998914073710993
1,3382,1.0,0.5,1.8,0.7952647812620095
1,3383,1.0,0.5,1.8,1.0950353747503074
1,3384,1.0,0.5,1.8,1.1396306657727964
1,3385,1.0,0.5,1.8,1.2166108779885758
1,3386,1.0,0.5,1.8,0.9243771322772334
1,3387,1.0,0.5,1.8,1.2313287772043113
1,3388,1.0,0.5,1.8,0.784168307436725
1,3389,1.0,0.5,1.8,1.6010758901720603
1,3390,1.0,0.5,1.8,1.447188321150322
1,3391,1.0,0.5,1.8,0.47224872045522076
1,3392,1.0,0.5,1.8,0.5206590518791949
1,3393,1.0,0.5,1.8,1.714230553575352
1,3394,1.0,0.5,1.8,0.430634351151106
1,3395,1.0,0.5,1.8,1.4360623685763634
1,3396,1.0,0.5,1.8,0.8175405672988793
1,3397,1.0,0.5,1.8,1.5010869561996154
1,3398,1.0,0.5,1.8,0.8464701537191162
1,3399,1.0,0.5,1.8,0.8041832372021904
1,3400,1.0,0.5,1.8,0.5594999854763775
1,3401,1.0,0.5,1.8,0.34027626050268295
1,3402,1.0,0.5,1.8,1.06258308768627
1,3403,1.0,0.5,1.8,1.0902763999333573
1,3404,1.0,0.5,1.8,1.0875396373071873
1,3405,1.0,0.5,1.8,1.6029955548229575
1,3406,1.0,0.5,1.8,0.7848387233012711
1,3407,1.0,0.5,1.8,1.4757469664865217
1,3408,1.0,0.5,1.8,0.485330461620364
1,3409,1.0,0.5,1.8,1.3160995592247222
1,3410,1.0,0.5,1.8,0.2286243622616298
1,3411,1.0,0.5,1.8,0.7970903842999527
1,3412,1.0,0.5,1.8,0.05995307425334645
1,3413,1.0,0.5,1.8,0.5514812152431624
1,3414,1.0,0.5,1.8,0.3978849818217218
1,3415,1.0,0.5,1.8,0.7110562366710128
1,3416,1.0,0.5,1.8,0.4147590767445004
1,3417,1.0,0.5,1.8,0.9703057984916633
1,3418,1.0,0.5,1.8,0.7101578146647046
1,3419,1.0,0.5,1.8,1.603953203389751
1,3420,1.0,0.5,1.8,0.03781073209558248
1,3421,1.0,0.5,1.8,1.3692055283152944
1,3422,1.0,0.5,1.8,0.8787199494714479
1,3423,1.0,0.5,1.8,1.2675273461057224
1,3424,1.0,0.5,1.8,1.3593870402541837
1,3425,1.0,0.5,1.8,0.7534895003564419
1,3426,1.0,0.5,1.8,1.6200090900592559
1,3427,1.0,0.5,1.8,1.4138320759264422
1,3428,1.0,0.5,1.8,0.5466464704047727
1,3429,1.0,0.5,1.8,1.381811983055299
1,3430,1.0,0.5,1.8,0.48347155563714567
1,3431,1.0,0.5,1.8,1.0147893099244538
1,3432,1.0,0.5,1.8,0.5274703916570396
1,3433,1.0,0.5,1.8,0.8990008377256398
1,3434,1.0,0.5,1.8,1.1056070151301456
1,3435,1.0,0.5,1.8,1.3187455081213306
1,3436,1.0,0.5,1.8,0.9507221870270985
1,3437,1.0,0.5,1.8,0.7413897458441421
1,3438,1.0,0.5,1.8,0.4378480078824291
1,3439,1.0,0.5,1.8,1.100232441546391
1,3440,1.0,0.5,1.8,0.45159446391277686
1,3441,1.0,0.5,1.8,1.1290310753573407
1,3442,1.0,0.5,1.8,0.49728345359840936
1,3443,1.0,0.5,1.8,0.6808533361697015
1,3444,1.0,0.5,1.8,1.2022909810670122
1,3445,1.0,0.5,1.8,1.0562845709129869
1,3446,1.0,0.5,1.8,1.2223672754809463
1,3447,1.0,0.5,1.8,0.6348636529777516
1,3448,1.0,0.5,1.8,0.5169266766332071
1,3449,1.0,0.5,1.8,0.4246327074687476
1,3450,1.0,0.5,1.8,0.9129607365725874
1,3451,1.0,0.5,1.8,0.8143839669745417
1,3452,1.0,0.5,1.8,0.7312166617929491
1,3453,1.0,0.5,1.8,0.4862930424911817
1,3454,1.0,0.5,1.8,1.1188050567617869
1,3455,1.0,0.5,1.8,0.24471162429170476
1,3456,1.0,0.5,1.8,1.4132682765393723
1,3457,1.0,0.5,1.8,1.2948691974554902
1,3458,1.0,0.5,1.8,0.44781878590521723
1,3459,1.0,0.5,1.8,1.286011426018858
1,3460,1.0,0.5,1.8,0.4750975602068538
1,3461,1.0,0.5,1.8,0.5733966161324331
1,3462,1.0,0.5,1.8,1.3409202170783807
1,3463,1.0,0.5,1.8,0.10987982142400199
1,3464,1.0,0.5,1.8,1.2654758630965584
1,3465,1.0,0.5,1.8,0.4995001330163285
1,3466,1.0,0.5,1.8,0.6922453763401153
1,3467,1.0,0.5,1.8,1.0551409675062977
1,3468,1.0,0.5,1.8,0.5711470623904499
1,3469,1.0,0.5,1.8,0.6443752542647552
1,3470,1.0,0.5,1.8,0.7117157155368518
1,3471,1.0,0.5,1.8,1.2195154241299386
1,3472,1.0,0.5,1.8,1.0267634909423036
1,3473,1.0,0.5,1.8,1.0235992647570311
1,3474,1.0,0.5,1.8,0.9945798763198775
1,3475,1.0,0.5,1.8,1.1586208288867774
1,3476,1.0,0.5,1.8,1.1001273141475632
1,3477,1.0,0.5,1.8,0.7059607697220552
1,3478,1.0,0.5,1.8,0.7463321998889998
1,3479,1.0,0.5,1.8,1.227049732041254
1,3480,1.0,0.5,1.8,1.3261036416009204
1,3481,1.0,0.5,1.8,0.9805337272083865
1,3482,1.0,0.5,1.8,0.3688864787966794
1,3483,1.0,0.5,1.8,1.2927985026812159
1,3484,1.0,0.5,1.8,1.1579164122065293
1,3485,1.0,0.5,1.8,0.9414050398531467
1,3486,1.0,0.5,1.8,0.610119463119942
1,3487,1.0,0.5,1.8,0.634482366726198
1,3488,1.0,0.5,1.8,1.195406934488212
1,3489,1.0,0.5,1.8,0.8942498572484426
1,3490,1.0,0.5,1.8,0.5838384033070677
1,3491,1.0,0.5,1.8,1.3969090056443842
1,3492,1.0,0.5,1.8,1.441248258908115
1,3493,1.0,0.5,1.8,0.5113352160626211
1,3494,1.0,0.5,1.8,1.0808204342932048
1,3495,1.0,0.5,1.8,0.725259887079116
1,3496,1.0,0.5,1.8,1.3935511865059305
1,3497,1.0,0.5,1.8,1.0511479074597978
1,3498,1.0,0.5,1.8,1.1864570052031818
1,3499,1.0,0.5,1.8,0.4243564468142604
1,3500,1.0,0.5,1.8,0.4439479421748765
1,3501,1.0,0.5,1.8,0.9377924549243062
1,3502,1.0,0.5,1.8,0.483804124061225
1,3503,1.0,0.5,1.8,1.4093306825661636
1,3504,1.0,0.5,1.8,0.1763566824651199
1,3505,1.0,0.5,1.8,1.237803671674947
1,3506,1.0,0.5,1.8,1.2884836556413521
1,3507,1.0,0.5,1.8,0.975814694393522
1,3508,1.0,0.5,1.8,1.1094890368786334
1,3509,1.0,0.5,1.8,0.1334963710301178
1,3510,1.0,0.5,1.8,0.34391011979736963
1,3511,1.0,0.5,1.8,0.5277061536482706
1,3512,1.0,0.5,1.8,0.6519047004693836
1,3513,1.0,0.5,1.8,1.0458882737070614
1,3514,1.0,0.5,1.8,1.0591624114499356
1,3515,1.0,0.5,1.8,0.9365465498690589
1,3516,1.0,0.5,1.8,1.2068758693136126
1,3517,1.0,0.5,1.8,0.42103916233894645
1,3518,1.0,0.5,1.8,0.2904237933308917
1,3519,1.0,0.5,1.8,1.2941710620454387
1,3520,1.0,0.5,1.8,1.3511880293853968
1,3521,1.0,0.5,1.8,0.9958285472598891
1,3522,1.0,0.5,1.8,1.3686422873610933
1,3523,1.0,0.5,1.8,0.8309701070807862
1,3524,1.0,0.5,1.8,1.4612387353857585
1,3525,1.0,0.5,1.8,0.4065162139181054
1,3526,1.0,0.5,1.8,0.6063033441383183
1,3527,1.0,0.5,1.8,1.0634680713663454
1,3528,1.0,0.5,1.8,0.45467851317099967
1,3529,1.0,0.5,1.8,0.6341460377660671
1,3530,1.0,0.5,1.8,0.5369998622860741
1,3531,1.0,0.5,1.8,1.0061839901547536
1,3532,1.0,0.5,1.8,0.3931275502391937
1,3533,1.0,0.5,1.8,0.41221160007490854
1,3534,1.0,0.5,1.8,1.738139518339139
1,3535,1.0,0.5,1.8,1.0166336467525108
1,3536,1.0,0.5,1.8,0.8130542225478627
1,3537,1.0,0.5,1.8,1.6429374729352746
1,3538,1.0,0.5,1.8,1.0936218767101618
1,3539,1.0,0.5,1.8,1.5754392456383597
1,3540,1.0,0.5,1.8,1.559615887281514
1,3541,1.0,0.5,1.8,1.4025064774024474
1,3542,1.0,0.5,1.8,0.8231345497418243
1,3543,1.0,0.5,1.8,0.7823837909999921
1,3544,1.0,0.5,1.8,1.1785535144149324
1,3545,1.0,0.5,1.8,1.3220167182672904
1,3546,1.0,0.5,1.8,0.9206282794461647
1,3547,1.0,0.5,1.8,0.46550237038974934
1,3548,1.0,0.5,1.8,0.42876188551556416
1,3549,1.0,0.5,1.8,0.836695256935056
1,3550,1.0,0.5,1.8,0.8134273432393333
1,3551,1.0,0.5,1.8,1.0376281110983245
1,3552,1.0,0.5,1.8,0.3525634089487512
1,3553,1.0,0.5,1.8,0.5613898904848483
1,3554,1.0,0.5,1.8,0.7149444877585712
1,3555,1.0,0.5,1.8,0.5548698123604574
1,3556,1.0,0.5,1.8,1.0084063826398415
1,3557,1.0,0.5,1.8,1.4644167993207389
1,3558,1.0,0.5,1.8,0.7989963147649599
1,3559,1.0,0.5,1.8,0.8619560542321704
1,3560,1.0,0.5,1.8,0.9069975742638845
1,3561,1.0,0.5,1.8,1.3024727046791762
1,3562,1.0,0.5,1.8,0.9844878977245657
1,3563,1.0,0.5,1.8,1.29158683955713
1,3564,1.0,0.5,1.8,1.4193933294443468
1,3565,1.0,0.5,1.8,0.6964415949121289
1,3566,1.0,0.5,1.8,0.8469062872458423
1,3567,1.0,0.5,1.8,1.0124179783340939
1,3568,1.0,0.5,1.8,0.9681167642596982
1,3569,1.0,0.5,1.8,0.8015271462391188
1,3570,1.0,0.5,1.8,1.26413698187128
1,3571,1.0,0.5,1.8,0.4333452501131413
1,3572,1.0,0.5,1.8,0.8942773772007381
1,3573,1.0,0.5,1.8,0.4655703084655187
1,3574,1.0,0.5,1.8,1.0539457780961947
1,3575,1.0,0.5,1.8,1.4636065128490994
1,3576,1.0,0.5,1.8,0.8068175663986624
1,3577,1.0,0.5,1.8,0.77119574062836
1,3578,1.0,0.5,1.8,0.8071556610999884
1,3579,1.0,0.5,1.8,1.0584799839701977
1,3580,1.0,0.5,1.8,0.856213217602428
1,3581,1.0,0.5,1.8,0.7139147495486998
1,3582,1.0,0.5,1.8,0.6473741841381501
1,3583,1.0,0.5,1.8,0.7216384849479173
1,3584,1.0,0.5,1.8,1.3843798350984247
1,3585,1.0,0.5,1.8,1.4202044688647506
1,3586,1.0,0.5,1.8,0.6495365473476185
1,3587,1.0,0.5,1.8,1.005296626712627
1,3588,1.0,0.5,1.8,1.3991929369272962
1,3589,1.0,0.5,1.8,1.2243002203098847
1,3590,1.0,0.5,1.8,0.6568331312095629
1,3591,1.0,0.5,1.8,1.2559735653710982
1,3592,1.0,0.5,1.8,0.8095766647349009
1,3593,1.0,0.5,1.8,1.421210693357916
1,3594,1.0,0.5,1.8,1.5779818087247492
1,3595,1.0,0.5,1.8,1.24838463806583
1,3596,1.0,0.5,1.8,1.2689452064738793
1,3597,1.0,0.5,1.8,0.47569546061774964
1,3598,1.0,0.5,1.8,1.1025702290564239
1,3599,1.0,0.5,1.8,0.9500741097034424
1,3600,1.0,0.5,1.8,1.2891100993579487
1,3601,1.0,0.5,1.8,0.5741644582470696
1,3602,1.0,0.5,1.8,1.209081064513566
1,3603,1.0,0.5,1.8,0.12922875785604127
1,3604,1.0,0.5,1.8,0.9269814912225909
1,3605,1.0,0.5,1.8,0.5677234892014029
1,3606,1.0,0.5,1.8,0.493962184030744
1,3607,1.0,0.5,1.8,1.5944032415973144
1,3608,1.0,0.5,1.8,1.3485958008653043
1,3609,1.0,0.5,1.8,0.9902242659496808
1,3610,1.0,0.5,1.8,0.2944697701054417
1,3611,1.0,0.5,1.8,0.8324680407429002
1,3612,1.0,0.5,1.8,1.4299594002315457
1,3613,1.0,0.5,1.8,0.7670546930575277
1,3614,1.0,0.5,1.8,0.8048495985096582
1,3615,1.0,0.5,1.8,0.61605772694972
1,3616,1.0,0.5,1.8,0.5396560951523588
1,3617,1.0,0.5,1.8,1.5108789522347539
1,3618,1.0,0.5,1.8,0.6845593598486718
1,3619,1.0,0.5,1.8,0.8464807085102628
1,3620,1.0,0.5,1.8,0.9271006801473116
1,3621,1.0,0.5,1.8,0.24919845419388387
1,3622,1.0,0.5,1.8,0.40761667223121345
1,3623,1.0,0.5,1.8,0.36678872213675673
1,3624,1.0,0.5,1.8,1.6530710795145427
1,3625,1.0,0.5,1.8,1.419800255942404
1,3626,1.0,0.5,1.8,0.5385895350160541
1,3627,1.0,0.5,1.8,0.5483001826280325
1,3628,1.0,0.5,1.8,1.2707989683874694
1,3629,1.0,0.5,1.8,0.7603957799593519
1,3630,1.0,0.5,1.8,0.7773071055283797
1,3631,1.0,0.5,1.8,1.1254033539092432
1,3632,1.0,0.5,1.8,1.5194683703741723
1,3633,1.0,0.5,1.8,0.8603992155771385
1,3634,1.0,0.5,1.8,1.4734479955478361
1,3635,1.0,0.5,1.8,0.5353311389596125
1,3636,1.0,0.5,1.8,0.22308849647852205
1,3637,1.0,0.5,1.8,0.48773714571620985
1,3638,1.0,0.5,1.8,1.608278142100908
1,3639,1.0,0.5,1.8,1.1535066274727512
1,3640,1.0,0.5,1.8,1.173240798964024
1,3641,1.0,0.5,1.8,1.0910773783417094
1,3642,1.0,0.5,1.8,1.6155076287566212
1,3643,1.0,0.5,1.8,0.5933628691728458
1,3644,1.0,0.5,1.8,0.8132412966053838
1,3645,1.0,0.5,1.8,0.8978206908182691
1,3646,1.0,0.5,1.8,0.8240733085962574
1,3647,1.0,0.5,1.8,1.4005395207463083
1,3648,1.0,0.5,1.8,1.0211271441827265
1,3649,1.0,0.5,1.8,0.3566880524951011
1,3650,1.0,0.5,1.8,1.2900553640256949
1,3651,1.0,0.5,1.8,0.7441609944425387
1,3652,1.0,0.5,1.8,1.4144534950881442
1,3653,1.0,0.5,1.8,0.6709604597096079
1,3654,1.0,0.5,1.8,0.282206238153067
1,3655,1.0,0.5,1.8,0.8123676414672029
1,3656,1.0,0.5,1.8,0.3023438852860965
1,3657,1.0,0.5,1.8,0.3236961159872744
1,3658,1.0,0.5,1.8,0.8015771532086761
1,3659,1.0,0.5,1.8,0.8536420524055103
1,3660,1.0,0.5,1.8,0.836057178095936
1,3661,1.0,0.5,1.8,1.3794611027817998
1,3662,1.0,0.5,1.8,1.3503670419356775
1,3663,1.0,0.5,1.8,0.4564768356247212
1,3664,1.0,0.5,1.8,1.3185540293530775
1,3665,1.0,0.5,1.8,1.7589339434774698
1,3666,1.0,0.5,1.8,1.35306280070848
1,3667,1.0,0.5,1.8,0.38415289266839536
1,3668,1.0,0.5,1.8,1.2962113786453358
1,3669,1.0,0.5,1.8,1.0300174889665257
1,3670,1.0,0.5,1.8,1.076584718385907
1,3671,1.0,0.5,1.8,0.786644345845267
1,3672,1.0,0.5,1.8,0.32441643697992745
1,3673,1.0,0.5,1.8,1.6466809334625245
1,3674,1.0,0.5,1.8,0.5567065223694528
1,3675,1.0,0.5,1.8,0.8184208480173361
1,3676,1.0,0.5,1.8,1.4631931471113315
1,3677,1.0,0.5,1.8,0.2852889074417416
1,3678,1.0,0.5,1.8,1.4829804302765888
1,3679,1.0,0.5,1.8,0.6708980631032141
1,3680,1.0,0.5,1.8,1.3508384161198368
1,3681,1.0,0.5,1.8,1.166280961704447
1,3682,1.0,0.5,1.8,1.2848604610662908
1,3683,1.0,0.5,1.8,0.659074749497532
1,3684,1.0,0.5,1.8,1.4044907376077043
1,3685,1.0,0.5,1.8,0.9058978380906217
1,3686,1.0,0.5,1.8,0.20098407334776588
1,3687,1.0,0.5,1.8,0.6084386377091134
1,3688,1.0,0.5,1.8,0.23704142877401566
1,3689,1.0,0.5,1.8,0.5228888219681455
1,3690,1.0,0.5,1.8,1.1107363744678962
1,3691,1.0,0.5,1.8,1.294171661047134
1,3692,1.0,0.5,1.8,1.220301888973595
1,3693,1.0,0.5,1.8,0.44216256567946965
1,3694,1.0,0.5,1.8,0.8391109649458227
1,3695,1.0,0.5,1.8,0.8702094343198844
1,3696,1.0,0.5,1.8,1.538562079094254
1,3697,1.0,0.5,1.8,0.3991060256259587
1,3698,1.0,0.5,1.8,0.6875176423898424
1,3699,1.0,0.5,1.8,0.8977386240731547
1,3700,1.0,0.5,1.8,1.2040387483785888
1,3701,1.0,0.5,1.8,1.0133660542642704
1,3702,1.0,0.5,1.8,1.3279674878010235
1,3703,1.0,0.5,1.8,1.1811696416624708
1,3704,1.0,0.5,1.8,0.7123336859867166
1,3705,1.0,0.5,1.8,0.09287278274949394
1,3706,1.0,0.5,1.8,1.2561942828661246
1,3707,1.0,0.5,1.8,1.150384076680462
1,3708,1.0,0.5,1.8,1.3570546906098877
1,3709,1.0,0.5,1.8,0.9310750923596249
1,3710,1.0,0.5,1.8,1.139376720740921
1,3711,1.0,0.5,1.8,0.9916282526717457
1,3712,1.0,0.5,1.8,0.6520635348881345
1,3713,1.0,0.5,1.8,1.2417484623571813
1,3714,1.0,0.5,1.8,1.2658030969854994
1,3715,1.0,0.5,1.8,0.5976337145794134
1,3716,1.0,0.5,1.8,0.9391259104663107
1,3717,1.0,0.5,1.8,0.379587967332662
1,3718,1.0,0.5,1.8,1.326808184950743
1,3719,1.0,0.5,1.8,0.5834455336270373
1,3720,1.0,0.5,1.8,0.7545999864888655
1,3721,1.0,0.5,1.8,0.5634348958431684
1,3722,1.0,0.5,1.8,1.014856655495448
1,3723,1.0,0.5,1.8,0.7458186613404258
1,3724,1.0,0.5,1.8,0.5328281833141779
1,3725,1.0,0.5,1.8,1.4794762217213726
1,3726,1.0,0.5,1.8,0.340506705578015
1,3727,1.0,0.5,1.8,0.6804156197489541
1,3728,1.0,0.5,1.8,1.3796193839922481
1,3729,1.0,0.5,1.8,0.7306627179114311
1,3730,1.0,0.5,1.8,0.07431164998413237
1,3731,1.0,0.5,1.8,1.14640751745344
1,3732,1.0,0.5,1.8,0.9963075376175078
1,3733,1.0,0.5,1.8,1.290982649306208
1,3734,1.0,0.5,1.8,0.8386480214392014
1,3735,1.0,0.5,1.8,0.8243316172016141
1,3736,1.0,0.5,1.8,0.5513575507192156
1,3737,1.0,0.5,1.8,0.9604627345099294
1,3738,1.0,0.5,1.8,1.1446414325572634
1,3739,1.0,0.5,1.8,1.59093115714331
1,3740,1.0,0.5,1.8,0.9840018361698135
1,3741,1.0,0.5,1.8,1.2701325065713402
1,3742,1.0,0.5,1.8,0.36785657243834885
1,3743,1.0,0.5,1.8,0.8279770915679364
1,3744,1.0,0.5,1.8,0.7559269212284744
1,3745,1.0,0.5,1.8,1.0257215594995777
1,3746,1.0,0.5,1.8,1.1973098984438268
1,3747,1.0,0.5,1.8,0.45113265345239084
1,3748,1.0,0.5,1.8,1.1018552762069385
1,3749,1.0,0.5,1.8,0.23103588660590096
1,3750,1.0,0.5,1.8,0.4321604435510224
1,3751,1.0,0.5,1.8,0.942458646851003
1,3752,1.0,0.5,1.8,0.7370283642946608
1,3753,1.0,0.5,1.8,0.6227132412885349
1,3754,1.0,0.5,1.8,1.6659071322812173
1,3755,1.0,0.5,1.8,1.4053179170051582
1,3756,1.0,0.5,1.8,0.8829524448619084
1,3757,1.0,0.5,1.8,0.6055855742269062
1,3758,1.0,0.5,1.8,0.933232112479041
1,3759,1.0,0.5,1.8,0.5357749982430698
1,3760,1.0,0.5,1.8,0.7858718573116916
1,3761,1.0,0.5,1.8,1.2068344460710467
1,3762,1.0,0.5,1.8,0.8174870426651769
1,3763,1.0,0.5,1.8,1.2741857335047915
1,3764,1.0,0.5,1.8,1.211479032177118
1,3765,1.0,0.5,1.8,1.7165923152472904
1,3766,1.0,0.5,1.8,1.2900936134541856
1,3767,1.0,0.5,1.8,1.0078725886822795
1,3768,1.0,0.5,1.8,1.1244729319916849
1,3769,1.0,0.5,1.8,1.0027530721576865
1,3770,1.0,0.5,1.8,1.135951895318034
1,3771,1.0,0.5,1.8,0.7031995606995441
1,3772,1.0,0.5,1.8,0.591332203415123
1,3773,1.0,0.5,1.8,0.36429501638110845
1,3774,1.0,0.5,1.8,1.3894486210357548
1,3775,1.0,0.5,1.8,1.184735464055008
1,3776,1.0,0.5,1.8,1.1389135559141936
1,3777,1.0,0.5,1.8,1.0515795585262449
1,3778,1.0,0.5,1.8,0.8240476572527801
1,3779,1.0,0.5,1.8,0.8931229845446478
1,3780,1.0,0.5,1.8,1.2326649948773223
1,3781,1.0,0.5,1.8,1.1822821181775602
1,3782,1.0,0.5,1.8,0.5109709128442055
1,3783,1.0,0.5,1.8,0.9893573390000531
1,3784,1.0,0.5,1.8,0.7116910384135818
1,3785,1.0,0.5,1.8,0.8405984924670191
1,3786,1.0,0.5,1.8,0.5914908805789821
1,3787,1.0,0.5,1.8,1.021256673721554
1,3788,1.0,0.5,1.8,1.3177299784908694
1,3789,1.0,0.5,1.8,0.7763066639506004
1,3790,1.0,0.5,1.8,1.1658852194991367
1,3791,1.0,0.5,1.8,0.8285402102717795
1,3792,1.0,0.5,1.8,0.9600227438871023
1,3793,1.0,0.5,1.8,1.62808251685875
1,3794,1.0,0.5,1.8,0.8762865932113542
1,3795,1.0,0.5,1.8,0.6011136960772707
1,3796,1.0,0.5,1.8,0.44436319497320437
1,3797,1.0,0.5,1.8,1.555858871831432
1,3798,1.0,0.5,1.8,1.016159339861536
1,3799,1.0,0.5,1.8,1.2433211511864783
1,3800,1.0,0.5,1.8,1.57881123271467
1,3801,1.0,0.5,1.8,0.3068018412851342
1,3802,1.0,0.5,1.8,0.6004208870239304
1,3803,1.0,0.5,1.8,0.6811907670516459
1,3804,1.0,0.5,1.8,0.630845840793108
1,3805,1.0,0.5,1.8,1.1740923822123592
1,3806,1.0,0.5,1.8,1.1789905260510183
1,3807,1.0,0.5,1.8,1.6547173402984134
1,3808,1.0,0.5,1.8,0.934114529454941
1,3809,1.0,0.5,1.8,1.0309828715802
1,3810,1.0,0.5,1.8,1.1129049226962289
1,3811,1.0,0.5,1.8,1.4584657337675706
1,3812,1.0,0.5,1.8,0.47807975773081013
1,3813,1.0,0.5,1.8,0.48359532509554315
1,3814,1.0,0.5,1.8,1.165737111321024
1,3815,1.0,0.5,1.8,1.2886512674576913
1,3816,1.0,0.5,1.8,1.2065692246236512
1,3817,1.0,0.5,1.8,0.8933994238272296
1,3818,1.0,0.5,1.8,1.188414823755417
1,3819,1.0,0.5,1.8,1.4087208245448826
1,3820,1.0,0.5,1.8,1.058709284039494
1,3821,1.0,0.5,1.8,0.34724906448564363
1,3822,1.0,0.5,1.8,0.3763015471647717
1,3823,1.0,0.5,1.8,1.0004049305306681
1,3824,1.0,0.5,1.8,0.7186735006851573
1,3825,1.0,0.5,1.8,0.6973846507444778
1,3826,1.0,0.5,1.8,1.340891359002847
1,3827,1.0,0.5,1.8,0.7822905971141352
1,3828,1.0,0.5,1.8,0.5353106780449955
1,3829,1.0,0.5,1.8,1.1547412628759848
1,3830,1.0,0.5,1.8,0.6219504484714126
1,3831,1.0,0.5,1.8,0.7453098013872514
1,3832,1.0,0.5,1.8,0.9004908021970378
1,3833,1.0,0.5,1.8,1.1132365006150025
1,3834,1.0,0.5,1.8,1.0767044531226075
1,3835,1.0,0.5,1.8,1.32017961106361
1,3836,1.0,0.5,1.8,0.7332186176351958
1,3837,1.0,0.5,1.8,1.1313283109177423
1,3838,1.0,0.5,1.8,0.8692351839724817
1,3839,1.0,0.5,1.8,1.408427060281159
1,3840,1.0,0.5,1.8,0.1873008015658578
1,3841,1.0,0.5,1.8,0.8205858580701813
1,3842,1.0,0.5,1.8,1.1724271010760006
1,3843,1.0,0.5,1.8,0.8764390093167286
1,3844,1.0,0.5,1.8,0.5325233627509595
1,3845,1.0,0.5,1.8,0.5076259857585509
1,3846,1.0,0.5,1.8,1.0710836199200768
1,3847,1.0,0.5,1.8,0.22349121799790114
1,3848,1.0,0.5,1.8,0.9979014502099136
1,3849,1.0,0.5,1.8,1.2218301078110996
1,3850,1.0,0.5,1.8,1.1753862738448042
1,3851,1.0,0.5,1.8,0.32661721335895644
1,3852,1.0,0.5,1.8,0.5509576333281909
1,3853,1.0,0.5,1.8,1.5779676831805962
1,3854,1.0,0.5,1.8,0.594642340941516
1,3855,1.0,0.5,1.8,0.7938595692187097
1,3856,1.0,0.5,1.8,1.0634357994567232
1,3857,1.0,0.5,1.8,1.5032498114975361
1,3858,1.0,0.5,1.8,1.3697479825532142
1,3859,1.0,0.5,1.8,0.7595283563544472
1,3860,1.0,0.5,1.8,1.3197800155440438
1,3861,1.0,0.5,1.8,0.6482212252597244
1,3862,1.0,0.5,1.8,0.15941735767803733
1,3863,1.0,0.5,1.8,1.362698136580063
1,3864,1.0,0.5,1.8,1.1627897567028525
1,3865,1.0,0.5,1.8,0.8759042130858837
1,3866,1.0,0.5,1.8,0.8039858735382657
1,3867,1.0,0.5,1.8,0.4789788414563761
1,3868,1.0,0.5,1.8,0.1310230780001399
1,3869,1.0,0.5,1.8,1.2938902323443755
1,3870,1.0,0.5,1.8,1.1465848491527852
1,3871,1.0,0.5,1.8,1.0373069778665738
1,3872,1.0,0.5,1.8,0.710845850811985
1,3873,1.0,0.5,1.8,1.1500404398075967
1,3874,1.0,0.5,1.8,1.4774467145044505
1,3875,1.0,0.5,1.8,1.5466877871632347
1,3876,1.0,0.5,1.8,0.9758081069271781
1,3877,1.0,0.5,1.8,0.5007524409994903
1,3878,1.0,0.5,1.8,0.3361205938591655
1,3879,1.0,0.5,1.8,0.8899445448954749
1,3880,1.0,0.5,1.8,0.8321813879656638
1,3881,1.0,0.5,1.8,1.0254471262329923
1,3882,1.0,0.5,1.8,0.7292776316868614
1,3883,1.0,0.5,1.8,0.9919481223205814
1,3884,1.0,0.5,1.8,1.5058305989088403
1,3885,1.0,0.5,1.8,1.3630605722594868
1,3886,1.0,0.5,1.8,1.0846700973000307
1,3887,1.0,0.5,1.8,1.633798301823335
1,3888,1.0,0.5,1.8,0.9042625044837479
1,3889,1.0,0.5,1.8,1.736389073384271
1,3890,1.0,0.5,1.8,1.5848346715285593
1,3891,1.0,0.5,1.8,1.3041952030525417
1,3892,1.0,0.5,1.8,1.0665476239986922
1,3893,1.0,0.5,1.8,1.4834320856199998
1,3894,1.0,0.5,1.8,0.8808815335736899
1,3895,1.0,0.5,1.8,0.36054267728395367
1,3896,1.0,0.5,1.8,0.7711937803441655
1,3897,1.0,0.5,1.8,0.4301402224489846
1,3898,1.0,0.5,1.8,1.4532298743400491
1,3899,1.0,0.5,1.8,1.6512005031712398
1,3900,1.0,0.5,1.8,0.5349091549826108
1,3901,1.0,0.5,1.8,1.3042640407502184
1,3902,1.0,0.5,1.8,0.8287542746273513
1,3903,1.0,0.5,1.8,0.7988048399518727
1,3904,1.0,0.5,1.8,0.8718855258641777
1,3905,1.0,0.5,1.8,1.5179273674748277
1,3906,1.0,0.5,1.8,0.9756496602749437
1,3907,1.0,0.5,1.8,1.5627803574085544
1,3908,1.0,0.5,1.8,0.16760283726278627
1,3909,1.0,0.5,1.8,0.4762082803697293
1,3910,1.0,0.5,1.8,1.0937800407855713
1,3911,1.0,0.5,1.8,1.0323411955865156
1,3912,1.0,0.5,1.8,0.8116257161957473
1,3913,1.0,0.5,1.8,0.45086553941222707
1,3914,1.0,0.5,1.8,0.6812628405301834
1,3915,1.0,0.5,1.8,1.3738148232569045
1,3916,1.0,0.5,1.8,0.36651221119703875
1,3917,1.0,0.5,1.8,0.4312414115858919
1,3918,1.0,0.5,1.8,0.1978644917740905
1,3919,1.0,0.5,1.8,0.18603643483251361
1,3920,1.0,0.5,1.8,0.7426100954527408
1,3921,1.0,0.5,1.8,1.6792392857354403
1,3922,1.0,0.5,1.8,0.9531602029243077
1,3923,1.0,0.5,1.8,0.9405845825846149
1,3924,1.0,0.5,1.8,1.1348333463356954
1,3925,1.0,0.5,1.8,0.2758651838276275
1,3926,1.0,0.5,1.8,0.7993532647079571
1,3927,1.0,0.5,1.8,1.37164793452413
1,3928,1.0,0.5,1.8,0.9610769360441489
1,3929,1.0,0.5,1.8,0.0875508283142442
1,3930,1.0,0.5,1.8,0.5339123659199496
1,3931,1.0,0.5,1.8,0.944001761398926
1,3932,1.0,0.5,1.8,1.005135104220809
1,3933,1.0,0.5,1.8,0.671656666077805
1,3934,1.0,0.5,1.8,0.8411131405757405
1,3935,1.0,0.5,1.8,0.91963542260618
1,3936,1.0,0.5,1.8,1.111160427442651
1,3937,1.0,0.5,1.8,0.504634765792839
1,3938,1.0,0.5,1.8,0.8727298839542165
1,3939,1.0,0.5,1.8,1.3186606868732549
1,3940,1.0,0.5,1.8,0.7924859633078305
1,3941,1.0,0.5,1.8,1.0443336119097728
1,3942,1.0,0.5,1.8,1.0655439059084657
1,3943,1.0,0.5,1.8,1.26890997308424
1,3944,1.0,0.5,1.8,1.0590091916808655
1,3945,1.0,0.5,1.8,1.1733425924757572
1,3946,1.0,0.5,1.8,1.5908711899178811
1,3947,1.0,0.5,1.8,1.5280419310663949
1,3948,1.0,0.5,1.8,1.0979653212884526
1,3949,1.0,0.5,1.8,0.7634506369772501
1,3950,1.0,0.5,1.8,0.3967735953313726
1,3951,1.0,0.5,1.8,0.6288251303933348
1,3952,1.0,0.5,1.8,0.907605855076804
1,3953,1.0,0.5,1.8,1.0508991966473302
1,3954,1.0,0.5,1.8,0.5222704648331615
1,3955,1.0,0.5,1.8,1.1516009329141248
1,3956,1.0,0.5,1.8,1.0936515158473832
1,3957,1.0,0.5,1.8,0.501859637039148
1,3958,1.0,0.5,1.8,1.022068971486833
1,3959,1.0,0.5,1.8,1.2384585918641438
1,3960,1.0,0.5,1.8,0.04449433224910069
1,3961,1.0,0.5,1.8,0.4329644754007213
1,3962,1.0,0.5,1.8,1.174459170723684
1,3963,1.0,0.5,1.8,1.3026896033689854
1,3964,1.0,0.5,1.8,0.10794628452587478
1,3965,1.0,0.5,1.8,1.5500541954582034
1,3966,1.0,0.5,1.8,0.5857542743692397
1,3967,1.0,0.5,1.8,1.1098950465019124
1,3968,1.0,0.5,1.8,1.7109774851232733
1,3969,1.0,0.5,1.8,0.41270791384256417
1,3970,1.0,0.5,1.8,1.683524995872204
1,3971,1.0,0.5,1.8,0.72690345611856
1,3972,1.0,0.5,1.8,1.169498187014603
1,3973,1.0,0.5,1.8,1.2314379176069825
1,3974,1.0,0.5,1.8,1.455283432404586
1,3975,1.0,0.5,1.8,0.8787088169090904
1,3976,1.0,0.5,1.8,1.0060241701292236
1,3977,1.0,0.5,1.8,0.9180972785147433
1,3978,1.0,0.5,1.8,1.0980761124563487
1,3979,1.0,0.5,1.8,0.8794009058307408
1,3980,1.0,0.5,1.8,0.8112884138788385
1,3981,1.0,0.5,1.8,0.8101822358768725
1,3982,1.0,0.5,1.8,1.1192701358067074
1,3983,1.0,0.5,1.8,0.5719948157832876
1,3984,1.0,0.5,1.8,0.6568502595090483
1,3985,1.0,0.5,1.8,1.2520867646462557
1,3986,1.0,0.5,1.8,0.8708190762320991
1,3987,1.0,0.5,1.8,1.0894852259370127
1,3988,1.0,0.5,1.8,0.9177907443487383
1,3989,1.0,0.5,1.8,1.4547267818765601
1,3990,1.0,0.5,1.8,0.9380682136740073
1,3991,1.0,0.5,1.8,0.2516237461337577
1,3992,1.0,0.5,1.8,0.9240470814183579
1,3993,1.0,0.5,1.8,1.4747330054991334
1,3994,1.0,0.5,1.8,0.8497436188091553
1,3995,1.0,0.5,1.8,1.1172511325120917
1,3996,1.0,0.5,1.8,0.752482910796454
1,3997,1.0,0.5,1.8,0.8801347479758774
1,3998,1.0,0.5,1.8,0.46198833114318427
1,3999,1.0,0.5,1.8,1.1510908032636968
1,4000,1.0,0.5,1.8,1.1994760318204183
1,4001,1.0,0.5,1.8,0.3889329113847411
1,4002,1.0,0.5,1.8,0.7286474399661044
1,4003,1.0,0.5,1.8,0.7593964138208237
1,4004,1.0,0.5,1.8,1.3397279668505788
1,4005,1.0,0.5,1.8,0.48516354986438637
1,4006,1.0,0.5,1.8,1.1625604321009724
1,4007,1.0,0.5,1.8,0.9285592822747968
1,4008,1.0,0.5,1.8,0.8983530790955715
1,4009,1.0,0.5,1.8,0.5830555024880083
1,4010,1.0,0.5,1.8,1.475238666106425
1,4011,1.0,0.5,1.8,1.0727099051536597
1,4012,1.0,0.5,1.8,0.6717851724642647
1,4013,1.0,0.5,1.8,1.4197287472963638
1,4014,1.0,0.5,1.8,0.4218709359051649
1,4015,1.0,0.5,1.8,1.078932110976135
1,4016,1.0,0.5,1.8,1.2623629624978758
1,4017,1.0,0.5,1.8,1.3808045239387177
1,4018,1.0,0.5,1.8,1.4606842503927204
1,4019,1.0,0.5,1.8,0.8467875904717876
1,4020,1.0,0.5,1.8,0.5283256515880077
1,4021,1.0,0.5,1.8,0.6292139179190032
1,4022,1.0,0.5,1.8,0.4081021372455744
1,4023,1.0,0.5,1.8,1.268244166826646
1,4024,1.0,0.5,1.8,0.5777719931188979
1,4025,1.0,0.5,1.8,0.5222737049242575
1,4026,1.0,0.5,1.8,1.6103788267308765
1,4027,1.0,0.5,1.8,0.8713862147250376
1,4028,1.0,0.5,1.8,0.9574053887659544
1,4029,1.0,0.5,1.8,0.3634083259335849
1,4030,1.0,0.5,1.8,0.5707956041678576
1,4031,1.0,0.5,1.8,1.0034015340173845
1,4032,1.0,0.5,1.8,0.8369651352432119
1,4033,1.0,0.5,1.8,0.2525920199090908
1,4034,1.0,0.5,1.8,0.6163626143483236
1,4035,1.0,0.5,1.8,1.325509077351542
1,4036,1.0,0.5,1.8,1.116050491765565
1,4037,1.0,0.5,1.8,0.6828441611257439
1,4038,1.0,0.5,1.8,1.2563957883357748
1,4039,1.0,0.5,1.8,0.6436256513499081
1,4040,1.0,0.5,1.8,0.669323869904795
1,4041,1.0,0.5,1.8,0.3481640163913512
1,4042,1.0,0.5,1.8,1.3022847495266447
1,4043,1.0,0.5,1.8,0.403645790819059
1,4044,1.0,0.5,1.8,0.898507029389547
1,4045,1.0,0.5,1.8,1.0858905206141047
1,4046,1.0,0.5,1.8,0.3637779440398767
1,4047,1.0,0.5,1.8,1.190288315493036
1,4048,1.0,0.5,1.8,1.280112709144737
1,4049,1.0,0.5,1.8,0.5109009825239126
1,4050,1.0,0.5,1.8,1.2113214442661455
1,4051,1.0,0.5,1.8,1.5582782598846405
1,4052,1.0,0.5,1.8,0.5461060346652137
1,4053,1.0,0.5,1.8,0.7354338783643434
1,4054,1.0,0.5,1.8,0.9797879337859725
1,4055,1.0,0.5,1.8,0.6568164977081122
1,4056,1.0,0.5,1.8,0.8465834038542835
1,4057,1.0,0.5,1.8,0.7035885088681855
1,4058,1.0,0.5,1.8,0.16989661545475562
1,4059,1.0,0.5,1.8,1.008781109997771
1,4060,1.0,0.5,1.8,0.3671900197355264
1,4061,1.0,0.5,1.8,1.3766712539486685
1,4062,1.0,0.5,1.8,0.9801611566399706
1,4063,1.0,0.5,1.8,1.0024113817935352
1,4064,1.0,0.5,1.8,0.6934011878670174
1,4065,1.0,0.5,1.8,0.8651252320505806
1,4066,1.0,0.5,1.8,0.5152287515731101
1,4067,1.0,0.5,1.8,0.7476389642989616
1,4068,1.0,0.5,1.8,1.2554483709621707
1,4069,1.0,0.5,1.8,1.0622917889074175
1,4070,1.0,0.5,1.8,0.792032474753868
1,4071,1.0,0.5,1.8,1.0826865018954157
1,4072,1.0,0.5,1.8,1.0048461991034887
1,4073,1.0,0.5,1.8,1.2346184198965344
1,4074,1.0,0.5,1.8,0.5348367114578482
1,4075,1.0,0.5,1.8,0.7286899966683233
1,4076,1.0,0.5,1.8,0.5151695058606991
1,4077,1.0,0.5,1.8,1.6548553828740205
1,4078,1.0,0.5,1.8,1.3530391602344374
1,4079,1.0,0.5,1.8,1.3676336156002493
1,4080,1.0,0.5,1.8,1.2300483728482932
1,4081,1.0,0.5,1.8,0.43585475470647
1,4082,1.0,0.5,1.8,1.1065222796470378
1,4083,1.0,0.5,1.8,0.9113934040578043
1,4084,1.0,0.5,1.8,0.6946215079855274
1,4085,1.0,0.5,1.8,0.8687952074186963
1,4086,1.0,0.5,1.8,1.2265237657982622
1,4087,1.0,0.5,1.8,0.458305907400492
1,4088,1.0,0.5,1.8,1.2631457061374383
1,4089,1.0,0.5,1.8,0.6971339142583817
1,4090,1.0,0.5,1.8,0.32738052109611715
1,4091,1.0,0.5,1.8,1.3829018727562128
1,4092,1.0,0.5,1.8,0.6349614155624937
1,4093,1.0,0.5,1.8,0.8832485955824955
1,4094,1.0,0.5,1.8,0.579849973371368
1,4095,1.0,0.5,1.8,0.9958708567797862
1,4096,1.0,0.5,1.8,0.8678575366290798
1,4097,1.0,0.5,1.8,0.5098964205150627
1,4098,1.0,0.5,1.8,1.6560262726489292
1,4099,1.0,0.5,1.8,0.9288756180306732
1,4100,1.0,0.5,1.8,0.3290707509815874
1,4101,1.0,0.5,1.8,0.9727959319751871
1,4102,1.0,0.5,1.8,0.414215272729091
1,4103,1.0,0.5,1.8,1.3287801907214107
1,4104,1.0,0.5,1.8,1.3636924636729755
1,4105,1.0,0.5,1.8,0.41675328155131136
1,4106,1.0,0.5,1.8,0.7347307945607056
1,4107,1.0,0.5,1.8,0.939114529229948
1,4108,1.0,0.5,1.8,1.3998045252504636
1,4109,1.0,0.5,1.8,0.8576491368139146
1,4110,1.0,0.5,1.8,0.27552413562477185
1,4111,1.0,0.5,1.8,0.6061039919696344
1,4112,1.0,0.5,1.8,0.5333427711348144
1,4113,1.0,0.5,1.8,0.572499563689167
1,4114,1.0,0.5,1.8,1.375936991577387
1,4115,1.0,0.5,1.8,1.4529861223896456
1,4116,1.0,0.5,1.8,0.25550264529433264
1,4117,1.0,0.5,1.8,0.4316603028190288
1,4118,1.0,0.5,1.8,0.5027422747402018
1,4119,1.0,0.5,1.8,0.6383176446894002
1,4120,1.0,0.5,1.8,0.8158003391887716
1,4121,1.0,0.5,1.8,1.1161067170855752
1,4122,1.0,0.5,1.8,1.531677875716985
1,4123,1.0,0.5,1.8,0.45928879369447134
1,4124,1.0,0.5,1.8,0.5864839225665643
1,4125,1.0,0.5,1.8,1.0345130618172969
1,4126,1.0,0.5,1.8,0.8060085537242051
1,4127,1.0,0.5,1.8,1.5285387771678787
1,4128,1.0,0.5,1.8,0.5672052812377235
1,4129,1.0,0.5,1.8,0.7523184291016974
1,4130,1.0,0.5,1.8,0.4815076465391127
1,4131,1.0,0.5,1.8,1.4866999722762115
1,4132,1.0,0.5,1.8,1.2541312203573787
1,4133,1.0,0.5,1.8,1.3492202708825765
1,4134,1.0,0.5,1.8,1.1293373245951943
1,4135,1.0,0.5,1.8,0.16170875479778138
1,4136,1.0,0.5,1.8,0.16498532065798527
1,4137,1.0,0.5,1.8,0.32919817371538923
1,4138,1.0,0.5,1.8,0.7775845324260573
1,4139,1.0,0.5,1.8,1.112362724979234
1,4140,1.0,0.5,1.8,1.3614518358648353
1,4141,1.0,0.5,1.8,0.9825138692032813
1,4142,1.0,0.5,1.8,1.4352503740484568
1,4143,1.0,0.5,1.8,0.6178321002225472
1,4144,1.0,0.5,1.8,1.2879266410764039
1,4145,1.0,0.5,1.8,0.5252224008952998
1,4146,1.0,0.5,1.8,0.13337283122853943
1,4147,1.0,0.5,1.8,1.1093867990361403
1,4148,1.0,0.5,1.8,0.9823855918219331
1,4149,1.0,0.5,1.8,1.2760594322572525
1,4150,1.0,0.5,1.8,1.0910865147485016
1,4151,1.0,0.5,1.8,0.5521864846667508
1,4152,1.0,0.5,1.8,1.6160318481602942
1,4153,1.0,0.5,1.8,0.9527847891678006
1,4154,1.0,0.5,1.8,0.7666555748527286
1,4155,1.0,0.5,1.8,0.7352976273498641
1,4156,1.0,0.5,1.8,1.375085497663395
1,4157,1.0,0.5,1.8,1.1748493661871136
1,4158,1.0,0.5,1.8,0.8811360264022442
1,4159,1.0,0.5,1.8,1.0620568046104055
1,4160,1.0,0.5,1.8,0.47490869390478674
1,4161,1.0,0.5,1.8,0.7688166871819184
1,4162,1.0,0.5,1.8,0.7932557025055325
1,4163,1.0,0.5,1.8,0.530906962297175
1,4164,1.0,0.5,1.8,1.136122926866682
1,4165,1.0,0.5,1.8,1.4787669707400786
1,4166,1.0,0.5,1.8,1.4845221937638229
1,4167,1.0,0.5,1.8,1.5500908546045755
1,4168,1.0,0.5,1.8,1.0578994670415576
1,4169,1.0,0.5,1.8,0.36134288151497157
1,4170,1.0,0.5,1.8,0.7353285968190004
1,4171,1.0,0.5,1.8,0.924252735753447
1,4172,1.0,0.5,1.8,0.41413768648309524
1,4173,1.0,0.5,1.8,0.5921697541456075
1,4174,1.0,0.5,1.8,0.6083348805990952
1,4175,1.0,0.5,1.8,0.48217794893823884
1,4176,1.0,0.5,1.8,0.5630864245219789
1,4177,1.0,0.5,1.8,0.9560176027940945
1,4178,1.0,0.5,1.8,1.1760028076290245
1,4179,1.0,0.5,1.8,0.4024355996859302
1,4180,1.0,0.5,1.8,1.4600051244274608
1,4181,1.0,0.5,1.8,1.4609819240217237
1,4182,1.0,0.5,1.8,1.001539263796791
1,4183,1.0,0.5,1.8,1.525479065099384
1,4184,1.0,0.5,1.8,0.8000873901770827
1,4185,1.0,0.5,1.8,0.657079134643345
1,4186,1.0,0.5,1.8,0.8453715736565686
1,4187,1.0,0.5,1.8,1.5536739269756974
1,4188,1.0,0.5,1.8,1.4919721727665327
1,4189,1.0,0.5,1.8,0.8730720127668679
1,4190,1.0,0.5,1.8,0.8112679928828107
1,4191,1.0,0.5,1.8,1.398353575545104
1,4192,1.0,0.5,1.8,1.1336334906522811
1,4193,1.0,0.5,1.8,1.3400022980467092
1,4194,1.0,0.5,1.8,0.6260826910245267
1,4195,1.0,0.5,1.8,1.294638135892666
1,4196,1.0,0.5,1.8,1.6167281746143898
1,4197,1.0,0.5,1.8,0.3802837669317526
1,4198,1.0,0.5,1.8,1.5896431522525276
1,4199,1.0,0.5,1.8,0.9650278340877533
1,4200,1.0,0.5,1.8,0.9913621074726618
1,4201,1.0,0.5,1.8,0.4636805311391165
1,4202,1.0,0.5,1.8,0.9874635639181593
1,4203,1.0,0.5,1.8,0.9128660683963133
1,4204,1.0,0.5,1.8,1.5170189679247792
1,4205,1.0,0.5,1.8,0.3135589592968298
1,4206,1.0,0.5,1.8,0.6460921784470988
1,4207,1.0,0.5,1.8,1.0340952703340751
1,4208,1.0,0.5,1.8,0.6571218667976139
1,4209,1.0,0.5,1.8,0.7787671169307575
1,4210,1.0,0.5,1.8,1.1060830745109516
1,4211,1.0,0.5,1.8,0.18023133311790515
1,4212,1.0,0.5,1.8,0.9592146763772205
1,4213,1.0,0.5,1.8,0.7197804371315477
1,4214,1.0,0.5,1.8,1.2235383748457105
1,4215,1.0,0.5,1.8,0.5379935598470386
1,4216,1.0,0.5,1.8,1.1786084811786588
1,4217,1.0,0.5,1.8,0.5425234449547517
1,4218,1.0,0.5,1.8,1.2962026136517446
1,4219,1.0,0.5,1.8,0.37958765563678865
1,4220,1.0,0.5,1.8,0.4761133225735437
1,4221,1.0,0.5,1.8,0.5728323765882521
1,4222,1.0,0.5,1.8,0.2161254481943748
1,4223,1.0,0.5,1.8,0.9675077917199784
1,4224,1.0,0.5,1.8,0.6565801136729789
1,4225,1.0,0.5,1.8,0.7078204957101013
1,4226,1.0,0.5,1.8,0.4447677958213984
1,4227,1.0,0.5,1.8,1.3255889640895844
1,4228,1.0,0.5,1.8,1.1877122180967992
1,4229,1.0,0.5,1.8,1.2402838241744034
1,4230,1.0,0.5,1.8,0.8331230514092861
1,4231,1.0,0.5,1.8,0.8887380664631285
1,4232,1.0,0.5,1.8,0.6051456664619475
1,4233,1.0,0.5,1.8,0.8331142695366707
1,4234,1.0,0.5,1.8,0.4100328561645777
1,4235,1.0,0.5,1.8,1.5601171995208145
1,4236,1.0,0.5,1.8,1.0754681824055659
1,4237,1.0,0.5,1.8,0.8242457429814912
1,4238,1.0,0.5,1.8,0.8766602104656154
1,4239,1.0,0.5,1.8,1.0327452264652244
1,4240,1.0,0.5,1.8,1.310476567111979
1,4241,1.0,0.5,1.8,0.7893293623961412
1,4242,1.0,0.5,1.8,1.4241256996760814
1,4243,1.0,0.5,1.8,0.7125139455808209
1,4244,1.0,0.5,1.8,1.2098154761371718
1,4245,1.0,0.5,1.8,0.751800401561298
1,4246,1.0,0.5,1.8,0.5984595924313302
1,4247,1.0,0.5,1.8,0.28537387351622057
1,4248,1.0,0.5,1.8,0.905006899488183
1,4249,1.0,0.5,1.8,0.5499770355563409
1,4250,1.0,0.5,1.8,1.4158801788494906
1,4251,1.0,0.5,1.8,1.4497452091791159
1,4252,1.0,0.5,1.8,0.590126666457939
1,4253,1.0,0.5,1.8,0.67208549273484
1,4254,1.0,0.5,1.8,1.4412072981255926
1,4255,1.0,0.5,1.8,0.9289579321717448
1,4256,1.0,0.5,1.8,1.5881921614035184
1,4257,1.0,0.5,1.8,0.8157331248853059
1,4258,1.0,0.5,1.8,1.595657502118772
1,4259,1.0,0.5,1.8,1.0531374418669313
1,4260,1.0,0.5,1.8,0.7595060586404034
1,4261,1.0,0.5,1.8,0.5631477066186841
1,4262,1.0,0.5,1.8,1.120374517448182
1,4263,1.0,0.5,1.8,1.199327233464815
1,4264,1.0,0.5,1.8,1.3884353754521972
1,4265,1.0,0.5,1.8,0.3876922687861805
1,4266,1.0,0.5,1.8,1.0969126484198752
1,4267,1.0,0.5,1.8,1.4541339976907022
1,4268,1.0,0.5,1.8,1.0176651963955818
1,4269,1.0,0.5,1.8,1.5107003232656695
1,4270,1.0,0.5,1.8,1.3764779934789848
1,4271,1.0,0.5,1.8,0.8099421594308537
1,4272,1.0,0.5,1.8,0.941389715202329
1,4273,1.0,0.5,1.8,1.1989193812054484
1,4274,1.0,0.5,1.8,1.1740092020948114
1,4275,1.0,0.5,1.8,1.334316465038808
1,4276,1.0,0.5,1.8,1.711037593360564
1,4277,1.0,0.5,1.8,0.6031504832217583
1,4278,1.0,0.5,1.8,1.170165775750574
1,4279,1.0,0.5,1.8,1.1330332272426522
1,4280,1.0,0.5,1.8,1.0152045758351949
1,4281,1.0,0.5,1.8,1.0222984520890526
1,4282,1.0,0.5,1.8,1.3196136945523034
1,4283,1.0,0.5,1.8,1.0487231196562723
1,4284,1.0,0.5,1.8,0.1042829022791829
1,4285,1.0,0.5,1.8,0.604023434773556
1,4286,1.0,0.5,1.8,1.1344472935316707
1,4287,1.0,0.5,1.8,0.45902384453993056
1,4288,1.0,0.5,1.8,0.2380338522066535
1,4289,1.0,0.5,1.8,1.190208521617698
1,4290,1.0,0.5,1.8,1.241887204746597
1,4291,1.0,0.5,1.8,0.4986808484507601
1,4292,1.0,0.5,1.8,0.5957763050219402
1,4293,1.0,0.5,1.8,0.5510739105986024
1,4294,1.0,0.5,1.8,0.8798085061699482
1,4295,1.0,0.5,1.8,0.40577694288048416
1,4296,1.0,0.5,1.8,0.18369173981029419
1,4297,1.0,0.5,1.8,0.7894718055674576
1,4298,1.0,0.5,1.8,0.8799848658770371
1,4299,1.0,0.5,1.8,0.48847794689355317
1,4300,1.0,0.5,1.8,0.9175030941602402
1,4301,1.0,0.5,1.8,1.3436128045127986
1,4302,1.0,0.5,1.8,0.6651133931760576
1,4303,1.0,0.5,1.8,0.21755696338138086
1,4304,1.0,0.5,1.8,1.3030004578241436
1,4305,1.0,0.5,1.8,0.49700052399389216
1,4306,1.0,0.5,1.8,0.7260692449511508
1,4307,1.0,0.5,1.8,1.1460423524484062
1,4308,1.0,0.5,1.8,1.3283311988060809
1,4309,1.0,0.5,1.8,0.8209401919831478
1,4310,1.0,0.5,1.8,0.562504676965408
1,4311,1.0,0.5,1.8,0.893021934977275
1,4312,1.0,0.5,1.8,0.37969314221733386
1,4313,1.0,0.5,1.8,0.21756407730620952
1,4314,1.0,0.5,1.8,1.2214021194104305
1,4315,1.0,0.5,1.8,0.15261359636179334
1,4316,1.0,0.5,1.8,1.4944752017122975
1,4317,1.0,0.5,1.8,1.4573423089973634
1,4318,1.0,0.5,1.8,0.43143249396560784
1,4319,1.0,0.5,1.8,0.29191445982593345
1,4320,1.0,0.5,1.8,0.4265724553533965
1,4321,1.0,0.5,1.8,0.5305411631475145
1,4322,1.0,0.5,1.8,0.3377838013420423
1,4323,1.0,0.5,1.8,0.9538342485952833
1,4324,1.0,0.5,1.8,1.3509273562809276
1,4325,1.0,0.5,1.8,1.2796903157009905
1,4326,1.0,0.5,1.8,1.3223422634317936
1,4327,1.0,0.5,1.8,0.2639375235414041
1,4328,1.0,0.5,1.8,0.7275689559277068
1,4329,1.0,0.5,1.8,1.7616498072590892
1,4330,1.0,0.5,1.8,0.7859372829617223
1,4331,1.0,0.5,1.8,1.3997570581747263
1,4332,1.0,0.5,1.8,1.090796575491662
1,4333,1.0,0.5,1.8,0.5403193483565815
1,4334,1.0,0.5,1.8,0.5593279130370358
1,4335,1.0,0.5,1.8,0.706061231817436
1,4336,1.0,0.5,1.8,0.40568109730832524
1,4337,1.0,0.5,1.8,0.9157517933405082
1,4338,1.0,0.5,1.8,1.0279872983219007
1,4339,1.0,0.5,1.8,0.7397582640167045
1,4340,1.0,0.5,1.8,1.0366320191322518
1,4341,1.0,0.5,1.8,1.312420632087384
1,4342,1.0,0.5,1.8,0.7915794245284529
1,4343,1.0,0.5,1.8,0.9690870679910948
1,4344,1.0,0.5,1.8,0.2503397081170777
1,4345,1.0,0.5,1.8,0.9414213002285549
1,4346,1.0,0.5,1.8,1.5276334923832673
1,4347,1.0,0.5,1.8,1.017023300610916
1,4348,1.0,0.5,1.8,1.3025393861537646
1,4349,1.0,0.5,1.8,0.4867380296123016
1,4350,1.0,0.5,1.8,1.1111089978577495
1,4351,1.0,0.5,1.8,0.6249629999035969
1,4352,1.0,0.5,1.8,0.28045194616670643
1,4353,1.0,0.5,1.8,1.1615592363556242
1,4354,1.0,0.5,1.8,0.849416645573454
1,4355,1.0,0.5,1.8,0.9314508426005453
1,4356,1.0,0.5,1.8,1.2289980195085137
1,4357,1.0,0.5,1.8,0.9248818097133987
1,4358,1.0,0.5,1.8,1.5572570607595178
1,4359,1.0,0.5,1.8,0.833790367887609
1,4360,1.0,0.5,1.8,1.436346408008439
1,4361,1.0,0.5,1.8,1.47978189616521
1,4362,1.0,0.5,1.8,1.423954351856291
1,4363,1.0,0.5,1.8,1.0015169702090976
1,4364,1.0,0.5,1.8,1.0178840800726587
1,4365,1.0,0.5,1.8,0.6458345091910327
1,4366,1.0,0.5,1.8,0.8401087872969667
1,4367,1.0,0.5,1.8,1.1417526554695714
1,4368,1.0,0.5,1.8,1.0698966749219072
1,4369,1.0,0.5,1.8,1.0092010826251008
1,4370,1.0,0.5,1.8,0.9123586105269986
1,4371,1.0,0.5,1.8,1.0195350991490604
1,4372,1.0,0.5,1.8,0.8013319940841971
1,4373,1.0,0.5,1.8,0.7607274903272501
1,4374,1.0,0.5,1.8,0.8040692735477789
1,4375,1.0,0.5,1.8,0.9132487830606768
1,4376,1.0,0.5,1.8,0.1589659885541625
1,4377,1.0,0.5,1.8,1.3611717686140958
1,4378,1.0,0.5,1.8,0.554530296116834
1,4379,1.0,0.5,1.8,0.33623061741193916
1,4380,1.0,0.5,1.8,0.3072911299982358
1,4381,1.0,0.5,1.8,0.48794248046248695
1,4382,1.0,0.5,1.8,0.18873612400947976
1,4383,1.0,0.5,1.8,1.0757283655483576
1,4384,1.0,0.5,1.8,0.9467187604849767
1,4385,1.0,0.5,1.8,0.3446525795112593
1,4386,1.0,0.5,1.8,0.5817822565797598
1,4387,1.0,0.5,1.8,0.7156188997218146
1,4388,1.0,0.5,1.8,1.1728380727523575
1,4389,1.0,0.5,1.8,1.0069472530429382
1,4390,1.0,0.5,1.8,0.8717992881033322
1,4391,1.0,0.5,1.8,1.583860667665261
1,4392,1.0,0.5,1.8,1.2894442432754476
1,4393,1.0,0.5,1.8,0.7284212435605605
1,4394,1.0,0.5,1.8,0.8024499775333126
1,4395,1.0,0.5,1.8,0.6095143541766931
1,4396,1.0,0.5,1.8,0.5220619877391364
1,4397,1.0,0.5,1.8,0.8432431234154946
1,4398,1.0,0.5,1.8,1.511272282629891
1,4399,1.0,0.5,1.8,1.304045668702463
1,4400,1.0,0.5,1.8,1.0687721973223492
1,4401,1.0,0.5,1.8,0.2773088126167368
1,4402,1.0,0.5,1.8,0.7692881582607203
1,4403,1.0,0.5,1.8,0.5852635383420627
1,4404,1.0,0.5,1.8,0.7241828938012577
1,4405,1.0,0.5,1.8,1.023650240622547
1,4406,1.0,0.5,1.8,1.2728042449133294
1,4407,1.0,0.5,1.8,0.48022848746687335
1,4408,1.0,0.5,1.8,0.415712199797054
1,4409,1.0,0.5,1.8,1.139606425076348
1,4410,1.0,0.5,1.8,1.034292367670478
1,4411,1.0,0.5,1.8,0.8202848269647158
1,4412,1.0,0.5,1.8,1.0662131250464422
1,4413,1.0,0.5,1.8,0.6746729092147272
1,4414,1.0,0.5,1.8,0.40713152398363206
1,4415,1.0,0.5,1.8,0.8773651197148231
1,4416,1.0,0.5,1.8,0.3775673094601262
1,4417,1.0,0.5,1.8,0.45973480002430395
1,4418,1.0,0.5,1.8,1.4100874575542643
1,4419,1.0,0.5,1.8,1.1954775414311278
1,4420,1.0,0.5,1.8,1.290376141351611
1,4421,1.0,0.5,1.8,1.691303808402499
1,4422,1.0,0.5,1.8,0.4757347054503788
1,4423,1.0,0.5,1.8,0.46983207331172744
1,4424,1.0,0.5,1.8,1.2287368045765055
1,4425,1.0,0.5,1.8,1.705221454434168
1,4426,1.0,0.5,1.8,1.4268068149808575
1,4427,1.0,0.5,1.8,0.7222540359103211
1,4428,1.0,0.5,1.8,0.320398195114865
1,4429,1.0,0.5,1.8,1.1951573940493503
1,4430,1.0,0.5,1.8,1.2471983499746806
1,4431,1.0,0.5,1.8,0.6066042585975515
1,4432,1.0,0.5,1.8,0.7296746980119796
1,4433,1.0,0.5,1.8,0.6816071318754122
1,4434,1.0,0.5,1.8,0.7704888361918029
1,4435,1.0,0.5,1.8,0.3157953504907789
1,4436,1.0,0.5,1.8,0.6658542639014918
1,4437,1.0,0.5,1.8,1.527836920273217
1,4438,1.0,0.5,1.8,1.198671583022415
1,4439,1.0,0.5,1.8,1.5112775979583675
1,4440,1.0,0.5,1.8,1.4861062325321572
1,4441,1.0,0.5,1.8,0.3048922119293227
1,4442,1.0,0.5,1.8,0.8353933773163885
1,4443,1.0,0.5,1.8,0.3596773676922779
1,4444,1.0,0.5,1.8,1.073969222496916
1,4445,1.0,0.5,1.8,1.3256637384154968
1,4446,1.0,0.5,1.8,1.179503585298061
1,4447,1.0,0.5,1.8,1.6862819140793324
1,4448,1.0,0.5,1.8,0.6645546959150791
1,4449,1.0,0.5,1.8,0.8133506200426723
1,4450,1.0,0.5,1.8,1.1798909208344706
1,4451,1.0,0.5,1.8,0.9950157791075457
1,4452,1.0,0.5,1.8,0.5504544923550867
1,4453,1.0,0.5,1.8,0.7574893838164274
1,4454,1.0,0.5,1.8,1.4114321711815745
1,4455,1.0,0.5,1.8,0.8679803121102756
1,4456,1.0,0.5,1.8,0.9517480012288762
1,4457,1.0,0.5,1.8,1.1064578653963484
1,4458,1.0,0.5,1.8,1.0923856769323539
1,4459,1.0,0.5,1.8,0.32977539775325054
1,4460,1.0,0.5,1.8,0.17275842243006537
1,4461,1.0,0.5,1.8,1.152632925806022
1,4462,1.0,0.5,1.8,0.800601011188196
1,4463,1.0,0.5,1.8,0.8008827606945389
1,4464,1.0,0.5,1.8,0.4773753168606621
1,4465,1.0,0.5,1.8,1.5652194702594948
1,4466,1.0,0.5,1.8,1.5303836633614054
1,4467,1.0,0.5,1.8,0.4179386661341318
1,4468,1.0,0.5,1.8,1.6179072751799655
1,4469,1.0,0.5,1.8,1.0148530295890248
1,4470,1.0,0.5,1.8,0.4819835459466436
1,4471,1.0,0.5,1.8,0.5578592115429671
1,4472,1.0,0.5,1.8,1.0502831631564
1,4473,1.0,0.5,1.8,0.3199775076052261
1,4474,1.0,0.5,1.8,1.3399833999663533
1,4475,1.0,0.5,1.8,0.41297617536406755
1,4476,1.0,0.5,1.8,1.2045260930611719
1,4477,1.0,0.5,1.8,1.3206683080693808
1,4478,1.0,0.5,1.8,0.13415088330917607
1,4479,1.0,0.5,1.8,0.9359111338005867
1,4480,1.0,0.5,1.8,0.9160027354000386
1,4481,1.0,0.5,1.8,1.25797725751251
1,4482,1.0,0.5,1.8,1.3320703904158941
1,4483,1.0,0.5,1.8,0.34059228440145883
1,4484,1.0,0.5,1.8,1.6592467297802094
1,4485,1.0,0.5,1.8,1.0461755328349438
1,4486,1.0,0.5,1.8,0.5416630943899297
1,4487,1.0,0.5,1.8,1.0861254895710282
1,4488,1.0,0.5,1.8,0.6420773831297639
1,4489,1.0,0.5,1.8,1.37131003834286
1,4490,1.0,0.5,1.8,1.421016389935682
1,4491,1.0,0.5,1.8,0.5836353106674144
1,4492,1.0,0.5,1.8,0.45535418867414973
1,4493,1.0,0.5,1.8,0.7536572287684701
1,4494,1.0,0.5,1.8,0.17845547971767428
1,4495,1.0,0.5,1.8,0.7498852357811309
1,4496,1.0,0.5,1.8,0.4676678965921487
1,4497,1.0,0.5,1.8,0.5498144557085576
1,4498,1.0,0.5,1.8,1.6093655158261657
1,4499,1.0,0.5,1.8,0.4342413946612399
1,4500,1.0,0.5,1.8,1.0986449091633952
1,4501,1.0,0.5,1.8,1.55990887590164
1,4502,1.0,0.5,1.8,1.0181620702804923
1,4503,1.0,0.5,1.8,1.3771601083114886
1,4504,1.0,0.5,1.8,0.8410957620679547
1,4505,1.0,0.5,1.8,0.7300847258234509
1,4506,1.0,0.5,1.8,1.2478255890514045
1,4507,1.0,0.5,1.8,0.3979061743627221
1,4508,1.0,0.5,1.8,1.1974027914718262
1,4509,1.0,0.5,1.8,0.9743305723320413
1,4510,1.0,0.5,1.8,0.6056597939113763
1,4511,1.0,0.5,1.8,0.5071337093466218
1,4512,1.0,0.5,1.8,0.965328098699562
1,4513,1.0,0.5,1.8,1.2138620664367905
1,4514,1.0,0.5,1.8,0.6227531636996164
1,4515,1.0,0.5,1.8,1.5011321852337314
1,4516,1.0,0.5,1.8,0.7728387284208263
1,4517,1.0,0.5,1.8,0.7566347211352968
1,4518,1.0,0.5,1.8,0.5621124902657477
1,4519,1.0,0.5,1.8,0.27830506328475435
1,4520,1.0,0.5,1.8,0.6722274451361828
1,4521,1.0,0.5,1.8,0.6393361308390293
1,4522,1.0,0.5,1.8,0.5766148586483915
1,4523,1.0,0.5,1.8,0.40792651583757883
1,4524,1.0,0.5,1.8,1.116440677938273
1,4525,1.0,0.5,1.8,0.17411324648596527
1,4526,1.0,0.5,1.8,0.8070459584011482
1,4527,1.0,0.5,1.8,1.3690779488535139
1,4528,1.0,0.5,1.8,0.22557274578642336
1,4529,1.0,0.5,1.8,1.2442589209259578
1,4530,1.0,0.5,1.8,0.5790761803669932
1,4531,1.0,0.5,1.8,1.3590792886851657
1,4532,1.0,0.5,1.8,1.6195094159085945
1,4533,1.0,0.5,1.8,0.8591019005478014
1,4534,1.0,0.5,1.8,1.3882294798643358
1,4535,1.0,0.5,1.8,1.3549431066619215
1,4536,1.0,0.5,1.8,0.8923055944363548
1,4537,1.0,0.5,1.8,1.291832731542924
1,4538,1.0,0.5,1.8,1.167941664075497
1,4539,1.0,0.5,1.8,0.8533925329664237
1,4540,1.0,0.5,1.8,1.473392802233213
1,4541,1.0,0.5,1.8,0.48521499311435895
1,4542,1.0,0.5,1.8,1.518549614947359
1,4543,1.0,0.5,1.8,0.8262188183229202
1,4544,1.0,0.5,1.8,1.627069215310186
1,4545,1.0,0.5,1.8,0.9335710381466362
1,4546,1.0,0.5,1.8,1.058017282947657
1,4547,1.0,0.5,1.8,1.12507214932941
1,4548,1.0,0.5,1.8,0.9348539375793875
1,4549,1.0,0.5,1.8,1.401260846429804
1,4550,1.0,0.5,1.8,1.012686273390187
1,4551,1.0,0.5,1.8,0.542803941214671
1,4552,1.0,0.5,1.8,0.8248041774123734
1,4553,1.0,0.5,1.8,1.527686155061629
1,4554,1.0,0.5,1.8,1.5454784372089665
1,4555,1.0,0.5,1.8,1.2769627564160744
1,4556,1.0,0.5,1.8,0.46129113286299395
1,4557,1.0,0.5,1.8,0.4129765761461622
1,4558,1.0,0.5,1.8,0.8864855905888687
1,4559,1.0,0.5,1.8,0.6028693671413579
1,4560,1.0,0.5,1.8,0.8728027378734031
1,4561,1.0,0.5,1.8,0.5141837140282984
1,4562,1.0,0.5,1.8,0.30421714011818046
1,4563,1.0,0.5,1.8,0.3984566282838843
1,4564,1.0,0.5,1.8,0.5772702736252165
1,4565,1.0,0.5,1.8,0.8825855816461223
1,4566,1.0,0.5,1.8,1.2358676401800945
1,4567,1.0,0.5,1.8,0.8254494210291518
1,4568,1.0,0.5,1.8,0.5445233893433955
1,4569,1.0,0.5,1.8,0.38790667512459853
1,4570,1.0,0.5,1.8,0.5662470425003101
1,4571,1.0,0.5,1.8,1.095054903617727
1,4572,1.0,0.5,1.8,0.1970080121842371
1,4573,1.0,0.5,1.8,1.473959341188705
1,4574,1.0,0.5,1.8,0.8250023186122976
1,4575,1.0,0.5,1.8,0.356553019599471
1,4576,1.0,0.5,1.8,1.1896044745200791
1,4577,1.0,0.5,1.8,0.6071327899923846
1,4578,1.0,0.5,1.8,1.0474666318262251
1,4579,1.0,0.5,1.8,1.0123419476927848
1,4580,1.0,0.5,1.8,0.3291329494880836
1,4581,1.0,0.5,1.8,1.6372240143437218
1,4582,1.0,0.5,1.8,1.3250836340105934
1,4583,1.0,0.5,1.8,0.9324055523841993
1,4584,1.0,0.5,1.8,0.849037225578717
1,4585,1.0,0.5,1.8,0.9117772602730654
1,4586,1.0,0.5,1.8,1.2847841223064937
1,4587,1.0,0.5,1.8,1.3661817830912737
1,4588,1.0,0.5,1.8,1.1066874211572386
1,4589,1.0,0.5,1.8,0.2662000842572891
1,4590,1.0,0.5,1.8,1.0627298800018325
1,4591,1.0,0.5,1.8,0.6583446743576737
1,4592,1.0,0.5,1.8,0.592357405822863
1,4593,1.0,0.5,1.8,1.4698607809083284
1,4594,1.0,0.5,1.8,0.6096455381451402
1,4595,1.0,0.5,1.8,0.558113475962195
1,4596,1.0,0.5,1.8,0.4990289446782627
1,4597,1.0,0.5,1.8,0.9169284842542366
1,4598,1.0,0.5,1.8,1.4997329421619563
1,4599,1.0,0.5,1.8,0.9567205349046632
1,4600,1.0,0.5,1.8,1.445292855192547
1,4601,1.0,0.5,1.8,1.5701767940926898
1,4602,1.0,0.5,1.8,1.218877672818104
1,4603,1.0,0.5,1.8,0.4026594336057044
1,4604,1.0,0.5,1.8,0.8592216890892476
1,4605,1.0,0.5,1.8,1.1193562551987777
1,4606,1.0,0.5,1.8,1.1633423940880065
1,4607,1.0,0.5,1.8,0.43104475975274825
1,4608,1.0,0.5,1.8,1.477313951483046
1,4609,1.0,0.5,1.8,0.7513703867335099
1,4610,1.0,0.5,1.8,0.7307861224613462
1,4611,1.0,0.5,1.8,0.6334595298513301
1,4612,1.0,0.5,1.8,1.2546002013607331
1,4613,1.0,0.5,1.8,0.4532799725172835
1,4614,1.0,0.5,1.8,1.1313692780013858
1,4615,1.0,0.5,1.8,0.4068175643296617
1,4616,1.0,0.5,1.8,0.8780420240726795
1,4617,1.0,0.5,1.8,0.9010828287395273
1,4618,1.0,0.5,1.8,1.3596937948916061
1,4619,1.0,0.5,1.8,0.04336600903908034
1,4620,1.0,0.5,1.8,0.9831296973315592
1,4621,1.0,0.5,1.8,1.0304544984919732
1,4622,1.0,0.5,1.8,0.6990652071641134
1,4623,1.0,0.5,1.8,1.0029658574481988
1,4624,1.0,0.5,1.8,1.580604888550405
1,4625,1.0,0.5,1.8,1.0039549575794675
1,4626,1.0,0.5,1.8,0.7493548104143987
1,4627,1.0,0.5,1.8,0.6929306483205752
1,4628,1.0,0.5,1.8,0.7411961640169756
1,4629,1.0,0.5,1.8,0.909130298279723
1,4630,1.0,0.5,1.8,0.8938507649092221
1,4631,1.0,0.5,1.8,1.2354959154110166
1,4632,1.0,0.5,1.8,0.8001684729696243
1,4633,1.0,0.5,1.8,1.0788428776393528
1,4634,1.0,0.5,1.8,0.35335379361582375
1,4635,1.0,0.5,1.8,1.51236035892439
1,4636,1.0,0.5,1.8,0.8995536296505934
1,4637,1.0,0.5,1.8,1.3610476078979994
1,4638,1.0,0.5,1.8,1.1651317289869507
1,4639,1.0,0.5,1.8,0.686720712630967
1,4640,1.0,0.5,1.8,1.243980610249882
1,4641,1.0,0.5,1.8,1.182842473097024
1,4642,1.0,0.5,1.8,1.168040976754121
1,4643,1.0,0.5,1.8,0.7715076116395353
1,4644,1.0,0.5,1.8,1.6924896811419115
1,4645,1.0,0.5,1.8,0.5395183344011629
1,4646,1.0,0.5,1.8,0.5396529880135085
1,4647,1.0,0.5,1.8,1.610540187260942
1,4648,1.0,0.5,1.8,1.2406922758249324
1,4649,1.0,0.5,1.8,1.304541863916089
1,4650,1.0,0.5,1.8,1.4785529979518834
1,4651,1.0,0.5,1.8,0.6412386045939036
1,4652,1.0,0.5,1.8,0.7875240176067643
1,4653,1.0,0.5,1.8,0.7597017429199809
1,4654,1.0,0.5,1.8,0.6953199194667149
1,4655,1.0,0.5,1.8,1.1747979050237423
1,4656,1.0,0.5,1.8,0.7605780575515402
1,4657,1.0,0.5,1.8,0.12830296067163002
1,4658,1.0,0.5,1.8,1.472013112284062
1,4659,1.0,0.5,1.8,0.8196559122044513
1,4660,1.0,0.5,1.8,0.6147615730674341
1,4661,1.0,0.5,1.8,0.7920281609249706
1,4662,1.0,0.5,1.8,0.9237628866868501
1,4663,1.0,0.5,1.8,0.9236130210798529
1,4664,1.0,0.5,1.8,1.3922438840503468
1,4665,1.0,0.5,1.8,1.123380225115996
1,4666,1.0,0.5,1.8,1.1257666580452335
1,4667,1.0,0.5,1.8,0.8822914194307544
1,4668,1.0,0.5,1.8,1.0125419178422128
1,4669,1.0,0.5,1.8,0.5452075103230359
1,4670,1.0,0.5,1.8,0.6910192017218467
1,4671,1.0,0.5,1.8,0.5311915489786395
1,4672,1.0,0.5,1.8,0.5196562986922096
1,4673,1.0,0.5,1.8,0.5436847753871294
1,4674,1.0,0.5,1.8,1.4774688715958715
1,4675,1.0,0.5,1.8,1.3065449852996502
1,4676,1.0,0.5,1.8,0.44604995031512823
1,4677,1.0,0.5,1.8,0.6998235551409588
1,4678,1.0,0.5,1.8,0.3329001454987947
1,4679,1.0,0.5,1.8,0.7959356457072264
1,4680,1.0,0.5,1.8,0.7981601430419835
1,4681,1.0,0.5,1.8,0.5712424281826552
1,4682,1.0,0.5,1.8,0.5737967013935963
1,4683,1.0,0.5,1.8,0.681470650891762
1,4684,1.0,0.5,1.8,0.8617791293544276
1,4685,1.0,0.5,1.8,1.0621984171863788
1,4686,1.0,0.5,1.8,1.7628749730686528
1,4687,1.0,0.5,1.8,0.5759180707770546
1,4688,1.0,0.5,1.8,1.7425852963298007
1,4689,1.0,0.5,1.8,1.0561989831464575
1,4690,1.0,0.5,1.8,1.2414753410145196
1,4691,1.0,0.5,1.8,1.4570343192772939
1,4692,1.0,0.5,1.8,0.961434720308886
1,4693,1.0,0.5,1.8,1.5003972146551676
1,4694,1.0,0.5,1.8,1.132528258076763
1,4695,1.0,0.5,1.8,0.4303048267614133
1,4696,1.0,0.5,1.8,1.1797515588570064
1,4697,1.0,0.5,1.8,1.5125010444860276
1,4698,1.0,0.5,1.8,1.0440480434938346
1,4699,1.0,0.5,1.8,0.6248365023010489
1,4700,1.0,0.5,1.8,1.5145339178081492
1,4701,1.0,0.5,1.8,1.7388718831258865
1,4702,1.0,0.5,1.8,0.8092256923960132
1,4703,1.0,0.5,1.8,0.6921710416243055
1,4704,1.0,0.5,1.8,1.1508860911146976
1,4705,1.0,0.5,1.8,0.2969320277405224
1,4706,1.0,0.5,1.8,1.0460941324616289
1,4707,1.0,0.5,1.8,0.954309314479783
1,4708,1.0,0.5,1.8,1.0336230308893486
1,4709,1.0,0.5,1.8,1.257546415009326
1,4710,1.0,0.5,1.8,1.0729271384923134
1,4711,1.0,0.5,1.8,0.4312969803408678
1,4712,1.0,0.5,1.8,0.8763877097226308
1,4713,1.0,0.5,1.8,0.8058789361917823
1,4714,1.0,0.5,1.8,1.286202678597319
1,4715,1.0,0.5,1.8,1.5601424000962845
1,4716,1.0,0.5,1.8,0.7855391587820715
1,4717,1.0,0.5,1.8,0.48301773558527106
1,4718,1.0,0.5,1.8,0.5020578383408079
1,4719,1.0,0.5,1.8,0.8523633880007584
1,4720,1.0,0.5,1.8,1.160761590776992
1,4721,1.0,0.5,1.8,0.92637299562394
1,4722,1.0,0.5,1.8,0.9406708895459286
1,4723,1.0,0.5,1.8,0.2689808351211561
1,4724,1.0,0.5,1.8,0.5633367301063275
1,4725,1.0,0.5,1.8,1.3209499840639558
1,4726,1.0,0.5,1.8,0.7222895277854948
1,4727,1.0,0.5,1.8,0.34743787745347526
1,4728,1.0,0.5,1.8,0.726041287585314
1,4729,1.0,0.5,1.8,0.8573777504587559
1,4730,1.0,0.5,1.8,0.7906363229080781
1,4731,1.0,0.5,1.8,1.1007784232047182
1,4732,1.0,0.5,1.8,0.8292920990844046
1,4733,1.0,0.5,1.8,0.5901085443830947
1,4734,1.0,0.5,1.8,0.8727573185890526
1,4735,1.0,0.5,1.8,0.18880043826892343
1,4736,1.0,0.5,1.8,1.3509464038268677
1,4737,1.0,0.5,1.8,1.44550851481361
1,4738,1.0,0.5,1.8,0.9598383912748668
1,4739,1.0,0.5,1.8,0.49863240238342604
1,4740,1.0,0.5,1.8,0.2516271958201221
1,4741,1.0,0.5,1.8,0.9922877494182714
1,4742,1.0,0.5,1.8,1.5396678430603112
1,4743,1.0,0.5,1.8,0.1908377663045675
1,4744,1.0,0.5,1.8,0.5604587880445632
1,4745,1.0,0.5,1.8,0.09147249615603381
1,4746,1.0,0.5,1.8,0.512723384562069
1,4747,1.0,0.5,1.8,1.503947080854905
1,4748,1.0,0.5,1.8,0.48337684773285405
1,4749,1.0,0.5,1.8,1.2118600039725722
1,4750,1.0,0.5,1.8,0.7152687196293918
1,4751,1.0,0.5,1.8,0.9522719603874745
1,4752,1.0,0.5,1.8,1.044945832139277
1,4753,1.0,0.5,1.8,1.1666046123882448
1,4754,1.0,0.5,1.8,1.1853330988421171
1,4755,1.0,0.5,1.8,0.16571747744842888
1,4756,1.0,0.5,1.8,0.2197355585793643
1,4757,1.0,0.5,1.8,0.8992402969127967
1,4758,1.0,0.5,1.8,1.0938534973616074
1,4759,1.0,0.5,1.8,1.2088620561284105
1,4760,1.0,0.5,1.8,0.39384647724285743
1,4761,1.0,0.5,1.8,0.8268978919362608
1,4762,1.0,0.5,1.8,1.424868936000341
1,4763,1.0,0.5,1.8,0.9652442078706283
1,4764,1.0,0.5,1.8,0.9227541840254199
1,4765,1.0,0.5,1.8,0.5456328077323419
1,4766,1.0,0.5,1.8,0.7409364302024671
1,4767,1.0,0.5,1.8,0.24123856633030782
1,4768,1.0,0.5,1.8,0.32817897660395245
1,4769,1.0,0.5,1.8,1.38321273357121
1,4770,1.0,0.5,1.8,0.3188662751432119
1,4771,1.0,0.5,1.8,0.8788689628689852
1,4772,1.0,0.5,1.8,0.6829970767764287
1,4773,1.0,0.5,1.8,1.0737081066265899
1,4774,1.0,0.5,1.8,1.3720016789680027
1,4775,1.0,0.5,1.8,1.3121653409378102
1,4776,1.0,0.5,1.8,0.3807649155159239
1,4777,1.0,0.5,1.8,1.4716640129978007
1,4778,1.0,0.5,1.8,0.4017303743957591
1,4779,1.0,0.5,1.8,0.9762452606212375
1,4780,1.0,0.5,1.8,0.9478499239864913
1,4781,1.0,0.5,1.8,0.3227476116058081
1,4782,1.0,0.5,1.8,0.9011227767514634
1,4783,1.0,0.5,1.8,0.33835147480516325
1,4784,1.0,0.5,1.8,1.5301775637373736
1,4785,1.0,0.5,1.8,1.4361944454763884
1,4786,1.0,0.5,1.8,0.3462962677175937
1,4787,1.0,0.5,1.8,1.3290497817488935
1,4788,1.0,0.5,1.8,1.3243666973095234
1,4789,1.0,0.5,1.8,0.9584929724297516
1,4790,1.0,0.5,1.8,0.9672755219094218
1,4791,1.0,0.5,1.8,0.745266406788785
1,4792,1.0,0.5,1.8,1.6285112178542456
1,4793,1.0,0.5,1.8,1.3014868572561493
1,4794,1.0,0.5,1.8,1.190700456925727
1,4795,1.0,0.5,1.8,0.3128602165870194
1,4796,1.0,0.5,1.8,0.889006807332791
1,4797,1.0,0.5,1.8,0.5542928709793322
1,4798,1.0,0.5,1.8,0.2362398465656922
1,4799,1.0,0.5,1.8,0.2491911428860469
1,4800,1.0,0.5,1.8,1.334132086335606
1,4801,1.0,0.5,1.8,0.45105626732186715
1,4802,1.0,0.5,1.8,0.9866992777537377
1,4803,1.0,0.5,1.8,0.4313536826092781
1,4804,1.0,0.5,1.8,1.6715832645800146
1,4805,1.0,0.5,1.8,0.6107370756379674
1,4806,1.0,0.5,1.8,1.0844542846197984
1,4807,1.0,0.5,1.8,0.8662106957743341
1,4808,1.0,0.5,1.8,0.3907941680021674
1,4809,1.0,0.5,1.8,0.17550394956277335
1,4810,1.0,0.5,1.8,0.08283011114269952
1,4811,1.0,0.5,1.8,0.874985803364638
1,4812,1.0,0.5,1.8,1.174866817378428
1,4813,1.0,0.5,1.8,0.7206125597989931
1,4814,1.0,0.5,1.8,1.151574653772296
1,4815,1.0,0.5,1.8,1.1258886239267651
1,4816,1.0,0.5,1.8,1.398101731544494
1,4817,1.0,0.5,1.8,0.5486939110839478
1,4818,1.0,0.5,1.8,1.2020375328409891
1,4819,1.0,0.5,1.8,1.3397052758091805
1,4820,1.0,0.5,1.8,1.4615193371160171
1,4821,1.0,0.5,1.8,0.7360061756617048
1,4822,1.0,0.5,1.8,1.0618631921599924
1,4823,1.0,0.5,1.8,0.1849036080450018
1,4824,1.0,0.5,1.8,0.7553234552385313
1,4825,1.0,0.5,1.8,0.7333157531253682
1,4826,1.0,0.5,1.8,0.23940119594215087
1,4827,1.0,0.5,1.8,1.3094028008487482
1,4828,1.0,0.5,1.8,1.3155987972001237
1,4829,1.0,0.5,1.8,1.1024371987565307
1,4830,1.0,0.5,1.8,0.7136736069071419
1,4831,1.0,0.5,1.8,1.2743338150415746
1,4832,1.0,0.5,1.8,0.8662811004117251
1,4833,1.0,0.5,1.8,0.7340627097130262
1,4834,1.0,0.5,1.8,1.372714094717492
1,4835,1.0,0.5,1.8,0.8488263270027548
1,4836,1.0,0.5,1.8,1.0721708881737622
1,4837,1.0,0.5,1.8,1.2844272500849567
1,4838,1.0,0.5,1.8,0.48265850190046844
1,4839,1.0,0.5,1.8,0.9595313581602803
1,4840,1.0,0.5,1.8,1.2805903794754914
1,4841,1.0,0.5,1.8,0.8608144195992941
1,4842,1.0,0.5,1.8,0.9073383266819652
1,4843,1.0,0.5,1.8,0.7902452857855612
1,4844,1.0,0.5,1.8,1.1336473750030942
1,4845,1.0,0.5,1.8,0.8717900543370051
1,4846,1.0,0.5,1.8,1.7174038014573094
1,4847,1.0,0.5,1.8,0.27903764777401535
1,4848,1.0,0.5,1.8,1.0835642467137268
1,4849,1.0,0.5,1.8,1.0250361890717157
1,4850,1.0,0.5,1.8,1.3586731292521323
1,4851,1.0,0.5,1.8,1.348399129042691
1,4852,1.0,0.5,1.8,0.6128225228237963
1,4853,1.0,0.5,1.8,0.8281145807175403
1,4854,1.0,0.5,1.8,0.6125813761595943
1,4855,1.0,0.5,1.8,1.0524215292965848
1,4856,1.0,0.5,1.8,1.1458998192806913
1,4857,1.0,0.5,1.8,0.46677477503538795
1,4858,1.0,0.5,1.8,0.6699618157654988
1,4859,1.0,0.5,1.8,1.1565466504845452
1,4860,1.0,0.5,1.8,1.348634485434008
1,4861,1.0,0.5,1.8,1.2098144438012546
1,4862,1.0,0.5,1.8,0.5075985929385052
1,4863,1.0,0.5,1.8,0.4693033813293908
1,4864,1.0,0.5,1.8,0.38572454233886694
1,4865,1.0,0.5,1.8,1.0795063660673394
1,4866,1.0,0.5,1.8,0.3665808303013368
1,4867,1.0,0.5,1.8,0.5233858741275383
1,4868,1.0,0.5,1.8,0.8170515361935786
1,4869,1.0,0.5,1.8,0.6660807862538539
1,4870,1.0,0.5,1.8,1.2462996158044952
1,4871,1.0,0.5,1.8,1.3536669653826734
1,4872,1.0,0.5,1.8,1.3257838266105744
1,4873,1.0,0.5,1.8,1.2277429327429463
1,4874,1.0,0.5,1.8,0.5096858193635178
1,4875,1.0,0.5,1.8,1.3022761864898773
1,4876,1.0,0.5,1.8,0.5464982922221546
1,4877,1.0,0.5,1.8,1.288275598528192
1,4878,1.0,0.5,1.8,0.1740220945034551
1,4879,1.0,0.5,1.8,0.7518627309716256
1,4880,1.0,0.5,1.8,0.8541985395359124
1,4881,1.0,0.5,1.8,1.5626939672702178
1,4882,1.0,0.5,1.8,0.5322670621504484
1,4883,1.0,0.5,1.8,0.35514778023932364
1,4884,1.0,0.5,1.8,0.5378841239427358
1,4885,1.0,0.5,1.8,1.5512302002646263
1,4886,1.0,0.5,1.8,0.7289909733154233
1,4887,1.0,0.5,1.8,0.5826971615421893
1,4888,1.0,0.5,1.8,1.0723666321575667
1,4889,1.0,0.5,1.8,1.6283062242979924
1,4890,1.0,0.5,1.8,1.4227863780449301
1,4891,1.0,0.5,1.8,0.7924684432124253
1,4892,1.0,0.5,1.8,0.5028024774087474
1,4893,1.0,0.5,1.8,0.4658403530802312
1,4894,1.0,0.5,1.8,1.3484833579702997
1,4895,1.0,0.5,1.8,0.2690822455034539
1,4896,1.0,0.5,1.8,0.35143600501533256
1,4897,1.0,0.5,1.8,1.29259917578024
1,4898,1.0,0.5,1.8,0.40611073830434563
1,4899,1.0,0.5,1.8,0.8260297457905222
1,4900,1.0,0.5,1.8,1.0979748245422236
1,4901,1.0,0.5,1.8,0.23567812218062684
1,4902,1.0,0.5,1.8,0.5847891774354701
1,4903,1.0,0.5,1.8,0.4694061384308841
1,4904,1.0,0.5,1.8,1.1435025926114784
1,4905,1.0,0.5,1.8,0.25699779262096223
1,4906,1.0,0.5,1.8,1.4464898541012328
1,4907,1.0,0.5,1.8,1.135683993810571
1,4908,1.0,0.5,1.8,0.3621643960725006
1,4909,1.0,0.5,1.8,0.4622081163448362
1,4910,1.0,0.5,1.8,1.166993110114924
1,4911,1.0,0.5,1.8,1.5094448701950012
1,4912,1.0,0.5,1.8,0.33750705102536355
1,4913,1.0,0.5,1.8,1.0781700182915852
1,4914,1.0,0.5,1.8,0.7586132863177517
1,4915,1.0,0.5,1.8,1.0996287253319827
1,4916,1.0,0.5,1.8,0.3914442721630731
1,4917,1.0,0.5,1.8,1.4511142081594877
1,4918,1.0,0.5,1.8,0.7154554092800923
1,4919,1.0,0.5,1.8,1.1083753716392342
1,4920,1.0,0.5,1.8,0.9914558369810041
1,4921,1.0,0.5,1.8,0.8556692196669028
1,4922,1.0,0.5,1.8,1.2866306735194295
1,4923,1.0,0.5,1.8,1.029621874949116
1,4924,1.0,0.5,1.8,0.6452505236504052
1,4925,1.0,0.5,1.8,0.929463677352746
1,4926,1.0,0.5,1.8,0.20930149033545128
1,4927,1.0,0.5,1.8,0.43386714167504253
1,4928,1.0,0.5,1.8,1.130887481183401
1,4929,1.0,0.5,1.8,0.500190767879547
1,4930,1.0,0.5,1.8,0.728254090153044
1,4931,1.0,0.5,1.8,0.7580247450077616
1,4932,1.0,0.5,1.8,1.0290415975531213
1,4933,1.0,0.5,1.8,0.7163122342373267
1,4934,1.0,0.5,1.8,0.599588139909639
1,4935,1.0,0.5,1.8,0.8039014660239318
1,4936,1.0,0.5,1.8,0.5155186204629985
1,4937,1.0,0.5,1.8,0.39329919018753934
1,4938,1.0,0.5,1.8,0.9609024556239979
1,4939,1.0,0.5,1.8,1.0537235265679519
1,4940,1.0,0.5,1.8,0.554244157627868
1,4941,1.0,0.5,1.8,1.2729349197717437
1,4942,1.0,0.5,1.8,1.44660919353808
1,4943,1.0,0.5,1.8,0.9755846805507508
1,4944,1.0,0.5,1.8,1.4740374910292557
1,4945,1.0,0.5,1.8,1.4065696671165087
1,4946,1.0,0.5,1.8,0.5427096818839582
1,4947,1.0,0.5,1.8,0.20508212071439105
1,4948,1.0,0.5,1.8,1.155507454187395
1,4949,1.0,0.5,1.8,0.9675024565442016
1,4950,1.0,0.5,1.8,0.4703349814740938
1,4951,1.0,0.5,1.8,0.6635597817260861
1,4952,1.0,0.5,1.8,0.5201538532346888
1,4953,1.0,0.5,1.8,0.9060609668559598
1,4954,1.0,0.5,1.8,0.21424813276473953
1,4955,1.0,0.5,1.8,1.360409975278494
1,4956,1.0,0.5,1.8,1.5541961853186836
1,4957,1.0,0.5,1.8,0.7914552362071035
1,4958,1.0,0.5,1.8,0.6078689102922666
1,4959,1.0,0.5,1.8,1.072334498951676
1,4960,1.0,0.5,1.8,0.531916741162899
1,4961,1.0,0.5,1.8,1.2325992815519173
1,4962,1.0,0.5,1.8,0.9468083347888775
1,4963,1.0,0.5,1.8,1.1415849120910821
1,4964,1.0,0.5,1.8,0.579870859394899
1,4965,1.0,0.5,1.8,0.7202594145190113
1,4966,1.0,0.5,1.8,0.8183963056057636
1,4967,1.0,0.5,1.8,0.9994807758497559
1,4968,1.0,0.5,1.8,0.6334080389861376
1,4969,1.0,0.5,1.8,0.2271099967080835
1,4970,1.0,0.5,1.8,1.3765416926034355
1,4971,1.0,0.5,1.8,0.9921743039330803
1,4972,1.0,0.5,1.8,0.9165134117457396
1,4973,1.0,0.5,1.8,1.3132700330355
1,4974,1.0,0.5,1.8,0.7629899879587179
1,4975,1.0,0.5,1.8,1.1165741563186313
1,4976,1.0,0.5,1.8,1.5808561931556526
1,4977,1.0,0.5,1.8,0.4946917392854151
1,4978,1.0,0.5,1.8,0.9651583449861683
1,4979,1.0,0.5,1.8,1.6975843344673764
1,4980,1.0,0.5,1.8,1.3300457951455205
1,4981,1.0,0.5,1.8,0.1610961432008649
1,4982,1.0,0.5,1.8,1.4622307842012425
1,4983,1.0,0.5,1.8,1.6051265987104018
1,4984,1.0,0.5,1.8,0.5688418981338459
1,4985,1.0,0.5,1.8,0.39332692942694086
1,4986,1.0,0.5,1.8,1.418393593502356
1,4987,1.0,0.5,1.8,1.3121928086549812
1,4988,1.0,0.5,1.8,0.7863846371143837
1,4989,1.0,0.5,1.8,0.8223635564858842
1,4990,1.0,0.5,1.8,1.0640247106220504
1,4991,1.0,0.5,1.8,1.515791746836957
1,4992,1.0,0.5,1.8,0.8821158310990658
1,4993,1.0,0.5,1.8,1.3976485611993668
1,4994,1.0,0.5,1.8,0.38833365570830347
1,4995,1.0,0.5,1.8,0.6466564355718891
1,4996,1.0,0.5,1.8,0.5700544740764694
1,4997,1.0,0.5,1.8,0.97080429169399
1,4998,1.0,0.5,1.8,0.5607403286243313
1,4999,1.0,0.5,1.8,0.9141641268142374
1,5000,1.0,0.5,1.8,0.43810211079633155
1,5001,1.0,0.5,1.8,1.5246441665690227
1,5002,1.0,0.5,1.8,0.9214743659373005
1,5003,1.0,0.5,1.8,1.5641715988304348
1,5004,1.0,0.5,1.8,1.5815730655269362
1,5005,1.0,0.5,1.8,0.9365919002715625
1,5006,1.0,0.5,1.8,0.4444207059835684
1,5007,1.0,0.5,1.8,0.6471442336417668
1,5008,1.0,0.5,1.8,0.6815820889234598
1,5009,1.0,0.5,1.8,1.0465349200073357
1,5010,1.0,0.5,1.8,0.8805206562475271
1,5011,1.0,0.5,1.8,0.5639929812458959
1,5012,1.0,0.5,1.8,0.3781759697052773
1,5013,1.0,0.5,1.8,0.6378390808845156
1,5014,1.0,0.5,1.8,0.06658390538187128
1,5015,1.0,0.5,1.8,1.0725742896825812
1,5016,1.0,0.5,1.8,0.7578809284062589
1,5017,1.0,0.5,1.8,1.4383964364940192
1,5018,1.0,0.5,1.8,0.8692529059439418
1,5019,1.0,0.5,1.8,0.5432192149053179
1,5020,1.0,0.5,1.8,1.4548353693455562
1,5021,1.0,0.5,1.8,0.5999154980592284
1,5022,1.0,0.5,1.8,0.24243670525462688
1,5023,1.0,0.5,1.8,1.2425563299144906
1,5024,1.0,0.5,1.8,0.9523006904551126
1,5025,1.0,0.5,1.8,0.6885688569574663
1,5026,1.0,0.5,1.8,0.5857721694105458
1,5027,1.0,0.5,1.8,1.4915876990634305
1,5028,1.0,0.5,1.8,1.0900922469834253
1,5029,1.0,0.5,1.8,1.6009447295627377
1,5030,1.0,0.5,1.8,0.8680024518619793
1,5031,1.0,0.5,1.8,1.0385738547656285
1,5032,1.0,0.5,1.8,0.33974105375417774
1,5033,1.0,0.5,1.8,1.1187350361327624
1,5034,1.0,0.5,1.8,0.6157672381506226
1,5035,1.0,0.5,1.8,0.972555152140461
1,5036,1.0,0.5,1.8,0.713927022433486
1,5037,1.0,0.5,1.8,1.0447388244494558
1,5038,1.0,0.5,1.8,0.9787746716134653
1,5039,1.0,0.5,1.8,1.147604564781162
1,5040,1.0,0.5,1.8,0.9210154164236286
1,5041,1.0,0.5,1.8,1.1536594858889238
1,5042,1.0,0.5,1.8,1.4640053363722954
1,5043,1.0,0.5,1.8,0.8963948091211226
1,5044,1.0,0.5,1.8,0.5224078450736332
1,5045,1.0,0.5,1.8,1.432590242020322
1,5046,1.0,0.5,1.8,0.5505733617096268
1,5047,1.0,0.5,1.8,1.7220159471908125
1,5048,1.0,0.5,1.8,0.7494490053867294
1,5049,1.0,0.5,1.8,0.29123174445145494
1,5050,1.0,0.5,1.8,1.2347510364581615
1,5051,1.0,0.5,1.8,1.0452707979644116
1,5052,1.0,0.5,1.8,1.1361463849822988
1,5053,1.0,0.5,1.8,0.913896537016975
1,5054,1.0,0.5,1.8,1.0352064942819164
1,5055,1.0,0.5,1.8,0.29870719096872356
1,5056,1.0,0.5,1.8,0.717076688708469
1,5057,1.0,0.5,1.8,0.9797399394165571
1,5058,1.0,0.5,1.8,0.4576710753145863
1,5059,1.0,0.5,1.8,1.1241579303099716
1,5060,1.0,0.5,1.8,0.36330858569394614
1,5061,1.0,0.5,1.8,0.3494498206426287
1,5062,1.0,0.5,1.8,1.0242164665935403
1,5063,1.0,0.5,1.8,0.3009428811405951
1,5064,1.0,0.5,1.8,0.810060109977854
1,5065,1.0,0.5,1.8,0.5259007294571637
1,5066,1.0,0.5,1.8,1.1334800854016938
1,5067,1.0,0.5,1.8,0.7854967279195145
1,5068,1.0,0.5,1.8,1.3477328360316478
1,5069,1.0,0.5,1.8,1.020725677859216
1,5070,1.0,0.5,1.8,1.0076798927006392
1,5071,1.0,0.5,1.8,1.3043664002311435
1,5072,1.0,0.5,1.8,0.7119264360106032
1,5073,1.0,0.5,1.8,0.9781551239647032
1,5074,1.0,0.5,1.8,1.4507897031664758
1,5075,1.0,0.5,1.8,1.0231830366130252
1,5076,1.0,0.5,1.8,1.067703087380303
1,5077,1.0,0.5,1.8,0.4356408923749147
1,5078,1.0,0.5,1.8,0.5204096568171214
1,5079,1.0,0.5,1.8,0.47488817332246674
1,5080,1.0,0.5,1.8,1.130723333079746
1,5081,1.0,0.5,1.8,1.223028571401509
1,5082,1.0,0.5,1.8,1.0527167522695868
1,5083,1.0,0.5,1.8,1.5707880308770574
1,5084,1.0,0.5,1.8,0.42877250721527066
1,5085,1.0,0.5,1.8,0.5541876177324194
1,5086,1.0,0.5,1.8,0.2752101722301766
1,5087,1.0,0.5,1.8,0.6717886628110938
1,5088,1.0,0.5,1.8,1.640958800870506
1,5089,1.0,0.5,1.8,0.8993331029860873
1,5090,1.0,0.5,1.8,0.13005606097707398
1,5091,1.0,0.5,1.8,1.650708498360356
1,5092,1.0,0.5,1.8,0.37761352119250197
1,5093,1.0,0.5,1.8,1.210269666953548
1,5094,1.0,0.5,1.8,1.2957046250979907
1,5095,1.0,0.5,1.8,0.9535758149948846
1,5096,1.0,0.5,1.8,0.8944790441195332
1,5097,1.0,0.5,1.8,1.0052866342800004
1,5098,1.0,0.5,1.8,1.0445973531172266
1,5099,1.0,0.5,1.8,0.7435075947662892
1,5100,1.0,0.5,1.8,0.8154074114863894
1,5101,1.0,0.5,1.8,0.7447971041006413
1,5102,1.0,0.5,1.8,0.5263320337011802
1,5103,1.0,0.5,1.8,1.203681787855314
1,5104,1.0,0.5,1.8,0.6474975535310337
1,5105,1.0,0.5,1.8,0.3981406661791647
1,5106,1.0,0.5,1.8,0.7463404278993244
1,5107,1.0,0.5,1.8,0.49749869352925813
1,5108,1.0,0.5,1.8,0.39682217619801313
1,5109,1.0,0.5,1.8,0.8326444956321092
1,5110,1.0,0.5,1.8,1.2811867566746924
1,5111,1.0,0.5,1.8,1.3436195928038066
1,5112,1.0,0.5,1.8,1.020893763800365
1,5113,1.0,0.5,1.8,1.2077252152534295
1,5114,1.0,0.5,1.8,1.6337766674207808
1,5115,1.0,0.5,1.8,0.44275903428242624
1,5116,1.0,0.5,1.8,0.7679653632760933
1,5117,1.0,0.5,1.8,1.0381238448328678
1,5118,1.0,0.5,1.8,0.7211371285877649
1,5119,1.0,0.5,1.8,1.3413821119005684
1,5120,1.0,0.5,1.8,1.2748704648600466
1,5121,1.0,0.5,1.8,1.0337499557356646
1,5122,1.0,0.5,1.8,0.4184980950153232
1,5123,1.0,0.5,1.8,0.8931282199001269
1,5124,1.0,0.5,1.8,1.074039543843938
1,5125,1.0,0.5,1.8,0.9357907863474862
1,5126,1.0,0.5,1.8,1.5717955324303086
1,5127,1.0,0.5,1.8,1.2002737653454572
1,5128,1.0,0.5,1.8,0.227376470316581
1,5129,1.0,0.5,1.8,1.422269139149159
1,5130,1.0,0.5,1.8,1.2234345417348016
1,5131,1.0,0.5,1.8,0.7027600093275663
1,5132,1.0,0.5,1.8,0.6155024334273748
1,5133,1.0,0.5,1.8,0.6551596754393687
1,5134,1.0,0.5,1.8,1.2476182899187018
1,5135,1.0,0.5,1.8,0.9121996457806679
1,5136,1.0,0.5,1.8,1.4985112478855187
1,5137,1.0,0.5,1.8,0.802933787799765
1,5138,1.0,0.5,1.8,0.507858086023847
1,5139,1.0,0.5,1.8,1.0743137096878115
1,5140,1.0,0.5,1.8,1.0119927490194705
1,5141,1.0,0.5,1.8,1.1462138949730385
1,5142,1.0,0.5,1.8,0.12678477219526815
1,5143,1.0,0.5,1.8,0.516764354654826
1,5144,1.0,0.5,1.8,0.9149814556922132
1,5145,1.0,0.5,1.8,1.267927005421001
1,5146,1.0,0.5,1.8,0.23455932690391407
1,5147,1.0,0.5,1.8,0.7252298494562401
1,5148,1.0,0.5,1.8,1.5713747828432427
1,5149,1.0,0.5,1.8,1.4843937606099997
1,5150,1.0,0.5,1.8,0.4647956487896363
1,5151,1.0,0.5,1.8,0.5467071401709873
1,5152,1.0,0.5,1.8,0.28371388887643423
1,5153,1.0,0.5,1.8,1.1421379890127155
1,5154,1.0,0.5,1.8,1.057965341038997
1,5155,1.0,0.5,1.8,0.6098070717378522
1,5156,1.0,0.5,1.8,0.2593380797011289
1,5157,1.0,0.5,1.8,1.5452012685051872
1,5158,1.0,0.5,1.8,0.17958218827450756
1,5159,1.0,0.5,1.8,0.31995117843017
1,5160,1.0,0.5,1.8,1.3215061955644887
1,5161,1.0,0.5,1.8,0.7474734518397724
1,5162,1.0,0.5,1.8,1.5286566916735504
1,5163,1.0,0.5,1.8,1.6461820333721195
1,5164,1.0,0.5,1.8,1.2063551885015418
1,5165,1.0,0.5,1.8,0.8525597409757986
1,5166,1.0,0.5,1.8,0.5995974243640448
1,5167,1.0,0.5,1.8,0.4763719576428963
1,5168,1.0,0.5,1.8,0.6787876263219806
1,5169,1.0,0.5,1.8,1.2463866548926303
1,5170,1.0,0.5,1.8,1.2066567394496492
1,5171,1.0,0.5,1.8,1.123547404407944
1,5172,1.0,0.5,1.8,1.1607016335961953
1,5173,1.0,0.5,1.8,1.1557414960711823
1,5174,1.0,0.5,1.8,0.8997394575485987
1,5175,1.0,0.5,1.8,0.9503052239840597
1,5176,1.0,0.5,1.8,0.676064657099107
1,5177,1.0,0.5,1.8,0.8636736972080982
1,5178,1.0,0.5,1.8,0.44743479002458036
1,5179,1.0,0.5,1.8,1.4397945285353682
1,5180,1.0,0.5,1.8,1.7301199848885194
1,5181,1.0,0.5,1.8,1.4845137340896963
1,5182,1.0,0.5,1.8,0.49853361899501014
1,5183,1.0,0.5,1.8,0.8947552104667607
1,5184,1.0,0.5,1.8,0.7235969355479458
1,5185,1.0,0.5,1.8,0.3543076804349036
1,5186,1.0,0.5,1.8,1.0375006880901105
1,5187,1.0,0.5,1.8,0.5431054133140143
1,5188,1.0,0.5,1.8,0.9349088768158728
1,5189,1.0,0.5,1.8,0.16607218622577177
1,5190,1.0,0.5,1.8,0.742737254748075
1,5191,1.0,0.5,1.8,1.2560017450949008
1,5192,1.0,0.5,1.8,0.7196644430732356
1,5193,1.0,0.5,1.8,1.110114740541984
1,5194,1.0,0.5,1.8,1.702264586902408
1,5195,1.0,0.5,1.8,0.9482487501913544
1,5196,1.0,0.5,1.8,1.4745148524672849
1,5197,1.0,0.5,1.8,0.9096790233179227
1,5198,1.0,0.5,1.8,0.7271898879344347
1,5199,1.0,0.5,1.8,0.8183022305911821
1,5200,1.0,0.5,1.8,1.222242227825543
1,5201,1.0,0.5,1.8,0.9759651140666757
1,5202,1.0,0.5,1.8,1.3722585658223394
1,5203,1.0,0.5,1.8,1.120770840447592
1,5204,1.0,0.5,1.8,0.23866601644235744
1,5205,1.0,0.5,1.8,0.949780892020992
1,5206,1.0,0.5,1.8,1.1618199043497934
1,5207,1.0,0.5,1.8,0.011027262494671064
1,5208,1.0,0.5,1.8,1.4181265145305912
1,5209,1.0,0.5,1.8,0.9485391689934572
1,5210,1.0,0.5,1.8,1.2122545850864788
1,5211,1.0,0.5,1.8,1.0434585881046057
1,5212,1.0,0.5,1.8,0.5795243201505107
1,5213,1.0,0.5,1.8,1.3582602516808058
1,5214,1.0,0.5,1.8,1.1360111262170147
1,5215,1.0,0.5,1.8,0.8638168314968959
1,5216,1.0,0.5,1.8,1.6915456306571826
1,5217,1.0,0.5,1.8,1.2630040002311362
1,5218,1.0,0.5,1.8,0.41061716683634547
1,5219,1.0,0.5,1.8,1.2468352258600215
1,5220,1.0,0.5,1.8,0.9424546743502404
1,5221,1.0,0.5,1.8,0.39176089512054596
1,5222,1.0,0.5,1.8,1.6080007475656162
1,5223,1.0,0.5,1.8,1.0709162636514677
1,5224,1.0,0.5,1.8,0.5947413974922491
1,5225,1.0,0.5,1.8,0.774774134352881
1,5226,1.0,0.5,1.8,1.7407632070262293
1,5227,1.0,0.5,1.8,1.1158518455039224
1,5228,1.0,0.5,1.8,0.965808273429111
1,5229,1.0,0.5,1.8,1.5885261939758288
1,5230,1.0,0.5,1.8,0.9327726791243657
1,5231,1.0,0.5,1.8,1.3974548605162798
1,5232,1.0,0.5,1.8,0.13315494445275056
1,5233,1.0,0.5,1.8,0.9007441266073442
1,5234,1.0,0.5,1.8,1.3203778769815686
1,5235,1.0,0.5,1.8,0.8116449433138583
1,5236,1.0,0.5,1.8,1.0595530742949366
1,5237,1.0,0.5,1.8,0.5286628808794324
1,5238,1.0,0.5,1.8,1.536760756354244
1,5239,1.0,0.5,1.8,1.2338640720424385
1,5240,1.0,0.5,1.8,0.9782726242852131
1,5241,1.0,0.5,1.8,0.5317908901751849
1,5242,1.0,0.5,1.8,1.2873405543429497
1,5243,1.0,0.5,1.8,1.666113239366144
1,5244,1.0,0.5,1.8,1.3206926172071642
1,5245,1.0,0.5,1.8,0.5698597073160349
1,5246,1.0,0.5,1.8,0.5612439116770526
1,5247,1.0,0.5,1.8,0.15869993455811687
1,5248,1.0,0.5,1.8,0.2377506330088329
1,5249,1.0,0.5,1.8,1.1820181163504926
1,5250,1.0,0.5,1.8,1.7046596633226634
1,5251,1.0,0.5,1.8,0.3938502212887563
1,5252,1.0,0.5,1.8,0.6043381563781823
1,5253,1.0,0.5,1.8,1.5372972252668111
1,5254,1.0,0.5,1.8,0.5988501425344936
1,5255,1.0,0.5,1.8,1.6721837230743926
1,5256,1.0,0.5,1.8,1.4368237932233925
1,5257,1.0,0.5,1.8,1.0933536312622532
1,5258,1.0,0.5,1.8,1.5407940811341014
1,5259,1.0,0.5,1.8,1.023162028919406
1,5260,1.0,0.5,1.8,1.089746497847132
1,5261,1.0,0.5,1.8,1.288052003893583
1,5262,1.0,0.5,1.8,0.6805347456770459
1,5263,1.0,0.5,1.8,0.8439406830376179
1,5264,1.0,0.5,1.8,0.37700681222576243
1,5265,1.0,0.5,1.8,0.9901816652150567
1,5266,1.0,0.5,1.8,0.8375066208170353
1,5267,1.0,0.5,1.8,0.4380186913392305
1,5268,1.0,0.5,1.8,0.814380108121734
1,5269,1.0,0.5,1.8,0.8920744831217713
1,5270,1.0,0.5,1.8,1.294953362392402
1,5271,1.0,0.5,1.8,0.9588324970442031
1,5272,1.0,0.5,1.8,0.48198693736332776
1,5273,1.0,0.5,1.8,1.587132127229319
1,5274,1.0,0.5,1.8,1.4225743348178364
1,5275,1.0,0.5,1.8,0.38164426654553013
1,5276,1.0,0.5,1.8,1.1189856486571788
1,5277,1.0,0.5,1.8,0.5451458902935654
1,5278,1.0,0.5,1.8,0.9961561713283947
1,5279,1.0,0.5,1.8,1.0777588552701276
1,5280,1.0,0.5,1.8,1.062571957655889
1,5281,1.0,0.5,1.8,0.8572274133958322
1,5282,1.0,0.5,1.8,0.2463930491246196
1,5283,1.0,0.5,1.8,0.7021443701705307
1,5284,1.0,0.5,1.8,1.537154464886471
1,5285,1.0,0.5,1.8,1.3388942357619844
1,5286,1.0,0.5,1.8,0.7217468804296154
1,5287,1.0,0.5,1.8,1.0736582875049359
1,5288,1.0,0.5,1.8,1.7351659898830563
1,5289,1.0,0.5,1.8,0.6893912551217304
1,5290,1.0,0.5,1.8,0.8049753950708625
1,5291,1.0,0.5,1.8,0.7886843462277477
1,5292,1.0,0.5,1.8,0.6396738649854207
1,5293,1.0,0.5,1.8,0.9101120078216285
1,5294,1.0,0.5,1.8,0.998286186388816
1,5295,1.0,0.5,1.8,0.870514758037777
1,5296,1.0,0.5,1.8,1.3916952295676146
1,5297,1.0,0.5,1.8,1.059002144813754
1,5298,1.0,0.5,1.8,1.2432180538607098
1,5299,1.0,0.5,1.8,1.208589361694274
1,5300,1.0,0.5,1.8,0.8528871181145227
1,5301,1.0,0.5,1.8,0.8936475095771917
1,5302,1.0,0.5,1.8,0.9946081196669555
1,5303,1.0,0.5,1.8,0.6052801047932469
1,5304,1.0,0.5,1.8,0.8015882844279508
1,5305,1.0,0.5,1.8,0.25594299096125833
1,5306,1.0,0.5,1.8,0.32573863998147634
1,5307,1.0,0.5,1.8,0.5616673333585857
1,5308,1.0,0.5,1.8,0.5917954966450591
1,5309,1.0,0.5,1.8,1.3240446335095708
1,5310,1.0,0.5,1.8,0.3718393173035704
1,5311,1.0,0.5,1.8,1.4005942791576464
1,5312,1.0,0.5,1.8,0.7300810716239884
1,5313,1.0,0.5,1.8,1.3481758917277096
1,5314,1.0,0.5,1.8,0.9252214585437749
1,5315,1.0,0.5,1.8,1.1323791235314675
1,5316,1.0,0.5,1.8,0.6489561604166685
1,5317,1.0,0.5,1.8,0.5269018456889273
1,5318,1.0,0.5,1.8,0.9360452177771315
1,5319,1.0,0.5,1.8,0.4120452582244102
1,5320,1.0,0.5,1.8,1.630483879388549
1,5321,1.0,0.5,1.8,1.0167846673244574
1,5322,1.0,0.5,1.8,1.220591134849785
1,5323,1.0,0.5,1.8,0.5574650856028441
1,5324,1.0,0.5,1.8,0.11942654506370483
1,5325,1.0,0.5,1.8,0.22685854858401416
1,5326,1.0,0.5,1.8,1.1653895594440926
1,5327,1.0,0.5,1.8,0.468050733434031
1,5328,1.0,0.5,1.8,0.4095971712382685
1,5329,1.0,0.5,1.8,0.426530777300202
1,5330,1.0,0.5,1.8,0.38321913978018407
1,5331,1.0,0.5,1.8,0.3189123288465363
1,5332,1.0,0.5,1.8,0.6393533790538692
1,5333,1.0,0.5,1.8,0.9765391290774825
1,5334,1.0,0.5,1.8,0.4094184247224298
1,5335,1.0,0.5,1.8,1.3673760213134145
1,5336,1.0,0.5,1.8,0.4940672621509083
1,5337,1.0,0.5,1.8,0.5265770706663945
1,5338,1.0,0.5,1.8,0.4604179461506918
1,5339,1.0,0.5,1.8,1.4491116902986385
1,5340,1.0,0.5,1.8,0.730332911622977
1,5341,1.0,0.5,1.8,1.3545385399575927
1,5342,1.0,0.5,1.8,0.8558385937118875
1,5343,1.0,0.5,1.8,1.3162869242094353
1,5344,1.0,0.5,1.8,1.3395984128855878
1,5345,1.0,0.5,1.8,1.241770611108455
1,5346,1.0,0.5,1.8,1.1581073519770386
1,5347,1.0,0.5,1.8,0.7179703313659922
1,5348,1.0,0.5,1.8,0.8158114571414947
1,5349,1.0,0.5,1.8,1.2603310752232757
1,5350,1.0,0.5,1.8,1.2394402934202131
1,5351,1.0,0.5,1.8,1.2253164469907452
1,5352,1.0,0.5,1.8,0.3358269555924096
1,5353,1.0,0.5,1.8,0.9268449082624237
1,5354,1.0,0.5,1.8,1.0002396567642144
1,5355,1.0,0.5,1.8,0.7247803655142915
1,5356,1.0,0.5,1.8,0.8490493895434301
1,5357,1.0,0.5,1.8,0.6837577442884927
1,5358,1.0,0.5,1.8,0.6842465539868546
1,5359,1.0,0.5,1.8,1.5878957976930859
1,5360,1.0,0.5,1.8,0.766108939984511
1,5361,1.0,0.5,1.8,1.3557886218241308
1,5362,1.0,0.5,1.8,0.252724669277651
1,5363,1.0,0.5,1.8,0.27944502886525685
1,5364,1.0,0.5,1.8,1.5259784536130712
1,5365,1.0,0.5,1.8,1.2982404475487552
1,5366,1.0,0.5,1.8,1.56582766986122
1,5367,1.0,0.5,1.8,0.39366511616876954
1,5368,1.0,0.5,1.8,0.1126602098826321
1,5369,1.0,0.5,1.8,0.4392337269275147
1,5370,1.0,0.5,1.8,1.1497855670177342
1,5371,1.0,0.5,1.8,0.9095366118637812
1,5372,1.0,0.5,1.8,1.5433014229335265
1,5373,1.0,0.5,1.8,0.7632997771425424
1,5374,1.0,0.5,1.8,1.4936324318969683
1,5375,1.0,0.5,1.8,0.9613699967862999
1,5376,1.0,0.5,1.8,0.32130188275577504
1,5377,1.0,0.5,1.8,0.24005445267298606
1,5378,1.0,0.5,1.8,0.36057634475926675
1,5379,1.0,0.5,1.8,0.5349376035258149
1,5380,1.0,0.5,1.8,0.5366083035121959
1,5381,1.0,0.5,1.8,1.0342528245098923
1,5382,1.0,0.5,1.8,0.7469427055838442
1,5383,1.0,0.5,1.8,0.839192909933473
1,5384,1.0,0.5,1.8,1.353741185166924
1,5385,1.0,0.5,1.8,0.5615649947200213
1,5386,1.0,0.5,1.8,0.8529248584852501
1,5387,1.0,0.5,1.8,0.23591594654066872
1,5388,1.0,0.5,1.8,0.24160081244651677
1,5389,1.0,0.5,1.8,0.9160384680669422
1,5390,1.0,0.5,1.8,0.0972183660886307
1,5391,1.0,0.5,1.8,1.1723672390451116
1,5392,1.0,0.5,1.8,1.2570959509793376
1,5393,1.0,0.5,1.8,0.7441724041242971
1,5394,1.0,0.5,1.8,0.6352597270166388
1,5395,1.0,0.5,1.8,1.3730301321943676
1,5396,1.0,0.5,1.8,0.499449573038251
1,5397,1.0,0.5,1.8,1.1695845059479353
1,5398,1.0,0.5,1.8,0.5972822009953863
1,5399,1.0,0.5,1.8,0.4598987172607259
1,5400,1.0,0.5,1.8,0.5570913864833666
1,5401,1.0,0.5,1.8,1.565772386519983
1,5402,1.0,0.5,1.8,1.4570143016311907
1,5403,1.0,0.5,1.8,0.9704321380506863
1,5404,1.0,0.5,1.8,0.6874004310640441
1,5405,1.0,0.5,1.8,1.5945024035977895
1,5406,1.0,0.5,1.8,0.6659907622088991
1,5407,1.0,0.5,1.8,1.124197666917871
1,5408,1.0,0.5,1.8,1.0441551267222278
1,5409,1.0,0.5,1.8,1.0752793616022907
1,5410,1.0,0.5,1.8,0.3270128147143611
1,5411,1.0,0.5,1.8,0.8489275168854791
1,5412,1.0,0.5,1.8,0.6572616102795407
1,5413,1.0,0.5,1.8,1.217602904074271
1,5414,1.0,0.5,1.8,1.5171108175433232
1,5415,1.0,0.5,1.8,0.8956252751085318
1,5416,1.0,0.5,1.8,1.048403958439466
1,5417,1.0,0.5,1.8,0.4519589059477552
1,5418,1.0,0.5,1.8,0.9749655658106159
1,5419,1.0,0.5,1.8,0.3097004434329532
1,5420,1.0,0.5,1.8,1.5641218856098147
1,5421,1.0,0.5,1.8,0.4365076426142116
1,5422,1.0,0.5,1.8,0.622453973380984
1,5423,1.0,0.5,1.8,0.9710556595351746
1,5424,1.0,0.5,1.8,0.7616386475606783
1,5425,1.0,0.5,1.8,0.7645350790470758
1,5426,1.0,0.5,1.8,1.0368791280519831
1,5427,1.0,0.5,1.8,0.15432066118288112
1,5428,1.0,0.5,1.8,0.741634928159131
1,5429,1.0,0.5,1.8,1.2894658634333105
1,5430,1.0,0.5,1.8,1.3283353621837655
1,5431,1.0,0.5,1.8,1.3121726678982808
1,5432,1.0,0.5,1.8,1.6249329854033607
1,5433,1.0,0.5,1.8,1.0161498271150682
1,5434,1.0,0.5,1.8,0.9088377257712111
1,5435,1.0,0.5,1.8,1.4079249382504055
1,5436,1.0,0.5,1.8,0.2729928440684443
1,5437,1.0,0.5,1.8,0.7783493355341036
1,5438,1.0,0.5,1.8,1.3820702660057507
1,5439,1.0,0.5,1.8,1.0496716613514239
1,5440,1.0,0.5,1.8,0.7265225993933968
1,5441,1.0,0.5,1.8,0.8321239615941178
1,5442,1.0,0.5,1.8,1.3925355515527993
1,5443,1.0,0.5,1.8,0.7583526513149033
1,5444,1.0,0.5,1.8,0.35473889978189604
1,5445,1.0,0.5,1.8,1.4732700348118597
1,5446,1.0,0.5,1.8,0.31545310656539
1,5447,1.0,0.5,1.8,0.8519337529960914
1,5448,1.0,0.5,1.8,0.46155110944270955
1,5449,1.0,0.5,1.8,0.5326893595138358
1,5450,1.0,0.5,1.8,0.8808119849806239
1,5451,1.0,0.5,1.8,1.0300224931831286
1,5452,1.0,0.5,1.8,0.5293906217083798
1,5453,1.0,0.5,1.8,1.2893471678630515
1,5454,1.0,0.5,1.8,0.9334026735040674
1,5455,1.0,0.5,1.8,1.0811976195759938
1,5456,1.0,0.5,1.8,0.2948892335567704
1,5457,1.0,0.5,1.8,0.567701006473551
1,5458,1.0,0.5,1.8,0.9009867090705593
1,5459,1.0,0.5,1.8,0.17784012253372136
1,5460,1.0,0.5,1.8,0.8075950891911655
1,5461,1.0,0.5,1.8,1.153942482101915
1,5462,1.0,0.5,1.8,0.8519114387266191
1,5463,1.0,0.5,1.8,0.40609116694535496
1,5464,1.0,0.5,1.8,0.4649511377626829
1,5465,1.0,0.5,1.8,1.1868378180989836
1,5466,1.0,0.5,1.8,1.607182876344688
1,5467,1.0,0.5,1.8,0.7613505060732766
1,5468,1.0,0.5,1.8,1.5712543590038976
1,5469,1.0,0.5,1.8,1.5808771413019511
1,5470,1.0,0.5,1.8,0.19915873703592737
1,5471,1.0,0.5,1.8,0.8519453412590551
1,5472,1.0,0.5,1.8,1.5775914193890999
1,5473,1.0,0.5,1.8,1.1097620935729866
1,5474,1.0,0.5,1.8,1.3087376437287193
1,5475,1.0,0.5,1.8,1.4225167536328647
1,5476,1.0,0.5,1.8,0.023697150507561215
1,5477,1.0,0.5,1.8,1.1867608126511922
1,5478,1.0,0.5,1.8,1.5571960057235708
1,5479,1.0,0.5,1.8,0.6346833751781374
1,5480,1.0,0.5,1.8,0.8143090773217354
1,5481,1.0,0.5,1.8,0.39751214156133835
1,5482,1.0,0.5,1.8,0.8910481643494726
1,5483,1.0,0.5,1.8,0.5663004800021565
1,5484,1.0,0.5,1.8,0.5201966178760996
1,5485,1.0,0.5,1.8,0.627661581440538
1,5486,1.0,0.5,1.8,0.9509878505287609
1,5487,1.0,0.5,1.8,0.4637982808606472
1,5488,1.0,0.5,1.8,0.3409919637080214
1,5489,1.0,0.5,1.8,0.8988168098075169
1,5490,1.0,0.5,1.8,0.3383430074689582
1,5491,1.0,0.5,1.8,0.4710261353940929
1,5492,1.0,0.5,1.8,0.46681255863620125
1,5493,1.0,0.5,1.8,1.0384593263292154
1,5494,1.0,0.5,1.8,1.230024229991322
1,5495,1.0,0.5,1.8,0.8005106116030367
1,5496,1.0,0.5,1.8,0.676329245162123
1,5497,1.0,0.5,1.8,1.4825433831319603
1,5498,1.0,0.5,1.8,1.0598435316991444
1,5499,1.0,0.5,1.8,1.3514952109701976
1,5500,1.0,0.5,1.8,0.5194245346576093
1,5501,1.0,0.5,1.8,0.8731547849634537
1,5502,1.0,0.5,1.8,1.247794713327559
1,5503,1.0,0.5,1.8,0.9644405960081825
1,5504,1.0,0.5,1.8,0.5976161375967389
1,5505,1.0,0.5,1.8,1.3679700812423015
1,5506,1.0,0.5,1.8,1.280999382331071
1,5507,1.0,0.5,1.8,1.198301869487441
1,5508,1.0,0.5,1.8,0.7668559046336832
1,5509,1.0,0.5,1.8,0.45992155321441025
1,5510,1.0,0.5,1.8,0.6666811510635965
1,5511,1.0,0.5,1.8,0.32972694434310185
1,5512,1.0,0.5,1.8,0.8694119940001213
1,5513,1.0,0.5,1.8,1.1987682504422204
1,5514,1.0,0.5,1.8,0.9787941090518424
1,5515,1.0,0.5,1.8,1.2067760647833061
1,5516,1.0,0.5,1.8,1.5769364258286116
1,5517,1.0,0.5,1.8,1.2480748286454415
1,5518,1.0,0.5,1.8,0.750819811811697
1,5519,1.0,0.5,1.8,0.8042255121830603
1,5520,1.0,0.5,1.8,0.9504870785810255
1,5521,1.0,0.5,1.8,1.3366764770836548
1,5522,1.0,0.5,1.8,1.0545621952608788
1,5523,1.0,0.5,1.8,0.4228400590007442
1,5524,1.0,0.5,1.8,0.6368332477033883
1,5525,1.0,0.5,1.8,0.7321193785922532
1,5526,1.0,0.5,1.8,0.613500654557196
1,5527,1.0,0.5,1.8,1.720361237540452
1,5528,1.0,0.5,1.8,0.7747768088773829
1,5529,1.0,0.5,1.8,0.9514539527940457
1,5530,1.0,0.5,1.8,1.2117807855752791
1,5531,1.0,0.5,1.8,0.6721544173506628
1,5532,1.0,0.5,1.8,1.1937508120321572
1,5533,1.0,0.5,1.8,0.5709065482988894
1,5534,1.0,0.5,1.8,0.7253714944135836
1,5535,1.0,0.5,1.8,0.033327391470154434
1,5536,1.0,0.5,1.8,1.0849556615242082
1,5537,1.0,0.5,1.8,0.09352271778492913
1,5538,1.0,0.5,1.8,0.13623244139251525
1,5539,1.0,0.5,1.8,0.43178688228930784
1,5540,1.0,0.5,1.8,0.8664687491326544
1,5541,1.0,0.5,1.8,1.216660373562329
1,5542,1.0,0.5,1.8,1.5883895229368865
1,5543,1.0,0.5,1.8,1.2776232378927361
1,5544,1.0,0.5,1.8,0.36515579526352254
1,5545,1.0,0.5,1.8,1.4826422719154446
1,5546,1.0,0.5,1.8,0.7016945091249418
1,5547,1.0,0.5,1.8,1.2385492469419896
1,5548,1.0,0.5,1.8,0.13765777052274442
1,5549,1.0,0.5,1.8,0.6102940697805681
1,5550,1.0,0.5,1.8,1.5868448856084971
1,5551,1.0,0.5,1.8,0.7854145740564418
1,5552,1.0,0.5,1.8,0.4017750403148862
1,5553,1.0,0.5,1.8,0.5743179896815767
1,5554,1.0,0.5,1.8,1.1093937631540631
1,5555,1.0,0.5,1.8,1.10030400040377
1,5556,1.0,0.5,1.8,0.4708419066212643
1,5557,1.0,0.5,1.8,1.0622596365354682
1,5558,1.0,0.5,1.8,1.200821382425681
1,5559,1.0,0.5,1.8,1.0328175334126874
1,5560,1.0,0.5,1.8,1.5966016322851615
1,5561,1.0,0.5,1.8,1.4155775511007438
1,5562,1.0,0.5,1.8,0.9440588874171366
1,5563,1.0,0.5,1.8,0.14992634884106062
1,5564,1.0,0.5,1.8,0.9381316152815398
1,5565,1.0,0.5,1.8,1.126883466785931
1,5566,1.0,0.5,1.8,0.6420230529279247
1,5567,1.0,0.5,1.8,1.0247389206390933
1,5568,1.0,0.5,1.8,0.46356273163161354
1,5569,1.0,0.5,1.8,0.5589775069585504
1,5570,1.0,0.5,1.8,0.6179320781880927
1,5571,1.0,0.5,1.8,1.0268182736708025
1,5572,1.0,0.5,1.8,0.8273596616576276
1,5573,1.0,0.5,1.8,1.75943723282093
1,5574,1.0,0.5,1.8,0.7095548378065911
1,5575,1.0,0.5,1.8,1.4286674580650383
1,5576,1.0,0.5,1.8,0.5289880926376535
1,5577,1.0,0.5,1.8,0.6180516768897882
1,5578,1.0,0.5,1.8,0.5886346582279713
1,5579,1.0,0.5,1.8,1.0824326929852628
1,5580,1.0,0.5,1.8,1.1180164746416825
1,5581,1.0,0.5,1.8,1.3874491599969436
1,5582,1.0,0.5,1.8,0.7243897454587221
1,5583,1.0,0.5,1.8,1.3694664755728847
1,5584,1.0,0.5,1.8,0.7934141429468435
1,5585,1.0,0.5,1.8,1.2898824554794275
1,5586,1.0,0.5,1.8,1.1478319743455863
1,5587,1.0,0.5,1.8,1.6074220710196905
1,5588,1.0,0.5,1.8,0.9589852198786205
1,5589,1.0,0.5,1.8,1.0468775389802067
1,5590,1.0,0.5,1.8,1.4142664664735305
1,5591,1.0,0.5,1.8,0.7392054751695781
1,5592,1.0,0.5,1.8,1.6832668791362821
1,5593,1.0,0.5,1.8,1.232002938559861
1,5594,1.0,0.5,1.8,1.2888174521981237
1,5595,1.0,0.5,1.8,1.4062535792371813
1,5596,1.0,0.5,1.8,0.8150500418536885
1,5597,1.0,0.5,1.8,0.6780265346264156
1,5598,1.0,0.5,1.8,0.788225976465502
1,5599,1.0,0.5,1.8,0.6470976382140196
1,5600,1.0,0.5,1.8,0.4485430008951664
1,5601,1.0,0.5,1.8,0.996872037915882
1,5602,1.0,0.5,1.8,1.194178498683836
1,5603,1.0,0.5,1.8,1.3476511749449367
1,5604,1.0,0.5,1.8,0.6279016123203663
1,5605,1.0,0.5,1.8,0.826097825516019
1,5606,1.0,0.5,1.8,1.2301356948943685
1,5607,1.0,0.5,1.8,0.8747786459723118
1,5608,1.0,0.5,1.8,1.5991651342945656
1,5609,1.0,0.5,1.8,1.6475145924848336
1,5610,1.0,0.5,1.8,1.4159291644596201
1,5611,1.0,0.5,1.8,0.9060987936107238
1,5612,1.0,0.5,1.8,1.3063761172025752
1,5613,1.0,0.5,1.8,0.3510363126694695
1,5614,1.0,0.5,1.8,1.191821774385755
1,5615,1.0,0.5,1.8,0.09336860727317114
1,5616,1.0,0.5,1.8,1.4285606201407521
1,5617,1.0,0.5,1.8,1.1559160021172061
1,5618,1.0,0.5,1.8,0.65293069828304
1,5619,1.0,0.5,1.8,0.9294697916231505
1,5620,1.0,0.5,1.8,1.23346971122393
1,5621,1.0,0.5,1.8,0.23581880585984125
1,5622,1.0,0.5,1.8,1.2769597227822471
1,5623,1.0,0.5,1.8,0.8976663811021759
1,5624,1.0,0.5,1.8,0.7890483862183912
1,5625,1.0,0.5,1.8,1.4331150764951155
1,5626,1.0,0.5,1.8,1.2948011264668413
1,5627,1.0,0.5,1.8,0.7952914916112926
1,5628,1.0,0.5,1.8,0.635514493731934
1,5629,1.0,0.5,1.8,1.057110205030233
1,5630,1.0,0.5,1.8,1.5905500204151368
1,5631,1.0,0.5,1.8,0.3137815334509388
1,5632,1.0,0.5,1.8,1.4146171410175055
1,5633,1.0,0.5,1.8,1.128162713948429
1,5634,1.0,0.5,1.8,1.2967774580037748
1,5635,1.0,0.5,1.8,1.6416224003901965
1,5636,1.0,0.5,1.8,0.4184683629176752
1,5637,1.0,0.5,1.8,0.3839123463139023
1,5638,1.0,0.5,1.8,0.9671262564006781
1,5639,1.0,0.5,1.8,1.0371911543133097
1,5640,1.0,0.5,1.8,0.6390513023286734
1,5641,1.0,0.5,1.8,1.0341353655460521
1,5642,1.0,0.5,1.8,1.2256773888140762
1,5643,1.0,0.5,1.8,1.4191274101503937
1,5644,1.0,0.5,1.8,1.3288008426829956
1,5645,1.0,0.5,1.8,0.9864598400344157
1,5646,1.0,0.5,1.8,0.7055065711448658
1,5647,1.0,0.5,1.8,1.2280624557118602
1,5648,1.0,0.5,1.8,1.3414552282784147
1,5649,1.0,0.5,1.8,0.9947556176603691
1,5650,1.0,0.5,1.8,0.10970747281877227
1,5651,1.0,0.5,1.8,0.8680740809570365
1,5652,1.0,0.5,1.8,1.21568281421095
1,5653,1.0,0.5,1.8,1.295392924228546
1,5654,1.0,0.5,1.8,1.3157461475409669
1,5655,1.0,0.5,1.8,0.5386412525320913
1,5656,1.0,0.5,1.8,1.0713574124482756
1,5657,1.0,0.5,1.8,1.3840879148368352
1,5658,1.0,0.5,1.8,1.3949740814977623
1,5659,1.0,0.5,1.8,0.9116182595701945
1,5660,1.0,0.5,1.8,1.1821895506548035
1,5661,1.0,0.5,1.8,1.1233240343349025
1,5662,1.0,0.5,1.8,1.2060026174145047
1,5663,1.0,0.5,1.8,0.8012110564473457
1,5664,1.0,0.5,1.8,1.0519744025858084
1,5665,1.0,0.5,1.8,0.8725649107021594
1,5666,1.0,0.5,1.8,0.6626627389082063
1,5667,1.0,0.5,1.8,0.8985839411326212
1,5668,1.0,0.5,1.8,1.1393885627253095
1,5669,1.0,0.5,1.8,0.2758439606558817
1,5670,1.0,0.5,1.8,1.0248363446708544
1,5671,1.0,0.5,1.8,0.7219522394893109
1,5672,1.0,0.5,1.8,1.2695026832129106
1,5673,1.0,0.5,1.8,0.33070357709318193
1,5674,1.0,0.5,1.8,1.0500734732457435
1,5675,1.0,0.5,1.8,0.769518144100354
1,5676,1.0,0.5,1.8,1.532275546039451
1,5677,1.0,0.5,1.8,1.1693947906116284
1,5678,1.0,0.5,1.8,1.5201476686771733
1,5679,1.0,0.5,1.8,0.3304718412055195
1,5680,1.0,0.5,1.8,1.359704879511893
1,5681,1.0,0.5,1.8,0.8192641810702811
1,5682,1.0,0.5,1.8,0.4870111133578356
1,5683,1.0,0.5,1.8,0.5232613963679901
1,5684,1.0,0.5,1.8,1.1894999561597583
1,5685,1.0,0.5,1.8,0.988705374207274
1,5686,1.0,0.5,1.8,1.5215374575526892
1,5687,1.0,0.5,1.8,1.3466320670887064
1,5688,1.0,0.5,1.8,0.8973224640825159
1,5689,1.0,0.5,1.8,0.24871726508562536
1,5690,1.0,0.5,1.8,1.3063614357317943
1,5691,1.0,0.5,1.8,0.12599465742250562
1,5692,1.0,0.5,1.8,1.1831453697360963
1,5693,1.0,0.5,1.8,0.4674152103919933
1,5694,1.0,0.5,1.8,0.08797402115057384
1,5695,1.0,0.5,1.8,1.672989483488655
1,5696,1.0,0.5,1.8,1.0800838127610235
1,5697,1.0,0.5,1.8,0.2844660034083503
1,5698,1.0,0.5,1.8,1.325332913759218
1,5699,1.0,0.5,1.8,1.214177425677843
1,5700,1.0,0.5,1.8,0.8352161610875964
1,5701,1.0,0.5,1.8,0.7554018867908524
1,5702,1.0,0.5,1.8,0.6489694267027339
1,5703,1.0,0.5,1.8,0.5732748756759822
1,5704,1.0,0.5,1.8,1.034325002409418
1,5705,1.0,0.5,1.8,1.0011813572746497
1,5706,1.0,0.5,1.8,0.4800180248475715
1,5707,1.0,0.5,1.8,0.17382975859161773
1,5708,1.0,0.5,1.8,0.7400409069128268
1,5709,1.0,0.5,1.8,0.943229196588361
1,5710,1.0,0.5,1.8,1.0836443052114955
1,5711,1.0,0.5,1.8,1.3655475679113744
1,5712,1.0,0.5,1.8,0.6476274652794048
1,5713,1.0,0.5,1.8,1.5516603498211192
1,5714,1.0,0.5,1.8,0.7838122725129096
1,5715,1.0,0.5,1.8,1.3343119842258293
1,5716,1.0,0.5,1.8,0.8251273741762626
1,5717,1.0,0.5,1.8,1.1607851981384003
1,5718,1.0,0.5,1.8,1.166289320360864
1,5719,1.0,0.5,1.8,0.661638118362333
1,5720,1.0,0.5,1.8,0.4868246953833058
1,5721,1.0,0.5,1.8,1.0262678601755124
1,5722,1.0,0.5,1.8,0.519524420385021
1,5723,1.0,0.5,1.8,1.3055629090568546
1,5724,1.0,0.5,1.8,1.0688517053708078
1,5725,1.0,0.5,1.8,1.1713836082644833
1,5726,1.0,0.5,1.8,0.05536935961168991
1,5727,1.0,0.5,1.8,0.4534434374596937
1,5728,1.0,0.5,1.8,0.8645655886331306
1,5729,1.0,0.5,1.8,0.9092151905092094
1,5730,1.0,0.5,1.8,0.7935868494273532
1,5731,1.0,0.5,1.8,0.5908195785729226
1,5732,1.0,0.5,1.8,0.7170336543649796
1,5733,1.0,0.5,1.8,0.8766335666555599
1,5734,1.0,0.5,1.8,1.3583168647624686
1,5735,1.0,0.5,1.8,1.0425685567620382
1,5736,1.0,0.5,1.8,0.8232821863670121
1,5737,1.0,0.5,1.8,1.6845792963776878
1,5738,1.0,0.5,1.8,0.6541558797880717
1,5739,1.0,0.5,1.8,0.569104549326316
1,5740,1.0,0.5,1.8,0.7965471882889646
1,5741,1.0,0.5,1.8,1.3636045701143478
1,5742,1.0,0.5,1.8,1.0109163234505887
1,5743,1.0,0.5,1.8,0.8584551667329942
1,5744,1.0,0.5,1.8,0.6985013525937032
1,5745,1.0,0.5,1.8,0.96710919501226
1,5746,1.0,0.5,1.8,0.35840841141432483
1,5747,1.0,0.5,1.8,1.3553956817625004
1,5748,1.0,0.5,1.8,1.2533949381262344
1,5749,1.0,0.5,1.8,1.1795199394382672
1,5750,1.0,0.5,1.8,1.0777216759735089
1,5751,1.0,0.5,1.8,0.43830277276127527
1,5752,1.0,0.5,1.8,0.25759897547452193
1,5753,1.0,0.5,1.8,0.9288175147712917
1,5754,1.0,0.5,1.8,1.3200451905442185
1,5755,1.0,0.5,1.8,0.9201698633786305
1,5756,1.0,0.5,1.8,0.3871068931818199
1,5757,1.0,0.5,1.8,0.5623444459826217
1,5758,1.0,0.5,1.8,0.14442550902811688
1,5759,1.0,0.5,1.8,0.16938993637891736
1,5760,1.0,0.5,1.8,0.6106311055872012
1,5761,1.0,0.5,1.8,0.6343733970766137
1,5762,1.0,0.5,1.8,0.44194799342161806
1,5763,1.0,0.5,1.8,0.9107150550718174
1,5764,1.0,0.5,1.8,1.2215178580274928
1,5765,1.0,0.5,1.8,0.07079040547965851
1,5766,1.0,0.5,1.8,0.6666570746103554
1,5767,1.0,0.5,1.8,1.5677447882158466
1,5768,1.0,0.5,1.8,1.2009114067564925
1,5769,1.0,0.5,1.8,0.742661631013046
1,5770,1.0,0.5,1.8,0.616294115908411
1,5771,1.0,0.5,1.8,0.6131952421099278
1,5772,1.0,0.5,1.8,0.26099592803105565
1,5773,1.0,0.5,1.8,0.5083493349643269
1,5774,1.0,0.5,1.8,1.1841913786274305
1,5775,1.0,0.5,1.8,0.7794441663748336
1,5776,1.0,0.5,1.8,0.7200919272928261
1,5777,1.0,0.5,1.8,0.8609725371577871
1,5778,1.0,0.5,1.8,1.0994789399552265
1,5779,1.0,0.5,1.8,0.42373386481595027
1,5780,1.0,0.5,1.8,0.26242293431108443
1,5781,1.0,0.5,1.8,0.14584557621008998
1,5782,1.0,0.5,1.8,0.7501855181245085
1,5783,1.0,0.5,1.8,0.9413026443567086
1,5784,1.0,0.5,1.8,0.9773677378819049
1,5785,1.0,0.5,1.8,1.563891646456423
1,5786,1.0,0.5,1.8,1.5298429814554706
1,5787,1.0,0.5,1.8,1.2625516404790031
1,5788,1.0,0.5,1.8,1.5248190221442939
1,5789,1.0,0.5,1.8,0.8764984322989786
1,5790,1.0,0.5,1.8,1.218078463909756
1,5791,1.0,0.5,1.8,0.7643202163391578
1,5792,1.0,0.5,1.8,0.17383699876123293
1,5793,1.0,0.5,1.8,0.5641780170963465
1,5794,1.0,0.5,1.8,1.164959051707239
1,5795,1.0,0.5,1.8,0.6273910880370948
1,5796,1.0,0.5,1.8,1.080924534122138
1,5797,1.0,0.5,1.8,0.619931679104112
1,5798,1.0,0.5,1.8,0.7020135704594558
1,5799,1.0,0.5,1.8,0.5316538150295993
1,5800,1.0,0.5,1.8,1.6302097965527362
1,5801,1.0,0.5,1.8,0.09875608551939746
1,5802,1.0,0.5,1.8,1.0853390388968742
1,5803,1.0,0.5,1.8,1.5151970668864447
1,5804,1.0,0.5,1.8,0.41802474634180425
1,5805,1.0,0.5,1.8,1.081055611740498
1,5806,1.0,0.5,1.8,0.7496054937489155
1,5807,1.0,0.5,1.8,0.39478013421218344
1,5808,1.0,0.5,1.8,0.8694279028459923
1,5809,1.0,0.5,1.8,1.4269068690456501
1,5810,1.0,0.5,1.8,0.9573494559037835
1,5811,1.0,0.5,1.8,0.0653665238899851
1,5812,1.0,0.5,1.8,0.8541911740537038
1,5813,1.0,0.5,1.8,0.5663599544527452
1,5814,1.0,0.5,1.8,0.31888606650466517
1,5815,1.0,0.5,1.8,0.7179362895232415
1,5816,1.0,0.5,1.8,0.7581011744174282
1,5817,1.0,0.5,1.8,0.34105709974174403
1,5818,1.0,0.5,1.8,1.0235450161100368
1,5819,1.0,0.5,1.8,1.5933159462515205
1,5820,1.0,0.5,1.8,0.849081912782974
1,5821,1.0,0.5,1.8,1.0818723407162056
1,5822,1.0,0.5,1.8,0.664853034765186
1,5823,1.0,0.5,1.8,1.2735353062211978
1,5824,1.0,0.5,1.8,1.1541674065494139
1,5825,1.0,0.5,1.8,1.1576417135497692
1,5826,1.0,0.5,1.8,0.25145217194225017
1,5827,1.0,0.5,1.8,0.8926154849809859
1,5828,1.0,0.5,1.8,1.365436719519905
1,5829,1.0,0.5,1.8,1.2923385749232639
1,5830,1.0,0.5,1.8,0.8418655785644047
1,5831,1.0,0.5,1.8,0.9183212112182898
1,5832,1.0,0.5,1.8,0.9404204281415283
1,5833,1.0,0.5,1.8,0.907585394473661
1,5834,1.0,0.5,1.8,0.3997833094996492
1,5835,1.0,0.5,1.8,1.3125116144876239
1,5836,1.0,0.5,1.8,0.45521747703695215
1,5837,1.0,0.5,1.8,0.936701457685422
1,5838,1.0,0.5,1.8,1.0570031983596064
1,5839,1.0,0.5,1.8,0.7851690575590132
1,5840,1.0,0.5,1.8,0.7916076607577947
1,5841,1.0,0.5,1.8,1.3963596608707416
1,5842,1.0,0.5,1.8,0.6437994716438339
1,5843,1.0,0.5,1.8,0.26646938795936087
1,5844,1.0,0.5,1.8,1.0723353579266108
1,5845,1.0,0.5,1.8,1.0372936850681216
1,5846,1.0,0.5,1.8,0.15846196431649706
1,5847,1.0,0.5,1.8,1.023768255041084
1,5848,1.0,0.5,1.8,0.13439218327832242
1,5849,1.0,0.5,1.8,1.3280698496156507
1,5850,1.0,0.5,1.8,0.7066177843753023
1,5851,1.0,0.5,1.8,0.7362599517552766
1,5852,1.0,0.5,1.8,0.8460323891288841
1,5853,1.0,0.5,1.8,0.5317787225015387
1,5854,1.0,0.5,1.8,0.6866336512033446
1,5855,1.0,0.5,1.8,0.9879129463266456
1,5856,1.0,0.5,1.8,0.3249326831943374
1,5857,1.0,0.5,1.8,1.4308053423653742
1,5858,1.0,0.5,1.8,0.3615149155623011
1,5859,1.0,0.5,1.8,0.2155046001523399
1,5860,1.0,0.5,1.8,0.24065603510812475
1,5861,1.0,0.5,1.8,0.5835771562830683
1,5862,1.0,0.5,1.8,1.661885519064004
1,5863,1.0,0.5,1.8,1.357101657355094
1,5864,1.0,0.5,1.8,0.8805498172647503
1,5865,1.0,0.5,1.8,1.455277078297405
1,5866,1.0,0.5,1.8,0.940598439554088
1,5867,1.0,0.5,1.8,0.568893286087885
1,5868,1.0,0.5,1.8,0.9042301723003857
1,5869,1.0,0.5,1.8,0.4546073754075496
1,5870,1.0,0.5,1.8,1.4798579657321451
1,5871,1.0,0.5,1.8,1.5310664668042835
1,5872,1.0,0.5,1.8,0.5191778811129523
1,5873,1.0,0.5,1.8,0.2523921857910489
1,5874,1.0,0.5,1.8,0.36269812722891065
1,5875,1.0,0.5,1.8,1.1277312017968564
1,5876,1.0,0.5,1.8,0.4694837127772304
1,5877,1.0,0.5,1.8,1.0255931558691167
1,5878,1.0,0.5,1.8,1.2226629679691952
1,5879,1.0,0.5,1.8,0.7704897706768844
1,5880,1.0,0.5,1.8,1.5076147100170354
1,5881,1.0,0.5,1.8,0.46719288541407417
1,5882,1.0,0.5,1.8,1.3033172954331254
1,5883,1.0,0.5,1.8,0.2997591543108269
1,5884,1.0,0.5,1.8,0.767340941087262
1,5885,1.0,0.5,1.8,0.09393407419709768
1,5886,1.0,0.5,1.8,0.33599410796316886
1,5887,1.0,0.5,1.8,1.3810135142312858
1,5888,1.0,0.5,1.8,1.3229963146740067
1,5889,1.0,0.5,1.8,1.1846781185168709
1,5890,1.0,0.5,1.8,1.0613447473903097
1,5891,1.0,0.5,1.8,1.355851684736955
1,5892,1.0,0.5,1.8,0.9161977756050315
1,5893,1.0,0.5,1.8,0.30235119021767226
1,5894,1.0,0.5,1.8,1.0105317154568931
1,5895,1.0,0.5,1.8,0.7646969076561944
1,5896,1.0,0.5,1.8,0.5280244905775032
1,5897,1.0,0.5,1.8,1.092477975987862
1,5898,1.0,0.5,1.8,1.0139892276883549
1,5899,1.0,0.5,1.8,1.3118768214603218
1,5900,1.0,0.5,1.8,1.2976296713417368
1,5901,1.0,0.5,1.8,0.5304740260034854
1,5902,1.0,0.5,1.8,0.3521822132542148
1,5903,1.0,0.5,1.8,0.5797750495823075
1,5904,1.0,0.5,1.8,1.3162034829755171
1,5905,1.0,0.5,1.8,1.1688128213922035
1,5906,1.0,0.5,1.8,1.4627526916998903
1,5907,1.0,0.5,1.8,0.38176980229643503
1,5908,1.0,0.5,1.8,1.17200021643883
1,5909,1.0,0.5,1.8,0.48368422888258755
1,5910,1.0,0.5,1.8,1.0839012698612887
1,5911,1.0,0.5,1.8,0.9578090881673776
1,5912,1.0,0.5,1.8,1.0958486857339016
1,5913,1.0,0.5,1.8,0.5881534298053416
1,5914,1.0,0.5,1.8,0.5721748549798406
1,5915,1.0,0.5,1.8,0.16470787457131314
1,5916,1.0,0.5,1.8,1.30084018544268
1,5917,1.0,0.5,1.8,0.37577119665754805
1,5918,1.0,0.5,1.8,0.25396031874954267
1,5919,1.0,0.5,1.8,0.8151323902596517
1,5920,1.0,0.5,1.8,1.1188731379254202
1,5921,1.0,0.5,1.8,0.727658982221584
1,5922,1.0,0.5,1.8,0.5283254553414038
1,5923,1.0,0.5,1.8,0.6776357134651155
1,5924,1.0,0.5,1.8,1.0235171705163149
1,5925,1.0,0.5,1.8,1.417014587219714
1,5926,1.0,0.5,1.8,0.6224074023094588
1,5927,1.0,0.5,1.8,0.38884233255089895
1,5928,1.0,0.5,1.8,0.260143630285018
1,5929,1.0,0.5,1.8,0.9120848744265744
1,5930,1.0,0.5,1.8,0.6440530357113005
1,5931,1.0,0.5,1.8,0.5226641159369843
1,5932,1.0,0.5,1.8,0.7645268927999102
1,5933,1.0,0.5,1.8,0.8826046281844404
1,5934,1.0,0.5,1.8,1.1474244154833688
1,5935,1.0,0.5,1.8,1.4879534662260314
1,5936,1.0,0.5,1.8,0.425582143474576
1,5937,1.0,0.5,1.8,0.07895729006656063
1,5938,1.0,0.5,1.8,0.050401594021758686
1,5939,1.0,0.5,1.8,0.868884001229766
1,5940,1.0,0.5,1.8,1.3076639305722482
1,5941,1.0,0.5,1.8,1.0799356156110729
1,5942,1.0,0.5,1.8,0.5946665355651878
1,5943,1.0,0.5,1.8,0.4737426872552196
1,5944,1.0,0.5,1.8,1.0310625388175576
1,5945,1.0,0.5,1.8,0.9935618565386904
1,5946,1.0,0.5,1.8,1.007974491143904
1,5947,1.0,0.5,1.8,1.1763404723070283
1,5948,1.0,0.5,1.8,0.8764528400715622
1,5949,1.0,0.5,1.8,0.2891560424220573
1,5950,1.0,0.5,1.8,1.1368267444098863
1,5951,1.0,0.5,1.8,1.2463507963810982
1,5952,1.0,0.5,1.8,0.18912163607857033
1,5953,1.0,0.5,1.8,0.8593223440864229
1,5954,1.0,0.5,1.8,0.8376417051766024
1,5955,1.0,0.5,1.8,1.2350115660351335
1,5956,1.0,0.5,1.8,0.44178860081648824
1,5957,1.0,0.5,1.8,1.1706554069436035
1,5958,1.0,0.5,1.8,0.8524194632868674
1,5959,1.0,0.5,1.8,1.3312993098643113
1,5960,1.0,0.5,1.8,0.5001515472146737
1,5961,1.0,0.5,1.8,1.3595012740904255
1,5962,1.0,0.5,1.8,0.7331080688044985
1,5963,1.0,0.5,1.8,0.4110178533968696
1,5964,1.0,0.5,1.8,0.3361784571603677
1,5965,1.0,0.5,1.8,1.1479418560688794
1,5966,1.0,0.5,1.8,1.0834374042113792
1,5967,1.0,0.5,1.8,1.514271666682404
1,5968,1.0,0.5,1.8,1.0675636525077756
1,5969,1.0,0.5,1.8,0.9597518532593016
1,5970,1.0,0.5,1.8,1.0453905454233638
1,5971,1.0,0.5,1.8,0.48608148583739297
1,5972,1.0,0.5,1.8,1.19582059049632
1,5973,1.0,0.5,1.8,1.3659521193569177
1,5974,1.0,0.5,1.8,0.34998470812124377
1,5975,1.0,0.5,1.8,0.3620169263917544
1,5976,1.0,0.5,1.8,0.9797984064206855
1,5977,1.0,0.5,1.8,1.2939837695721659
1,5978,1.0,0.5,1.8,1.0414636777932809
1,5979,1.0,0.5,1.8,0.45922453897343096
1,5980,1.0,0.5,1.8,1.07854063087495
1,5981,1.0,0.5,1.8,1.0507554013495202
1,5982,1.0,0.5,1.8,0.5987525825304185
1,5983,1.0,0.5,1.8,0.9371879163564417
1,5984,1.0,0.5,1.8,1.067931079234383
1,5985,1.0,0.5,1.8,0.9004660619122984
1,5986,1.0,0.5,1.8,1.2502211044222682
1,5987,1.0,0.5,1.8,1.0222421890152287
1,5988,1.0,0.5,1.8,0.6635428200808369
1,5989,1.0,0.5,1.8,1.0683702758952167
1,5990,1.0,0.5,1.8,1.4529712190398552
1,5991,1.0,0.5,1.8,0.44025402888672455
1,5992,1.0,0.5,1.8,0.3442132679978165
1,5993,1.0,0.5,1.8,0.7303984448676427
1,5994,1.0,0.5,1.8,1.0438066062260936
1,5995,1.0,0.5,1.8,1.281454297881463
1,5996,1.0,0.5,1.8,1.0293457971933466
1,5997,1.0,0.5,1.8,1.5244469829741998
1,5998,1.0,0.5,1.8,0.402746461449946
1,5999,1.0,0.5,1.8,1.1678846658868647
1,6000,1.0,0.5,1.8,1.3741247170558029
1,6001,1.0,0.5,1.8,0.6317418960482767
1,6002,1.0,0.5,1.8,0.9780737627869897
1,6003,1.0,0.5,1.8,0.9595154493362115
1,6004,1.0,0.5,1.8,0.46663231025513224
1,6005,1.0,0.5,1.8,0.8843143701236615
1,6006,1.0,0.5,1.8,1.0269994925904464
1,6007,1.0,0.5,1.8,0.7134386128896341
1,6008,1.0,0.5,1.8,0.9064081349533737
1,6009,1.0,0.5,1.8,0.46725465702283
1,6010,1.0,0.5,1.8,0.909605179062777
1,6011,1.0,0.5,1.8,1.5669805358453774
1,6012,1.0,0.5,1.8,0.665472097338052
1,6013,1.0,0.5,1.8,0.6879478288572423
1,6014,1.0,0.5,1.8,1.2302409170067434
1,6015,1.0,0.5,1.8,1.2468767086389307
1,6016,1.0,0.5,1.8,0.7741133653415495
1,6017,1.0,0.5,1.8,1.396041393328703
1,6018,1.0,0.5,1.8,0.5639350181516453
1,6019,1.0,0.5,1.8,0.5401193082804249
1,6020,1.0,0.5,1.8,1.3345443744055168
1,6021,1.0,0.5,1.8,1.1275902907121222
1,6022,1.0,0.5,1.8,1.395492035812811
1,6023,1.0,0.5,1.8,0.9515737104284736
1,6024,1.0,0.5,1.8,1.3747350145174742
1,6025,1.0,0.5,1.8,0.5671727094736254
1,6026,1.0,0.5,1.8,1.1925698873708088
1,6027,1.0,0.5,1.8,1.1647372340358488
1,6028,1.0,0.5,1.8,1.3658866221665271
1,6029,1.0,0.5,1.8,0.9442584674231418
1,6030,1.0,0.5,1.8,0.46261345066122256
1,6031,1.0,0.5,1.8,0.43799514945663676
1,6032,1.0,0.5,1.8,1.1850085987042043
1,6033,1.0,0.5,1.8,0.21333590555995052
1,6034,1.0,0.5,1.8,0.4326984698226411
1,6035,1.0,0.5,1.8,0.5324088969337
1,6036,1.0,0.5,1.8,0.5664393097213065
1,6037,1.0,0.5,1.8,1.2865110630649257
1,6038,1.0,0.5,1.8,0.9976926699960228
1,6039,1.0,0.5,1.8,1.581723994283328
1,6040,1.0,0.5,1.8,0.6101079201588195
1,6041,1.0,0.5,1.8,1.321999799199731
1,6042,1.0,0.5,1.8,0.6217105417930681
1,6043,1.0,0.5,1.8,1.2594508545198393
1,6044,1.0,0.5,1.8,0.8914457819257167
1,6045,1.0,0.5,1.8,1.2153650939400371
1,6046,1.0,0.5,1.8,0.519932885195148
1,6047,1.0,0.5,1.8,0.7431464253765254
1,6048,1.0,0.5,1.8,0.6692605362199892
1,6049,1.0,0.5,1.8,0.9721908136318538
1,6050,1.0,0.5,1.8,0.3417197327345211
1,6051,1.0,0.5,1.8,0.5138837436170778
1,6052,1.0,0.5,1.8,0.3287879133045496
1,6053,1.0,0.5,1.8,0.8631128605577145
1,6054,1.0,0.5,1.8,0.6697051988701728
1,6055,1.0,0.5,1.8,1.4444310660232884
1,6056,1.0,0.5,1.8,1.3396426298701503
1,6057,1.0,0.5,1.8,1.1948820905092816
1,6058,1.0,0.5,1.8,0.9188552740020405
1,6059,1.0,0.5,1.8,1.3455758630983343
1,6060,1.0,0.5,1.8,1.4346843183758915
1,6061,1.0,0.5,1.8,1.7622059156319398
1,6062,1.0,0.5,1.8,0.6800246437992665
1,6063,1.0,0.5,1.8,0.8498277995640611
1,6064,1.0,0.5,1.8,0.2872300518736549
1,6065,1.0,0.5,1.8,1.179185984872337
1,6066,1.0,0.5,1.8,0.694855067501345
1,6067,1.0,0.5,1.8,0.5981077717979553
1,6068,1.0,0.5,1.8,1.1405111883578505
1,6069,1.0,0.5,1.8,0.906155488831349
1,6070,1.0,0.5,1.8,1.3055888161480134
1,6071,1.0,0.5,1.8,0.943122421285808
1,6072,1.0,0.5,1.8,0.8741911870334211
1,6073,1.0,0.5,1.8,0.7012359233744835
1,6074,1.0,0.5,1.8,0.40677611394393454
1,6075,1.0,0.5,1.8,1.239966870489192
1,6076,1.0,0.5,1.8,1.1872697930185516
1,6077,1.0,0.5,1.8,0.24485950633589063
1,6078,1.0,0.5,1.8,1.0455764691805667
1,6079,1.0,0.5,1.8,0.8409156540213384
1,6080,1.0,0.5,1.8,0.6862038885883973
1,6081,1.0,0.5,1.8,1.1492048241403872
1,6082,1.0,0.5,1.8,0.06965422924557402
1,6083,1.0,0.5,1.8,0.46343914785834267
1,6084,1.0,0.5,1.8,0.703131506690584
1,6085,1.0,0.5,1.8,0.5945986765210117
1,6086,1.0,0.5,1.8,1.7286530698434022
1,6087,1.0,0.5,1.8,0.7702660206122387
1,6088,1.0,0.5,1.8,1.0073359514617992
1,6089,1.0,0.5,1.8,1.3933046705631142
1,6090,1.0,0.5,1.8,0.14694731418375734
1,6091,1.0,0.5,1.8,0.7930083958361439
1,6092,1.0,0.5,1.8,0.4795057417399801
1,6093,1.0,0.5,1.8,0.9486249246520085
1,6094,1.0,0.5,1.8,0.3677653065865424
1,6095,1.0,0.5,1.8,0.9356882163712431
1,6096,1.0,0.5,1.8,1.0651069167895282
1,6097,1.0,0.5,1.8,0.4664516080529985
1,6098,1.0,0.5,1.8,1.1166124931900285
1,6099,1.0,0.5,1.8,1.171008105625762
1,6100,1.0,0.5,1.8,1.4580949854211913
1,6101,1.0,0.5,1.8,1.0911304908918726
1,6102,1.0,0.5,1.8,0.5316325324758127
1,6103,1.0,0.5,1.8,0.6272155969593615
1,6104,1.0,0.5,1.8,0.6395791981245645
1,6105,1.0,0.5,1.8,1.1576955426638726
1,6106,1.0,0.5,1.8,0.7033036271078043
1,6107,1.0,0.5,1.8,1.4344675452916191
1,6108,1.0,0.5,1.8,0.20309765063027632
1,6109,1.0,0.5,1.8,0.8536140070576805
1,6110,1.0,0.5,1.8,0.900779249234035
1,6111,1.0,0.5,1.8,0.53634770812868
1,6112,1.0,0.5,1.8,0.3258358472742111
1,6113,1.0,0.5,1.8,1.1834352357794464
1,6114,1.0,0.5,1.8,1.688041735728132
1,6115,1.0,0.5,1.8,0.619567181969556
1,6116,1.0,0.5,1.8,1.2939470076404729
1,6117,1.0,0.5,1.8,1.506791135371284
1,6118,1.0,0.5,1.8,0.32810445559127277
1,6119,1.0,0.5,1.8,1.1180243698721304
1,6120,1.0,0.5,1.8,1.3839403699100137
1,6121,1.0,0.5,1.8,0.7716900751539286
1,6122,1.0,0.5,1.8,1.4149252885342363
1,6123,1.0,0.5,1.8,0.476198645448606
1,6124,1.0,0.5,1.8,0.9885595593343512
1,6125,1.0,0.5,1.8,0.33987332599105907
1,6126,1.0,0.5,1.8,0.9556608055451004
1,6127,1.0,0.5,1.8,1.049776958502622
1,6128,1.0,0.5,1.8,0.20457778037797883
1,6129,1.0,0.5,1.8,0.919594231076343
1,6130,1.0,0.5,1.8,1.2615053768185407
1,6131,1.0,0.5,1.8,0.1248348339979758
1,6132,1.0,0.5,1.8,0.4270873135965851
1,6133,1.0,0.5,1.8,0.5411956880532602
1,6134,1.0,0.5,1.8,0.987248136341693
1,6135,1.0,0.5,1.8,1.2104243378353554
1,6136,1.0,0.5,1.8,1.6328447181983685
1,6137,1.0,0.5,1.8,0.35176706948753644
1,6138,1.0,0.5,1.8,0.6916980603594443
1,6139,1.0,0.5,1.8,1.007734136701828
1,6140,1.0,0.5,1.8,1.6239636707384855
1,6141,1.0,0.5,1.8,0.67707279384801
1,6142,1.0,0.5,1.8,0.727511932323045
1,6143,1.0,0.5,1.8,1.2203942867390902
1,6144,1.0,0.5,1.8,0.1805975119922425
1,6145,1.0,0.5,1.8,0.8800682858223868
1,6146,1.0,0.5,1.8,0.3994243154888094
1,6147,1.0,0.5,1.8,0.7697210475143633
1,6148,1.0,0.5,1.8,0.7204865048911365
1,6149,1.0,0.5,1.8,0.6407980280346172
1,6150,1.0,0.5,1.8,0.35976379140368164
1,6151,1.0,0.5,1.8,0.6458692946179687
1,6152,1.0,0.5,1.8,1.3546602958181022
1,6153,1.0,0.5,1.8,1.4475467166988787
1,6154,1.0,0.5,1.8,0.9570017680099844
1,6155,1.0,0.5,1.8,0.9469538193651947
1,6156,1.0,0.5,1.8,0.922041241883893
1,6157,1.0,0.5,1.8,0.459064955783967
1,6158,1.0,0.5,1.8,0.6894131214695214
1,6159,1.0,0.5,1.8,0.7134243696534163
1,6160,1.0,0.5,1.8,0.1554872913992911
1,6161,1.0,0.5,1.8,0.8206382879481876
1,6162,1.0,0.5,1.8,1.1674273540975568
1,6163,1.0,0.5,1.8,0.4705675827725177
1,6164,1.0,0.5,1.8,0.8931719150718819
1,6165,1.0,0.5,1.8,1.2672422215607493
1,6166,1.0,0.5,1.8,0.3033999697446544
1,6167,1.0,0.5,1.8,1.6995295159457449
1,6168,1.0,0.5,1.8,1.1019727228228644
1,6169,1.0,0.5,1.8,0.5320099938281128
1,6170,1.0,0.5,1.8,0.30297079154576356
1,6171,1.0,0.5,1.8,1.0210516420053044
1,6172,1.0,0.5,1.8,0.5368505609240138
1,6173,1.0,0.5,1.8,0.5657886634547956
1,6174,1.0,0.5,1.8,0.526193297782175
1,6175,1.0,0.5,1.8,1.3765042695007481
1,6176,1.0,0.5,1.8,0.6708814847160184
1,6177,1.0,0.5,1.8,0.20187053903812016
1,6178,1.0,0.5,1.8,1.050006855166192
1,6179,1.0,0.5,1.8,0.6389856516177734
1,6180,1.0,0.5,1.8,0.2515644461940548
1,6181,1.0,0.5,1.8,0.5264492751832535
1,6182,1.0,0.5,1.8,1.37654144822887
1,6183,1.0,0.5,1.8,0.7935965542802506
1,6184,1.0,0.5,1.8,1.5951642858441757
1,6185,1.0,0.5,1.8,0.9827887160168106
1,6186,1.0,0.5,1.8,0.8014337006489036
1,6187,1.0,0.5,1.8,0.8586677232436868
1,6188,1.0,0.5,1.8,1.4301905084683788
1,6189,1.0,0.5,1.8,1.010573725575685
1,6190,1.0,0.5,1.8,0.9760074006135735
1,6191,1.0,0.5,1.8,1.6042102288622428
1,6192,1.0,0.5,1.8,0.3572129739557447
1,6193,1.0,0.5,1.8,1.031956252369327
1,6194,1.0,0.5,1.8,0.9856738304866501
1,6195,1.0,0.5,1.8,0.18272743438061062
1,6196,1.0,0.5,1.8,1.1916937026023073
1,6197,1.0,0.5,1.8,1.515894374397895
1,6198,1.0,0.5,1.8,0.7551095078552091
1,6199,1.0,0.5,1.8,0.3750878404481862
1,6200,1.0,0.5,1.8,1.1494040273478903
1,6201,1.0,0.5,1.8,0.7972637417945653
1,6202,1.0,0.5,1.8,0.41297338617484064
1,6203,1.0,0.5,1.8,0.8052275294568977
1,6204,1.0,0.5,1.8,0.5776081271531031
1,6205,1.0,0.5,1.8,0.8600840866882161
1,6206,1.0,0.5,1.8,0.8116414708684013
1,6207,1.0,0.5,1.8,0.71685625644175
1,6208,1.0,0.5,1.8,1.2718915931339996
1,6209,1.0,0.5,1.8,0.8237836067667663
1,6210,1.0,0.5,1.8,0.436147517782959
1,6211,1.0,0.5,1.8,1.361150306405865
1,6212,1.0,0.5,1.8,1.00595008517925
1,6213,1.0,0.5,1.8,1.75086651484425
1,6214,1.0,0.5,1.8,1.5411377668841615
1,6215,1.0,0.5,1.8,0.9377001461556538
1,6216,1.0,0.5,1.8,0.9279628730646841
1,6217,1.0,0.5,1.8,1.0146180539313534
1,6218,1.0,0.5,1.8,0.8468260757690407
1,6219,1.0,0.5,1.8,0.2957188712671953
1,6220,1.0,0.5,1.8,0.6703966047714618
1,6221,1.0,0.5,1.8,1.418458804000724
1,6222,1.0,0.5,1.8,0.9199271715620294
1,6223,1.0,0.5,1.8,0.7470781022655643
1,6224,1.0,0.5,1.8,1.281812692025184
1,6225,1.0,0.5,1.8,1.316611155143233
1,6226,1.0,0.5,1.8,0.6883649314899807
1,6227,1.0,0.5,1.8,0.5726529686398603
1,6228,1.0,0.5,1.8,0.9189100635268967
1,6229,1.0,0.5,1.8,0.4495050974584049
1,6230,1.0,0.5,1.8,1.240756780816089
1,6231,1.0,0.5,1.8,0.1472196092668907
1,6232,1.0,0.5,1.8,0.090470684604216
1,6233,1.0,0.5,1.8,0.9695967729523685
1,6234,1.0,0.5,1.8,1.438155569839665
1,6235,1.0,0.5,1.8,0.7249482454048688
1,6236,1.0,0.5,1.8,1.486484366836492
1,6237,1.0,0.5,1.8,1.4985657706243554
1,6238,1.0,0.5,1.8,0.38927512684623405
1,6239,1.0,0.5,1.8,0.7887734146644498
1,6240,1.0,0.5,1.8,0.6189022866734288
1,6241,1.0,0.5,1.8,0.9662282187022975
1,6242,1.0,0.5,1.8,0.489445526561161
1,6243,1.0,0.5,1.8,0.6839054264402898
1,6244,1.0,0.5,1.8,1.2059907228676676
1,6245,1.0,0.5,1.8,0.50073542023562
1,6246,1.0,0.5,1.8,1.073476998109682
1,6247,1.0,0.5,1.8,0.91339864195461
1,6248,1.0,0.5,1.8,0.9138010109354694
1,6249,1.0,0.5,1.8,1.2356584877425065
1,6250,1.0,0.5,1.8,1.1534904473862126
1,6251,1.0,0.5,1.8,1.2439959453926095
1,6252,1.0,0.5,1.8,1.0386273881292134
1,6253,1.0,0.5,1.8,0.9271966495485239
1,6254,1.0,0.5,1.8,1.2477469864247792
1,6255,1.0,0.5,1.8,0.6317716292167123
1,6256,1.0,0.5,1.8,0.7745103045060725
1,6257,1.0,0.5,1.8,1.341685152596873
1,6258,1.0,0.5,1.8,0.381498818610227
1,6259,1.0,0.5,1.8,1.2992733055615298
1,6260,1.0,0.5,1.8,1.233362114169487
1,6261,1.0,0.5,1.8,0.7957946960921707
1,6262,1.0,0.5,1.8,1.454719350925328
1,6263,1.0,0.5,1.8,1.2481693513155903
1,6264,1.0,0.5,1.8,0.8593620928961089
1,6265,1.0,0.5,1.8,0.2093974127572744
1,6266,1.0,0.5,1.8,0.8611740987423988
1,6267,1.0,0.5,1.8,0.3151332072836051
1,6268,1.0,0.5,1.8,0.3352209155963057
1,6269,1.0,0.5,1.8,1.3065101790409972
1,6270,1.0,0.5,1.8,0.2698627713441332
1,6271,1.0,0.5,1.8,1.0271702428341865
1,6272,1.0,0.5,1.8,0.7240517897274459
1,6273,1.0,0.5,1.8,0.14240165714978753
1,6274,1.0,0.5,1.8,1.1079842854255804
1,6275,1.0,0.5,1.8,0.18703106040869363
1,6276,1.0,0.5,1.8,0.44639942588540327
1,6277,1.0,0.5,1.8,1.3544161624054958
1,6278,1.0,0.5,1.8,0.6861827189269898
1,6279,1.0,0.5,1.8,0.8596490231007091
1,6280,1.0,0.5,1.8,1.3701710503940796
1,6281,1.0,0.5,1.8,1.6892667296445545
1,6282,1.0,0.5,1.8,0.7432393760047715
1,6283,1.0,0.5,1.8,0.1691099230096801
1,6284,1.0,0.5,1.8,0.6434613676096079
1,6285,1.0,0.5,1.8,1.1511478663916814
1,6286,1.0,0.5,1.8,0.13505948221608483
1,6287,1.0,0.5,1.8,1.43602806827448
1,6288,1.0,0.5,1.8,1.1184387408545553
1,6289,1.0,0.5,1.8,1.0857443869760062
1,6290,1.0,0.5,1.8,1.5813853332622254
1,6291,1.0,0.5,1.8,1.6833180505018415
1,6292,1.0,0.5,1.8,1.484985486859093
1,6293,1.0,0.5,1.8,0.3152471151060413
1,6294,1.0,0.5,1.8,0.6778636997608875
1,6295,1.0,0.5,1.8,1.351820743530821
1,6296,1.0,0.5,1.8,1.1286487505932252
1,6297,1.0,0.5,1.8,1.370614733010871
1,6298,1.0,0.5,1.8,0.926571201465657
1,6299,1.0,0.5,1.8,1.6318712883597315
1,6300,1.0,0.5,1.8,0.4990138123352516
1,6301,1.0,0.5,1.8,0.8933173559983237
1,6302,1.0,0.5,1.8,0.37958896044271356
1,6303,1.0,0.5,1.8,0.5971935818432883
1,6304,1.0,0.5,1.8,0.895145250365521
1,6305,1.0,0.5,1.8,1.116218107733971
1,6306,1.0,0.5,1.8,1.2738155348074975
1,6307,1.0,0.5,1.8,1.3163405779884332
1,6308,1.0,0.5,1.8,0.9508170883509609
1,6309,1.0,0.5,1.8,0.6079479189874241
1,6310,1.0,0.5,1.8,0.6662380603575975
1,6311,1.0,0.5,1.8,0.3953959553309332
1,6312,1.0,0.5,1.8,0.9001373233694899
1,6313,1.0,0.5,1.8,1.3927722645881466
1,6314,1.0,0.5,1.8,1.0428389717819173
1,6315,1.0,0.5,1.8,0.6718324544504298
1,6316,1.0,0.5,1.8,1.0519491526807674
1,6317,1.0,0.5,1.8,0.9931691878813002
1,6318,1.0,0.5,1.8,0.5546372030938646
1,6319,1.0,0.5,1.8,0.1748779093475878
1,6320,1.0,0.5,1.8,0.4900953470982087
1,6321,1.0,0.5,1.8,0.7944293540932339
1,6322,1.0,0.5,1.8,0.7364741108128074
1,6323,1.0,0.5,1.8,1.3753101138237178
1,6324,1.0,0.5,1.8,1.0431334852608647
1,6325,1.0,0.5,1.8,0.9362138192891458
1,6326,1.0,0.5,1.8,0.9695155902570093
1,6327,1.0,0.5,1.8,1.7094689114740091
1,6328,1.0,0.5,1.8,0.3902811676066057
1,6329,1.0,0.5,1.8,0.7876662517343899
1,6330,1.0,0.5,1.8,1.5228335664860737
1,6331,1.0,0.5,1.8,1.185387712628356
1,6332,1.0,0.5,1.8,0.28925673967272564
1,6333,1.0,0.5,1.8,1.5148185024789367
1,6334,1.0,0.5,1.8,1.0981440743248394
1,6335,1.0,0.5,1.8,0.6610850242919836
1,6336,1.0,0.5,1.8,1.054671416447811
1,6337,1.0,0.5,1.8,0.7966115068702991
1,6338,1.0,0.5,1.8,1.1464867651514432
1,6339,1.0,0.5,1.8,0.5758618763758683
1,6340,1.0,0.5,1.8,0.7030214482998033
1,6341,1.0,0.5,1.8,0.852944330530657
1,6342,1.0,0.5,1.8,1.1206122637058908
1,6343,1.0,0.5,1.8,0.6377353197826277
1,6344,1.0,0.5,1.8,0.6018559604906897
1,6345,1.0,0.5,1.8,1.480166140320316
1,6346,1.0,0.5,1.8,0.8137658240386548
1,6347,1.0,0.5,1.8,1.2320117306154361
1,6348,1.0,0.5,1.8,1.0450511940490548
1,6349,1.0,0.5,1.8,1.5274740237788502
1,6350,1.0,0.5,1.8,1.064926130134105
1,6351,1.0,0.5,1.8,1.62325201991429
1,6352,1.0,0.5,1.8,0.6149568010805838
1,6353,1.0,0.5,1.8,0.6697661028973559
1,6354,1.0,0.5,1.8,1.340428014668681
1,6355,1.0,0.5,1.8,1.069113562028575
1,6356,1.0,0.5,1.8,1.5807178753212203
1,6357,1.0,0.5,1.8,0.2710141978075171
1,6358,1.0,0.5,1.8,0.7537117132039777
1,6359,1.0,0.5,1.8,0.6492449924881502
1,6360,1.0,0.5,1.8,1.15946961987283
1,6361,1.0,0.5,1.8,0.7392221778005045
1,6362,1.0,0.5,1.8,0.9319601294639759
1,6363,1.0,0.5,1.8,0.9840158943645508
1,6364,1.0,0.5,1.8,0.7155683616732199
1,6365,1.0,0.5,1.8,0.555882321849922
1,6366,1.0,0.5,1.8,0.7777124909580395
1,6367,1.0,0.5,1.8,0.9851451146168211
1,6368,1.0,0.5,1.8,0.6451256277398607
1,6369,1.0,0.5,1.8,1.7386932515212812
1,6370,1.0,0.5,1.8,0.6873359775402212
1,6371,1.0,0.5,1.8,0.8220468178657122
1,6372,1.0,0.5,1.8,0.30610421015987266
1,6373,1.0,0.5,1.8,0.4799138097832216
1,6374,1.0,0.5,1.8,1.0508140644409922
1,6375,1.0,0.5,1.8,1.2047425576919863
1,6376,1.0,0.5,1.8,0.8618586812855027
1,6377,1.0,0.5,1.8,0.5686184560490467
1,6378,1.0,0.5,1.8,1.0030639906194596
1,6379,1.0,0.5,1.8,1.1782779350043333
1,6380,1.0,0.5,1.8,1.3797800129941373
1,6381,1.0,0.5,1.8,1.0277830424023051
1,6382,1.0,0.5,1.8,0.16161335922666095
1,6383,1.0,0.5,1.8,1.277206870148785
1,6384,1.0,0.5,1.8,1.191596251910787
1,6385,1.0,0.5,1.8,0.2376945256349384
1,6386,1.0,0.5,1.8,0.7069570409032238
1,6387,1.0,0.5,1.8,1.0939355016875123
1,6388,1.0,0.5,1.8,1.516332475217798
1,6389,1.0,0.5,1.8,0.6315696360204421
1,6390,1.0,0.5,1.8,0.5220082918861473
1,6391,1.0,0.5,1.8,1.3168895207756746
1,6392,1.0,0.5,1.8,1.1492989579078814
1,6393,1.0,0.5,1.8,0.6585114077625108
1,6394,1.0,0.5,1.8,1.0949677126287125
1,6395,1.0,0.5,1.8,0.6184413593285124
1,6396,1.0,0.5,1.8,1.0189739288099338
1,6397,1.0,0.5,1.8,0.5574367456735487
1,6398,1.0,0.5,1.8,1.303391369900203
1,6399,1.0,0.5,1.8,0.47693097789649747
1,6400,1.0,0.5,1.8,1.0044325655962438
1,6401,1.0,0.5,1.8,0.5640636521979537
1,6402,1.0,0.5,1.8,0.4918663125129041
1,6403,1.0,0.5,1.8,0.17331431963752478
1,6404,1.0,0.5,1.8,0.2898041251220455
1,6405,1.0,0.5,1.8,1.3104091026413167
1,6406,1.0,0.5,1.8,0.4983652100826565
1,6407,1.0,0.5,1.8,0.26109357340438477
1,6408,1.0,0.5,1.8,0.8606697459968713
1,6409,1.0,0.5,1.8,0.8234985723140683
1,6410,1.0,0.5,1.8,0.27195448481419887
1,6411,1.0,0.5,1.8,1.183096374320448
1,6412,1.0,0.5,1.8,0.9249821255520128
1,6413,1.0,0.5,1.8,1.6111243139633429
1,6414,1.0,0.5,1.8,0.5629965756232802
1,6415,1.0,0.5,1.8,0.4558181945516245
1,6416,1.0,0.5,1.8,1.1488736472084176
1,6417,1.0,0.5,1.8,1.0355322388951698
1,6418,1.0,0.5,1.8,0.9218118099085966
1,6419,1.0,0.5,1.8,1.2130671333138132
1,6420,1.0,0.5,1.8,0.7651906873554458
1,6421,1.0,0.5,1.8,0.4312310391557869
1,6422,1.0,0.5,1.8,0.5948978031868755
1,6423,1.0,0.5,1.8,1.388302617474454
1,6424,1.0,0.5,1.8,1.029788949911519
1,6425,1.0,0.5,1.8,0.9802749793003264
1,6426,1.0,0.5,1.8,0.4791446831894655
1,6427,1.0,0.5,1.8,1.5526104149644477
1,6428,1.0,0.5,1.8,0.4858493478957924
1,6429,1.0,0.5,1.8,0.9664616972621294
1,6430,1.0,0.5,1.8,1.3374511830771274
1,6431,1.0,0.5,1.8,0.43746079212684286
1,6432,1.0,0.5,1.8,0.9990990563073032
1,6433,1.0,0.5,1.8,0.8151266595150208
1,6434,1.0,0.5,1.8,0.9861207904273936
1,6435,1.0,0.5,1.8,0.29919880631082774
1,6436,1.0,0.5,1.8,1.1869418301770491
1,6437,1.0,0.5,1.8,0.8270778785253498
1,6438,1.0,0.5,1.8,1.166653795301108
1,6439,1.0,0.5,1.8,0.7585801765079052
1,6440,1.0,0.5,1.8,0.6453070368376793
1,6441,1.0,0.5,1.8,1.4053168243524403
1,6442,1.0,0.5,1.8,0.9310269429122073
1,6443,1.0,0.5,1.8,1.1400999679790575
1,6444,1.0,0.5,1.8,0.5370285806574252
1,6445,1.0,0.5,1.8,0.684833420237219
1,6446,1.0,0.5,1.8,0.582256073736865
1,6447,1.0,0.5,1.8,0.9190071149922212
1,6448,1.0,0.5,1.8,1.447470809414745
1,6449,1.0,0.5,1.8,0.802606537154667
1,6450,1.0,0.5,1.8,0.9984668412319123
1,6451,1.0,0.5,1.8,0.6945392668453826
1,6452,1.0,0.5,1.8,0.5464955307852974
1,6453,1.0,0.5,1.8,1.4224896718215403
1,6454,1.0,0.5,1.8,0.42770042695045923
1,6455,1.0,0.5,1.8,1.191777026046774
1,6456,1.0,0.5,1.8,0.5709827335158277
1,6457,1.0,0.5,1.8,0.940563568326103
1,6458,1.0,0.5,1.8,1.1157239283191343
1,6459,1.0,0.5,1.8,0.44069272324640796
1,6460,1.0,0.5,1.8,1.1837872037257087
1,6461,1.0,0.5,1.8,1.3276066798663426
1,6462,1.0,0.5,1.8,0.6209353401791307
1,6463,1.0,0.5,1.8,1.43944158931315
1,6464,1.0,0.5,1.8,0.28035451218215046
1,6465,1.0,0.5,1.8,1.07156794150289
1,6466,1.0,0.5,1.8,1.1352234607683147
1,6467,1.0,0.5,1.8,0.9297258512920182
1,6468,1.0,0.5,1.8,1.30607441194309
1,6469,1.0,0.5,1.8,0.46170099849080676
1,6470,1.0,0.5,1.8,0.4885539456574895
1,6471,1.0,0.5,1.8,0.5719537430660151
1,6472,1.0,0.5,1.8,1.1394341303184645
1,6473,1.0,0.5,1.8,1.2908055650914607
1,6474,1.0,0.5,1.8,0.7705831798347621
1,6475,1.0,0.5,1.8,0.22810000629287644
1,6476,1.0,0.5,1.8,0.5235801669347023
1,6477,1.0,0.5,1.8,1.3243449622140706
1,6478,1.0,0.5,1.8,0.9686733983063703
1,6479,1.0,0.5,1.8,1.5885068984021455
1,6480,1.0,0.5,1.8,1.1295231733636868
1,6481,1.0,0.5,1.8,0.3901308955667143
1,6482,1.0,0.5,1.8,1.0647975424592526
1,6483,1.0,0.5,1.8,0.6079004911405642
1,6484,1.0,0.5,1.8,0.19093892111836103
1,6485,1.0,0.5,1.8,0.8668399409719831
1,6486,1.0,0.5,1.8,1.3979206192567664
1,6487,1.0,0.5,1.8,0.5706301266314929
1,6488,1.0,0.5,1.8,0.8106107969102282
1,6489,1.0,0.5,1.8,0.9288352671459714
1,6490,1.0,0.5,1.8,0.600477058960018
1,6491,1.0,0.5,1.8,0.7169677403015107
1,6492,1.0,0.5,1.8,0.30372803343218796
1,6493,1.0,0.5,1.8,0.6963283473215708
1,6494,1.0,0.5,1.8,0.23522126746409758
1,6495,1.0,0.5,1.8,0.8965448469855167
1,6496,1.0,0.5,1.8,1.3830556345390383
1,6497,1.0,0.5,1.8,0.6176823764057328
1,6498,1.0,0.5,1.8,1.2987391423349748
1,6499,1.0,0.5,1.8,1.1238789643949156
1,6500,1.0,0.5,1.8,1.2540215920901105
1,6501,1.0,0.5,1.8,1.2534619977689363
1,6502,1.0,0.5,1.8,1.3216071614294238
1,6503,1.0,0.5,1.8,0.8156333860086789
1,6504,1.0,0.5,1.8,0.6407942645301444
1,6505,1.0,0.5,1.8,1.1308516317146862
1,6506,1.0,0.5,1.8,1.2078416864844963
1,6507,1.0,0.5,1.8,0.6641192256750388
1,6508,1.0,0.5,1.8,1.3521853136744058
1,6509,1.0,0.5,1.8,0.5608608709875554
1,6510,1.0,0.5,1.8,0.40826692286598676
1,6511,1.0,0.5,1.8,1.249605787693087
1,6512,1.0,0.5,1.8,1.3442454614242643
1,6513,1.0,0.5,1.8,0.9287366976316599
1,6514,1.0,0.5,1.8,0.5785641009201506
1,6515,1.0,0.5,1.8,1.5452180928979373
1,6516,1.0,0.5,1.8,1.5872651837531195
1,6517,1.0,0.5,1.8,1.4873698822956924
1,6518,1.0,0.5,1.8,0.3676869940899387
1,6519,1.0,0.5,1.8,1.2450878860653072
1,6520,1.0,0.5,1.8,0.8160289011641159
1,6521,1.0,0.5,1.8,0.7008723020065223
1,6522,1.0,0.5,1.8,0.9541266902566781
1,6523,1.0,0.5,1.8,0.7148301929236465
1,6524,1.0,0.5,1.8,0.32766184377076035
1,6525,1.0,0.5,1.8,1.2559542619175763
1,6526,1.0,0.5,1.8,0.8495943495673521
1,6527,1.0,0.5,1.8,1.2272833811398591
1,6528,1.0,0.5,1.8,0.33374455121006447
1,6529,1.0,0.5,1.8,0.7127276903518498
1,6530,1.0,0.5,1.8,0.8518589422812542
1,6531,1.0,0.5,1.8,0.10302074889894837
1,6532,1.0,0.5,1.8,1.0487260880379046
1,6533,1.0,0.5,1.8,1.273423204020666
1,6534,1.0,0.5,1.8,0.6302134622011654
1,6535,1.0,0.5,1.8,1.60796229477739
1,6536,1.0,0.5,1.8,0.8938161214449319
1,6537,1.0,0.5,1.8,0.5891129722090974
1,6538,1.0,0.5,1.8,1.2209762227515688
1,6539,1.0,0.5,1.8,1.273109681601848
1,6540,1.0,0.5,1.8,0.4810188390558049
1,6541,1.0,0.5,1.8,1.1913012612828124
1,6542,1.0,0.5,1.8,0.40308665518834585
1,6543,1.0,0.5,1.8,0.3182439592427022
1,6544,1.0,0.5,1.8,0.806285557681089
1,6545,1.0,0.5,1.8,0.9168747194969111
1,6546,1.0,0.5,1.8,1.2052564864374122
1,6547,1.0,0.5,1.8,0.7592424475613588
1,6548,1.0,0.5,1.8,0.7322725460791871
1,6549,1.0,0.5,1.8,0.46374066226612765
1,6550,1.0,0.5,1.8,0.564502429893342
1,6551,1.0,0.5,1.8,0.5922934023737398
1,6552,1.0,0.5,1.8,0.836169490961532
1,6553,1.0,0.5,1.8,1.0254098366199556
1,6554,1.0,0.5,1.8,1.3770495267057477
1,6555,1.0,0.5,1.8,0.6572831776112233
1,6556,1.0,0.5,1.8,0.44429401636659116
1,6557,1.0,0.5,1.8,0.9735770408221642
1,6558,1.0,0.5,1.8,1.0920594747813128
1,6559,1.0,0.5,1.8,0.7846159189378528
1,6560,1.0,0.5,1.8,0.334718517506229
1,6561,1.0,0.5,1.8,1.0366785326509829
1,6562,1.0,0.5,1.8,0.40420010520400745
1,6563,1.0,0.5,1.8,0.9266646219426619
1,6564,1.0,0.5,1.8,0.9174147751150458
1,6565,1.0,0.5,1.8,1.275359039711938
1,6566,1.0,0.5,1.8,0.8890895961298264
1,6567,1.0,0.5,1.8,0.39307850762153074
1,6568,1.0,0.5,1.8,1.1261538770571187
1,6569,1.0,0.5,1.8,1.1241660174362622
1,6570,1.0,0.5,1.8,0.6252646782476435
1,6571,1.0,0.5,1.8,0.9811762824500684
1,6572,1.0,0.5,1.8,0.43831738099748774
1,6573,1.0,0.5,1.8,1.252022398009473
1,6574,1.0,0.5,1.8,0.9459986860774234
1,6575,1.0,0.5,1.8,0.5732032118203614
1,6576,1.0,0.5,1.8,1.1529780467654143
1,6577,1.0,0.5,1.8,1.1898274014891035
1,6578,1.0,0.5,1.8,0.6233357585055358
1,6579,1.0,0.5,1.8,0.24222426708817257
1,6580,1.0,0.5,1.8,0.10259580453948113
1,6581,1.0,0.5,1.8,0.055421028695312645
1,6582,1.0,0.5,1.8,1.6458323386589473
1,6583,1.0,0.5,1.8,1.6379345634582716
1,6584,1.0,0.5,1.8,0.5331147070073623
1,6585,1.0,0.5,1.8,1.3212096110331175
1,6586,1.0,0.5,1.8,1.2232262674409864
1,6587,1.0,0.5,1.8,0.7586907773012438
1,6588,1.0,0.5,1.8,1.2050026750374954
1,6589,1.0,0.5,1.8,0.46718263412079086
1,6590,1.0,0.5,1.8,0.4442859036992452
1,6591,1.0,0.5,1.8,1.0908957479141237
1,6592,1.0,0.5,1.8,0.7715640388291516
1,6593,1.0,0.5,1.8,0.9010496146142986
1,6594,1.0,0.5,1.8,0.5802132116295409
1,6595,1.0,0.5,1.8,1.5586737707399185
1,6596,1.0,0.5,1.8,0.32478231021047466
1,6597,1.0,0.5,1.8,1.104450702638515
1,6598,1.0,0.5,1.8,1.2480520043152343
1,6599,1.0,0.5,1.8,1.4191189591310491
1,6600,1.0,0.5,1.8,0.992613264647513
1,6601,1.0,0.5,1.8,0.4715189231253178
1,6602,1.0,0.5,1.8,0.6348739397750742
1,6603,1.0,0.5,1.8,1.076637785448401
1,6604,1.0,0.5,1.8,0.9993761739393018
1,6605,1.0,0.5,1.8,0.6879043298749647
1,6606,1.0,0.5,1.8,0.6924809070105047
1,6607,1.0,0.5,1.8,1.108332378872169
1,6608,1.0,0.5,1.8,1.1357928170198341
1,6609,1.0,0.5,1.8,1.1301107025775143
1,6610,1.0,0.5,1.8,0.4216304681490937
1,6611,1.0,0.5,1.8,1.5238350556700853
1,6612,1.0,0.5,1.8,0.5567735816806443
1,6613,1.0,0.5,1.8,0.6638856594372874
1,6614,1.0,0.5,1.8,0.17555031722710096
1,6615,1.0,0.5,1.8,0.2119578615469352
1,6616,1.0,0.5,1.8,1.3980924485791084
1,6617,1.0,0.5,1.8,0.9478418810005298
1,6618,1.0,0.5,1.8,0.7998725830930292
1,6619,1.0,0.5,1.8,1.5581184498010794
1,6620,1.0,0.5,1.8,0.24825017033874935
1,6621,1.0,0.5,1.8,1.3174437320917909
1,6622,1.0,0.5,1.8,0.15576464770173262
1,6623,1.0,0.5,1.8,1.436486494744062
1,6624,1.0,0.5,1.8,1.1357342643887098
1,6625,1.0,0.5,1.8,0.33371547754961445
1,6626,1.0,0.5,1.8,0.7337096882949455
1,6627,1.0,0.5,1.8,0.5219007481772837
1,6628,1.0,0.5,1.8,0.81494267986197
1,6629,1.0,0.5,1.8,1.1016534403469502
1,6630,1.0,0.5,1.8,0.8205608895449163
1,6631,1.0,0.5,1.8,1.4675040387488727
1,6632,1.0,0.5,1.8,0.9659831270077548
1,6633,1.0,0.5,1.8,0.42525826620269636
1,6634,1.0,0.5,1.8,0.9926801638340732
1,6635,1.0,0.5,1.8,1.1562598457159947
1,6636,1.0,0.5,1.8,1.3632739410589338
1,6637,1.0,0.5,1.8,0.47458283043566724
1,6638,1.0,0.5,1.8,0.9686714856620738
1,6639,1.0,0.5,1.8,0.2648687810246239
1,6640,1.0,0.5,1.8,1.0972762983440518
1,6641,1.0,0.5,1.8,0.6281589054726137
1,6642,1.0,0.5,1.8,1.1359647702253597
1,6643,1.0,0.5,1.8,1.074401506929178
1,6644,1.0,0.5,1.8,1.1456665579023766
1,6645,1.0,0.5,1.8,1.4917838459521588
1,6646,1.0,0.5,1.8,1.289011866829382
1,6647,1.0,0.5,1.8,1.5174381119240579
1,6648,1.0,0.5,1.8,0.9742057100573962
1,6649,1.0,0.5,1.8,0.47717263366686136
1,6650,1.0,0.5,1.8,0.6909216918971759
1,6651,1.0,0.5,1.8,0.8796729357455578
1,6652,1.0,0.5,1.8,1.3013633320369016
1,6653,1.0,0.5,1.8,0.8166605241177854
1,6654,1.0,0.5,1.8,1.131347679711278
1,6655,1.0,0.5,1.8,1.4084254558095934
1,6656,1.0,0.5,1.8,1.4022478715312232
1,6657,1.0,0.5,1.8,0.8399391155200941
1,6658,1.0,0.5,1.8,1.1807908241721694
1,6659,1.0,0.5,1.8,1.5113012938251886
1,6660,1.0,0.5,1.8,0.23954279414623486
1,6661,1.0,0.5,1.8,1.3794106786234885
1,6662,1.0,0.5,1.8,0.4366124284246874
1,6663,1.0,0.5,1.8,0.32378600604282526
1,6664,1.0,0.5,1.8,0.6189293202443007
1,6665,1.0,0.5,1.8,1.0371215196870598
1,6666,1.0,0.5,1.8,1.481786780069145
1,6667,1.0,0.5,1.8,0.5768418108015921
1,6668,1.0,0.5,1.8,1.6069053790501362
1,6669,1.0,0.5,1.8,1.1178260566919418
1,6670,1.0,0.5,1.8,1.3443925675261836
1,6671,1.0,0.5,1.8,0.8782861924490891
1,6672,1.0,0.5,1.8,0.8368563450938005
1,6673,1.0,0.5,1.8,0.7544911035790272
1,6674,1.0,0.5,1.8,1.1417995476313625
1,6675,1.0,0.5,1.8,0.8717235616316058
1,6676,1.0,0.5,1.8,0.7393707815023169
1,6677,1.0,0.5,1.8,1.2641789115257667
1,6678,1.0,0.5,1.8,1.0785688417908401
1,6679,1.0,0.5,1.8,0.2881822456801038
1,6680,1.0,0.5,1.8,0.2088685043571178
1,6681,1.0,0.5,1.8,1.0999295021936466
1,6682,1.0,0.5,1.8,0.41362893122409594
1,6683,1.0,0.5,1.8,1.2120516123266663
1,6684,1.0,0.5,1.8,0.5758503604651249
1,6685,1.0,0.5,1.8,1.5082829443440908
1,6686,1.0,0.5,1.8,1.2247333756302259
1,6687,1.0,0.5,1.8,0.9174728698782894
1,6688,1.0,0.5,1.8,0.7407337289207255
1,6689,1.0,0.5,1.8,1.3841058307431475
1,6690,1.0,0.5,1.8,0.7372800509994247
1,6691,1.0,0.5,1.8,0.30250379732080085
1,6692,1.0,0.5,1.8,1.2945190379419775
1,6693,1.0,0.5,1.8,1.746683687907806
1,6694,1.0,0.5,1.8,1.3270915101707594
1,6695,1.0,0.5,1.8,0.8562680509301731
1,6696,1.0,0.5,1.8,1.026404020275889
1,6697,1.0,0.5,1.8,1.0290006929523072
1,6698,1.0,0.5,1.8,0.5799732310762638
1,6699,1.0,0.5,1.8,1.0998480264842878
1,6700,1.0,0.5,1.8,0.7058633388571789
1,6701,1.0,0.5,1.8,1.0646730092539973
1,6702,1.0,0.5,1.8,1.1247535477706057
1,6703,1.0,0.5,1.8,0.8397877696973743
1,6704,1.0,0.5,1.8,0.4029343699583822
1,6705,1.0,0.5,1.8,1.1290633839928645
1,6706,1.0,0.5,1.8,1.255958311255226
1,6707,1.0,0.5,1.8,0.5652395693905745
1,6708,1.0,0.5,1.8,0.7933191457699037
1,6709,1.0,0.5,1.8,1.280748056563083
1,6710,1.0,0.5,1.8,1.6530100403600552
1,6711,1.0,0.5,1.8,0.5118614136535626
1,6712,1.0,0.5,1.8,1.2081521858687854
1,6713,1.0,0.5,1.8,0.37178431538481094
1,6714,1.0,0.5,1.8,0.6218041228781761
1,6715,1.0,0.5,1.8,1.026633591440951
1,6716,1.0,0.5,1.8,1.4681472531748774
1,6717,1.0,0.5,1.8,0.9140712146378895
1,6718,1.0,0.5,1.8,1.15463834118494
1,6719,1.0,0.5,1.8,1.170630750266174
1,6720,1.0,0.5,1.8,1.1768024389803131
1,6721,1.0,0.5,1.8,0.8234967463316749
1,6722,1.0,0.5,1.8,0.21981764265499473
1,6723,1.0,0.5,1.8,0.475935519771212
1,6724,1.0,0.5,1.8,0.9079918849924783
1,6725,1.0,0.5,1.8,1.6840298040769544
1,6726,1.0,0.5,1.8,0.28926565657763537
1,6727,1.0,0.5,1.8,0.4262102787720482
1,6728,1.0,0.5,1.8,0.14594174723821843
1,6729,1.0,0.5,1.8,0.5621924708200476
1,6730,1.0,0.5,1.8,0.8460745590453779
1,6731,1.0,0.5,1.8,0.2619414967537527
1,6732,1.0,0.5,1.8,0.8931058285751823
1,6733,1.0,0.5,1.8,0.47916932925314143
1,6734,1.0,0.5,1.8,0.8719007769434447
1,6735,1.0,0.5,1.8,0.7819485125390591
1,6736,1.0,0.5,1.8,1.2635189025239015
1,6737,1.0,0.5,1.8,0.6083043849578645
1,6738,1.0,0.5,1.8,1.3188239659446683
1,6739,1.0,0.5,1.8,0.653749749242005
1,6740,1.0,0.5,1.8,0.7967382244634515
1,6741,1.0,0.5,1.8,0.5978904003664705
1,6742,1.0,0.5,1.8,0.9814155885494827
1,6743,1.0,0.5,1.8,1.711514101206565
1,6744,1.0,0.5,1.8,1.0436017998551603
1,6745,1.0,0.5,1.8,1.1572875720226712
1,6746,1.0,0.5,1.8,0.4507648208118599
1,6747,1.0,0.5,1.8,0.35662048786977685
1,6748,1.0,0.5,1.8,0.5772258422450284
1,6749,1.0,0.5,1.8,1.4098341371912544
1,6750,1.0,0.5,1.8,1.3532810106385722
1,6751,1.0,0.5,1.8,1.2958170323762683
1,6752,1.0,0.5,1.8,1.3487673504617763
1,6753,1.0,0.5,1.8,0.8979376710141472
1,6754,1.0,0.5,1.8,0.908749167975831
1,6755,1.0,0.5,1.8,0.5143628843312641
1,6756,1.0,0.5,1.8,0.9161174855195083
1,6757,1.0,0.5,1.8,1.3930868383201713
1,6758,1.0,0.5,1.8,0.31830243394130087
1,6759,1.0,0.5,1.8,0.5506639414658908
1,6760,1.0,0.5,1.8,0.27532573191131726
1,6761,1.0,0.5,1.8,0.6064565057331818
1,6762,1.0,0.5,1.8,0.8540864875985706
1,6763,1.0,0.5,1.8,0.5991787949170425
1,6764,1.0,0.5,1.8,1.1859059390163555
1,6765,1.0,0.5,1.8,0.4594640651843999
1,6766,1.0,0.5,1.8,0.391606380847125
1,6767,1.0,0.5,1.8,0.46029982265795977
1,6768,1.0,0.5,1.8,0.7476180278869211
1,6769,1.0,0.5,1.8,0.9532496578434806
1,6770,1.0,0.5,1.8,0.27457177507030045
1,6771,1.0,0.5,1.8,0.3863153317665064
1,6772,1.0,0.5,1.8,1.3816922188166938
1,6773,1.0,0.5,1.8,1.1383735479003871
1,6774,1.0,0.5,1.8,0.8066719510901846
1,6775,1.0,0.5,1.8,0.8748677168189279
1,6776,1.0,0.5,1.8,0.6078708819838325
1,6777,1.0,0.5,1.8,0.27723169277811577
1,6778,1.0,0.5,1.8,1.2221037909233854
1,6779,1.0,0.5,1.8,0.9197042133095407
1,6780,1.0,0.5,1.8,0.12773140357663465
1,6781,1.0,0.5,1.8,1.5352122090674938
1,6782,1.0,0.5,1.8,0.9673473198429867
1,6783,1.0,0.5,1.8,0.9985422831943764
1,6784,1.0,0.5,1.8,1.0950176007370604
1,6785,1.0,0.5,1.8,1.4003350147191587
1,6786,1.0,0.5,1.8,0.7071499619235303
1,6787,1.0,0.5,1.8,1.0261041716734118
1,6788,1.0,0.5,1.8,0.647014206283501
1,6789,1.0,0.5,1.8,1.060166315551921
1,6790,1.0,0.5,1.8,1.3242507349866737
1,6791,1.0,0.5,1.8,0.7420039604942326
1,6792,1.0,0.5,1.8,0.9834822044730986
1,6793,1.0,0.5,1.8,1.2263204104478151
1,6794,1.0,0.5,1.8,1.2496155231746229
1,6795,1.0,0.5,1.8,0.994494520063254
1,6796,1.0,0.5,1.8,1.28241899115887
1,6797,1.0,0.5,1.8,0.7985859747496086
1,6798,1.0,0.5,1.8,1.2922307892193312
1,6799,1.0,0.5,1.8,0.2847709845660339
1,6800,1.0,0.5,1.8,1.1567769114968725
1,6801,1.0,0.5,1.8,0.6783343021983507
1,6802,1.0,0.5,1.8,0.8743387366938217
1,6803,1.0,0.5,1.8,0.8073907351700278
1,6804,1.0,0.5,1.8,0.9743137757145385
1,6805,1.0,0.5,1.8,0.19288348122281138
1,6806,1.0,0.5,1.8,0.9610988910953095
1,6807,1.0,0.5,1.8,0.6499740319720154
1,6808,1.0,0.5,1.8,0.2814535530179407
1,6809,1.0,0.5,1.8,1.3660544658414968
1,6810,1.0,0.5,1.8,1.2068466529069242
1,6811,1.0,0.5,1.8,1.321383083646062
1,6812,1.0,0.5,1.8,0.17464160515845184
1,6813,1.0,0.5,1.8,1.7262955055906748
1,6814,1.0,0.5,1.8,0.15860246421725227
1,6815,1.0,0.5,1.8,0.8447342611544963
1,6816,1.0,0.5,1.8,1.6211504320922616
1,6817,1.0,0.5,1.8,0.8535295391297839
1,6818,1.0,0.5,1.8,0.14425256683124485
1,6819,1.0,0.5,1.8,1.2963595775676129
1,6820,1.0,0.5,1.8,1.3225511315798166
1,6821,1.0,0.5,1.8,0.48349015405411994
1,6822,1.0,0.5,1.8,1.3052450276306073
1,6823,1.0,0.5,1.8,1.139688005937342
1,6824,1.0,0.5,1.8,1.5138401716254406
1,6825,1.0,0.5,1.8,1.2824274697340388
1,6826,1.0,0.5,1.8,1.1108005223820936
1,6827,1.0,0.5,1.8,1.1968396117067943
1,6828,1.0,0.5,1.8,0.7113091358411382
1,6829,1.0,0.5,1.8,0.22633184629249625
1,6830,1.0,0.5,1.8,1.3733490651091866
1,6831,1.0,0.5,1.8,1.0062821425693815
1,6832,1.0,0.5,1.8,0.6651079994328988
1,6833,1.0,0.5,1.8,1.2075286491300055
1,6834,1.0,0.5,1.8,1.4719722500139345
1,6835,1.0,0.5,1.8,1.489908076742408
1,6836,1.0,0.5,1.8,0.46681636521707287
1,6837,1.0,0.5,1.8,1.054156608581625
1,6838,1.0,0.5,1.8,0.7887869287346273
1,6839,1.0,0.5,1.8,0.6375588964765958
1,6840,1.0,0.5,1.8,0.9321120600192283
1,6841,1.0,0.5,1.8,0.20257855257519036
1,6842,1.0,0.5,1.8,0.8487365274647888
1,6843,1.0,0.5,1.8,1.239552098822224
1,6844,1.0,0.5,1.8,1.4287879287918082
1,6845,1.0,0.5,1.8,0.2725083853282555
1,6846,1.0,0.5,1.8,0.4530283028520041
1,6847,1.0,0.5,1.8,1.2352256213874138
1,6848,1.0,0.5,1.8,1.0673718918153534
1,6849,1.0,0.5,1.8,1.1121012216725754
1,6850,1.0,0.5,1.8,0.9828858783818969
1,6851,1.0,0.5,1.8,1.6811080429959522
1,6852,1.0,0.5,1.8,0.19876104060520547
1,6853,1.0,0.5,1.8,0.8001198260130842
1,6854,1.0,0.5,1.8,0.9189447655072756
1,6855,1.0,0.5,1.8,1.1433905806853548
1,6856,1.0,0.5,1.8,0.7516091016954444
1,6857,1.0,0.5,1.8,0.9822027644529507
1,6858,1.0,0.5,1.8,1.0865517644768596
1,6859,1.0,0.5,1.8,1.2936451350407556
1,6860,1.0,0.5,1.8,1.5034399579220714
1,6861,1.0,0.5,1.8,0.16539986979837956
1,6862,1.0,0.5,1.8,1.3437677258668084
1,6863,1.0,0.5,1.8,0.47288276983704425
1,6864,1.0,0.5,1.8,1.4490833434084305
1,6865,1.0,0.5,1.8,1.5010529534011212
1,6866,1.0,0.5,1.8,1.1136014836952848
1,6867,1.0,0.5,1.8,1.0853941230230555
1,6868,1.0,0.5,1.8,0.2011175985298145
1,6869,1.0,0.5,1.8,0.71408837459241
1,6870,1.0,0.5,1.8,0.8700837063984245
1,6871,1.0,0.5,1.8,0.8045216754685713
1,6872,1.0,0.5,1.8,0.3175153748115631
1,6873,1.0,0.5,1.8,1.1787526651160067
1,6874,1.0,0.5,1.8,0.7298407284531143
1,6875,1.0,0.5,1.8,0.48412086568930346
1,6876,1.0,0.5,1.8,1.6304934455252371
1,6877,1.0,0.5,1.8,0.5851655597304892
1,6878,1.0,0.5,1.8,0.20426175619771764
1,6879,1.0,0.5,1.8,0.7510214258615258
1,6880,1.0,0.5,1.8,1.5575141594259978
1,6881,1.0,0.5,1.8,0.8184030494050117
1,6882,1.0,0.5,1.8,0.8586293510808707
1,6883,1.0,0.5,1.8,0.336802355769035
1,6884,1.0,0.5,1.8,0.636062522200842
1,6885,1.0,0.5,1.8,1.368569099151701
1,6886,1.0,0.5,1.8,1.4557452957597252
1,6887,1.0,0.5,1.8,1.1237376589235204
1,6888,1.0,0.5,1.8,0.973269381319631
1,6889,1.0,0.5,1.8,1.0566424905245393
1,6890,1.0,0.5,1.8,0.419717770793258
1,6891,1.0,0.5,1.8,1.3763918111288995
1,6892,1.0,0.5,1.8,0.36914297483297753
1,6893,1.0,0.5,1.8,0.9823085335191981
1,6894,1.0,0.5,1.8,1.3741980465651016
1,6895,1.0,0.5,1.8,1.3403454840872997
1,6896,1.0,0.5,1.8,0.8002668666530708
1,6897,1.0,0.5,1.8,1.193711837733184
1,6898,1.0,0.5,1.8,0.6352853933782197
1,6899,1.0,0.5,1.8,0.5257517890609794
1,6900,1.0,0.5,1.8,1.01803546951443
1,6901,1.0,0.5,1.8,0.44863011645423534
1,6902,1.0,0.5,1.8,1.3868112931350824
1,6903,1.0,0.5,1.8,1.1598233838052137
1,6904,1.0,0.5,1.8,1.2121949649009045
1,6905,1.0,0.5,1.8,0.08652182358099006
1,6906,1.0,0.5,1.8,1.1580334112548483
1,6907,1.0,0.5,1.8,0.5669473917760731
1,6908,1.0,0.5,1.8,0.33558122628244685
1,6909,1.0,0.5,1.8,1.252729720666433
1,6910,1.0,0.5,1.8,0.7266382490434172
1,6911,1.0,0.5,1.8,1.4740249704935693
1,6912,1.0,0.5,1.8,0.6466715357646391
1,6913,1.0,0.5,1.8,0.5411444332040627
1,6914,1.0,0.5,1.8,0.6118947325396137
1,6915,1.0,0.5,1.8,0.7562116643937903
1,6916,1.0,0.5,1.8,1.378466464116107
1,6917,1.0,0.5,1.8,0.4768060980690126
1,6918,1.0,0.5,1.8,0.8092761743795256
1,6919,1.0,0.5,1.8,1.0267212352736994
1,6920,1.0,0.5,1.8,0.17407981870629613
1,6921,1.0,0.5,1.8,1.1007501388725007
1,6922,1.0,0.5,1.8,1.0088808537994054
1,6923,1.0,0.5,1.8,0.6073927948641308
1,6924,1.0,0.5,1.8,1.014626200472729
1,6925,1.0,0.5,1.8,0.26842695847029313
1,6926,1.0,0.5,1.8,0.9262397469480502
1,6927,1.0,0.5,1.8,0.9938205531732549
1,6928,1.0,0.5,1.8,0.8417308131386031
1,6929,1.0,0.5,1.8,0.7079753584010162
1,6930,1.0,0.5,1.8,0.4597883714116428
1,6931,1.0,0.5,1.8,1.3839448370532887
1,6932,1.0,0.5,1.8,1.2431416068221823
1,6933,1.0,0.5,1.8,0.7730708352517003
1,6934,1.0,0.5,1.8,0.43359252727773323
1,6935,1.0,0.5,1.8,0.7837508496442661
1,6936,1.0,0.5,1.8,0.39028610279222076
1,6937,1.0,0.5,1.8,0.7814741799622366
1,6938,1.0,0.5,1.8,1.4127379560050402
1,6939,1.0,0.5,1.8,0.6387985821994435
1,6940,1.0,0.5,1.8,0.20991994893396598
1,6941,1.0,0.5,1.8,1.0272563561931323
1,6942,1.0,0.5,1.8,0.32259454169966956
1,6943,1.0,0.5,1.8,0.23877432189212977
1,6944,1.0,0.5,1.8,0.6050984592905366
1,6945,1.0,0.5,1.8,1.0872467377883788
1,6946,1.0,0.5,1.8,0.7660792972498308
1,6947,1.0,0.5,1.8,1.2767132107612735
1,6948,1.0,0.5,1.8,1.4076026973048126
1,6949,1.0,0.5,1.8,1.2258540626806524
1,6950,1.0,0.5,1.8,1.2907991269466452
1,6951,1.0,0.5,1.8,0.5107907466592382
1,6952,1.0,0.5,1.8,1.6337573969791952
1,6953,1.0,0.5,1.8,1.4020682137159064
1,6954,1.0,0.5,1.8,0.8203370925327231
1,6955,1.0,0.5,1.8,1.002557032369307
1,6956,1.0,0.5,1.8,1.0687906589815006
1,6957,1.0,0.5,1.8,0.4189117216386987
1,6958,1.0,0.5,1.8,0.8064779456073001
1,6959,1.0,0.5,1.8,0.8632933841639695
1,6960,1.0,0.5,1.8,0.8159197836749152
1,6961,1.0,0.5,1.8,0.501787147601231
1,6962,1.0,0.5,1.8,0.11408098308954041
1,6963,1.0,0.5,1.8,1.4797867683182497
1,6964,1.0,0.5,1.8,1.3291887410326098
1,6965,1.0,0.5,1.8,0.6288764377871662
1,6966,1.0,0.5,1.8,1.049829911064066
1,6967,1.0,0.5,1.8,1.5318833836716332
1,6968,1.0,0.5,1.8,0.6798261588525208
1,6969,1.0,0.5,1.8,0.3377221028324178
1,6970,1.0,0.5,1.8,0.597475359390957
1,6971,1.0,0.5,1.8,0.6720856208423482
1,6972,1.0,0.5,1.8,0.577889518658258
1,6973,1.0,0.5,1.8,0.9197012009260344
1,6974,1.0,0.5,1.8,0.9065889796358426
1,6975,1.0,0.5,1.8,0.34711750966390686
1,6976,1.0,0.5,1.8,1.1097390584821691
1,6977,1.0,0.5,1.8,1.36947023389018
1,6978,1.0,0.5,1.8,0.8831850416153567
1,6979,1.0,0.5,1.8,0.5276811157868692
1,6980,1.0,0.5,1.8,1.3698841076450812
1,6981,1.0,0.5,1.8,1.1758854587189917
1,6982,1.0,0.5,1.8,1.4589662129464924
1,6983,1.0,0.5,1.8,0.7368431012244422
1,6984,1.0,0.5,1.8,0.7309163019924748
1,6985,1.0,0.5,1.8,1.1215799133722046
1,6986,1.0,0.5,1.8,1.521567744622684
1,6987,1.0,0.5,1.8,1.3837067175647007
1,6988,1.0,0.5,1.8,1.012939280090848
1,6989,1.0,0.5,1.8,1.6307447261868506
1,6990,1.0,0.5,1.8,0.7805540725153313
1,6991,1.0,0.5,1.8,0.4681273711396146
1,6992,1.0,0.5,1.8,0.7201079603051279
1,6993,1.0,0.5,1.8,1.1720835440828772
1,6994,1.0,0.5,1.8,0.8232693990956294
1,6995,1.0,0.5,1.8,0.7115274056529787
1,6996,1.0,0.5,1.8,0.18631230096266568
1,6997,1.0,0.5,1.8,1.3104938620349278
1,6998,1.0,0.5,1.8,0.8900730917005454
1,6999,1.0,0.5,1.8,0.3381133164153291
1,7000,1.0,0.5,1.8,1.1488673100630309
1,7001,1.0,0.5,1.8,0.6513863927514816
1,7002,1.0,0.5,1.8,0.40772243893916876
1,7003,1.0,0.5,1.8,1.4818428503279175
1,7004,1.0,0.5,1.8,0.49258842817493764
1,7005,1.0,0.5,1.8,0.5358766962848688
1,7006,1.0,0.5,1.8,0.2793588621113894
1,7007,1.0,0.5,1.8,0.9311100558581961
1,7008,1.0,0.5,1.8,0.6447764304684422
1,7009,1.0,0.5,1.8,0.5850175718628188
1,7010,1.0,0.5,1.8,1.002237928816971
1,7011,1.0,0.5,1.8,0.8094695752005494
1,7012,1.0,0.5,1.8,0.9273884034880875
1,7013,1.0,0.5,1.8,0.7343611033227794
1,7014,1.0,0.5,1.8,1.6035485881727027
1,7015,1.0,0.5,1.8,1.462133182308853
1,7016,1.0,0.5,1.8,0.6821445664066903
1,7017,1.0,0.5,1.8,0.40337336177047095
1,7018,1.0,0.5,1.8,0.5555686381294256
1,7019,1.0,0.5,1.8,1.1192323032050002
1,7020,1.0,0.5,1.8,1.2026155598273967
1,7021,1.0,0.5,1.8,0.7293123440146796
1,7022,1.0,0.5,1.8,0.5329591491315042
1,7023,1.0,0.5,1.8,1.2499400594456302
1,7024,1.0,0.5,1.8,1.0947309403684617
1,7025,1.0,0.5,1.8,0.37492506728103653
1,7026,1.0,0.5,1.8,0.7412792210408577
1,7027,1.0,0.5,1.8,0.8332340308230979
1,7028,1.0,0.5,1.8,0.14428467617027227
1,7029,1.0,0.5,1.8,0.5694597306613601
1,7030,1.0,0.5,1.8,0.6174068854234902
1,7031,1.0,0.5,1.8,1.358201819665072
1,7032,1.0,0.5,1.8,1.2035447322228712
1,7033,1.0,0.5,1.8,1.3932848022555848
1,7034,1.0,0.5,1.8,0.5297703156115531
1,7035,1.0,0.5,1.8,0.6833962818760055
1,7036,1.0,0.5,1.8,0.760986199612237
1,7037,1.0,0.5,1.8,0.8530024384737002
1,7038,1.0,0.5,1.8,1.5737734768540022
1,7039,1.0,0.5,1.8,0.4344063672142001
1,7040,1.0,0.5,1.8,0.6022472856996229
1,7041,1.0,0.5,1.8,0.8798038973011025
1,7042,1.0,0.5,1.8,0.4732923844354723
1,7043,1.0,0.5,1.8,0.5099756404491222
1,7044,1.0,0.5,1.8,0.9515485058108858
1,7045,1.0,0.5,1.8,0.8206002440918321
1,7046,1.0,0.5,1.8,0.18293710762506862
1,7047,1.0,0.5,1.8,1.278550507988481
1,7048,1.0,0.5,1.8,0.6177635683781009
1,7049,1.0,0.5,1.8,0.41404129436660586
1,7050,1.0,0.5,1.8,0.48672146751503953
1,7051,1.0,0.5,1.8,1.36799469535244
1,7052,1.0,0.5,1.8,0.7466253196622061
1,7053,1.0,0.5,1.8,0.7574319688330534
1,7054,1.0,0.5,1.8,0.46324248379243127
1,7055,1.0,0.5,1.8,0.9170775726111955
1,7056,1.0,0.5,1.8,0.6331644111915175
1,7057,1.0,0.5,1.8,1.0414968343629196
1,7058,1.0,0.5,1.8,1.346805587196002
1,7059,1.0,0.5,1.8,0.4360316195025696
1,7060,1.0,0.5,1.8,0.3372020309692714
1,7061,1.0,0.5,1.8,1.4855125611035773
1,7062,1.0,0.5,1.8,1.1297401482138976
1,7063,1.0,0.5,1.8,0.7545967063520764
1,7064,1.0,0.5,1.8,1.5072756117966533
1,7065,1.0,0.5,1.8,1.2620961295000797
1,7066,1.0,0.5,1.8,1.1543369693439984
1,7067,1.0,0.5,1.8,0.7944498117691018
1,7068,1.0,0.5,1.8,0.6101206765079076
1,7069,1.0,0.5,1.8,1.2628447553120952
1,7070,1.0,0.5,1.8,1.5939496210731756
1,7071,1.0,0.5,1.8,0.2772213875100504
1,7072,1.0,0.5,1.8,0.7798472358667767
1,7073,1.0,0.5,1.8,0.2551145267592339
1,7074,1.0,0.5,1.8,0.6517623937253723
1,7075,1.0,0.5,1.8,1.2159916101362145
1,7076,1.0,0.5,1.8,0.3617157609402824
1,7077,1.0,0.5,1.8,0.8426920795084478
1,7078,1.0,0.5,1.8,1.0744679531956574
1,7079,1.0,0.5,1.8,1.0278488829262296
1,7080,1.0,0.5,1.8,1.6662755493933563
1,7081,1.0,0.5,1.8,0.5990690501901594
1,7082,1.0,0.5,1.8,1.2465171743503958
1,7083,1.0,0.5,1.8,0.6626028650282343
1,7084,1.0,0.5,1.8,0.5437836235994535
1,7085,1.0,0.5,1.8,0.23056208661911964
1,7086,1.0,0.5,1.8,0.600586558056611
1,7087,1.0,0.5,1.8,1.297305450556455
1,7088,1.0,0.5,1.8,0.552131770458346
1,7089,1.0,0.5,1.8,1.0769914482267697
1,7090,1.0,0.5,1.8,0.7644343216686963
1,7091,1.0,0.5,1.8,0.22598445549639995
1,7092,1.0,0.5,1.8,0.6237591834404096
1,7093,1.0,0.5,1.8,1.0806645082712782
1,7094,1.0,0.5,1.8,0.8286778343487575
1,7095,1.0,0.5,1.8,0.24726937701475282
1,7096,1.0,0.5,1.8,0.5058991647256196
1,7097,1.0,0.5,1.8,1.0664176109767807
1,7098,1.0,0.5,1.8,0.17175214568421468
1,7099,1.0,0.5,1.8,0.6035150551557814
1,7100,1.0,0.5,1.8,1.132349183978033
1,7101,1.0,0.5,1.8,0.5623249237988517
1,7102,1.0,0.5,1.8,0.37938656454364544
1,7103,1.0,0.5,1.8,1.2685142296823084
1,7104,1.0,0.5,1.8,0.24625697462195437
1,7105,1.0,0.5,1.8,0.5764302895757265
1,7106,1.0,0.5,1.8,1.2888637274289152
1,7107,1.0,0.5,1.8,1.2108410428966132
1,7108,1.0,0.5,1.8,0.4877019289875129
1,7109,1.0,0.5,1.8,1.2775833127904437
1,7110,1.0,0.5,1.8,0.5627832426669199
1,7111,1.0,0.5,1.8,0.7207642152601192
1,7112,1.0,0.5,1.8,1.6269127196382016
1,7113,1.0,0.5,1.8,1.0247760117887017
1,7114,1.0,0.5,1.8,1.2755028111895692
1,7115,1.0,0.5,1.8,1.0714220763789388
1,7116,1.0,0.5,1.8,1.1248575026729748
1,7117,1.0,0.5,1.8,0.810506040544583
1,7118,1.0,0.5,1.8,1.1307741078094207
1,7119,1.0,0.5,1.8,0.75195491423581
1,7120,1.0,0.5,1.8,0.39076392895447754
1,7121,1.0,0.5,1.8,1.5589343855401103
1,7122,1.0,0.5,1.8,1.4775958751763565
1,7123,1.0,0.5,1.8,1.0816243394283067
1,7124,1.0,0.5,1.8,1.6214120982777136
1,7125,1.0,0.5,1.8,0.1722938606338759
1,7126,1.0,0.5,1.8,0.3479254472627434
1,7127,1.0,0.5,1.8,0.8196243042126541
1,7128,1.0,0.5,1.8,1.3438606551577976
1,7129,1.0,0.5,1.8,0.26531454464724047
1,7130,1.0,0.5,1.8,1.1364424590788664
1,7131,1.0,0.5,1.8,0.697369262703958
1,7132,1.0,0.5,1.8,1.3609119486556065
1,7133,1.0,0.5,1.8,1.3309910871919313
1,7134,1.0,0.5,1.8,1.651431990358755
1,7135,1.0,0.5,1.8,0.6442294354153678
1,7136,1.0,0.5,1.8,0.49279347953377745
1,7137,1.0,0.5,1.8,0.5036646898117109
1,7138,1.0,0.5,1.8,0.3642708578847865
1,7139,1.0,0.5,1.8,1.0908506761554124
1,7140,1.0,0.5,1.8,0.8471863694994243
1,7141,1.0,0.5,1.8,0.46751964647520217
1,7142,1.0,0.5,1.8,0.8456672888208236
1,7143,1.0,0.5,1.8,0.3010376898246013
1,7144,1.0,0.5,1.8,0.7227453492984874
1,7145,1.0,0.5,1.8,1.347427773301748
1,7146,1.0,0.5,1.8,1.4616086213671047
1,7147,1.0,0.5,1.8,1.1733057191496
1,7148,1.0,0.5,1.8,0.1855463509673237
1,7149,1.0,0.5,1.8,1.1477223647793466
1,7150,1.0,0.5,1.8,1.2287238980444755
1,7151,1.0,0.5,1.8,0.6514275548150698
1,7152,1.0,0.5,1.8,1.055295859692368
1,7153,1.0,0.5,1.8,0.9143358860268876
1,7154,1.0,0.5,1.8,0.7884380479222086
1,7155,1.0,0.5,1.8,1.6470692258508435
1,7156,1.0,0.5,1.8,1.164137663256173
1,7157,1.0,0.5,1.8,0.2574302193786907
1,7158,1.0,0.5,1.8,0.5007361485598232
1,7159,1.0,0.5,1.8,0.5425546237760536
1,7160,1.0,0.5,1.8,1.182714126942714
1,7161,1.0,0.5,1.8,1.3542831066452583
1,7162,1.0,0.5,1.8,1.2458972928491192
1,7163,1.0,0.5,1.8,1.0637523994174034
1,7164,1.0,0.5,1.8,0.845782543236029
1,7165,1.0,0.5,1.8,0.9903170442737365
1,7166,1.0,0.5,1.8,0.2501474302407857
1,7167,1.0,0.5,1.8,0.33723240838091245
1,7168,1.0,0.5,1.8,0.9050123060887538
1,7169,1.0,0.5,1.8,1.2716113097728978
1,7170,1.0,0.5,1.8,1.396906250937787
1,7171,1.0,0.5,1.8,0.5897029645631269
1,7172,1.0,0.5,1.8,1.118091801448585
1,7173,1.0,0.5,1.8,0.8326955246057163
1,7174,1.0,0.5,1.8,0.62209800344355
1,7175,1.0,0.5,1.8,1.2143879452821527
1,7176,1.0,0.5,1.8,1.050977324330038
1,7177,1.0,0.5,1.8,1.1061438716542429
1,7178,1.0,0.5,1.8,0.27314806191522656
1,7179,1.0,0.5,1.8,1.0924161003471362
1,7180,1.0,0.5,1.8,0.4733483013174093
1,7181,1.0,0.5,1.8,0.9330526177334987
1,7182,1.0,0.5,1.8,1.0362935529508357
1,7183,1.0,0.5,1.8,0.5573797690189688
1,7184,1.0,0.5,1.8,0.3827674780088997
1,7185,1.0,0.5,1.8,0.9706872817927474
1,7186,1.0,0.5,1.8,0.24493283094531784
1,7187,1.0,0.5,1.8,1.1187846594536315
1,7188,1.0,0.5,1.8,0.9825997799664989
1,7189,1.0,0.5,1.8,1.0317065840222108
1,7190,1.0,0.5,1.8,0.899203595058026
1,7191,1.0,0.5,1.8,1.4965311706475573
1,7192,1.0,0.5,1.8,0.3131588537236872
1,7193,1.0,0.5,1.8,0.8991090698253467
1,7194,1.0,0.5,1.8,0.3276001963004151
1,7195,1.0,0.5,1.8,1.0583418239748132
1,7196,1.0,0.5,1.8,0.8176436435903693
1,7197,1.0,0.5,1.8,1.4568391877642006
1,7198,1.0,0.5,1.8,0.9573533395147448
1,7199,1.0,0.5,1.8,1.0081229038898576
1,7200,1.0,0.5,1.8,1.1160683199638681
1,7201,1.0,0.5,1.8,0.8910646194112238
1,7202,1.0,0.5,1.8,0.9720384271324481
1,7203,1.0,0.5,1.8,1.0378080457568977
1,7204,1.0,0.5,1.8,0.5332490480794876
1,7205,1.0,0.5,1.8,1.5740760447672364
1,7206,1.0,0.5,1.8,0.357235150864482
1,7207,1.0,0.5,1.8,1.1523266845648212
1,7208,1.0,0.5,1.8,0.6712030852859481
1,7209,1.0,0.5,1.8,0.6578983025254715
1,7210,1.0,0.5,1.8,1.4201037365604248
1,7211,1.0,0.5,1.8,0.82344915315607
1,7212,1.0,0.5,1.8,1.4838621264282037
1,7213,1.0,0.5,1.8,0.2054878584152117
1,7214,1.0,0.5,1.8,0.8475178086217827
1,7215,1.0,0.5,1.8,1.280230202544717
1,7216,1.0,0.5,1.8,0.44888767116263
1,7217,1.0,0.5,1.8,0.9205852329929495
1,7218,1.0,0.5,1.8,0.664240505767121
1,7219,1.0,0.5,1.8,0.9922033024988914
1,7220,1.0,0.5,1.8,0.5314343883049906
1,7221,1.0,0.5,1.8,1.2998747159270898
1,7222,1.0,0.5,1.8,0.04512589456428413
1,7223,1.0,0.5,1.8,0.5480515130333774
1,7224,1.0,0.5,1.8,1.171822770717041
1,7225,1.0,0.5,1.8,0.9542040292862063
1,7226,1.0,0.5,1.8,1.6854904055120334
1,7227,1.0,0.5,1.8,1.4432986091655537
1,7228,1.0,0.5,1.8,0.9936150632156283
1,7229,1.0,0.5,1.8,1.0851114137236615
1,7230,1.0,0.5,1.8,1.2800559696773208
1,7231,1.0,0.5,1.8,1.6279762103538522
1,7232,1.0,0.5,1.8,0.3758102237930079
1,7233,1.0,0.5,1.8,1.0894515685302688
1,7234,1.0,0.5,1.8,0.5895202801603509
1,7235,1.0,0.5,1.8,0.13927181360960658
1,7236,1.0,0.5,1.8,0.5392933343813388
1,7237,1.0,0.5,1.8,0.671925280278991
1,7238,1.0,0.5,1.8,1.4813406525025672
1,7239,1.0,0.5,1.8,0.3527929077305626
1,7240,1.0,0.5,1.8,1.175995795601802
1,7241,1.0,0.5,1.8,1.239420865790303
1,7242,1.0,0.5,1.8,1.3670686136111208
1,7243,1.0,0.5,1.8,0.7419531689032375
1,7244,1.0,0.5,1.8,0.7479882305525453
1,7245,1.0,0.5,1.8,0.8485243143284166
1,7246,1.0,0.5,1.8,0.5291577327950381
1,7247,1.0,0.5,1.8,0.7209390006074377
1,7248,1.0,0.5,1.8,0.08782344170857671
1,7249,1.0,0.5,1.8,0.8979599813101704
1,7250,1.0,0.5,1.8,0.8099051739957092
1,7251,1.0,0.5,1.8,0.5644520567022729
1,7252,1.0,0.5,1.8,1.5262556042945576
1,7253,1.0,0.5,1.8,1.3298798974717407
1,7254,1.0,0.5,1.8,0.6956762520320623
1,7255,1.0,0.5,1.8,0.38235155554699846
1,7256,1.0,0.5,1.8,1.1362768626771722
1,7257,1.0,0.5,1.8,1.1593101837072506
1,7258,1.0,0.5,1.8,0.5942745455522814
1,7259,1.0,0.5,1.8,0.982976008398834
1,7260,1.0,0.5,1.8,1.3787514607727989
1,7261,1.0,0.5,1.8,0.6281782936154666
1,7262,1.0,0.5,1.8,0.4266382084562829
1,7263,1.0,0.5,1.8,0.5306857059405518
1,7264,1.0,0.5,1.8,0.23880656630405978
1,7265,1.0,0.5,1.8,0.5588710974360588
1,7266,1.0,0.5,1.8,1.3208493328925226
1,7267,1.0,0.5,1.8,1.0581416147397849
1,7268,1.0,0.5,1.8,0.7259837080061424
1,7269,1.0,0.5,1.8,1.3937717164990164
1,7270,1.0,0.5,1.8,0.44019132445910897
1,7271,1.0,0.5,1.8,0.30654629224652835
1,7272,1.0,0.5,1.8,0.5352132110125136
1,7273,1.0,0.5,1.8,1.166172605979281
1,7274,1.0,0.5,1.8,1.3792851242619222
1,7275,1.0,0.5,1.8,1.2051159108619005
1,7276,1.0,0.5,1.8,0.6490348268559926
1,7277,1.0,0.5,1.8,1.606097954951206
1,7278,1.0,0.5,1.8,1.3548273430284528
1,7279,1.0,0.5,1.8,1.6977899440782986
1,7280,1.0,0.5,1.8,0.8753920979199854
1,7281,1.0,0.5,1.8,1.4976284321590114
1,7282,1.0,0.5,1.8,0.2584585496417782
1,7283,1.0,0.5,1.8,0.2345752924959497
1,7284,1.0,0.5,1.8,1.3263540306723933
1,7285,1.0,0.5,1.8,0.7565289554281948
1,7286,1.0,0.5,1.8,0.583657924691379
1,7287,1.0,0.5,1.8,0.42963769481023445
1,7288,1.0,0.5,1.8,0.5533960545389159
1,7289,1.0,0.5,1.8,1.0069319069230407
1,7290,1.0,0.5,1.8,0.18760498422815713
1,7291,1.0,0.5,1.8,0.4102929749411848
1,7292,1.0,0.5,1.8,0.33408489747859466
1,7293,1.0,0.5,1.8,0.2886115367109473
1,7294,1.0,0.5,1.8,0.3462266295102192
1,7295,1.0,0.5,1.8,0.2661466474248005
1,7296,1.0,0.5,1.8,0.9306222758904743
1,7297,1.0,0.5,1.8,0.8749347837148433
1,7298,1.0,0.5,1.8,0.5155876752649112
1,7299,1.0,0.5,1.8,0.42342420711136924
1,7300,1.0,0.5,1.8,1.36807305837012
1,7301,1.0,0.5,1.8,1.1674599649089203
1,7302,1.0,0.5,1.8,0.9058990546996377
1,7303,1.0,0.5,1.8,1.2843188053461998
1,7304,1.0,0.5,1.8,1.277457810100835
1,7305,1.0,0.5,1.8,0.9888051644483666
1,7306,1.0,0.5,1.8,1.006026662689513
1,7307,1.0,0.5,1.8,0.4867022040540986
1,7308,1.0,0.5,1.8,1.1109419545260821
1,7309,1.0,0.5,1.8,1.0212921365388872
1,7310,1.0,0.5,1.8,1.1119397749685906
1,7311,1.0,0.5,1.8,0.9044153857014138
1,7312,1.0,0.5,1.8,0.6622020194886125
1,7313,1.0,0.5,1.8,1.2264495632935
1,7314,1.0,0.5,1.8,0.6038097814417145
1,7315,1.0,0.5,1.8,1.1446178869516754
1,7316,1.0,0.5,1.8,0.9806454192145099
1,7317,1.0,0.5,1.8,0.8536624068671864
1,7318,1.0,0.5,1.8,1.0677199805497064
1,7319,1.0,0.5,1.8,0.41183733512015186
1,7320,1.0,0.5,1.8,0.46657723370938714
1,7321,1.0,0.5,1.8,0.644398135601473
1,7322,1.0,0.5,1.8,0.2559749741271592
1,7323,1.0,0.5,1.8,1.2399081808418762
1,7324,1.0,0.5,1.8,1.0882247590689873
1,7325,1.0,0.5,1.8,0.5833258380714964
1,7326,1.0,0.5,1.8,1.0256808319880086
1,7327,1.0,0.5,1.8,0.4987950250745586
1,7328,1.0,0.5,1.8,1.071515310942664
1,7329,1.0,0.5,1.8,0.9690599770887781
1,7330,1.0,0.5,1.8,0.7128844338189979
1,7331,1.0,0.5,1.8,1.2152974235380098
1,7332,1.0,0.5,1.8,0.715487070850696
1,7333,1.0,0.5,1.8,1.398726585477805
1,7334,1.0,0.5,1.8,0.5524614037174866
1,7335,1.0,0.5,1.8,1.5806610295825811
1,7336,1.0,0.5,1.8,0.5357629572419234
1,7337,1.0,0.5,1.8,1.5377665865424552
1,7338,1.0,0.5,1.8,1.0675143774498694
1,7339,1.0,0.5,1.8,1.2904171719293744
1,7340,1.0,0.5,1.8,0.8460957644482878
1,7341,1.0,0.5,1.8,0.2905085776742599
1,7342,1.0,0.5,1.8,0.8265548699511833
1,7343,1.0,0.5,1.8,1.5341625887442605
1,7344,1.0,0.5,1.8,0.330698856069751
1,7345,1.0,0.5,1.8,0.3324252643014416
1,7346,1.0,0.5,1.8,0.4807047810610286
1,7347,1.0,0.5,1.8,1.309392683135636
1,7348,1.0,0.5,1.8,1.0344015014561834
1,7349,1.0,0.5,1.8,0.6620329327844716
1,7350,1.0,0.5,1.8,0.5731494207986433
1,7351,1.0,0.5,1.8,0.9575025860016538
1,7352,1.0,0.5,1.8,1.2647117459021227
1,7353,1.0,0.5,1.8,0.9284337628396235
1,7354,1.0,0.5,1.8,0.9003048922434289
1,7355,1.0,0.5,1.8,0.9970869351404699
1,7356,1.0,0.5,1.8,1.2779950479343352
1,7357,1.0,0.5,1.8,1.576364209732694
1,7358,1.0,0.5,1.8,0.8585648524763257
1,7359,1.0,0.5,1.8,1.4662207226318997
1,7360,1.0,0.5,1.8,1.1002192301517044
1,7361,1.0,0.5,1.8,0.2856585046000239
1,7362,1.0,0.5,1.8,0.31977095941203787
1,7363,1.0,0.5,1.8,0.3830534373745366
1,7364,1.0,0.5,1.8,0.2324556474003086
1,7365,1.0,0.5,1.8,1.44230210096334
1,7366,1.0,0.5,1.8,0.796788393120894
1,7367,1.0,0.5,1.8,0.7372007807530893
1,7368,1.0,0.5,1.8,1.5837793561134306
1,7369,1.0,0.5,1.8,1.355062589950989
1,7370,1.0,0.5,1.8,1.2475911874348415
1,7371,1.0,0.5,1.8,1.162329612318238
1,7372,1.0,0.5,1.8,1.020176664209956
1,7373,1.0,0.5,1.8,0.8300962238745357
1,7374,1.0,0.5,1.8,1.291032838404529
1,7375,1.0,0.5,1.8,1.0760278412157636
1,7376,1.0,0.5,1.8,0.513548595639204
1,7377,1.0,0.5,1.8,0.8415687426441298
1,7378,1.0,0.5,1.8,0.89747334923691
1,7379,1.0,0.5,1.8,0.9042978941004642
1,7380,1.0,0.5,1.8,0.3810815795329212
1,7381,1.0,0.5,1.8,1.0052357556690152
1,7382,1.0,0.5,1.8,1.1070416663659488
1,7383,1.0,0.5,1.8,0.4523549586535643
1,7384,1.0,0.5,1.8,1.0979828556900146
1,7385,1.0,0.5,1.8,0.9282272813826958
1,7386,1.0,0.5,1.8,0.9073443836282395
1,7387,1.0,0.5,1.8,1.1775615349761668
1,7388,1.0,0.5,1.8,1.0577174384516044
1,7389,1.0,0.5,1.8,1.3184256301311155
1,7390,1.0,0.5,1.8,1.0730463925738332
1,7391,1.0,0.5,1.8,0.8685901145208718
1,7392,1.0,0.5,1.8,1.2937452822621949
1,7393,1.0,0.5,1.8,0.29626059685144146
1,7394,1.0,0.5,1.8,0.5120960351227963
1,7395,1.0,0.5,1.8,1.099233794086205
1,7396,1.0,0.5,1.8,1.2154712771989076
1,7397,1.0,0.5,1.8,0.8717626097466553
1,7398,1.0,0.5,1.8,1.3174829172937568
1,7399,1.0,0.5,1.8,1.6339064348187122
1,7400,1.0,0.5,1.8,0.8718921877927125
1,7401,1.0,0.5,1.8,1.1273583827946936
1,7402,1.0,0.5,1.8,0.4434377979276597
1,7403,1.0,0.5,1.8,0.06797087351649542
1,7404,1.0,0.5,1.8,0.7268873510525699
1,7405,1.0,0.5,1.8,1.1594174302630416
1,7406,1.0,0.5,1.8,1.0464991118947362
1,7407,1.0,0.5,1.8,0.25202060879190563
1,7408,1.0,0.5,1.8,1.3545561122171255
1,7409,1.0,0.5,1.8,0.5980823733772039
1,7410,1.0,0.5,1.8,1.2115604434740066
1,7411,1.0,0.5,1.8,0.5529530347814542
1,7412,1.0,0.5,1.8,0.578312448305318
1,7413,1.0,0.5,1.8,0.9092929173856787
1,7414,1.0,0.5,1.8,0.426392259612138
1,7415,1.0,0.5,1.8,0.8693163953695536
1,7416,1.0,0.5,1.8,0.6740543628406336
1,7417,1.0,0.5,1.8,0.5625263652799491
1,7418,1.0,0.5,1.8,1.2085323382362825
1,7419,1.0,0.5,1.8,1.244196844219686
1,7420,1.0,0.5,1.8,0.7516156520292823
1,7421,1.0,0.5,1.8,0.7502662638624946
1,7422,1.0,0.5,1.8,1.4908095389823597
1,7423,1.0,0.5,1.8,1.2963463181348542
1,7424,1.0,0.5,1.8,0.7154182185093608
1,7425,1.0,0.5,1.8,0.7430013840735967
1,7426,1.0,0.5,1.8,0.8013435618073943
1,7427,1.0,0.5,1.8,1.0680469977531544
1,7428,1.0,0.5,1.8,0.8088759002095903
1,7429,1.0,0.5,1.8,0.4451862595423358
1,7430,1.0,0.5,1.8,0.7938545645501924
1,7431,1.0,0.5,1.8,1.3088155650121565
1,7432,1.0,0.5,1.8,0.8063695497070519
1,7433,1.0,0.5,1.8,0.4243729181570012
1,7434,1.0,0.5,1.8,0.8818330626434057
1,7435,1.0,0.5,1.8,0.10972156291969555
1,7436,1.0,0.5,1.8,0.34349752249133925
1,7437,1.0,0.5,1.8,1.2510698370062827
1,7438,1.0,0.5,1.8,0.46703798356772736
1,7439,1.0,0.5,1.8,0.5336889415512811
1,7440,1.0,0.5,1.8,1.1794176553167517
1,7441,1.0,0.5,1.8,0.809904680496116
1,7442,1.0,0.5,1.8,0.25704906260023475
1,7443,1.0,0.5,1.8,0.9101406340350652
1,7444,1.0,0.5,1.8,0.7709772807983944
1,7445,1.0,0.5,1.8,1.145969254758949
1,7446,1.0,0.5,1.8,1.2507521909932646
1,7447,1.0,0.5,1.8,0.4876613735694356
1,7448,1.0,0.5,1.8,0.6409851828564008
1,7449,1.0,0.5,1.8,0.845380407869371
1,7450,1.0,0.5,1.8,0.9571105749246629
1,7451,1.0,0.5,1.8,1.528942729644227
1,7452,1.0,0.5,1.8,0.8287820523576658
1,7453,1.0,0.5,1.8,0.8355187142389001
1,7454,1.0,0.5,1.8,1.2352059458303921
1,7455,1.0,0.5,1.8,0.2012347845221113
1,7456,1.0,0.5,1.8,0.6635083230097768
1,7457,1.0,0.5,1.8,0.3085603857099153
1,7458,1.0,0.5,1.8,0.40283448479898076
1,7459,1.0,0.5,1.8,0.7122148600752414
1,7460,1.0,0.5,1.8,0.9643439181453948
1,7461,1.0,0.5,1.8,1.615828439543387
1,7462,1.0,0.5,1.8,0.9842961316106524
1,7463,1.0,0.5,1.8,1.1013810060829203
1,7464,1.0,0.5,1.8,0.327509966782399
1,7465,1.0,0.5,1.8,0.745772684215821
1,7466,1.0,0.5,1.8,1.476962827956308
1,7467,1.0,0.5,1.8,0.9825114213177135
1,7468,1.0,0.5,1.8,0.7328801616476305
1,7469,1.0,0.5,1.8,0.21131484925717392
1,7470,1.0,0.5,1.8,1.394179326521131
1,7471,1.0,0.5,1.8,0.14215074602451658
1,7472,1.0,0.5,1.8,0.8680740856997952
1,7473,1.0,0.5,1.8,0.38237786948128044
1,7474,1.0,0.5,1.8,0.15947245319517847
1,7475,1.0,0.5,1.8,1.2282768336813237
1,7476,1.0,0.5,1.8,0.547472508330619
1,7477,1.0,0.5,1.8,0.7444114105296868
1,7478,1.0,0.5,1.8,0.3346777840323255
1,7479,1.0,0.5,1.8,0.40660619070979315
1,7480,1.0,0.5,1.8,0.8796831739100001
1,7481,1.0,0.5,1.8,0.884394815988617
1,7482,1.0,0.5,1.8,0.5559735962735429
1,7483,1.0,0.5,1.8,1.3101247201803772
1,7484,1.0,0.5,1.8,0.4734728556315816
1,7485,1.0,0.5,1.8,1.167723021240183
1,7486,1.0,0.5,1.8,0.564778884315244
1,7487,1.0,0.5,1.8,1.4364287202042982
1,7488,1.0,0.5,1.8,1.4635215097415044
1,7489,1.0,0.5,1.8,0.6794124282086005
1,7490,1.0,0.5,1.8,0.2504541827370826
1,7491,1.0,0.5,1.8,0.8306697938507256
1,7492,1.0,0.5,1.8,1.4695618800688341
1,7493,1.0,0.5,1.8,0.3120216301979614
1,7494,1.0,0.5,1.8,0.6246690024404323
1,7495,1.0,0.5,1.8,1.4050043522826225
1,7496,1.0,0.5,1.8,0.8914017375535181
1,7497,1.0,0.5,1.8,0.9900217243946251
1,7498,1.0,0.5,1.8,0.3150795020312661
1,7499,1.0,0.5,1.8,0.7962119457944354
1,7500,1.0,0.5,1.8,1.1278992931216525
1,7501,1.0,0.5,1.8,1.2701079809779
1,7502,1.0,0.5,1.8,1.536727882975697
1,7503,1.0,0.5,1.8,0.9250090846554214
1,7504,1.0,0.5,1.8,0.7958296368317299
1,7505,1.0,0.5,1.8,0.5758940427831087
1,7506,1.0,0.5,1.8,0.8396062547530185
1,7507,1.0,0.5,1.8,1.054346808313012
1,7508,1.0,0.5,1.8,1.192946774838324
1,7509,1.0,0.5,1.8,0.9076118856461224
1,7510,1.0,0.5,1.8,1.3347500501606042
1,7511,1.0,0.5,1.8,0.878277160189364
1,7512,1.0,0.5,1.8,0.978746079465834
1,7513,1.0,0.5,1.8,0.4026643485378401
1,7514,1.0,0.5,1.8,0.6343234656326945
1,7515,1.0,0.5,1.8,1.3621405396875892
1,7516,1.0,0.5,1.8,1.0065011360720577
1,7517,1.0,0.5,1.8,0.3952591547246357
1,7518,1.0,0.5,1.8,1.0667816954034373
1,7519,1.0,0.5,1.8,0.6995078051056477
1,7520,1.0,0.5,1.8,0.7315426827789138
1,7521,1.0,0.5,1.8,0.8701529177885176
1,7522,1.0,0.5,1.8,1.2694456955876408
1,7523,1.0,0.5,1.8,0.38272447983259333
1,7524,1.0,0.5,1.8,0.7066975220033745
1,7525,1.0,0.5,1.8,1.2315423279433548
1,7526,1.0,0.5,1.8,0.3377675895858868
1,7527,1.0,0.5,1.8,0.7382534868546814
1,7528,1.0,0.5,1.8,1.547031438519888
1,7529,1.0,0.5,1.8,0.3585763188236786
1,7530,1.0,0.5,1.8,1.2056700795658324
1,7531,1.0,0.5,1.8,0.3449677400743041
1,7532,1.0,0.5,1.8,0.6660562394745465
1,7533,1.0,0.5,1.8,1.2044376461853015
1,7534,1.0,0.5,1.8,1.1494852877527773
1,7535,1.0,0.5,1.8,1.3212193331829336
1,7536,1.0,0.5,1.8,0.3473127990577146
1,7537,1.0,0.5,1.8,1.0772891325388736
1,7538,1.0,0.5,1.8,1.3098085164954083
1,7539,1.0,0.5,1.8,0.05373997381955014
1,7540,1.0,0.5,1.8,0.7527598679766407
1,7541,1.0,0.5,1.8,1.5554772348621242
1,7542,1.0,0.5,1.8,1.3534458098618654
1,7543,1.0,0.5,1.8,1.1002599836365214
1,7544,1.0,0.5,1.8,1.1717070854396514
1,7545,1.0,0.5,1.8,1.5473042220750381
1,7546,1.0,0.5,1.8,0.8662037789662127
1,7547,1.0,0.5,1.8,1.157520552947368
1,7548,1.0,0.5,1.8,0.657775299971513
1,7549,1.0,0.5,1.8,1.44799817299576
1,7550,1.0,0.5,1.8,0.3190792813448707
1,7551,1.0,0.5,1.8,1.2392689880678256
1,7552,1.0,0.5,1.8,1.0508037883158345
1,7553,1.0,0.5,1.8,0.33772774154556645
1,7554,1.0,0.5,1.8,0.963734730461006
1,7555,1.0,0.5,1.8,1.5279221999401191
1,7556,1.0,0.5,1.8,0.7112528652229975
1,7557,1.0,0.5,1.8,0.4288372127190455
1,7558,1.0,0.5,1.8,0.759353720842511
1,7559,1.0,0.5,1.8,0.5662355289939456
1,7560,1.0,0.5,1.8,0.5431452480016123
1,7561,1.0,0.5,1.8,1.238861491350055
1,7562,1.0,0.5,1.8,0.43835044520904565
1,7563,1.0,0.5,1.8,0.8500763845301637
1,7564,1.0,0.5,1.8,0.4832904336426191
1,7565,1.0,0.5,1.8,0.19556864166716678
1,7566,1.0,0.5,1.8,0.6989858756588089
1,7567,1.0,0.5,1.8,1.297112426290729
1,7568,1.0,0.5,1.8,1.1026366803107917
1,7569,1.0,0.5,1.8,1.519062433442733
1,7570,1.0,0.5,1.8,0.2370013313454206
1,7571,1.0,0.5,1.8,1.6462190098841891
1,7572,1.0,0.5,1.8,0.4111418049380623
1,7573,1.0,0.5,1.8,0.5384121171917453
1,7574,1.0,0.5,1.8,1.350071189107037
1,7575,1.0,0.5,1.8,1.1115588021979421
1,7576,1.0,0.5,1.8,0.8926446657086734
1,7577,1.0,0.5,1.8,1.1793192152842784
1,7578,1.0,0.5,1.8,1.0919688804531262
1,7579,1.0,0.5,1.8,0.6209711100165137
1,7580,1.0,0.5,1.8,0.9517428814316753
1,7581,1.0,0.5,1.8,1.1455130034777625
1,7582,1.0,0.5,1.8,0.3794305593672701
1,7583,1.0,0.5,1.8,1.61753863897027
1,7584,1.0,0.5,1.8,1.0895915810650112
1,7585,1.0,0.5,1.8,0.8903357914527195
1,7586,1.0,0.5,1.8,1.1941493356749147
1,7587,1.0,0.5,1.8,1.3585432229083287
1,7588,1.0,0.5,1.8,0.7223525827604507
1,7589,1.0,0.5,1.8,0.8537289879727824
1,7590,1.0,0.5,1.8,0.6807579063015352
1,7591,1.0,0.5,1.8,0.4226506501749614
1,7592,1.0,0.5,1.8,1.0122140072054864
1,7593,1.0,0.5,1.8,0.6941234402789694
1,7594,1.0,0.5,1.8,1.6860704496640504
1,7595,1.0,0.5,1.8,0.45612763278740026
1,7596,1.0,0.5,1.8,0.6749534026206264
1,7597,1.0,0.5,1.8,0.5548633594240908
1,7598,1.0,0.5,1.8,0.24059392268795238
1,7599,1.0,0.5,1.8,1.1310655235634297
1,7600,1.0,0.5,1.8,0.80084802927201
1,7601,1.0,0.5,1.8,1.3857292194974067
1,7602,1.0,0.5,1.8,0.13766873806491153
1,7603,1.0,0.5,1.8,0.8601305239612788
1,7604,1.0,0.5,1.8,0.3255663053715051
1,7605,1.0,0.5,1.8,1.1280015667746588
1,7606,1.0,0.5,1.8,0.73250230314747
1,7607,1.0,0.5,1.8,0.802146468943559
1,7608,1.0,0.5,1.8,0.6604378925616613
1,7609,1.0,0.5,1.8,1.5312862190599918
1,7610,1.0,0.5,1.8,1.4467570211840066
1,7611,1.0,0.5,1.8,0.3797461021910295
1,7612,1.0,0.5,1.8,1.2728481048811837
1,7613,1.0,0.5,1.8,0.23293236652572008
1,7614,1.0,0.5,1.8,1.4010671237600636
1,7615,1.0,0.5,1.8,0.6406017605754981
1,7616,1.0,0.5,1.8,1.372402171675859
1,7617,1.0,0.5,1.8,1.5133479673630168
1,7618,1.0,0.5,1.8,0.9054938751562774
1,7619,1.0,0.5,1.8,1.2176151517643055
1,7620,1.0,0.5,1.8,1.1173841706824421
1,7621,1.0,0.5,1.8,1.6023475683365662
1,7622,1.0,0.5,1.8,1.0853307334046303
1,7623,1.0,0.5,1.8,0.25798553413165526
1,7624,1.0,0.5,1.8,0.502883297036259
1,7625,1.0,0.5,1.8,1.2514762076887298
1,7626,1.0,0.5,1.8,0.7648463289507427
1,7627,1.0,0.5,1.8,0.7619952938806313
1,7628,1.0,0.5,1.8,0.764918455143923
1,7629,1.0,0.5,1.8,0.649100486498117
1,7630,1.0,0.5,1.8,1.1619367356144354
1,7631,1.0,0.5,1.8,0.24001625292403073
1,7632,1.0,0.5,1.8,1.1778770837847905
1,7633,1.0,0.5,1.8,0.33645924427206825
1,7634,1.0,0.5,1.8,1.0174117266745983
1,7635,1.0,0.5,1.8,1.7554335710070452
1,7636,1.0,0.5,1.8,1.127914108731294
1,7637,1.0,0.5,1.8,0.5214643001018945
1,7638,1.0,0.5,1.8,0.3592649126233252
1,7639,1.0,0.5,1.8,1.583311332549674
1,7640,1.0,0.5,1.8,1.355749600563255
1,7641,1.0,0.5,1.8,0.9738507366398773
1,7642,1.0,0.5,1.8,0.8166880855618378
1,7643,1.0,0.5,1.8,0.5695125157302732
1,7644,1.0,0.5,1.8,0.4344631681147709
1,7645,1.0,0.5,1.8,1.2372062279551932
1,7646,1.0,0.5,1.8,0.6870392838176611
1,7647,1.0,0.5,1.8,0.5583959223600496
1,7648,1.0,0.5,1.8,1.2069121512875216
1,7649,1.0,0.5,1.8,0.40350884204631
1,7650,1.0,0.5,1.8,0.42435471595530894
1,7651,1.0,0.5,1.8,0.41249116019800175
1,7652,1.0,0.5,1.8,1.0836670890668971
1,7653,1.0,0.5,1.8,0.6858686985204628
1,7654,1.0,0.5,1.8,0.5714255438623571
1,7655,1.0,0.5,1.8,1.344781048795335
1,7656,1.0,0.5,1.8,1.0629726953537633
1,7657,1.0,0.5,1.8,1.6407867837581365
1,7658,1.0,0.5,1.8,1.0402526366067821
1,7659,1.0,0.5,1.8,1.1787916317243756
1,7660,1.0,0.5,1.8,0.6931562341778218
1,7661,1.0,0.5,1.8,0.49093391866701674
1,7662,1.0,0.5,1.8,0.7957743471836183
1,7663,1.0,0.5,1.8,0.8320528337829403
1,7664,1.0,0.5,1.8,1.0038498615802973
1,7665,1.0,0.5,1.8,0.9367301265387088
1,7666,1.0,0.5,1.8,1.1016935927950169
1,7667,1.0,0.5,1.8,1.30361431406356
1,7668,1.0,0.5,1.8,0.7583019691696185
1,7669,1.0,0.5,1.8,1.1371419985058397
1,7670,1.0,0.5,1.8,0.3202880569098936
1,7671,1.0,0.5,1.8,0.5043951818189316
1,7672,1.0,0.5,1.8,1.0453212680986594
1,7673,1.0,0.5,1.8,0.7661025651019537
1,7674,1.0,0.5,1.8,1.5718047279039908
1,7675,1.0,0.5,1.8,0.6900742358154238
1,7676,1.0,0.5,1.8,0.341366190727245
1,7677,1.0,0.5,1.8,0.6788266142844708
1,7678,1.0,0.5,1.8,0.23533157967351412
1,7679,1.0,0.5,1.8,1.147325840060285
1,7680,1.0,0.5,1.8,1.0993762905922755
1,7681,1.0,0.5,1.8,1.384210977650966
1,7682,1.0,0.5,1.8,1.3917158024459402
1,7683,1.0,0.5,1.8,1.3283404035074062
1,7684,1.0,0.5,1.8,1.214367933818456
1,7685,1.0,0.5,1.8,1.5562558941062872
1,7686,1.0,0.5,1.8,0.9734615413820469
1,7687,1.0,0.5,1.8,0.4266196323023494
1,7688,1.0,0.5,1.8,0.9994307944594194
1,7689,1.0,0.5,1.8,1.264674766254084
1,7690,1.0,0.5,1.8,0.7440740540097567
1,7691,1.0,0.5,1.8,1.2576007129008657
1,7692,1.0,0.5,1.8,0.9500166802000984
1,7693,1.0,0.5,1.8,1.598240680190008
1,7694,1.0,0.5,1.8,0.8629910072638118
1,7695,1.0,0.5,1.8,0.42266671457832733
1,7696,1.0,0.5,1.8,1.3759722694632783
1,7697,1.0,0.5,1.8,0.9390994528411404
1,7698,1.0,0.5,1.8,0.6646732244941416
1,7699,1.0,0.5,1.8,0.4460249237092855
1,7700,1.0,0.5,1.8,1.4455973130353386
1,7701,1.0,0.5,1.8,1.1463573553305813
1,7702,1.0,0.5,1.8,1.263485815618534
1,7703,1.0,0.5,1.8,1.107690635251268
1,7704,1.0,0.5,1.8,1.2797831957561512
1,7705,1.0,0.5,1.8,1.0590511265562863
1,7706,1.0,0.5,1.8,0.13758766030499114
1,7707,1.0,0.5,1.8,1.406464797945229
1,7708,1.0,0.5,1.8,0.6824921822856435
1,7709,1.0,0.5,1.8,1.4371957570419485
1,7710,1.0,0.5,1.8,0.3712652409335263
1,7711,1.0,0.5,1.8,0.4769119336938118
1,7712,1.0,0.5,1.8,0.4473279163105449
1,7713,1.0,0.5,1.8,0.602207749399933
1,7714,1.0,0.5,1.8,0.9925650485708865
1,7715,1.0,0.5,1.8,0.7258524979689334
1,7716,1.0,0.5,1.8,0.5240935860933021
1,7717,1.0,0.5,1.8,1.1066023256193973
1,7718,1.0,0.5,1.8,0.20829008192704215
1,7719,1.0,0.5,1.8,0.10219184391306807
1,7720,1.0,0.5,1.8,0.41064520527082177
1,7721,1.0,0.5,1.8,0.4785585864713153
1,7722,1.0,0.5,1.8,0.39094675205232887
1,7723,1.0,0.5,1.8,0.479613388682191
1,7724,1.0,0.5,1.8,0.2703001033285262
1,7725,1.0,0.5,1.8,0.7494085251557158
1,7726,1.0,0.5,1.8,1.6856130214796288
1,7727,1.0,0.5,1.8,0.7164420782589082
1,7728,1.0,0.5,1.8,0.7584073670105367
1,7729,1.0,0.5,1.8,0.5716336780560369
1,7730,1.0,0.5,1.8,0.7217832456186534
1,7731,1.0,0.5,1.8,1.0594816766074113
1,7732,1.0,0.5,1.8,0.866935959344219
1,7733,1.0,0.5,1.8,0.9382742640295554
1,7734,1.0,0.5,1.8,0.6961265135600171
1,7735,1.0,0.5,1.8,0.540596379613868
1,7736,1.0,0.5,1.8,0.7282969453569046
1,7737,1.0,0.5,1.8,0.25979274015890547
1,7738,1.0,0.5,1.8,0.5429817422159309
1,7739,1.0,0.5,1.8,0.9177603805473419
1,7740,1.0,0.5,1.8,0.7297853198410674
1,7741,1.0,0.5,1.8,0.7550293776031248
1,7742,1.0,0.5,1.8,1.0062922239600485
1,7743,1.0,0.5,1.8,1.0747153780034182
1,7744,1.0,0.5,1.8,0.9859837754353743
1,7745,1.0,0.5,1.8,0.8286153326563267
1,7746,1.0,0.5,1.8,0.8669790569077207
1,7747,1.0,0.5,1.8,0.8563504394876557
1,7748,1.0,0.5,1.8,0.8616416888251565
1,7749,1.0,0.5,1.8,0.8285616628653294
1,7750,1.0,0.5,1.8,0.8563885174278981
1,7751,1.0,0.5,1.8,1.539549396098766
1,7752,1.0,0.5,1.8,0.416700208325377
1,7753,1.0,0.5,1.8,0.8867762917257423
1,7754,1.0,0.5,1.8,1.2379389336062383
1,7755,1.0,0.5,1.8,0.4912055465730129
1,7756,1.0,0.5,1.8,0.7540284768268023
1,7757,1.0,0.5,1.8,0.37610638908064514
1,7758,1.0,0.5,1.8,1.0115890274229848
1,7759,1.0,0.5,1.8,0.5236733297991486
1,7760,1.0,0.5,1.8,0.07723191265732321
1,7761,1.0,0.5,1.8,0.49457192246126613
1,7762,1.0,0.5,1.8,0.46540306107851515
1,7763,1.0,0.5,1.8,1.1096349021231784
1,7764,1.0,0.5,1.8,0.410052234601439
1,7765,1.0,0.5,1.8,0.6129959134796981
1,7766,1.0,0.5,1.8,1.3470519948034367
1,7767,1.0,0.5,1.8,1.114000690079197
1,7768,1.0,0.5,1.8,0.8612150935842514
1,7769,1.0,0.5,1.8,1.2241727364908475
1,7770,1.0,0.5,1.8,0.8908586427388269
1,7771,1.0,0.5,1.8,1.4113042712654178
1,7772,1.0,0.5,1.8,0.29048592333359397
1,7773,1.0,0.5,1.8,0.6360984343076795
1,7774,1.0,0.5,1.8,0.6543173299166289
1,7775,1.0,0.5,1.8,1.656459506159902
1,7776,1.0,0.5,1.8,1.4005294376225665
1,7777,1.0,0.5,1.8,1.1682491518442013
1,7778,1.0,0.5,1.8,1.5011264124797556
1,7779,1.0,0.5,1.8,0.39317251932536396
1,7780,1.0,0.5,1.8,1.4226490592032075
1,7781,1.0,0.5,1.8,0.9532945794690969
1,7782,1.0,0.5,1.8,1.4408301195900541
1,7783,1.0,0.5,1.8,0.09824404433395852
1,7784,1.0,0.5,1.8,0.689631106121148
1,7785,1.0,0.5,1.8,1.3081967930961398
1,7786,1.0,0.5,1.8,0.6893973041792937
1,7787,1.0,0.5,1.8,0.4088443491599454
1,7788,1.0,0.5,1.8,0.6000390705115473
1,7789,1.0,0.5,1.8,1.1637443262805043
1,7790,1.0,0.5,1.8,0.7761105650609543
1,7791,1.0,0.5,1.8,0.697085370449419
1,7792,1.0,0.5,1.8,0.5166697330626911
1,7793,1.0,0.5,1.8,0.9431241555767872
1,7794,1.0,0.5,1.8,0.593246756327824
1,7795,1.0,0.5,1.8,0.31708916114606517
1,7796,1.0,0.5,1.8,0.5852538290153779
1,7797,1.0,0.5,1.8,1.6766280582652198
1,7798,1.0,0.5,1.8,1.1446064174465995
1,7799,1.0,0.5,1.8,0.5797091461796777
1,7800,1.0,0.5,1.8,0.906601791496535
1,7801,1.0,0.5,1.8,1.115318445856894
1,7802,1.0,0.5,1.8,0.8166865531863987
1,7803,1.0,0.5,1.8,0.7399505924650587
1,7804,1.0,0.5,1.8,1.3751407700092173
1,7805,1.0,0.5,1.8,0.6521952107192143
1,7806,1.0,0.5,1.8,0.6460593789850261
1,7807,1.0,0.5,1.8,0.4045415932429034
1,7808,1.0,0.5,1.8,0.6081245450880083
1,7809,1.0,0.5,1.8,0.3749729443076248
1,7810,1.0,0.5,1.8,0.9177674444851792
1,7811,1.0,0.5,1.8,0.8110724790700127
1,7812,1.0,0.5,1.8,1.6082169859600788
1,7813,1.0,0.5,1.8,0.6102383747925764
1,7814,1.0,0.5,1.8,1.325334021738057
1,7815,1.0,0.5,1.8,0.837361462723992
1,7816,1.0,0.5,1.8,0.1801531065219535
1,7817,1.0,0.5,1.8,0.7585630145880496
1,7818,1.0,0.5,1.8,1.5348561522166044
1,7819,1.0,0.5,1.8,0.9989779707050032
1,7820,1.0,0.5,1.8,1.0620943265581935
1,7821,1.0,0.5,1.8,0.8453520311012123
1,7822,1.0,0.5,1.8,1.4531197268125309
1,7823,1.0,0.5,1.8,1.3226131613462677
1,7824,1.0,0.5,1.8,0.8597501498792816
1,7825,1.0,0.5,1.8,1.3306805097819925
1,7826,1.0,0.5,1.8,0.5881114203852184
1,7827,1.0,0.5,1.8,1.012191305679278
1,7828,1.0,0.5,1.8,1.081310488040269
1,7829,1.0,0.5,1.8,1.5052551102005693
1,7830,1.0,0.5,1.8,0.18955619052651193
1,7831,1.0,0.5,1.8,0.8816956941884362
1,7832,1.0,0.5,1.8,0.26924344418356067
1,7833,1.0,0.5,1.8,1.4298915503378606
1,7834,1.0,0.5,1.8,1.0011289141633959
1,7835,1.0,0.5,1.8,0.76692046128305
1,7836,1.0,0.5,1.8,0.38446993733812745
1,7837,1.0,0.5,1.8,0.7445756046970892
1,7838,1.0,0.5,1.8,1.3391788568714538
1,7839,1.0,0.5,1.8,0.8995732991508365
1,7840,1.0,0.5,1.8,0.21037005409802342
1,7841,1.0,0.5,1.8,1.3673002535106167
1,7842,1.0,0.5,1.8,0.29340004368948536
1,7843,1.0,0.5,1.8,0.8742544637937852
1,7844,1.0,0.5,1.8,1.6005360226167815
1,7845,1.0,0.5,1.8,0.6685013770485333
1,7846,1.0,0.5,1.8,1.3201679926807106
1,7847,1.0,0.5,1.8,1.0191253507080935
1,7848,1.0,0.5,1.8,0.407338500635136
1,7849,1.0,0.5,1.8,0.8172341560396844
1,7850,1.0,0.5,1.8,0.7783488299607524
1,7851,1.0,0.5,1.8,0.8100410070763258
1,7852,1.0,0.5,1.8,1.0437659808159567
1,7853,1.0,0.5,1.8,0.9562813815804017
1,7854,1.0,0.5,1.8,1.1308077599059212
1,7855,1.0,0.5,1.8,1.3761366038453644
1,7856,1.0,0.5,1.8,0.16567760675403034
1,7857,1.0,0.5,1.8,1.342911857687436
1,7858,1.0,0.5,1.8,0.8469377860393681
1,7859,1.0,0.5,1.8,0.875674272696691
1,7860,1.0,0.5,1.8,1.14971841791982
1,7861,1.0,0.5,1.8,0.5241296533622866
1,7862,1.0,0.5,1.8,0.26188634337026345
1,7863,1.0,0.5,1.8,1.0721196912906472
1,7864,1.0,0.5,1.8,1.5334774163474625
1,7865,1.0,0.5,1.8,1.5420904605545416
1,7866,1.0,0.5,1.8,0.7898091809917018
1,7867,1.0,0.5,1.8,0.3056428404628466
1,7868,1.0,0.5,1.8,1.4805574193051478
1,7869,1.0,0.5,1.8,1.2500335500777655
1,7870,1.0,0.5,1.8,0.8998875830909142
1,7871,1.0,0.5,1.8,1.3664397602255083
1,7872,1.0,0.5,1.8,0.9316931729897122
1,7873,1.0,0.5,1.8,0.47302177234704385
1,7874,1.0,0.5,1.8,0.8084729476584328
1,7875,1.0,0.5,1.8,1.418334878230429
1,7876,1.0,0.5,1.8,1.4139089370160212
1,7877,1.0,0.5,1.8,0.4451898403179813
1,7878,1.0,0.5,1.8,1.3603920883611036
1,7879,1.0,0.5,1.8,0.45259301118632567
1,7880,1.0,0.5,1.8,0.7173640941237711
1,7881,1.0,0.5,1.8,1.17614734288095
1,7882,1.0,0.5,1.8,0.6714816728589873
1,7883,1.0,0.5,1.8,0.5211821186646712
1,7884,1.0,0.5,1.8,1.338278212427121
1,7885,1.0,0.5,1.8,1.2223383293212275
1,7886,1.0,0.5,1.8,0.4481546940616032
1,7887,1.0,0.5,1.8,0.8711542991985789
1,7888,1.0,0.5,1.8,0.919919884568276
1,7889,1.0,0.5,1.8,1.1680579852429425
1,7890,1.0,0.5,1.8,1.0870425442689906
1,7891,1.0,0.5,1.8,0.787604983108748
1,7892,1.0,0.5,1.8,0.9996444953366547
1,7893,1.0,0.5,1.8,0.7709001736021431
1,7894,1.0,0.5,1.8,1.1720771843617324
1,7895,1.0,0.5,1.8,0.9554904365917933
1,7896,1.0,0.5,1.8,0.2387119063894297
1,7897,1.0,0.5,1.8,1.349503354127337
1,7898,1.0,0.5,1.8,0.8241315434868506
1,7899,1.0,0.5,1.8,0.2010246541284318
1,7900,1.0,0.5,1.8,0.9919937194141106
1,7901,1.0,0.5,1.8,1.257269584165383
1,7902,1.0,0.5,1.8,0.6199932064878731
1,7903,1.0,0.5,1.8,0.6391984566283936
1,7904,1.0,0.5,1.8,0.7626754447077367
1,7905,1.0,0.5,1.8,0.56416505941351
1,7906,1.0,0.5,1.8,0.36536832577989287
1,7907,1.0,0.5,1.8,0.5338170154145183
1,7908,1.0,0.5,1.8,0.5522274232345536
1,7909,1.0,0.5,1.8,1.318146167542607
1,7910,1.0,0.5,1.8,1.218967386186778
1,7911,1.0,0.5,1.8,0.9478357409537855
1,7912,1.0,0.5,1.8,0.7293867893535513
1,7913,1.0,0.5,1.8,0.3429014588140341
1,7914,1.0,0.5,1.8,0.44219560728734
1,7915,1.0,0.5,1.8,0.5679001684544137
1,7916,1.0,0.5,1.8,1.2267861680736318
1,7917,1.0,0.5,1.8,1.1750168841863395
1,7918,1.0,0.5,1.8,1.1526201036601722
1,7919,1.0,0.5,1.8,1.1698189798479561
1,7920,1.0,0.5,1.8,0.9690799671438787
1,7921,1.0,0.5,1.8,0.853305236792639
1,7922,1.0,0.5,1.8,0.6773065200703045
1,7923,1.0,0.5,1.8,1.3808943238599112
1,7924,1.0,0.5,1.8,0.8089142767061831
1,7925,1.0,0.5,1.8,1.217628667527109
1,7926,1.0,0.5,1.8,1.2770792778984048
1,7927,1.0,0.5,1.8,0.7532101559483122
1,7928,1.0,0.5,1.8,0.9102695913117819
1,7929,1.0,0.5,1.8,0.5322787547452641
1,7930,1.0,0.5,1.8,1.2579285436402523
1,7931,1.0,0.5,1.8,0.48053051490484305
1,7932,1.0,0.5,1.8,1.3996150370098002
1,7933,1.0,0.5,1.8,1.5903948115206383
1,7934,1.0,0.5,1.8,1.5323678166037775
1,7935,1.0,0.5,1.8,1.4891481000531297
1,7936,1.0,0.5,1.8,1.109041967345851
1,7937,1.0,0.5,1.8,0.7513531071951852
1,7938,1.0,0.5,1.8,0.9947288519312153
1,7939,1.0,0.5,1.8,1.4270048169063712
1,7940,1.0,0.5,1.8,0.7425563079106324
1,7941,1.0,0.5,1.8,0.5401027723803904
1,7942,1.0,0.5,1.8,0.9436602451103568
1,7943,1.0,0.5,1.8,0.28346401456281495
1,7944,1.0,0.5,1.8,0.2522524670747212
1,7945,1.0,0.5,1.8,0.3621663720133453
1,7946,1.0,0.5,1.8,0.6465458949661177
1,7947,1.0,0.5,1.8,0.9935443244412578
1,7948,1.0,0.5,1.8,1.4548891599631393
1,7949,1.0,0.5,1.8,0.5727301636857063
1,7950,1.0,0.5,1.8,1.399725054354564
1,7951,1.0,0.5,1.8,1.6932737539225788
1,7952,1.0,0.5,1.8,0.8070852618611495
1,7953,1.0,0.5,1.8,1.3100367800123678
1,7954,1.0,0.5,1.8,0.8807769125951147
1,7955,1.0,0.5,1.8,0.7298263383021758
1,7956,1.0,0.5,1.8,0.7276721800538682
1,7957,1.0,0.5,1.8,0.31430088525138494
1,7958,1.0,0.5,1.8,0.6343013669022252
1,7959,1.0,0.5,1.8,0.9596120351720168
1,7960,1.0,0.5,1.8,0.8167970309586428
1,7961,1.0,0.5,1.8,1.0763686979182376
1,7962,1.0,0.5,1.8,1.2814737938678862
1,7963,1.0,0.5,1.8,0.8965260732324123
1,7964,1.0,0.5,1.8,1.0536879562448902
1,7965,1.0,0.5,1.8,0.8661091881541538
1,7966,1.0,0.5,1.8,0.9485079828550964
1,7967,1.0,0.5,1.8,1.4444202986316172
1,7968,1.0,0.5,1.8,1.6320125034529571
1,7969,1.0,0.5,1.8,0.2940959547869614
1,7970,1.0,0.5,1.8,0.740436339957807
1,7971,1.0,0.5,1.8,0.23195225168677186
1,7972,1.0,0.5,1.8,0.36603110846461995
1,7973,1.0,0.5,1.8,0.07228813896923482
1,7974,1.0,0.5,1.8,0.7364280718910984
1,7975,1.0,0.5,1.8,0.4341037212716082
1,7976,1.0,0.5,1.8,0.515252543910933
1,7977,1.0,0.5,1.8,0.442943108822341
1,7978,1.0,0.5,1.8,0.8388300069631552
1,7979,1.0,0.5,1.8,0.7352381007033816
1,7980,1.0,0.5,1.8,0.9084386485628096
1,7981,1.0,0.5,1.8,1.3786908990528308
1,7982,1.0,0.5,1.8,0.15681877214910164
1,7983,1.0,0.5,1.8,0.7956427199450915
1,7984,1.0,0.5,1.8,0.35067272769959823
1,7985,1.0,0.5,1.8,0.27749538590701806
1,7986,1.0,0.5,1.8,0.18294928114976483
1,7987,1.0,0.5,1.8,1.2602371092491313
1,7988,1.0,0.5,1.8,0.7291067728956906
1,7989,1.0,0.5,1.8,1.5920810590742958
1,7990,1.0,0.5,1.8,0.9113739564907621
1,7991,1.0,0.5,1.8,0.9198383190560396
1,7992,1.0,0.5,1.8,0.8957502174581901
1,7993,1.0,0.5,1.8,1.0738005271771955
1,7994,1.0,0.5,1.8,1.1235393223608747
1,7995,1.0,0.5,1.8,0.11700615259625242
1,7996,1.0,0.5,1.8,0.7589371984438606
1,7997,1.0,0.5,1.8,1.1018272909695688
1,7998,1.0,0.5,1.8,1.1124318330794407
1,7999,1.0,0.5,1.8,1.3158601723606371
1,8000,1.0,0.5,1.8,0.8782100776715206
1,8001,1.0,0.5,1.8,0.4117938063086731
1,8002,1.0,0.5,1.8,1.6876518589856162
1,8003,1.0,0.5,1.8,1.4808894878563128
1,8004,1.0,0.5,1.8,1.5599706235933082
1,8005,1.0,0.5,1.8,1.0717133321737815
1,8006,1.0,0.5,1.8,0.9736322598714713
1,8007,1.0,0.5,1.8,1.3745387229192945
1,8008,1.0,0.5,1.8,1.0870783597980935
1,8009,1.0,0.5,1.8,1.2342194793062942
1,8010,1.0,0.5,1.8,1.4180925893419272
1,8011,1.0,0.5,1.8,1.1445985259420182
1,8012,1.0,0.5,1.8,0.5021578305847275
1,8013,1.0,0.5,1.8,1.4106893931928841
1,8014,1.0,0.5,1.8,0.9308415060194276
1,8015,1.0,0.5,1.8,0.5788972348261774
1,8016,1.0,0.5,1.8,0.41179344593253553
1,8017,1.0,0.5,1.8,1.3105497420358947
1,8018,1.0,0.5,1.8,0.4714785761335045
1,8019,1.0,0.5,1.8,0.3434153536023645
1,8020,1.0,0.5,1.8,1.2926128885870551
1,8021,1.0,0.5,1.8,0.8384325013579204
1,8022,1.0,0.5,1.8,1.1111480658794333
1,8023,1.0,0.5,1.8,1.2915725972213883
1,8024,1.0,0.5,1.8,1.2634141478811254
1,8025,1.0,0.5,1.8,0.7503445043190129
1,8026,1.0,0.5,1.8,1.096269822807833
1,8027,1.0,0.5,1.8,0.8280150777681103
1,8028,1.0,0.5,1.8,1.386819804949184
1,8029,1.0,0.5,1.8,0.804091657987449
1,8030,1.0,0.5,1.8,1.1636730900345589
1,8031,1.0,0.5,1.8,0.3126253290790211
1,8032,1.0,0.5,1.8,0.6185836365139684
1,8033,1.0,0.5,1.8,1.0989499994067993
1,8034,1.0,0.5,1.8,0.14043437097351688
1,8035,1.0,0.5,1.8,0.6168437063214542
1,8036,1.0,0.5,1.8,0.2651966201028631
1,8037,1.0,0.5,1.8,0.6977635210139765
1,8038,1.0,0.5,1.8,0.6016237473365171
1,8039,1.0,0.5,1.8,1.4793709949724612
1,8040,1.0,0.5,1.8,0.5431924443159039
1,8041,1.0,0.5,1.8,0.3703837860286093
1,8042,1.0,0.5,1.8,1.570746881565781
1,8043,1.0,0.5,1.8,0.5106898071416827
1,8044,1.0,0.5,1.8,0.9243305386092732
1,8045,1.0,0.5,1.8,1.1204085082155895
1,8046,1.0,0.5,1.8,1.033488669021836
1,8047,1.0,0.5,1.8,0.7596068473846748
1,8048,1.0,0.5,1.8,1.2636153598327944
1,8049,1.0,0.5,1.8,1.4741567665060564
1,8050,1.0,0.5,1.8,0.5325456787124203
1,8051,1.0,0.5,1.8,0.638329833856488
1,8052,1.0,0.5,1.8,0.9495863431953103
1,8053,1.0,0.5,1.8,0.626962931501764
1,8054,1.0,0.5,1.8,0.41106649069675416
1,8055,1.0,0.5,1.8,0.3483507546368068
1,8056,1.0,0.5,1.8,0.571629588355903
1,8057,1.0,0.5,1.8,1.4467200005064902
1,8058,1.0,0.5,1.8,0.16779042232866434
1,8059,1.0,0.5,1.8,1.2658440862115483
1,8060,1.0,0.5,1.8,0.23223289791061413
1,8061,1.0,0.5,1.8,1.1833130085306844
1,8062,1.0,0.5,1.8,0.6362519770290239
1,8063,1.0,0.5,1.8,1.206148676692472
1,8064,1.0,0.5,1.8,0.7260366028074584
1,8065,1.0,0.5,1.8,1.0509106258006802
1,8066,1.0,0.5,1.8,0.25956277517325704
1,8067,1.0,0.5,1.8,1.3580249668136035
1,8068,1.0,0.5,1.8,0.6605364824511892
1,8069,1.0,0.5,1.8,0.8144730379504849
1,8070,1.0,0.5,1.8,0.8548856555407214
1,8071,1.0,0.5,1.8,1.1119037725651584
1,8072,1.0,0.5,1.8,0.8933224313400568
1,8073,1.0,0.5,1.8,1.1365119695392991
1,8074,1.0,0.5,1.8,0.4136775945889846
1,8075,1.0,0.5,1.8,0.6952205963420476
1,8076,1.0,0.5,1.8,0.9679092419132275
1,8077,1.0,0.5,1.8,0.9330933078250369
1,8078,1.0,0.5,1.8,1.1089787316979443
1,8079,1.0,0.5,1.8,1.3613233175228663
1,8080,1.0,0.5,1.8,0.7051694407329283
1,8081,1.0,0.5,1.8,0.6656309354697427
1,8082,1.0,0.5,1.8,1.2929884657261612
1,8083,1.0,0.5,1.8,0.42791305487145453
1,8084,1.0,0.5,1.8,0.5429659918445182
1,8085,1.0,0.5,1.8,0.6535095854479495
1,8086,1.0,0.5,1.8,0.8197238562038144
1,8087,1.0,0.5,1.8,0.9499289037144798
1,8088,1.0,0.5,1.8,0.21056810256734185
1,8089,1.0,0.5,1.8,1.6095897233610845
1,8090,1.0,0.5,1.8,1.1879368668388144
1,8091,1.0,0.5,1.8,0.3151074893742714
1,8092,1.0,0.5,1.8,0.4853205516915952
1,8093,1.0,0.5,1.8,0.9222131105204476
1,8094,1.0,0.5,1.8,0.5402316913628218
1,8095,1.0,0.5,1.8,1.4101692356237552
1,8096,1.0,0.5,1.8,1.0075426697153238
1,8097,1.0,0.5,1.8,1.4026516860311784
1,8098,1.0,0.5,1.8,1.4819620793650934
1,8099,1.0,0.5,1.8,1.1868448009493213
1,8100,1.0,0.5,1.8,1.345381205836393
1,8101,1.0,0.5,1.8,0.18950983819787648
1,8102,1.0,0.5,1.8,0.6752580744292392
1,8103,1.0,0.5,1.8,0.7633694103068268
1,8104,1.0,0.5,1.8,1.5970268458953953
1,8105,1.0,0.5,1.8,0.6701754568928926
1,8106,1.0,0.5,1.8,0.8818803898076121
1,8107,1.0,0.5,1.8,0.9630153276577087
1,8108,1.0,0.5,1.8,1.184988913842678
1,8109,1.0,0.5,1.8,0.33711192786949934
1,8110,1.0,0.5,1.8,0.5505981731858486
1,8111,1.0,0.5,1.8,0.49325026597966465
1,8112,1.0,0.5,1.8,0.9305854054489779
1,8113,1.0,0.5,1.8,0.5690538334122257
1,8114,1.0,0.5,1.8,1.1239939489933648
1,8115,1.0,0.5,1.8,1.3093310597303438
1,8116,1.0,0.5,1.8,0.42181377074623005
1,8117,1.0,0.5,1.8,1.3548884607783664
1,8118,1.0,0.5,1.8,0.7107308559866491
1,8119,1.0,0.5,1.8,1.0394426297658634
1,8120,1.0,0.5,1.8,0.47032262777165623
1,8121,1.0,0.5,1.8,0.9720585862549135
1,8122,1.0,0.5,1.8,1.2365209831455983
1,8123,1.0,0.5,1.8,0.31048030326041187
1,8124,1.0,0.5,1.8,1.191821706255343
1,8125,1.0,0.5,1.8,0.22185671463598844
1,8126,1.0,0.5,1.8,1.1729103213459247
1,8127,1.0,0.5,1.8,0.19327826541553866
1,8128,1.0,0.5,1.8,0.9449299701077077
1,8129,1.0,0.5,1.8,0.6904951931676132
1,8130,1.0,0.5,1.8,1.53414754511629
1,8131,1.0,0.5,1.8,0.9005698896083235
1,8132,1.0,0.5,1.8,1.1762566919803064
1,8133,1.0,0.5,1.8,0.32280836338380425
1,8134,1.0,0.5,1.8,0.5126489799620134
1,8135,1.0,0.5,1.8,1.050105530044874
1,8136,1.0,0.5,1.8,0.7013210330492746
1,8137,1.0,0.5,1.8,1.436581450678889
1,8138,1.0,0.5,1.8,1.3636565421482414
1,8139,1.0,0.5,1.8,1.1483238889955154
1,8140,1.0,0.5,1.8,1.5104317565175778
1,8141,1.0,0.5,1.8,0.45960829588717844
1,8142,1.0,0.5,1.8,1.5092221456511055
1,8143,1.0,0.5,1.8,0.8356929008651767
1,8144,1.0,0.5,1.8,0.5541275415511341
1,8145,1.0,0.5,1.8,1.4146412754737692
1,8146,1.0,0.5,1.8,0.9681837348617184
1,8147,1.0,0.5,1.8,0.44094526042255705
1,8148,1.0,0.5,1.8,0.6965075644707359
1,8149,1.0,0.5,1.8,0.45954643227420433
1,8150,1.0,0.5,1.8,1.2224177508720677
1,8151,1.0,0.5,1.8,0.6893254756442271
1,8152,1.0,0.5,1.8,1.1285756761155539
1,8153,1.0,0.5,1.8,1.5763665753575231
1,8154,1.0,0.5,1.8,1.2625564077925362
1,8155,1.0,0.5,1.8,0.7276847259650868
1,8156,1.0,0.5,1.8,1.1664490549483593
1,8157,1.0,0.5,1.8,0.42355732066180946
1,8158,1.0,0.5,1.8,1.4436975977239586
1,8159,1.0,0.5,1.8,0.7461331012439782
1,8160,1.0,0.5,1.8,1.088482098784387
1,8161,1.0,0.5,1.8,0.779561243534063
1,8162,1.0,0.5,1.8,1.2048703637909521
1,8163,1.0,0.5,1.8,0.6631506961152066
1,8164,1.0,0.5,1.8,0.9255588901674495
1,8165,1.0,0.5,1.8,1.3335397818528978
1,8166,1.0,0.5,1.8,1.2562182506908073
1,8167,1.0,0.5,1.8,1.5079175066872876
1,8168,1.0,0.5,1.8,0.8655849179274271
1,8169,1.0,0.5,1.8,1.485167186578898
1,8170,1.0,0.5,1.8,0.9937068089502328
1,8171,1.0,0.5,1.8,1.0014806186553062
1,8172,1.0,0.5,1.8,0.9373711666357143
1,8173,1.0,0.5,1.8,0.7787267544069943
1,8174,1.0,0.5,1.8,0.3481084487229824
1,8175,1.0,0.5,1.8,0.6469766879856628
1,8176,1.0,0.5,1.8,0.46839908617202414
1,8177,1.0,0.5,1.8,0.8719609565232952
1,8178,1.0,0.5,1.8,1.153094462921887
1,8179,1.0,0.5,1.8,0.956817383581672
1,8180,1.0,0.5,1.8,0.3894228211239868
1,8181,1.0,0.5,1.8,0.5654028886204827
1,8182,1.0,0.5,1.8,0.9319734578616972
1,8183,1.0,0.5,1.8,1.1037290595987692
1,8184,1.0,0.5,1.8,1.2487778513667236
1,8185,1.0,0.5,1.8,0.8186118549658521
1,8186,1.0,0.5,1.8,1.7191153180069783
1,8187,1.0,0.5,1.8,0.8458982514396209
1,8188,1.0,0.5,1.8,0.20193983704252594
1,8189,1.0,0.5,1.8,1.5767090578827248
1,8190,1.0,0.5,1.8,0.6329483772601063
1,8191,1.0,0.5,1.8,1.120053151467131
1,8192,1.0,0.5,1.8,0.6626130273165789
1,8193,1.0,0.5,1.8,0.8915403321846453
1,8194,1.0,0.5,1.8,0.9724431170989164
1,8195,1.0,0.5,1.8,1.0822909920616954
1,8196,1.0,0.5,1.8,0.9066085877892704
1,8197,1.0,0.5,1.8,0.9403665890876733
1,8198,1.0,0.5,1.8,1.4660556940266853
1,8199,1.0,0.5,1.8,1.337369698560946
1,8200,1.0,0.5,1.8,1.3264058233699814
1,8201,1.0,0.5,1.8,1.3730143772072305
1,8202,1.0,0.5,1.8,1.1945375539722138
1,8203,1.0,0.5,1.8,0.24209392953663478
1,8204,1.0,0.5,1.8,1.2804238248109967
1,8205,1.0,0.5,1.8,1.0691460055809694
1,8206,1.0,0.5,1.8,0.8364522069346808
1,8207,1.0,0.5,1.8,1.1047613104343401
1,8208,1.0,0.5,1.8,1.6530441461519831
1,8209,1.0,0.5,1.8,1.0022494083313667
1,8210,1.0,0.5,1.8,1.383346722969822
1,8211,1.0,0.5,1.8,1.119508974912343
1,8212,1.0,0.5,1.8,0.4730093910193782
1,8213,1.0,0.5,1.8,0.9726589391713683
1,8214,1.0,0.5,1.8,0.7730080415870819
1,8215,1.0,0.5,1.8,0.4798624778381217
1,8216,1.0,0.5,1.8,0.9374168888301424
1,8217,1.0,0.5,1.8,0.826185569248361
1,8218,1.0,0.5,1.8,1.4054870488237041
1,8219,1.0,0.5,1.8,0.5002249135138318
1,8220,1.0,0.5,1.8,0.4920125453899189
1,8221,1.0,0.5,1.8,1.0373715234886023
1,8222,1.0,0.5,1.8,0.8445013183243545
1,8223,1.0,0.5,1.8,1.4633973838254262
1,8224,1.0,0.5,1.8,0.5023331084515524
1,8225,1.0,0.5,1.8,0.844811838819142
1,8226,1.0,0.5,1.8,1.311858572978272
1,8227,1.0,0.5,1.8,1.230146956615536
1,8228,1.0,0.5,1.8,0.2604452600212939
1,8229,1.0,0.5,1.8,1.1435825279836531
1,8230,1.0,0.5,1.8,0.801778126693905
1,8231,1.0,0.5,1.8,0.12393363736590224
1,8232,1.0,0.5,1.8,0.6939687410443447
1,8233,1.0,0.5,1.8,0.9829158495035406
1,8234,1.0,0.5,1.8,0.4357259340857629
1,8235,1.0,0.5,1.8,0.834994082044197
1,8236,1.0,0.5,1.8,1.0462225017110418
1,8237,1.0,0.5,1.8,0.286524478798109
1,8238,1.0,0.5,1.8,1.5263642291469177
1,8239,1.0,0.5,1.8,1.583470967441047
1,8240,1.0,0.5,1.8,0.9437756217428572
1,8241,1.0,0.5,1.8,1.2103063884490934
1,8242,1.0,0.5,1.8,1.1211593692289294
1,8243,1.0,0.5,1.8,0.8408065916785483
1,8244,1.0,0.5,1.8,1.1998992962044361
1,8245,1.0,0.5,1.8,1.3459903632546726
1,8246,1.0,0.5,1.8,1.2443272563137338
1,8247,1.0,0.5,1.8,1.255187763669143
1,8248,1.0,0.5,1.8,1.5310408839831098
1,8249,1.0,0.5,1.8,0.4641381912605558
1,8250,1.0,0.5,1.8,1.196292178428994
1,8251,1.0,0.5,1.8,0.2608258264905834
1,8252,1.0,0.5,1.8,1.2931799040173177
1,8253,1.0,0.5,1.8,1.368297471900323
1,8254,1.0,0.5,1.8,1.781489151631176
1,8255,1.0,0.5,1.8,0.6720005680584856
1,8256,1.0,0.5,1.8,0.3071101381608523
1,8257,1.0,0.5,1.8,0.6705252631153363
1,8258,1.0,0.5,1.8,1.4509998091180205
1,8259,1.0,0.5,1.8,0.13533521603549808
1,8260,1.0,0.5,1.8,1.0132706548338497
1,8261,1.0,0.5,1.8,0.9694890419577861
1,8262,1.0,0.5,1.8,0.5244409864993811
1,8263,1.0,0.5,1.8,1.154014144670295
1,8264,1.0,0.5,1.8,1.1069833119402492
1,8265,1.0,0.5,1.8,0.4811350526051339
1,8266,1.0,0.5,1.8,1.0826393950046218
1,8267,1.0,0.5,1.8,1.5411904954892657
1,8268,1.0,0.5,1.8,1.4481784042197963
1,8269,1.0,0.5,1.8,0.7499424071625292
1,8270,1.0,0.5,1.8,1.6524257004173466
1,8271,1.0,0.5,1.8,0.2939731158741913
1,8272,1.0,0.5,1.8,1.3833270227205017
1,8273,1.0,0.5,1.8,0.3784371713455774
1,8274,1.0,0.5,1.8,0.4861864592504918
1,8275,1.0,0.5,1.8,0.33869812342320604
1,8276,1.0,0.5,1.8,0.7317136677362721
1,8277,1.0,0.5,1.8,1.3533155806748585
1,8278,1.0,0.5,1.8,1.3242040333620198
1,8279,1.0,0.5,1.8,1.2993054634037835
1,8280,1.0,0.5,1.8,0.6263424345231512
1,8281,1.0,0.5,1.8,0.40322042167951133
1,8282,1.0,0.5,1.8,1.1753085021111798
1,8283,1.0,0.5,1.8,1.2157058891852468
1,8284,1.0,0.5,1.8,0.9611106929521444
1,8285,1.0,0.5,1.8,0.8910540999814767
1,8286,1.0,0.5,1.8,1.7537056168874556
1,8287,1.0,0.5,1.8,0.30444039376868703
1,8288,1.0,0.5,1.8,0.8103704062845918
1,8289,1.0,0.5,1.8,0.5111161246735237
1,8290,1.0,0.5,1.8,0.6906245441736223
1,8291,1.0,0.5,1.8,1.2782837643524045
1,8292,1.0,0.5,1.8,1.0173990640750534
1,8293,1.0,0.5,1.8,0.3060518963823915
1,8294,1.0,0.5,1.8,1.0065793714695037
1,8295,1.0,0.5,1.8,0.5485788391061803
1,8296,1.0,0.5,1.8,0.9632225345965614
1,8297,1.0,0.5,1.8,0.7023984675105527
1,8298,1.0,0.5,1.8,0.650408433580742
1,8299,1.0,0.5,1.8,0.38284137925080364
1,8300,1.0,0.5,1.8,0.6376949394842101
1,8301,1.0,0.5,1.8,1.286576285849345
1,8302,1.0,0.5,1.8,1.163653720159469
1,8303,1.0,0.5,1.8,0.3343503316668815
1,8304,1.0,0.5,1.8,1.111976240974535
1,8305,1.0,0.5,1.8,0.5994848780358433
1,8306,1.0,0.5,1.8,1.23162504287063
1,8307,1.0,0.5,1.8,0.1392482125221584
1,8308,1.0,0.5,1.8,0.5552799042889541
1,8309,1.0,0.5,1.8,1.7206751971073801
1,8310,1.0,0.5,1.8,0.8457931097013851
1,8311,1.0,0.5,1.8,0.08514041613848965
1,8312,1.0,0.5,1.8,1.2163400662057242
1,8313,1.0,0.5,1.8,1.2860160341501923
1,8314,1.0,0.5,1.8,1.196693355031732
1,8315,1.0,0.5,1.8,0.6201571722609753
1,8316,1.0,0.5,1.8,0.8088070676964036
1,8317,1.0,0.5,1.8,1.0066697553386086
1,8318,1.0,0.5,1.8,0.35127159549615306
1,8319,1.0,0.5,1.8,1.3916009718627644
1,8320,1.0,0.5,1.8,0.8852883182222104
1,8321,1.0,0.5,1.8,0.9154033787311237
1,8322,1.0,0.5,1.8,1.103499746123319
1,8323,1.0,0.5,1.8,1.4809749320794423
1,8324,1.0,0.5,1.8,0.4110282461964138
1,8325,1.0,0.5,1.8,1.09640529349401
1,8326,1.0,0.5,1.8,0.5529558006246195
1,8327,1.0,0.5,1.8,1.3303978022496683
1,8328,1.0,0.5,1.8,0.9647523883224159
1,8329,1.0,0.5,1.8,1.1046329415669673
1,8330,1.0,0.5,1.8,1.3806913509474894
1,8331,1.0,0.5,1.8,0.8732933996682202
1,8332,1.0,0.5,1.8,0.5383870777075426
1,8333,1.0,0.5,1.8,0.9910568971151402
1,8334,1.0,0.5,1.8,1.1579093068976332
1,8335,1.0,0.5,1.8,0.06000216377774734
1,8336,1.0,0.5,1.8,1.0916615175676903
1,8337,1.0,0.5,1.8,0.8837162185105808
1,8338,1.0,0.5,1.8,0.9282034655933177
1,8339,1.0,0.5,1.8,1.2443823027617802
1,8340,1.0,0.5,1.8,0.5832304332253208
1,8341,1.0,0.5,1.8,1.1688568649157476
1,8342,1.0,0.5,1.8,1.703198885163464
1,8343,1.0,0.5,1.8,0.5352522797496854
1,8344,1.0,0.5,1.8,0.5541244517717672
1,8345,1.0,0.5,1.8,0.6880965317218621
1,8346,1.0,0.5,1.8,0.7408092422409491
1,8347,1.0,0.5,1.8,0.49977556976473164
1,8348,1.0,0.5,1.8,0.33614854520492815
1,8349,1.0,0.5,1.8,1.1764355187778612
1,8350,1.0,0.5,1.8,1.1363781750429816
1,8351,1.0,0.5,1.8,0.157414469780743
1,8352,1.0,0.5,1.8,1.7779831480950172
1,8353,1.0,0.5,1.8,1.0420461550510642
1,8354,1.0,0.5,1.8,0.5687015767900628
1,8355,1.0,0.5,1.8,0.9573802134197453
1,8356,1.0,0.5,1.8,1.5849189292727115
1,8357,1.0,0.5,1.8,0.569598314249513
1,8358,1.0,0.5,1.8,1.2571799135624881
1,8359,1.0,0.5,1.8,1.1983478368936014
1,8360,1.0,0.5,1.8,0.8818207006890353
1,8361,1.0,0.5,1.8,1.31160593403862
1,8362,1.0,0.5,1.8,0.7943398725428548
1,8363,1.0,0.5,1.8,0.703596806787951
1,8364,1.0,0.5,1.8,1.5178667669761405
1,8365,1.0,0.5,1.8,0.6550105349758045
1,8366,1.0,0.5,1.8,0.8863806220484229
1,8367,1.0,0.5,1.8,0.6923949977884366
1,8368,1.0,0.5,1.8,0.8300766427008883
1,8369,1.0,0.5,1.8,1.6178037021619613
1,8370,1.0,0.5,1.8,0.505233836946187
1,8371,1.0,0.5,1.8,0.8627023283863542
1,8372,1.0,0.5,1.8,0.4364447818938907
1,8373,1.0,0.5,1.8,0.7657510598291071
1,8374,1.0,0.5,1.8,1.1622660914385883
1,8375,1.0,0.5,1.8,1.0839986251919116
1,8376,1.0,0.5,1.8,0.5879190816140107
1,8377,1.0,0.5,1.8,0.925432413855786
1,8378,1.0,0.5,1.8,1.6567265520572214
1,8379,1.0,0.5,1.8,0.3894578120419318
1,8380,1.0,0.5,1.8,1.2522050131005396
1,8381,1.0,0.5,1.8,0.8178517109812219
1,8382,1.0,0.5,1.8,0.6500289810042484
1,8383,1.0,0.5,1.8,0.6613592797301887
1,8384,1.0,0.5,1.8,0.9070664285088236
1,8385,1.0,0.5,1.8,0.6500412376458128
1,8386,1.0,0.5,1.8,1.0049732894376102
1,8387,1.0,0.5,1.8,0.9389590698376873
1,8388,1.0,0.5,1.8,1.2782731277981878
1,8389,1.0,0.5,1.8,0.9877771537000091
1,8390,1.0,0.5,1.8,0.8019671662948926
1,8391,1.0,0.5,1.8,0.615411789017488
1,8392,1.0,0.5,1.8,1.6477885216059398
1,8393,1.0,0.5,1.8,0.6460012214894958
1,8394,1.0,0.5,1.8,1.2155879399839606
1,8395,1.0,0.5,1.8,0.5052793460711901
1,8396,1.0,0.5,1.8,0.9958801760110076
1,8397,1.0,0.5,1.8,0.765311932508655
1,8398,1.0,0.5,1.8,0.6636740374112019
1,8399,1.0,0.5,1.8,1.7367167661977467
1,8400,1.0,0.5,1.8,0.04498419909712356
1,8401,1.0,0.5,1.8,1.6227304342361546
1,8402,1.0,0.5,1.8,0.23839122624665465
1,8403,1.0,0.5,1.8,0.6074709132114064
1,8404,1.0,0.5,1.8,0.9654478405820499
1,8405,1.0,0.5,1.8,0.5343146047131301
1,8406,1.0,0.5,1.8,0.9424259830498657
1,8407,1.0,0.5,1.8,1.4436545225127113
1,8408,1.0,0.5,1.8,1.0776624053430182
1,8409,1.0,0.5,1.8,1.3438113841410988
1,8410,1.0,0.5,1.8,1.2678015452680045
1,8411,1.0,0.5,1.8,1.484590774806467
1,8412,1.0,0.5,1.8,1.0451961037337316
1,8413,1.0,0.5,1.8,0.9482192361584707
1,8414,1.0,0.5,1.8,0.9716107083718053
1,8415,1.0,0.5,1.8,1.1309452716511308
1,8416,1.0,0.5,1.8,0.47660916016786203
1,8417,1.0,0.5,1.8,0.7344785894048628
1,8418,1.0,0.5,1.8,0.7557521041438988
1,8419,1.0,0.5,1.8,1.202552617408679
1,8420,1.0,0.5,1.8,1.0108095527954648
1,8421,1.0,0.5,1.8,0.6638460058951393
1,8422,1.0,0.5,1.8,0.35387877681557234
1,8423,1.0,0.5,1.8,0.9649528845904846
1,8424,1.0,0.5,1.8,1.2704445347408608
1,8425,1.0,0.5,1.8,0.9779916037140195
1,8426,1.0,0.5,1.8,0.5960488679161398
1,8427,1.0,0.5,1.8,0.1497153462709777
1,8428,1.0,0.5,1.8,0.5220848251091835
1,8429,1.0,0.5,1.8,0.44208481100315095
1,8430,1.0,0.5,1.8,0.4098988235021305
1,8431,1.0,0.5,1.8,1.2263936826088069
1,8432,1.0,0.5,1.8,0.21485170558059447
1,8433,1.0,0.5,1.8,0.7650826235387469
1,8434,1.0,0.5,1.8,0.7655899779545532
1,8435,1.0,0.5,1.8,0.8218323560937598
1,8436,1.0,0.5,1.8,1.6050778202349212
1,8437,1.0,0.5,1.8,1.0666084637091104
1,8438,1.0,0.5,1.8,1.3434429843296087
1,8439,1.0,0.5,1.8,1.5453445375755623
1,8440,1.0,0.5,1.8,0.48547969460584656
1,8441,1.0,0.5,1.8,0.28346327679321054
1,8442,1.0,0.5,1.8,0.1648460865502663
1,8443,1.0,0.5,1.8,0.8645900661110285
1,8444,1.0,0.5,1.8,0.664443789304856
1,8445,1.0,0.5,1.8,0.894220015696699
1,8446,1.0,0.5,1.8,1.12667555876726
1,8447,1.0,0.5,1.8,0.7095034468270196
1,8448,1.0,0.5,1.8,1.3515127258557127
1,8449,1.0,0.5,1.8,0.7730525516016085
1,8450,1.0,0.5,1.8,0.6303062370875163
1,8451,1.0,0.5,1.8,0.7831795498464758
1,8452,1.0,0.5,1.8,1.410876105007137
1,8453,1.0,0.5,1.8,1.372026516955444
1,8454,1.0,0.5,1.8,0.7757877719372932
1,8455,1.0,0.5,1.8,0.4597912545869658
1,8456,1.0,0.5,1.8,1.1627652784357982
1,8457,1.0,0.5,1.8,1.0499734442016546
1,8458,1.0,0.5,1.8,0.5421432868113953
1,8459,1.0,0.5,1.8,1.2951959976101985
1,8460,1.0,0.5,1.8,1.2550851200970945
1,8461,1.0,0.5,1.8,0.91210087116585
1,8462,1.0,0.5,1.8,1.2813251268868433
1,8463,1.0,0.5,1.8,1.1432601582366013
1,8464,1.0,0.5,1.8,0.17246620569378965
1,8465,1.0,0.5,1.8,1.1345146251266076
1,8466,1.0,0.5,1.8,1.3595009072142337
1,8467,1.0,0.5,1.8,0.6662684522256234
1,8468,1.0,0.5,1.8,0.5685579828626429
1,8469,1.0,0.5,1.8,0.5469284943392311
1,8470,1.0,0.5,1.8,0.8103034230552673
1,8471,1.0,0.5,1.8,0.5001629263044708
1,8472,1.0,0.5,1.8,0.1977897785029543
1,8473,1.0,0.5,1.8,0.8839303564669626
1,8474,1.0,0.5,1.8,1.0530875763485112
1,8475,1.0,0.5,1.8,1.1582819330975034
1,8476,1.0,0.5,1.8,1.179838568490774
1,8477,1.0,0.5,1.8,0.4025539186176989
1,8478,1.0,0.5,1.8,0.6781534024598463
1,8479,1.0,0.5,1.8,1.3503455842142378
1,8480,1.0,0.5,1.8,0.10120762700354545
1,8481,1.0,0.5,1.8,1.0959249383379082
1,8482,1.0,0.5,1.8,0.9024259218450668
1,8483,1.0,0.5,1.8,1.3089833944702225
1,8484,1.0,0.5,1.8,1.351237006689063
1,8485,1.0,0.5,1.8,1.1627844115562675
1,8486,1.0,0.5,1.8,1.0613205507583185
1,8487,1.0,0.5,1.8,0.7410502069613961
1,8488,1.0,0.5,1.8,1.3589561728555832
1,8489,1.0,0.5,1.8,0.5090515021175426
1,8490,1.0,0.5,1.8,1.0431916034249222
1,8491,1.0,0.5,1.8,1.5810861858499392
1,8492,1.0,0.5,1.8,0.12445327356458483
1,8493,1.0,0.5,1.8,1.2068611708809307
1,8494,1.0,0.5,1.8,1.2720031059563055
1,8495,1.0,0.5,1.8,0.8991868937942643
1,8496,1.0,0.5,1.8,0.29652322523464075
1,8497,1.0,0.5,1.8,0.7127640516705989
1,8498,1.0,0.5,1.8,1.3484341967980678
1,8499,1.0,0.5,1.8,0.3129630670021541
1,8500,1.0,0.5,1.8,1.3666237467822688
1,8501,1.0,0.5,1.8,1.1203202304717843
1,8502,1.0,0.5,1.8,0.9049651638567002
1,8503,1.0,0.5,1.8,0.68676313747623
1,8504,1.0,0.5,1.8,1.5542199817426257
1,8505,1.0,0.5,1.8,0.21210606008262572
1,8506,1.0,0.5,1.8,1.4421635541332445
1,8507,1.0,0.5,1.8,1.4567539352090597
1,8508,1.0,0.5,1.8,1.60296295745638
1,8509,1.0,0.5,1.8,0.12918379268094107
1,8510,1.0,0.5,1.8,0.8905251267191859
1,8511,1.0,0.5,1.8,0.3136032619461392
1,8512,1.0,0.5,1.8,1.048053619700324
1,8513,1.0,0.5,1.8,0.8931510235778723
1,8514,1.0,0.5,1.8,0.5253853519619622
1,8515,1.0,0.5,1.8,0.9408303733364742
1,8516,1.0,0.5,1.8,0.967794436624079
1,8517,1.0,0.5,1.8,1.038944237385898
1,8518,1.0,0.5,1.8,0.7323798812574657
1,8519,1.0,0.5,1.8,0.8276774174872725
1,8520,1.0,0.5,1.8,1.0672460193771056
1,8521,1.0,0.5,1.8,0.7501285192862616
1,8522,1.0,0.5,1.8,0.3646214945550179
1,8523,1.0,0.5,1.8,0.9788182044283924
1,8524,1.0,0.5,1.8,0.7977816836036846
1,8525,1.0,0.5,1.8,0.9782556134951823
1,8526,1.0,0.5,1.8,1.424084521463224
1,8527,1.0,0.5,1.8,0.10137329032895778
1,8528,1.0,0.5,1.8,1.153050710384495
1,8529,1.0,0.5,1.8,0.556762515526543
1,8530,1.0,0.5,1.8,0.5920321635413424
1,8531,1.0,0.5,1.8,0.985188950435306
1,8532,1.0,0.5,1.8,1.7304475593851154
1,8533,1.0,0.5,1.8,0.6453410028407418
1,8534,1.0,0.5,1.8,1.5417411297896098
1,8535,1.0,0.5,1.8,0.9851450459206733
1,8536,1.0,0.5,1.8,0.8730708458926248
1,8537,1.0,0.5,1.8,1.3760302654621055
1,8538,1.0,0.5,1.8,1.1833237665054945
1,8539,1.0,0.5,1.8,1.4048078967938917
1,8540,1.0,0.5,1.8,0.4189054619061582
1,8541,1.0,0.5,1.8,0.6723307084745808
1,8542,1.0,0.5,1.8,1.0963004170708583
1,8543,1.0,0.5,1.8,0.5946792530511521
1,8544,1.0,0.5,1.8,0.8199730801155803
1,8545,1.0,0.5,1.8,0.4263717744885496
1,8546,1.0,0.5,1.8,1.6973512944660536
1,8547,1.0,0.5,1.8,0.7219200956713131
1,8548,1.0,0.5,1.8,1.2277223567578457
1,8549,1.0,0.5,1.8,0.8608156652660404
1,8550,1.0,0.5,1.8,0.749712732512365
1,8551,1.0,0.5,1.8,0.7593863621330548
1,8552,1.0,0.5,1.8,1.0427889213946704
1,8553,1.0,0.5,1.8,0.6896530626407891
1,8554,1.0,0.5,1.8,0.955128470616547
1,8555,1.0,0.5,1.8,1.100261706267438
1,8556,1.0,0.5,1.8,0.2884581889263553
1,8557,1.0,0.5,1.8,0.8374871590705304
1,8558,1.0,0.5,1.8,1.0770793548617086
1,8559,1.0,0.5,1.8,0.995992002518443
1,8560,1.0,0.5,1.8,0.8546276136653808
1,8561,1.0,0.5,1.8,0.7239529440995277
1,8562,1.0,0.5,1.8,0.305472170200413
1,8563,1.0,0.5,1.8,1.1901987918661419
1,8564,1.0,0.5,1.8,1.279061933546543
1,8565,1.0,0.5,1.8,1.0831990961144666
1,8566,1.0,0.5,1.8,1.3750444781282782
1,8567,1.0,0.5,1.8,1.2361498525172738
1,8568,1.0,0.5,1.8,1.2533263749864512
1,8569,1.0,0.5,1.8,0.4594192395686488
1,8570,1.0,0.5,1.8,0.8750677279487484
1,8571,1.0,0.5,1.8,0.2110284760814149
1,8572,1.0,0.5,1.8,0.46014677199160126
1,8573,1.0,0.5,1.8,1.3254572865935172
1,8574,1.0,0.5,1.8,0.6744056869147895
1,8575,1.0,0.5,1.8,0.6801541656502282
1,8576,1.0,0.5,1.8,0.4439643604583954
1,8577,1.0,0.5,1.8,0.9370801460478584
1,8578,1.0,0.5,1.8,0.6668414923930116
1,8579,1.0,0.5,1.8,1.1347967535433603
1,8580,1.0,0.5,1.8,1.3337202096481933
1,8581,1.0,0.5,1.8,0.5726831339787659
1,8582,1.0,0.5,1.8,0.4935934402942086
1,8583,1.0,0.5,1.8,0.5693253541973687
1,8584,1.0,0.5,1.8,1.5329828956341012
1,8585,1.0,0.5,1.8,0.9672380860176633
1,8586,1.0,0.5,1.8,1.0531530817372137
1,8587,1.0,0.5,1.8,1.0586658840314003
1,8588,1.0,0.5,1.8,0.43548010174726265
1,8589,1.0,0.5,1.8,0.7180603428907353
1,8590,1.0,0.5,1.8,0.632351784362948
1,8591,1.0,0.5,1.8,1.2360309992724499
1,8592,1.0,0.5,1.8,0.8980631569967975
1,8593,1.0,0.5,1.8,0.2977524525000199
1,8594,1.0,0.5,1.8,0.14883483234152514
1,8595,1.0,0.5,1.8,1.590962737393435
1,8596,1.0,0.5,1.8,0.33825954985461454
1,8597,1.0,0.5,1.8,0.7343853005188524
1,8598,1.0,0.5,1.8,0.9922445614911863
1,8599,1.0,0.5,1.8,1.150679317810942
1,8600,1.0,0.5,1.8,0.48118063072516865
1,8601,1.0,0.5,1.8,1.5369661043120972
1,8602,1.0,0.5,1.8,0.5261614542500317
1,8603,1.0,0.5,1.8,0.3889676476327718
1,8604,1.0,0.5,1.8,0.8464998252820295
1,8605,1.0,0.5,1.8,1.515339572045135
1,8606,1.0,0.5,1.8,1.3972630154129537
1,8607,1.0,0.5,1.8,1.3953217864962963
1,8608,1.0,0.5,1.8,1.1142695409505157
1,8609,1.0,0.5,1.8,1.0174241779832194
1,8610,1.0,0.5,1.8,1.1117221724493247
1,8611,1.0,0.5,1.8,1.285222510519303
1,8612,1.0,0.5,1.8,1.248673129001331
1,8613,1.0,0.5,1.8,0.9782674165908608
1,8614,1.0,0.5,1.8,1.030143559149022
1,8615,1.0,0.5,1.8,1.4448649876421298
1,8616,1.0,0.5,1.8,0.9414232150639151
1,8617,1.0,0.5,1.8,1.5929602346668386
1,8618,1.0,0.5,1.8,1.0666509303132243
1,8619,1.0,0.5,1.8,0.9631095225970359
1,8620,1.0,0.5,1.8,0.560302214467825
1,8621,1.0,0.5,1.8,0.5951447317329391
1,8622,1.0,0.5,1.8,1.1182080198916156
1,8623,1.0,0.5,1.8,0.449238601729129
1,8624,1.0,0.5,1.8,0.7468135450357535
1,8625,1.0,0.5,1.8,0.7229899508195037
1,8626,1.0,0.5,1.8,0.3500230606813536
1,8627,1.0,0.5,1.8,0.8634282889313128
1,8628,1.0,0.5,1.8,1.2129263136860597
1,8629,1.0,0.5,1.8,0.6941182008710669
1,8630,1.0,0.5,1.8,1.1239721414354948
1,8631,1.0,0.5,1.8,1.239744147869416
1,8632,1.0,0.5,1.8,0.4038212144763549
1,8633,1.0,0.5,1.8,0.23983560042873964
1,8634,1.0,0.5,1.8,0.4999377691479853
1,8635,1.0,0.5,1.8,0.9984345980241368
1,8636,1.0,0.5,1.8,1.0622415437831996
1,8637,1.0,0.5,1.8,1.311511053095139
1,8638,1.0,0.5,1.8,0.4016975587668979
1,8639,1.0,0.5,1.8,0.5011119606522506
1,8640,1.0,0.5,1.8,1.0711517570690663
1,8641,1.0,0.5,1.8,1.2462438321825289
1,8642,1.0,0.5,1.8,1.5573905802910277
1,8643,1.0,0.5,1.8,0.674346129382089
1,8644,1.0,0.5,1.8,1.4080924277542177
1,8645,1.0,0.5,1.8,0.12125778948988641
1,8646,1.0,0.5,1.8,0.9727853036634548
1,8647,1.0,0.5,1.8,0.9697441648353047
1,8648,1.0,0.5,1.8,0.7338403441742599
1,8649,1.0,0.5,1.8,1.0378665649806453
1,8650,1.0,0.5,1.8,1.2021840592818895
1,8651,1.0,0.5,1.8,0.37167575106188705
1,8652,1.0,0.5,1.8,0.9374701125701953
1,8653,1.0,0.5,1.8,1.257105954797769
1,8654,1.0,0.5,1.8,0.9628250692869367
1,8655,1.0,0.5,1.8,0.9018739299170786
1,8656,1.0,0.5,1.8,0.8111929941290542
1,8657,1.0,0.5,1.8,0.6120667404264262
1,8658,1.0,0.5,1.8,1.0297855112977352
1,8659,1.0,0.5,1.8,0.5324646791951281
1,8660,1.0,0.5,1.8,0.6953525900766433
1,8661,1.0,0.5,1.8,1.4017997463749254
1,8662,1.0,0.5,1.8,1.4991614011016918
1,8663,1.0,0.5,1.8,0.8133864241974481
1,8664,1.0,0.5,1.8,1.0422622671475315
1,8665,1.0,0.5,1.8,0.6880093469911988
1,8666,1.0,0.5,1.8,0.7642066717206731
1,8667,1.0,0.5,1.8,0.12237297907262495
1,8668,1.0,0.5,1.8,0.8970053495804032
1,8669,1.0,0.5,1.8,1.5593819032659
1,8670,1.0,0.5,1.8,1.0056663845569174
1,8671,1.0,0.5,1.8,0.9522161444822014
1,8672,1.0,0.5,1.8,0.9550808085085477
1,8673,1.0,0.5,1.8,0.5398095321300945
1,8674,1.0,0.5,1.8,1.246383419118706
1,8675,1.0,0.5,1.8,0.950808734912429
1,8676,1.0,0.5,1.8,1.162278568924501
1,8677,1.0,0.5,1.8,1.3890606748568883
1,8678,1.0,0.5,1.8,1.2377521010361936
1,8679,1.0,0.5,1.8,1.0364939000573736
1,8680,1.0,0.5,1.8,0.7952083754023428
1,8681,1.0,0.5,1.8,0.3655106216226506
1,8682,1.0,0.5,1.8,1.755578803921112
1,8683,1.0,0.5,1.8,1.5230663637194364
1,8684,1.0,0.5,1.8,0.8288783016139297
1,8685,1.0,0.5,1.8,1.129993546516744
1,8686,1.0,0.5,1.8,0.6915348848642823
1,8687,1.0,0.5,1.8,0.8786358648322048
1,8688,1.0,0.5,1.8,1.2786392748902846
1,8689,1.0,0.5,1.8,0.28307239529699096
1,8690,1.0,0.5,1.8,0.5313816389497249
1,8691,1.0,0.5,1.8,0.8386034097236834
1,8692,1.0,0.5,1.8,0.8400356046944353
1,8693,1.0,0.5,1.8,0.928493384209464
1,8694,1.0,0.5,1.8,0.17036838380995564
1,8695,1.0,0.5,1.8,1.400681545103149
1,8696,1.0,0.5,1.8,0.3436141341520301
1,8697,1.0,0.5,1.8,0.8164825654655995
1,8698,1.0,0.5,1.8,1.0277034691276232
1,8699,1.0,0.5,1.8,0.28115165107139545
1,8700,1.0,0.5,1.8,0.693012227730354
1,8701,1.0,0.5,1.8,1.027346148858037
1,8702,1.0,0.5,1.8,1.0102816238656027
1,8703,1.0,0.5,1.8,0.9075386147896546
1,8704,1.0,0.5,1.8,0.8894398866225942
1,8705,1.0,0.5,1.8,1.2330480074173673
1,8706,1.0,0.5,1.8,1.2904843241764188
1,8707,1.0,0.5,1.8,0.7688398616181623
1,8708,1.0,0.5,1.8,0.5963181271435787
1,8709,1.0,0.5,1.8,0.8576197966450336
1,8710,1.0,0.5,1.8,0.7889643779796213
1,8711,1.0,0.5,1.8,1.1164184122818164
1,8712,1.0,0.5,1.8,0.9158673769621651
1,8713,1.0,0.5,1.8,1.14872290924199
1,8714,1.0,0.5,1.8,0.06463998436839385
1,8715,1.0,0.5,1.8,0.912766304866233
1,8716,1.0,0.5,1.8,0.7866975202722544
1,8717,1.0,0.5,1.8,0.4234114076902313
1,8718,1.0,0.5,1.8,1.4015615511540538
1,8719,1.0,0.5,1.8,0.9018143270760179
1,8720,1.0,0.5,1.8,0.258714453972315
1,8721,1.0,0.5,1.8,1.1440187178301806
1,8722,1.0,0.5,1.8,1.1923523444711488
1,8723,1.0,0.5,1.8,0.8480079748102305
1,8724,1.0,0.5,1.8,1.7467174852147354
1,8725,1.0,0.5,1.8,0.1620540746293048
1,8726,1.0,0.5,1.8,1.4845135293480969
1,8727,1.0,0.5,1.8,0.4007185239684575
1,8728,1.0,0.5,1.8,1.7190242450012942
1,8729,1.0,0.5,1.8,1.3441677992239895
1,8730,1.0,0.5,1.8,1.2092948652543012
1,8731,1.0,0.5,1.8,0.7203382988905223
1,8732,1.0,0.5,1.8,1.1305024899360052
1,8733,1.0,0.5,1.8,1.2918593557717584
1,8734,1.0,0.5,1.8,1.215910433089163
1,8735,1.0,0.5,1.8,0.539307378878593
1,8736,1.0,0.5,1.8,1.0424021681903346
1,8737,1.0,0.5,1.8,1.1629426218125536
1,8738,1.0,0.5,1.8,0.7860409787684146
1,8739,1.0,0.5,1.8,0.6264915593197795
1,8740,1.0,0.5,1.8,1.5179865381723752
1,8741,1.0,0.5,1.8,0.5992822740135074
1,8742,1.0,0.5,1.8,0.5055452413818233
1,8743,1.0,0.5,1.8,0.8718573169276713
1,8744,1.0,0.5,1.8,1.014939718326671
1,8745,1.0,0.5,1.8,0.7527717633902977
1,8746,1.0,0.5,1.8,0.8893277029726339
1,8747,1.0,0.5,1.8,1.262191006343685
1,8748,1.0,0.5,1.8,0.9768951687251343
1,8749,1.0,0.5,1.8,0.6235350303467377
1,8750,1.0,0.5,1.8,0.9323342721119654
1,8751,1.0,0.5,1.8,0.2524691911642002
1,8752,1.0,0.5,1.8,0.3153717281631699
1,8753,1.0,0.5,1.8,0.2817455433091424
1,8754,1.0,0.5,1.8,0.46952094072929823
1,8755,1.0,0.5,1.8,0.7836885719764025
1,8756,1.0,0.5,1.8,0.8743363761043026
1,8757,1.0,0.5,1.8,0.3683469341851143
1,8758,1.0,0.5,1.8,0.9575774840915634
1,8759,1.0,0.5,1.8,0.854692526310776
1,8760,1.0,0.5,1.8,0.4377683007241535
1,8761,1.0,0.5,1.8,0.8160187006864974
1,8762,1.0,0.5,1.8,0.15846162272999317
1,8763,1.0,0.5,1.8,1.4530867912031213
1,8764,1.0,0.5,1.8,0.5940096717113494
1,8765,1.0,0.5,1.8,1.0113978260959577
1,8766,1.0,0.5,1.8,0.17479895037037343
1,8767,1.0,0.5,1.8,0.5268522953542222
1,8768,1.0,0.5,1.8,1.307280297503866
1,8769,1.0,0.5,1.8,1.3871899461903667
1,8770,1.0,0.5,1.8,0.8293841312774854
1,8771,1.0,0.5,1.8,0.6504673132740338
1,8772,1.0,0.5,1.8,0.58462444478958
1,8773,1.0,0.5,1.8,0.74191271304002
1,8774,1.0,0.5,1.8,0.6160956456037917
1,8775,1.0,0.5,1.8,0.5484441399369859
1,8776,1.0,0.5,1.8,0.9009830356335462
1,8777,1.0,0.5,1.8,0.38949898630944635
1,8778,1.0,0.5,1.8,1.0210726201080027
1,8779,1.0,0.5,1.8,0.7142009828617597
1,8780,1.0,0.5,1.8,0.8929731719431531
1,8781,1.0,0.5,1.8,1.0098813741826334
1,8782,1.0,0.5,1.8,1.3585948245257764
1,8783,1.0,0.5,1.8,0.7234592487834705
1,8784,1.0,0.5,1.8,0.5342891555407492
1,8785,1.0,0.5,1.8,0.9494961170046471
1,8786,1.0,0.5,1.8,0.8939924869687095
1,8787,1.0,0.5,1.8,1.008378855222438
1,8788,1.0,0.5,1.8,0.7024978203451969
1,8789,1.0,0.5,1.8,1.4588057220414303
1,8790,1.0,0.5,1.8,0.39546881492307184
1,8791,1.0,0.5,1.8,0.6085382343411875
1,8792,1.0,0.5,1.8,0.46719555040266947
1,8793,1.0,0.5,1.8,0.7487063138859866
1,8794,1.0,0.5,1.8,0.45929418300681035
1,8795,1.0,0.5,1.8,0.8301707830445567
1,8796,1.0,0.5,1.8,1.4760179271249991
1,8797,1.0,0.5,1.8,0.78823544093545
1,8798,1.0,0.5,1.8,1.2219652579079987
1,8799,1.0,0.5,1.8,0.4666412129695112
1,8800,1.0,0.5,1.8,0.7681378365019584
1,8801,1.0,0.5,1.8,0.6002150173780012
1,8802,1.0,0.5,1.8,0.7574154286724696
1,8803,1.0,0.5,1.8,0.6932937903730998
1,8804,1.0,0.5,1.8,0.4084413316513976
1,8805,1.0,0.5,1.8,1.0827863661617798
1,8806,1.0,0.5,1.8,0.8299392872204732
1,8807,1.0,0.5,1.8,1.3324349057411249
1,8808,1.0,0.5,1.8,1.1464737613608653
1,8809,1.0,0.5,1.8,0.5410658272725982
1,8810,1.0,0.5,1.8,1.480846723584659
1,8811,1.0,0.5,1.8,0.26646591332416764
1,8812,1.0,0.5,1.8,0.5366600545596254
1,8813,1.0,0.5,1.8,1.3950158734644404
1,8814,1.0,0.5,1.8,1.5763103850405304
1,8815,1.0,0.5,1.8,0.7097528501685143
1,8816,1.0,0.5,1.8,0.24724501448872696
1,8817,1.0,0.5,1.8,1.300996200104565
1,8818,1.0,0.5,1.8,0.9465280800631801
1,8819,1.0,0.5,1.8,1.183617634825942
1,8820,1.0,0.5,1.8,1.0724895702977775
1,8821,1.0,0.5,1.8,0.7167417774469356
1,8822,1.0,0.5,1.8,0.9535097072007596
1,8823,1.0,0.5,1.8,0.6508495409274163
1,8824,1.0,0.5,1.8,1.0139804960645915
1,8825,1.0,0.5,1.8,0.5725273452970634
1,8826,1.0,0.5,1.8,1.1105746041238684
1,8827,1.0,0.5,1.8,0.43822436705499984
1,8828,1.0,0.5,1.8,0.6210678588405883
1,8829,1.0,0.5,1.8,0.7135453238387298
1,8830,1.0,0.5,1.8,0.5809535174806997
1,8831,1.0,0.5,1.8,1.4663359476783189
1,8832,1.0,0.5,1.8,1.1683265735309936
1,8833,1.0,0.5,1.8,0.5724345470657233
1,8834,1.0,0.5,1.8,0.5795647260198198
1,8835,1.0,0.5,1.8,0.7496173247342308
1,8836,1.0,0.5,1.8,0.5043863070677277
1,8837,1.0,0.5,1.8,1.3147955659261055
1,8838,1.0,0.5,1.8,0.21692652506782686
1,8839,1.0,0.5,1.8,0.6810584769877361
1,8840,1.0,0.5,1.8,1.6399681183230987
1,8841,1.0,0.5,1.8,1.1725801957691062
1,8842,1.0,0.5,1.8,0.31738214155936195
1,8843,1.0,0.5,1.8,0.5655983433737034
1,8844,1.0,0.5,1.8,0.7281364032552828
1,8845,1.0,0.5,1.8,0.39111872992492674
1,8846,1.0,0.5,1.8,1.0531974935547996
1,8847,1.0,0.5,1.8,1.5185989893150007
1,8848,1.0,0.5,1.8,0.31403000304011525
1,8849,1.0,0.5,1.8,1.1333478006635784
1,8850,1.0,0.5,1.8,1.4893072696377523
1,8851,1.0,0.5,1.8,0.570168376084364
1,8852,1.0,0.5,1.8,0.8174400947855132
1,8853,1.0,0.5,1.8,1.2592467167638328
1,8854,1.0,0.5,1.8,0.7238507331215264
1,8855,1.0,0.5,1.8,0.839666030834007
1,8856,1.0,0.5,1.8,0.34751843839649527
1,8857,1.0,0.5,1.8,1.0121496467897166
1,8858,1.0,0.5,1.8,1.0517364107515748
1,8859,1.0,0.5,1.8,0.14500792186588662
1,8860,1.0,0.5,1.8,0.5847175246002397
1,8861,1.0,0.5,1.8,1.2896142501228183
1,8862,1.0,0.5,1.8,1.6855328669861527
1,8863,1.0,0.5,1.8,0.8041502622365725
1,8864,1.0,0.5,1.8,0.8933070066105079
1,8865,1.0,0.5,1.8,1.2551574716585066
1,8866,1.0,0.5,1.8,0.5463667414240477
1,8867,1.0,0.5,1.8,1.228489241225577
1,8868,1.0,0.5,1.8,0.8103903043838082
1,8869,1.0,0.5,1.8,0.6639744422492454
1,8870,1.0,0.5,1.8,1.276044808058898
1,8871,1.0,0.5,1.8,1.0501634636223947
1,8872,1.0,0.5,1.8,0.8011315020821024
1,8873,1.0,0.5,1.8,0.4540821429032446
1,8874,1.0,0.5,1.8,0.9361528244203954
1,8875,1.0,0.5,1.8,0.9034579573421313
1,8876,1.0,0.5,1.8,0.5868989460077069
1,8877,1.0,0.5,1.8,0.581459703283107
1,8878,1.0,0.5,1.8,1.2362673700028244
1,8879,1.0,0.5,1.8,1.355279984352972
1,8880,1.0,0.5,1.8,1.087660986301965
1,8881,1.0,0.5,1.8,1.5270946263461325
1,8882,1.0,0.5,1.8,0.7135304946488465
1,8883,1.0,0.5,1.8,0.8298261288133582
1,8884,1.0,0.5,1.8,1.7145270743625587
1,8885,1.0,0.5,1.8,0.522244276393678
1,8886,1.0,0.5,1.8,0.9953025756663388
1,8887,1.0,0.5,1.8,0.6833832377710516
1,8888,1.0,0.5,1.8,0.9238729493016324
1,8889,1.0,0.5,1.8,1.580097977927208
1,8890,1.0,0.5,1.8,1.4078450272251881
1,8891,1.0,0.5,1.8,0.2642045194919671
1,8892,1.0,0.5,1.8,1.0466616131060944
1,8893,1.0,0.5,1.8,0.16232401705422309
1,8894,1.0,0.5,1.8,1.2588311308200502
1,8895,1.0,0.5,1.8,0.17560595468941972
1,8896,1.0,0.5,1.8,0.773481225596569
1,8897,1.0,0.5,1.8,0.8996120243981097
1,8898,1.0,0.5,1.8,0.6984849664427693
1,8899,1.0,0.5,1.8,0.5564466222592235
1,8900,1.0,0.5,1.8,0.3568571680140012
1,8901,1.0,0.5,1.8,0.41272643498032646
1,8902,1.0,0.5,1.8,0.4357322094572877
1,8903,1.0,0.5,1.8,0.33651349432970445
1,8904,1.0,0.5,1.8,0.8181929307637562
1,8905,1.0,0.5,1.8,0.4560323116782401
1,8906,1.0,0.5,1.8,1.650519461325628
1,8907,1.0,0.5,1.8,0.3644471272602609
1,8908,1.0,0.5,1.8,1.561499737817289
1,8909,1.0,0.5,1.8,0.7163737513014427
1,8910,1.0,0.5,1.8,1.16705505888848
1,8911,1.0,0.5,1.8,1.722446213494057
1,8912,1.0,0.5,1.8,0.002546252627261239
1,8913,1.0,0.5,1.8,0.29779581213147516
1,8914,1.0,0.5,1.8,1.685866813748132
1,8915,1.0,0.5,1.8,0.4195274742319963
1,8916,1.0,0.5,1.8,0.977779130135577
1,8917,1.0,0.5,1.8,1.229993640212523
1,8918,1.0,0.5,1.8,0.4698586317540412
1,8919,1.0,0.5,1.8,0.2287964504093622
1,8920,1.0,0.5,1.8,1.2703163830335304
1,8921,1.0,0.5,1.8,1.1840624798704915
1,8922,1.0,0.5,1.8,0.9641277400710245
1,8923,1.0,0.5,1.8,1.3347529326069736
1,8924,1.0,0.5,1.8,0.499836605846652
1,8925,1.0,0.5,1.8,1.3266392288463742
1,8926,1.0,0.5,1.8,0.8694322472027226
1,8927,1.0,0.5,1.8,0.7529445329484878
1,8928,1.0,0.5,1.8,0.9122635826653123
1,8929,1.0,0.5,1.8,0.8633831404583371
1,8930,1.0,0.5,1.8,0.8323958933426563
1,8931,1.0,0.5,1.8,0.6538053888537186
1,8932,1.0,0.5,1.8,0.6653212396344375
1,8933,1.0,0.5,1.8,0.6495992891208745
1,8934,1.0,0.5,1.8,0.2032870302690081
1,8935,1.0,0.5,1.8,0.2516117732493576
1,8936,1.0,0.5,1.8,1.0614792506538857
1,8937,1.0,0.5,1.8,1.2694333258595731
1,8938,1.0,0.5,1.8,1.2813618468208903
1,8939,1.0,0.5,1.8,1.6026478392119134
1,8940,1.0,0.5,1.8,1.005140045412543
1,8941,1.0,0.5,1.8,0.6383067825583232
1,8942,1.0,0.5,1.8,0.896505773224488
1,8943,1.0,0.5,1.8,0.8698733429748489
1,8944,1.0,0.5,1.8,1.7081379537819505
1,8945,1.0,0.5,1.8,1.6192076818022876
1,8946,1.0,0.5,1.8,1.3990663975920798
1,8947,1.0,0.5,1.8,0.40647121203819575
1,8948,1.0,0.5,1.8,0.6045730914657493
1,8949,1.0,0.5,1.8,0.8593698600792687
1,8950,1.0,0.5,1.8,1.4147219863691514
1,8951,1.0,0.5,1.8,1.5186679673365668
1,8952,1.0,0.5,1.8,0.3926274610678571
1,8953,1.0,0.5,1.8,0.9926644363059619
1,8954,1.0,0.5,1.8,0.552952892148429
1,8955,1.0,0.5,1.8,0.5331465316369981
1,8956,1.0,0.5,1.8,0.9785170692537656
1,8957,1.0,0.5,1.8,1.4330985759436634
1,8958,1.0,0.5,1.8,0.2813235065767611
1,8959,1.0,0.5,1.8,1.2388280443766815
1,8960,1.0,0.5,1.8,0.48024226291528016
1,8961,1.0,0.5,1.8,0.9601839315228161
1,8962,1.0,0.5,1.8,1.5609130123158859
1,8963,1.0,0.5,1.8,1.4880962035913052
1,8964,1.0,0.5,1.8,1.0602162969001552
1,8965,1.0,0.5,1.8,0.5394624918988219
1,8966,1.0,0.5,1.8,1.0764332327491972
1,8967,1.0,0.5,1.8,0.6835068921050702
1,8968,1.0,0.5,1.8,0.7661160665379704
1,8969,1.0,0.5,1.8,0.6924817730995869
1,8970,1.0,0.5,1.8,0.2675639882182412
1,8971,1.0,0.5,1.8,0.5399995545694057
1,8972,1.0,0.5,1.8,1.2853243853009275
1,8973,1.0,0.5,1.8,0.2529419464096752
1,8974,1.0,0.5,1.8,1.2566738157318922
1,8975,1.0,0.5,1.8,1.6384580177419328
1,8976,1.0,0.5,1.8,0.9716219949379704
1,8977,1.0,0.5,1.8,0.21321157002249044
1,8978,1.0,0.5,1.8,0.7250630019446573
1,8979,1.0,0.5,1.8,0.5570858593004044
1,8980,1.0,0.5,1.8,0.8559312687663384
1,8981,1.0,0.5,1.8,1.0278376948205563
1,8982,1.0,0.5,1.8,0.8669600362777037
1,8983,1.0,0.5,1.8,0.7028475026012296
1,8984,1.0,0.5,1.8,1.2552610744821844
1,8985,1.0,0.5,1.8,1.6180646072267226
1,8986,1.0,0.5,1.8,0.35404404862384936
1,8987,1.0,0.5,1.8,0.7736766770427149
1,8988,1.0,0.5,1.8,0.8813326370338904
1,8989,1.0,0.5,1.8,1.080369305867321
1,8990,1.0,0.5,1.8,1.4679188722515755
1,8991,1.0,0.5,1.8,1.3663585118920536
1,8992,1.0,0.5,1.8,1.099405578001178
1,8993,1.0,0.5,1.8,1.1874977920646976
1,8994,1.0,0.5,1.8,0.9083122381205886
1,8995,1.0,0.5,1.8,0.9561800171383763
1,8996,1.0,0.5,1.8,0.7863652049197855
1,8997,1.0,0.5,1.8,0.5905655008339977
1,8998,1.0,0.5,1.8,0.4875208848620304
1,8999,1.0,0.5,1.8,0.8597101639185569
1,9000,1.0,0.5,1.8,0.45677530374851427
1,9001,1.0,0.5,1.8,0.6254474106066062
1,9002,1.0,0.5,1.8,0.36145093808233947
1,9003,1.0,0.5,1.8,0.6700047581460502
1,9004,1.0,0.5,1.8,1.436722507353898
1,9005,1.0,0.5,1.8,1.0517763663629769
1,9006,1.0,0.5,1.8,1.0719262726420573
1,9007,1.0,0.5,1.8,1.513307404583096
1,9008,1.0,0.5,1.8,1.1675024116502197
1,9009,1.0,0.5,1.8,1.0709346558971915
1,9010,1.0,0.5,1.8,0.5047968841587498
1,9011,1.0,0.5,1.8,1.326114580610236
1,9012,1.0,0.5,1.8,0.417217181381033
1,9013,1.0,0.5,1.8,0.8460858620100026
1,9014,1.0,0.5,1.8,1.2196999958517427
1,9015,1.0,0.5,1.8,1.3389182216446665
1,9016,1.0,0.5,1.8,1.4518056884644954
1,9017,1.0,0.5,1.8,1.081192305137683
1,9018,1.0,0.5,1.8,1.1257650096780967
1,9019,1.0,0.5,1.8,1.0463539327118199
1,9020,1.0,0.5,1.8,1.05228854181733
1,9021,1.0,0.5,1.8,0.5469389034450332
1,9022,1.0,0.5,1.8,1.0861904291804994
1,9023,1.0,0.5,1.8,0.812981975183318
1,9024,1.0,0.5,1.8,1.2316809558063218
1,9025,1.0,0.5,1.8,0.40144903161794876
1,9026,1.0,0.5,1.8,1.0668252077985707
1,9027,1.0,0.5,1.8,0.9128423590880411
1,9028,1.0,0.5,1.8,1.049040840711443
1,9029,1.0,0.5,1.8,0.3014939787361378
1,9030,1.0,0.5,1.8,1.7082838122937256
1,9031,1.0,0.5,1.8,0.4170449663183374
1,9032,1.0,0.5,1.8,1.663876528952369
1,9033,1.0,0.5,1.8,0.7672262787370675
1,9034,1.0,0.5,1.8,0.9366835051476511
1,9035,1.0,0.5,1.8,1.3215123771472488
1,9036,1.0,0.5,1.8,1.0874636054037181
1,9037,1.0,0.5,1.8,1.327562467693133
1,9038,1.0,0.5,1.8,1.3114137521291
1,9039,1.0,0.5,1.8,0.9403700133909156
1,9040,1.0,0.5,1.8,0.3322658002128706
1,9041,1.0,0.5,1.8,0.5187307376855316
1,9042,1.0,0.5,1.8,1.0801681219804236
1,9043,1.0,0.5,1.8,1.611885186336128
1,9044,1.0,0.5,1.8,1.2258589854700983
1,9045,1.0,0.5,1.8,0.7773420483047018
1,9046,1.0,0.5,1.8,1.1525738961538738
1,9047,1.0,0.5,1.8,0.5552845169424168
1,9048,1.0,0.5,1.8,0.2109485519494555
1,9049,1.0,0.5,1.8,0.34372590659050395
1,9050,1.0,0.5,1.8,1.5936624999462712
1,9051,1.0,0.5,1.8,0.41807836582304686
1,9052,1.0,0.5,1.8,0.8394978931031698
1,9053,1.0,0.5,1.8,0.8286634270757326
1,9054,1.0,0.5,1.8,0.9928335627100419
1,9055,1.0,0.5,1.8,0.27226498049395215
1,9056,1.0,0.5,1.8,0.8754670887019509
1,9057,1.0,0.5,1.8,1.0787436633311156
1,9058,1.0,0.5,1.8,1.1323341263146813
1,9059,1.0,0.5,1.8,0.8147243628384299
1,9060,1.0,0.5,1.8,0.8606911528875894
1,9061,1.0,0.5,1.8,0.5403196210637216
1,9062,1.0,0.5,1.8,1.570898410892897
1,9063,1.0,0.5,1.8,1.4126272174138
1,9064,1.0,0.5,1.8,0.48928660195575613
1,9065,1.0,0.5,1.8,0.8841936214375862
1,9066,1.0,0.5,1.8,0.45938960820587565
1,9067,1.0,0.5,1.8,1.3969756516425464
1,9068,1.0,0.5,1.8,1.7097426319887064
1,9069,1.0,0.5,1.8,0.4670904225802021
1,9070,1.0,0.5,1.8,1.3076182136528702
1,9071,1.0,0.5,1.8,1.3105495185413831
1,9072,1.0,0.5,1.8,0.603412620317128
1,9073,1.0,0.5,1.8,0.6665203223596957
1,9074,1.0,0.5,1.8,0.8283927615796776
1,9075,1.0,0.5,1.8,0.4265889262543626
1,9076,1.0,0.5,1.8,0.6786538933523373
1,9077,1.0,0.5,1.8,1.0656837706361033
1,9078,1.0,0.5,1.8,0.6501365952013705
1,9079,1.0,0.5,1.8,0.9283690576149526
1,9080,1.0,0.5,1.8,1.300175595974032
1,9081,1.0,0.5,1.8,0.6822284557153065
1,9082,1.0,0.5,1.8,0.19893122654628162
1,9083,1.0,0.5,1.8,0.6139872540289288
1,9084,1.0,0.5,1.8,0.47650362809503377
1,9085,1.0,0.5,1.8,1.2935334932269686
1,9086,1.0,0.5,1.8,1.4439626166415531
1,9087,1.0,0.5,1.8,1.632261078034108
1,9088,1.0,0.5,1.8,0.9562322818632438
1,9089,1.0,0.5,1.8,1.105027886044201
1,9090,1.0,0.5,1.8,1.0388111983352644
1,9091,1.0,0.5,1.8,1.049468885980817
1,9092,1.0,0.5,1.8,0.6914379111047413
1,9093,1.0,0.5,1.8,0.49142981140368036
1,9094,1.0,0.5,1.8,0.8251911663389416
1,9095,1.0,0.5,1.8,0.44685772014885405
1,9096,1.0,0.5,1.8,0.5629419380671188
1,9097,1.0,0.5,1.8,1.4343906176946306
1,9098,1.0,0.5,1.8,1.0222072201931818
1,9099,1.0,0.5,1.8,0.7005964371238667
1,9100,1.0,0.5,1.8,1.1350791317066988
1,9101,1.0,0.5,1.8,0.4609709345098628
1,9102,1.0,0.5,1.8,0.5338189461934779
1,9103,1.0,0.5,1.8,1.396467067480668
1,9104,1.0,0.5,1.8,1.5234211873519379
1,9105,1.0,0.5,1.8,1.2072284238944984
1,9106,1.0,0.5,1.8,0.9737757731192381
1,9107,1.0,0.5,1.8,0.6957061832082312
1,9108,1.0,0.5,1.8,0.798576361015524
1,9109,1.0,0.5,1.8,0.5027095196510221
1,9110,1.0,0.5,1.8,0.4741835360662161
1,9111,1.0,0.5,1.8,1.1995700822067452
1,9112,1.0,0.5,1.8,0.7622223025435721
1,9113,1.0,0.5,1.8,0.56636169012789
1,9114,1.0,0.5,1.8,0.991021417140714
1,9115,1.0,0.5,1.8,1.5231939189577588
1,9116,1.0,0.5,1.8,1.1979944719806617
1,9117,1.0,0.5,1.8,0.2479665085161286
1,9118,1.0,0.5,1.8,1.118633096971389
1,9119,1.0,0.5,1.8,1.2359846391001499
1,9120,1.0,0.5,1.8,1.0726243805449724
1,9121,1.0,0.5,1.8,1.00113446821824
1,9122,1.0,0.5,1.8,0.5818208630837924
1,9123,1.0,0.5,1.8,0.4552616520541992
1,9124,1.0,0.5,1.8,0.5067791909824674
1,9125,1.0,0.5,1.8,0.9109105600501912
1,9126,1.0,0.5,1.8,0.23221288622144426
1,9127,1.0,0.5,1.8,1.3528124492875813
1,9128,1.0,0.5,1.8,0.44448431081273804
1,9129,1.0,0.5,1.8,0.6795385660636557
1,9130,1.0,0.5,1.8,0.9674271797334398
1,9131,1.0,0.5,1.8,0.6785839534396204
1,9132,1.0,0.5,1.8,0.4491780172882076
1,9133,1.0,0.5,1.8,1.3982839883176095
1,9134,1.0,0.5,1.8,1.145429546936496
1,9135,1.0,0.5,1.8,1.6518929420021773
1,9136,1.0,0.5,1.8,1.3371983503430338
1,9137,1.0,0.5,1.8,0.6109880153432315
1,9138,1.0,0.5,1.8,0.2733502466464924
1,9139,1.0,0.5,1.8,0.6244109238845735
1,9140,1.0,0.5,1.8,0.893368621702197
1,9141,1.0,0.5,1.8,1.0452327986927603
1,9142,1.0,0.5,1.8,1.029935070184497
1,9143,1.0,0.5,1.8,1.0017688232793456
1,9144,1.0,0.5,1.8,1.3803575180633425
1,9145,1.0,0.5,1.8,1.5630751729766987
1,9146,1.0,0.5,1.8,1.1783400291089112
1,9147,1.0,0.5,1.8,1.3350437498998755
1,9148,1.0,0.5,1.8,1.3938795432437334
1,9149,1.0,0.5,1.8,0.7935739394827216
1,9150,1.0,0.5,1.8,1.4238803812148766
1,9151,1.0,0.5,1.8,1.140957407491338
1,9152,1.0,0.5,1.8,0.7781447105970731
1,9153,1.0,0.5,1.8,1.461490160649414
1,9154,1.0,0.5,1.8,0.7293176710323567
1,9155,1.0,0.5,1.8,0.3206910510765997
1,9156,1.0,0.5,1.8,0.7552942757735328
1,9157,1.0,0.5,1.8,0.6048242202895676
1,9158,1.0,0.5,1.8,0.7047054678193416
1,9159,1.0,0.5,1.8,1.5650704127737238
1,9160,1.0,0.5,1.8,0.8263183850464488
1,9161,1.0,0.5,1.8,1.4048741782834133
1,9162,1.0,0.5,1.8,1.4973680864395407
1,9163,1.0,0.5,1.8,1.5559800661545156
1,9164,1.0,0.5,1.8,1.2990724376311953
1,9165,1.0,0.5,1.8,0.5399596822225795
1,9166,1.0,0.5,1.8,0.9989122921634391
1,9167,1.0,0.5,1.8,1.5501027607239364
1,9168,1.0,0.5,1.8,1.036180511984184
1,9169,1.0,0.5,1.8,0.738126491996735
1,9170,1.0,0.5,1.8,1.0039116721201218
1,9171,1.0,0.5,1.8,1.5502110478893436
1,9172,1.0,0.5,1.8,1.348634362654319
1,9173,1.0,0.5,1.8,1.2422902224829009
1,9174,1.0,0.5,1.8,0.9821590054979522
1,9175,1.0,0.5,1.8,0.8807247888498078
1,9176,1.0,0.5,1.8,0.4990999853787725
1,9177,1.0,0.5,1.8,1.3752789015839957
1,9178,1.0,0.5,1.8,1.0388148053434676
1,9179,1.0,0.5,1.8,1.1086623796444697
1,9180,1.0,0.5,1.8,0.7148447779048822
1,9181,1.0,0.5,1.8,0.8380157118097181
1,9182,1.0,0.5,1.8,1.6614376258939676
1,9183,1.0,0.5,1.8,0.6610357609282991
1,9184,1.0,0.5,1.8,0.9693200569198289
1,9185,1.0,0.5,1.8,1.024661090142586
1,9186,1.0,0.5,1.8,0.4881454931281755
1,9187,1.0,0.5,1.8,0.8874893556183504
1,9188,1.0,0.5,1.8,1.4792438791785603
1,9189,1.0,0.5,1.8,1.1783984844116573
1,9190,1.0,0.5,1.8,0.1462436567550747
1,9191,1.0,0.5,1.8,0.7465377338081841
1,9192,1.0,0.5,1.8,0.8041710033018433
1,9193,1.0,0.5,1.8,1.3453043688532536
1,9194,1.0,0.5,1.8,0.8820399711173564
1,9195,1.0,0.5,1.8,0.6466448539584857
1,9196,1.0,0.5,1.8,1.0552816822512245
1,9197,1.0,0.5,1.8,0.34778903839457814
1,9198,1.0,0.5,1.8,1.0626955965097444
1,9199,1.0,0.5,1.8,0.7236644799084944
1,9200,1.0,0.5,1.8,0.9070282923217186
1,9201,1.0,0.5,1.8,0.06673572423971282
1,9202,1.0,0.5,1.8,0.5554872946104277
1,9203,1.0,0.5,1.8,0.8264499286539988
1,9204,1.0,0.5,1.8,1.0734445952343274
1,9205,1.0,0.5,1.8,0.48490291502121075
1,9206,1.0,0.5,1.8,0.7188418566531801
1,9207,1.0,0.5,1.8,1.1248408586958267
1,9208,1.0,0.5,1.8,0.8028379579546606
1,9209,1.0,0.5,1.8,0.9598527353974404
1,9210,1.0,0.5,1.8,0.9993630419724764
1,9211,1.0,0.5,1.8,0.23770678661451033
1,9212,1.0,0.5,1.8,0.6937725329863562
1,9213,1.0,0.5,1.8,0.1788375436292358
1,9214,1.0,0.5,1.8,0.17223283820027127
1,9215,1.0,0.5,1.8,1.037577305979533
1,9216,1.0,0.5,1.8,0.09531812401100273
1,9217,1.0,0.5,1.8,1.1077800335554435
1,9218,1.0,0.5,1.8,1.0449152348883837
1,9219,1.0,0.5,1.8,1.2144292104938363
1,9220,1.0,0.5,1.8,1.6927221633335618
1,9221,1.0,0.5,1.8,1.235807272684178
1,9222,1.0,0.5,1.8,0.19239062600348278
1,9223,1.0,0.5,1.8,0.5954546583009377
1,9224,1.0,0.5,1.8,0.6673959423408445
1,9225,1.0,0.5,1.8,0.9751587966992342
1,9226,1.0,0.5,1.8,0.38972627851002883
1,9227,1.0,0.5,1.8,0.47526769017351
1,9228,1.0,0.5,1.8,1.6954178801654565
1,9229,1.0,0.5,1.8,0.5986993917768528
1,9230,1.0,0.5,1.8,0.941366623360194
1,9231,1.0,0.5,1.8,0.4616826150484119
1,9232,1.0,0.5,1.8,1.2176606877271734
1,9233,1.0,0.5,1.8,0.9696588300847796
1,9234,1.0,0.5,1.8,0.6594320611936442
1,9235,1.0,0.5,1.8,0.9820739439115247
1,9236,1.0,0.5,1.8,1.3061379426036088
1,9237,1.0,0.5,1.8,0.5537963605755462
1,9238,1.0,0.5,1.8,0.43089972104880003
1,9239,1.0,0.5,1.8,1.2087780535367816
1,9240,1.0,0.5,1.8,0.09964402954064294
1,9241,1.0,0.5,1.8,1.0888469683659803
1,9242,1.0,0.5,1.8,1.3744809754560154
1,9243,1.0,0.5,1.8,0.19226998096595255
1,9244,1.0,0.5,1.8,0.4781800223417522
1,9245,1.0,0.5,1.8,1.2229578221042299
1,9246,1.0,0.5,1.8,0.6909092809803535
1,9247,1.0,0.5,1.8,1.4367712444440461
1,9248,1.0,0.5,1.8,1.230537821230755
1,9249,1.0,0.5,1.8,0.6049867513168241
1,9250,1.0,0.5,1.8,0.39054447353240046
1,9251,1.0,0.5,1.8,0.4333687587532311
1,9252,1.0,0.5,1.8,1.4907289279916844
1,9253,1.0,0.5,1.8,0.47515899688703916
1,9254,1.0,0.5,1.8,1.30137089868789
1,9255,1.0,0.5,1.8,0.4598180370001745
1,9256,1.0,0.5,1.8,1.2743898911746818
1,9257,1.0,0.5,1.8,0.3947970616113602
1,9258,1.0,0.5,1.8,1.4042458727173253
1,9259,1.0,0.5,1.8,1.5681726444852453
1,9260,1.0,0.5,1.8,1.1088032898626705
1,9261,1.0,0.5,1.8,0.6560924761861074
1,9262,1.0,0.5,1.8,0.9367983633910801
1,9263,1.0,0.5,1.8,0.9906112784224615
1,9264,1.0,0.5,1.8,1.219614474794153
1,9265,1.0,0.5,1.8,1.310548624409173
1,9266,1.0,0.5,1.8,1.1406064457576233
1,9267,1.0,0.5,1.8,1.458100832664005
1,9268,1.0,0.5,1.8,0.8488136318634455
1,9269,1.0,0.5,1.8,0.3662971189541068
1,9270,1.0,0.5,1.8,0.7478888203656997
1,9271,1.0,0.5,1.8,0.05546458832908309
1,9272,1.0,0.5,1.8,0.8296598566923967
1,9273,1.0,0.5,1.8,1.602350627183
1,9274,1.0,0.5,1.8,0.6623430991951657
1,9275,1.0,0.5,1.8,1.2462514370780153
1,9276,1.0,0.5,1.8,1.7217267603515458
1,9277,1.0,0.5,1.8,1.0138333722887924
1,9278,1.0,0.5,1.8,0.8677907243759507
1,9279,1.0,0.5,1.8,1.1088449718529307
1,9280,1.0,0.5,1.8,0.3704384742356309
1,9281,1.0,0.5,1.8,0.8715689802549061
1,9282,1.0,0.5,1.8,1.4433566355934337
1,9283,1.0,0.5,1.8,0.7918770857526426
1,9284,1.0,0.5,1.8,0.855987874840998
1,9285,1.0,0.5,1.8,1.4877044519024483
1,9286,1.0,0.5,1.8,0.2121170322075735
1,9287,1.0,0.5,1.8,0.42990925957969345
1,9288,1.0,0.5,1.8,0.9455208588387228
1,9289,1.0,0.5,1.8,0.9972825719608244
1,9290,1.0,0.5,1.8,0.5891283282980003
1,9291,1.0,0.5,1.8,1.508162473638481
1,9292,1.0,0.5,1.8,1.2682022520083558
1,9293,1.0,0.5,1.8,0.886842491665576
1,9294,1.0,0.5,1.8,0.2978305286213637
1,9295,1.0,0.5,1.8,0.9436253482507515
1,9296,1.0,0.5,1.8,0.9118080349476766
1,9297,1.0,0.5,1.8,0.7791034371211514
1,9298,1.0,0.5,1.8,1.2607765917906721
1,9299,1.0,0.5,1.8,1.4388110364507083
1,9300,1.0,0.5,1.8,0.45807953045973354
1,9301,1.0,0.5,1.8,1.33230224097762
1,9302,1.0,0.5,1.8,1.240212357364533
1,9303,1.0,0.5,1.8,1.2319793149689269
1,9304,1.0,0.5,1.8,0.919948851085884
1,9305,1.0,0.5,1.8,1.4174873247478097
1,9306,1.0,0.5,1.8,0.7958638519307396
1,9307,1.0,0.5,1.8,0.3353124363868379
1,9308,1.0,0.5,1.8,0.8981878399997338
1,9309,1.0,0.5,1.8,0.6315923933803935
1,9310,1.0,0.5,1.8,1.42117212410582
1,9311,1.0,0.5,1.8,0.9671358700973746
1,9312,1.0,0.5,1.8,1.712604190681061
1,9313,1.0,0.5,1.8,0.9152676478594706
1,9314,1.0,0.5,1.8,1.5072588364807327
1,9315,1.0,0.5,1.8,0.9145998998861481
1,9316,1.0,0.5,1.8,0.9482546544647168
1,9317,1.0,0.5,1.8,1.4847551534386678
1,9318,1.0,0.5,1.8,1.4421281109340587
1,9319,1.0,0.5,1.8,0.8926819421276521
1,9320,1.0,0.5,1.8,1.0240286230610665
1,9321,1.0,0.5,1.8,0.5093055833004287
1,9322,1.0,0.5,1.8,1.0381844601474328
1,9323,1.0,0.5,1.8,1.6383351615572925
1,9324,1.0,0.5,1.8,1.195085121153463
1,9325,1.0,0.5,1.8,0.5425826721184476
1,9326,1.0,0.5,1.8,0.49349776374360205
1,9327,1.0,0.5,1.8,1.317172581579555
1,9328,1.0,0.5,1.8,0.29691117178089205
1,9329,1.0,0.5,1.8,0.16291438541513753
1,9330,1.0,0.5,1.8,0.16590887407928723
1,9331,1.0,0.5,1.8,0.6054142182446184
1,9332,1.0,0.5,1.8,0.4287614837210645
1,9333,1.0,0.5,1.8,0.5927097577531723
1,9334,1.0,0.5,1.8,1.386837107807637
1,9335,1.0,0.5,1.8,1.0555807490659295
1,9336,1.0,0.5,1.8,0.9057527921616866
1,9337,1.0,0.5,1.8,1.0343179060858887
1,9338,1.0,0.5,1.8,0.9919663184270797
1,9339,1.0,0.5,1.8,0.6452149241453458
1,9340,1.0,0.5,1.8,0.9892443975744959
1,9341,1.0,0.5,1.8,0.8464048539650278
1,9342,1.0,0.5,1.8,0.9298357474039499
1,9343,1.0,0.5,1.8,1.0077212206351183
1,9344,1.0,0.5,1.8,0.4766334660666406
1,9345,1.0,0.5,1.8,0.7716300051200102
1,9346,1.0,0.5,1.8,1.4708247459579413
1,9347,1.0,0.5,1.8,0.36780563409083555
1,9348,1.0,0.5,1.8,1.439062688081843
1,9349,1.0,0.5,1.8,0.7622394231693027
1,9350,1.0,0.5,1.8,0.5675666981443708
1,9351,1.0,0.5,1.8,0.5465602527067912
1,9352,1.0,0.5,1.8,0.3919378773048916
1,9353,1.0,0.5,1.8,0.5915669930867172
1,9354,1.0,0.5,1.8,0.6310178634427128
1,9355,1.0,0.5,1.8,0.867536017881971
1,9356,1.0,0.5,1.8,0.28738828087081597
1,9357,1.0,0.5,1.8,1.2936921161791402
1,9358,1.0,0.5,1.8,0.7561252398016538
1,9359,1.0,0.5,1.8,0.9511448270770911
1,9360,1.0,0.5,1.8,1.2535344119949499
1,9361,1.0,0.5,1.8,1.25263326478311
1,9362,1.0,0.5,1.8,0.5400175525835872
1,9363,1.0,0.5,1.8,1.450974120330974
1,9364,1.0,0.5,1.8,1.3950700706010375
1,9365,1.0,0.5,1.8,1.1189671863966766
1,9366,1.0,0.5,1.8,0.856605840646181
1,9367,1.0,0.5,1.8,0.6922387542777367
1,9368,1.0,0.5,1.8,1.1936798267363686
1,9369,1.0,0.5,1.8,0.6246720701511088
1,9370,1.0,0.5,1.8,0.27976258814073357
1,9371,1.0,0.5,1.8,0.47437840506131446
1,9372,1.0,0.5,1.8,1.7404851604644684
1,9373,1.0,0.5,1.8,0.8278823588955245
1,9374,1.0,0.5,1.8,1.0377288118388304
1,9375,1.0,0.5,1.8,0.9625067325694265
1,9376,1.0,0.5,1.8,1.3322211910257735
1,9377,1.0,0.5,1.8,0.33019385328781503
1,9378,1.0,0.5,1.8,1.6171000835552132
1,9379,1.0,0.5,1.8,0.6818578403434987
1,9380,1.0,0.5,1.8,0.8067414354835548
1,9381,1.0,0.5,1.8,1.4583525039519827
1,9382,1.0,0.5,1.8,0.5495112113907346
1,9383,1.0,0.5,1.8,0.8695971554902282
1,9384,1.0,0.5,1.8,0.4002130155816388
1,9385,1.0,0.5,1.8,0.8213911621095951
1,9386,1.0,0.5,1.8,1.5400659441297397
1,9387,1.0,0.5,1.8,1.190921615473522
1,9388,1.0,0.5,1.8,1.1617046694438462
1,9389,1.0,0.5,1.8,1.1397184246127086
1,9390,1.0,0.5,1.8,0.9540420124641109
1,9391,1.0,0.5,1.8,0.5531968283550467
1,9392,1.0,0.5,1.8,0.5154904531444914
1,9393,1.0,0.5,1.8,0.9768260854570072
1,9394,1.0,0.5,1.8,0.1196688644586111
1,9395,1.0,0.5,1.8,1.0763174004399645
1,9396,1.0,0.5,1.8,0.6762713033433617
1,9397,1.0,0.5,1.8,0.9655949742378744
1,9398,1.0,0.5,1.8,1.4757582165608807
1,9399,1.0,0.5,1.8,1.458417418120905
1,9400,1.0,0.5,1.8,0.3701548301244816
1,9401,1.0,0.5,1.8,0.9764791169601507
1,9402,1.0,0.5,1.8,1.5229611457192287
1,9403,1.0,0.5,1.8,0.3762596188444857
1,9404,1.0,0.5,1.8,1.1902162549680748
1,9405,1.0,0.5,1.8,0.473395776649277
1,9406,1.0,0.5,1.8,1.623621391454516
1,9407,1.0,0.5,1.8,0.7132523952036555
1,9408,1.0,0.5,1.8,1.2630153933266595
1,9409,1.0,0.5,1.8,0.9620401544975318
1,9410,1.0,0.5,1.8,0.5076308390252502
1,9411,1.0,0.5,1.8,1.4751831431712867
1,9412,1.0,0.5,1.8,0.6120862911612335
1,9413,1.0,0.5,1.8,0.48187672581957214
1,9414,1.0,0.5,1.8,0.5476322269567431
1,9415,1.0,0.5,1.8,0.3156556341843829
1,9416,1.0,0.5,1.8,0.4837549799258329
1,9417,1.0,0.5,1.8,1.3735904731491229
1,9418,1.0,0.5,1.8,0.8901482593763703
1,9419,1.0,0.5,1.8,1.2747655800474156
1,9420,1.0,0.5,1.8,0.8585463010227795
1,9421,1.0,0.5,1.8,1.5328221577733574
1,9422,1.0,0.5,1.8,1.2005523316121047
1,9423,1.0,0.5,1.8,0.7144939053456048
1,9424,1.0,0.5,1.8,0.9357972894089256
1,9425,1.0,0.5,1.8,0.6652994298036455
1,9426,1.0,0.5,1.8,0.9931869989398264
1,9427,1.0,0.5,1.8,0.7384038670626164
1,9428,1.0,0.5,1.8,0.29848027203911903
1,9429,1.0,0.5,1.8,0.5147092357553582
1,9430,1.0,0.5,1.8,0.7446737512646557
1,9431,1.0,0.5,1.8,0.6369406236108169
1,9432,1.0,0.5,1.8,0.7728965764192762
1,9433,1.0,0.5,1.8,0.829064382347838
1,9434,1.0,0.5,1.8,1.1999104528623918
1,9435,1.0,0.5,1.8,1.3662662812922577
1,9436,1.0,0.5,1.8,1.051035922327309
1,9437,1.0,0.5,1.8,1.442688920886764
1,9438,1.0,0.5,1.8,1.6691042301402002
1,9439,1.0,0.5,1.8,0.24114149921543593
1,9440,1.0,0.5,1.8,0.7281948421159417
1,9441,1.0,0.5,1.8,1.1958355322847614
1,9442,1.0,0.5,1.8,0.45383871572011736
1,9443,1.0,0.5,1.8,0.6826239909754755
1,9444,1.0,0.5,1.8,0.12428047068120078
1,9445,1.0,0.5,1.8,1.218742229134873
1,9446,1.0,0.5,1.8,0.5943538008199283
1,9447,1.0,0.5,1.8,0.8031596710255016
1,9448,1.0,0.5,1.8,0.14743703257853508
1,9449,1.0,0.5,1.8,1.6159707974629551
1,9450,1.0,0.5,1.8,0.3549804278089743
1,9451,1.0,0.5,1.8,0.31772984250145636
1,9452,1.0,0.5,1.8,1.0252443381785183
1,9453,1.0,0.5,1.8,1.0161243623369076
1,9454,1.0,0.5,1.8,1.266156237374214
1,9455,1.0,0.5,1.8,0.1957528132913182
1,9456,1.0,0.5,1.8,0.28450065761008997
1,9457,1.0,0.5,1.8,1.0577395105720984
1,9458,1.0,0.5,1.8,0.20700971384724123
1,9459,1.0,0.5,1.8,1.6610784811710742
1,9460,1.0,0.5,1.8,0.41636207018673355
1,9461,1.0,0.5,1.8,0.41493113141699856
1,9462,1.0,0.5,1.8,1.0183134900816815
1,9463,1.0,0.5,1.8,0.7638275340599161
1,9464,1.0,0.5,1.8,0.6902381191282503
1,9465,1.0,0.5,1.8,0.41760568281913524
1,9466,1.0,0.5,1.8,0.3069124469954483
1,9467,1.0,0.5,1.8,1.7020059634213576
1,9468,1.0,0.5,1.8,1.0210654454896846
1,9469,1.0,0.5,1.8,0.42647655791208366
1,9470,1.0,0.5,1.8,0.19889117465833522
1,9471,1.0,0.5,1.8,1.1422848522385276
1,9472,1.0,0.5,1.8,0.9808070065567903
1,9473,1.0,0.5,1.8,0.34529601972488816
1,9474,1.0,0.5,1.8,0.11203927908815137
1,9475,1.0,0.5,1.8,0.33038713300314776
1,9476,1.0,0.5,1.8,0.39199208257009
1,9477,1.0,0.5,1.8,1.2422565223533446
1,9478,1.0,0.5,1.8,0.9032935282093455
1,9479,1.0,0.5,1.8,1.464817888715866
1,9480,1.0,0.5,1.8,1.2719194712194142
1,9481,1.0,0.5,1.8,0.3528495285155951
1,9482,1.0,0.5,1.8,0.5473119724237447
1,9483,1.0,0.5,1.8,0.6136720017962355
1,9484,1.0,0.5,1.8,1.4099630642450516
1,9485,1.0,0.5,1.8,0.77132564476535
1,9486,1.0,0.5,1.8,1.073577652226874
1,9487,1.0,0.5,1.8,1.134726379939598
1,9488,1.0,0.5,1.8,0.6369513189259542
1,9489,1.0,0.5,1.8,1.107887938048096
1,9490,1.0,0.5,1.8,0.8219031718403824
1,9491,1.0,0.5,1.8,0.6032526197124504
1,9492,1.0,0.5,1.8,1.2825334348681048
1,9493,1.0,0.5,1.8,0.5885844885212028
1,9494,1.0,0.5,1.8,1.026644435138196
1,9495,1.0,0.5,1.8,1.3002182281890382
1,9496,1.0,0.5,1.8,0.2655630052680495
1,9497,1.0,0.5,1.8,0.8654441341333843
1,9498,1.0,0.5,1.8,1.2962677249617185
1,9499,1.0,0.5,1.8,0.9036560517977928
1,9500,1.0,0.5,1.8,0.26537657298122785
1,9501,1.0,0.5,1.8,0.5737578906369902
1,9502,1.0,0.5,1.8,0.6516707500136785
1,9503,1.0,0.5,1.8,0.7378766575785559
1,9504,1.0,0.5,1.8,0.9229015905663388
1,9505,1.0,0.5,1.8,1.4257503896656174
1,9506,1.0,0.5,1.8,0.4645697001693104
1,9507,1.0,0.5,1.8,0.11580526792239204
1,9508,1.0,0.5,1.8,0.30491277634335906
1,9509,1.0,0.5,1.8,0.9643417686316056
1,9510,1.0,0.5,1.8,0.9540725887395198
1,9511,1.0,0.5,1.8,1.1523533346317838
1,9512,1.0,0.5,1.8,1.0291928338231209
1,9513,1.0,0.5,1.8,0.5353922888421815
1,9514,1.0,0.5,1.8,0.5071629840251329
1,9515,1.0,0.5,1.8,0.9931367752342448
1,9516,1.0,0.5,1.8,1.494325504779569
1,9517,1.0,0.5,1.8,0.5696772013683583
1,9518,1.0,0.5,1.8,1.1001670144646365
1,9519,1.0,0.5,1.8,0.63883129835281
1,9520,1.0,0.5,1.8,1.4200445582541423
1,9521,1.0,0.5,1.8,0.793548963222225
1,9522,1.0,0.5,1.8,0.12179227907758566
1,9523,1.0,0.5,1.8,0.6903985409939235
1,9524,1.0,0.5,1.8,0.3547292554605372
1,9525,1.0,0.5,1.8,0.45129113599931997
1,9526,1.0,0.5,1.8,0.42127922089850856
1,9527,1.0,0.5,1.8,1.0368326033843487
1,9528,1.0,0.5,1.8,1.5548367694336096
1,9529,1.0,0.5,1.8,0.7791311586451255
1,9530,1.0,0.5,1.8,1.2875120905557753
1,9531,1.0,0.5,1.8,0.7834680452892555
1,9532,1.0,0.5,1.8,0.4945139515665778
1,9533,1.0,0.5,1.8,1.2534445476777052
1,9534,1.0,0.5,1.8,1.4959373012081125
1,9535,1.0,0.5,1.8,1.0337842337139804
1,9536,1.0,0.5,1.8,0.9993910036519636
1,9537,1.0,0.5,1.8,1.3079752550485813
1,9538,1.0,0.5,1.8,0.9388152914763118
1,9539,1.0,0.5,1.8,1.3883525045895153
1,9540,1.0,0.5,1.8,0.9506425784951836
1,9541,1.0,0.5,1.8,1.2004400839798381
1,9542,1.0,0.5,1.8,1.6017960700689298
1,9543,1.0,0.5,1.8,1.152316129394073
1,9544,1.0,0.5,1.8,0.8817451074632447
1,9545,1.0,0.5,1.8,0.9443359570116249
1,9546,1.0,0.5,1.8,0.5602723956815492
1,9547,1.0,0.5,1.8,0.17916906496393895
1,9548,1.0,0.5,1.8,1.72362030732961
1,9549,1.0,0.5,1.8,1.5832634512569774
1,9550,1.0,0.5,1.8,0.6388404819342797
1,9551,1.0,0.5,1.8,0.7853938083257537
1,9552,1.0,0.5,1.8,0.41598788527412284
1,9553,1.0,0.5,1.8,1.3029980504327183
1,9554,1.0,0.5,1.8,1.289280675839208
1,9555,1.0,0.5,1.8,0.8961855791864989
1,9556,1.0,0.5,1.8,1.2926968855912873
1,9557,1.0,0.5,1.8,0.7704479500839533
1,9558,1.0,0.5,1.8,0.8016883606216368
1,9559,1.0,0.5,1.8,0.8330171218326625
1,9560,1.0,0.5,1.8,1.3865316762527373
1,9561,1.0,0.5,1.8,1.2239828511648254
1,9562,1.0,0.5,1.8,1.4549177174482317
1,9563,1.0,0.5,1.8,0.6810229540420353
1,9564,1.0,0.5,1.8,0.6760858647375093
1,9565,1.0,0.5,1.8,0.8505302531180426
1,9566,1.0,0.5,1.8,1.346689959420598
1,9567,1.0,0.5,1.8,0.6991511030522088
1,9568,1.0,0.5,1.8,1.0937433902321503
1,9569,1.0,0.5,1.8,0.8273785099552786
1,9570,1.0,0.5,1.8,1.4655460002304168
1,9571,1.0,0.5,1.8,0.8221293257406694
1,9572,1.0,0.5,1.8,0.3305320929935808
1,9573,1.0,0.5,1.8,0.6548495918539706
1,9574,1.0,0.5,1.8,0.5262257953741
1,9575,1.0,0.5,1.8,0.11141245555803572
1,9576,1.0,0.5,1.8,0.1023288942242496
1,9577,1.0,0.5,1.8,0.7514035801549851
1,9578,1.0,0.5,1.8,0.9653264917423612
1,9579,1.0,0.5,1.8,1.389054061130726
1,9580,1.0,0.5,1.8,0.5632878363384091
1,9581,1.0,0.5,1.8,0.41659835442348225
1,9582,1.0,0.5,1.8,0.8252975025816209
1,9583,1.0,0.5,1.8,0.378689221420449
1,9584,1.0,0.5,1.8,0.4744894165602347
1,9585,1.0,0.5,1.8,1.008660670087846
1,9586,1.0,0.5,1.8,0.29560988676794225
1,9587,1.0,0.5,1.8,1.2546634390674922
1,9588,1.0,0.5,1.8,1.202588256251531
1,9589,1.0,0.5,1.8,1.7315872492161712
1,9590,1.0,0.5,1.8,0.854576584333899
1,9591,1.0,0.5,1.8,1.1049119412266888
1,9592,1.0,0.5,1.8,0.43489028080091297
1,9593,1.0,0.5,1.8,1.1087445918013454
1,9594,1.0,0.5,1.8,0.5275234255455835
1,9595,1.0,0.5,1.8,1.687524534940311
1,9596,1.0,0.5,1.8,0.868413956048957
1,9597,1.0,0.5,1.8,0.36198635069473684
1,9598,1.0,0.5,1.8,1.4369692404175498
1,9599,1.0,0.5,1.8,1.1788844782536205
1,9600,1.0,0.5,1.8,0.9309130581795255
1,9601,1.0,0.5,1.8,1.1471661431702027
1,9602,1.0,0.5,1.8,0.40289601601642266
1,9603,1.0,0.5,1.8,0.25798916591100396
1,9604,1.0,0.5,1.8,0.34115665010779134
1,9605,1.0,0.5,1.8,0.5203185945173658
1,9606,1.0,0.5,1.8,1.2226957517586123
1,9607,1.0,0.5,1.8,0.7574658393449484
1,9608,1.0,0.5,1.8,1.2924132018184271
1,9609,1.0,0.5,1.8,0.14456843757265006
1,9610,1.0,0.5,1.8,1.713822293908752
1,9611,1.0,0.5,1.8,0.42935445118438087
1,9612,1.0,0.5,1.8,1.00827152537563
1,9613,1.0,0.5,1.8,1.116684093523447
1,9614,1.0,0.5,1.8,0.8002492631698622
1,9615,1.0,0.5,1.8,0.38506794811398143
1,9616,1.0,0.5,1.8,0.933692127984663
1,9617,1.0,0.5,1.8,0.3061037569556852
1,9618,1.0,0.5,1.8,0.8376764894891209
1,9619,1.0,0.5,1.8,0.9003750220415295
1,9620,1.0,0.5,1.8,0.6568510410954581
1,9621,1.0,0.5,1.8,0.7693144938505748
1,9622,1.0,0.5,1.8,0.5905127432867795
1,9623,1.0,0.5,1.8,0.2812680885668693
1,9624,1.0,0.5,1.8,0.5876071739948803
1,9625,1.0,0.5,1.8,0.8166230857206455
1,9626,1.0,0.5,1.8,0.8152710339894232
1,9627,1.0,0.5,1.8,0.7688517885277547
1,9628,1.0,0.5,1.8,1.4019202765790748
1,9629,1.0,0.5,1.8,0.9930724141032635
1,9630,1.0,0.5,1.8,1.405727120814894
1,9631,1.0,0.5,1.8,0.46826323111209484
1,9632,1.0,0.5,1.8,1.3508195972853991
1,9633,1.0,0.5,1.8,0.7692073592970814
1,9634,1.0,0.5,1.8,1.2755123829244774
1,9635,1.0,0.5,1.8,0.667370600811187
1,9636,1.0,0.5,1.8,0.926217536419892
1,9637,1.0,0.5,1.8,0.22772924866493155
1,9638,1.0,0.5,1.8,1.5579410750022598
1,9639,1.0,0.5,1.8,0.17202637427285172
1,9640,1.0,0.5,1.8,0.4389855343705344
1,9641,1.0,0.5,1.8,1.5157060319015825
1,9642,1.0,0.5,1.8,1.2394633023638812
1,9643,1.0,0.5,1.8,0.9450369020981567
1,9644,1.0,0.5,1.8,0.5533868210727176
1,9645,1.0,0.5,1.8,0.8513110917371264
1,9646,1.0,0.5,1.8,0.44081587611946527
1,9647,1.0,0.5,1.8,0.4448223033919681
1,9648,1.0,0.5,1.8,1.4108412727134052
1,9649,1.0,0.5,1.8,0.4425699716712441
1,9650,1.0,0.5,1.8,0.4117062204004549
1,9651,1.0,0.5,1.8,1.187790376169619
1,9652,1.0,0.5,1.8,1.2468934681109958
1,9653,1.0,0.5,1.8,0.9650482556252991
1,9654,1.0,0.5,1.8,0.8434342596284223
1,9655,1.0,0.5,1.8,0.4602731482517509
1,9656,1.0,0.5,1.8,1.355798866680941
1,9657,1.0,0.5,1.8,0.4871968808784346
1,9658,1.0,0.5,1.8,0.9110509259813175
1,9659,1.0,0.5,1.8,0.9724917725934553
1,9660,1.0,0.5,1.8,0.9141751897184097
1,9661,1.0,0.5,1.8,1.4893717702722926
1,9662,1.0,0.5,1.8,0.31886594055324924
1,9663,1.0,0.5,1.8,0.7744010032751413
1,9664,1.0,0.5,1.8,1.2938749703386971
1,9665,1.0,0.5,1.8,1.1484080346145749
1,9666,1.0,0.5,1.8,1.1970578524947468
1,9667,1.0,0.5,1.8,0.12136892640917392
1,9668,1.0,0.5,1.8,0.7984808415674862
1,9669,1.0,0.5,1.8,0.9893397687729618
1,9670,1.0,0.5,1.8,1.4660477146638973
1,9671,1.0,0.5,1.8,1.0010054119183658
1,9672,1.0,0.5,1.8,0.39888456481257484
1,9673,1.0,0.5,1.8,0.7972542287039719
1,9674,1.0,0.5,1.8,1.6630905308746469
1,9675,1.0,0.5,1.8,0.5703902700771293
1,9676,1.0,0.5,1.8,0.969277872081916
1,9677,1.0,0.5,1.8,0.510764066949124
1,9678,1.0,0.5,1.8,0.7781597118799978
1,9679,1.0,0.5,1.8,0.8406218680667051
1,9680,1.0,0.5,1.8,1.3387494771425574
1,9681,1.0,0.5,1.8,1.0645583012786086
1,9682,1.0,0.5,1.8,0.8690238955500473
1,9683,1.0,0.5,1.8,1.4303011997376731
1,9684,1.0,0.5,1.8,0.8064058804938854
1,9685,1.0,0.5,1.8,1.271055037568767
1,9686,1.0,0.5,1.8,1.3094925571356644
1,9687,1.0,0.5,1.8,0.8074358382984199
1,9688,1.0,0.5,1.8,0.24661270112687986
1,9689,1.0,0.5,1.8,0.4116101541401387
1,9690,1.0,0.5,1.8,0.5522897590912734
1,9691,1.0,0.5,1.8,0.8921550014525168
1,9692,1.0,0.5,1.8,0.5189078875046244
1,9693,1.0,0.5,1.8,0.6552561805236217
1,9694,1.0,0.5,1.8,0.5647950655106383
1,9695,1.0,0.5,1.8,1.3417969769940872
1,9696,1.0,0.5,1.8,0.5724191745484977
1,9697,1.0,0.5,1.8,0.6934834223790807
1,9698,1.0,0.5,1.8,1.4596801368295318
1,9699,1.0,0.5,1.8,0.6484900463350431
1,9700,1.0,0.5,1.8,0.2971094794886522
1,9701,1.0,0.5,1.8,0.3923862239928623
1,9702,1.0,0.5,1.8,1.0320178256876376
1,9703,1.0,0.5,1.8,0.7066492772284557
1,9704,1.0,0.5,1.8,0.5337088469345493
1,9705,1.0,0.5,1.8,0.8452777427419017
1,9706,1.0,0.5,1.8,1.1236268615400744
1,9707,1.0,0.5,1.8,0.8397831975639396
1,9708,1.0,0.5,1.8,0.8166568042864363
1,9709,1.0,0.5,1.8,0.3752690415994353
1,9710,1.0,0.5,1.8,0.8289778009332125
1,9711,1.0,0.5,1.8,0.8890937620499783
1,9712,1.0,0.5,1.8,0.8497740573932454
1,9713,1.0,0.5,1.8,0.6687300898538991
1,9714,1.0,0.5,1.8,1.1001962113076844
1,9715,1.0,0.5,1.8,0.5992279452566233
1,9716,1.0,0.5,1.8,0.5336539841515341
1,9717,1.0,0.5,1.8,1.3902396094051979
1,9718,1.0,0.5,1.8,0.5650743151075184
1,9719,1.0,0.5,1.8,0.810271264936871
1,9720,1.0,0.5,1.8,0.2382637697538824
1,9721,1.0,0.5,1.8,0.8196591567927283
1,9722,1.0,0.5,1.8,1.5472040634972355
1,9723,1.0,0.5,1.8,1.210623597941928
1,9724,1.0,0.5,1.8,1.3986270933215925
1,9725,1.0,0.5,1.8,0.548702213312007
1,9726,1.0,0.5,1.8,0.9881686814018846
1,9727,1.0,0.5,1.8,0.17083814871017408
1,9728,1.0,0.5,1.8,1.4044468297992416
1,9729,1.0,0.5,1.8,1.53320004859316
1,9730,1.0,0.5,1.8,1.0150444667195038
1,9731,1.0,0.5,1.8,1.0504005409097166
1,9732,1.0,0.5,1.8,0.9942960342707268
1,9733,1.0,0.5,1.8,0.9363682639642805
1,9734,1.0,0.5,1.8,0.664971542921649
1,9735,1.0,0.5,1.8,1.354969807803906
1,9736,1.0,0.5,1.8,0.5627583182077428
1,9737,1.0,0.5,1.8,0.7574982102895355
1,9738,1.0,0.5,1.8,0.8975611272593923
1,9739,1.0,0.5,1.8,1.4059624156495338
1,9740,1.0,0.5,1.8,0.5584994684848849
1,9741,1.0,0.5,1.8,0.7970511660434146
1,9742,1.0,0.5,1.8,1.5228908533069692
1,9743,1.0,0.5,1.8,0.6140437551704132
1,9744,1.0,0.5,1.8,0.16313458812600662
1,9745,1.0,0.5,1.8,0.33764981357388457
1,9746,1.0,0.5,1.8,0.21639060518771583
1,9747,1.0,0.5,1.8,0.8318951254977669
1,9748,1.0,0.5,1.8,0.45529099545484586
1,9749,1.0,0.5,1.8,1.2005004430620676
1,9750,1.0,0.5,1.8,0.7487327407945199
1,9751,1.0,0.5,1.8,0.32103836538389474
1,9752,1.0,0.5,1.8,0.5413301584484
1,9753,1.0,0.5,1.8,1.146817975677317
1,9754,1.0,0.5,1.8,0.32433949926905425
1,9755,1.0,0.5,1.8,1.292586517524532
1,9756,1.0,0.5,1.8,0.4136172793637784
1,9757,1.0,0.5,1.8,0.45621619872147934
1,9758,1.0,0.5,1.8,0.35646279799045494
1,9759,1.0,0.5,1.8,1.3854047139550951
1,9760,1.0,0.5,1.8,0.36720529939056934
1,9761,1.0,0.5,1.8,0.3994280725229631
1,9762,1.0,0.5,1.8,0.9377130840981329
1,9763,1.0,0.5,1.8,1.041498302022097
1,9764,1.0,0.5,1.8,0.6727709519834038
1,9765,1.0,0.5,1.8,0.7661291515481328
1,9766,1.0,0.5,1.8,1.7514069321871393
1,9767,1.0,0.5,1.8,0.43935786944517197
1,9768,1.0,0.5,1.8,1.2202892969532695
1,9769,1.0,0.5,1.8,0.6442684585333422
1,9770,1.0,0.5,1.8,0.6250677252187227
1,9771,1.0,0.5,1.8,1.2935596965710237
1,9772,1.0,0.5,1.8,0.9368782388722896
1,9773,1.0,0.5,1.8,1.5119136777216264
1,9774,1.0,0.5,1.8,0.6887633100743524
1,9775,1.0,0.5,1.8,0.42320315010211124
1,9776,1.0,0.5,1.8,0.6403414850583856
1,9777,1.0,0.5,1.8,1.1083675526523378
1,9778,1.0,0.5,1.8,1.29529905902364
1,9779,1.0,0.5,1.8,1.1909817244704528
1,9780,1.0,0.5,1.8,0.9059442353134707
1,9781,1.0,0.5,1.8,1.406962356593828
1,9782,1.0,0.5,1.8,1.3011915881239833
1,9783,1.0,0.5,1.8,1.7341565994631452
1,9784,1.0,0.5,1.8,0.8686662821736784
1,9785,1.0,0.5,1.8,0.5593072098667362
1,9786,1.0,0.5,1.8,1.5546764423005917
1,9787,1.0,0.5,1.8,1.0935985276556834
1,9788,1.0,0.5,1.8,1.0859279693142134
1,9789,1.0,0.5,1.8,0.6755852250133526
1,9790,1.0,0.5,1.8,1.2010570443176491
1,9791,1.0,0.5,1.8,0.8979291137621012
1,9792,1.0,0.5,1.8,0.8625155988650542
1,9793,1.0,0.5,1.8,0.7846245416142197
1,9794,1.0,0.5,1.8,1.4405090922811876
1,9795,1.0,0.5,1.8,0.5305221626915229
1,9796,1.0,0.5,1.8,0.3007612502027496
1,9797,1.0,0.5,1.8,1.380228307677891
1,9798,1.0,0.5,1.8,0.14297100677462457
1,9799,1.0,0.5,1.8,1.2598251437078054
1,9800,1.0,0.5,1.8,0.4431044661216746
1,9801,1.0,0.5,1.8,0.7639594544893451
1,9802,1.0,0.5,1.8,1.4194870532726607
1,9803,1.0,0.5,1.8,1.2236856346188338
1,9804,1.0,0.5,1.8,0.4666354784544729
1,9805,1.0,0.5,1.8,1.4603884992829077
1,9806,1.0,0.5,1.8,0.643264818451133
1,9807,1.0,0.5,1.8,1.1112600668378487
1,9808,1.0,0.5,1.8,0.40559634680958395
1,9809,1.0,0.5,1.8,0.500877785767827
1,9810,1.0,0.5,1.8,0.835361326302945
1,9811,1.0,0.5,1.8,0.6686010097850069
1,9812,1.0,0.5,1.8,1.3118486573999637
1,9813,1.0,0.5,1.8,1.2758750259625236
1,9814,1.0,0.5,1.8,0.9390517038881856
1,9815,1.0,0.5,1.8,0.8670326476903447
1,9816,1.0,0.5,1.8,1.0811073268041522
1,9817,1.0,0.5,1.8,0.536561685294077
1,9818,1.0,0.5,1.8,0.5448667698409989
1,9819,1.0,0.5,1.8,0.755751321316469
1,9820,1.0,0.5,1.8,0.5546312953853306
1,9821,1.0,0.5,1.8,0.46741848295371974
1,9822,1.0,0.5,1.8,1.2439640079058703
1,9823,1.0,0.5,1.8,1.2591394365974122
1,9824,1.0,0.5,1.8,1.0133313812837472
1,9825,1.0,0.5,1.8,1.0452932661583636
1,9826,1.0,0.5,1.8,1.059288615740581
1,9827,1.0,0.5,1.8,0.3785148678078423
1,9828,1.0,0.5,1.8,0.5578355375799418
1,9829,1.0,0.5,1.8,1.3554200626779582
1,9830,1.0,0.5,1.8,1.0018771901743595
1,9831,1.0,0.5,1.8,1.0630759017866436
1,9832,1.0,0.5,1.8,1.1695259873079407
1,9833,1.0,0.5,1.8,0.6146544975745921
1,9834,1.0,0.5,1.8,0.26267430292668975
1,9835,1.0,0.5,1.8,1.441672734917172
1,9836,1.0,0.5,1.8,1.1156691642747294
1,9837,1.0,0.5,1.8,0.4946891236361946
1,9838,1.0,0.5,1.8,1.2809255520838958
1,9839,1.0,0.5,1.8,1.579904933169382
1,9840,1.0,0.5,1.8,1.003720987550035
1,9841,1.0,0.5,1.8,0.5026613447941167
1,9842,1.0,0.5,1.8,0.8726951904294509
1,9843,1.0,0.5,1.8,1.6522188675211735
1,9844,1.0,0.5,1.8,0.4609156057308753
1,9845,1.0,0.5,1.8,0.9168182070386567
1,9846,1.0,0.5,1.8,0.3142664586356
1,9847,1.0,0.5,1.8,1.7143230581407893
1,9848,1.0,0.5,1.8,0.45345546141907583
1,9849,1.0,0.5,1.8,1.6779940750699023
1,9850,1.0,0.5,1.8,1.1181879205385332
1,9851,1.0,0.5,1.8,1.1435258464411415
1,9852,1.0,0.5,1.8,0.45348338527538745
1,9853,1.0,0.5,1.8,1.1747783906657119
1,9854,1.0,0.5,1.8,0.24053521048918505
1,9855,1.0,0.5,1.8,0.7881619898482761
1,9856,1.0,0.5,1.8,0.4947162297478885
1,9857,1.0,0.5,1.8,0.8473683907037505
1,9858,1.0,0.5,1.8,1.0135640164371624
1,9859,1.0,0.5,1.8,1.2407964315633744
1,9860,1.0,0.5,1.8,0.6950394879327935
1,9861,1.0,0.5,1.8,1.2977022196077932
1,9862,1.0,0.5,1.8,0.4345918702903361
1,9863,1.0,0.5,1.8,0.797111999474534
1,9864,1.0,0.5,1.8,0.8741573797500386
1,9865,1.0,0.5,1.8,0.7303667163400026
1,9866,1.0,0.5,1.8,1.2904357768984311
1,9867,1.0,0.5,1.8,1.480885400561262
1,9868,1.0,0.5,1.8,1.2600396840962593
1,9869,1.0,0.5,1.8,0.335310462970617
1,9870,1.0,0.5,1.8,0.7454516007602348
1,9871,1.0,0.5,1.8,0.2606365904836412
1,9872,1.0,0.5,1.8,1.3606190081735665
1,9873,1.0,0.5,1.8,1.416857509792726
1,9874,1.0,0.5,1.8,0.7789863000086558
1,9875,1.0,0.5,1.8,0.9347772535708465
1,9876,1.0,0.5,1.8,0.459508436247206
1,9877,1.0,0.5,1.8,0.41685360189709947
1,9878,1.0,0.5,1.8,0.5537679048050665
1,9879,1.0,0.5,1.8,0.8100608376200481
1,9880,1.0,0.5,1.8,1.1320619805793104
1,9881,1.0,0.5,1.8,0.24498692232381372
1,9882,1.0,0.5,1.8,0.6662965167374567
1,9883,1.0,0.5,1.8,0.584705764769551
1,9884,1.0,0.5,1.8,1.4668589547553073
1,9885,1.0,0.5,1.8,0.9559824693660182
1,9886,1.0,0.5,1.8,0.49728468721022473
1,9887,1.0,0.5,1.8,0.09905147502825584
1,9888,1.0,0.5,1.8,0.28526959029797627
1,9889,1.0,0.5,1.8,1.2259000364451291
1,9890,1.0,0.5,1.8,0.4684077726528636
1,9891,1.0,0.5,1.8,1.4145170615617673
1,9892,1.0,0.5,1.8,1.332631739420239
1,9893,1.0,0.5,1.8,0.07361017202028831
1,9894,1.0,0.5,1.8,1.1361858315922737
1,9895,1.0,0.5,1.8,0.9388889814409879
1,9896,1.0,0.5,1.8,0.9560636992607006
1,9897,1.0,0.5,1.8,0.8147367670514256
1,9898,1.0,0.5,1.8,1.537067370236144
1,9899,1.0,0.5,1.8,0.8456315926305138
1,9900,1.0,0.5,1.8,0.703689427123656
1,9901,1.0,0.5,1.8,1.0515236569895166
1,9902,1.0,0.5,1.8,0.3927043566962542
1,9903,1.0,0.5,1.8,0.8275783582734645
1,9904,1.0,0.5,1.8,1.212012160065953
1,9905,1.0,0.5,1.8,1.47744483636617
1,9906,1.0,0.5,1.8,0.8443630561160443
1,9907,1.0,0.5,1.8,0.6550339596400032
1,9908,1.0,0.5,1.8,0.1610194241995868
1,9909,1.0,0.5,1.8,0.7436244205997815
1,9910,1.0,0.5,1.8,1.4078792336454184
1,9911,1.0,0.5,1.8,1.0177236081466483
1,9912,1.0,0.5,1.8,0.08245604392697531
1,9913,1.0,0.5,1.8,0.2834414318661975
1,9914,1.0,0.5,1.8,0.5610289247208281
1,9915,1.0,0.5,1.8,0.37748591179562907
1,9916,1.0,0.5,1.8,1.3215552829556314
1,9917,1.0,0.5,1.8,1.0375741481087633
1,9918,1.0,0.5,1.8,0.13752305263249287
1,9919,1.0,0.5,1.8,0.7925287727694261
1,9920,1.0,0.5,1.8,1.0249488374636795
1,9921,1.0,0.5,1.8,1.611654415485857
1,9922,1.0,0.5,1.8,1.2281988660830392
1,9923,1.0,0.5,1.8,1.5346560401089322
1,9924,1.0,0.5,1.8,0.8134813609926635
1,9925,1.0,0.5,1.8,1.2505342159619015
1,9926,1.0,0.5,1.8,1.150916868340049
1,9927,1.0,0.5,1.8,0.7672921559122783
1,9928,1.0,0.5,1.8,1.3898690015019843
1,9929,1.0,0.5,1.8,0.779027505127886
1,9930,1.0,0.5,1.8,1.0232523643952638
1,9931,1.0,0.5,1.8,0.8451653716502349
1,9932,1.0,0.5,1.8,0.3714906461702508
1,9933,1.0,0.5,1.8,1.2232893149797786
1,9934,1.0,0.5,1.8,1.0127597716346048
1,9935,1.0,0.5,1.8,1.0894495818461445
1,9936,1.0,0.5,1.8,0.7034458234951069
1,9937,1.0,0.5,1.8,1.2882376533273356
1,9938,1.0,0.5,1.8,0.5554315218918796
1,9939,1.0,0.5,1.8,1.2905615543634028
1,9940,1.0,0.5,1.8,0.7933330113822146
1,9941,1.0,0.5,1.8,0.7330132584983932
1,9942,1.0,0.5,1.8,0.7271825921241606
1,9943,1.0,0.5,1.8,0.6203519565315981
1,9944,1.0,0.5,1.8,0.9136788199744532
1,9945,1.0,0.5,1.8,0.8929884461464168
1,9946,1.0,0.5,1.8,1.1518421707909414
1,9947,1.0,0.5,1.8,0.21907918953916186
1,9948,1.0,0.5,1.8,0.3651391423073739
1,9949,1.0,0.5,1.8,0.7827096306541882
1,9950,1.0,0.5,1.8,0.6954494205139863
1,9951,1.0,0.5,1.8,0.21440975469450368
1,9952,1.0,0.5,1.8,0.7225216716247559
1,9953,1.0,0.5,1.8,1.239196062012018
1,9954,1.0,0.5,1.8,0.7187870533451903
1,9955,1.0,0.5,1.8,0.8551069948593637
1,9956,1.0,0.5,1.8,0.9110898874883885
1,9957,1.0,0.5,1.8,1.000263045716078
1,9958,1.0,0.5,1.8,0.5377214084668367
1,9959,1.0,0.5,1.8,1.6252287905406804
1,9960,1.0,0.5,1.8,1.6462267467625573
1,9961,1.0,0.5,1.8,1.0494354797351177
1,9962,1.0,0.5,1.8,1.0930533047809765
1,9963,1.0,0.5,1.8,0.6485565434206562
1,9964,1.0,0.5,1.8,1.3349703101843906
1,9965,1.0,0.5,1.8,1.1797077220974217
1,9966,1.0,0.5,1.8,0.6727937391493461
1,9967,1.0,0.5,1.8,0.594375664166655
1,9968,1.0,0.5,1.8,1.1409600382876728
1,9969,1.0,0.5,1.8,0.47639154399633005
1,9970,1.0,0.5,1.8,0.9266745012449689
1,9971,1.0,0.5,1.8,1.1871921326889885
1,9972,1.0,0.5,1.8,1.4137495432580724
1,9973,1.0,0.5,1.8,1.4769880490209482
1,9974,1.0,0.5,1.8,1.132174058490524
1,9975,1.0,0.5,1.8,1.0117811203759304
1,9976,1.0,0.5,1.8,0.540366021211985
1,9977,1.0,0.5,1.8,0.10093732177386663
1,9978,1.0,0.5,1.8,0.5467002405218432
1,9979,1.0,0.5,1.8,0.5037840491883088
1,9980,1.0,0.5,1.8,1.0924061973170054
1,9981,1.0,0.5,1.8,0.8665555953851393
1,9982,1.0,0.5,1.8,0.7305373237952697
1,9983,1.0,0.5,1.8,1.1256239080372974
1,9984,1.0,0.5,1.8,1.5799568867902185
1,9985,1.0,0.5,1.8,1.3137986352438087
1,9986,1.0,0.5,1.8,0.3898483244831074
1,9987,1.0,0.5,1.8,0.9692891281551432
1,9988,1.0,0.5,1.8,0.9041539927127209
1,9989,1.0,0.5,1.8,1.0438461243046626
1,9990,1.0,0.5,1.8,1.228135816623156
1,9991,1.0,0.5,1.8,0.8927292354829467
1,9992,1.0,0.5,1.8,1.2322590449045794
1,9993,1.0,0.5,1.8,1.0935598751761815
1,9994,1.0,0.5,1.8,1.192135436659961
1,9995,1.0,0.5,1.8,1.0910783645118238
1,9996,1.0,0.5,1.8,0.8952348435605082
1,9997,1.0,0.5,1.8,1.0326721957847151
1,9998,1.0,0.5,1.8,1.3816340103074294
1,9999,1.0,0.5,1.8,1.11402003420884
1,10000,1.0,0.5,1.8,1.37740750706628
2,1,0.2,0.5,2.5,0.4301129604922772
2,2,0.2,0.5,2.5,0.481574142296007
2,3,0.2,0.5,2.5,0.4818986465623392
2,4,0.2,0.5,2.5,0.7002625404714601
2,5,0.2,0.5,2.5,0.40576906451943795
2,6,0.2,0.5,2.5,1.1301269359085053
2,7,0.2,0.5,2.5,0.5643029968211062
2,8,0.2,0.5,2.5,1.173698088983484
2,9,0.2,0.5,2.5,0.6730862497409422
2,10,0.2,0.5,2.5,0.5347615540590095
2,11,0.2,0.5,2.5,0.6785633782390358
2,12,0.2,0.5,2.5,1.1799055906781757
2,13,0.2,0.5,2.5,0.07511966556475218
2,14,0.2,0.5,2.5,0.6447052101151253
2,15,0.2,0.5,2.5,0.30453717050064955
2,16,0.2,0.5,2.5,1.2636697482092185
2,17,0.2,0.5,2.5,1.8411042901584533
2,18,0.2,0.5,2.5,0.8478175021345602
2,19,0.2,0.5,2.5,0.31697164915086506
2,20,0.2,0.5,2.5,0.7312912764636506
2,21,0.2,0.5,2.5,0.8386427607061727
2,22,0.2,0.5,2.5,0.8057970216073097
2,23,0.2,0.5,2.5,0.861282442150622
2,24,0.2,0.5,2.5,1.0151837182719854
2,25,0.2,0.5,2.5,0.6832136607003424
2,26,0.2,0.5,2.5,0.6418378182104552
2,27,0.2,0.5,2.5,0.5683120037781404
2,28,0.2,0.5,2.5,0.44810665463996513
2,29,0.2,0.5,2.5,0.8248950155399131
2,30,0.2,0.5,2.5,0.9250333052748297
2,31,0.2,0.5,2.5,0.8630997286254348
2,32,0.2,0.5,2.5,0.30108505694080745
2,33,0.2,0.5,2.5,0.2527212388001664
2,34,0.2,0.5,2.5,0.4480404147483022
2,35,0.2,0.5,2.5,0.25221635973345485
2,36,0.2,0.5,2.5,0.803652531137712
2,37,0.2,0.5,2.5,0.8589522919434336
2,38,0.2,0.5,2.5,1.0037118853195022
2,39,0.2,0.5,2.5,0.20488602589107693
2,40,0.2,0.5,2.5,1.4877878149074233
2,41,0.2,0.5,2.5,0.22821174729486637
2,42,0.2,0.5,2.5,0.5323198102683974
2,43,0.2,0.5,2.5,0.02413507844281275
2,44,0.2,0.5,2.5,0.365020849491983
2,45,0.2,0.5,2.5,0.2607097077227737
2,46,0.2,0.5,2.5,0.7076362111178901
2,47,0.2,0.5,2.5,0.9300145470013139
2,48,0.2,0.5,2.5,0.9548313297015312
2,49,0.2,0.5,2.5,1.1255017822345386
2,50,0.2,0.5,2.5,0.9965387139642948
2,51,0.2,0.5,2.5,0.8621272322668734
2,52,0.2,0.5,2.5,0.43239122309095973
2,53,0.2,0.5,2.5,1.4275363731162054
2,54,0.2,0.5,2.5,0.8554250545787488
2,55,0.2,0.5,2.5,0.6764285353781831
2,56,0.2,0.5,2.5,0.39022635486332663
2,57,0.2,0.5,2.5,0.7749789976007532
2,58,0.2,0.5,2.5,0.6723736253960626
2,59,0.2,0.5,2.5,0.14541005149025124
2,60,0.2,0.5,2.5,1.1636844626892686
2,61,0.2,0.5,2.5,0.2567904569985991
2,62,0.2,0.5,2.5,0.38254518739024296
2,63,0.2,0.5,2.5,0.7498905750216295
2,64,0.2,0.5,2.5,1.0223466134381747
2,65,0.2,0.5,2.5,1.412829872195199
2,66,0.2,0.5,2.5,0.32497390267136483
2,67,0.2,0.5,2.5,0.8329235734224679
2,68,0.2,0.5,2.5,0.15833950162490032
2,69,0.2,0.5,2.5,1.4391512171359042
2,70,0.2,0.5,2.5,0.33346954641954435
2,71,0.2,0.5,2.5,0.74188950242012
2,72,0.2,0.5,2.5,0.83188568669855
2,73,0.2,0.5,2.5,0.619076656744538
2,74,0.2,0.5,2.5,0.7248444207710955
2,75,0.2,0.5,2.5,1.0156708049830068
2,76,0.2,0.5,2.5,0.5740395562743202
2,77,0.2,0.5,2.5,0.7175593731412727
2,78,0.2,0.5,2.5,0.7015089750770194
2,79,0.2,0.5,2.5,0.6510237340584476
2,80,0.2,0.5,2.5,0.6533657282642191
2,81,0.2,0.5,2.5,1.3924867375823937
2,82,0.2,0.5,2.5,0.7668506828837977
2,83,0.2,0.5,2.5,0.40258520079139154
2,84,0.2,0.5,2.5,0.042050828859792215
2,85,0.2,0.5,2.5,0.2044776866053977
2,86,0.2,0.5,2.5,0.25217533081014504
2,87,0.2,0.5,2.5,1.249158661228692
2,88,0.2,0.5,2.5,0.5083563226784231
2,89,0.2,0.5,2.5,1.0613722682991469
2,90,0.2,0.5,2.5,0.6066357944722596
2,91,0.2,0.5,2.5,0.5443652393083778
2,92,0.2,0.5,2.5,0.6547063500177039
2,93,0.2,0.5,2.5,0.4666706789443328
2,94,0.2,0.5,2.5,1.452755731624962
2,95,0.2,0.5,2.5,0.4752936451749365
2,96,0.2,0.5,2.5,0.5159811667439268
2,97,0.2,0.5,2.5,0.6499248893776375
2,98,0.2,0.5,2.5,0.30616896666842325
2,99,0.2,0.5,2.5,0.29357297299249924
2,100,0.2,0.5,2.5,1.1239790902311328
2,101,0.2,0.5,2.5,0.29871156069727245
2,102,0.2,0.5,2.5,0.7067838799980111
2,103,0.2,0.5,2.5,1.0354742719207244
2,104,0.2,0.5,2.5,0.36567971699983864
2,105,0.2,0.5,2.5,1.1907313722431043
2,106,0.2,0.5,2.5,1.0256200306706071
2,107,0.2,0.5,2.5,1.2234248130580656
2,108,0.2,0.5,2.5,0.6567272172801206
2,109,0.2,0.5,2.5,1.0995252423574013
2,110,0.2,0.5,2.5,0.9022805009504787
2,111,0.2,0.5,2.5,0.22130601889249105
2,112,0.2,0.5,2.5,1.1188877171859866
2,113,0.2,0.5,2.5,1.0723967210245162
2,114,0.2,0.5,2.5,0.5797918471439394
2,115,0.2,0.5,2.5,0.673352772493035
2,116,0.2,0.5,2.5,0.5313613753011028
2,117,0.2,0.5,2.5,0.7741478578987624
2,118,0.2,0.5,2.5,0.18315599118456946
2,119,0.2,0.5,2.5,0.421662251794438
2,120,0.2,0.5,2.5,0.8118953575135948
2,121,0.2,0.5,2.5,0.8384215737175565
2,122,0.2,0.5,2.5,0.7845524735481701
2,123,0.2,0.5,2.5,0.9926606606897149
2,124,0.2,0.5,2.5,0.9427149297417965
2,125,0.2,0.5,2.5,0.8070494890265145
2,126,0.2,0.5,2.5,0.6349537485488402
2,127,0.2,0.5,2.5,0.456529786530833
2,128,0.2,0.5,2.5,0.1508463894897936
2,129,0.2,0.5,2.5,0.47078071479747874
2,130,0.2,0.5,2.5,0.835429668162518
2,131,0.2,0.5,2.5,0.19900604743431688
2,132,0.2,0.5,2.5,1.1141291950672154
2,133,0.2,0.5,2.5,0.21449786446623473
2,134,0.2,0.5,2.5,1.0054744361483459
2,135,0.2,0.5,2.5,1.1364795848011766
2,136,0.2,0.5,2.5,0.5765763943109892
2,137,0.2,0.5,2.5,0.18037574420144978
2,138,0.2,0.5,2.5,0.6443175999342362
2,139,0.2,0.5,2.5,0.6367718669111945
2,140,0.2,0.5,2.5,1.2953520655191149
2,141,0.2,0.5,2.5,0.8899900612872997
2,142,0.2,0.5,2.5,1.1918418734374543
2,143,0.2,0.5,2.5,0.1644505620527552
2,144,0.2,0.5,2.5,0.27770174465374836
2,145,0.2,0.5,2.5,0.5209879895836235
2,146,0.2,0.5,2.5,0.7424635227431364
2,147,0.2,0.5,2.5,0.44945773656498833
2,148,0.2,0.5,2.5,0.5816793432575013
2,149,0.2,0.5,2.5,0.49360627457145567
2,150,0.2,0.5,2.5,0.31376408133955447
2,151,0.2,0.5,2.5,0.9053792655942288
2,152,0.2,0.5,2.5,0.03563701645129226
2,153,0.2,0.5,2.5,0.8427697459093345
2,154,0.2,0.5,2.5,0.4420918307809838
2,155,0.2,0.5,2.5,0.6806305249135758
2,156,0.2,0.5,2.5,0.8306248332795053
2,157,0.2,0.5,2.5,0.7860139848304206
2,158,0.2,0.5,2.5,0.44508222972055084
2,159,0.2,0.5,2.5,0.9545144628663266
2,160,0.2,0.5,2.5,0.01899227135441287
2,161,0.2,0.5,2.5,0.5851585320435592
2,162,0.2,0.5,2.5,0.7964799276776581
2,163,0.2,0.5,2.5,0.5248191109546717
2,164,0.2,0.5,2.5,1.0232302999214737
2,165,0.2,0.5,2.5,0.12925893256849633
2,166,0.2,0.5,2.5,0.7017513342375974
2,167,0.2,0.5,2.5,0.6052310183424982
2,168,0.2,0.5,2.5,1.29419246466907
2,169,0.2,0.5,2.5,0.37013954411667666
2,170,0.2,0.5,2.5,0.5118957631465585
2,171,0.2,0.5,2.5,0.9891135983401863
2,172,0.2,0.5,2.5,0.5531963900654063
2,173,0.2,0.5,2.5,1.2426741863740827
2,174,0.2,0.5,2.5,0.47269525762849507
2,175,0.2,0.5,2.5,0.9942765538195701
2,176,0.2,0.5,2.5,0.5439332339306404
2,177,0.2,0.5,2.5,0.3411843848761923
2,178,0.2,0.5,2.5,0.6161768482220402
2,179,0.2,0.5,2.5,0.19121750666472906
2,180,0.2,0.5,2.5,0.4303821033515988
2,181,0.2,0.5,2.5,0.48061279555027253
2,182,0.2,0.5,2.5,0.780024932328453
2,183,0.2,0.5,2.5,0.32067106775762305
2,184,0.2,0.5,2.5,1.018264935928864
2,185,0.2,0.5,2.5,0.8994844408139709
2,186,0.2,0.5,2.5,0.9974797045203359
2,187,0.2,0.5,2.5,1.0153025289528508
2,188,0.2,0.5,2.5,0.5119965120268358
2,189,0.2,0.5,2.5,1.1545465606709322
2,190,0.2,0.5,2.5,0.8072056223428891
2,191,0.2,0.5,2.5,0.31059536727017867
2,192,0.2,0.5,2.5,0.2692838908319919
2,193,0.2,0.5,2.5,0.6599904508286595
2,194,0.2,0.5,2.5,0.6261161500652578
2,195,0.2,0.5,2.5,0.7269636854862405
2,196,0.2,0.5,2.5,1.5060603070394722
2,197,0.2,0.5,2.5,0.8414608608289127
2,198,0.2,0.5,2.5,0.6394461908057307
2,199,0.2,0.5,2.5,0.535642660522835
2,200,0.2,0.5,2.5,0.6191785733747255
2,201,0.2,0.5,2.5,0.5285011454336871
2,202,0.2,0.5,2.5,1.2839175078568008
2,203,0.2,0.5,2.5,1.1287434658042121
2,204,0.2,0.5,2.5,0.8399165774274391
2,205,0.2,0.5,2.5,0.7027631459691849
2,206,0.2,0.5,2.5,1.1163600094176245
2,207,0.2,0.5,2.5,0.09787682242812111
2,208,0.2,0.5,2.5,0.8983248743546806
2,209,0.2,0.5,2.5,0.5056864399081662
2,210,0.2,0.5,2.5,0.42718618812682224
2,211,0.2,0.5,2.5,1.0997279075253032
2,212,0.2,0.5,2.5,0.8380413512959021
2,213,0.2,0.5,2.5,0.17597033356954786
2,214,0.2,0.5,2.5,1.1990315051990688
2,215,0.2,0.5,2.5,0.15395133329340907
2,216,0.2,0.5,2.5,0.6337688717600576
2,217,0.2,0.5,2.5,0.27967848875919377
2,218,0.2,0.5,2.5,1.2898698598379723
2,219,0.2,0.5,2.5,1.0093681871722338
2,220,0.2,0.5,2.5,0.823147300708126
2,221,0.2,0.5,2.5,0.45899508644567955
2,222,0.2,0.5,2.5,0.9752319375487644
2,223,0.2,0.5,2.5,0.2593196782390104
2,224,0.2,0.5,2.5,1.4337219557290526
2,225,0.2,0.5,2.5,0.48880927468629687
2,226,0.2,0.5,2.5,0.9390107505608203
2,227,0.2,0.5,2.5,0.9198936712982008
2,228,0.2,0.5,2.5,0.3341778431482722
2,229,0.2,0.5,2.5,0.5243225662279657
2,230,0.2,0.5,2.5,0.37015695596919024
2,231,0.2,0.5,2.5,0.38902841237885705
2,232,0.2,0.5,2.5,0.4928340448512307
2,233,0.2,0.5,2.5,0.8228253684948856
2,234,0.2,0.5,2.5,0.5320929237135408
2,235,0.2,0.5,2.5,0.568832285763834
2,236,0.2,0.5,2.5,0.6046628211754151
2,237,0.2,0.5,2.5,0.3799592748107623
2,238,0.2,0.5,2.5,0.9381257231580221
2,239,0.2,0.5,2.5,0.36966387474638235
2,240,0.2,0.5,2.5,0.6653491019926338
2,241,0.2,0.5,2.5,0.6282046601274272
2,242,0.2,0.5,2.5,0.4991646832524055
2,243,0.2,0.5,2.5,0.2594765995657434
2,244,0.2,0.5,2.5,0.6309789944206663
2,245,0.2,0.5,2.5,0.3774664158580288
2,246,0.2,0.5,2.5,0.9091957087004594
2,247,0.2,0.5,2.5,0.0692486587092503
2,248,0.2,0.5,2.5,0.7562400508675227
2,249,0.2,0.5,2.5,1.0912840300792945
2,250,0.2,0.5,2.5,0.28898161363655617
2,251,0.2,0.5,2.5,0.6338728740888545
2,252,0.2,0.5,2.5,0.40183704899748485
2,253,0.2,0.5,2.5,0.4282290281275782
2,254,0.2,0.5,2.5,0.23620979708460907
2,255,0.2,0.5,2.5,0.6697045211304046
2,256,0.2,0.5,2.5,1.0338464841304218
2,257,0.2,0.5,2.5,0.586968698766442
2,258,0.2,0.5,2.5,0.7442412536728861
2,259,0.2,0.5,2.5,0.08667662893207603
2,260,0.2,0.5,2.5,0.1652751515388001
2,261,0.2,0.5,2.5,0.3855430688858445
2,262,0.2,0.5,2.5,1.452527580390001
2,263,0.2,0.5,2.5,0.7668225776043134
2,264,0.2,0.5,2.5,1.1595435969737797
2,265,0.2,0.5,2.5,1.2323969326448077
2,266,0.2,0.5,2.5,0.9169743803444237
2,267,0.2,0.5,2.5,0.5715435127780593
2,268,0.2,0.5,2.5,0.5478466264142328
2,269,0.2,0.5,2.5,0.3502384113538089
2,270,0.2,0.5,2.5,0.9116239321679217
2,271,0.2,0.5,2.5,0.753470557961508
2,272,0.2,0.5,2.5,0.9927416014866051
2,273,0.2,0.5,2.5,0.7557674192340337
2,274,0.2,0.5,2.5,0.4609995697722312
2,275,0.2,0.5,2.5,0.37713829788297104
2,276,0.2,0.5,2.5,0.8608612456844199
2,277,0.2,0.5,2.5,0.9105587482570139
2,278,0.2,0.5,2.5,0.5510014153979933
2,279,0.2,0.5,2.5,0.5785608427623203
2,280,0.2,0.5,2.5,0.17587460252242185
2,281,0.2,0.5,2.5,0.44538751036993923
2,282,0.2,0.5,2.5,0.5220252460383838
2,283,0.2,0.5,2.5,1.2418943805919174
2,284,0.2,0.5,2.5,0.42138766585198906
2,285,0.2,0.5,2.5,0.307421126845756
2,286,0.2,0.5,2.5,0.819231639111475
2,287,0.2,0.5,2.5,0.27074600829525697
2,288,0.2,0.5,2.5,0.1441534249636506
2,289,0.2,0.5,2.5,0.5747454304780605
2,290,0.2,0.5,2.5,0.7534726085391469
2,291,0.2,0.5,2.5,1.3854119887396272
2,292,0.2,0.5,2.5,0.24652006529081413
2,293,0.2,0.5,2.5,0.5456497193771226
2,294,0.2,0.5,2.5,1.461843614502279
2,295,0.2,0.5,2.5,0.6475848791564471
2,296,0.2,0.5,2.5,1.661472268002239
2,297,0.2,0.5,2.5,0.23649532994400296
2,298,0.2,0.5,2.5,0.2364880132006277
2,299,0.2,0.5,2.5,1.0244493811638893
2,300,0.2,0.5,2.5,0.4531393274588276
2,301,0.2,0.5,2.5,0.8210671775411237
2,302,0.2,0.5,2.5,0.887763318445602
2,303,0.2,0.5,2.5,1.1761693396364372
2,304,0.2,0.5,2.5,1.260526632502667
2,305,0.2,0.5,2.5,0.48640148922362925
2,306,0.2,0.5,2.5,0.6976462161328545
2,307,0.2,0.5,2.5,0.06311007720073107
2,308,0.2,0.5,2.5,0.36590193119561304
2,309,0.2,0.5,2.5,0.3751559040912679
2,310,0.2,0.5,2.5,1.1276617469418582
2,311,0.2,0.5,2.5,0.9135414435020269
2,312,0.2,0.5,2.5,0.3326365759193791
2,313,0.2,0.5,2.5,0.2898495373874435
2,314,0.2,0.5,2.5,0.2634125120199221
2,315,0.2,0.5,2.5,0.3741430940154934
2,316,0.2,0.5,2.5,0.7477681058309344
2,317,0.2,0.5,2.5,0.5776077288262678
2,318,0.2,0.5,2.5,0.9332148298900879
2,319,0.2,0.5,2.5,0.8279031706596096
2,320,0.2,0.5,2.5,0.7582558862876334
2,321,0.2,0.5,2.5,0.6257261391960809
2,322,0.2,0.5,2.5,1.105565600362552
2,323,0.2,0.5,2.5,0.5024169683642249
2,324,0.2,0.5,2.5,0.9109417552216639
2,325,0.2,0.5,2.5,0.8250780899882553
2,326,0.2,0.5,2.5,0.7483833663126974
2,327,0.2,0.5,2.5,1.2819460795979167
2,328,0.2,0.5,2.5,0.11257330142479796
2,329,0.2,0.5,2.5,0.22649315917159848
2,330,0.2,0.5,2.5,0.24723317845573103
2,331,0.2,0.5,2.5,0.9212277413921345
2,332,0.2,0.5,2.5,1.1403310244240659
2,333,0.2,0.5,2.5,0.5793031786008137
2,334,0.2,0.5,2.5,0.29688856756701815
2,335,0.2,0.5,2.5,0.242225560907361
2,336,0.2,0.5,2.5,0.24327030656366244
2,337,0.2,0.5,2.5,0.5397364493138174
2,338,0.2,0.5,2.5,0.15796426440452677
2,339,0.2,0.5,2.5,0.22876733629246826
2,340,0.2,0.5,2.5,0.634494191386107
2,341,0.2,0.5,2.5,0.6521474986833795
2,342,0.2,0.5,2.5,0.7626657394108332
2,343,0.2,0.5,2.5,0.5101012907407342
2,344,0.2,0.5,2.5,0.36298966215074335
2,345,0.2,0.5,2.5,1.5798741004424348
2,346,0.2,0.5,2.5,0.26237070741083623
2,347,0.2,0.5,2.5,0.4729543631235402
2,348,0.2,0.5,2.5,0.25867243335878926
2,349,0.2,0.5,2.5,0.6930911432461299
2,350,0.2,0.5,2.5,0.36879480687957533
2,351,0.2,0.5,2.5,0.6852289315810751
2,352,0.2,0.5,2.5,0.9757770285837362
2,353,0.2,0.5,2.5,1.0058252339258442
2,354,0.2,0.5,2.5,0.28878334602284567
2,355,0.2,0.5,2.5,0.27786140713151575
2,356,0.2,0.5,2.5,0.664196231505703
2,357,0.2,0.5,2.5,0.705404480539589
2,358,0.2,0.5,2.5,0.3337194527123062
2,359,0.2,0.5,2.5,0.6216356879427962
2,360,0.2,0.5,2.5,0.6831448666676004
2,361,0.2,0.5,2.5,0.9282259233594936
2,362,0.2,0.5,2.5,0.36725878485567043
2,363,0.2,0.5,2.5,0.9270303561127355
2,364,0.2,0.5,2.5,0.8725382991958249
2,365,0.2,0.5,2.5,0.642054613489196
2,366,0.2,0.5,2.5,0.5381252460413298
2,367,0.2,0.5,2.5,0.017509641959271075
2,368,0.2,0.5,2.5,0.4482902070921849
2,369,0.2,0.5,2.5,0.84571222453207
2,370,0.2,0.5,2.5,0.32183351325177173
2,371,0.2,0.5,2.5,1.17977674739102
2,372,0.2,0.5,2.5,0.6159425410322418
2,373,0.2,0.5,2.5,0.22562036359617096
2,374,0.2,0.5,2.5,1.1936256382977375
2,375,0.2,0.5,2.5,0.3016362024739874
2,376,0.2,0.5,2.5,1.0900147324585676
2,377,0.2,0.5,2.5,0.787032915412725
2,378,0.2,0.5,2.5,0.3138558703697153
2,379,0.2,0.5,2.5,0.7177573698963302
2,380,0.2,0.5,2.5,0.5176009446512124
2,381,0.2,0.5,2.5,0.3281917623385857
2,382,0.2,0.5,2.5,0.45155099007105126
2,383,0.2,0.5,2.5,1.2447556576665602
2,384,0.2,0.5,2.5,0.9505689310135644
2,385,0.2,0.5,2.5,0.29329493325032224
2,386,0.2,0.5,2.5,0.3986291637194207
2,387,0.2,0.5,2.5,0.8864774119164046
2,388,0.2,0.5,2.5,0.4994715298528103
2,389,0.2,0.5,2.5,1.208107221633743
2,390,0.2,0.5,2.5,0.7771094878083676
2,391,0.2,0.5,2.5,1.0504621562151981
2,392,0.2,0.5,2.5,0.34985476507277985
2,393,0.2,0.5,2.5,0.6457760073484078
2,394,0.2,0.5,2.5,0.4187633107860438
2,395,0.2,0.5,2.5,0.7496044069317203
2,396,0.2,0.5,2.5,0.5138774851526222
2,397,0.2,0.5,2.5,0.6311432460948344
2,398,0.2,0.5,2.5,1.4269172331648374
2,399,0.2,0.5,2.5,1.2606636008587853
2,400,0.2,0.5,2.5,0.9762427734106163
2,401,0.2,0.5,2.5,0.7806804721274577
2,402,0.2,0.5,2.5,1.2412101800076436
2,403,0.2,0.5,2.5,0.31581672067259736
2,404,0.2,0.5,2.5,0.5239295753644848
2,405,0.2,0.5,2.5,0.6456086594372348
2,406,0.2,0.5,2.5,1.3669573115036902
2,407,0.2,0.5,2.5,0.6274633617643257
2,408,0.2,0.5,2.5,0.3921724331848948
2,409,0.2,0.5,2.5,1.064111086273027
2,410,0.2,0.5,2.5,0.7642402790707107
2,411,0.2,0.5,2.5,0.9040851551866972
2,412,0.2,0.5,2.5,0.7025913359135848
2,413,0.2,0.5,2.5,0.818034209740232
2,414,0.2,0.5,2.5,0.5177239785229774
2,415,0.2,0.5,2.5,1.5166438095184778
2,416,0.2,0.5,2.5,1.2357005283662403
2,417,0.2,0.5,2.5,0.3873121877960005
2,418,0.2,0.5,2.5,0.6049539403162522
2,419,0.2,0.5,2.5,1.1443034650855493
2,420,0.2,0.5,2.5,0.4699464241726209
2,421,0.2,0.5,2.5,1.0334207080692335
2,422,0.2,0.5,2.5,0.6709899252584316
2,423,0.2,0.5,2.5,0.9115951305679854
2,424,0.2,0.5,2.5,0.09657139922825043
2,425,0.2,0.5,2.5,0.48373047796197444
2,426,0.2,0.5,2.5,0.6419255721686259
2,427,0.2,0.5,2.5,0.25133636072242
2,428,0.2,0.5,2.5,0.5206650251659525
2,429,0.2,0.5,2.5,0.6866191389871453
2,430,0.2,0.5,2.5,0.6265515256461203
2,431,0.2,0.5,2.5,1.647831639700489
2,432,0.2,0.5,2.5,0.3770440273918972
2,433,0.2,0.5,2.5,0.7526171536512649
2,434,0.2,0.5,2.5,1.6420652872828934
2,435,0.2,0.5,2.5,0.6302740849884384
2,436,0.2,0.5,2.5,0.31028310159587125
2,437,0.2,0.5,2.5,0.912764595813138
2,438,0.2,0.5,2.5,1.1999045072848822
2,439,0.2,0.5,2.5,1.1349846252112914
2,440,0.2,0.5,2.5,0.4310973110908531
2,441,0.2,0.5,2.5,0.4534615555510469
2,442,0.2,0.5,2.5,1.579709943023397
2,443,0.2,0.5,2.5,1.0370411887912747
2,444,0.2,0.5,2.5,0.7066654367732168
2,445,0.2,0.5,2.5,0.33868795960124554
2,446,0.2,0.5,2.5,0.9678860479348597
2,447,0.2,0.5,2.5,0.8124749956934415
2,448,0.2,0.5,2.5,0.7826703668551985
2,449,0.2,0.5,2.5,0.7507537985743293
2,450,0.2,0.5,2.5,0.4759318960206335
2,451,0.2,0.5,2.5,1.2292558690237623
2,452,0.2,0.5,2.5,1.2697600477024018
2,453,0.2,0.5,2.5,0.23756907102555755
2,454,0.2,0.5,2.5,0.3309355591085777
2,455,0.2,0.5,2.5,0.4544268452705027
2,456,0.2,0.5,2.5,0.8486893324739192
2,457,0.2,0.5,2.5,0.2869971932743481
2,458,0.2,0.5,2.5,0.49810883192721417
2,459,0.2,0.5,2.5,0.41959191762019654
2,460,0.2,0.5,2.5,0.6508536735485807
2,461,0.2,0.5,2.5,0.5212379228744928
2,462,0.2,0.5,2.5,0.8287908582318148
2,463,0.2,0.5,2.5,0.3547520785101179
2,464,0.2,0.5,2.5,0.7852361004923496
2,465,0.2,0.5,2.5,0.24050106542536653
2,466,0.2,0.5,2.5,0.4514486728640724
2,467,0.2,0.5,2.5,0.9827566922224353
2,468,0.2,0.5,2.5,0.14636403407074208
2,469,0.2,0.5,2.5,0.19318031319328202
2,470,0.2,0.5,2.5,1.0089281314551737
2,471,0.2,0.5,2.5,0.8615545237752777
2,472,0.2,0.5,2.5,0.8702560130634319
2,473,0.2,0.5,2.5,0.13305287469573904
2,474,0.2,0.5,2.5,0.8057899962207444
2,475,0.2,0.5,2.5,0.8516412568004237
2,476,0.2,0.5,2.5,0.7615758154642541
2,477,0.2,0.5,2.5,0.6137814888302747
2,478,0.2,0.5,2.5,1.1009767627201836
2,479,0.2,0.5,2.5,1.0241088991598175
2,480,0.2,0.5,2.5,0.7735916528556073
2,481,0.2,0.5,2.5,0.7505820804749402
2,482,0.2,0.5,2.5,1.4988794804321166
2,483,0.2,0.5,2.5,0.6419840940162632
2,484,0.2,0.5,2.5,0.5427069846138142
2,485,0.2,0.5,2.5,0.4982812426794521
2,486,0.2,0.5,2.5,0.5080518001226135
2,487,0.2,0.5,2.5,0.7421019259377956
2,488,0.2,0.5,2.5,0.8379797858733751
2,489,0.2,0.5,2.5,0.5055949735413269
2,490,0.2,0.5,2.5,0.5237739364583883
2,491,0.2,0.5,2.5,0.31491331930929684
2,492,0.2,0.5,2.5,0.4473327748531913
2,493,0.2,0.5,2.5,0.6194659380704438
2,494,0.2,0.5,2.5,0.8013216774733626
2,495,0.2,0.5,2.5,0.38093835932661724
2,496,0.2,0.5,2.5,0.2958322702281429
2,497,0.2,0.5,2.5,0.24181064022350393
2,498,0.2,0.5,2.5,0.5927434945316437
2,499,0.2,0.5,2.5,0.8460607106606671
2,500,0.2,0.5,2.5,0.27975712760886207
2,501,0.2,0.5,2.5,1.1909996728156285
2,502,0.2,0.5,2.5,0.9826736631013475
2,503,0.2,0.5,2.5,0.9302103023595523
2,504,0.2,0.5,2.5,0.3051902250702837
2,505,0.2,0.5,2.5,0.19460808431602722
2,506,0.2,0.5,2.5,0.5159032819189961
2,507,0.2,0.5,2.5,1.0529363615563738
2,508,0.2,0.5,2.5,0.6610238873905179
2,509,0.2,0.5,2.5,1.1905811680363876
2,510,0.2,0.5,2.5,0.4565415797961248
2,511,0.2,0.5,2.5,0.5725486933890326
2,512,0.2,0.5,2.5,0.8141977052308832
2,513,0.2,0.5,2.5,1.0853108710084742
2,514,0.2,0.5,2.5,0.5974868898476003
2,515,0.2,0.5,2.5,0.9070395062413338
2,516,0.2,0.5,2.5,1.0543342648778187
2,517,0.2,0.5,2.5,0.6292119727419445
2,518,0.2,0.5,2.5,0.6049481394257498
2,519,0.2,0.5,2.5,0.4435557766766498
2,520,0.2,0.5,2.5,1.0925172863026407
2,521,0.2,0.5,2.5,0.33906022128031793
2,522,0.2,0.5,2.5,0.9919868929585709
2,523,0.2,0.5,2.5,1.0146989542512963
2,524,0.2,0.5,2.5,1.271836861013693
2,525,0.2,0.5,2.5,0.42113147435493165
2,526,0.2,0.5,2.5,0.9137061989692803
2,527,0.2,0.5,2.5,0.3425325573984527
2,528,0.2,0.5,2.5,0.8418258770300793
2,529,0.2,0.5,2.5,0.30710064675305626
2,530,0.2,0.5,2.5,1.0552509470072982
2,531,0.2,0.5,2.5,0.7112368861716927
2,532,0.2,0.5,2.5,1.09005124692656
2,533,0.2,0.5,2.5,0.7249309516499219
2,534,0.2,0.5,2.5,1.154889600347152
2,535,0.2,0.5,2.5,0.8589327549866358
2,536,0.2,0.5,2.5,0.36483154728294015
2,537,0.2,0.5,2.5,0.3663444701751906
2,538,0.2,0.5,2.5,0.4173907761919534
2,539,0.2,0.5,2.5,0.5096288209074135
2,540,0.2,0.5,2.5,0.8949355888879986
2,541,0.2,0.5,2.5,1.1950740983360029
2,542,0.2,0.5,2.5,0.8394478202168244
2,543,0.2,0.5,2.5,1.1256109742324265
2,544,0.2,0.5,2.5,0.8834546559225678
2,545,0.2,0.5,2.5,0.5261661461059616
2,546,0.2,0.5,2.5,1.187312867101819
2,547,0.2,0.5,2.5,0.6831294198557052
2,548,0.2,0.5,2.5,0.15042797493155002
2,549,0.2,0.5,2.5,0.4794702123662918
2,550,0.2,0.5,2.5,0.23366491470644746
2,551,0.2,0.5,2.5,0.9733837959216689
2,552,0.2,0.5,2.5,0.483552507111884
2,553,0.2,0.5,2.5,1.4307304356183232
2,554,0.2,0.5,2.5,0.5933527602246219
2,555,0.2,0.5,2.5,0.5147211436226622
2,556,0.2,0.5,2.5,0.6309539761264222
2,557,0.2,0.5,2.5,0.5992388689578573
2,558,0.2,0.5,2.5,0.6944958764334072
2,559,0.2,0.5,2.5,0.4818068231287874
2,560,0.2,0.5,2.5,0.8995208456427067
2,561,0.2,0.5,2.5,0.892983639478789
2,562,0.2,0.5,2.5,0.6704613895917437
2,563,0.2,0.5,2.5,0.9386684843748758
2,564,0.2,0.5,2.5,0.35171359938246716
2,565,0.2,0.5,2.5,0.6775153944773098
2,566,0.2,0.5,2.5,0.22513732275344092
2,567,0.2,0.5,2.5,0.7701767415141443
2,568,0.2,0.5,2.5,0.12295826488823133
2,569,0.2,0.5,2.5,0.2867288304532816
2,570,0.2,0.5,2.5,1.2497849630749012
2,571,0.2,0.5,2.5,0.8622897029540555
2,572,0.2,0.5,2.5,0.6683960880701584
2,573,0.2,0.5,2.5,0.772103104543439
2,574,0.2,0.5,2.5,0.8774971575639083
2,575,0.2,0.5,2.5,1.2063400530311459
2,576,0.2,0.5,2.5,1.37787834070629
2,577,0.2,0.5,2.5,0.6483746635876892
2,578,0.2,0.5,2.5,0.5628022270076961
2,579,0.2,0.5,2.5,0.9076993091705853
2,580,0.2,0.5,2.5,0.3185494457112259
2,581,0.2,0.5,2.5,0.6598079349745356
2,582,0.2,0.5,2.5,0.5064871520085739
2,583,0.2,0.5,2.5,0.5194065197344744
2,584,0.2,0.5,2.5,1.034378787948804
2,585,0.2,0.5,2.5,0.14864476727420467
2,586,0.2,0.5,2.5,0.30303725461737757
2,587,0.2,0.5,2.5,0.965770656973403
2,588,0.2,0.5,2.5,0.9427483059820986
2,589,0.2,0.5,2.5,0.27631101119755846
2,590,0.2,0.5,2.5,0.8276437490052512
2,591,0.2,0.5,2.5,0.4352113410947749
2,592,0.2,0.5,2.5,0.6426272306189452
2,593,0.2,0.5,2.5,1.1106960522337042
2,594,0.2,0.5,2.5,0.64431339698329
2,595,0.2,0.5,2.5,0.6949664984669793
2,596,0.2,0.5,2.5,0.40071372551031964
2,597,0.2,0.5,2.5,0.9031851656038082
2,598,0.2,0.5,2.5,0.6609425747268575
2,599,0.2,0.5,2.5,0.7792776633556023
2,600,0.2,0.5,2.5,0.7814055934290643
2,601,0.2,0.5,2.5,0.5171014697068604
2,602,0.2,0.5,2.5,0.31161789050071953
2,603,0.2,0.5,2.5,0.7471398275174335
2,604,0.2,0.5,2.5,0.7699220886131115
2,605,0.2,0.5,2.5,0.9484822520150717
2,606,0.2,0.5,2.5,0.9548832787714766
2,607,0.2,0.5,2.5,0.387535920571634
2,608,0.2,0.5,2.5,0.7084556929767577
2,609,0.2,0.5,2.5,1.1167271672255081
2,610,0.2,0.5,2.5,0.5970715166491314
2,611,0.2,0.5,2.5,1.0672405538101546
2,612,0.2,0.5,2.5,0.589598079675192
2,613,0.2,0.5,2.5,0.4180744177710483
2,614,0.2,0.5,2.5,0.8767870982887879
2,615,0.2,0.5,2.5,0.3794728024111448
2,616,0.2,0.5,2.5,1.437599287991036
2,617,0.2,0.5,2.5,0.43155948252938403
2,618,0.2,0.5,2.5,0.9611618057354473
2,619,0.2,0.5,2.5,0.8382464334801475
2,620,0.2,0.5,2.5,0.6316749591738268
2,621,0.2,0.5,2.5,0.3812973810344119
2,622,0.2,0.5,2.5,0.6922040269510753
2,623,0.2,0.5,2.5,0.827833422630377
2,624,0.2,0.5,2.5,1.244068720832925
2,625,0.2,0.5,2.5,0.8820713284462058
2,626,0.2,0.5,2.5,1.042106482627486
2,627,0.2,0.5,2.5,1.060049558322141
2,628,0.2,0.5,2.5,0.5375618907504078
2,629,0.2,0.5,2.5,0.4893778673255345
2,630,0.2,0.5,2.5,0.4564589555156205
2,631,0.2,0.5,2.5,0.5256762939347894
2,632,0.2,0.5,2.5,0.6377212105664788
2,633,0.2,0.5,2.5,0.7923459716775318
2,634,0.2,0.5,2.5,0.8102401234214736
2,635,0.2,0.5,2.5,0.4987481133607419
2,636,0.2,0.5,2.5,0.8436320284930817
2,637,0.2,0.5,2.5,1.046931713831413
2,638,0.2,0.5,2.5,0.53851566394737
2,639,0.2,0.5,2.5,0.8707496584689629
2,640,0.2,0.5,2.5,0.5155882956864627
2,641,0.2,0.5,2.5,0.6632799385399379
2,642,0.2,0.5,2.5,0.5456767526973136
2,643,0.2,0.5,2.5,0.41342522440320556
2,644,0.2,0.5,2.5,0.9752931827681928
2,645,0.2,0.5,2.5,0.20653515062055425
2,646,0.2,0.5,2.5,1.0826513769944208
2,647,0.2,0.5,2.5,0.6192840286287812
2,648,0.2,0.5,2.5,0.9717643529020193
2,649,0.2,0.5,2.5,0.6748657296662184
2,650,0.2,0.5,2.5,0.7835636381222262
2,651,0.2,0.5,2.5,1.0667187130434073
2,652,0.2,0.5,2.5,1.1406021445664536
2,653,0.2,0.5,2.5,1.1154150735163475
2,654,0.2,0.5,2.5,0.2573520056619094
2,655,0.2,0.5,2.5,0.20924987696128583
2,656,0.2,0.5,2.5,0.10855956123999909
2,657,0.2,0.5,2.5,0.5388944890874101
2,658,0.2,0.5,2.5,0.39177034238721575
2,659,0.2,0.5,2.5,0.3305161757022839
2,660,0.2,0.5,2.5,0.7106213330370221
2,661,0.2,0.5,2.5,0.25300401445609505
2,662,0.2,0.5,2.5,0.726842288014423
2,663,0.2,0.5,2.5,1.0165577502564451
2,664,0.2,0.5,2.5,0.9300055660027878
2,665,0.2,0.5,2.5,0.6320315683522989
2,666,0.2,0.5,2.5,0.5317227288432801
2,667,0.2,0.5,2.5,0.5917007724797384
2,668,0.2,0.5,2.5,1.1600578852465029
2,669,0.2,0.5,2.5,0.8308861529811723
2,670,0.2,0.5,2.5,1.108180300556842
2,671,0.2,0.5,2.5,0.6942191228614645
2,672,0.2,0.5,2.5,1.258886630476426
2,673,0.2,0.5,2.5,0.7788026586503884
2,674,0.2,0.5,2.5,1.3007834035188974
2,675,0.2,0.5,2.5,0.6731323573179071
2,676,0.2,0.5,2.5,1.300052860630529
2,677,0.2,0.5,2.5,0.6575430864592211
2,678,0.2,0.5,2.5,0.24820635441783845
2,679,0.2,0.5,2.5,0.22215515471126956
2,680,0.2,0.5,2.5,0.26029619182429237
2,681,0.2,0.5,2.5,0.7146094926752322
2,682,0.2,0.5,2.5,0.8918881051400053
2,683,0.2,0.5,2.5,0.3680393953918627
2,684,0.2,0.5,2.5,1.0198092701191768
2,685,0.2,0.5,2.5,0.15511327444390804
2,686,0.2,0.5,2.5,0.2375914575058055
2,687,0.2,0.5,2.5,0.6499080542226111
2,688,0.2,0.5,2.5,0.9387238637745499
2,689,0.2,0.5,2.5,0.5828188652579858
2,690,0.2,0.5,2.5,1.0385654428509057
2,691,0.2,0.5,2.5,1.0753447317086964
2,692,0.2,0.5,2.5,0.6978174139683955
2,693,0.2,0.5,2.5,0.5143286999230491
2,694,0.2,0.5,2.5,0.23428322250551978
2,695,0.2,0.5,2.5,0.48111562540145575
2,696,0.2,0.5,2.5,0.8046856547565979
2,697,0.2,0.5,2.5,0.6894897153390579
2,698,0.2,0.5,2.5,0.17066127841436543
2,699,0.2,0.5,2.5,0.47525254378242815
2,700,0.2,0.5,2.5,0.5692556661381429
2,701,0.2,0.5,2.5,0.8969767047938508
2,702,0.2,0.5,2.5,1.1019782840943655
2,703,0.2,0.5,2.5,0.45368160720377576
2,704,0.2,0.5,2.5,0.7388456179983129
2,705,0.2,0.5,2.5,0.8058328296883662
2,706,0.2,0.5,2.5,0.6366008073216726
2,707,0.2,0.5,2.5,0.22421957870264522
2,708,0.2,0.5,2.5,0.35455052516119046
2,709,0.2,0.5,2.5,0.505858841364464
2,710,0.2,0.5,2.5,0.2877036042325112
2,711,0.2,0.5,2.5,0.8621481784963322
2,712,0.2,0.5,2.5,0.37803339673535197
2,713,0.2,0.5,2.5,0.38191964383766863
2,714,0.2,0.5,2.5,0.3680255107304109
2,715,0.2,0.5,2.5,0.7853225757495663
2,716,0.2,0.5,2.5,1.1971769095309004
2,717,0.2,0.5,2.5,0.5844592330211817
2,718,0.2,0.5,2.5,0.6774848025345899
2,719,0.2,0.5,2.5,0.5997579304207489
2,720,0.2,0.5,2.5,0.1958895505218258
2,721,0.2,0.5,2.5,0.1519743005934236
2,722,0.2,0.5,2.5,0.8634421099239773
2,723,0.2,0.5,2.5,0.4634138129251397
2,724,0.2,0.5,2.5,1.3021348136952169
2,725,0.2,0.5,2.5,0.5605231148196297
2,726,0.2,0.5,2.5,1.3034943859855483
2,727,0.2,0.5,2.5,0.7064466069631599
2,728,0.2,0.5,2.5,1.2765065608372714
2,729,0.2,0.5,2.5,0.571554339420298
2,730,0.2,0.5,2.5,0.426448085419545
2,731,0.2,0.5,2.5,0.7447142723241226
2,732,0.2,0.5,2.5,0.4751285840298176
2,733,0.2,0.5,2.5,1.116104391131261
2,734,0.2,0.5,2.5,0.5223814146054373
2,735,0.2,0.5,2.5,0.5516961465349538
2,736,0.2,0.5,2.5,0.672344309660713
2,737,0.2,0.5,2.5,0.2346452236519126
2,738,0.2,0.5,2.5,0.4184652857696155
2,739,0.2,0.5,2.5,0.6248986620660102
2,740,0.2,0.5,2.5,0.9803043636830632
2,741,0.2,0.5,2.5,0.5188732639196432
2,742,0.2,0.5,2.5,0.17816625113075796
2,743,0.2,0.5,2.5,0.2636936426166183
2,744,0.2,0.5,2.5,0.49905011846898034
2,745,0.2,0.5,2.5,1.4062374621609786
2,746,0.2,0.5,2.5,0.4709272748735395
2,747,0.2,0.5,2.5,0.6338270072588238
2,748,0.2,0.5,2.5,0.579841726971324
2,749,0.2,0.5,2.5,0.35828052296212315
2,750,0.2,0.5,2.5,0.3789292300553352
2,751,0.2,0.5,2.5,0.24500495401337802
2,752,0.2,0.5,2.5,0.19595676890132804
2,753,0.2,0.5,2.5,0.7645355789104692
2,754,0.2,0.5,2.5,0.9223246976667459
2,755,0.2,0.5,2.5,0.6038357291819901
2,756,0.2,0.5,2.5,0.5166485461562763
2,757,0.2,0.5,2.5,0.977896331958005
2,758,0.2,0.5,2.5,0.6993968065157968
2,759,0.2,0.5,2.5,0.15721028799621925
2,760,0.2,0.5,2.5,0.2349389422250016
2,761,0.2,0.5,2.5,0.7079798881297644
2,762,0.2,0.5,2.5,0.6507336608378402
2,763,0.2,0.5,2.5,1.4151089997161341
2,764,0.2,0.5,2.5,0.1890841204106431
2,765,0.2,0.5,2.5,0.12424729863268424
2,766,0.2,0.5,2.5,0.7648759671674031
2,767,0.2,0.5,2.5,1.2267947137682889
2,768,0.2,0.5,2.5,0.19666515572809176
2,769,0.2,0.5,2.5,0.6677041409585649
2,770,0.2,0.5,2.5,0.8220416914057747
2,771,0.2,0.5,2.5,0.7575883783035148
2,772,0.2,0.5,2.5,0.5150352607911983
2,773,0.2,0.5,2.5,0.9061066268497034
2,774,0.2,0.5,2.5,1.235945506538266
2,775,0.2,0.5,2.5,0.664870921307769
2,776,0.2,0.5,2.5,0.16092412753017665
2,777,0.2,0.5,2.5,0.8108998194663258
2,778,0.2,0.5,2.5,0.10385222378288618
2,779,0.2,0.5,2.5,1.1525239027242105
2,780,0.2,0.5,2.5,0.7546993185261313
2,781,0.2,0.5,2.5,1.242262225692202
2,782,0.2,0.5,2.5,1.0810748478777517
2,783,0.2,0.5,2.5,0.12022177768141797
2,784,0.2,0.5,2.5,0.8891168879655641
2,785,0.2,0.5,2.5,1.2130118173865474
2,786,0.2,0.5,2.5,1.05690246671532
2,787,0.2,0.5,2.5,0.8617813735635744
2,788,0.2,0.5,2.5,0.7333769723283053
2,789,0.2,0.5,2.5,0.2815140308225421
2,790,0.2,0.5,2.5,0.5019775317937756
2,791,0.2,0.5,2.5,0.8825868472751701
2,792,0.2,0.5,2.5,0.3099047125653543
2,793,0.2,0.5,2.5,0.8526751757718546
2,794,0.2,0.5,2.5,1.6263550388311554
2,795,0.2,0.5,2.5,0.6755177293881005
2,796,0.2,0.5,2.5,0.33228427130418936
2,797,0.2,0.5,2.5,0.5168339383476722
2,798,0.2,0.5,2.5,0.8967133036666731
2,799,0.2,0.5,2.5,0.9354085306641501
2,800,0.2,0.5,2.5,1.9353262169005754
2,801,0.2,0.5,2.5,1.781724105021547
2,802,0.2,0.5,2.5,0.38647970359632716
2,803,0.2,0.5,2.5,0.36835990474754904
2,804,0.2,0.5,2.5,0.8637121584942349
2,805,0.2,0.5,2.5,0.7125987282774214
2,806,0.2,0.5,2.5,0.7655889062164505
2,807,0.2,0.5,2.5,0.7758612727572077
2,808,0.2,0.5,2.5,0.5879080261849411
2,809,0.2,0.5,2.5,0.3673786127379333
2,810,0.2,0.5,2.5,0.04193839342796347
2,811,0.2,0.5,2.5,0.7400459540761541
2,812,0.2,0.5,2.5,0.5284525487528999
2,813,0.2,0.5,2.5,0.5675601103610545
2,814,0.2,0.5,2.5,1.2108985243232604
2,815,0.2,0.5,2.5,1.6192107307414538
2,816,0.2,0.5,2.5,0.8150541697135519
2,817,0.2,0.5,2.5,0.5137365352170236
2,818,0.2,0.5,2.5,0.41568658816925946
2,819,0.2,0.5,2.5,0.6048592632722838
2,820,0.2,0.5,2.5,1.114875727467195
2,821,0.2,0.5,2.5,1.0946562155471424
2,822,0.2,0.5,2.5,0.952123392995162
2,823,0.2,0.5,2.5,1.306802317983808
2,824,0.2,0.5,2.5,0.8420048054970264
2,825,0.2,0.5,2.5,0.8891252734289361
2,826,0.2,0.5,2.5,0.16601295552718953
2,827,0.2,0.5,2.5,0.02732131644848352
2,828,0.2,0.5,2.5,0.24740016839352022
2,829,0.2,0.5,2.5,0.7299800458579677
2,830,0.2,0.5,2.5,0.5457089954993383
2,831,0.2,0.5,2.5,1.780945022700136
2,832,0.2,0.5,2.5,0.6630602326363603
2,833,0.2,0.5,2.5,0.3945058465780917
2,834,0.2,0.5,2.5,0.8435300836536591
2,835,0.2,0.5,2.5,0.6186839355091475
2,836,0.2,0.5,2.5,0.7370846890144849
2,837,0.2,0.5,2.5,0.650649413787142
2,838,0.2,0.5,2.5,0.5368296273216053
2,839,0.2,0.5,2.5,0.5414321217992143
2,840,0.2,0.5,2.5,0.7557885097134235
2,841,0.2,0.5,2.5,0.49011375349083053
2,842,0.2,0.5,2.5,0.7025802677375125
2,843,0.2,0.5,2.5,0.7008200352871912
2,844,0.2,0.5,2.5,0.5368870185888216
2,845,0.2,0.5,2.5,1.2034316743190676
2,846,0.2,0.5,2.5,0.501052793399636
2,847,0.2,0.5,2.5,0.42187022758648496
2,848,0.2,0.5,2.5,0.14512333836018232
2,849,0.2,0.5,2.5,1.6089172352535102
2,850,0.2,0.5,2.5,0.7681369228486257
2,851,0.2,0.5,2.5,0.9589068062614607
2,852,0.2,0.5,2.5,0.38732114840559273
2,853,0.2,0.5,2.5,0.21238910257120042
2,854,0.2,0.5,2.5,0.45728499932861616
2,855,0.2,0.5,2.5,0.8866358134416421
2,856,0.2,0.5,2.5,0.6682330143026161
2,857,0.2,0.5,2.5,0.6591927928902879
2,858,0.2,0.5,2.5,0.3626136472373089
2,859,0.2,0.5,2.5,0.6035417792504494
2,860,0.2,0.5,2.5,1.6501622315332667
2,861,0.2,0.5,2.5,0.6034376257944445
2,862,0.2,0.5,2.5,0.9769029561467338
2,863,0.2,0.5,2.5,0.6607425392602504
2,864,0.2,0.5,2.5,0.501713952910909
2,865,0.2,0.5,2.5,0.2960931999053312
2,866,0.2,0.5,2.5,0.9334199053062875
2,867,0.2,0.5,2.5,0.13541990108600507
2,868,0.2,0.5,2.5,0.5894784854591998
2,869,0.2,0.5,2.5,0.3411784295904247
2,870,0.2,0.5,2.5,1.0805186504643067
2,871,0.2,0.5,2.5,0.8661344773981887
2,872,0.2,0.5,2.5,0.8260805611913573
2,873,0.2,0.5,2.5,0.8833556655138404
2,874,0.2,0.5,2.5,0.4263947495181427
2,875,0.2,0.5,2.5,0.17398848841290895
2,876,0.2,0.5,2.5,0.9416767680407361
2,877,0.2,0.5,2.5,0.578820025997994
2,878,0.2,0.5,2.5,0.5893770426953331
2,879,0.2,0.5,2.5,0.9252387578144347
2,880,0.2,0.5,2.5,0.5446781487239797
2,881,0.2,0.5,2.5,0.20693436924387693
2,882,0.2,0.5,2.5,1.054641424096957
2,883,0.2,0.5,2.5,0.5600685963504475
2,884,0.2,0.5,2.5,0.4739734808989436
2,885,0.2,0.5,2.5,0.3322725424721262
2,886,0.2,0.5,2.5,0.6151853505630386
2,887,0.2,0.5,2.5,0.320362112970035
2,888,0.2,0.5,2.5,0.7796722314560987
2,889,0.2,0.5,2.5,0.1963886138716136
2,890,0.2,0.5,2.5,1.4841696164114824
2,891,0.2,0.5,2.5,0.6419498397707322
2,892,0.2,0.5,2.5,0.4962899405927657
2,893,0.2,0.5,2.5,0.7469838287433095
2,894,0.2,0.5,2.5,1.0222971281661781
2,895,0.2,0.5,2.5,0.5778309773484179
2,896,0.2,0.5,2.5,0.06683651849790537
2,897,0.2,0.5,2.5,0.6679061350906661
2,898,0.2,0.5,2.5,0.24043850109376955
2,899,0.2,0.5,2.5,0.9839187973865873
2,900,0.2,0.5,2.5,0.7072648107825698
2,901,0.2,0.5,2.5,0.5541602384467893
2,902,0.2,0.5,2.5,0.3326787774621677
2,903,0.2,0.5,2.5,0.5835811285230518
2,904,0.2,0.5,2.5,0.20548829161859433
2,905,0.2,0.5,2.5,0.3366393379444862
2,906,0.2,0.5,2.5,1.1242571353190747
2,907,0.2,0.5,2.5,0.4135946665882213
2,908,0.2,0.5,2.5,0.3419738011983186
2,909,0.2,0.5,2.5,1.439614436116113
2,910,0.2,0.5,2.5,0.09677616504106544
2,911,0.2,0.5,2.5,1.063470609565461
2,912,0.2,0.5,2.5,0.3517863626538728
2,913,0.2,0.5,2.5,0.27896121053763917
2,914,0.2,0.5,2.5,0.459778737945569
2,915,0.2,0.5,2.5,0.6509943605502087
2,916,0.2,0.5,2.5,0.5657822632048243
2,917,0.2,0.5,2.5,0.7033850777476569
2,918,0.2,0.5,2.5,0.8914298231551195
2,919,0.2,0.5,2.5,1.337004677036095
2,920,0.2,0.5,2.5,0.7553671133017421
2,921,0.2,0.5,2.5,0.8396025688639184
2,922,0.2,0.5,2.5,0.7358901026309936
2,923,0.2,0.5,2.5,0.8112763025053973
2,924,0.2,0.5,2.5,0.9441037392947049
2,925,0.2,0.5,2.5,0.1837616822674782
2,926,0.2,0.5,2.5,0.6757296465364908
2,927,0.2,0.5,2.5,0.3109023970239125
2,928,0.2,0.5,2.5,0.5526831406890799
2,929,0.2,0.5,2.5,0.1304360689267427
2,930,0.2,0.5,2.5,0.5474059328268144
2,931,0.2,0.5,2.5,1.0180645567435804
2,932,0.2,0.5,2.5,0.4184410427726003
2,933,0.2,0.5,2.5,0.8377675399681358
2,934,0.2,0.5,2.5,0.3071037380981588
2,935,0.2,0.5,2.5,1.0076405847561416
2,936,0.2,0.5,2.5,0.13857401704598174
2,937,0.2,0.5,2.5,0.424841166818861
2,938,0.2,0.5,2.5,1.1959474055883874
2,939,0.2,0.5,2.5,0.3655596350352321
2,940,0.2,0.5,2.5,0.9016951005475253
2,941,0.2,0.5,2.5,0.1343219268728068
2,942,0.2,0.5,2.5,0.6541084313325471
2,943,0.2,0.5,2.5,1.3013912243298436
2,944,0.2,0.5,2.5,0.47692521580555386
2,945,0.2,0.5,2.5,0.34971781730647
2,946,0.2,0.5,2.5,1.3000124524123553
2,947,0.2,0.5,2.5,0.6739352595429459
2,948,0.2,0.5,2.5,1.1832621459500625
2,949,0.2,0.5,2.5,1.1646152562793008
2,950,0.2,0.5,2.5,0.6807676978172649
2,951,0.2,0.5,2.5,1.4861628564670493
2,952,0.2,0.5,2.5,0.15189770810490644
2,953,0.2,0.5,2.5,0.6756606989536267
2,954,0.2,0.5,2.5,0.5189985195285756
2,955,0.2,0.5,2.5,0.2874756406895908
2,956,0.2,0.5,2.5,0.8986298099071244
2,957,0.2,0.5,2.5,0.4971477249877474
2,958,0.2,0.5,2.5,0.9855913199876741
2,959,0.2,0.5,2.5,0.4429021979959536
2,960,0.2,0.5,2.5,0.8451803419666615
2,961,0.2,0.5,2.5,0.5956464748906215
2,962,0.2,0.5,2.5,0.8309773354480311
2,963,0.2,0.5,2.5,0.45571599568019416
2,964,0.2,0.5,2.5,0.7591202008106502
2,965,0.2,0.5,2.5,0.9014965148958433
2,966,0.2,0.5,2.5,0.38862967702571005
2,967,0.2,0.5,2.5,0.31500511795677955
2,968,0.2,0.5,2.5,0.2036761166335674
2,969,0.2,0.5,2.5,0.4918488979693594
2,970,0.2,0.5,2.5,0.973118875677831
2,971,0.2,0.5,2.5,0.2616908372999287
2,972,0.2,0.5,2.5,0.6647032608150386
2,973,0.2,0.5,2.5,0.2789165240520103
2,974,0.2,0.5,2.5,1.0250342921734013
2,975,0.2,0.5,2.5,0.9064076330087338
2,976,0.2,0.5,2.5,1.095035349324116
2,977,0.2,0.5,2.5,0.6309140693821187
2,978,0.2,0.5,2.5,0.3159505246851031
2,979,0.2,0.5,2.5,0.8352675102367176
2,980,0.2,0.5,2.5,1.1150089322812118
2,981,0.2,0.5,2.5,1.1785410056994672
2,982,0.2,0.5,2.5,0.6015743939082476
2,983,0.2,0.5,2.5,0.7930431979806541
2,984,0.2,0.5,2.5,0.85251052544635
2,985,0.2,0.5,2.5,0.3959988543743488
2,986,0.2,0.5,2.5,0.8208825092723474
2,987,0.2,0.5,2.5,0.5543560191845148
2,988,0.2,0.5,2.5,0.7545065059975276
2,989,0.2,0.5,2.5,0.5391998536893781
2,990,0.2,0.5,2.5,0.81994585456254
2,991,0.2,0.5,2.5,1.3429730590117681
2,992,0.2,0.5,2.5,0.8391126654894794
2,993,0.2,0.5,2.5,0.510893451978413
2,994,0.2,0.5,2.5,0.34025386152024195
2,995,0.2,0.5,2.5,0.7682125461347789
2,996,0.2,0.5,2.5,0.4271795438254043
2,997,0.2,0.5,2.5,1.2249983942657163
2,998,0.2,0.5,2.5,0.4701171237380769
2,999,0.2,0.5,2.5,0.8713015673568167
2,1000,0.2,0.5,2.5,1.0915208958645926
2,1001,0.2,0.5,2.5,0.6317807816030736
2,1002,0.2,0.5,2.5,0.09360955987574197
2,1003,0.2,0.5,2.5,0.37713280710505453
2,1004,0.2,0.5,2.5,0.8533994152597031
2,1005,0.2,0.5,2.5,0.37848396740663603
2,1006,0.2,0.5,2.5,0.8270657062193799
2,1007,0.2,0.5,2.5,0.6269445879707769
2,1008,0.2,0.5,2.5,1.046879812939314
2,1009,0.2,0.5,2.5,0.38902516989831837
2,1010,0.2,0.5,2.5,0.13316881035341
2,1011,0.2,0.5,2.5,0.3627506965114563
2,1012,0.2,0.5,2.5,0.44857479389499294
2,1013,0.2,0.5,2.5,0.33516937205695396
2,1014,0.2,0.5,2.5,0.5186406399325685
2,1015,0.2,0.5,2.5,0.5353425713007836
2,1016,0.2,0.5,2.5,0.4501679927076895
2,1017,0.2,0.5,2.5,0.7097909991699397
2,1018,0.2,0.5,2.5,0.8003954201328227
2,1019,0.2,0.5,2.5,0.9650850336014352
2,1020,0.2,0.5,2.5,0.48166999952780604
2,1021,0.2,0.5,2.5,0.5221672541945073
2,1022,0.2,0.5,2.5,1.2565598166741483
2,1023,0.2,0.5,2.5,0.4932516096381462
2,1024,0.2,0.5,2.5,0.6609195858944125
2,1025,0.2,0.5,2.5,0.947510097130409
2,1026,0.2,0.5,2.5,0.46759135097239896
2,1027,0.2,0.5,2.5,0.2294003270491708
2,1028,0.2,0.5,2.5,1.0331612369747059
2,1029,0.2,0.5,2.5,0.6997742566391432
2,1030,0.2,0.5,2.5,0.25973450146792704
2,1031,0.2,0.5,2.5,1.362315263653796
2,1032,0.2,0.5,2.5,0.3592244687221968
2,1033,0.2,0.5,2.5,0.7303043753941416
2,1034,0.2,0.5,2.5,0.7376687180451309
2,1035,0.2,0.5,2.5,0.4467913411969543
2,1036,0.2,0.5,2.5,0.8385047595551915
2,1037,0.2,0.5,2.5,0.183659994882924
2,1038,0.2,0.5,2.5,0.09796363955426204
2,1039,0.2,0.5,2.5,0.18555928615498193
2,1040,0.2,0.5,2.5,0.5801858874757219
2,1041,0.2,0.5,2.5,1.0667163207544599
2,1042,0.2,0.5,2.5,0.722186465556097
2,1043,0.2,0.5,2.5,0.5762286122858729
2,1044,0.2,0.5,2.5,0.8513697570564116
2,1045,0.2,0.5,2.5,0.3695227110170133
2,1046,0.2,0.5,2.5,1.3233336786170768
2,1047,0.2,0.5,2.5,0.6586949424940347
2,1048,0.2,0.5,2.5,0.4153041727233311
2,1049,0.2,0.5,2.5,1.2244767025492826
2,1050,0.2,0.5,2.5,0.1672827323236148
2,1051,0.2,0.5,2.5,0.4970878022012398
2,1052,0.2,0.5,2.5,0.8063666491582936
2,1053,0.2,0.5,2.5,0.5370725971111503
2,1054,0.2,0.5,2.5,0.8218068120114203
2,1055,0.2,0.5,2.5,1.003469434398832
2,1056,0.2,0.5,2.5,0.3345375900382628
2,1057,0.2,0.5,2.5,0.6056568716811629
2,1058,0.2,0.5,2.5,0.9439128127934369
2,1059,0.2,0.5,2.5,1.0598078601111314
2,1060,0.2,0.5,2.5,0.09588990915086454
2,1061,0.2,0.5,2.5,0.8461182889768901
2,1062,0.2,0.5,2.5,0.22410729028711068
2,1063,0.2,0.5,2.5,1.2816149813214128
2,1064,0.2,0.5,2.5,0.8320956973449118
2,1065,0.2,0.5,2.5,0.8076331041044199
2,1066,0.2,0.5,2.5,1.1317632761523344
2,1067,0.2,0.5,2.5,0.5695917050701824
2,1068,0.2,0.5,2.5,0.7794109582059237
2,1069,0.2,0.5,2.5,0.6524073396803716
2,1070,0.2,0.5,2.5,0.2892289916203923
2,1071,0.2,0.5,2.5,1.136269488896181
2,1072,0.2,0.5,2.5,0.36200372101484973
2,1073,0.2,0.5,2.5,0.6434873252143802
2,1074,0.2,0.5,2.5,0.5943470705613976
2,1075,0.2,0.5,2.5,0.6743927449766146
2,1076,0.2,0.5,2.5,0.10178826685344211
2,1077,0.2,0.5,2.5,0.8432802652053044
2,1078,0.2,0.5,2.5,0.8396233522731826
2,1079,0.2,0.5,2.5,0.5431264168422213
2,1080,0.2,0.5,2.5,0.7421495131455295
2,1081,0.2,0.5,2.5,0.4933346595614039
2,1082,0.2,0.5,2.5,1.4870256008637202
2,1083,0.2,0.5,2.5,0.37824342760725477
2,1084,0.2,0.5,2.5,1.7952579896440488
2,1085,0.2,0.5,2.5,0.7281550904796528
2,1086,0.2,0.5,2.5,0.6777970519497991
2,1087,0.2,0.5,2.5,0.2927837309985198
2,1088,0.2,0.5,2.5,0.8653110781933254
2,1089,0.2,0.5,2.5,0.6665177980603662
2,1090,0.2,0.5,2.5,1.1459589285044178
2,1091,0.2,0.5,2.5,0.5478033077082874
2,1092,0.2,0.5,2.5,0.5307016912076052
2,1093,0.2,0.5,2.5,0.7731708825777294
2,1094,0.2,0.5,2.5,0.17586979200801836
2,1095,0.2,0.5,2.5,0.9204279125603596
2,1096,0.2,0.5,2.5,0.8429031582724642
2,1097,0.2,0.5,2.5,0.46922817937052513
2,1098,0.2,0.5,2.5,0.6083858905661645
2,1099,0.2,0.5,2.5,0.7073308848537244
2,1100,0.2,0.5,2.5,0.7090038160530839
2,1101,0.2,0.5,2.5,0.7410621033390528
2,1102,0.2,0.5,2.5,1.3394213048619164
2,1103,0.2,0.5,2.5,0.1542990638235536
2,1104,0.2,0.5,2.5,0.4426440305770931
2,1105,0.2,0.5,2.5,0.3435445799722495
2,1106,0.2,0.5,2.5,0.6806983329587023
2,1107,0.2,0.5,2.5,0.3983242170758683
2,1108,0.2,0.5,2.5,0.9969558805529731
2,1109,0.2,0.5,2.5,0.22329024994108054
2,1110,0.2,0.5,2.5,0.613925866457694
2,1111,0.2,0.5,2.5,0.4012077901082895
2,1112,0.2,0.5,2.5,0.7182481614849482
2,1113,0.2,0.5,2.5,0.43156991958471835
2,1114,0.2,0.5,2.5,0.5894023110876665
2,1115,0.2,0.5,2.5,1.0232648004749993
2,1116,0.2,0.5,2.5,0.9831845293082276
2,1117,0.2,0.5,2.5,1.4008384343545832
2,1118,0.2,0.5,2.5,0.21469460435849358
2,1119,0.2,0.5,2.5,1.3117732731477798
2,1120,0.2,0.5,2.5,1.139833924048131
2,1121,0.2,0.5,2.5,1.2496586323110654
2,1122,0.2,0.5,2.5,0.1757693407859722
2,1123,0.2,0.5,2.5,1.1002748109831115
2,1124,0.2,0.5,2.5,0.2618848017786274
2,1125,0.2,0.5,2.5,0.8310082290997548
2,1126,0.2,0.5,2.5,1.246459377593341
2,1127,0.2,0.5,2.5,1.2922124105132833
2,1128,0.2,0.5,2.5,0.3476539763098367
2,1129,0.2,0.5,2.5,0.5516847426609541
2,1130,0.2,0.5,2.5,0.41507414784371444
2,1131,0.2,0.5,2.5,1.8487437560617805
2,1132,0.2,0.5,2.5,0.5621297080289583
2,1133,0.2,0.5,2.5,1.0065094611676306
2,1134,0.2,0.5,2.5,0.4418932267335404
2,1135,0.2,0.5,2.5,0.9591250331207521
2,1136,0.2,0.5,2.5,0.5421574279648363
2,1137,0.2,0.5,2.5,0.19223009990238069
2,1138,0.2,0.5,2.5,0.5548173219369031
2,1139,0.2,0.5,2.5,0.1159804076944546
2,1140,0.2,0.5,2.5,0.4947777236943672
2,1141,0.2,0.5,2.5,0.7211392489766502
2,1142,0.2,0.5,2.5,0.8587325132223139
2,1143,0.2,0.5,2.5,0.7105573213570964
2,1144,0.2,0.5,2.5,0.37008530511756743
2,1145,0.2,0.5,2.5,0.3377078721805777
2,1146,0.2,0.5,2.5,0.5115441031226284
2,1147,0.2,0.5,2.5,1.2965013973683728
2,1148,0.2,0.5,2.5,0.2323049954107969
2,1149,0.2,0.5,2.5,0.9713166459466921
2,1150,0.2,0.5,2.5,0.43820173932062556
2,1151,0.2,0.5,2.5,0.7375651345655838
2,1152,0.2,0.5,2.5,0.21566448878743072
2,1153,0.2,0.5,2.5,1.2282039834985328
2,1154,0.2,0.5,2.5,1.1896392437730874
2,1155,0.2,0.5,2.5,0.3800309287833321
2,1156,0.2,0.5,2.5,0.6351453392102103
2,1157,0.2,0.5,2.5,0.6424533674269292
2,1158,0.2,0.5,2.5,0.3948020237369402
2,1159,0.2,0.5,2.5,0.5500375095445925
2,1160,0.2,0.5,2.5,0.6008747839633609
2,1161,0.2,0.5,2.5,1.0622075164483742
2,1162,0.2,0.5,2.5,0.2437674476448465
2,1163,0.2,0.5,2.5,0.3401055155079517
2,1164,0.2,0.5,2.5,1.2037190768093973
2,1165,0.2,0.5,2.5,0.7769931386512555
2,1166,0.2,0.5,2.5,0.4473336590458763
2,1167,0.2,0.5,2.5,0.21837755156591265
2,1168,0.2,0.5,2.5,0.4479902248667599
2,1169,0.2,0.5,2.5,0.19200299875361504
2,1170,0.2,0.5,2.5,1.0311694236177518
2,1171,0.2,0.5,2.5,1.066430263306642
2,1172,0.2,0.5,2.5,0.08377941789114063
2,1173,0.2,0.5,2.5,0.6751657027120619
2,1174,0.2,0.5,2.5,0.02734866053920786
2,1175,0.2,0.5,2.5,0.29141260592366597
2,1176,0.2,0.5,2.5,1.6556306000060899
2,1177,0.2,0.5,2.5,0.8428369363055682
2,1178,0.2,0.5,2.5,0.5660868655573708
2,1179,0.2,0.5,2.5,0.19033216563616792
2,1180,0.2,0.5,2.5,0.8223457406240529
2,1181,0.2,0.5,2.5,0.7955616250496599
2,1182,0.2,0.5,2.5,0.7640121952280636
2,1183,0.2,0.5,2.5,0.5251955047060799
2,1184,0.2,0.5,2.5,0.9242055006190741
2,1185,0.2,0.5,2.5,0.6113416278159042
2,1186,0.2,0.5,2.5,0.6618312533188615
2,1187,0.2,0.5,2.5,1.2473037546112486
2,1188,0.2,0.5,2.5,0.6237030029691625
2,1189,0.2,0.5,2.5,0.36700513026239967
2,1190,0.2,0.5,2.5,1.0236518021523708
2,1191,0.2,0.5,2.5,0.864741446384082
2,1192,0.2,0.5,2.5,0.27366087108496595
2,1193,0.2,0.5,2.5,0.2930651941339709
2,1194,0.2,0.5,2.5,0.7767502657791411
2,1195,0.2,0.5,2.5,0.553554161234688
2,1196,0.2,0.5,2.5,0.33157327138566656
2,1197,0.2,0.5,2.5,1.039385102950358
2,1198,0.2,0.5,2.5,0.8244214253763037
2,1199,0.2,0.5,2.5,0.6253657947454112
2,1200,0.2,0.5,2.5,0.21065865401551392
2,1201,0.2,0.5,2.5,0.8945324757608706
2,1202,0.2,0.5,2.5,0.9464736739811075
2,1203,0.2,0.5,2.5,0.5195152683456616
2,1204,0.2,0.5,2.5,0.7426142156636579
2,1205,0.2,0.5,2.5,1.1228225734957913
2,1206,0.2,0.5,2.5,0.8991308008585198
2,1207,0.2,0.5,2.5,0.5792498389421155
2,1208,0.2,0.5,2.5,1.323175242437309
2,1209,0.2,0.5,2.5,0.7420697372216575
2,1210,0.2,0.5,2.5,0.3360735664437076
2,1211,0.2,0.5,2.5,0.9646214904733965
2,1212,0.2,0.5,2.5,0.3721242509571534
2,1213,0.2,0.5,2.5,1.0929284783006732
2,1214,0.2,0.5,2.5,1.6403946084250411
2,1215,0.2,0.5,2.5,0.5279127170105625
2,1216,0.2,0.5,2.5,0.3192923905274363
2,1217,0.2,0.5,2.5,0.3930756244530039
2,1218,0.2,0.5,2.5,1.0614244050590973
2,1219,0.2,0.5,2.5,0.9978771071448649
2,1220,0.2,0.5,2.5,1.3219824258503827
2,1221,0.2,0.5,2.5,1.3289948966127818
2,1222,0.2,0.5,2.5,0.485077702756515
2,1223,0.2,0.5,2.5,1.0365123360107813
2,1224,0.2,0.5,2.5,1.1554381589364826
2,1225,0.2,0.5,2.5,0.7607351657823488
2,1226,0.2,0.5,2.5,0.3963342865946608
2,1227,0.2,0.5,2.5,0.758038294262928
2,1228,0.2,0.5,2.5,0.6074256943706491
2,1229,0.2,0.5,2.5,0.6391969131630819
2,1230,0.2,0.5,2.5,1.062771501330149
2,1231,0.2,0.5,2.5,0.5295862574698942
2,1232,0.2,0.5,2.5,0.8292346501963885
2,1233,0.2,0.5,2.5,1.0535399583544738
2,1234,0.2,0.5,2.5,0.2690651020658544
2,1235,0.2,0.5,2.5,0.45959018278759856
2,1236,0.2,0.5,2.5,0.1658303474467043
2,1237,0.2,0.5,2.5,0.7093205217295403
2,1238,0.2,0.5,2.5,0.9316321950343981
2,1239,0.2,0.5,2.5,0.44837206362404225
2,1240,0.2,0.5,2.5,0.6494462501907283
2,1241,0.2,0.5,2.5,0.8618758550869867
2,1242,0.2,0.5,2.5,0.49219266491596875
2,1243,0.2,0.5,2.5,0.9636873213245876
2,1244,0.2,0.5,2.5,0.6095606697857677
2,1245,0.2,0.5,2.5,0.6083626803638188
2,1246,0.2,0.5,2.5,0.9789441592771906
2,1247,0.2,0.5,2.5,0.5622435736203937
2,1248,0.2,0.5,2.5,0.27807776551508284
2,1249,0.2,0.5,2.5,0.694386418423839
2,1250,0.2,0.5,2.5,0.5655706991408944
2,1251,0.2,0.5,2.5,0.41461027639491266
2,1252,0.2,0.5,2.5,0.4572493285027468
2,1253,0.2,0.5,2.5,0.7278697694960722
2,1254,0.2,0.5,2.5,0.7865531216125509
2,1255,0.2,0.5,2.5,0.9162813619397667
2,1256,0.2,0.5,2.5,0.3205193804537498
2,1257,0.2,0.5,2.5,0.30187024644882243
2,1258,0.2,0.5,2.5,1.331191334797662
2,1259,0.2,0.5,2.5,0.30916845954238514
2,1260,0.2,0.5,2.5,0.49844403539455606
2,1261,0.2,0.5,2.5,0.30964015146193447
2,1262,0.2,0.5,2.5,1.5042733195203268
2,1263,0.2,0.5,2.5,0.3981409547669561
2,1264,0.2,0.5,2.5,0.38637596943888775
2,1265,0.2,0.5,2.5,0.9529522093932227
2,1266,0.2,0.5,2.5,0.6786475313889903
2,1267,0.2,0.5,2.5,0.8150532094365879
2,1268,0.2,0.5,2.5,0.3805628978278046
2,1269,0.2,0.5,2.5,0.48815331658065036
2,1270,0.2,0.5,2.5,0.9003896487564846
2,1271,0.2,0.5,2.5,0.9576616079994796
2,1272,0.2,0.5,2.5,0.32606247735327126
2,1273,0.2,0.5,2.5,1.3659158950011019
2,1274,0.2,0.5,2.5,0.4797727315296328
2,1275,0.2,0.5,2.5,0.5642424020509252
2,1276,0.2,0.5,2.5,0.5838476477261936
2,1277,0.2,0.5,2.5,0.20309902592454898
2,1278,0.2,0.5,2.5,0.8866422198011599
2,1279,0.2,0.5,2.5,0.3189891268831578
2,1280,0.2,0.5,2.5,0.7174268354465877
2,1281,0.2,0.5,2.5,1.2476592855395852
2,1282,0.2,0.5,2.5,0.6669537984341839
2,1283,0.2,0.5,2.5,0.8058989959053883
2,1284,0.2,0.5,2.5,0.6644100917753087
2,1285,0.2,0.5,2.5,0.5085524632955835
2,1286,0.2,0.5,2.5,0.6608773749399554
2,1287,0.2,0.5,2.5,0.48636265264278317
2,1288,0.2,0.5,2.5,0.6067836389930472
2,1289,0.2,0.5,2.5,0.10101967231443344
2,1290,0.2,0.5,2.5,1.1362330097742004
2,1291,0.2,0.5,2.5,0.658037842167584
2,1292,0.2,0.5,2.5,1.3935933812278298
2,1293,0.2,0.5,2.5,1.1670920192764986
2,1294,0.2,0.5,2.5,1.0497773057147393
2,1295,0.2,0.5,2.5,0.4010624992645929
2,1296,0.2,0.5,2.5,0.530092775903039
2,1297,0.2,0.5,2.5,0.48730281555284255
2,1298,0.2,0.5,2.5,1.3623438082703765
2,1299,0.2,0.5,2.5,0.5917221749684691
2,1300,0.2,0.5,2.5,0.4750619415165522
2,1301,0.2,0.5,2.5,0.20539819686632108
2,1302,0.2,0.5,2.5,1.428117222880627
2,1303,0.2,0.5,2.5,1.1018963975234382
2,1304,0.2,0.5,2.5,0.8037497259247716
2,1305,0.2,0.5,2.5,1.3371995037560307
2,1306,0.2,0.5,2.5,0.35745711075755005
2,1307,0.2,0.5,2.5,0.3035331999638681
2,1308,0.2,0.5,2.5,0.0929904880703441
2,1309,0.2,0.5,2.5,1.0496102448510025
2,1310,0.2,0.5,2.5,0.36449101042876275
2,1311,0.2,0.5,2.5,0.2144375862902594
2,1312,0.2,0.5,2.5,0.2792671105419951
2,1313,0.2,0.5,2.5,1.2113520373140587
2,1314,0.2,0.5,2.5,1.0159072152421236
2,1315,0.2,0.5,2.5,0.7358612842104271
2,1316,0.2,0.5,2.5,1.0855736876539197
2,1317,0.2,0.5,2.5,1.1447286938807162
2,1318,0.2,0.5,2.5,0.6854114091095221
2,1319,0.2,0.5,2.5,0.662387142904987
2,1320,0.2,0.5,2.5,0.11372959699785039
2,1321,0.2,0.5,2.5,0.34403421787049693
2,1322,0.2,0.5,2.5,0.6718007537501008
2,1323,0.2,0.5,2.5,1.1643086734787158
2,1324,0.2,0.5,2.5,0.21341742812256356
2,1325,0.2,0.5,2.5,0.3870770517170189
2,1326,0.2,0.5,2.5,1.2035321695025796
2,1327,0.2,0.5,2.5,0.6835287665310333
2,1328,0.2,0.5,2.5,0.3279692448642771
2,1329,0.2,0.5,2.5,0.5288874997711377
2,1330,0.2,0.5,2.5,0.29798564513728304
2,1331,0.2,0.5,2.5,0.22232377127622496
2,1332,0.2,0.5,2.5,1.6812325693940624
2,1333,0.2,0.5,2.5,0.683781086232571
2,1334,0.2,0.5,2.5,0.7321490568887189
2,1335,0.2,0.5,2.5,0.8383625015606432
2,1336,0.2,0.5,2.5,1.0236810497141695
2,1337,0.2,0.5,2.5,0.9743184378738478
2,1338,0.2,0.5,2.5,0.27956191768560795
2,1339,0.2,0.5,2.5,0.9881158124552619
2,1340,0.2,0.5,2.5,0.5863832192909255
2,1341,0.2,0.5,2.5,0.4421613610775106
2,1342,0.2,0.5,2.5,1.0541741884565756
2,1343,0.2,0.5,2.5,0.38780966028652425
2,1344,0.2,0.5,2.5,1.2400411563207623
2,1345,0.2,0.5,2.5,0.3959653057742963
2,1346,0.2,0.5,2.5,0.422350688336829
2,1347,0.2,0.5,2.5,1.264612709232137
2,1348,0.2,0.5,2.5,0.7452872386294374
2,1349,0.2,0.5,2.5,0.32156076901494296
2,1350,0.2,0.5,2.5,0.2969887369705365
2,1351,0.2,0.5,2.5,0.36764519185453537
2,1352,0.2,0.5,2.5,0.40705838089729357
2,1353,0.2,0.5,2.5,0.7489669858947093
2,1354,0.2,0.5,2.5,0.9579572159086766
2,1355,0.2,0.5,2.5,0.5288692515927913
2,1356,0.2,0.5,2.5,0.7751745494310852
2,1357,0.2,0.5,2.5,0.5234730414845263
2,1358,0.2,0.5,2.5,0.5928028458894764
2,1359,0.2,0.5,2.5,0.852709773356012
2,1360,0.2,0.5,2.5,0.6345161719039429
2,1361,0.2,0.5,2.5,0.34546417124610335
2,1362,0.2,0.5,2.5,0.12336753026560823
2,1363,0.2,0.5,2.5,0.6289095652461123
2,1364,0.2,0.5,2.5,0.5109735105592372
2,1365,0.2,0.5,2.5,0.21566032734302204
2,1366,0.2,0.5,2.5,0.2320624078304947
2,1367,0.2,0.5,2.5,0.4758430047815459
2,1368,0.2,0.5,2.5,0.1273664030778399
2,1369,0.2,0.5,2.5,0.9509544235044485
2,1370,0.2,0.5,2.5,0.38009684387165715
2,1371,0.2,0.5,2.5,1.230715645800135
2,1372,0.2,0.5,2.5,0.753869282507348
2,1373,0.2,0.5,2.5,0.8261040077297152
2,1374,0.2,0.5,2.5,0.6130409634291255
2,1375,0.2,0.5,2.5,0.847934596883413
2,1376,0.2,0.5,2.5,0.3921643270369506
2,1377,0.2,0.5,2.5,0.6438771299388769
2,1378,0.2,0.5,2.5,0.5685435512451276
2,1379,0.2,0.5,2.5,0.7522968616762373
2,1380,0.2,0.5,2.5,1.004638045318911
2,1381,0.2,0.5,2.5,0.49391029085406274
2,1382,0.2,0.5,2.5,0.2767080025371931
2,1383,0.2,0.5,2.5,0.6150397022305257
2,1384,0.2,0.5,2.5,1.0022177821231018
2,1385,0.2,0.5,2.5,0.8625894559633775
2,1386,0.2,0.5,2.5,0.9213397939200584
2,1387,0.2,0.5,2.5,0.2330020003224932
2,1388,0.2,0.5,2.5,0.5377898427082033
2,1389,0.2,0.5,2.5,0.3273882982922696
2,1390,0.2,0.5,2.5,0.7164230761902581
2,1391,0.2,0.5,2.5,0.9058903492179006
2,1392,0.2,0.5,2.5,1.2127495051329622
2,1393,0.2,0.5,2.5,0.5288339573195522
2,1394,0.2,0.5,2.5,1.371387784626539
2,1395,0.2,0.5,2.5,0.33123099659271726
2,1396,0.2,0.5,2.5,0.8546707870959999
2,1397,0.2,0.5,2.5,1.3714604175619725
2,1398,0.2,0.5,2.5,0.24770505350636415
2,1399,0.2,0.5,2.5,0.4130392330608877
2,1400,0.2,0.5,2.5,0.6673739067995654
2,1401,0.2,0.5,2.5,1.1972727505667689
2,1402,0.2,0.5,2.5,1.3387625931988085
2,1403,0.2,0.5,2.5,0.7404188435769917
2,1404,0.2,0.5,2.5,0.5381298829247729
2,1405,0.2,0.5,2.5,0.7266049751555756
2,1406,0.2,0.5,2.5,0.8531824192612348
2,1407,0.2,0.5,2.5,0.5363722203607479
2,1408,0.2,0.5,2.5,0.26828334250667507
2,1409,0.2,0.5,2.5,0.732762103766746
2,1410,0.2,0.5,2.5,1.3114132050344107
2,1411,0.2,0.5,2.5,0.8434500294532317
2,1412,0.2,0.5,2.5,1.7089607081270155
2,1413,0.2,0.5,2.5,0.5319228292906437
2,1414,0.2,0.5,2.5,0.3236272654187404
2,1415,0.2,0.5,2.5,0.36017933503438754
2,1416,0.2,0.5,2.5,1.2428693407219327
2,1417,0.2,0.5,2.5,1.0732923592080923
2,1418,0.2,0.5,2.5,0.5069102220012462
2,1419,0.2,0.5,2.5,0.20627957383962284
2,1420,0.2,0.5,2.5,0.3279036034212347
2,1421,0.2,0.5,2.5,0.514107051293862
2,1422,0.2,0.5,2.5,0.4313773335048863
2,1423,0.2,0.5,2.5,0.5483141855291375
2,1424,0.2,0.5,2.5,0.6854951157515524
2,1425,0.2,0.5,2.5,0.55781242346798
2,1426,0.2,0.5,2.5,1.140928145898857
2,1427,0.2,0.5,2.5,0.7304675491475845
2,1428,0.2,0.5,2.5,1.7081689342653803
2,1429,0.2,0.5,2.5,0.39662501869338435
2,1430,0.2,0.5,2.5,0.9958075713701439
2,1431,0.2,0.5,2.5,0.26364568568175434
2,1432,0.2,0.5,2.5,1.0812154695300142
2,1433,0.2,0.5,2.5,1.3104950016079189
2,1434,0.2,0.5,2.5,1.210260038250431
2,1435,0.2,0.5,2.5,0.106252855010083
2,1436,0.2,0.5,2.5,0.4986106076497341
2,1437,0.2,0.5,2.5,0.2514676776559652
2,1438,0.2,0.5,2.5,0.28991253392976696
2,1439,0.2,0.5,2.5,1.337441226393755
2,1440,0.2,0.5,2.5,0.17184061759629346
2,1441,0.2,0.5,2.5,0.5150138989659161
2,1442,0.2,0.5,2.5,0.6026505228005627
2,1443,0.2,0.5,2.5,1.128001044030448
2,1444,0.2,0.5,2.5,0.4114002734665072
2,1445,0.2,0.5,2.5,0.127101861493183
2,1446,0.2,0.5,2.5,0.15338266033122255
2,1447,0.2,0.5,2.5,1.5601718463912488
2,1448,0.2,0.5,2.5,0.5455027349069648
2,1449,0.2,0.5,2.5,0.36714526945727843
2,1450,0.2,0.5,2.5,0.45727266655022264
2,1451,0.2,0.5,2.5,0.44550435975504415
2,1452,0.2,0.5,2.5,0.9642686725224842
2,1453,0.2,0.5,2.5,0.7957917171685697
2,1454,0.2,0.5,2.5,0.3517893078219824
2,1455,0.2,0.5,2.5,1.123211863021134
2,1456,0.2,0.5,2.5,1.3263582045932407
2,1457,0.2,0.5,2.5,1.3263106030606766
2,1458,0.2,0.5,2.5,0.7831216554900977
2,1459,0.2,0.5,2.5,0.8322495305358092
2,1460,0.2,0.5,2.5,0.20694980147313774
2,1461,0.2,0.5,2.5,0.24286282919808036
2,1462,0.2,0.5,2.5,0.5354049358986952
2,1463,0.2,0.5,2.5,0.871161206947617
2,1464,0.2,0.5,2.5,1.3512639725241196
2,1465,0.2,0.5,2.5,1.0797665980517195
2,1466,0.2,0.5,2.5,1.075996091007912
2,1467,0.2,0.5,2.5,0.6466603022499335
2,1468,0.2,0.5,2.5,0.7942753203897515
2,1469,0.2,0.5,2.5,0.2747467675855489
2,1470,0.2,0.5,2.5,1.1859494734066836
2,1471,0.2,0.5,2.5,0.9246899883403868
2,1472,0.2,0.5,2.5,0.27540175030534947
2,1473,0.2,0.5,2.5,0.4673362565973518
2,1474,0.2,0.5,2.5,0.621365463644807
2,1475,0.2,0.5,2.5,0.5029733171685677
2,1476,0.2,0.5,2.5,0.6207987905486804
2,1477,0.2,0.5,2.5,0.8546250612927185
2,1478,0.2,0.5,2.5,0.5876149214232707
2,1479,0.2,0.5,2.5,0.9579298742163074
2,1480,0.2,0.5,2.5,0.9324067974292842
2,1481,0.2,0.5,2.5,0.12635695973128835
2,1482,0.2,0.5,2.5,0.6683505410100102
2,1483,0.2,0.5,2.5,1.169946077286566
2,1484,0.2,0.5,2.5,1.6636783239925794
2,1485,0.2,0.5,2.5,0.08871240693651958
2,1486,0.2,0.5,2.5,0.17940818026749095
2,1487,0.2,0.5,2.5,0.7535326015034622
2,1488,0.2,0.5,2.5,0.8907747907575747
2,1489,0.2,0.5,2.5,0.7173107920359019
2,1490,0.2,0.5,2.5,0.9708938466167609
2,1491,0.2,0.5,2.5,0.8000287916563801
2,1492,0.2,0.5,2.5,0.857334898054623
2,1493,0.2,0.5,2.5,0.8657732435294714
2,1494,0.2,0.5,2.5,0.44079741352994445
2,1495,0.2,0.5,2.5,0.02478852455530265
2,1496,0.2,0.5,2.5,0.7806276248392967
2,1497,0.2,0.5,2.5,0.8339947280475217
2,1498,0.2,0.5,2.5,0.2814590309932509
2,1499,0.2,0.5,2.5,0.7901292624380064
2,1500,0.2,0.5,2.5,0.4039345634673761
2,1501,0.2,0.5,2.5,0.8852136279199382
2,1502,0.2,0.5,2.5,0.6166138310435818
2,1503,0.2,0.5,2.5,0.32496269977007314
2,1504,0.2,0.5,2.5,0.9193025444809255
2,1505,0.2,0.5,2.5,0.4327293802072919
2,1506,0.2,0.5,2.5,1.1096656836800005
2,1507,0.2,0.5,2.5,1.1135922046660232
2,1508,0.2,0.5,2.5,0.7016600224333209
2,1509,0.2,0.5,2.5,1.0213612722987386
2,1510,0.2,0.5,2.5,0.43359361787455947
2,1511,0.2,0.5,2.5,0.4005586020021423
2,1512,0.2,0.5,2.5,0.15139442692007551
2,1513,0.2,0.5,2.5,0.8059704035812533
2,1514,0.2,0.5,2.5,0.45411470716013863
2,1515,0.2,0.5,2.5,0.6562376096952953
2,1516,0.2,0.5,2.5,0.6414752267434513
2,1517,0.2,0.5,2.5,0.29093711902228786
2,1518,0.2,0.5,2.5,0.37784238688884103
2,1519,0.2,0.5,2.5,0.3624777316306244
2,1520,0.2,0.5,2.5,0.6661425754965358
2,1521,0.2,0.5,2.5,0.3940189158470277
2,1522,0.2,0.5,2.5,0.2654293674644806
2,1523,0.2,0.5,2.5,1.1651905778150702
2,1524,0.2,0.5,2.5,0.65088697885731
2,1525,0.2,0.5,2.5,1.124886183932241
2,1526,0.2,0.5,2.5,0.4364491856725159
2,1527,0.2,0.5,2.5,0.11745229004116482
2,1528,0.2,0.5,2.5,0.7400587929731359
2,1529,0.2,0.5,2.5,0.7591944569121439
2,1530,0.2,0.5,2.5,0.1102024488187336
2,1531,0.2,0.5,2.5,0.37971317876895155
2,1532,0.2,0.5,2.5,0.3388631290056638
2,1533,0.2,0.5,2.5,0.4142898637637302
2,1534,0.2,0.5,2.5,0.4649083458988078
2,1535,0.2,0.5,2.5,0.7548751308303369
2,1536,0.2,0.5,2.5,0.9665820999571089
2,1537,0.2,0.5,2.5,0.10092568279535614
2,1538,0.2,0.5,2.5,0.7220132267261755
2,1539,0.2,0.5,2.5,0.28744567627008416
2,1540,0.2,0.5,2.5,0.48490130330415904
2,1541,0.2,0.5,2.5,0.5995229442341522
2,1542,0.2,0.5,2.5,0.14971202094899586
2,1543,0.2,0.5,2.5,0.3289284189001766
2,1544,0.2,0.5,2.5,0.6372323688459429
2,1545,0.2,0.5,2.5,1.0343883297826892
2,1546,0.2,0.5,2.5,1.6200060488543466
2,1547,0.2,0.5,2.5,0.6106074876776593
2,1548,0.2,0.5,2.5,0.06516267243308509
2,1549,0.2,0.5,2.5,0.5535262441898215
2,1550,0.2,0.5,2.5,0.2500069965044838
2,1551,0.2,0.5,2.5,0.8241963616723691
2,1552,0.2,0.5,2.5,1.508265838249204
2,1553,0.2,0.5,2.5,0.641128596174001
2,1554,0.2,0.5,2.5,0.4045930346140024
2,1555,0.2,0.5,2.5,1.1582880594353797
2,1556,0.2,0.5,2.5,0.7434135256336338
2,1557,0.2,0.5,2.5,0.6278581495214787
2,1558,0.2,0.5,2.5,1.1363536896841553
2,1559,0.2,0.5,2.5,0.09664434071892057
2,1560,0.2,0.5,2.5,0.3269555358839702
2,1561,0.2,0.5,2.5,0.5838035471190672
2,1562,0.2,0.5,2.5,0.508520670739341
2,1563,0.2,0.5,2.5,0.15112363671354964
2,1564,0.2,0.5,2.5,0.5165453967404492
2,1565,0.2,0.5,2.5,0.731857772539227
2,1566,0.2,0.5,2.5,0.5246152447225186
2,1567,0.2,0.5,2.5,1.0286556441209893
2,1568,0.2,0.5,2.5,1.354492787169456
2,1569,0.2,0.5,2.5,0.4265749775109651
2,1570,0.2,0.5,2.5,1.3345577468546672
2,1571,0.2,0.5,2.5,0.9244136782227081
2,1572,0.2,0.5,2.5,0.9489942354059836
2,1573,0.2,0.5,2.5,0.48981777170240753
2,1574,0.2,0.5,2.5,0.2282348430591526
2,1575,0.2,0.5,2.5,0.27381887533908844
2,1576,0.2,0.5,2.5,0.7037012669076821
2,1577,0.2,0.5,2.5,0.5969900331413639
2,1578,0.2,0.5,2.5,0.46894903509389196
2,1579,0.2,0.5,2.5,0.5474987801944471
2,1580,0.2,0.5,2.5,0.20697593858264485
2,1581,0.2,0.5,2.5,0.7668981831945444
2,1582,0.2,0.5,2.5,0.6319602281717099
2,1583,0.2,0.5,2.5,0.4523146623492346
2,1584,0.2,0.5,2.5,0.784397279894952
2,1585,0.2,0.5,2.5,1.5614228313939933
2,1586,0.2,0.5,2.5,0.8863355061821345
2,1587,0.2,0.5,2.5,0.6489119507113803
2,1588,0.2,0.5,2.5,0.22300562804896404
2,1589,0.2,0.5,2.5,0.8263856450596445
2,1590,0.2,0.5,2.5,0.4408056393742139
2,1591,0.2,0.5,2.5,0.5105823686879729
2,1592,0.2,0.5,2.5,1.0979031537884079
2,1593,0.2,0.5,2.5,0.12800194805810292
2,1594,0.2,0.5,2.5,0.9377780821717553
2,1595,0.2,0.5,2.5,1.3234298752296294
2,1596,0.2,0.5,2.5,0.5749184848304195
2,1597,0.2,0.5,2.5,1.2849099857872197
2,1598,0.2,0.5,2.5,0.8390735335193531
2,1599,0.2,0.5,2.5,0.5647051463848767
2,1600,0.2,0.5,2.5,0.4008212450202715
2,1601,0.2,0.5,2.5,1.3461539419834054
2,1602,0.2,0.5,2.5,0.6587729259194659
2,1603,0.2,0.5,2.5,0.4793383129169826
2,1604,0.2,0.5,2.5,0.22178996164894524
2,1605,0.2,0.5,2.5,0.49992566688279283
2,1606,0.2,0.5,2.5,0.3491469398518633
2,1607,0.2,0.5,2.5,0.5225784039990108
2,1608,0.2,0.5,2.5,0.5837114490666039
2,1609,0.2,0.5,2.5,0.6886010395849853
2,1610,0.2,0.5,2.5,0.6103351368264349
2,1611,0.2,0.5,2.5,0.525885492119196
2,1612,0.2,0.5,2.5,0.7187400207070762
2,1613,0.2,0.5,2.5,0.3712728192341727
2,1614,0.2,0.5,2.5,0.2675598157831894
2,1615,0.2,0.5,2.5,0.49074403060209354
2,1616,0.2,0.5,2.5,1.7701565021985344
2,1617,0.2,0.5,2.5,0.7845919741925197
2,1618,0.2,0.5,2.5,0.5110478798082785
2,1619,0.2,0.5,2.5,1.2938685322341745
2,1620,0.2,0.5,2.5,0.5574478488625589
2,1621,0.2,0.5,2.5,0.7963253278044125
2,1622,0.2,0.5,2.5,0.8345455122068458
2,1623,0.2,0.5,2.5,1.3687264727583917
2,1624,0.2,0.5,2.5,0.24762529383223947
2,1625,0.2,0.5,2.5,0.3886602831289929
2,1626,0.2,0.5,2.5,0.16697335531356816
2,1627,0.2,0.5,2.5,0.3524102548539091
2,1628,0.2,0.5,2.5,0.5876960040660744
2,1629,0.2,0.5,2.5,0.5346951309453958
2,1630,0.2,0.5,2.5,0.6545626362567739
2,1631,0.2,0.5,2.5,0.7419396125227394
2,1632,0.2,0.5,2.5,0.8843813461837284
2,1633,0.2,0.5,2.5,0.19322425236846147
2,1634,0.2,0.5,2.5,0.5616632605212205
2,1635,0.2,0.5,2.5,0.6283053217389944
2,1636,0.2,0.5,2.5,0.8662510443487879
2,1637,0.2,0.5,2.5,1.1903164886109696
2,1638,0.2,0.5,2.5,0.6560479111744316
2,1639,0.2,0.5,2.5,0.507677172904318
2,1640,0.2,0.5,2.5,1.4999417050671577
2,1641,0.2,0.5,2.5,0.24252708423867345
2,1642,0.2,0.5,2.5,0.9868922036860895
2,1643,0.2,0.5,2.5,0.23406586525106268
2,1644,0.2,0.5,2.5,0.8176695921841945
2,1645,0.2,0.5,2.5,0.006414671538196687
2,1646,0.2,0.5,2.5,0.4546084030196967
2,1647,0.2,0.5,2.5,0.20627154361614655
2,1648,0.2,0.5,2.5,0.6008328991130206
2,1649,0.2,0.5,2.5,1.760187995924378
2,1650,0.2,0.5,2.5,0.30687940843740397
2,1651,0.2,0.5,2.5,0.25490400559663584
2,1652,0.2,0.5,2.5,0.6973797416943485
2,1653,0.2,0.5,2.5,0.44073014826365087
2,1654,0.2,0.5,2.5,0.6627347785769373
2,1655,0.2,0.5,2.5,0.3033390846530768
2,1656,0.2,0.5,2.5,0.43755405049127283
2,1657,0.2,0.5,2.5,0.1420678279536539
2,1658,0.2,0.5,2.5,0.824906542413831
2,1659,0.2,0.5,2.5,1.2234239291608358
2,1660,0.2,0.5,2.5,1.3091277506027696
2,1661,0.2,0.5,2.5,0.72759021080053
2,1662,0.2,0.5,2.5,0.7636226851331767
2,1663,0.2,0.5,2.5,1.0590530338968558
2,1664,0.2,0.5,2.5,0.5048784610763947
2,1665,0.2,0.5,2.5,0.9355950059607901
2,1666,0.2,0.5,2.5,1.0596227162004226
2,1667,0.2,0.5,2.5,0.5234659877610409
2,1668,0.2,0.5,2.5,0.7269991480785313
2,1669,0.2,0.5,2.5,0.7245284361556031
2,1670,0.2,0.5,2.5,0.6837635623929442
2,1671,0.2,0.5,2.5,0.9945121880145694
2,1672,0.2,0.5,2.5,1.3037197512207253
2,1673,0.2,0.5,2.5,0.7467471978271067
2,1674,0.2,0.5,2.5,0.5310984919415014
2,1675,0.2,0.5,2.5,0.213593554790059
2,1676,0.2,0.5,2.5,0.3514428115399229
2,1677,0.2,0.5,2.5,0.13344152409377089
2,1678,0.2,0.5,2.5,0.7016325144270532
2,1679,0.2,0.5,2.5,0.36138791536489095
2,1680,0.2,0.5,2.5,0.14957134501685715
2,1681,0.2,0.5,2.5,0.5832358885542434
2,1682,0.2,0.5,2.5,0.671293609979532
2,1683,0.2,0.5,2.5,0.5381159706249159
2,1684,0.2,0.5,2.5,1.0531914012111094
2,1685,0.2,0.5,2.5,0.07129589054673603
2,1686,0.2,0.5,2.5,0.37946863066627634
2,1687,0.2,0.5,2.5,0.6604812896987827
2,1688,0.2,0.5,2.5,0.3836317488078891
2,1689,0.2,0.5,2.5,1.1638944061571226
2,1690,0.2,0.5,2.5,0.4266995151231873
2,1691,0.2,0.5,2.5,0.6347441286705311
2,1692,0.2,0.5,2.5,0.4233137655450935
2,1693,0.2,0.5,2.5,0.35267539057739433
2,1694,0.2,0.5,2.5,0.3883465751125644
2,1695,0.2,0.5,2.5,0.4588217428922669
2,1696,0.2,0.5,2.5,0.5860151599118469
2,1697,0.2,0.5,2.5,1.5167482350442762
2,1698,0.2,0.5,2.5,0.5046174581726491
2,1699,0.2,0.5,2.5,0.49809040906888635
2,1700,0.2,0.5,2.5,0.9554129620982394
2,1701,0.2,0.5,2.5,0.10700690247866398
2,1702,0.2,0.5,2.5,0.4464311844539248
2,1703,0.2,0.5,2.5,0.5290346225450822
2,1704,0.2,0.5,2.5,0.7935325916207312
2,1705,0.2,0.5,2.5,1.1187293938155547
2,1706,0.2,0.5,2.5,0.3216272130184458
2,1707,0.2,0.5,2.5,0.6778310340394176
2,1708,0.2,0.5,2.5,0.45578439155487127
2,1709,0.2,0.5,2.5,0.8272541984347981
2,1710,0.2,0.5,2.5,0.37730806454917637
2,1711,0.2,0.5,2.5,0.4929869497903916
2,1712,0.2,0.5,2.5,0.6041424911730169
2,1713,0.2,0.5,2.5,0.6737059293159187
2,1714,0.2,0.5,2.5,0.33029185983748094
2,1715,0.2,0.5,2.5,0.8016381705252643
2,1716,0.2,0.5,2.5,0.538581077867854
2,1717,0.2,0.5,2.5,0.28842597707558015
2,1718,0.2,0.5,2.5,0.14263072453647813
2,1719,0.2,0.5,2.5,0.7815892953759082
2,1720,0.2,0.5,2.5,0.485961214296142
2,1721,0.2,0.5,2.5,1.0421571908290164
2,1722,0.2,0.5,2.5,0.2810064246545608
2,1723,0.2,0.5,2.5,0.5253602871457551
2,1724,0.2,0.5,2.5,0.4021246548024628
2,1725,0.2,0.5,2.5,0.3711235220177647
2,1726,0.2,0.5,2.5,0.665571237008543
2,1727,0.2,0.5,2.5,0.4824242276180163
2,1728,0.2,0.5,2.5,0.48605737558479933
2,1729,0.2,0.5,2.5,1.1950950608840023
2,1730,0.2,0.5,2.5,0.586088290774752
2,1731,0.2,0.5,2.5,1.1108343676427042
2,1732,0.2,0.5,2.5,0.27574878160355437
2,1733,0.2,0.5,2.5,0.78131431530393
2,1734,0.2,0.5,2.5,0.9211451767692045
2,1735,0.2,0.5,2.5,0.6109989297088917
2,1736,0.2,0.5,2.5,0.9894610847015991
2,1737,0.2,0.5,2.5,1.1673880877697758
2,1738,0.2,0.5,2.5,0.2964221962695149
2,1739,0.2,0.5,2.5,0.5065351078857113
2,1740,0.2,0.5,2.5,0.10855362360763793
2,1741,0.2,0.5,2.5,0.1734120002861663
2,1742,0.2,0.5,2.5,0.48126689795817057
2,1743,0.2,0.5,2.5,0.8322972555242133
2,1744,0.2,0.5,2.5,0.27284600279927834
2,1745,0.2,0.5,2.5,0.22849734317700318
2,1746,0.2,0.5,2.5,0.7960122581356297
2,1747,0.2,0.5,2.5,0.772736683635506
2,1748,0.2,0.5,2.5,0.6302238660288432
2,1749,0.2,0.5,2.5,0.335392399545867
2,1750,0.2,0.5,2.5,0.7658829427945956
2,1751,0.2,0.5,2.5,0.8712064136071683
2,1752,0.2,0.5,2.5,0.9833792336693286
2,1753,0.2,0.5,2.5,0.662200669360834
2,1754,0.2,0.5,2.5,1.164721333961641
2,1755,0.2,0.5,2.5,0.9219581502504622
2,1756,0.2,0.5,2.5,0.5195029815491479
2,1757,0.2,0.5,2.5,0.1976060757299253
2,1758,0.2,0.5,2.5,0.5641645665095739
2,1759,0.2,0.5,2.5,0.2843904881621086
2,1760,0.2,0.5,2.5,0.2329155733875799
2,1761,0.2,0.5,2.5,0.8698684206855899
2,1762,0.2,0.5,2.5,0.6237389717938319
2,1763,0.2,0.5,2.5,0.3401477072505753
2,1764,0.2,0.5,2.5,0.4498066393970226
2,1765,0.2,0.5,2.5,0.9439629761038525
2,1766,0.2,0.5,2.5,0.7214170974300756
2,1767,0.2,0.5,2.5,0.6839514040476009
2,1768,0.2,0.5,2.5,1.0929794923159342
2,1769,0.2,0.5,2.5,0.28878478071072855
2,1770,0.2,0.5,2.5,0.35861254024899364
2,1771,0.2,0.5,2.5,0.8743297894272022
2,1772,0.2,0.5,2.5,0.6344474551268956
2,1773,0.2,0.5,2.5,0.5528643530686672
2,1774,0.2,0.5,2.5,0.4013451597315837
2,1775,0.2,0.5,2.5,0.2767962847393643
2,1776,0.2,0.5,2.5,1.2615002703566172
2,1777,0.2,0.5,2.5,1.0447088377936034
2,1778,0.2,0.5,2.5,1.1122735995209863
2,1779,0.2,0.5,2.5,0.3025728138144706
2,1780,0.2,0.5,2.5,0.7227991716153744
2,1781,0.2,0.5,2.5,1.0609249336605384
2,1782,0.2,0.5,2.5,0.8991841391393373
2,1783,0.2,0.5,2.5,0.7153183963297292
2,1784,0.2,0.5,2.5,0.15077398358260177
2,1785,0.2,0.5,2.5,0.8343091546700403
2,1786,0.2,0.5,2.5,0.7648067496177086
2,1787,0.2,0.5,2.5,0.7002530348096591
2,1788,0.2,0.5,2.5,1.2696371944175442
2,1789,0.2,0.5,2.5,0.4919206897446302
2,1790,0.2,0.5,2.5,0.8232679808716473
2,1791,0.2,0.5,2.5,0.5131289393541689
2,1792,0.2,0.5,2.5,0.8506962149875367
2,1793,0.2,0.5,2.5,0.28885656797357706
2,1794,0.2,0.5,2.5,0.6644967683596816
2,1795,0.2,0.5,2.5,0.34523472988267767
2,1796,0.2,0.5,2.5,0.6827484718863875
2,1797,0.2,0.5,2.5,1.2614130134734003
2,1798,0.2,0.5,2.5,1.0502798072560975
2,1799,0.2,0.5,2.5,0.5441407376966897
2,1800,0.2,0.5,2.5,1.1629837087973964
2,1801,0.2,0.5,2.5,1.4364811880428652
2,1802,0.2,0.5,2.5,0.4475302293153256
2,1803,0.2,0.5,2.5,1.2759730654666692
2,1804,0.2,0.5,2.5,0.6399832546174855
2,1805,0.2,0.5,2.5,0.802323793512817
2,1806,0.2,0.5,2.5,0.34251302910457226
2,1807,0.2,0.5,2.5,0.5343345264511763
2,1808,0.2,0.5,2.5,0.35051135796731386
2,1809,0.2,0.5,2.5,1.6388791527961304
2,1810,0.2,0.5,2.5,0.21960544627932443
2,1811,0.2,0.5,2.5,1.135617501418212
2,1812,0.2,0.5,2.5,1.3209558433038349
2,1813,0.2,0.5,2.5,0.8385476253937226
2,1814,0.2,0.5,2.5,0.9293670317382131
2,1815,0.2,0.5,2.5,0.11649506892233101
2,1816,0.2,0.5,2.5,0.5720280256429779
2,1817,0.2,0.5,2.5,0.9331322820799123
2,1818,0.2,0.5,2.5,0.666691575975056
2,1819,0.2,0.5,2.5,0.7066853821930899
2,1820,0.2,0.5,2.5,0.8063275283948196
2,1821,0.2,0.5,2.5,0.5210498665817787
2,1822,0.2,0.5,2.5,0.7447894261731761
2,1823,0.2,0.5,2.5,0.45861849683393563
2,1824,0.2,0.5,2.5,0.9036309115825822
2,1825,0.2,0.5,2.5,0.12424153562348916
2,1826,0.2,0.5,2.5,1.0342603486506976
2,1827,0.2,0.5,2.5,0.4305876261003623
2,1828,0.2,0.5,2.5,0.43779704949469045
2,1829,0.2,0.5,2.5,0.28699779075536064
2,1830,0.2,0.5,2.5,1.781742048435939
2,1831,0.2,0.5,2.5,0.5975173060418494
2,1832,0.2,0.5,2.5,0.1732859432282167
2,1833,0.2,0.5,2.5,0.848899135235127
2,1834,0.2,0.5,2.5,0.10083172497101714
2,1835,0.2,0.5,2.5,0.7404155244259474
2,1836,0.2,0.5,2.5,0.5042124037391837
2,1837,0.2,0.5,2.5,1.0778540360442668
2,1838,0.2,0.5,2.5,0.590810760949547
2,1839,0.2,0.5,2.5,0.24507666135648537
2,1840,0.2,0.5,2.5,0.6941867596166813
2,1841,0.2,0.5,2.5,0.7749673795806994
2,1842,0.2,0.5,2.5,0.761978413435266
2,1843,0.2,0.5,2.5,0.4973834761135129
2,1844,0.2,0.5,2.5,0.8500591569304672
2,1845,0.2,0.5,2.5,0.9806842116337928
2,1846,0.2,0.5,2.5,0.21980221313578935
2,1847,0.2,0.5,2.5,0.20075394508987546
2,1848,0.2,0.5,2.5,0.2971647236175399
2,1849,0.2,0.5,2.5,1.2306840254412996
2,1850,0.2,0.5,2.5,1.1684881370747087
2,1851,0.2,0.5,2.5,0.8751551643937491
2,1852,0.2,0.5,2.5,0.7046110788965143
2,1853,0.2,0.5,2.5,1.239802209107589
2,1854,0.2,0.5,2.5,0.25391096666119944
2,1855,0.2,0.5,2.5,0.9560196262807705
2,1856,0.2,0.5,2.5,0.07597633265508934
2,1857,0.2,0.5,2.5,0.2649324866067419
2,1858,0.2,0.5,2.5,0.7242743658155569
2,1859,0.2,0.5,2.5,0.8339496631778311
2,1860,0.2,0.5,2.5,0.8620658803529755
2,1861,0.2,0.5,2.5,0.6521460778128222
2,1862,0.2,0.5,2.5,0.6688189381701147
2,1863,0.2,0.5,2.5,0.31437515160094354
2,1864,0.2,0.5,2.5,0.1805959905785224
2,1865,0.2,0.5,2.5,0.27127343384325886
2,1866,0.2,0.5,2.5,0.7059408800867564
2,1867,0.2,0.5,2.5,0.5676865378109339
2,1868,0.2,0.5,2.5,0.6938054953432349
2,1869,0.2,0.5,2.5,0.2971190238015827
2,1870,0.2,0.5,2.5,0.8090736769074154
2,1871,0.2,0.5,2.5,0.6544899700792436
2,1872,0.2,0.5,2.5,1.301199480434339
2,1873,0.2,0.5,2.5,0.9355149444623643
2,1874,0.2,0.5,2.5,0.8740219535542151
2,1875,0.2,0.5,2.5,0.5458340832433528
2,1876,0.2,0.5,2.5,0.5827360443090658
2,1877,0.2,0.5,2.5,0.9910221777504904
2,1878,0.2,0.5,2.5,0.9203514726621029
2,1879,0.2,0.5,2.5,0.14706502241556693
2,1880,0.2,0.5,2.5,0.34337607939228765
2,1881,0.2,0.5,2.5,0.7520714293652606
2,1882,0.2,0.5,2.5,0.7036678237341688
2,1883,0.2,0.5,2.5,0.030085577068934964
2,1884,0.2,0.5,2.5,0.9508681328569141
2,1885,0.2,0.5,2.5,1.0200012876397009
2,1886,0.2,0.5,2.5,0.7409330246973914
2,1887,0.2,0.5,2.5,0.14932906016266742
2,1888,0.2,0.5,2.5,0.2425091616312551
2,1889,0.2,0.5,2.5,0.26764807799353507
2,1890,0.2,0.5,2.5,0.5123424308843302
2,1891,0.2,0.5,2.5,0.19940554309643366
2,1892,0.2,0.5,2.5,0.9248884695753592
2,1893,0.2,0.5,2.5,1.8313283317426998
2,1894,0.2,0.5,2.5,0.6162339473408172
2,1895,0.2,0.5,2.5,0.7418898649966973
2,1896,0.2,0.5,2.5,1.0667756145987513
2,1897,0.2,0.5,2.5,0.33720694726907263
2,1898,0.2,0.5,2.5,0.7776934954308736
2,1899,0.2,0.5,2.5,0.523920979827699
2,1900,0.2,0.5,2.5,0.3558409785739868
2,1901,0.2,0.5,2.5,0.2578375079640748
2,1902,0.2,0.5,2.5,0.8917234015570646
2,1903,0.2,0.5,2.5,0.44736531016456227
2,1904,0.2,0.5,2.5,0.3786908675494969
2,1905,0.2,0.5,2.5,1.327117674964927
2,1906,0.2,0.5,2.5,0.8761332368223717
2,1907,0.2,0.5,2.5,0.672577474130598
2,1908,0.2,0.5,2.5,0.6783721492701494
2,1909,0.2,0.5,2.5,1.015563582211844
2,1910,0.2,0.5,2.5,0.10005067465594894
2,1911,0.2,0.5,2.5,0.6854003116507209
2,1912,0.2,0.5,2.5,0.34225573428807265
2,1913,0.2,0.5,2.5,0.17882939283563332
2,1914,0.2,0.5,2.5,0.46122893864705045
2,1915,0.2,0.5,2.5,0.9410360597882685
2,1916,0.2,0.5,2.5,0.9675779890662594
2,1917,0.2,0.5,2.5,0.4938498003015557
2,1918,0.2,0.5,2.5,1.014626094360166
2,1919,0.2,0.5,2.5,0.3966877452085052
2,1920,0.2,0.5,2.5,0.9063775703720375
2,1921,0.2,0.5,2.5,1.432437069089562
2,1922,0.2,0.5,2.5,0.5829552134319256
2,1923,0.2,0.5,2.5,0.3790633255429395
2,1924,0.2,0.5,2.5,0.7149387591462116
2,1925,0.2,0.5,2.5,0.6906439706028177
2,1926,0.2,0.5,2.5,0.8877305035647385
2,1927,0.2,0.5,2.5,0.1032928195044053
2,1928,0.2,0.5,2.5,0.24054114526897086
2,1929,0.2,0.5,2.5,0.8990459713219536
2,1930,0.2,0.5,2.5,0.6572980694234645
2,1931,0.2,0.5,2.5,0.1453788717739079
2,1932,0.2,0.5,2.5,0.2463312084135265
2,1933,0.2,0.5,2.5,1.7896732680071148
2,1934,0.2,0.5,2.5,0.9280711926766927
2,1935,0.2,0.5,2.5,0.4520813685717116
2,1936,0.2,0.5,2.5,0.920477036591577
2,1937,0.2,0.5,2.5,0.45002447288167935
2,1938,0.2,0.5,2.5,0.7249481966974258
2,1939,0.2,0.5,2.5,0.7310675741374014
2,1940,0.2,0.5,2.5,1.4370228637211457
2,1941,0.2,0.5,2.5,0.8802713796238413
2,1942,0.2,0.5,2.5,0.34957659204907443
2,1943,0.2,0.5,2.5,0.6545961471404824
2,1944,0.2,0.5,2.5,0.21427626728281937
2,1945,0.2,0.5,2.5,0.30607125901550164
2,1946,0.2,0.5,2.5,0.7983878405088456
2,1947,0.2,0.5,2.5,0.8802376152070974
2,1948,0.2,0.5,2.5,0.7485268342120671
2,1949,0.2,0.5,2.5,0.3374361519754159
2,1950,0.2,0.5,2.5,1.40161077469474
2,1951,0.2,0.5,2.5,0.9281191604099419
2,1952,0.2,0.5,2.5,0.4855696529650026
2,1953,0.2,0.5,2.5,1.1477001401396387
2,1954,0.2,0.5,2.5,0.6861246850266013
2,1955,0.2,0.5,2.5,0.5192002510985887
2,1956,0.2,0.5,2.5,1.5726053611530144
2,1957,0.2,0.5,2.5,0.8396068976526406
2,1958,0.2,0.5,2.5,0.8208633547368089
2,1959,0.2,0.5,2.5,0.5690455695805721
2,1960,0.2,0.5,2.5,0.45636904267296047
2,1961,0.2,0.5,2.5,0.8064799399867647
2,1962,0.2,0.5,2.5,0.8479452322368725
2,1963,0.2,0.5,2.5,0.7981581988218683
2,1964,0.2,0.5,2.5,0.4534746439495709
2,1965,0.2,0.5,2.5,0.3445609860280294
2,1966,0.2,0.5,2.5,1.048798408335495
2,1967,0.2,0.5,2.5,0.9391649596525712
2,1968,0.2,0.5,2.5,0.40447517328654636
2,1969,0.2,0.5,2.5,0.8474081039799941
2,1970,0.2,0.5,2.5,0.9033682798910971
2,1971,0.2,0.5,2.5,1.042103595276013
2,1972,0.2,0.5,2.5,1.2937108726004407
2,1973,0.2,0.5,2.5,0.6941954220553299
2,1974,0.2,0.5,2.5,0.596874214436421
2,1975,0.2,0.5,2.5,0.6882097181434836
2,1976,0.2,0.5,2.5,1.083855279262198
2,1977,0.2,0.5,2.5,0.9733224297320865
2,1978,0.2,0.5,2.5,0.8767359746352288
2,1979,0.2,0.5,2.5,0.6863209135403315
2,1980,0.2,0.5,2.5,1.1362509128831522
2,1981,0.2,0.5,2.5,0.41426614635601217
2,1982,0.2,0.5,2.5,0.7263021637668358
2,1983,0.2,0.5,2.5,0.84904912385381
2,1984,0.2,0.5,2.5,0.2019128856276132
2,1985,0.2,0.5,2.5,0.6161840415563145
2,1986,0.2,0.5,2.5,0.7560476603843782
2,1987,0.2,0.5,2.5,0.14995304070265575
2,1988,0.2,0.5,2.5,0.2911001745212758
2,1989,0.2,0.5,2.5,0.2321228107945293
2,1990,0.2,0.5,2.5,1.1610724490267077
2,1991,0.2,0.5,2.5,0.12217560971374869
2,1992,0.2,0.5,2.5,0.924811942594346
2,1993,0.2,0.5,2.5,0.8465828461472363
2,1994,0.2,0.5,2.5,0.23705522234958784
2,1995,0.2,0.5,2.5,0.48833117163602086
2,1996,0.2,0.5,2.5,0.6086744242064609
2,1997,0.2,0.5,2.5,0.6830579910876453
2,1998,0.2,0.5,2.5,1.0255113318786073
2,1999,0.2,0.5,2.5,1.6260332446422772
2,2000,0.2,0.5,2.5,1.247594121056749
2,2001,0.2,0.5,2.5,1.227723077711255
2,2002,0.2,0.5,2.5,0.863665453168457
2,2003,0.2,0.5,2.5,0.17654585427422295
2,2004,0.2,0.5,2.5,0.20695991989169166
2,2005,0.2,0.5,2.5,0.6115577593827931
2,2006,0.2,0.5,2.5,0.684930512032037
2,2007,0.2,0.5,2.5,0.3369420352813312
2,2008,0.2,0.5,2.5,0.3234006032841699
2,2009,0.2,0.5,2.5,0.8918521662886604
2,2010,0.2,0.5,2.5,0.9183329844607997
2,2011,0.2,0.5,2.5,0.4084200047893243
2,2012,0.2,0.5,2.5,0.486136861618893
2,2013,0.2,0.5,2.5,0.4546731110105275
2,2014,0.2,0.5,2.5,0.8025632431387367
2,2015,0.2,0.5,2.5,0.6037540929878903
2,2016,0.2,0.5,2.5,0.9293779532852932
2,2017,0.2,0.5,2.5,0.8921360227351438
2,2018,0.2,0.5,2.5,0.2171601650408521
2,2019,0.2,0.5,2.5,0.4610081114057965
2,2020,0.2,0.5,2.5,0.6986379085698472
2,2021,0.2,0.5,2.5,0.9690363378917657
2,2022,0.2,0.5,2.5,0.7951257276175786
2,2023,0.2,0.5,2.5,0.17689565363860632
2,2024,0.2,0.5,2.5,0.8034541350876132
2,2025,0.2,0.5,2.5,0.1250410661374146
2,2026,0.2,0.5,2.5,0.5583180714295825
2,2027,0.2,0.5,2.5,0.22387134143683654
2,2028,0.2,0.5,2.5,0.5064088978113239
2,2029,0.2,0.5,2.5,0.08250566557266487
2,2030,0.2,0.5,2.5,0.9345734333933687
2,2031,0.2,0.5,2.5,1.4505662652692912
2,2032,0.2,0.5,2.5,0.5139677223044848
2,2033,0.2,0.5,2.5,1.3585171609529347
2,2034,0.2,0.5,2.5,1.1298711851475614
2,2035,0.2,0.5,2.5,0.6733949452842631
2,2036,0.2,0.5,2.5,0.7483056543302097
2,2037,0.2,0.5,2.5,0.6560132463698957
2,2038,0.2,0.5,2.5,0.07861799757723116
2,2039,0.2,0.5,2.5,0.2257181778027249
2,2040,0.2,0.5,2.5,1.2224082113538126
2,2041,0.2,0.5,2.5,0.4032959879247027
2,2042,0.2,0.5,2.5,0.8324580679740088
2,2043,0.2,0.5,2.5,0.9489483622853254
2,2044,0.2,0.5,2.5,1.0739517761545692
2,2045,0.2,0.5,2.5,1.3014129620266008
2,2046,0.2,0.5,2.5,0.23101759545976838
2,2047,0.2,0.5,2.5,0.329123734177556
2,2048,0.2,0.5,2.5,0.7982634899398668
2,2049,0.2,0.5,2.5,0.5672391495800724
2,2050,0.2,0.5,2.5,1.6444502359245579
2,2051,0.2,0.5,2.5,0.7554433200261339
2,2052,0.2,0.5,2.5,0.24103427242351155
2,2053,0.2,0.5,2.5,0.5696033002981634
2,2054,0.2,0.5,2.5,0.2659608149882786
2,2055,0.2,0.5,2.5,1.010196594085694
2,2056,0.2,0.5,2.5,0.3732521518700087
2,2057,0.2,0.5,2.5,0.8794025467415094
2,2058,0.2,0.5,2.5,0.8688559821028135
2,2059,0.2,0.5,2.5,0.20775307209856306
2,2060,0.2,0.5,2.5,0.19531001643994322
2,2061,0.2,0.5,2.5,0.8923007050781794
2,2062,0.2,0.5,2.5,0.45372896398211976
2,2063,0.2,0.5,2.5,0.5073876495681869
2,2064,0.2,0.5,2.5,1.0637295133336213
2,2065,0.2,0.5,2.5,0.2769204332875137
2,2066,0.2,0.5,2.5,0.8222547933670555
2,2067,0.2,0.5,2.5,0.6919138615539621
2,2068,0.2,0.5,2.5,0.21097903534661366
2,2069,0.2,0.5,2.5,0.1520536168336424
2,2070,0.2,0.5,2.5,0.14115293138452575
2,2071,0.2,0.5,2.5,1.0255856751701924
2,2072,0.2,0.5,2.5,0.4398296618705817
2,2073,0.2,0.5,2.5,0.16311032144721863
2,2074,0.2,0.5,2.5,0.8263912714053342
2,2075,0.2,0.5,2.5,1.0818146829770272
2,2076,0.2,0.5,2.5,0.8791906089986572
2,2077,0.2,0.5,2.5,1.206094525111769
2,2078,0.2,0.5,2.5,0.920460533667089
2,2079,0.2,0.5,2.5,0.654929333044102
2,2080,0.2,0.5,2.5,0.4010317469076547
2,2081,0.2,0.5,2.5,0.7804344772530466
2,2082,0.2,0.5,2.5,0.44477272260629125
2,2083,0.2,0.5,2.5,1.2977896123452968
2,2084,0.2,0.5,2.5,0.14647137681165978
2,2085,0.2,0.5,2.5,0.47592061496915117
2,2086,0.2,0.5,2.5,0.6869923298535245
2,2087,0.2,0.5,2.5,0.9074918025934228
2,2088,0.2,0.5,2.5,0.6338173706782014
2,2089,0.2,0.5,2.5,0.9175564476023652
2,2090,0.2,0.5,2.5,0.46463841724055616
2,2091,0.2,0.5,2.5,0.09242113969304808
2,2092,0.2,0.5,2.5,0.29241301346219045
2,2093,0.2,0.5,2.5,0.15197570533972352
2,2094,0.2,0.5,2.5,0.3512149808629847
2,2095,0.2,0.5,2.5,0.439851163636938
2,2096,0.2,0.5,2.5,0.6123347390699749
2,2097,0.2,0.5,2.5,0.4717384322179664
2,2098,0.2,0.5,2.5,0.3461514020803191
2,2099,0.2,0.5,2.5,0.26237428384138345
2,2100,0.2,0.5,2.5,0.234887755322011
2,2101,0.2,0.5,2.5,0.4955223450959132
2,2102,0.2,0.5,2.5,0.8489408551826125
2,2103,0.2,0.5,2.5,0.36544777587741034
2,2104,0.2,0.5,2.5,0.3187333308917915
2,2105,0.2,0.5,2.5,1.1690959470570375
2,2106,0.2,0.5,2.5,0.6262862051949197
2,2107,0.2,0.5,2.5,0.47372169460136077
2,2108,0.2,0.5,2.5,1.0673952307154655
2,2109,0.2,0.5,2.5,0.5394899884523958
2,2110,0.2,0.5,2.5,0.23198771539399937
2,2111,0.2,0.5,2.5,1.1182501288372235
2,2112,0.2,0.5,2.5,0.9236954994138354
2,2113,0.2,0.5,2.5,0.6116251438946048
2,2114,0.2,0.5,2.5,0.5389749462205482
2,2115,0.2,0.5,2.5,0.5102317662177321
2,2116,0.2,0.5,2.5,0.40776594598543636
2,2117,0.2,0.5,2.5,0.2770575509799366
2,2118,0.2,0.5,2.5,0.7323679793865971
2,2119,0.2,0.5,2.5,0.8223635580275606
2,2120,0.2,0.5,2.5,0.7641782665297726
2,2121,0.2,0.5,2.5,0.3204541321159567
2,2122,0.2,0.5,2.5,0.15190301476132503
2,2123,0.2,0.5,2.5,0.32057250456295194
2,2124,0.2,0.5,2.5,0.4910007977799188
2,2125,0.2,0.5,2.5,0.650181148886267
2,2126,0.2,0.5,2.5,0.3101084265553514
2,2127,0.2,0.5,2.5,0.5572297420573896
2,2128,0.2,0.5,2.5,1.0067744332906856
2,2129,0.2,0.5,2.5,0.23823970985329818
2,2130,0.2,0.5,2.5,0.6492214766703786
2,2131,0.2,0.5,2.5,0.4990252252096826
2,2132,0.2,0.5,2.5,0.40442310603310927
2,2133,0.2,0.5,2.5,0.5387585045413321
2,2134,0.2,0.5,2.5,1.3867230401929538
2,2135,0.2,0.5,2.5,0.4389019836291718
2,2136,0.2,0.5,2.5,0.5811778789228692
2,2137,0.2,0.5,2.5,1.5044546320181593
2,2138,0.2,0.5,2.5,0.5460681242634807
2,2139,0.2,0.5,2.5,0.22612716424648038
2,2140,0.2,0.5,2.5,0.5159872542410006
2,2141,0.2,0.5,2.5,0.39467864647750533
2,2142,0.2,0.5,2.5,0.2526466950668676
2,2143,0.2,0.5,2.5,0.15653164042342774
2,2144,0.2,0.5,2.5,0.7968894766549622
2,2145,0.2,0.5,2.5,0.7885104899533733
2,2146,0.2,0.5,2.5,1.1405512851569344
2,2147,0.2,0.5,2.5,0.6876533634275559
2,2148,0.2,0.5,2.5,0.38171822174334175
2,2149,0.2,0.5,2.5,0.40529160804374553
2,2150,0.2,0.5,2.5,1.0975760123829854
2,2151,0.2,0.5,2.5,1.0861864521194589
2,2152,0.2,0.5,2.5,0.6485518380440576
2,2153,0.2,0.5,2.5,0.5333854390865501
2,2154,0.2,0.5,2.5,0.850736725746558
2,2155,0.2,0.5,2.5,1.449651576213061
2,2156,0.2,0.5,2.5,0.5426952815232208
2,2157,0.2,0.5,2.5,0.8796757861953012
2,2158,0.2,0.5,2.5,0.9432045508175017
2,2159,0.2,0.5,2.5,0.7797047567322287
2,2160,0.2,0.5,2.5,0.3805441342423386
2,2161,0.2,0.5,2.5,0.15814216394813477
2,2162,0.2,0.5,2.5,0.7617789759613917
2,2163,0.2,0.5,2.5,0.22134384148465397
2,2164,0.2,0.5,2.5,0.6059476537547805
2,2165,0.2,0.5,2.5,1.514309698314093
2,2166,0.2,0.5,2.5,1.530915198406111
2,2167,0.2,0.5,2.5,0.7979521854526964
2,2168,0.2,0.5,2.5,0.9193412661023176
2,2169,0.2,0.5,2.5,0.07765709639521504
2,2170,0.2,0.5,2.5,0.24264611241638206
2,2171,0.2,0.5,2.5,0.25466061780235927
2,2172,0.2,0.5,2.5,1.2828135650508223
2,2173,0.2,0.5,2.5,0.3030580210540977
2,2174,0.2,0.5,2.5,1.243040751034817
2,2175,0.2,0.5,2.5,0.7530313354526714
2,2176,0.2,0.5,2.5,0.9853500766361729
2,2177,0.2,0.5,2.5,0.7777172591369751
2,2178,0.2,0.5,2.5,0.1778329476669947
2,2179,0.2,0.5,2.5,0.5807201284200113
2,2180,0.2,0.5,2.5,0.6566551037426168
2,2181,0.2,0.5,2.5,0.28978665241578094
2,2182,0.2,0.5,2.5,0.3765277510264987
2,2183,0.2,0.5,2.5,0.6367924843927923
2,2184,0.2,0.5,2.5,0.3758039946993988
2,2185,0.2,0.5,2.5,1.3192210728720508
2,2186,0.2,0.5,2.5,0.5090834389901954
2,2187,0.2,0.5,2.5,0.4731015819740673
2,2188,0.2,0.5,2.5,0.36533697755221395
2,2189,0.2,0.5,2.5,0.8324915593342
2,2190,0.2,0.5,2.5,0.46727511165642577
2,2191,0.2,0.5,2.5,0.6808796403666503
2,2192,0.2,0.5,2.5,0.9746469100638909
2,2193,0.2,0.5,2.5,0.43842611922133673
2,2194,0.2,0.5,2.5,0.7514512836966792
2,2195,0.2,0.5,2.5,0.3971521298075991
2,2196,0.2,0.5,2.5,0.5286154955887182
2,2197,0.2,0.5,2.5,0.6576100081887813
2,2198,0.2,0.5,2.5,0.371870293575434
2,2199,0.2,0.5,2.5,0.7458958089422562
2,2200,0.2,0.5,2.5,1.070671640443441
2,2201,0.2,0.5,2.5,1.0344770818826639
2,2202,0.2,0.5,2.5,0.8039074771808391
2,2203,0.2,0.5,2.5,0.21362161336917093
2,2204,0.2,0.5,2.5,1.0520484014320108
2,2205,0.2,0.5,2.5,0.4466767604672357
2,2206,0.2,0.5,2.5,1.2683998707350288
2,2207,0.2,0.5,2.5,1.1295056616439199
2,2208,0.2,0.5,2.5,0.4444360571602714
2,2209,0.2,0.5,2.5,0.9619434654452755
2,2210,0.2,0.5,2.5,0.864216099541825
2,2211,0.2,0.5,2.5,0.45320612532658544
2,2212,0.2,0.5,2.5,1.1340718163473682
2,2213,0.2,0.5,2.5,0.7060555609554534
2,2214,0.2,0.5,2.5,1.0132963681572595
2,2215,0.2,0.5,2.5,0.3731222119116553
2,2216,0.2,0.5,2.5,0.22937767534614661
2,2217,0.2,0.5,2.5,1.3454993735016971
2,2218,0.2,0.5,2.5,0.7955784151423949
2,2219,0.2,0.5,2.5,0.19064035967521847
2,2220,0.2,0.5,2.5,1.1258763708471566
2,2221,0.2,0.5,2.5,0.6329406017886468
2,2222,0.2,0.5,2.5,0.30028073624146084
2,2223,0.2,0.5,2.5,0.49996640252613145
2,2224,0.2,0.5,2.5,0.9560210440830024
2,2225,0.2,0.5,2.5,0.4452749605862347
2,2226,0.2,0.5,2.5,1.2027740922005201
2,2227,0.2,0.5,2.5,0.36277030946512767
2,2228,0.2,0.5,2.5,0.7414143727771133
2,2229,0.2,0.5,2.5,0.6370777533607583
2,2230,0.2,0.5,2.5,0.9483189736536383
2,2231,0.2,0.5,2.5,0.7447520949862229
2,2232,0.2,0.5,2.5,0.7309346491959658
2,2233,0.2,0.5,2.5,0.7990673339846834
2,2234,0.2,0.5,2.5,0.39475858368397015
2,2235,0.2,0.5,2.5,0.6233904029068151
2,2236,0.2,0.5,2.5,0.21069298644637607
2,2237,0.2,0.5,2.5,0.15134945353805768
2,2238,0.2,0.5,2.5,0.9319803468493179
2,2239,0.2,0.5,2.5,0.6378540701977123
2,2240,0.2,0.5,2.5,0.640044163732853
2,2241,0.2,0.5,2.5,0.4382947050859443
2,2242,0.2,0.5,2.5,0.22832245670528037
2,2243,0.2,0.5,2.5,0.4333997351993259
2,2244,0.2,0.5,2.5,0.1881323869448485
2,2245,0.2,0.5,2.5,1.19850748080331
2,2246,0.2,0.5,2.5,1.0915836869776265
2,2247,0.2,0.5,2.5,0.9830276986180201
2,2248,0.2,0.5,2.5,0.5200791109054369
2,2249,0.2,0.5,2.5,0.06436086271133999
2,2250,0.2,0.5,2.5,0.7918147545529762
2,2251,0.2,0.5,2.5,0.18289258350062768
2,2252,0.2,0.5,2.5,1.444121440675553
2,2253,0.2,0.5,2.5,0.35341070795732715
2,2254,0.2,0.5,2.5,0.011368992346206556
2,2255,0.2,0.5,2.5,0.12945687335745576
2,2256,0.2,0.5,2.5,0.2305883660782809
2,2257,0.2,0.5,2.5,1.5242054821378623
2,2258,0.2,0.5,2.5,0.38616650375502176
2,2259,0.2,0.5,2.5,0.5960170392677506
2,2260,0.2,0.5,2.5,0.7559020273236756
2,2261,0.2,0.5,2.5,0.36400995738163455
2,2262,0.2,0.5,2.5,0.5098234772020939
2,2263,0.2,0.5,2.5,0.9932989796241087
2,2264,0.2,0.5,2.5,0.4963790597919125
2,2265,0.2,0.5,2.5,0.6888650095992149
2,2266,0.2,0.5,2.5,0.5534117723163836
2,2267,0.2,0.5,2.5,1.0024964713887532
2,2268,0.2,0.5,2.5,0.2436896440688391
2,2269,0.2,0.5,2.5,0.4968761647113912
2,2270,0.2,0.5,2.5,0.4724867257869122
2,2271,0.2,0.5,2.5,1.1769917958744818
2,2272,0.2,0.5,2.5,0.3320995934811783
2,2273,0.2,0.5,2.5,0.25308429736207555
2,2274,0.2,0.5,2.5,0.44994787818370213
2,2275,0.2,0.5,2.5,0.9362523932462857
2,2276,0.2,0.5,2.5,0.46843746737049363
2,2277,0.2,0.5,2.5,0.48377912181217614
2,2278,0.2,0.5,2.5,0.28173244362335265
2,2279,0.2,0.5,2.5,0.4681926190206323
2,2280,0.2,0.5,2.5,1.0664825372496218
2,2281,0.2,0.5,2.5,0.695759252192045
2,2282,0.2,0.5,2.5,0.7017142460969639
2,2283,0.2,0.5,2.5,0.6363971255451762
2,2284,0.2,0.5,2.5,0.09429541120243183
2,2285,0.2,0.5,2.5,1.4747896505269353
2,2286,0.2,0.5,2.5,0.8047583078633074
2,2287,0.2,0.5,2.5,0.7392425519195025
2,2288,0.2,0.5,2.5,0.6665641860448527
2,2289,0.2,0.5,2.5,0.9741646428447065
2,2290,0.2,0.5,2.5,0.8527508017935024
2,2291,0.2,0.5,2.5,0.5511588475235749
2,2292,0.2,0.5,2.5,0.5667085819359893
2,2293,0.2,0.5,2.5,0.6541497413780729
2,2294,0.2,0.5,2.5,0.8477445780459825
2,2295,0.2,0.5,2.5,0.8576057669607686
2,2296,0.2,0.5,2.5,0.4919065952121606
2,2297,0.2,0.5,2.5,0.26233709610638706
2,2298,0.2,0.5,2.5,0.048723218862904
2,2299,0.2,0.5,2.5,1.2115917253681319
2,2300,0.2,0.5,2.5,0.953779008504697
2,2301,0.2,0.5,2.5,0.8336721452140311
2,2302,0.2,0.5,2.5,1.045723834326401
2,2303,0.2,0.5,2.5,0.29584201483318473
2,2304,0.2,0.5,2.5,1.4992891395977714
2,2305,0.2,0.5,2.5,0.7208354540393807
2,2306,0.2,0.5,2.5,0.4798605805221142
2,2307,0.2,0.5,2.5,0.4381337738041074
2,2308,0.2,0.5,2.5,0.457046159142069
2,2309,0.2,0.5,2.5,0.8397355991024971
2,2310,0.2,0.5,2.5,1.0257334598775651
2,2311,0.2,0.5,2.5,0.5017245805055691
2,2312,0.2,0.5,2.5,0.3934222181192991
2,2313,0.2,0.5,2.5,0.12620929610672466
2,2314,0.2,0.5,2.5,1.1038398468168038
2,2315,0.2,0.5,2.5,1.0345185670949724
2,2316,0.2,0.5,2.5,0.4810043795629436
2,2317,0.2,0.5,2.5,1.524490177967531
2,2318,0.2,0.5,2.5,0.4348822408004838
2,2319,0.2,0.5,2.5,0.3541337491997925
2,2320,0.2,0.5,2.5,0.42566531941558905
2,2321,0.2,0.5,2.5,0.3923809424430136
2,2322,0.2,0.5,2.5,1.0330421972404467
2,2323,0.2,0.5,2.5,1.391031276782618
2,2324,0.2,0.5,2.5,0.42884451341317575
2,2325,0.2,0.5,2.5,0.15301646789520498
2,2326,0.2,0.5,2.5,0.2892855189104833
2,2327,0.2,0.5,2.5,0.5612625268004556
2,2328,0.2,0.5,2.5,0.4817187610990933
2,2329,0.2,0.5,2.5,0.8802493490133959
2,2330,0.2,0.5,2.5,0.5985326010321637
2,2331,0.2,0.5,2.5,0.39838978262464897
2,2332,0.2,0.5,2.5,0.7792554469706999
2,2333,0.2,0.5,2.5,0.4352312142806344
2,2334,0.2,0.5,2.5,0.5254612979262947
2,2335,0.2,0.5,2.5,0.3251662264807363
2,2336,0.2,0.5,2.5,0.5400033974185929
2,2337,0.2,0.5,2.5,0.6337313176271773
2,2338,0.2,0.5,2.5,1.0513827330750596
2,2339,0.2,0.5,2.5,0.745018424375821
2,2340,0.2,0.5,2.5,0.9768978256214708
2,2341,0.2,0.5,2.5,0.6249300927220085
2,2342,0.2,0.5,2.5,0.7759265928493195
2,2343,0.2,0.5,2.5,0.3250976816885545
2,2344,0.2,0.5,2.5,0.9912013096155178
2,2345,0.2,0.5,2.5,0.48006587545953183
2,2346,0.2,0.5,2.5,0.7435947741981215
2,2347,0.2,0.5,2.5,0.3566822351190987
2,2348,0.2,0.5,2.5,0.3414796073859396
2,2349,0.2,0.5,2.5,0.5453810560639208
2,2350,0.2,0.5,2.5,0.3314069874287006
2,2351,0.2,0.5,2.5,0.5323750477887923
2,2352,0.2,0.5,2.5,0.7482392870595499
2,2353,0.2,0.5,2.5,1.2417570843578758
2,2354,0.2,0.5,2.5,0.1255065513965452
2,2355,0.2,0.5,2.5,0.6450260618781288
2,2356,0.2,0.5,2.5,0.8593919570494589
2,2357,0.2,0.5,2.5,0.8095426543608989
2,2358,0.2,0.5,2.5,0.46261320132726147
2,2359,0.2,0.5,2.5,0.5308230645961315
2,2360,0.2,0.5,2.5,0.15523298627884466
2,2361,0.2,0.5,2.5,0.6383408366401319
2,2362,0.2,0.5,2.5,0.5492983037507957
2,2363,0.2,0.5,2.5,0.36972491496816473
2,2364,0.2,0.5,2.5,0.8451875005543728
2,2365,0.2,0.5,2.5,0.2902428671317128
2,2366,0.2,0.5,2.5,0.48082337821317245
2,2367,0.2,0.5,2.5,0.8354685471292844
2,2368,0.2,0.5,2.5,0.9163400326590788
2,2369,0.2,0.5,2.5,0.8649277199406609
2,2370,0.2,0.5,2.5,0.5136496085886253
2,2371,0.2,0.5,2.5,0.46412270337841605
2,2372,0.2,0.5,2.5,0.45457003438635485
2,2373,0.2,0.5,2.5,0.29811347997772325
2,2374,0.2,0.5,2.5,0.33656577899579354
2,2375,0.2,0.5,2.5,0.8026736705269784
2,2376,0.2,0.5,2.5,0.35465631872023357
2,2377,0.2,0.5,2.5,1.3200665213921676
2,2378,0.2,0.5,2.5,0.985204067019121
2,2379,0.2,0.5,2.5,1.252430372456931
2,2380,0.2,0.5,2.5,0.35084649480196134
2,2381,0.2,0.5,2.5,0.5651058831620716
2,2382,0.2,0.5,2.5,0.3064502539919285
2,2383,0.2,0.5,2.5,0.6210531777943313
2,2384,0.2,0.5,2.5,0.48312317065490107
2,2385,0.2,0.5,2.5,0.27034944355908447
2,2386,0.2,0.5,2.5,0.6514325536655438
2,2387,0.2,0.5,2.5,0.738404527822775
2,2388,0.2,0.5,2.5,1.1523079744136233
2,2389,0.2,0.5,2.5,1.2248741115162
2,2390,0.2,0.5,2.5,0.37322712043473544
2,2391,0.2,0.5,2.5,1.0949104788514858
2,2392,0.2,0.5,2.5,0.42631380261914376
2,2393,0.2,0.5,2.5,0.6508417751790788
2,2394,0.2,0.5,2.5,0.49789040812009844
2,2395,0.2,0.5,2.5,0.8302919575353597
2,2396,0.2,0.5,2.5,0.28554797103806834
2,2397,0.2,0.5,2.5,0.8366130835631581
2,2398,0.2,0.5,2.5,0.3490772358007311
2,2399,0.2,0.5,2.5,0.18557394871287286
2,2400,0.2,0.5,2.5,0.6964518940509373
2,2401,0.2,0.5,2.5,0.266424088139879
2,2402,0.2,0.5,2.5,1.0136610100811783
2,2403,0.2,0.5,2.5,0.9375960135430943
2,2404,0.2,0.5,2.5,1.370706661201674
2,2405,0.2,0.5,2.5,0.4674865760233536
2,2406,0.2,0.5,2.5,0.8549946786705962
2,2407,0.2,0.5,2.5,0.7802000404558929
2,2408,0.2,0.5,2.5,0.6700501011870941
2,2409,0.2,0.5,2.5,0.9738301057894234
2,2410,0.2,0.5,2.5,0.8520103628028706
2,2411,0.2,0.5,2.5,1.1377440469462294
2,2412,0.2,0.5,2.5,0.44693484907995285
2,2413,0.2,0.5,2.5,1.0202412662708054
2,2414,0.2,0.5,2.5,0.42077739974585215
2,2415,0.2,0.5,2.5,0.41355613132728813
2,2416,0.2,0.5,2.5,0.16246165244732405
2,2417,0.2,0.5,2.5,1.5822178321601066
2,2418,0.2,0.5,2.5,0.540150070056456
2,2419,0.2,0.5,2.5,0.7138504343359451
2,2420,0.2,0.5,2.5,0.8095957085376356
2,2421,0.2,0.5,2.5,1.0199133993231142
2,2422,0.2,0.5,2.5,0.6186102258006104
2,2423,0.2,0.5,2.5,0.5271330923196449
2,2424,0.2,0.5,2.5,0.5402935544803358
2,2425,0.2,0.5,2.5,0.9827106572808676
2,2426,0.2,0.5,2.5,0.21353962791046657
2,2427,0.2,0.5,2.5,0.5009577426646155
2,2428,0.2,0.5,2.5,0.8855025933051301
2,2429,0.2,0.5,2.5,0.8343163842221484
2,2430,0.2,0.5,2.5,0.7354201637440732
2,2431,0.2,0.5,2.5,0.6632161812132609
2,2432,0.2,0.5,2.5,0.2741657430497839
2,2433,0.2,0.5,2.5,1.3509312463020244
2,2434,0.2,0.5,2.5,0.3467484265386082
2,2435,0.2,0.5,2.5,0.18043132395682326
2,2436,0.2,0.5,2.5,0.2107619269941112
2,2437,0.2,0.5,2.5,0.47528804340513914
2,2438,0.2,0.5,2.5,0.14279702618571566
2,2439,0.2,0.5,2.5,0.3689243781625742
2,2440,0.2,0.5,2.5,0.2070159625139729
2,2441,0.2,0.5,2.5,0.3962118015597974
2,2442,0.2,0.5,2.5,0.5689083012025555
2,2443,0.2,0.5,2.5,0.4708264268739551
2,2444,0.2,0.5,2.5,1.255610573877265
2,2445,0.2,0.5,2.5,0.7459933090635539
2,2446,0.2,0.5,2.5,0.5759786293535222
2,2447,0.2,0.5,2.5,0.7064336306926672
2,2448,0.2,0.5,2.5,0.8298266210183521
2,2449,0.2,0.5,2.5,0.35483792991610763
2,2450,0.2,0.5,2.5,0.5305694643707627
2,2451,0.2,0.5,2.5,0.9459513588742161
2,2452,0.2,0.5,2.5,0.43306665412753736
2,2453,0.2,0.5,2.5,0.7075512639195732
2,2454,0.2,0.5,2.5,0.5326337407134427
2,2455,0.2,0.5,2.5,0.6488108660558685
2,2456,0.2,0.5,2.5,0.543355275986305
2,2457,0.2,0.5,2.5,1.3878192988323266
2,2458,0.2,0.5,2.5,0.7199816890031737
2,2459,0.2,0.5,2.5,1.147158663765634
2,2460,0.2,0.5,2.5,0.8014098563489774
2,2461,0.2,0.5,2.5,0.5129994625682425
2,2462,0.2,0.5,2.5,0.49714997538106986
2,2463,0.2,0.5,2.5,0.7220680747444954
2,2464,0.2,0.5,2.5,1.618226101228334
2,2465,0.2,0.5,2.5,0.9912070986639765
2,2466,0.2,0.5,2.5,0.4054730014279301
2,2467,0.2,0.5,2.5,0.8924056043531455
2,2468,0.2,0.5,2.5,0.25782283269273304
2,2469,0.2,0.5,2.5,0.6492757596814148
2,2470,0.2,0.5,2.5,0.8600681633374487
2,2471,0.2,0.5,2.5,0.546407220019993
2,2472,0.2,0.5,2.5,0.19527511611902157
2,2473,0.2,0.5,2.5,0.2306360735773666
2,2474,0.2,0.5,2.5,0.9649438294995736
2,2475,0.2,0.5,2.5,0.7014397535573507
2,2476,0.2,0.5,2.5,0.4980925336856677
2,2477,0.2,0.5,2.5,0.6374189946826604
2,2478,0.2,0.5,2.5,0.7763080289732152
2,2479,0.2,0.5,2.5,0.19744112088566965
2,2480,0.2,0.5,2.5,1.4728368330936563
2,2481,0.2,0.5,2.5,0.7014609207409028
2,2482,0.2,0.5,2.5,0.15967128100322953
2,2483,0.2,0.5,2.5,0.38436653234605034
2,2484,0.2,0.5,2.5,0.5063885209108854
2,2485,0.2,0.5,2.5,0.6914408755588877
2,2486,0.2,0.5,2.5,0.6556767852265144
2,2487,0.2,0.5,2.5,0.5432518313294818
2,2488,0.2,0.5,2.5,1.221224958706041
2,2489,0.2,0.5,2.5,1.4014015274759368
2,2490,0.2,0.5,2.5,1.1126033826659676
2,2491,0.2,0.5,2.5,0.6955793492248222
2,2492,0.2,0.5,2.5,1.0629102767281804
2,2493,0.2,0.5,2.5,1.7762567655401567
2,2494,0.2,0.5,2.5,1.2733830619477373
2,2495,0.2,0.5,2.5,0.7070755734974872
2,2496,0.2,0.5,2.5,0.6367193111044981
2,2497,0.2,0.5,2.5,1.0334631112453994
2,2498,0.2,0.5,2.5,0.28759006509627794
2,2499,0.2,0.5,2.5,0.20694207006047502
2,2500,0.2,0.5,2.5,0.41883362275161706
2,2501,0.2,0.5,2.5,0.7313718751239556
2,2502,0.2,0.5,2.5,0.814405350604301
2,2503,0.2,0.5,2.5,0.17941920664890582
2,2504,0.2,0.5,2.5,0.3134025842519947
2,2505,0.2,0.5,2.5,0.6816092372484348
2,2506,0.2,0.5,2.5,0.9322117046179497
2,2507,0.2,0.5,2.5,0.7929661061045911
2,2508,0.2,0.5,2.5,0.9461358035375214
2,2509,0.2,0.5,2.5,1.4173200953683398
2,2510,0.2,0.5,2.5,0.5969063782247686
2,2511,0.2,0.5,2.5,0.3214499852205671
2,2512,0.2,0.5,2.5,0.4760116484529319
2,2513,0.2,0.5,2.5,0.30655412972925566
2,2514,0.2,0.5,2.5,0.6481338256841133
2,2515,0.2,0.5,2.5,1.3139541283326557
2,2516,0.2,0.5,2.5,0.5157516787061265
2,2517,0.2,0.5,2.5,0.8550758921977372
2,2518,0.2,0.5,2.5,0.9416435285393605
2,2519,0.2,0.5,2.5,0.7414206441574475
2,2520,0.2,0.5,2.5,0.9228561077922178
2,2521,0.2,0.5,2.5,0.37457734374265456
2,2522,0.2,0.5,2.5,0.48649231644980173
2,2523,0.2,0.5,2.5,0.7091154508859234
2,2524,0.2,0.5,2.5,0.26486357376489966
2,2525,0.2,0.5,2.5,0.22910932191868083
2,2526,0.2,0.5,2.5,0.6831384400329275
2,2527,0.2,0.5,2.5,1.0991090435190867
2,2528,0.2,0.5,2.5,1.3992361909554534
2,2529,0.2,0.5,2.5,0.4959493356327811
2,2530,0.2,0.5,2.5,0.18050400119371132
2,2531,0.2,0.5,2.5,1.6034378468656663
2,2532,0.2,0.5,2.5,0.5886668327917446
2,2533,0.2,0.5,2.5,0.1578553400127382
2,2534,0.2,0.5,2.5,0.1826487399276004
2,2535,0.2,0.5,2.5,0.22892418746104196
2,2536,0.2,0.5,2.5,0.7948290553417824
2,2537,0.2,0.5,2.5,0.9528812258560678
2,2538,0.2,0.5,2.5,0.839152406262264
2,2539,0.2,0.5,2.5,0.9647601220441043
2,2540,0.2,0.5,2.5,1.1038721462790857
2,2541,0.2,0.5,2.5,0.5175641640005639
2,2542,0.2,0.5,2.5,0.7982381954516726
2,2543,0.2,0.5,2.5,0.3506253324673683
2,2544,0.2,0.5,2.5,0.8835236298097559
2,2545,0.2,0.5,2.5,0.7069948102108548
2,2546,0.2,0.5,2.5,0.6152229788406146
2,2547,0.2,0.5,2.5,0.6919754809778691
2,2548,0.2,0.5,2.5,0.0694912297509744
2,2549,0.2,0.5,2.5,0.36639024531863096
2,2550,0.2,0.5,2.5,0.5315712124178875
2,2551,0.2,0.5,2.5,0.4507737011458545
2,2552,0.2,0.5,2.5,0.6057162421883467
2,2553,0.2,0.5,2.5,0.7852112420477088
2,2554,0.2,0.5,2.5,0.3721480187425809
2,2555,0.2,0.5,2.5,0.35876233844838057
2,2556,0.2,0.5,2.5,0.6456972451158073
2,2557,0.2,0.5,2.5,0.7836048604669671
2,2558,0.2,0.5,2.5,0.7047139950389493
2,2559,0.2,0.5,2.5,0.9045649071692247
2,2560,0.2,0.5,2.5,1.2526736256569848
2,2561,0.2,0.5,2.5,1.1863949476087061
2,2562,0.2,0.5,2.5,0.2707613412479359
2,2563,0.2,0.5,2.5,0.5143656460254316
2,2564,0.2,0.5,2.5,1.152036124308063
2,2565,0.2,0.5,2.5,1.2212794037041914
2,2566,0.2,0.5,2.5,0.8891886385864365
2,2567,0.2,0.5,2.5,0.5739049887055881
2,2568,0.2,0.5,2.5,0.6235890691345931
2,2569,0.2,0.5,2.5,0.4344333945070205
2,2570,0.2,0.5,2.5,0.8007995782668142
2,2571,0.2,0.5,2.5,0.45739429744658056
2,2572,0.2,0.5,2.5,0.7223024339141946
2,2573,0.2,0.5,2.5,1.103103763639546
2,2574,0.2,0.5,2.5,1.2936715960437364
2,2575,0.2,0.5,2.5,1.0513367361047723
2,2576,0.2,0.5,2.5,0.48175819003495607
2,2577,0.2,0.5,2.5,1.1502506368206047
2,2578,0.2,0.5,2.5,0.2917551538310105
2,2579,0.2,0.5,2.5,0.37411654029507274
2,2580,0.2,0.5,2.5,0.6716277962494838
2,2581,0.2,0.5,2.5,0.3898247533026322
2,2582,0.2,0.5,2.5,0.7761838832498233
2,2583,0.2,0.5,2.5,0.8144776769211456
2,2584,0.2,0.5,2.5,0.9045162608007784
2,2585,0.2,0.5,2.5,0.07531135407004275
2,2586,0.2,0.5,2.5,0.671864321319034
2,2587,0.2,0.5,2.5,0.6270650827212527
2,2588,0.2,0.5,2.5,0.29803306047842915
2,2589,0.2,0.5,2.5,0.6265831973428839
2,2590,0.2,0.5,2.5,0.5460195779498795
2,2591,0.2,0.5,2.5,0.13885682242615754
2,2592,0.2,0.5,2.5,0.46784574196157247
2,2593,0.2,0.5,2.5,0.7064099315973025
2,2594,0.2,0.5,2.5,0.17746058006149296
2,2595,0.2,0.5,2.5,0.8236990144105598
2,2596,0.2,0.5,2.5,0.8164149384789278
2,2597,0.2,0.5,2.5,0.31483778686874786
2,2598,0.2,0.5,2.5,0.9720031243469509
2,2599,0.2,0.5,2.5,0.607583244658877
2,2600,0.2,0.5,2.5,0.7923187525725284
2,2601,0.2,0.5,2.5,0.6905208622794916
2,2602,0.2,0.5,2.5,0.5339437608142816
2,2603,0.2,0.5,2.5,0.5460764477797668
2,2604,0.2,0.5,2.5,0.8080069959241027
2,2605,0.2,0.5,2.5,1.175658625150554
2,2606,0.2,0.5,2.5,0.965461450649747
2,2607,0.2,0.5,2.5,1.0186574985870263
2,2608,0.2,0.5,2.5,0.42593465720777346
2,2609,0.2,0.5,2.5,0.18443146959279363
2,2610,0.2,0.5,2.5,0.8417087506486481
2,2611,0.2,0.5,2.5,0.3260344871472116
2,2612,0.2,0.5,2.5,0.5884452360073049
2,2613,0.2,0.5,2.5,0.5987369317643073
2,2614,0.2,0.5,2.5,0.559007455270072
2,2615,0.2,0.5,2.5,0.055343939324624364
2,2616,0.2,0.5,2.5,0.7330369019004108
2,2617,0.2,0.5,2.5,0.6628246098350974
2,2618,0.2,0.5,2.5,0.39403380838141727
2,2619,0.2,0.5,2.5,1.0510343113590566
2,2620,0.2,0.5,2.5,0.5673063365490683
2,2621,0.2,0.5,2.5,0.7353212367059149
2,2622,0.2,0.5,2.5,0.6774417015710988
2,2623,0.2,0.5,2.5,1.180588338194886
2,2624,0.2,0.5,2.5,1.5628611342419405
2,2625,0.2,0.5,2.5,0.3574381887809949
2,2626,0.2,0.5,2.5,0.6976020247041793
2,2627,0.2,0.5,2.5,0.47522421907960444
2,2628,0.2,0.5,2.5,1.3844638439664558
2,2629,0.2,0.5,2.5,0.5427777382443237
2,2630,0.2,0.5,2.5,0.5059810773196067
2,2631,0.2,0.5,2.5,0.6608264894538811
2,2632,0.2,0.5,2.5,0.9756880599493218
2,2633,0.2,0.5,2.5,1.0405804864839747
2,2634,0.2,0.5,2.5,1.1544954771692453
2,2635,0.2,0.5,2.5,0.21722323690267853
2,2636,0.2,0.5,2.5,0.8551700345913682
2,2637,0.2,0.5,2.5,0.5750485802390711
2,2638,0.2,0.5,2.5,0.25033278791445696
2,2639,0.2,0.5,2.5,1.0542774592322632
2,2640,0.2,0.5,2.5,0.31063888892229047
2,2641,0.2,0.5,2.5,0.5282873542701502
2,2642,0.2,0.5,2.5,1.0539704079543708
2,2643,0.2,0.5,2.5,0.4410046585125485
2,2644,0.2,0.5,2.5,0.6012759130148796
2,2645,0.2,0.5,2.5,0.31354985070037994
2,2646,0.2,0.5,2.5,0.23256479297473573
2,2647,0.2,0.5,2.5,0.8662286040516248
2,2648,0.2,0.5,2.5,0.6813852637121383
2,2649,0.2,0.5,2.5,0.40109601052700944
2,2650,0.2,0.5,2.5,0.7788628540198789
2,2651,0.2,0.5,2.5,0.14071650643569572
2,2652,0.2,0.5,2.5,1.129813689984899
2,2653,0.2,0.5,2.5,0.26829472037982394
2,2654,0.2,0.5,2.5,0.7913644600543851
2,2655,0.2,0.5,2.5,0.17873014097492954
2,2656,0.2,0.5,2.5,1.5176889038253978
2,2657,0.2,0.5,2.5,0.46757759176223807
2,2658,0.2,0.5,2.5,0.6316307143901746
2,2659,0.2,0.5,2.5,0.7034367343663539
2,2660,0.2,0.5,2.5,0.925982815008097
2,2661,0.2,0.5,2.5,0.29126702829036577
2,2662,0.2,0.5,2.5,0.6021378414573706
2,2663,0.2,0.5,2.5,0.930446347668699
2,2664,0.2,0.5,2.5,0.7695485189737258
2,2665,0.2,0.5,2.5,1.561898745553556
2,2666,0.2,0.5,2.5,0.17417226642900352
2,2667,0.2,0.5,2.5,0.7026405326324651
2,2668,0.2,0.5,2.5,0.679906416532578
2,2669,0.2,0.5,2.5,0.6433534599185551
2,2670,0.2,0.5,2.5,0.2679705729066031
2,2671,0.2,0.5,2.5,0.5262806104821185
2,2672,0.2,0.5,2.5,0.7217558491744404
2,2673,0.2,0.5,2.5,0.2292418673190103
2,2674,0.2,0.5,2.5,0.4309281678433421
2,2675,0.2,0.5,2.5,1.1188254327688651
2,2676,0.2,0.5,2.5,0.4450585797354619
2,2677,0.2,0.5,2.5,0.6949261764567018
2,2678,0.2,0.5,2.5,0.8461644225733562
2,2679,0.2,0.5,2.5,0.49332458591098854
2,2680,0.2,0.5,2.5,1.0095751471443093
2,2681,0.2,0.5,2.5,0.2663104542989399
2,2682,0.2,0.5,2.5,0.20974042909385268
2,2683,0.2,0.5,2.5,0.7764487512741869
2,2684,0.2,0.5,2.5,0.49252281997662595
2,2685,0.2,0.5,2.5,0.9807881679456574
2,2686,0.2,0.5,2.5,0.5549971360646768
2,2687,0.2,0.5,2.5,0.2846786677096176
2,2688,0.2,0.5,2.5,0.5600411786946606
2,2689,0.2,0.5,2.5,0.8299790019457844
2,2690,0.2,0.5,2.5,0.056630391066337125
2,2691,0.2,0.5,2.5,0.5934357773522501
2,2692,0.2,0.5,2.5,0.4872795757426757
2,2693,0.2,0.5,2.5,0.6871158494887388
2,2694,0.2,0.5,2.5,0.16957221188948665
2,2695,0.2,0.5,2.5,0.8609640892793486
2,2696,0.2,0.5,2.5,0.2378595913408234
2,2697,0.2,0.5,2.5,0.2256528976680586
2,2698,0.2,0.5,2.5,0.9146516756209543
2,2699,0.2,0.5,2.5,0.5801325618622458
2,2700,0.2,0.5,2.5,0.7268673750948014
2,2701,0.2,0.5,2.5,0.8204320606624461
2,2702,0.2,0.5,2.5,1.3972324347688818
2,2703,0.2,0.5,2.5,0.22997913804083575
2,2704,0.2,0.5,2.5,0.8807646737281303
2,2705,0.2,0.5,2.5,1.4253616208455795
2,2706,0.2,0.5,2.5,0.5582218146608805
2,2707,0.2,0.5,2.5,0.9912332006470046
2,2708,0.2,0.5,2.5,1.045919479109728
2,2709,0.2,0.5,2.5,0.513281458560481
2,2710,0.2,0.5,2.5,0.9408010771275276
2,2711,0.2,0.5,2.5,0.7069322877032446
2,2712,0.2,0.5,2.5,0.9648613977075865
2,2713,0.2,0.5,2.5,0.17458678854515297
2,2714,0.2,0.5,2.5,0.7489544224601171
2,2715,0.2,0.5,2.5,0.9046341263492091
2,2716,0.2,0.5,2.5,1.0021899089465534
2,2717,0.2,0.5,2.5,0.5327433939567099
2,2718,0.2,0.5,2.5,0.5680819460937558
2,2719,0.2,0.5,2.5,0.12222210417208279
2,2720,0.2,0.5,2.5,1.0967783188582871
2,2721,0.2,0.5,2.5,0.6218316775639984
2,2722,0.2,0.5,2.5,1.1830444359816157
2,2723,0.2,0.5,2.5,0.5540518292610362
2,2724,0.2,0.5,2.5,0.750372657763403
2,2725,0.2,0.5,2.5,0.7137459577869966
2,2726,0.2,0.5,2.5,0.6816600551595056
2,2727,0.2,0.5,2.5,0.5884321862685663
2,2728,0.2,0.5,2.5,0.5457031465250072
2,2729,0.2,0.5,2.5,1.2923504924445943
2,2730,0.2,0.5,2.5,0.39811024813395174
2,2731,0.2,0.5,2.5,0.5661127652998982
2,2732,0.2,0.5,2.5,0.4514182590803283
2,2733,0.2,0.5,2.5,0.4601802331244445
2,2734,0.2,0.5,2.5,0.46239941993274436
2,2735,0.2,0.5,2.5,0.5871029581403054
2,2736,0.2,0.5,2.5,0.8952038445539081
2,2737,0.2,0.5,2.5,0.7605943244019187
2,2738,0.2,0.5,2.5,0.49052555912578943
2,2739,0.2,0.5,2.5,0.26703811995725957
2,2740,0.2,0.5,2.5,0.8463473405088962
2,2741,0.2,0.5,2.5,0.7340732556729616
2,2742,0.2,0.5,2.5,0.7394796374856653
2,2743,0.2,0.5,2.5,0.2911688551793721
2,2744,0.2,0.5,2.5,0.7171568722538193
2,2745,0.2,0.5,2.5,0.5119093768739369
2,2746,0.2,0.5,2.5,0.9866900159942856
2,2747,0.2,0.5,2.5,0.31641421704004496
2,2748,0.2,0.5,2.5,0.48044974284009706
2,2749,0.2,0.5,2.5,0.6183850249379047
2,2750,0.2,0.5,2.5,0.28158341586031743
2,2751,0.2,0.5,2.5,0.37181394734790435
2,2752,0.2,0.5,2.5,0.5646070024413365
2,2753,0.2,0.5,2.5,0.33303347058507005
2,2754,0.2,0.5,2.5,1.3986249213250532
2,2755,0.2,0.5,2.5,0.4402911301342184
2,2756,0.2,0.5,2.5,0.5088601013791025
2,2757,0.2,0.5,2.5,0.9849427086001581
2,2758,0.2,0.5,2.5,0.6629100665181805
2,2759,0.2,0.5,2.5,0.2745248475405578
2,2760,0.2,0.5,2.5,0.517603885384431
2,2761,0.2,0.5,2.5,0.47932801192791036
2,2762,0.2,0.5,2.5,0.32850911452850046
2,2763,0.2,0.5,2.5,0.04643316052727785
2,2764,0.2,0.5,2.5,0.7478958535042466
2,2765,0.2,0.5,2.5,0.08763496013982842
2,2766,0.2,0.5,2.5,1.180541921704
2,2767,0.2,0.5,2.5,0.4715380281319212
2,2768,0.2,0.5,2.5,0.5209448105493343
2,2769,0.2,0.5,2.5,1.1039151107416532
2,2770,0.2,0.5,2.5,0.4420898012223667
2,2771,0.2,0.5,2.5,0.15265224797516153
2,2772,0.2,0.5,2.5,1.1087970767174626
2,2773,0.2,0.5,2.5,0.195540708023947
2,2774,0.2,0.5,2.5,1.0225373835524139
2,2775,0.2,0.5,2.5,0.20216954511150076
2,2776,0.2,0.5,2.5,0.4080474029875476
2,2777,0.2,0.5,2.5,1.0459696848500382
2,2778,0.2,0.5,2.5,0.351959611117576
2,2779,0.2,0.5,2.5,0.8024823031388091
2,2780,0.2,0.5,2.5,0.7564926768213427
2,2781,0.2,0.5,2.5,0.640035686338353
2,2782,0.2,0.5,2.5,1.172576272955866
2,2783,0.2,0.5,2.5,1.0951960114520911
2,2784,0.2,0.5,2.5,0.49895185351103194
2,2785,0.2,0.5,2.5,0.6040189125847937
2,2786,0.2,0.5,2.5,0.5460407750292154
2,2787,0.2,0.5,2.5,0.48993478931109313
2,2788,0.2,0.5,2.5,0.6017207906201669
2,2789,0.2,0.5,2.5,0.4609739403357073
2,2790,0.2,0.5,2.5,0.5080414839773474
2,2791,0.2,0.5,2.5,1.7597906250023923
2,2792,0.2,0.5,2.5,0.7500309728107858
2,2793,0.2,0.5,2.5,0.9607948823098044
2,2794,0.2,0.5,2.5,1.8607216758039415
2,2795,0.2,0.5,2.5,0.5337096798516652
2,2796,0.2,0.5,2.5,1.0729845313275355
2,2797,0.2,0.5,2.5,0.6611342513229574
2,2798,0.2,0.5,2.5,0.6813270732499797
2,2799,0.2,0.5,2.5,0.5237485607268
2,2800,0.2,0.5,2.5,1.0045074037488524
2,2801,0.2,0.5,2.5,0.9694326019632021
2,2802,0.2,0.5,2.5,0.5476795731790076
2,2803,0.2,0.5,2.5,0.39178710799882654
2,2804,0.2,0.5,2.5,0.7384803541284521
2,2805,0.2,0.5,2.5,0.3496674159005916
2,2806,0.2,0.5,2.5,0.726027845471319
2,2807,0.2,0.5,2.5,0.6113120137378291
2,2808,0.2,0.5,2.5,0.5594908693941816
2,2809,0.2,0.5,2.5,0.3455706793988647
2,2810,0.2,0.5,2.5,0.2587141739670362
2,2811,0.2,0.5,2.5,0.5245120542774105
2,2812,0.2,0.5,2.5,1.0120263226779218
2,2813,0.2,0.5,2.5,0.6964423732885922
2,2814,0.2,0.5,2.5,0.8390060038655742
2,2815,0.2,0.5,2.5,0.5655649681145006
2,2816,0.2,0.5,2.5,0.05442111562953439
2,2817,0.2,0.5,2.5,0.8268430831768557
2,2818,0.2,0.5,2.5,0.7333632732306125
2,2819,0.2,0.5,2.5,0.42344726702394714
2,2820,0.2,0.5,2.5,0.709866577065907
2,2821,0.2,0.5,2.5,0.4011883722214963
2,2822,0.2,0.5,2.5,0.2130786465375253
2,2823,0.2,0.5,2.5,0.9684558750549107
2,2824,0.2,0.5,2.5,0.6404862639542188
2,2825,0.2,0.5,2.5,0.9109733538749388
2,2826,0.2,0.5,2.5,0.9179846076208137
2,2827,0.2,0.5,2.5,0.981267698767424
2,2828,0.2,0.5,2.5,1.5003887261489754
2,2829,0.2,0.5,2.5,0.3761550429603333
2,2830,0.2,0.5,2.5,1.2360256610662936
2,2831,0.2,0.5,2.5,1.3310098909182357
2,2832,0.2,0.5,2.5,0.34100452210960225
2,2833,0.2,0.5,2.5,0.31778335666557295
2,2834,0.2,0.5,2.5,0.6240095174830641
2,2835,0.2,0.5,2.5,0.3786586236151148
2,2836,0.2,0.5,2.5,0.48516814635337996
2,2837,0.2,0.5,2.5,0.35606238374160604
2,2838,0.2,0.5,2.5,0.839307388151097
2,2839,0.2,0.5,2.5,0.6727773204764033
2,2840,0.2,0.5,2.5,1.0393807683319496
2,2841,0.2,0.5,2.5,0.5344441666714358
2,2842,0.2,0.5,2.5,2.1368785803751242
2,2843,0.2,0.5,2.5,1.2187906465890554
2,2844,0.2,0.5,2.5,1.173088538134691
2,2845,0.2,0.5,2.5,0.5273284455730212
2,2846,0.2,0.5,2.5,0.8125320353548612
2,2847,0.2,0.5,2.5,0.9669462087579535
2,2848,0.2,0.5,2.5,0.6806852897016997
2,2849,0.2,0.5,2.5,1.1714151487977378
2,2850,0.2,0.5,2.5,0.9941969380248082
2,2851,0.2,0.5,2.5,0.5274159105286533
2,2852,0.2,0.5,2.5,0.3118673977402937
2,2853,0.2,0.5,2.5,0.5675636021603185
2,2854,0.2,0.5,2.5,0.5759708672773484
2,2855,0.2,0.5,2.5,1.7663637127305465
2,2856,0.2,0.5,2.5,0.42742640522195424
2,2857,0.2,0.5,2.5,0.08816193174916963
2,2858,0.2,0.5,2.5,0.5630481145142243
2,2859,0.2,0.5,2.5,0.6335447288798061
2,2860,0.2,0.5,2.5,0.08747075072005142
2,2861,0.2,0.5,2.5,0.6275272030035806
2,2862,0.2,0.5,2.5,0.45348691299125293
2,2863,0.2,0.5,2.5,0.5810505251994824
2,2864,0.2,0.5,2.5,1.087499965721796
2,2865,0.2,0.5,2.5,1.1271305567343894
2,2866,0.2,0.5,2.5,0.5979105395095131
2,2867,0.2,0.5,2.5,0.989808095845549
2,2868,0.2,0.5,2.5,0.25070870578244964
2,2869,0.2,0.5,2.5,0.5002262281002565
2,2870,0.2,0.5,2.5,0.47987883225957007
2,2871,0.2,0.5,2.5,0.18766240647177995
2,2872,0.2,0.5,2.5,0.9627199068626042
2,2873,0.2,0.5,2.5,0.7459304046549499
2,2874,0.2,0.5,2.5,0.9942260461399468
2,2875,0.2,0.5,2.5,0.6931432680329295
2,2876,0.2,0.5,2.5,0.21699521944806602
2,2877,0.2,0.5,2.5,0.710616909794127
2,2878,0.2,0.5,2.5,0.42979374741300375
2,2879,0.2,0.5,2.5,0.2627896192092696
2,2880,0.2,0.5,2.5,0.3360599587866532
2,2881,0.2,0.5,2.5,0.7929923256070224
2,2882,0.2,0.5,2.5,0.3144318247628409
2,2883,0.2,0.5,2.5,0.5669515652449726
2,2884,0.2,0.5,2.5,0.05852997167550154
2,2885,0.2,0.5,2.5,0.09798607441716356
2,2886,0.2,0.5,2.5,0.18434996869588716
2,2887,0.2,0.5,2.5,0.8664714869168875
2,2888,0.2,0.5,2.5,0.6096164183175279
2,2889,0.2,0.5,2.5,0.8466354426881939
2,2890,0.2,0.5,2.5,0.2740386138697179
2,2891,0.2,0.5,2.5,1.0655551110167027
2,2892,0.2,0.5,2.5,0.6062628478459782
2,2893,0.2,0.5,2.5,0.24205515050369997
2,2894,0.2,0.5,2.5,0.5454542148658863
2,2895,0.2,0.5,2.5,0.9767176367046132
2,2896,0.2,0.5,2.5,0.28548873229767113
2,2897,0.2,0.5,2.5,0.5103807356258862
2,2898,0.2,0.5,2.5,0.03939871787740618
2,2899,0.2,0.5,2.5,0.25399978305634835
2,2900,0.2,0.5,2.5,0.8989132920890993
2,2901,0.2,0.5,2.5,0.5994345632424783
2,2902,0.2,0.5,2.5,0.5972331413095393
2,2903,0.2,0.5,2.5,0.9408438977654304
2,2904,0.2,0.5,2.5,0.15628187252792572
2,2905,0.2,0.5,2.5,0.40904849635885426
2,2906,0.2,0.5,2.5,1.0838902159444406
2,2907,0.2,0.5,2.5,0.825494592718052
2,2908,0.2,0.5,2.5,0.046029538402529435
2,2909,0.2,0.5,2.5,0.2945083432473587
2,2910,0.2,0.5,2.5,0.3049632655651018
2,2911,0.2,0.5,2.5,0.5462686287774702
2,2912,0.2,0.5,2.5,0.3353284475577054
2,2913,0.2,0.5,2.5,0.882228099989833
2,2914,0.2,0.5,2.5,0.3595666067127828
2,2915,0.2,0.5,2.5,1.2449088307240448
2,2916,0.2,0.5,2.5,0.5159383732892656
2,2917,0.2,0.5,2.5,1.1910810766036821
2,2918,0.2,0.5,2.5,0.42242010366197275
2,2919,0.2,0.5,2.5,0.7705635244751298
2,2920,0.2,0.5,2.5,0.6874701806301918
2,2921,0.2,0.5,2.5,0.9917163064960433
2,2922,0.2,0.5,2.5,0.5505860947433906
2,2923,0.2,0.5,2.5,0.7852198319615444
2,2924,0.2,0.5,2.5,1.1147115125310092
2,2925,0.2,0.5,2.5,0.17743412999822716
2,2926,0.2,0.5,2.5,0.3080538985534733
2,2927,0.2,0.5,2.5,0.8683117860521259
2,2928,0.2,0.5,2.5,1.0475536389738789
2,2929,0.2,0.5,2.5,0.628146499882892
2,2930,0.2,0.5,2.5,0.05042269156032899
2,2931,0.2,0.5,2.5,0.993540315177445
2,2932,0.2,0.5,2.5,0.3004614256271495
2,2933,0.2,0.5,2.5,0.8078494905531801
2,2934,0.2,0.5,2.5,0.1766931064717427
2,2935,0.2,0.5,2.5,1.2690302518745018
2,2936,0.2,0.5,2.5,0.8257302602495774
2,2937,0.2,0.5,2.5,0.5819928458350314
2,2938,0.2,0.5,2.5,0.3532923484518462
2,2939,0.2,0.5,2.5,0.6233950446301281
2,2940,0.2,0.5,2.5,0.9456744046793523
2,2941,0.2,0.5,2.5,0.490194520000942
2,2942,0.2,0.5,2.5,0.41193344972620904
2,2943,0.2,0.5,2.5,0.8726906334340458
2,2944,0.2,0.5,2.5,0.5807095929210687
2,2945,0.2,0.5,2.5,0.6209663295471111
2,2946,0.2,0.5,2.5,1.0374569610642213
2,2947,0.2,0.5,2.5,0.5461705310013528
2,2948,0.2,0.5,2.5,0.45680320502127153
2,2949,0.2,0.5,2.5,0.1489985541676157
2,2950,0.2,0.5,2.5,0.6560357202132108
2,2951,0.2,0.5,2.5,0.493966159762439
2,2952,0.2,0.5,2.5,0.6509533439202188
2,2953,0.2,0.5,2.5,0.8768997058638209
2,2954,0.2,0.5,2.5,0.8894523984978089
2,2955,0.2,0.5,2.5,0.2821678982484355
2,2956,0.2,0.5,2.5,0.6499144710167097
2,2957,0.2,0.5,2.5,0.22157418124994122
2,2958,0.2,0.5,2.5,0.5652741799241207
2,2959,0.2,0.5,2.5,0.401828770760054
2,2960,0.2,0.5,2.5,0.8260447685126306
2,2961,0.2,0.5,2.5,0.7844866340921945
2,2962,0.2,0.5,2.5,0.1122641204443991
2,2963,0.2,0.5,2.5,1.0995663059390564
2,2964,0.2,0.5,2.5,0.38832983653587466
2,2965,0.2,0.5,2.5,1.218072927717284
2,2966,0.2,0.5,2.5,0.3991127036060826
2,2967,0.2,0.5,2.5,0.1963244332226824
2,2968,0.2,0.5,2.5,0.7450519664818707
2,2969,0.2,0.5,2.5,1.02734097458059
2,2970,0.2,0.5,2.5,0.40369363236721323
2,2971,0.2,0.5,2.5,0.5482792401852736
2,2972,0.2,0.5,2.5,0.8225902626630107
2,2973,0.2,0.5,2.5,0.60422585826295
2,2974,0.2,0.5,2.5,0.18068325183639755
2,2975,0.2,0.5,2.5,0.7493728616955468
2,2976,0.2,0.5,2.5,0.810139707250442
2,2977,0.2,0.5,2.5,1.185062405694897
2,2978,0.2,0.5,2.5,1.2005002502332212
2,2979,0.2,0.5,2.5,0.536200433702084
2,2980,0.2,0.5,2.5,0.6101110036593147
2,2981,0.2,0.5,2.5,0.13738316249600263
2,2982,0.2,0.5,2.5,0.8878172246309394
2,2983,0.2,0.5,2.5,0.3085673003127136
2,2984,0.2,0.5,2.5,0.8316415358556338
2,2985,0.2,0.5,2.5,0.32555407258731817
2,2986,0.2,0.5,2.5,0.5561248981321523
2,2987,0.2,0.5,2.5,0.07092431217315817
2,2988,0.2,0.5,2.5,0.8680724536281302
2,2989,0.2,0.5,2.5,0.5364825067271661
2,2990,0.2,0.5,2.5,0.2553412887755823
2,2991,0.2,0.5,2.5,0.893548629077397
2,2992,0.2,0.5,2.5,0.22806496616201655
2,2993,0.2,0.5,2.5,0.2838517850297195
2,2994,0.2,0.5,2.5,0.26034455205077234
2,2995,0.2,0.5,2.5,1.1131939095137307
2,2996,0.2,0.5,2.5,0.41521773185746735
2,2997,0.2,0.5,2.5,0.6840928895943358
2,2998,0.2,0.5,2.5,0.293470767836219
2,2999,0.2,0.5,2.5,1.4783405789656012
2,3000,0.2,0.5,2.5,0.5836656622626852
2,3001,0.2,0.5,2.5,0.7225351332049095
2,3002,0.2,0.5,2.5,0.9207092400618333
2,3003,0.2,0.5,2.5,0.1571612525051925
2,3004,0.2,0.5,2.5,0.4307511581330973
2,3005,0.2,0.5,2.5,1.0106212386972742
2,3006,0.2,0.5,2.5,0.270705187377178
2,3007,0.2,0.5,2.5,0.8921178560862268
2,3008,0.2,0.5,2.5,0.4055000382259881
2,3009,0.2,0.5,2.5,0.7460549771884303
2,3010,0.2,0.5,2.5,0.5464984615013887
2,3011,0.2,0.5,2.5,0.874929092408596
2,3012,0.2,0.5,2.5,1.2253990637270342
2,3013,0.2,0.5,2.5,0.1932696310697938
2,3014,0.2,0.5,2.5,0.7831515291950963
2,3015,0.2,0.5,2.5,0.554048696965497
2,3016,0.2,0.5,2.5,1.0833635920760265
2,3017,0.2,0.5,2.5,0.5860673903539654
2,3018,0.2,0.5,2.5,0.9792040128911769
2,3019,0.2,0.5,2.5,1.3454755732926582
2,3020,0.2,0.5,2.5,1.5549982249286478
2,3021,0.2,0.5,2.5,1.2399994273553323
2,3022,0.2,0.5,2.5,0.5197713930262352
2,3023,0.2,0.5,2.5,0.5324486933460904
2,3024,0.2,0.5,2.5,1.2049816008220486
2,3025,0.2,0.5,2.5,0.23825132879712552
2,3026,0.2,0.5,2.5,0.31179088673909616
2,3027,0.2,0.5,2.5,1.0986597827103204
2,3028,0.2,0.5,2.5,0.36026256683005814
2,3029,0.2,0.5,2.5,1.2069551887443575
2,3030,0.2,0.5,2.5,0.9372880495825435
2,3031,0.2,0.5,2.5,0.4334506458549575
2,3032,0.2,0.5,2.5,0.4064223948416147
2,3033,0.2,0.5,2.5,0.5040646551241458
2,3034,0.2,0.5,2.5,0.56788823412747
2,3035,0.2,0.5,2.5,0.744627369928688
2,3036,0.2,0.5,2.5,1.1067973667444833
2,3037,0.2,0.5,2.5,0.932318266421
2,3038,0.2,0.5,2.5,0.3838605732082012
2,3039,0.2,0.5,2.5,0.18339064036901806
2,3040,0.2,0.5,2.5,0.46688884557397153
2,3041,0.2,0.5,2.5,0.17551416588544747
2,3042,0.2,0.5,2.5,0.6872927148813933
2,3043,0.2,0.5,2.5,0.42484927490321267
2,3044,0.2,0.5,2.5,0.470866898806145
2,3045,0.2,0.5,2.5,1.3367027208005924
2,3046,0.2,0.5,2.5,0.3573493665317314
2,3047,0.2,0.5,2.5,0.8583771257706668
2,3048,0.2,0.5,2.5,1.3486461896099133
2,3049,0.2,0.5,2.5,1.0695168451571728
2,3050,0.2,0.5,2.5,1.032580017641417
2,3051,0.2,0.5,2.5,0.30757945710618145
2,3052,0.2,0.5,2.5,0.5462036292380953
2,3053,0.2,0.5,2.5,0.6463497467348209
2,3054,0.2,0.5,2.5,0.5697665391670749
2,3055,0.2,0.5,2.5,0.8637556956363448
2,3056,0.2,0.5,2.5,0.8001521136775734
2,3057,0.2,0.5,2.5,0.9196135211979958
2,3058,0.2,0.5,2.5,0.22992818462416853
2,3059,0.2,0.5,2.5,0.07333173866315594
2,3060,0.2,0.5,2.5,0.13644156248351103
2,3061,0.2,0.5,2.5,0.668151037501503
2,3062,0.2,0.5,2.5,0.298669032021902
2,3063,0.2,0.5,2.5,1.286167051697593
2,3064,0.2,0.5,2.5,0.050870203883921786
2,3065,0.2,0.5,2.5,0.5819264399693507
2,3066,0.2,0.5,2.5,0.6153410885176895
2,3067,0.2,0.5,2.5,0.19206196358110242
2,3068,0.2,0.5,2.5,0.546516512946424
2,3069,0.2,0.5,2.5,0.5064732189647262
2,3070,0.2,0.5,2.5,0.6279876332873868
2,3071,0.2,0.5,2.5,0.15455900813325096
2,3072,0.2,0.5,2.5,0.6024320797110525
2,3073,0.2,0.5,2.5,0.5423708866843376
2,3074,0.2,0.5,2.5,0.3913583994119387
2,3075,0.2,0.5,2.5,0.6352736030873011
2,3076,0.2,0.5,2.5,0.3802050070844305
2,3077,0.2,0.5,2.5,1.196747266317247
2,3078,0.2,0.5,2.5,0.595187518623025
2,3079,0.2,0.5,2.5,1.1943873806946579
2,3080,0.2,0.5,2.5,0.4102138742108721
2,3081,0.2,0.5,2.5,0.7309386221919645
2,3082,0.2,0.5,2.5,1.0758360918986458
2,3083,0.2,0.5,2.5,1.1972415781557078
2,3084,0.2,0.5,2.5,0.29636727354687026
2,3085,0.2,0.5,2.5,0.5377064107236488
2,3086,0.2,0.5,2.5,1.0441602295966428
2,3087,0.2,0.5,2.5,1.3461126020391254
2,3088,0.2,0.5,2.5,0.6233521096527365
2,3089,0.2,0.5,2.5,0.7343331143248284
2,3090,0.2,0.5,2.5,0.19282571903659795
2,3091,0.2,0.5,2.5,0.3212618393682259
2,3092,0.2,0.5,2.5,0.20619106669768636
2,3093,0.2,0.5,2.5,0.22919169328948408
2,3094,0.2,0.5,2.5,0.4288611557685473
2,3095,0.2,0.5,2.5,1.5476048210717857
2,3096,0.2,0.5,2.5,0.7657411897694191
2,3097,0.2,0.5,2.5,0.8593859189626339
2,3098,0.2,0.5,2.5,0.2726687214033428
2,3099,0.2,0.5,2.5,0.3471697900035591
2,3100,0.2,0.5,2.5,1.116134551365592
2,3101,0.2,0.5,2.5,0.5395943942122415
2,3102,0.2,0.5,2.5,0.4497504696724836
2,3103,0.2,0.5,2.5,0.25667397111415485
2,3104,0.2,0.5,2.5,0.5589968818884279
2,3105,0.2,0.5,2.5,1.0457652892480391
2,3106,0.2,0.5,2.5,0.8368440676352641
2,3107,0.2,0.5,2.5,0.17661892245920624
2,3108,0.2,0.5,2.5,0.8450313381397474
2,3109,0.2,0.5,2.5,0.578174035902318
2,3110,0.2,0.5,2.5,0.2980023615873333
2,3111,0.2,0.5,2.5,0.6054291304231161
2,3112,0.2,0.5,2.5,0.35602443964601693
2,3113,0.2,0.5,2.5,0.33254883471821683
2,3114,0.2,0.5,2.5,0.6294452351574341
2,3115,0.2,0.5,2.5,0.9999866171166402
2,3116,0.2,0.5,2.5,0.6230553577738551
2,3117,0.2,0.5,2.5,0.7704113040974916
2,3118,0.2,0.5,2.5,0.791676655020641
2,3119,0.2,0.5,2.5,0.9762056754082526
2,3120,0.2,0.5,2.5,0.6455101751157365
2,3121,0.2,0.5,2.5,0.922057175015683
2,3122,0.2,0.5,2.5,0.5075132035690735
2,3123,0.2,0.5,2.5,0.7833241133117733
2,3124,0.2,0.5,2.5,0.1611591962710253
2,3125,0.2,0.5,2.5,0.780679314997884
2,3126,0.2,0.5,2.5,0.7831729728042515
2,3127,0.2,0.5,2.5,1.1914060422934516
2,3128,0.2,0.5,2.5,0.7073629978775812
2,3129,0.2,0.5,2.5,0.7802382348356258
2,3130,0.2,0.5,2.5,0.859197396087331
2,3131,0.2,0.5,2.5,0.6999748453192458
2,3132,0.2,0.5,2.5,0.8118313429016718
2,3133,0.2,0.5,2.5,1.535205539951341
2,3134,0.2,0.5,2.5,0.818087484252135
2,3135,0.2,0.5,2.5,0.5518793576661356
2,3136,0.2,0.5,2.5,0.786132135201944
2,3137,0.2,0.5,2.5,0.8999996506472105
2,3138,0.2,0.5,2.5,0.9653746968547192
2,3139,0.2,0.5,2.5,0.6713449724647421
2,3140,0.2,0.5,2.5,0.4419206169106724
2,3141,0.2,0.5,2.5,0.3890721477632434
2,3142,0.2,0.5,2.5,0.34601164951080565
2,3143,0.2,0.5,2.5,0.6779114788703315
2,3144,0.2,0.5,2.5,0.7768671898476824
2,3145,0.2,0.5,2.5,1.1777362559160682
2,3146,0.2,0.5,2.5,0.39688791318525424
2,3147,0.2,0.5,2.5,0.6762152756134869
2,3148,0.2,0.5,2.5,0.2480457975393498
2,3149,0.2,0.5,2.5,0.6820162662743146
2,3150,0.2,0.5,2.5,0.618840072058564
2,3151,0.2,0.5,2.5,0.8153435285823566
2,3152,0.2,0.5,2.5,1.4335009731615096
2,3153,0.2,0.5,2.5,0.782619700752571
2,3154,0.2,0.5,2.5,0.4861669776198968
2,3155,0.2,0.5,2.5,0.8200875582196122
2,3156,0.2,0.5,2.5,0.8077955775678674
2,3157,0.2,0.5,2.5,0.637983830285003
2,3158,0.2,0.5,2.5,1.0253612049372556
2,3159,0.2,0.5,2.5,1.9260699215525803
2,3160,0.2,0.5,2.5,0.8797729743290779
2,3161,0.2,0.5,2.5,0.8827013403905031
2,3162,0.2,0.5,2.5,0.7792144480298608
2,3163,0.2,0.5,2.5,0.5715543998834074
2,3164,0.2,0.5,2.5,0.49477300838243515
2,3165,0.2,0.5,2.5,0.8774494301039838
2,3166,0.2,0.5,2.5,1.1805842914224236
2,3167,0.2,0.5,2.5,1.0741581368655513
2,3168,0.2,0.5,2.5,0.4532212133273063
2,3169,0.2,0.5,2.5,0.8598297074879545
2,3170,0.2,0.5,2.5,0.8477831753057804
2,3171,0.2,0.5,2.5,0.6732837114569135
2,3172,0.2,0.5,2.5,0.8674139617250272
2,3173,0.2,0.5,2.5,0.17296753369547405
2,3174,0.2,0.5,2.5,0.24390760136203282
2,3175,0.2,0.5,2.5,1.1454226577101303
2,3176,0.2,0.5,2.5,0.9443362477794616
2,3177,0.2,0.5,2.5,0.2674747985919571
2,3178,0.2,0.5,2.5,0.6695944225560574
2,3179,0.2,0.5,2.5,0.9612085123713723
2,3180,0.2,0.5,2.5,0.5841178914849594
2,3181,0.2,0.5,2.5,1.1289985361671646
2,3182,0.2,0.5,2.5,0.9637859739510172
2,3183,0.2,0.5,2.5,0.7658645728226171
2,3184,0.2,0.5,2.5,0.678102921681458
2,3185,0.2,0.5,2.5,0.3894459789395297
2,3186,0.2,0.5,2.5,1.1619780984481023
2,3187,0.2,0.5,2.5,0.6579838691822915
2,3188,0.2,0.5,2.5,0.7318372871473906
2,3189,0.2,0.5,2.5,0.6785793388941576
2,3190,0.2,0.5,2.5,0.41223358960611456
2,3191,0.2,0.5,2.5,0.6389934790328414
2,3192,0.2,0.5,2.5,0.542626202647767
2,3193,0.2,0.5,2.5,0.3970935858921693
2,3194,0.2,0.5,2.5,0.9064792776170927
2,3195,0.2,0.5,2.5,0.6097278228635566
2,3196,0.2,0.5,2.5,0.744167986982481
2,3197,0.2,0.5,2.5,0.8697589965843423
2,3198,0.2,0.5,2.5,0.23633223815584284
2,3199,0.2,0.5,2.5,0.5443858378999279
2,3200,0.2,0.5,2.5,0.6643568008288289
2,3201,0.2,0.5,2.5,0.6256056124962129
2,3202,0.2,0.5,2.5,0.48875726584899865
2,3203,0.2,0.5,2.5,0.023766284524296192
2,3204,0.2,0.5,2.5,0.5452917711596263
2,3205,0.2,0.5,2.5,0.942516415184228
2,3206,0.2,0.5,2.5,1.1448833563550236
2,3207,0.2,0.5,2.5,0.23778120178586964
2,3208,0.2,0.5,2.5,0.2745792898174714
2,3209,0.2,0.5,2.5,0.8749478645548244
2,3210,0.2,0.5,2.5,0.3746349502392219
2,3211,0.2,0.5,2.5,0.5957737944081335
2,3212,0.2,0.5,2.5,1.2461893480064694
2,3213,0.2,0.5,2.5,0.8235254461169844
2,3214,0.2,0.5,2.5,1.2234837213966654
2,3215,0.2,0.5,2.5,0.16609986219397888
2,3216,0.2,0.5,2.5,0.3433069186134177
2,3217,0.2,0.5,2.5,1.2084670610096888
2,3218,0.2,0.5,2.5,1.063076347273374
2,3219,0.2,0.5,2.5,1.2497818766683413
2,3220,0.2,0.5,2.5,0.39960279952108363
2,3221,0.2,0.5,2.5,0.22312913202900583
2,3222,0.2,0.5,2.5,0.5700940157364778
2,3223,0.2,0.5,2.5,1.1972913885925747
2,3224,0.2,0.5,2.5,1.5294012212024053
2,3225,0.2,0.5,2.5,0.836961528138677
2,3226,0.2,0.5,2.5,1.5955658725629382
2,3227,0.2,0.5,2.5,0.8478388020083424
2,3228,0.2,0.5,2.5,0.7194038962777967
2,3229,0.2,0.5,2.5,0.5074952333448577
2,3230,0.2,0.5,2.5,0.3525822129219708
2,3231,0.2,0.5,2.5,0.6679045538305647
2,3232,0.2,0.5,2.5,0.6636130326305838
2,3233,0.2,0.5,2.5,0.3313815914038727
2,3234,0.2,0.5,2.5,0.841456205343705
2,3235,0.2,0.5,2.5,0.5685958250739533
2,3236,0.2,0.5,2.5,0.8027534457747337
2,3237,0.2,0.5,2.5,0.5566429366423237
2,3238,0.2,0.5,2.5,0.8373915495230199
2,3239,0.2,0.5,2.5,0.7833292495733202
2,3240,0.2,0.5,2.5,1.0603053623008007
2,3241,0.2,0.5,2.5,0.3522709008223283
2,3242,0.2,0.5,2.5,0.6569400731249279
2,3243,0.2,0.5,2.5,0.5615909345887048
2,3244,0.2,0.5,2.5,0.6540626119005513
2,3245,0.2,0.5,2.5,0.7474968573349208
2,3246,0.2,0.5,2.5,0.15709855096154662
2,3247,0.2,0.5,2.5,1.3079793939764122
2,3248,0.2,0.5,2.5,0.7634328385256335
2,3249,0.2,0.5,2.5,0.7899501505967226
2,3250,0.2,0.5,2.5,0.028334056450117755
2,3251,0.2,0.5,2.5,2.028101115471739
2,3252,0.2,0.5,2.5,1.0720599687123757
2,3253,0.2,0.5,2.5,0.08628050853533381
2,3254,0.2,0.5,2.5,0.8617249061203724
2,3255,0.2,0.5,2.5,0.9982046745547943
2,3256,0.2,0.5,2.5,1.3998223485946135
2,3257,0.2,0.5,2.5,0.8212058737931494
2,3258,0.2,0.5,2.5,0.4469906240070636
2,3259,0.2,0.5,2.5,0.7266436437758732
2,3260,0.2,0.5,2.5,0.5873160435607974
2,3261,0.2,0.5,2.5,0.9213036582803502
2,3262,0.2,0.5,2.5,1.1554227875003893
2,3263,0.2,0.5,2.5,0.30447186944661697
2,3264,0.2,0.5,2.5,0.3498259760054857
2,3265,0.2,0.5,2.5,0.7867294688615424
2,3266,0.2,0.5,2.5,1.2537797470486431
2,3267,0.2,0.5,2.5,0.3351848848006911
2,3268,0.2,0.5,2.5,0.49196628246372365
2,3269,0.2,0.5,2.5,0.19008919870763696
2,3270,0.2,0.5,2.5,1.2575723178267892
2,3271,0.2,0.5,2.5,0.4453074019181634
2,3272,0.2,0.5,2.5,1.0292205857174437
2,3273,0.2,0.5,2.5,0.6194018174245693
2,3274,0.2,0.5,2.5,0.723846609597024
2,3275,0.2,0.5,2.5,0.530565756136606
2,3276,0.2,0.5,2.5,0.660222096755441
2,3277,0.2,0.5,2.5,0.2695465064191208
2,3278,0.2,0.5,2.5,0.4629047468603657
2,3279,0.2,0.5,2.5,0.3992786446827129
2,3280,0.2,0.5,2.5,0.21867818965023045
2,3281,0.2,0.5,2.5,0.7776860620282576
2,3282,0.2,0.5,2.5,0.48529684845244714
2,3283,0.2,0.5,2.5,0.3345933765342253
2,3284,0.2,0.5,2.5,0.6046196873304324
2,3285,0.2,0.5,2.5,1.8803075894116428
2,3286,0.2,0.5,2.5,0.2173763077382016
2,3287,0.2,0.5,2.5,1.0666557893709572
2,3288,0.2,0.5,2.5,0.6055125019740919
2,3289,0.2,0.5,2.5,1.2081160309172752
2,3290,0.2,0.5,2.5,0.5272397719623133
2,3291,0.2,0.5,2.5,1.0677153323348083
2,3292,0.2,0.5,2.5,0.7880467825759145
2,3293,0.2,0.5,2.5,0.3257996589307596
2,3294,0.2,0.5,2.5,0.4020361167458348
2,3295,0.2,0.5,2.5,0.7952297843541332
2,3296,0.2,0.5,2.5,0.5059102043345143
2,3297,0.2,0.5,2.5,0.5284713600436199
2,3298,0.2,0.5,2.5,0.7668434366445461
2,3299,0.2,0.5,2.5,0.6849285480383204
2,3300,0.2,0.5,2.5,0.2917637010230969
2,3301,0.2,0.5,2.5,1.0270802518462738
2,3302,0.2,0.5,2.5,0.5795499697252752
2,3303,0.2,0.5,2.5,0.5387540430330773
2,3304,0.2,0.5,2.5,1.6257569369082423
2,3305,0.2,0.5,2.5,0.37471607571938775
2,3306,0.2,0.5,2.5,0.7266804997704345
2,3307,0.2,0.5,2.5,0.7015398864699822
2,3308,0.2,0.5,2.5,1.111711166667005
2,3309,0.2,0.5,2.5,1.0915831096930728
2,3310,0.2,0.5,2.5,0.4982176501909879
2,3311,0.2,0.5,2.5,0.47160066924070776
2,3312,0.2,0.5,2.5,1.4105616974934292
2,3313,0.2,0.5,2.5,1.2265427941390252
2,3314,0.2,0.5,2.5,0.7414495200720833
2,3315,0.2,0.5,2.5,0.7411905289924947
2,3316,0.2,0.5,2.5,0.788099320902386
2,3317,0.2,0.5,2.5,0.5527192909491366
2,3318,0.2,0.5,2.5,0.6938152042044782
2,3319,0.2,0.5,2.5,0.3715270760450467
2,3320,0.2,0.5,2.5,0.46166565714295715
2,3321,0.2,0.5,2.5,1.0279640966164227
2,3322,0.2,0.5,2.5,0.7321296222485986
2,3323,0.2,0.5,2.5,0.5660150753942034
2,3324,0.2,0.5,2.5,0.7493003684239298
2,3325,0.2,0.5,2.5,0.14552752175136544
2,3326,0.2,0.5,2.5,0.7443054977517624
2,3327,0.2,0.5,2.5,0.11628319467647184
2,3328,0.2,0.5,2.5,0.8563424742478375
2,3329,0.2,0.5,2.5,1.0222140753822475
2,3330,0.2,0.5,2.5,0.8244716677410534
2,3331,0.2,0.5,2.5,0.913635064793228
2,3332,0.2,0.5,2.5,0.608162789825751
2,3333,0.2,0.5,2.5,0.7682379632013232
2,3334,0.2,0.5,2.5,0.23418883241769853
2,3335,0.2,0.5,2.5,0.7965654404840776
2,3336,0.2,0.5,2.5,1.2172166296000715
2,3337,0.2,0.5,2.5,0.5945146417931287
2,3338,0.2,0.5,2.5,0.9932204077311427
2,3339,0.2,0.5,2.5,0.9461941675992775
2,3340,0.2,0.5,2.5,0.6049085893747371
2,3341,0.2,0.5,2.5,0.8745307174725764
2,3342,0.2,0.5,2.5,0.46177956922196084
2,3343,0.2,0.5,2.5,0.44740837531204974
2,3344,0.2,0.5,2.5,0.7891983106225954
2,3345,0.2,0.5,2.5,0.04278300183615636
2,3346,0.2,0.5,2.5,0.24202637113658196
2,3347,0.2,0.5,2.5,0.9629276000836299
2,3348,0.2,0.5,2.5,0.5548962612921932
2,3349,0.2,0.5,2.5,0.49217540078759286
2,3350,0.2,0.5,2.5,0.29383514776293634
2,3351,0.2,0.5,2.5,0.5739266417774637
2,3352,0.2,0.5,2.5,1.5598244944780424
2,3353,0.2,0.5,2.5,0.4696026916960095
2,3354,0.2,0.5,2.5,0.526453992379238
2,3355,0.2,0.5,2.5,0.39599666157243807
2,3356,0.2,0.5,2.5,0.5815986199253093
2,3357,0.2,0.5,2.5,1.0871661112524855
2,3358,0.2,0.5,2.5,0.47657050703701415
2,3359,0.2,0.5,2.5,1.0985961369730957
2,3360,0.2,0.5,2.5,1.1230190855494928
2,3361,0.2,0.5,2.5,0.9326227436522839
2,3362,0.2,0.5,2.5,1.0526665667654929
2,3363,0.2,0.5,2.5,0.8763270165226799
2,3364,0.2,0.5,2.5,0.4749008149485469
2,3365,0.2,0.5,2.5,0.7068194340904604
2,3366,0.2,0.5,2.5,0.31155141020302246
2,3367,0.2,0.5,2.5,0.49899781622116673
2,3368,0.2,0.5,2.5,0.8914462026717022
2,3369,0.2,0.5,2.5,0.8325903563733282
2,3370,0.2,0.5,2.5,1.06069019514021
2,3371,0.2,0.5,2.5,0.2485455118642855
2,3372,0.2,0.5,2.5,0.7734288363083147
2,3373,0.2,0.5,2.5,0.42472405857937817
2,3374,0.2,0.5,2.5,0.5523490750979969
2,3375,0.2,0.5,2.5,0.4334749775665117
2,3376,0.2,0.5,2.5,0.5290175527580147
2,3377,0.2,0.5,2.5,0.5740428067822042
2,3378,0.2,0.5,2.5,0.1192468420937079
2,3379,0.2,0.5,2.5,0.03696314265170376
2,3380,0.2,0.5,2.5,0.5408650892536012
2,3381,0.2,0.5,2.5,0.42074874909026433
2,3382,0.2,0.5,2.5,0.22399219749747934
2,3383,0.2,0.5,2.5,0.40881102764923966
2,3384,0.2,0.5,2.5,1.0519673554104754
2,3385,0.2,0.5,2.5,1.1003489805589022
2,3386,0.2,0.5,2.5,0.9827428784550637
2,3387,0.2,0.5,2.5,0.513797434576096
2,3388,0.2,0.5,2.5,1.0021019245742857
2,3389,0.2,0.5,2.5,0.2701610257743432
2,3390,0.2,0.5,2.5,1.2337530171864437
2,3391,0.2,0.5,2.5,0.2657320100897537
2,3392,0.2,0.5,2.5,0.7514710836201863
2,3393,0.2,0.5,2.5,0.6968098619022629
2,3394,0.2,0.5,2.5,0.5704467738806174
2,3395,0.2,0.5,2.5,0.5214879131322584
2,3396,0.2,0.5,2.5,0.17980148458062437
2,3397,0.2,0.5,2.5,0.4105974363826253
2,3398,0.2,0.5,2.5,1.3053455129203972
2,3399,0.2,0.5,2.5,0.817214179552756
2,3400,0.2,0.5,2.5,0.3009257968231587
2,3401,0.2,0.5,2.5,0.3724292293379697
2,3402,0.2,0.5,2.5,0.24747880760289204
2,3403,0.2,0.5,2.5,0.514991371957975
2,3404,0.2,0.5,2.5,0.5648376350086776
2,3405,0.2,0.5,2.5,0.5670970367502566
2,3406,0.2,0.5,2.5,1.1561817576126396
2,3407,0.2,0.5,2.5,0.915952534179043
2,3408,0.2,0.5,2.5,1.3829204842037828
2,3409,0.2,0.5,2.5,0.7749099213063814
2,3410,0.2,0.5,2.5,0.37707026606842725
2,3411,0.2,0.5,2.5,0.304968694939734
2,3412,0.2,0.5,2.5,0.14286348636754437
2,3413,0.2,0.5,2.5,0.30773659764984423
2,3414,0.2,0.5,2.5,1.1354683540077775
2,3415,0.2,0.5,2.5,1.1682416356192737
2,3416,0.2,0.5,2.5,0.762583148403052
2,3417,0.2,0.5,2.5,0.34752938632886876
2,3418,0.2,0.5,2.5,1.1532419792613866
2,3419,0.2,0.5,2.5,0.8032336862505441
2,3420,0.2,0.5,2.5,0.46539608605997446
2,3421,0.2,0.5,2.5,0.28811898146187714
2,3422,0.2,0.5,2.5,0.8275583854601519
2,3423,0.2,0.5,2.5,0.1966753198340614
2,3424,0.2,0.5,2.5,0.44581779624070583
2,3425,0.2,0.5,2.5,0.7653766291834028
2,3426,0.2,0.5,2.5,0.6059335397461137
2,3427,0.2,0.5,2.5,0.6982654629829826
2,3428,0.2,0.5,2.5,0.3108331082414883
2,3429,0.2,0.5,2.5,0.7036717411892324
2,3430,0.2,0.5,2.5,0.3032490894357368
2,3431,0.2,0.5,2.5,0.1693308608624102
2,3432,0.2,0.5,2.5,1.2188844323878631
2,3433,0.2,0.5,2.5,0.8408932795742577
2,3434,0.2,0.5,2.5,0.9669979459976825
2,3435,0.2,0.5,2.5,0.4404296512958838
2,3436,0.2,0.5,2.5,0.334508314669216
2,3437,0.2,0.5,2.5,0.8339694951451997
2,3438,0.2,0.5,2.5,0.37353621708856594
2,3439,0.2,0.5,2.5,1.0483457521911856
2,3440,0.2,0.5,2.5,0.8746171157306759
2,3441,0.2,0.5,2.5,0.414042441508606
2,3442,0.2,0.5,2.5,1.17127567182671
2,3443,0.2,0.5,2.5,0.12653159787682325
2,3444,0.2,0.5,2.5,0.6846848525752081
2,3445,0.2,0.5,2.5,0.5937583599531613
2,3446,0.2,0.5,2.5,0.8310728863587767
2,3447,0.2,0.5,2.5,0.7183059486504624
2,3448,0.2,0.5,2.5,0.4883771242129075
2,3449,0.2,0.5,2.5,0.3450281907694258
2,3450,0.2,0.5,2.5,0.6923091213766157
2,3451,0.2,0.5,2.5,0.5370273327591616
2,3452,0.2,0.5,2.5,0.4340463020830143
2,3453,0.2,0.5,2.5,0.5911055901501169
2,3454,0.2,0.5,2.5,0.6756087740825478
2,3455,0.2,0.5,2.5,1.725209303521026
2,3456,0.2,0.5,2.5,0.2283865528399389
2,3457,0.2,0.5,2.5,1.036233708554742
2,3458,0.2,0.5,2.5,0.7932115573278502
2,3459,0.2,0.5,2.5,0.29359529092762054
2,3460,0.2,0.5,2.5,0.14894903441954166
2,3461,0.2,0.5,2.5,0.8947724414881187
2,3462,0.2,0.5,2.5,0.8080878824267279
2,3463,0.2,0.5,2.5,1.021382163823914
2,3464,0.2,0.5,2.5,0.7887123107680042
2,3465,0.2,0.5,2.5,1.1838204783929904
2,3466,0.2,0.5,2.5,0.17536721233948205
2,3467,0.2,0.5,2.5,1.368224626606355
2,3468,0.2,0.5,2.5,0.8926287194298388
2,3469,0.2,0.5,2.5,0.5289413367646746
2,3470,0.2,0.5,2.5,0.7458701614293555
2,3471,0.2,0.5,2.5,0.2641409742891541
2,3472,0.2,0.5,2.5,1.1544718727828671
2,3473,0.2,0.5,2.5,1.0009793961453968
2,3474,0.2,0.5,2.5,0.8755721251846049
2,3475,0.2,0.5,2.5,0.5401411588546159
2,3476,0.2,0.5,2.5,1.2538250912808493
2,3477,0.2,0.5,2.5,0.41855418164055314
2,3478,0.2,0.5,2.5,0.7235341500123914
2,3479,0.2,0.5,2.5,0.7017893711865107
2,3480,0.2,0.5,2.5,0.9273846432169103
2,3481,0.2,0.5,2.5,0.999446488051763
2,3482,0.2,0.5,2.5,1.1497854888112666
2,3483,0.2,0.5,2.5,0.514777595356562
2,3484,0.2,0.5,2.5,0.24771830584076637
2,3485,0.2,0.5,2.5,0.23137682520152955
2,3486,0.2,0.5,2.5,1.0014954091866668
2,3487,0.2,0.5,2.5,0.6618136009756433
2,3488,0.2,0.5,2.5,0.5918224946354348
2,3489,0.2,0.5,2.5,1.0438618161527036
2,3490,0.2,0.5,2.5,0.5891395845506832
2,3491,0.2,0.5,2.5,0.6004417087034497
2,3492,0.2,0.5,2.5,0.6240225986379667
2,3493,0.2,0.5,2.5,0.30281107931216544
2,3494,0.2,0.5,2.5,0.8875616940777349
2,3495,0.2,0.5,2.5,0.5260666371568684
2,3496,0.2,0.5,2.5,0.3555816045898627
2,3497,0.2,0.5,2.5,0.8921938598271524
2,3498,0.2,0.5,2.5,1.0855561165501513
2,3499,0.2,0.5,2.5,0.2915777774229037
2,3500,0.2,0.5,2.5,1.0617132848709911
2,3501,0.2,0.5,2.5,0.7265019421675958
2,3502,0.2,0.5,2.5,1.0262299611215087
2,3503,0.2,0.5,2.5,0.9668634513367421
2,3504,0.2,0.5,2.5,0.23074706500039158
2,3505,0.2,0.5,2.5,0.4668049952575293
2,3506,0.2,0.5,2.5,0.7607921996697429
2,3507,0.2,0.5,2.5,0.49799636828414284
2,3508,0.2,0.5,2.5,0.07582794930012256
2,3509,0.2,0.5,2.5,0.3441769184431419
2,3510,0.2,0.5,2.5,0.722751627283376
2,3511,0.2,0.5,2.5,1.008638284861285
2,3512,0.2,0.5,2.5,0.8709292129439578
2,3513,0.2,0.5,2.5,1.1432181691595402
2,3514,0.2,0.5,2.5,0.08905786943281102
2,3515,0.2,0.5,2.5,0.9288909539793575
2,3516,0.2,0.5,2.5,0.9561270582726574
2,3517,0.2,0.5,2.5,0.1991514798942888
2,3518,0.2,0.5,2.5,0.33843663337839835
2,3519,0.2,0.5,2.5,0.4738821223162653
2,3520,0.2,0.5,2.5,1.1712124643077662
2,3521,0.2,0.5,2.5,0.6279394580147257
2,3522,0.2,0.5,2.5,1.1369979569360449
2,3523,0.2,0.5,2.5,1.4406521008286957
2,3524,0.2,0.5,2.5,0.8217263606975893
2,3525,0.2,0.5,2.5,1.1214889225947247
2,3526,0.2,0.5,2.5,0.4343077310611036
2,3527,0.2,0.5,2.5,0.3908851558597493
2,3528,0.2,0.5,2.5,0.5604419979804346
2,3529,0.2,0.5,2.5,0.72371360106159
2,3530,0.2,0.5,2.5,0.7357652110691173
2,3531,0.2,0.5,2.5,0.5718603161630508
2,3532,0.2,0.5,2.5,0.6161018400785958
2,3533,0.2,0.5,2.5,1.2754298123105317
2,3534,0.2,0.5,2.5,0.1421361291786533
2,3535,0.2,0.5,2.5,1.067603442742991
2,3536,0.2,0.5,2.5,1.0832683434845458
2,3537,0.2,0.5,2.5,0.9515919135915704
2,3538,0.2,0.5,2.5,0.3594703769639219
2,3539,0.2,0.5,2.5,0.6003829633758868
2,3540,0.2,0.5,2.5,0.1742378067360155
2,3541,0.2,0.5,2.5,0.8182590530203403
2,3542,0.2,0.5,2.5,0.14606217162418675
2,3543,0.2,0.5,2.5,1.1931459921434988
2,3544,0.2,0.5,2.5,1.4201561325767922
2,3545,0.2,0.5,2.5,0.8125030541992958
2,3546,0.2,0.5,2.5,0.3325701574744464
2,3547,0.2,0.5,2.5,0.34225899426898104
2,3548,0.2,0.5,2.5,0.2001218879204151
2,3549,0.2,0.5,2.5,0.5987121049291926
2,3550,0.2,0.5,2.5,0.4602509879652787
2,3551,0.2,0.5,2.5,0.6371251907525411
2,3552,0.2,0.5,2.5,0.3082939944086521
2,3553,0.2,0.5,2.5,0.3037904811142786
2,3554,0.2,0.5,2.5,0.6452574247018583
2,3555,0.2,0.5,2.5,0.35223945550635527
2,3556,0.2,0.5,2.5,0.3859597785939513
2,3557,0.2,0.5,2.5,0.1827307061967198
2,3558,0.2,0.5,2.5,0.6437918386509549
2,3559,0.2,0.5,2.5,0.9826200993535333
2,3560,0.2,0.5,2.5,0.6391598836995295
2,3561,0.2,0.5,2.5,0.43773368144500285
2,3562,0.2,0.5,2.5,0.982319634626527
2,3563,0.2,0.5,2.5,1.5135510961148744
2,3564,0.2,0.5,2.5,0.2507929600228257
2,3565,0.2,0.5,2.5,0.5023479067731786
2,3566,0.2,0.5,2.5,0.7304536515045038
2,3567,0.2,0.5,2.5,0.30001956446184447
2,3568,0.2,0.5,2.5,0.992483112466232
2,3569,0.2,0.5,2.5,1.0581752696446685
2,3570,0.2,0.5,2.5,0.6068619832357574
2,3571,0.2,0.5,2.5,0.5477673727219153
2,3572,0.2,0.5,2.5,0.20242979146894588
2,3573,0.2,0.5,2.5,0.6385738442680309
2,3574,0.2,0.5,2.5,0.6243642568977826
2,3575,0.2,0.5,2.5,0.5135960027221981
2,3576,0.2,0.5,2.5,0.845662012980751
2,3577,0.2,0.5,2.5,0.41188891008409273
2,3578,0.2,0.5,2.5,0.3306567102955559
2,3579,0.2,0.5,2.5,1.3790366374104217
2,3580,0.2,0.5,2.5,0.9263694881978576
2,3581,0.2,0.5,2.5,0.8545549499521984
2,3582,0.2,0.5,2.5,0.4994455869489263
2,3583,0.2,0.5,2.5,0.7876231169120186
2,3584,0.2,0.5,2.5,1.4468995751721414
2,3585,0.2,0.5,2.5,0.3235922941509522
2,3586,0.2,0.5,2.5,0.33647136505628916
2,3587,0.2,0.5,2.5,0.2736828646329202
2,3588,0.2,0.5,2.5,0.6211767211713072
2,3589,0.2,0.5,2.5,0.3965567701389048
2,3590,0.2,0.5,2.5,0.6475577756035258
2,3591,0.2,0.5,2.5,0.23609846037060517
2,3592,0.2,0.5,2.5,0.31327528211361494
2,3593,0.2,0.5,2.5,0.6400748075247171
2,3594,0.2,0.5,2.5,0.646785789680664
2,3595,0.2,0.5,2.5,0.503368190977955
2,3596,0.2,0.5,2.5,0.5785246209512241
2,3597,0.2,0.5,2.5,0.3993906297220333
2,3598,0.2,0.5,2.5,0.6402697719949816
2,3599,0.2,0.5,2.5,0.5204210692552927
2,3600,0.2,0.5,2.5,1.0013754114678015
2,3601,0.2,0.5,2.5,0.20236269991767522
2,3602,0.2,0.5,2.5,0.25773973023449104
2,3603,0.2,0.5,2.5,1.1816711124335595
2,3604,0.2,0.5,2.5,0.2988527435976559
2,3605,0.2,0.5,2.5,0.30673917848147164
2,3606,0.2,0.5,2.5,1.001243328319626
2,3607,0.2,0.5,2.5,1.2208815070887113
2,3608,0.2,0.5,2.5,0.7753848407565703
2,3609,0.2,0.5,2.5,1.3910808746801748
2,3610,0.2,0.5,2.5,0.22517173774459343
2,3611,0.2,0.5,2.5,1.3394762649428709
2,3612,0.2,0.5,2.5,0.5751824051915675
2,3613,0.2,0.5,2.5,0.7563893299287722
2,3614,0.2,0.5,2.5,1.2270385581358372
2,3615,0.2,0.5,2.5,0.7437041744597223
2,3616,0.2,0.5,2.5,1.1500404996290814
2,3617,0.2,0.5,2.5,0.5726419733748253
2,3618,0.2,0.5,2.5,0.9035280092992235
2,3619,0.2,0.5,2.5,1.3560542194291327
2,3620,0.2,0.5,2.5,0.663360363481322
2,3621,0.2,0.5,2.5,0.7480232714858817
2,3622,0.2,0.5,2.5,0.9388088060380249
2,3623,0.2,0.5,2.5,0.16890590631719446
2,3624,0.2,0.5,2.5,0.9159784342362002
2,3625,0.2,0.5,2.5,1.423390558812973
2,3626,0.2,0.5,2.5,0.3662584692606152
2,3627,0.2,0.5,2.5,0.30458086122396466
2,3628,0.2,0.5,2.5,0.45243596816983844
2,3629,0.2,0.5,2.5,0.5062629034275367
2,3630,0.2,0.5,2.5,0.24520482440438324
2,3631,0.2,0.5,2.5,1.0901070647958022
2,3632,0.2,0.5,2.5,0.5876695691306604
2,3633,0.2,0.5,2.5,0.41854816107496806
2,3634,0.2,0.5,2.5,0.7147234397825809
2,3635,0.2,0.5,2.5,0.12372242766388147
2,3636,0.2,0.5,2.5,0.15113968381559137
2,3637,0.2,0.5,2.5,0.6547116710001898
2,3638,0.2,0.5,2.5,0.11090989637132154
2,3639,0.2,0.5,2.5,0.8824705833871839
2,3640,0.2,0.5,2.5,0.248681781551033
2,3641,0.2,0.5,2.5,1.4972803469887483
2,3642,0.2,0.5,2.5,0.8520626539145173
2,3643,0.2,0.5,2.5,1.3983620350663415
2,3644,0.2,0.5,2.5,1.448610042733173
2,3645,0.2,0.5,2.5,0.40002069934100964
2,3646,0.2,0.5,2.5,0.9454061538910429
2,3647,0.2,0.5,2.5,0.5246626485984796
2,3648,0.2,0.5,2.5,0.24584751657198806
2,3649,0.2,0.5,2.5,0.7165649818641145
2,3650,0.2,0.5,2.5,0.7002423161470754
2,3651,0.2,0.5,2.5,0.6905541896921663
2,3652,0.2,0.5,2.5,0.22058330753114175
2,3653,0.2,0.5,2.5,1.3037753044741955
2,3654,0.2,0.5,2.5,0.5788293947887196
2,3655,0.2,0.5,2.5,0.5447052387080751
2,3656,0.2,0.5,2.5,1.051076975356498
2,3657,0.2,0.5,2.5,0.7065267121120201
2,3658,0.2,0.5,2.5,0.8256659663730437
2,3659,0.2,0.5,2.5,0.476905255840973
2,3660,0.2,0.5,2.5,0.3997383105056645
2,3661,0.2,0.5,2.5,0.481383162849089
2,3662,0.2,0.5,2.5,0.35725886867749745
2,3663,0.2,0.5,2.5,0.5810308952727031
2,3664,0.2,0.5,2.5,1.5135822376251558
2,3665,0.2,0.5,2.5,0.6177328604482769
2,3666,0.2,0.5,2.5,0.23275813192260325
2,3667,0.2,0.5,2.5,0.6199217161145868
2,3668,0.2,0.5,2.5,0.546551207394835
2,3669,0.2,0.5,2.5,1.0493745884568442
2,3670,0.2,0.5,2.5,0.6542701539801269
2,3671,0.2,0.5,2.5,0.2945763981717842
2,3672,0.2,0.5,2.5,0.25189969889461655
2,3673,0.2,0.5,2.5,0.5112441565138081
2,3674,0.2,0.5,2.5,0.7103901800513293
2,3675,0.2,0.5,2.5,0.8011716237051806
2,3676,0.2,0.5,2.5,0.6824276226578994
2,3677,0.2,0.5,2.5,0.24648769497185433
2,3678,0.2,0.5,2.5,1.28749677258092
2,3679,0.2,0.5,2.5,0.3122116108356167
2,3680,0.2,0.5,2.5,0.42777096932115727
2,3681,0.2,0.5,2.5,0.6097872914678235
2,3682,0.2,0.5,2.5,0.5582295595982972
2,3683,0.2,0.5,2.5,0.8270624732702196
2,3684,0.2,0.5,2.5,1.3370408171210177
2,3685,0.2,0.5,2.5,0.24296450759207072
2,3686,0.2,0.5,2.5,0.4149647517523774
2,3687,0.2,0.5,2.5,0.7030932839891508
2,3688,0.2,0.5,2.5,0.8373842325823129
2,3689,0.2,0.5,2.5,0.419634777359625
2,3690,0.2,0.5,2.5,0.8638901048937175
2,3691,0.2,0.5,2.5,0.5498946593512988
2,3692,0.2,0.5,2.5,0.628073740080743
2,3693,0.2,0.5,2.5,0.23899490359864475
2,3694,0.2,0.5,2.5,0.7549206870449321
2,3695,0.2,0.5,2.5,0.7255524145801774
2,3696,0.2,0.5,2.5,0.25251563701174984
2,3697,0.2,0.5,2.5,0.7348118452208657
2,3698,0.2,0.5,2.5,0.51304014981602
2,3699,0.2,0.5,2.5,0.5694219667814584
2,3700,0.2,0.5,2.5,0.5343593572067684
2,3701,0.2,0.5,2.5,0.5836878924139935
2,3702,0.2,0.5,2.5,0.7545159328185758
2,3703,0.2,0.5,2.5,0.72248492547981
2,3704,0.2,0.5,2.5,0.7298781947052878
2,3705,0.2,0.5,2.5,0.9644257758006038
2,3706,0.2,0.5,2.5,0.48817546556588276
2,3707,0.2,0.5,2.5,0.2712946694131049
2,3708,0.2,0.5,2.5,0.26443558592144895
2,3709,0.2,0.5,2.5,0.29466034867263197
2,3710,0.2,0.5,2.5,1.1175741241829436
2,3711,0.2,0.5,2.5,1.0515975735919956
2,3712,0.2,0.5,2.5,0.5911541078165536
2,3713,0.2,0.5,2.5,1.059542653118964
2,3714,0.2,0.5,2.5,0.4746499049255192
2,3715,0.2,0.5,2.5,0.4096759019881144
2,3716,0.2,0.5,2.5,0.9334950586735864
2,3717,0.2,0.5,2.5,0.4769135769827997
2,3718,0.2,0.5,2.5,0.24626433284756633
2,3719,0.2,0.5,2.5,0.5526538260152146
2,3720,0.2,0.5,2.5,0.05765741995413908
2,3721,0.2,0.5,2.5,0.3302866363463459
2,3722,0.2,0.5,2.5,0.7460216998700606
2,3723,0.2,0.5,2.5,0.8493439108248594
2,3724,0.2,0.5,2.5,0.636130417525515
2,3725,0.2,0.5,2.5,1.0317664999585598
2,3726,0.2,0.5,2.5,0.6012015369949193
2,3727,0.2,0.5,2.5,0.7082828226436868
2,3728,0.2,0.5,2.5,0.5790757684946618
2,3729,0.2,0.5,2.5,0.19694071221341125
2,3730,0.2,0.5,2.5,0.2925351246576675
2,3731,0.2,0.5,2.5,1.1033452277579914
2,3732,0.2,0.5,2.5,0.27386115416470624
2,3733,0.2,0.5,2.5,1.2942342304016303
2,3734,0.2,0.5,2.5,0.2848004374771514
2,3735,0.2,0.5,2.5,0.10448150721917557
2,3736,0.2,0.5,2.5,1.069594939539057
2,3737,0.2,0.5,2.5,0.5873899901936832
2,3738,0.2,0.5,2.5,0.30690232310880555
2,3739,0.2,0.5,2.5,0.35712264907072133
2,3740,0.2,0.5,2.5,1.148701189339746
2,3741,0.2,0.5,2.5,0.6122203206587901
2,3742,0.2,0.5,2.5,0.7231346487710811
2,3743,0.2,0.5,2.5,0.4329948695638086
2,3744,0.2,0.5,2.5,0.6702756664342144
2,3745,0.2,0.5,2.5,0.9693301588199806
2,3746,0.2,0.5,2.5,0.7461586780809347
2,3747,0.2,0.5,2.5,0.7386452636755252
2,3748,0.2,0.5,2.5,1.1713760686915324
2,3749,0.2,0.5,2.5,0.9283800868634549
2,3750,0.2,0.5,2.5,0.7396255710407037
2,3751,0.2,0.5,2.5,0.9963754703700759
2,3752,0.2,0.5,2.5,1.492157601894738
2,3753,0.2,0.5,2.5,0.7299336091970581
2,3754,0.2,0.5,2.5,0.548239960500572
2,3755,0.2,0.5,2.5,0.7847973086252319
2,3756,0.2,0.5,2.5,0.6385600713838795
2,3757,0.2,0.5,2.5,0.27552797072929164
2,3758,0.2,0.5,2.5,1.0863586275480808
2,3759,0.2,0.5,2.5,0.6124367480406548
2,3760,0.2,0.5,2.5,1.1087815113987178
2,3761,0.2,0.5,2.5,0.6629861048320193
2,3762,0.2,0.5,2.5,0.9236590386652479
2,3763,0.2,0.5,2.5,0.20223588593272782
2,3764,0.2,0.5,2.5,0.452845699108994
2,3765,0.2,0.5,2.5,1.165278545905224
2,3766,0.2,0.5,2.5,1.3251591039543666
2,3767,0.2,0.5,2.5,0.6277264918541529
2,3768,0.2,0.5,2.5,0.7853049463750801
2,3769,0.2,0.5,2.5,1.0876557513860343
2,3770,0.2,0.5,2.5,1.3293976741871107
2,3771,0.2,0.5,2.5,0.9538365259665059
2,3772,0.2,0.5,2.5,0.1099221702030415
2,3773,0.2,0.5,2.5,0.4857158822447961
2,3774,0.2,0.5,2.5,0.579622036647817
2,3775,0.2,0.5,2.5,0.749013828980247
2,3776,0.2,0.5,2.5,0.6366709829910036
2,3777,0.2,0.5,2.5,0.6613373188778989
2,3778,0.2,0.5,2.5,0.4121911818493585
2,3779,0.2,0.5,2.5,0.3412385752606663
2,3780,0.2,0.5,2.5,0.750529917204177
2,3781,0.2,0.5,2.5,0.88998323091202
2,3782,0.2,0.5,2.5,0.7292535082826965
2,3783,0.2,0.5,2.5,1.0515886322799048
2,3784,0.2,0.5,2.5,0.28190639193917355
2,3785,0.2,0.5,2.5,1.2555305129491083
2,3786,0.2,0.5,2.5,0.39942181170167784
2,3787,0.2,0.5,2.5,1.1477207408549661
2,3788,0.2,0.5,2.5,1.0181165610923977
2,3789,0.2,0.5,2.5,1.07399568273983
2,3790,0.2,0.5,2.5,0.7495734119170251
2,3791,0.2,0.5,2.5,0.126248766645403
2,3792,0.2,0.5,2.5,0.676379789663409
2,3793,0.2,0.5,2.5,0.5838753188105374
2,3794,0.2,0.5,2.5,0.6730217181062622
2,3795,0.2,0.5,2.5,0.9504891229721558
2,3796,0.2,0.5,2.5,0.7670029849378143
2,3797,0.2,0.5,2.5,2.121202593809366
2,3798,0.2,0.5,2.5,0.6210020428933926
2,3799,0.2,0.5,2.5,0.48897229515552154
2,3800,0.2,0.5,2.5,0.4764939430683032
2,3801,0.2,0.5,2.5,0.7387594553671788
2,3802,0.2,0.5,2.5,0.5111317065111023
2,3803,0.2,0.5,2.5,1.0373170891891508
2,3804,0.2,0.5,2.5,0.24759821585473407
2,3805,0.2,0.5,2.5,1.1562939069995384
2,3806,0.2,0.5,2.5,0.3101799111268717
2,3807,0.2,0.5,2.5,0.258336679079898
2,3808,0.2,0.5,2.5,1.4826666885743622
2,3809,0.2,0.5,2.5,0.30488295414087196
2,3810,0.2,0.5,2.5,1.1786267938020187
2,3811,0.2,0.5,2.5,0.7625368356222424
2,3812,0.2,0.5,2.5,0.4698826957831812
2,3813,0.2,0.5,2.5,0.9509661289324596
2,3814,0.2,0.5,2.5,1.2571571146946008
2,3815,0.2,0.5,2.5,0.47926930817663693
2,3816,0.2,0.5,2.5,0.041622482764582365
2,3817,0.2,0.5,2.5,0.9566042725206717
2,3818,0.2,0.5,2.5,0.6365699567568046
2,3819,0.2,0.5,2.5,1.33619667441153
2,3820,0.2,0.5,2.5,0.5716236398787689
2,3821,0.2,0.5,2.5,0.9116343269743595
2,3822,0.2,0.5,2.5,1.3563757761230129
2,3823,0.2,0.5,2.5,0.44508331254905414
2,3824,0.2,0.5,2.5,1.190297816133559
2,3825,0.2,0.5,2.5,0.30663431788978224
2,3826,0.2,0.5,2.5,0.8752962307456938
2,3827,0.2,0.5,2.5,1.13395156379525
2,3828,0.2,0.5,2.5,0.5834048296519716
2,3829,0.2,0.5,2.5,0.47715310438831776
2,3830,0.2,0.5,2.5,0.3616505673451932
2,3831,0.2,0.5,2.5,0.33007883766985463
2,3832,0.2,0.5,2.5,0.41319184009108206
2,3833,0.2,0.5,2.5,0.4777698625568859
2,3834,0.2,0.5,2.5,0.7794915066941649
2,3835,0.2,0.5,2.5,0.4691044231023749
2,3836,0.2,0.5,2.5,0.525770645759831
2,3837,0.2,0.5,2.5,0.5037336447730495
2,3838,0.2,0.5,2.5,0.160675133231029
2,3839,0.2,0.5,2.5,0.42122846321752805
2,3840,0.2,0.5,2.5,0.4827020053226865
2,3841,0.2,0.5,2.5,0.9073703662002783
2,3842,0.2,0.5,2.5,0.255633947518372
2,3843,0.2,0.5,2.5,0.49674388222693183
2,3844,0.2,0.5,2.5,0.19091392230748597
2,3845,0.2,0.5,2.5,0.3108855951299695
2,3846,0.2,0.5,2.5,0.12182356722881259
2,3847,0.2,0.5,2.5,0.7105361700944008
2,3848,0.2,0.5,2.5,0.4359848978896916
2,3849,0.2,0.5,2.5,0.3337932140659707
2,3850,0.2,0.5,2.5,0.5396208773816162
2,3851,0.2,0.5,2.5,0.9002935949399523
2,3852,0.2,0.5,2.5,0.6000046912458179
2,3853,0.2,0.5,2.5,0.2391773679632627
2,3854,0.2,0.5,2.5,0.48855622341784194
2,3855,0.2,0.5,2.5,1.111060831671558
2,3856,0.2,0.5,2.5,0.290935957706675
2,3857,0.2,0.5,2.5,0.40162217022646346
2,3858,0.2,0.5,2.5,0.7329074680261014
2,3859,0.2,0.5,2.5,0.13470903402764264
2,3860,0.2,0.5,2.5,0.6396610384347481
2,3861,0.2,0.5,2.5,0.5446275057478541
2,3862,0.2,0.5,2.5,0.8971244165351807
2,3863,0.2,0.5,2.5,0.1590869647518961
2,3864,0.2,0.5,2.5,0.8360105241115353
2,3865,0.2,0.5,2.5,0.5202832205033225
2,3866,0.2,0.5,2.5,0.7674533956365499
2,3867,0.2,0.5,2.5,1.0330055460898808
2,3868,0.2,0.5,2.5,0.8584087814180714
2,3869,0.2,0.5,2.5,0.6513578306236948
2,3870,0.2,0.5,2.5,0.9652717897479545
2,3871,0.2,0.5,2.5,0.5802622014929381
2,3872,0.2,0.5,2.5,0.6913490434544675
2,3873,0.2,0.5,2.5,0.3337044417084848
2,3874,0.2,0.5,2.5,0.9481450869921492
2,3875,0.2,0.5,2.5,0.7822832888942111
2,3876,0.2,0.5,2.5,1.267069145053822
2,3877,0.2,0.5,2.5,0.8557606333797771
2,3878,0.2,0.5,2.5,0.6104058384346572
2,3879,0.2,0.5,2.5,0.994295127426613
2,3880,0.2,0.5,2.5,0.756942719643001
2,3881,0.2,0.5,2.5,0.2711228876299911
2,3882,0.2,0.5,2.5,0.10401715743439195
2,3883,0.2,0.5,2.5,0.37945360122139643
2,3884,0.2,0.5,2.5,1.2585025145470132
2,3885,0.2,0.5,2.5,0.4937560874880303
2,3886,0.2,0.5,2.5,0.2573024353723211
2,3887,0.2,0.5,2.5,0.728916558839303
2,3888,0.2,0.5,2.5,0.6953322694241838
2,3889,0.2,0.5,2.5,0.7402275327625285
2,3890,0.2,0.5,2.5,0.15821139447186164
2,3891,0.2,0.5,2.5,0.3073452725489371
2,3892,0.2,0.5,2.5,0.6867104329752695
2,3893,0.2,0.5,2.5,0.4610560995638044
2,3894,0.2,0.5,2.5,0.6591766093119898
2,3895,0.2,0.5,2.5,0.6741272039966392
2,3896,0.2,0.5,2.5,0.829279285384623
2,3897,0.2,0.5,2.5,0.640864481804879
2,3898,0.2,0.5,2.5,1.23887905231463
2,3899,0.2,0.5,2.5,0.7474352561721844
2,3900,0.2,0.5,2.5,0.6182210742229195
2,3901,0.2,0.5,2.5,0.32271566796417567
2,3902,0.2,0.5,2.5,0.7343019667833446
2,3903,0.2,0.5,2.5,0.46082863249881006
2,3904,0.2,0.5,2.5,0.8969608915860557
2,3905,0.2,0.5,2.5,0.7229749111040348
2,3906,0.2,0.5,2.5,0.9655394995616761
2,3907,0.2,0.5,2.5,0.3874883831827758
2,3908,0.2,0.5,2.5,0.5616217160882182
2,3909,0.2,0.5,2.5,1.1850351699342987
2,3910,0.2,0.5,2.5,0.8382401982701945
2,3911,0.2,0.5,2.5,0.22010283038399023
2,3912,0.2,0.5,2.5,0.5501462801231982
2,3913,0.2,0.5,2.5,1.1968168861341468
2,3914,0.2,0.5,2.5,0.9707867456175799
2,3915,0.2,0.5,2.5,0.504677387163264
2,3916,0.2,0.5,2.5,0.7715377298612885
2,3917,0.2,0.5,2.5,1.3386942395743753
2,3918,0.2,0.5,2.5,1.5182997203963053
2,3919,0.2,0.5,2.5,0.9692752313631273
2,3920,0.2,0.5,2.5,0.38694171474758904
2,3921,0.2,0.5,2.5,0.7329853586085319
2,3922,0.2,0.5,2.5,0.0559940142061085
2,3923,0.2,0.5,2.5,0.8292274802045072
2,3924,0.2,0.5,2.5,0.28151942456297946
2,3925,0.2,0.5,2.5,0.5511795695666931
2,3926,0.2,0.5,2.5,0.25349570290537815
2,3927,0.2,0.5,2.5,0.9003241107330959
2,3928,0.2,0.5,2.5,0.6599304530074749
2,3929,0.2,0.5,2.5,0.5990888283859441
2,3930,0.2,0.5,2.5,1.005273943205175
2,3931,0.2,0.5,2.5,1.0702423027311225
2,3932,0.2,0.5,2.5,1.0158758411444975
2,3933,0.2,0.5,2.5,0.5808501751145394
2,3934,0.2,0.5,2.5,0.9950322581904156
2,3935,0.2,0.5,2.5,0.8240005072897746
2,3936,0.2,0.5,2.5,0.19225592471550276
2,3937,0.2,0.5,2.5,0.45176859830426846
2,3938,0.2,0.5,2.5,0.5586829819415152
2,3939,0.2,0.5,2.5,0.5817210457569892
2,3940,0.2,0.5,2.5,0.9841806516100665
2,3941,0.2,0.5,2.5,1.2915994195209974
2,3942,0.2,0.5,2.5,0.3596988607937431
2,3943,0.2,0.5,2.5,0.9894852205854732
2,3944,0.2,0.5,2.5,1.0738476637851793
2,3945,0.2,0.5,2.5,0.30036150503489695
2,3946,0.2,0.5,2.5,0.6459365855373792
2,3947,0.2,0.5,2.5,0.32943651063423457
2,3948,0.2,0.5,2.5,0.7396391279726805
2,3949,0.2,0.5,2.5,0.3061685475388234
2,3950,0.2,0.5,2.5,0.250810728690701
2,3951,0.2,0.5,2.5,0.6892914497707573
2,3952,0.2,0.5,2.5,0.4268888807444074
2,3953,0.2,0.5,2.5,0.0694873216143916
2,3954,0.2,0.5,2.5,0.7533881048716229
2,3955,0.2,0.5,2.5,0.15114911134924422
2,3956,0.2,0.5,2.5,0.6201389675928065
2,3957,0.2,0.5,2.5,1.0533365383141673
2,3958,0.2,0.5,2.5,1.3810901961873001
2,3959,0.2,0.5,2.5,0.9204032902805311
2,3960,0.2,0.5,2.5,0.9870257488971271
2,3961,0.2,0.5,2.5,0.9148078840504826
2,3962,0.2,0.5,2.5,0.24464480473747505
2,3963,0.2,0.5,2.5,0.8422406365881265
2,3964,0.2,0.5,2.5,1.170803455407513
2,3965,0.2,0.5,2.5,0.5195123035660874
2,3966,0.2,0.5,2.5,1.2138711945679024
2,3967,0.2,0.5,2.5,0.7816995952641154
2,3968,0.2,0.5,2.5,1.0933348050000746
2,3969,0.2,0.5,2.5,0.16267328023296293
2,3970,0.2,0.5,2.5,0.9730916915790815
2,3971,0.2,0.5,2.5,0.7724352233252214
2,3972,0.2,0.5,2.5,1.1549781788430993
2,3973,0.2,0.5,2.5,0.479126299226661
2,3974,0.2,0.5,2.5,0.5537708396485516
2,3975,0.2,0.5,2.5,0.49471638136517
2,3976,0.2,0.5,2.5,0.878600054016125
2,3977,0.2,0.5,2.5,0.37699843696569424
2,3978,0.2,0.5,2.5,1.190995256751037
2,3979,0.2,0.5,2.5,0.665145134160645
2,3980,0.2,0.5,2.5,1.01754970318397
2,3981,0.2,0.5,2.5,0.41054130513924475
2,3982,0.2,0.5,2.5,0.5629891923305362
2,3983,0.2,0.5,2.5,0.9015738375453693
2,3984,0.2,0.5,2.5,1.1379506170485132
2,3985,0.2,0.5,2.5,0.6110223574279562
2,3986,0.2,0.5,2.5,0.6438073016239508
2,3987,0.2,0.5,2.5,1.2772062033136258
2,3988,0.2,0.5,2.5,1.1238926901198598
2,3989,0.2,0.5,2.5,1.6509032895314442
2,3990,0.2,0.5,2.5,1.5140221671301217
2,3991,0.2,0.5,2.5,0.4599339867935245
2,3992,0.2,0.5,2.5,0.40067611650867413
2,3993,0.2,0.5,2.5,0.0994748585649815
2,3994,0.2,0.5,2.5,1.1125503967327417
2,3995,0.2,0.5,2.5,0.9388010521727307
2,3996,0.2,0.5,2.5,0.7521318116240657
2,3997,0.2,0.5,2.5,0.7699258863408737
2,3998,0.2,0.5,2.5,0.8510726994260138
2,3999,0.2,0.5,2.5,1.027800441970873
2,4000,0.2,0.5,2.5,0.21937632197311244
2,4001,0.2,0.5,2.5,0.5606999382240673
2,4002,0.2,0.5,2.5,0.9185506192222235
2,4003,0.2,0.5,2.5,0.23316741486202078
2,4004,0.2,0.5,2.5,0.741679960915188
2,4005,0.2,0.5,2.5,1.0325653642880943
2,4006,0.2,0.5,2.5,0.3650737848505074
2,4007,0.2,0.5,2.5,1.1952055671017372
2,4008,0.2,0.5,2.5,0.2475688126940919
2,4009,0.2,0.5,2.5,0.328502725050946
2,4010,0.2,0.5,2.5,0.9524203576151861
2,4011,0.2,0.5,2.5,0.9243805182593281
2,4012,0.2,0.5,2.5,0.5616921555980005
2,4013,0.2,0.5,2.5,0.8051977274653327
2,4014,0.2,0.5,2.5,0.5502651434216488
2,4015,0.2,0.5,2.5,0.9151347835452516
2,4016,0.2,0.5,2.5,0.9679267003557104
2,4017,0.2,0.5,2.5,0.9562802720186094
2,4018,0.2,0.5,2.5,1.1299838031512397
2,4019,0.2,0.5,2.5,1.2866347735476145
2,4020,0.2,0.5,2.5,0.8411003908586041
2,4021,0.2,0.5,2.5,0.6707842338431095
2,4022,0.2,0.5,2.5,0.7899790835894431
2,4023,0.2,0.5,2.5,0.6834411145585487
2,4024,0.2,0.5,2.5,0.7233330780460522
2,4025,0.2,0.5,2.5,0.6773114101704056
2,4026,0.2,0.5,2.5,0.43625372774909865
2,4027,0.2,0.5,2.5,0.3066850282276897
2,4028,0.2,0.5,2.5,0.561464700196185
2,4029,0.2,0.5,2.5,0.9851587556960432
2,4030,0.2,0.5,2.5,0.8874016428275268
2,4031,0.2,0.5,2.5,1.0830409300790969
2,4032,0.2,0.5,2.5,1.107018717114621
2,4033,0.2,0.5,2.5,0.8075681009223278
2,4034,0.2,0.5,2.5,0.7081297724741478
2,4035,0.2,0.5,2.5,0.9143886119431599
2,4036,0.2,0.5,2.5,0.6684643420286559
2,4037,0.2,0.5,2.5,0.27522266391561967
2,4038,0.2,0.5,2.5,0.4149458412073517
2,4039,0.2,0.5,2.5,0.5608763298519029
2,4040,0.2,0.5,2.5,0.7735127157806174
2,4041,0.2,0.5,2.5,0.7848433074114225
2,4042,0.2,0.5,2.5,0.7468330687396836
2,4043,0.2,0.5,2.5,1.1208573994218538
2,4044,0.2,0.5,2.5,0.6566386068478606
2,4045,0.2,0.5,2.5,0.502749973894789
2,4046,0.2,0.5,2.5,1.1944105115040715
2,4047,0.2,0.5,2.5,0.5820173794350542
2,4048,0.2,0.5,2.5,0.34155096609541213
2,4049,0.2,0.5,2.5,0.28341408433759613
2,4050,0.2,0.5,2.5,1.0827677868060799
2,4051,0.2,0.5,2.5,1.1114987750128533
2,4052,0.2,0.5,2.5,0.25620374134053786
2,4053,0.2,0.5,2.5,0.6818493243649077
2,4054,0.2,0.5,2.5,0.5779461340031048
2,4055,0.2,0.5,2.5,0.25564976136313367
2,4056,0.2,0.5,2.5,0.27229442139314214
2,4057,0.2,0.5,2.5,0.29494167762028645
2,4058,0.2,0.5,2.5,0.7875050621816884
2,4059,0.2,0.5,2.5,1.087763475257199
2,4060,0.2,0.5,2.5,0.655787215456721
2,4061,0.2,0.5,2.5,0.4267166458281687
2,4062,0.2,0.5,2.5,0.1812625989765982
2,4063,0.2,0.5,2.5,0.3724654226304642
2,4064,0.2,0.5,2.5,1.0059076186182332
2,4065,0.2,0.5,2.5,0.5198482149750949
2,4066,0.2,0.5,2.5,1.0103802913160096
2,4067,0.2,0.5,2.5,0.15450731593431705
2,4068,0.2,0.5,2.5,0.20251510404713194
2,4069,0.2,0.5,2.5,1.0274271844217666
2,4070,0.2,0.5,2.5,0.7615903282545479
2,4071,0.2,0.5,2.5,0.24329567523296394
2,4072,0.2,0.5,2.5,0.15704851446941048
2,4073,0.2,0.5,2.5,0.5452549961058534
2,4074,0.2,0.5,2.5,0.8479998081796467
2,4075,0.2,0.5,2.5,0.6417306768429044
2,4076,0.2,0.5,2.5,1.0434912431393724
2,4077,0.2,0.5,2.5,0.7242845968590671
2,4078,0.2,0.5,2.5,0.8008997936511393
2,4079,0.2,0.5,2.5,0.7137892726339029
2,4080,0.2,0.5,2.5,0.7878796690118404
2,4081,0.2,0.5,2.5,0.5016127517892731
2,4082,0.2,0.5,2.5,0.5205042930511263
2,4083,0.2,0.5,2.5,0.33672014471762257
2,4084,0.2,0.5,2.5,1.3965086194880485
2,4085,0.2,0.5,2.5,0.38350918141583357
2,4086,0.2,0.5,2.5,0.7634547589324917
2,4087,0.2,0.5,2.5,0.20745594845492538
2,4088,0.2,0.5,2.5,0.6211658842718502
2,4089,0.2,0.5,2.5,0.4283523673894609
2,4090,0.2,0.5,2.5,0.26701745998963594
2,4091,0.2,0.5,2.5,0.4872558299492206
2,4092,0.2,0.5,2.5,0.5436512904274383
2,4093,0.2,0.5,2.5,1.5230661634152662
2,4094,0.2,0.5,2.5,0.8022253790896839
2,4095,0.2,0.5,2.5,0.9494481760322404
2,4096,0.2,0.5,2.5,0.3608849229802972
2,4097,0.2,0.5,2.5,0.7314655752877997
2,4098,0.2,0.5,2.5,0.7333288956912977
2,4099,0.2,0.5,2.5,0.8971515697400879
2,4100,0.2,0.5,2.5,1.1733564599780437
2,4101,0.2,0.5,2.5,0.5864630308021245
2,4102,0.2,0.5,2.5,0.7700296145094873
2,4103,0.2,0.5,2.5,0.2923691966329591
2,4104,0.2,0.5,2.5,1.2754544610212133
2,4105,0.2,0.5,2.5,0.43312088674680405
2,4106,0.2,0.5,2.5,0.37118375678625676
2,4107,0.2,0.5,2.5,0.6982805954887519
2,4108,0.2,0.5,2.5,1.153676013264029
2,4109,0.2,0.5,2.5,0.5227929594295124
2,4110,0.2,0.5,2.5,0.2636079493997403
2,4111,0.2,0.5,2.5,1.071047522464699
2,4112,0.2,0.5,2.5,1.0726969836159919
2,4113,0.2,0.5,2.5,0.41504541942813616
2,4114,0.2,0.5,2.5,1.5257025701632854
2,4115,0.2,0.5,2.5,0.7913576268272575
2,4116,0.2,0.5,2.5,0.43309084025070244
2,4117,0.2,0.5,2.5,0.5357420163418797
2,4118,0.2,0.5,2.5,0.35061926877697946
2,4119,0.2,0.5,2.5,0.1497943534982314
2,4120,0.2,0.5,2.5,0.2310560919815824
2,4121,0.2,0.5,2.5,0.20788865728841446
2,4122,0.2,0.5,2.5,0.6906120879973252
2,4123,0.2,0.5,2.5,0.36332480576186577
2,4124,0.2,0.5,2.5,0.22906860578266383
2,4125,0.2,0.5,2.5,0.5449105905219499
2,4126,0.2,0.5,2.5,0.47907463788106047
2,4127,0.2,0.5,2.5,0.8425849269676701
2,4128,0.2,0.5,2.5,0.44411405097409273
2,4129,0.2,0.5,2.5,0.6657180137149482
2,4130,0.2,0.5,2.5,1.2214257234402772
2,4131,0.2,0.5,2.5,0.2777664063977859
2,4132,0.2,0.5,2.5,1.4461830145996983
2,4133,0.2,0.5,2.5,1.151057377403561
2,4134,0.2,0.5,2.5,0.7765364242817938
2,4135,0.2,0.5,2.5,0.12572811023089245
2,4136,0.2,0.5,2.5,0.39519177052489146
2,4137,0.2,0.5,2.5,0.915347303174398
2,4138,0.2,0.5,2.5,1.0911100185760025
2,4139,0.2,0.5,2.5,0.7044929960100215
2,4140,0.2,0.5,2.5,0.5408441343012855
2,4141,0.2,0.5,2.5,0.5098019577673264
2,4142,0.2,0.5,2.5,0.8420359396366047
2,4143,0.2,0.5,2.5,0.37055573706175055
2,4144,0.2,0.5,2.5,1.1294596741611704
2,4145,0.2,0.5,2.5,0.09637115229830243
2,4146,0.2,0.5,2.5,0.30341230065965
2,4147,0.2,0.5,2.5,1.0203006606562008
2,4148,0.2,0.5,2.5,0.6866326634522378
2,4149,0.2,0.5,2.5,0.2966413541665704
2,4150,0.2,0.5,2.5,0.7298020171963192
2,4151,0.2,0.5,2.5,0.4903119578529668
2,4152,0.2,0.5,2.5,0.40589041195381337
2,4153,0.2,0.5,2.5,0.8097834362583222
2,4154,0.2,0.5,2.5,0.6456007431372284
2,4155,0.2,0.5,2.5,0.5901116907813774
2,4156,0.2,0.5,2.5,0.9745668317100992
2,4157,0.2,0.5,2.5,0.4251776280258251
2,4158,0.2,0.5,2.5,0.5434536932541063
2,4159,0.2,0.5,2.5,0.48823414179000024
2,4160,0.2,0.5,2.5,1.2452418064976658
2,4161,0.2,0.5,2.5,0.35202180388115173
2,4162,0.2,0.5,2.5,0.43676897757889926
2,4163,0.2,0.5,2.5,0.629742086189789
2,4164,0.2,0.5,2.5,0.7974552154568356
2,4165,0.2,0.5,2.5,0.7562364620671013
2,4166,0.2,0.5,2.5,0.09110738402549654
2,4167,0.2,0.5,2.5,1.263755037327624
2,4168,0.2,0.5,2.5,0.6725456428577066
2,4169,0.2,0.5,2.5,0.9307002382975188
2,4170,0.2,0.5,2.5,0.38756520876374967
2,4171,0.2,0.5,2.5,0.4465865570381751
2,4172,0.2,0.5,2.5,1.3237724932401917
2,4173,0.2,0.5,2.5,0.6923598490408506
2,4174,0.2,0.5,2.5,1.198074273422277
2,4175,0.2,0.5,2.5,0.6503909633831287
2,4176,0.2,0.5,2.5,0.2556280173866433
2,4177,0.2,0.5,2.5,0.20407394194511652
2,4178,0.2,0.5,2.5,1.2906179606085493
2,4179,0.2,0.5,2.5,0.30885680339564225
2,4180,0.2,0.5,2.5,0.9460726130926189
2,4181,0.2,0.5,2.5,1.5324821895797105
2,4182,0.2,0.5,2.5,0.4993702779556699
2,4183,0.2,0.5,2.5,0.5956960575101224
2,4184,0.2,0.5,2.5,0.7526872841657457
2,4185,0.2,0.5,2.5,0.3802012102560381
2,4186,0.2,0.5,2.5,0.3379052014402612
2,4187,0.2,0.5,2.5,0.5645427973990187
2,4188,0.2,0.5,2.5,0.07403865917106946
2,4189,0.2,0.5,2.5,0.6922656440099015
2,4190,0.2,0.5,2.5,0.8644801372114345
2,4191,0.2,0.5,2.5,0.2479459628466223
2,4192,0.2,0.5,2.5,0.8614049422436241
2,4193,0.2,0.5,2.5,0.5962512724855749
2,4194,0.2,0.5,2.5,0.5850063130678056
2,4195,0.2,0.5,2.5,0.6127489111737173
2,4196,0.2,0.5,2.5,0.7143495758322056
2,4197,0.2,0.5,2.5,1.298986938443621
2,4198,0.2,0.5,2.5,0.47066018741234483
2,4199,0.2,0.5,2.5,0.679177119039647
2,4200,0.2,0.5,2.5,0.8245429739054058
2,4201,0.2,0.5,2.5,0.647485459114602
2,4202,0.2,0.5,2.5,0.3981979854574657
2,4203,0.2,0.5,2.5,1.3412691599253648
2,4204,0.2,0.5,2.5,1.0610817376017818
2,4205,0.2,0.5,2.5,0.6431898355671577
2,4206,0.2,0.5,2.5,0.37771367755957397
2,4207,0.2,0.5,2.5,0.7785832383798267
2,4208,0.2,0.5,2.5,0.5072671402082107
2,4209,0.2,0.5,2.5,0.20141766449718293
2,4210,0.2,0.5,2.5,0.6495987375316307
2,4211,0.2,0.5,2.5,0.8356052784541004
2,4212,0.2,0.5,2.5,0.7218324943406788
2,4213,0.2,0.5,2.5,0.17229063624799001
2,4214,0.2,0.5,2.5,0.3864404197073318
2,4215,0.2,0.5,2.5,0.5430734720291854
2,4216,0.2,0.5,2.5,0.39043951037762253
2,4217,0.2,0.5,2.5,0.5821235484882465
2,4218,0.2,0.5,2.5,0.7647002133454959
2,4219,0.2,0.5,2.5,0.875646895213483
2,4220,0.2,0.5,2.5,1.4399299134754018
2,4221,0.2,0.5,2.5,0.9684640103850493
2,4222,0.2,0.5,2.5,0.45823724228903606
2,4223,0.2,0.5,2.5,0.6651660063270755
2,4224,0.2,0.5,2.5,0.020500226428413666
2,4225,0.2,0.5,2.5,0.34848958751395986
2,4226,0.2,0.5,2.5,0.3707179337117837
2,4227,0.2,0.5,2.5,0.6622895578590713
2,4228,0.2,0.5,2.5,1.42673796540985
2,4229,0.2,0.5,2.5,0.8349314521133796
2,4230,0.2,0.5,2.5,0.1916564855465653
2,4231,0.2,0.5,2.5,0.6049484084024772
2,4232,0.2,0.5,2.5,0.12824057652115217
2,4233,0.2,0.5,2.5,0.2532866352635846
2,4234,0.2,0.5,2.5,1.2496315452337838
2,4235,0.2,0.5,2.5,0.9111299358562209
2,4236,0.2,0.5,2.5,0.49572753084241905
2,4237,0.2,0.5,2.5,0.32999584120874453
2,4238,0.2,0.5,2.5,0.19755717074022563
2,4239,0.2,0.5,2.5,0.7122103965852213
2,4240,0.2,0.5,2.5,0.3695124025221076
2,4241,0.2,0.5,2.5,0.5010011888215153
2,4242,0.2,0.5,2.5,0.20978288959642122
2,4243,0.2,0.5,2.5,0.4633475432443741
2,4244,0.2,0.5,2.5,1.257877954050547
2,4245,0.2,0.5,2.5,0.5721620203986606
2,4246,0.2,0.5,2.5,1.5059432508242334
2,4247,0.2,0.5,2.5,0.41970428884937555
2,4248,0.2,0.5,2.5,0.4892694517093451
2,4249,0.2,0.5,2.5,0.8837075930751502
2,4250,0.2,0.5,2.5,1.1581140549267235
2,4251,0.2,0.5,2.5,0.40022593672729734
2,4252,0.2,0.5,2.5,1.0385041542117415
2,4253,0.2,0.5,2.5,0.6326659523699788
2,4254,0.2,0.5,2.5,0.9400924646166194
2,4255,0.2,0.5,2.5,0.6665874475955478
2,4256,0.2,0.5,2.5,0.6246433755804796
2,4257,0.2,0.5,2.5,1.1814750626638626
2,4258,0.2,0.5,2.5,0.3270714737509745
2,4259,0.2,0.5,2.5,1.152497406846849
2,4260,0.2,0.5,2.5,0.9552416479658276
2,4261,0.2,0.5,2.5,0.6009382177872389
2,4262,0.2,0.5,2.5,0.38146239718992503
2,4263,0.2,0.5,2.5,1.453672627874737
2,4264,0.2,0.5,2.5,0.9840365990108436
2,4265,0.2,0.5,2.5,0.5024681059323781
2,4266,0.2,0.5,2.5,0.8401799132690797
2,4267,0.2,0.5,2.5,0.3501706631087874
2,4268,0.2,0.5,2.5,0.7876595607618184
2,4269,0.2,0.5,2.5,0.10238936587468697
2,4270,0.2,0.5,2.5,0.9599342567914773
2,4271,0.2,0.5,2.5,1.030636278712847
2,4272,0.2,0.5,2.5,0.38050420054611667
2,4273,0.2,0.5,2.5,0.22624654525263516
2,4274,0.2,0.5,2.5,0.4940046812445748
2,4275,0.2,0.5,2.5,0.6623678725095511
2,4276,0.2,0.5,2.5,0.948576725069792
2,4277,0.2,0.5,2.5,0.9989353845773532
2,4278,0.2,0.5,2.5,0.7091447005678759
2,4279,0.2,0.5,2.5,0.8016873096859706
2,4280,0.2,0.5,2.5,1.0609663219033627
2,4281,0.2,0.5,2.5,2.126303790096491
2,4282,0.2,0.5,2.5,0.6319119704321238
2,4283,0.2,0.5,2.5,0.7025880303522839
2,4284,0.2,0.5,2.5,1.4179360346859542
2,4285,0.2,0.5,2.5,0.9172423145411585
2,4286,0.2,0.5,2.5,0.562756532707283
2,4287,0.2,0.5,2.5,0.2452785724073805
2,4288,0.2,0.5,2.5,0.4148909525179365
2,4289,0.2,0.5,2.5,0.7132248514719246
2,4290,0.2,0.5,2.5,1.0077979770442216
2,4291,0.2,0.5,2.5,0.1942029911159471
2,4292,0.2,0.5,2.5,1.1859145943563396
2,4293,0.2,0.5,2.5,0.3303653050554757
2,4294,0.2,0.5,2.5,0.22483733633824943
2,4295,0.2,0.5,2.5,0.4406560942465622
2,4296,0.2,0.5,2.5,0.8491197893526169
2,4297,0.2,0.5,2.5,0.6165947467237027
2,4298,0.2,0.5,2.5,0.24115658004304158
2,4299,0.2,0.5,2.5,0.8778607961795488
2,4300,0.2,0.5,2.5,1.0386285241344584
2,4301,0.2,0.5,2.5,1.6255637189919248
2,4302,0.2,0.5,2.5,1.236195190947798
2,4303,0.2,0.5,2.5,0.5396156254479044
2,4304,0.2,0.5,2.5,0.4194650682794331
2,4305,0.2,0.5,2.5,0.7705288874381623
2,4306,0.2,0.5,2.5,0.30323736879490293
2,4307,0.2,0.5,2.5,0.06318656715283386
2,4308,0.2,0.5,2.5,0.06562871994818337
2,4309,0.2,0.5,2.5,0.4950933503745377
2,4310,0.2,0.5,2.5,0.619364554098327
2,4311,0.2,0.5,2.5,0.3041403642221806
2,4312,0.2,0.5,2.5,0.4960259740433074
2,4313,0.2,0.5,2.5,0.6191090453534787
2,4314,0.2,0.5,2.5,0.9961274519646385
2,4315,0.2,0.5,2.5,0.5105611568063111
2,4316,0.2,0.5,2.5,1.1710569812901181
2,4317,0.2,0.5,2.5,1.4538982253263508
2,4318,0.2,0.5,2.5,1.5645504960834833
2,4319,0.2,0.5,2.5,0.571660287571503
2,4320,0.2,0.5,2.5,0.8796268811960325
2,4321,0.2,0.5,2.5,0.7687049018361596
2,4322,0.2,0.5,2.5,0.4879998416540504
2,4323,0.2,0.5,2.5,1.4195817970126838
2,4324,0.2,0.5,2.5,0.8541224558484488
2,4325,0.2,0.5,2.5,1.2596121939742444
2,4326,0.2,0.5,2.5,0.5392325780034763
2,4327,0.2,0.5,2.5,1.2535898052818617
2,4328,0.2,0.5,2.5,0.9651906864978982
2,4329,0.2,0.5,2.5,0.9806349652788026
2,4330,0.2,0.5,2.5,1.4301415776529425
2,4331,0.2,0.5,2.5,1.1213169826236067
2,4332,0.2,0.5,2.5,0.42509654139167613
2,4333,0.2,0.5,2.5,0.1973700113404422
2,4334,0.2,0.5,2.5,0.37854877509405055
2,4335,0.2,0.5,2.5,0.5057181796243178
2,4336,0.2,0.5,2.5,0.2845764162041297
2,4337,0.2,0.5,2.5,0.6603419812962454
2,4338,0.2,0.5,2.5,1.1636695459697675
2,4339,0.2,0.5,2.5,1.6533631425249937
2,4340,0.2,0.5,2.5,1.3446987313344239
2,4341,0.2,0.5,2.5,0.45652553579378224
2,4342,0.2,0.5,2.5,0.7433385931019408
2,4343,0.2,0.5,2.5,0.690794315308769
2,4344,0.2,0.5,2.5,0.33776167763935905
2,4345,0.2,0.5,2.5,0.3391394501152949
2,4346,0.2,0.5,2.5,0.23009680501114355
2,4347,0.2,0.5,2.5,0.8182158423437811
2,4348,0.2,0.5,2.5,0.3961281503340745
2,4349,0.2,0.5,2.5,1.0375190552706335
2,4350,0.2,0.5,2.5,1.00123045894448
2,4351,0.2,0.5,2.5,0.9083396386649359
2,4352,0.2,0.5,2.5,0.9207720088500365
2,4353,0.2,0.5,2.5,1.0460962247811516
2,4354,0.2,0.5,2.5,0.051067793326591185
2,4355,0.2,0.5,2.5,1.0106331126610686
2,4356,0.2,0.5,2.5,0.534757359375066
2,4357,0.2,0.5,2.5,0.6972919316806593
2,4358,0.2,0.5,2.5,1.0503716818079136
2,4359,0.2,0.5,2.5,1.0288345893466537
2,4360,0.2,0.5,2.5,0.48251757609019413
2,4361,0.2,0.5,2.5,0.7614499507787555
2,4362,0.2,0.5,2.5,0.2258986708964739
2,4363,0.2,0.5,2.5,0.3818021168322033
2,4364,0.2,0.5,2.5,1.0207575148912118
2,4365,0.2,0.5,2.5,1.3584322779040234
2,4366,0.2,0.5,2.5,0.7422213049966756
2,4367,0.2,0.5,2.5,0.4692105715719764
2,4368,0.2,0.5,2.5,0.6268556207439845
2,4369,0.2,0.5,2.5,0.7630852989052564
2,4370,0.2,0.5,2.5,0.4002201049133394
2,4371,0.2,0.5,2.5,0.8227446412823546
2,4372,0.2,0.5,2.5,0.2333927567459136
2,4373,0.2,0.5,2.5,1.0803418207791882
2,4374,0.2,0.5,2.5,0.45399174370544954
2,4375,0.2,0.5,2.5,0.6505738845783811
2,4376,0.2,0.5,2.5,0.4945989591027168
2,4377,0.2,0.5,2.5,0.9241189314135254
2,4378,0.2,0.5,2.5,0.3062096095711126
2,4379,0.2,0.5,2.5,1.043486308327842
2,4380,0.2,0.5,2.5,0.4630193387527029
2,4381,0.2,0.5,2.5,0.44201636179756876
2,4382,0.2,0.5,2.5,0.8456899491325216
2,4383,0.2,0.5,2.5,0.2316868358505024
2,4384,0.2,0.5,2.5,1.0305858172693863
2,4385,0.2,0.5,2.5,0.934251596448908
2,4386,0.2,0.5,2.5,0.37916903288758064
2,4387,0.2,0.5,2.5,0.7282811464729051
2,4388,0.2,0.5,2.5,1.100125324333654
2,4389,0.2,0.5,2.5,0.275464698796384
2,4390,0.2,0.5,2.5,0.9057753625172191
2,4391,0.2,0.5,2.5,0.782380362572071
2,4392,0.2,0.5,2.5,1.2672201900881153
2,4393,0.2,0.5,2.5,0.2228332793001809
2,4394,0.2,0.5,2.5,0.6669607019563959
2,4395,0.2,0.5,2.5,0.37038167425101126
2,4396,0.2,0.5,2.5,0.945463656026935
2,4397,0.2,0.5,2.5,0.48202010712152
2,4398,0.2,0.5,2.5,0.45722274911279986
2,4399,0.2,0.5,2.5,1.2850102942579977
2,4400,0.2,0.5,2.5,1.5180786370786477
2,4401,0.2,0.5,2.5,0.6556275717179605
2,4402,0.2,0.5,2.5,1.0396364255186648
2,4403,0.2,0.5,2.5,0.3576771162289272
2,4404,0.2,0.5,2.5,0.27879103667535093
2,4405,0.2,0.5,2.5,1.1446548722552674
2,4406,0.2,0.5,2.5,0.23213742730039505
2,4407,0.2,0.5,2.5,0.5204291673526166
2,4408,0.2,0.5,2.5,0.6980006980986974
2,4409,0.2,0.5,2.5,0.891873433934711
2,4410,0.2,0.5,2.5,0.7367019521665188
2,4411,0.2,0.5,2.5,0.8523376182446255
2,4412,0.2,0.5,2.5,0.6058618717005346
2,4413,0.2,0.5,2.5,1.4608549523453915
2,4414,0.2,0.5,2.5,1.2131629699127333
2,4415,0.2,0.5,2.5,0.5627898350797834
2,4416,0.2,0.5,2.5,0.640334687041683
2,4417,0.2,0.5,2.5,0.7789685495012355
2,4418,0.2,0.5,2.5,0.3352574182731347
2,4419,0.2,0.5,2.5,0.9603150322006149
2,4420,0.2,0.5,2.5,0.4933984207226381
2,4421,0.2,0.5,2.5,0.367582998600354
2,4422,0.2,0.5,2.5,0.3242949787355797
2,4423,0.2,0.5,2.5,0.42423606361557037
2,4424,0.2,0.5,2.5,0.6856618605335544
2,4425,0.2,0.5,2.5,1.2861141361332167
2,4426,0.2,0.5,2.5,0.6250177964439927
2,4427,0.2,0.5,2.5,0.9710175488994045
2,4428,0.2,0.5,2.5,0.4990505091463996
2,4429,0.2,0.5,2.5,1.1558677376278983
2,4430,0.2,0.5,2.5,0.28842285164050496
2,4431,0.2,0.5,2.5,0.9865565861080029
2,4432,0.2,0.5,2.5,0.17278059179325608
2,4433,0.2,0.5,2.5,1.1290554333977187
2,4434,0.2,0.5,2.5,0.5996158375182238
2,4435,0.2,0.5,2.5,1.276104282829914
2,4436,0.2,0.5,2.5,1.0363775463983493
2,4437,0.2,0.5,2.5,0.5382149914945963
2,4438,0.2,0.5,2.5,0.3855017655298755
2,4439,0.2,0.5,2.5,0.2309129876208944
2,4440,0.2,0.5,2.5,1.276679933264987
2,4441,0.2,0.5,2.5,0.6402212841161464
2,4442,0.2,0.5,2.5,0.6898588320517197
2,4443,0.2,0.5,2.5,0.24121805352078585
2,4444,0.2,0.5,2.5,1.1271810208959685
2,4445,0.2,0.5,2.5,0.8829983377422088
2,4446,0.2,0.5,2.5,0.1396131580197189
2,4447,0.2,0.5,2.5,0.5650052779479946
2,4448,0.2,0.5,2.5,0.6369609591024876
2,4449,0.2,0.5,2.5,0.23880725513197237
2,4450,0.2,0.5,2.5,0.7005990235730446
2,4451,0.2,0.5,2.5,0.7849762324241957
2,4452,0.2,0.5,2.5,0.23241138158107147
2,4453,0.2,0.5,2.5,0.5365195386249949
2,4454,0.2,0.5,2.5,0.5998455770480896
2,4455,0.2,0.5,2.5,0.6591944836204973
2,4456,0.2,0.5,2.5,0.45803371758084943
2,4457,0.2,0.5,2.5,0.9968570947327633
2,4458,0.2,0.5,2.5,0.7531063814849416
2,4459,0.2,0.5,2.5,0.3660998222835997
2,4460,0.2,0.5,2.5,0.9920865894982845
2,4461,0.2,0.5,2.5,1.023104332977834
2,4462,0.2,0.5,2.5,0.7212608600646454
2,4463,0.2,0.5,2.5,1.1387481218389355
2,4464,0.2,0.5,2.5,0.3472978034076109
2,4465,0.2,0.5,2.5,1.193300455654151
2,4466,0.2,0.5,2.5,0.972459161425383
2,4467,0.2,0.5,2.5,0.5611599922851838
2,4468,0.2,0.5,2.5,0.8131335461485898
2,4469,0.2,0.5,2.5,0.5628217596404939
2,4470,0.2,0.5,2.5,0.3321041267288525
2,4471,0.2,0.5,2.5,0.660794103741118
2,4472,0.2,0.5,2.5,0.29202518091245494
2,4473,0.2,0.5,2.5,1.244848847211851
2,4474,0.2,0.5,2.5,0.5321984914714497
2,4475,0.2,0.5,2.5,1.0056039267176253
2,4476,0.2,0.5,2.5,1.0274304209304745
2,4477,0.2,0.5,2.5,0.6174709247292053
2,4478,0.2,0.5,2.5,1.398235036776723
2,4479,0.2,0.5,2.5,0.3608726999099071
2,4480,0.2,0.5,2.5,0.7321414059682828
2,4481,0.2,0.5,2.5,0.8638005381283567
2,4482,0.2,0.5,2.5,0.5323171961866195
2,4483,0.2,0.5,2.5,0.5108430784365727
2,4484,0.2,0.5,2.5,0.46140884642425406
2,4485,0.2,0.5,2.5,0.34081169936848216
2,4486,0.2,0.5,2.5,0.7606779337202487
2,4487,0.2,0.5,2.5,1.0130392664638719
2,4488,0.2,0.5,2.5,0.7506182631779171
2,4489,0.2,0.5,2.5,0.741474006045912
2,4490,0.2,0.5,2.5,0.42471787111298215
2,4491,0.2,0.5,2.5,0.1682374097310201
2,4492,0.2,0.5,2.5,0.9315846064750168
2,4493,0.2,0.5,2.5,0.6342515922069031
2,4494,0.2,0.5,2.5,0.4779898213554096
2,4495,0.2,0.5,2.5,0.6139986519011448
2,4496,0.2,0.5,2.5,0.6553911432914133
2,4497,0.2,0.5,2.5,0.4170254359422894
2,4498,0.2,0.5,2.5,0.921881479658363
2,4499,0.2,0.5,2.5,1.0674534481042288
2,4500,0.2,0.5,2.5,0.9694961066331219
2,4501,0.2,0.5,2.5,0.928633727033566
2,4502,0.2,0.5,2.5,0.40176636531684234
2,4503,0.2,0.5,2.5,1.1979313895428372
2,4504,0.2,0.5,2.5,0.41113512943263175
2,4505,0.2,0.5,2.5,0.629345907595227
2,4506,0.2,0.5,2.5,0.9102863359754638
2,4507,0.2,0.5,2.5,1.119272257457632
2,4508,0.2,0.5,2.5,0.6829855840069552
2,4509,0.2,0.5,2.5,0.7166195803769304
2,4510,0.2,0.5,2.5,0.375266589306264
2,4511,0.2,0.5,2.5,0.6832561215329638
2,4512,0.2,0.5,2.5,0.8824082375326977
2,4513,0.2,0.5,2.5,0.5759264221443333
2,4514,0.2,0.5,2.5,0.31928299421297335
2,4515,0.2,0.5,2.5,0.7992069847059431
2,4516,0.2,0.5,2.5,0.44616628081866005
2,4517,0.2,0.5,2.5,0.8026217604296345
2,4518,0.2,0.5,2.5,1.137429803804757
2,4519,0.2,0.5,2.5,0.3646766003993993
2,4520,0.2,0.5,2.5,0.6253229953919799
2,4521,0.2,0.5,2.5,0.47418402305458135
2,4522,0.2,0.5,2.5,0.37504917852438907
2,4523,0.2,0.5,2.5,0.5251048209023833
2,4524,0.2,0.5,2.5,0.6545804088693719
2,4525,0.2,0.5,2.5,0.5529933360226328
2,4526,0.2,0.5,2.5,0.7518846209202606
2,4527,0.2,0.5,2.5,0.9766448775489768
2,4528,0.2,0.5,2.5,0.42012592089916917
2,4529,0.2,0.5,2.5,0.057561373737015926
2,4530,0.2,0.5,2.5,0.26580046472030316
2,4531,0.2,0.5,2.5,0.6758309520859933
2,4532,0.2,0.5,2.5,0.465824988325021
2,4533,0.2,0.5,2.5,0.9873695379030488
2,4534,0.2,0.5,2.5,0.5649963927251312
2,4535,0.2,0.5,2.5,0.045081507587781365
2,4536,0.2,0.5,2.5,0.557464699769521
2,4537,0.2,0.5,2.5,0.6904624268682705
2,4538,0.2,0.5,2.5,1.3257095576587152
2,4539,0.2,0.5,2.5,0.3349263030601569
2,4540,0.2,0.5,2.5,1.2740138828276595
2,4541,0.2,0.5,2.5,0.5583838945866931
2,4542,0.2,0.5,2.5,0.4423399428358384
2,4543,0.2,0.5,2.5,0.5422897786883347
2,4544,0.2,0.5,2.5,0.7673549198741406
2,4545,0.2,0.5,2.5,0.5194013347296731
2,4546,0.2,0.5,2.5,0.6859250786224272
2,4547,0.2,0.5,2.5,0.4911825424587462
2,4548,0.2,0.5,2.5,0.4440113269073915
2,4549,0.2,0.5,2.5,0.8859958752218857
2,4550,0.2,0.5,2.5,1.042910081982519
2,4551,0.2,0.5,2.5,0.6772948805372185
2,4552,0.2,0.5,2.5,0.8880460419138807
2,4553,0.2,0.5,2.5,0.25534281154126015
2,4554,0.2,0.5,2.5,0.920006084054388
2,4555,0.2,0.5,2.5,0.682524860297341
2,4556,0.2,0.5,2.5,0.8461426750318242
2,4557,0.2,0.5,2.5,0.4803055667860146
2,4558,0.2,0.5,2.5,0.4100115604705534
2,4559,0.2,0.5,2.5,0.18853685432300335
2,4560,0.2,0.5,2.5,0.714931832458462
2,4561,0.2,0.5,2.5,0.060514291520324615
2,4562,0.2,0.5,2.5,0.9094370090148131
2,4563,0.2,0.5,2.5,0.8068030802644284
2,4564,0.2,0.5,2.5,0.445903176060318
2,4565,0.2,0.5,2.5,0.6208385226434395
2,4566,0.2,0.5,2.5,0.7967557244858633
2,4567,0.2,0.5,2.5,0.6336704098197665
2,4568,0.2,0.5,2.5,0.7154800166538663
2,4569,0.2,0.5,2.5,0.05399887233572616
2,4570,0.2,0.5,2.5,0.2876613651028533
2,4571,0.2,0.5,2.5,0.771458094355911
2,4572,0.2,0.5,2.5,0.7135671130257761
2,4573,0.2,0.5,2.5,1.3218804153708517
2,4574,0.2,0.5,2.5,1.4532324610637108
2,4575,0.2,0.5,2.5,1.0187160140986833
2,4576,0.2,0.5,2.5,0.2822763754109481
2,4577,0.2,0.5,2.5,1.3750626845773828
2,4578,0.2,0.5,2.5,0.3087373903907635
2,4579,0.2,0.5,2.5,0.27603229775914934
2,4580,0.2,0.5,2.5,0.15448732328004114
2,4581,0.2,0.5,2.5,0.5016345289100858
2,4582,0.2,0.5,2.5,0.8284164207111482
2,4583,0.2,0.5,2.5,0.6683380491571106
2,4584,0.2,0.5,2.5,0.3112484396079804
2,4585,0.2,0.5,2.5,0.2839189184278563
2,4586,0.2,0.5,2.5,0.9901742106117075
2,4587,0.2,0.5,2.5,1.1671627135239975
2,4588,0.2,0.5,2.5,0.7557745941845454
2,4589,0.2,0.5,2.5,0.7845503283921391
2,4590,0.2,0.5,2.5,1.1641006446493865
2,4591,0.2,0.5,2.5,0.8696388542062679
2,4592,0.2,0.5,2.5,0.7718087702499503
2,4593,0.2,0.5,2.5,0.3069659450126928
2,4594,0.2,0.5,2.5,0.8075518242586087
2,4595,0.2,0.5,2.5,0.3319887187982506
2,4596,0.2,0.5,2.5,0.4549088768222132
2,4597,0.2,0.5,2.5,0.5791507017711225
2,4598,0.2,0.5,2.5,1.1726303452305171
2,4599,0.2,0.5,2.5,0.8120076248963709
2,4600,0.2,0.5,2.5,0.2624993147371809
2,4601,0.2,0.5,2.5,0.3652576955762372
2,4602,0.2,0.5,2.5,0.35819910327637117
2,4603,0.2,0.5,2.5,0.6608945131872161
2,4604,0.2,0.5,2.5,0.3911094993820038
2,4605,0.2,0.5,2.5,0.9735180478253582
2,4606,0.2,0.5,2.5,0.6219334776348966
2,4607,0.2,0.5,2.5,0.6037225606119295
2,4608,0.2,0.5,2.5,0.40318420506036806
2,4609,0.2,0.5,2.5,1.0076898154524254
2,4610,0.2,0.5,2.5,1.0733465383565413
2,4611,0.2,0.5,2.5,0.6205798061225053
2,4612,0.2,0.5,2.5,0.16099225808827963
2,4613,0.2,0.5,2.5,1.2107897643407042
2,4614,0.2,0.5,2.5,0.8513891954841177
2,4615,0.2,0.5,2.5,0.6301779392366063
2,4616,0.2,0.5,2.5,1.0589069162367535
2,4617,0.2,0.5,2.5,0.25387399941733646
2,4618,0.2,0.5,2.5,0.8905858261043901
2,4619,0.2,0.5,2.5,1.0763399943853695
2,4620,0.2,0.5,2.5,0.6556299916268759
2,4621,0.2,0.5,2.5,0.911192433246984
2,4622,0.2,0.5,2.5,0.8314963885668014
2,4623,0.2,0.5,2.5,0.5495674669221188
2,4624,0.2,0.5,2.5,1.0372478961681062
2,4625,0.2,0.5,2.5,0.5265784700667111
2,4626,0.2,0.5,2.5,0.692939540029787
2,4627,0.2,0.5,2.5,0.5327151889377213
2,4628,0.2,0.5,2.5,0.5895000661100817
2,4629,0.2,0.5,2.5,0.9935389347649374
2,4630,0.2,0.5,2.5,1.0418441492365251
2,4631,0.2,0.5,2.5,1.4793904712277586
2,4632,0.2,0.5,2.5,0.21525965653194215
2,4633,0.2,0.5,2.5,0.538387067967496
2,4634,0.2,0.5,2.5,0.2922980412134707
2,4635,0.2,0.5,2.5,0.7661106473218711
2,4636,0.2,0.5,2.5,1.1283849656053566
2,4637,0.2,0.5,2.5,0.9895842122833932
2,4638,0.2,0.5,2.5,0.1549790139270624
2,4639,0.2,0.5,2.5,0.6758644971959273
2,4640,0.2,0.5,2.5,0.8038648299003226
2,4641,0.2,0.5,2.5,0.5238805685769725
2,4642,0.2,0.5,2.5,0.9205310076369159
2,4643,0.2,0.5,2.5,1.0019011986491673
2,4644,0.2,0.5,2.5,0.9249935548924901
2,4645,0.2,0.5,2.5,0.7970737765729277
2,4646,0.2,0.5,2.5,0.854460128505396
2,4647,0.2,0.5,2.5,1.027367549900834
2,4648,0.2,0.5,2.5,0.31502137271617614
2,4649,0.2,0.5,2.5,0.30634946508743865
2,4650,0.2,0.5,2.5,0.2641460576302328
2,4651,0.2,0.5,2.5,0.44168757793321434
2,4652,0.2,0.5,2.5,0.6590979592599989
2,4653,0.2,0.5,2.5,0.7550753640343663
2,4654,0.2,0.5,2.5,0.40043951272183087
2,4655,0.2,0.5,2.5,1.5769703552403933
2,4656,0.2,0.5,2.5,1.0498754292326185
2,4657,0.2,0.5,2.5,0.7948929600603227
2,4658,0.2,0.5,2.5,0.4646043220563175
2,4659,0.2,0.5,2.5,0.34601815722708745
2,4660,0.2,0.5,2.5,0.8482830561806204
2,4661,0.2,0.5,2.5,0.918560009851945
2,4662,0.2,0.5,2.5,0.7107638307141508
2,4663,0.2,0.5,2.5,0.589757479590467
2,4664,0.2,0.5,2.5,0.721077885270965
2,4665,0.2,0.5,2.5,0.6879916379746583
2,4666,0.2,0.5,2.5,0.7588349827494565
2,4667,0.2,0.5,2.5,0.43659747753943107
2,4668,0.2,0.5,2.5,0.7595737235865567
2,4669,0.2,0.5,2.5,0.6258163851830202
2,4670,0.2,0.5,2.5,0.5450613343946517
2,4671,0.2,0.5,2.5,0.7698574158150192
2,4672,0.2,0.5,2.5,0.7874858637327092
2,4673,0.2,0.5,2.5,0.41512121551954834
2,4674,0.2,0.5,2.5,1.1677177375763896
2,4675,0.2,0.5,2.5,1.1668078098016983
2,4676,0.2,0.5,2.5,0.9903054896203033
2,4677,0.2,0.5,2.5,0.9958017733773048
2,4678,0.2,0.5,2.5,0.9281251578833954
2,4679,0.2,0.5,2.5,0.96003560430605
2,4680,0.2,0.5,2.5,0.628910055264207
2,4681,0.2,0.5,2.5,0.7375810798699028
2,4682,0.2,0.5,2.5,0.3828257780674166
2,4683,0.2,0.5,2.5,0.3067882283968593
2,4684,0.2,0.5,2.5,0.5047342478701888
2,4685,0.2,0.5,2.5,0.8835264240176148
2,4686,0.2,0.5,2.5,0.3446669958002995
2,4687,0.2,0.5,2.5,0.7037987652405174
2,4688,0.2,0.5,2.5,0.6903770961601514
2,4689,0.2,0.5,2.5,0.49790098302898894
2,4690,0.2,0.5,2.5,0.6392380082163317
2,4691,0.2,0.5,2.5,0.3181219324490768
2,4692,0.2,0.5,2.5,0.3414889406347341
2,4693,0.2,0.5,2.5,0.7305080554984013
2,4694,0.2,0.5,2.5,0.2207729601891148
2,4695,0.2,0.5,2.5,0.17559580961848872
2,4696,0.2,0.5,2.5,0.63127417817768
2,4697,0.2,0.5,2.5,0.9529363144910731
2,4698,0.2,0.5,2.5,0.9503599033777805
2,4699,0.2,0.5,2.5,1.1259663934548265
2,4700,0.2,0.5,2.5,1.008092969363264
2,4701,0.2,0.5,2.5,0.4194826999537283
2,4702,0.2,0.5,2.5,0.36370116901229826
2,4703,0.2,0.5,2.5,1.5633411690962147
2,4704,0.2,0.5,2.5,0.3590793864451707
2,4705,0.2,0.5,2.5,0.1573046716012383
2,4706,0.2,0.5,2.5,1.348753969430113
2,4707,0.2,0.5,2.5,1.0692231318060388
2,4708,0.2,0.5,2.5,0.49433935511110766
2,4709,0.2,0.5,2.5,0.841825669492329
2,4710,0.2,0.5,2.5,0.4175159604511966
2,4711,0.2,0.5,2.5,0.28172827440789855
2,4712,0.2,0.5,2.5,1.5271837973689537
2,4713,0.2,0.5,2.5,0.09045199339561866
2,4714,0.2,0.5,2.5,1.3686878589561464
2,4715,0.2,0.5,2.5,0.843717936362748
2,4716,0.2,0.5,2.5,0.5479965534969834
2,4717,0.2,0.5,2.5,0.4465689259446951
2,4718,0.2,0.5,2.5,0.8223263105319703
2,4719,0.2,0.5,2.5,0.7391846983866452
2,4720,0.2,0.5,2.5,0.8931337684845915
2,4721,0.2,0.5,2.5,0.740941135938163
2,4722,0.2,0.5,2.5,0.7377589861278967
2,4723,0.2,0.5,2.5,0.058016935393474536
2,4724,0.2,0.5,2.5,0.5342854640804026
2,4725,0.2,0.5,2.5,0.6692341039693158
2,4726,0.2,0.5,2.5,1.3394762115947045
2,4727,0.2,0.5,2.5,0.9240372115662441
2,4728,0.2,0.5,2.5,1.2037477825925036
2,4729,0.2,0.5,2.5,0.9441515085826108
2,4730,0.2,0.5,2.5,0.3971949331801359
2,4731,0.2,0.5,2.5,0.9805395561911631
2,4732,0.2,0.5,2.5,1.6303729383971843
2,4733,0.2,0.5,2.5,0.30312214221416744
2,4734,0.2,0.5,2.5,0.7525890569151434
2,4735,0.2,0.5,2.5,0.6650501961108382
2,4736,0.2,0.5,2.5,0.574396889732882
2,4737,0.2,0.5,2.5,0.2892550415328178
2,4738,0.2,0.5,2.5,0.4971216658948745
2,4739,0.2,0.5,2.5,0.16266525176704827
2,4740,0.2,0.5,2.5,1.1421913166459317
2,4741,0.2,0.5,2.5,0.30313402226880726
2,4742,0.2,0.5,2.5,0.2069710285479266
2,4743,0.2,0.5,2.5,0.9287678909722568
2,4744,0.2,0.5,2.5,0.7713579346508572
2,4745,0.2,0.5,2.5,0.8393995371783868
2,4746,0.2,0.5,2.5,0.9756282569453726
2,4747,0.2,0.5,2.5,0.22121396659008188
2,4748,0.2,0.5,2.5,0.5788099918191061
2,4749,0.2,0.5,2.5,1.0113894028378074
2,4750,0.2,0.5,2.5,1.001291450274926
2,4751,0.2,0.5,2.5,1.3249712263825508
2,4752,0.2,0.5,2.5,1.0490329609934388
2,4753,0.2,0.5,2.5,0.5189879474173805
2,4754,0.2,0.5,2.5,1.0153132197570893
2,4755,0.2,0.5,2.5,0.25612522474537514
2,4756,0.2,0.5,2.5,0.22246891718138828
2,4757,0.2,0.5,2.5,0.6042036368012147
2,4758,0.2,0.5,2.5,0.4467050813918911
2,4759,0.2,0.5,2.5,1.0679402801474154
2,4760,0.2,0.5,2.5,0.47083567780481317
2,4761,0.2,0.5,2.5,0.8224202247755841
2,4762,0.2,0.5,2.5,0.18065418872126554
2,4763,0.2,0.5,2.5,0.5741355119494869
2,4764,0.2,0.5,2.5,0.4779917248461191
2,4765,0.2,0.5,2.5,0.23074442947261287
2,4766,0.2,0.5,2.5,0.6486272446077725
2,4767,0.2,0.5,2.5,0.48320519357808905
2,4768,0.2,0.5,2.5,0.7421294884117855
2,4769,0.2,0.5,2.5,1.3595861225857901
2,4770,0.2,0.5,2.5,0.9645639739419123
2,4771,0.2,0.5,2.5,1.3256205669929084
2,4772,0.2,0.5,2.5,0.7463310065680727
2,4773,0.2,0.5,2.5,0.5966681446675208
2,4774,0.2,0.5,2.5,0.6739839206022501
2,4775,0.2,0.5,2.5,0.30552982082056834
2,4776,0.2,0.5,2.5,0.23310956983450978
2,4777,0.2,0.5,2.5,0.4958355946565048
2,4778,0.2,0.5,2.5,1.316054627946096
2,4779,0.2,0.5,2.5,0.35767811142395567
2,4780,0.2,0.5,2.5,0.9301929831027782
2,4781,0.2,0.5,2.5,0.2049033947029366
2,4782,0.2,0.5,2.5,0.6233979478206245
2,4783,0.2,0.5,2.5,0.7809477631377288
2,4784,0.2,0.5,2.5,0.33473108794331796
2,4785,0.2,0.5,2.5,1.2091072301600274
2,4786,0.2,0.5,2.5,1.2362449716504036
2,4787,0.2,0.5,2.5,0.5827792841327141
2,4788,0.2,0.5,2.5,0.8501011478556404
2,4789,0.2,0.5,2.5,0.4682160564234762
2,4790,0.2,0.5,2.5,0.4626867526926797
2,4791,0.2,0.5,2.5,0.4849009157059882
2,4792,0.2,0.5,2.5,0.5246306361092609
2,4793,0.2,0.5,2.5,0.6085825433472447
2,4794,0.2,0.5,2.5,0.4323608199095706
2,4795,0.2,0.5,2.5,0.1797687651790299
2,4796,0.2,0.5,2.5,0.41088902768046165
2,4797,0.2,0.5,2.5,0.30057456856807757
2,4798,0.2,0.5,2.5,0.2802499014727787
2,4799,0.2,0.5,2.5,0.6915178658189546
2,4800,0.2,0.5,2.5,0.4312124396833694
2,4801,0.2,0.5,2.5,0.7097964384538914
2,4802,0.2,0.5,2.5,0.26476648881953463
2,4803,0.2,0.5,2.5,0.8097941611530175
2,4804,0.2,0.5,2.5,0.5396938459925282
2,4805,0.2,0.5,2.5,0.6857188610388121
2,4806,0.2,0.5,2.5,0.5407612758948398
2,4807,0.2,0.5,2.5,1.004725216408064
2,4808,0.2,0.5,2.5,0.43421714829324953
2,4809,0.2,0.5,2.5,0.4170850944663175
2,4810,0.2,0.5,2.5,0.3926632302011544
2,4811,0.2,0.5,2.5,0.6954745123777003
2,4812,0.2,0.5,2.5,0.8559970611900518
2,4813,0.2,0.5,2.5,0.14732471155366883
2,4814,0.2,0.5,2.5,0.2686654942803874
2,4815,0.2,0.5,2.5,0.7395592770366101
2,4816,0.2,0.5,2.5,0.5466037193395671
2,4817,0.2,0.5,2.5,0.6388859350830614
2,4818,0.2,0.5,2.5,1.0599871540020969
2,4819,0.2,0.5,2.5,0.5415122182461416
2,4820,0.2,0.5,2.5,0.5581249327024494
2,4821,0.2,0.5,2.5,0.8646603375688056
2,4822,0.2,0.5,2.5,0.9314941943901671
2,4823,0.2,0.5,2.5,0.4467355320970417
2,4824,0.2,0.5,2.5,0.23628730398873538
2,4825,0.2,0.5,2.5,0.5624620089490994
2,4826,0.2,0.5,2.5,0.486217739534103
2,4827,0.2,0.5,2.5,0.988449529773746
2,4828,0.2,0.5,2.5,0.546490095384814
2,4829,0.2,0.5,2.5,1.1746531657365933
2,4830,0.2,0.5,2.5,0.5789027697494661
2,4831,0.2,0.5,2.5,0.9597455074301555
2,4832,0.2,0.5,2.5,0.7638361973504973
2,4833,0.2,0.5,2.5,1.0234618309874572
2,4834,0.2,0.5,2.5,0.4461018805452877
2,4835,0.2,0.5,2.5,1.0665624639369893
2,4836,0.2,0.5,2.5,0.7784971039679083
2,4837,0.2,0.5,2.5,1.6132562309547132
2,4838,0.2,0.5,2.5,0.7443586461332148
2,4839,0.2,0.5,2.5,0.8898576314215566
2,4840,0.2,0.5,2.5,0.5079310565557204
2,4841,0.2,0.5,2.5,0.5334629845123693
2,4842,0.2,0.5,2.5,1.0160137091950032
2,4843,0.2,0.5,2.5,0.6228316274643758
2,4844,0.2,0.5,2.5,1.0478366008872946
2,4845,0.2,0.5,2.5,0.3460690119231051
2,4846,0.2,0.5,2.5,0.5718317652655518
2,4847,0.2,0.5,2.5,1.0520314395093644
2,4848,0.2,0.5,2.5,0.4620954842686389
2,4849,0.2,0.5,2.5,0.7366358112091466
2,4850,0.2,0.5,2.5,1.0665240795853703
2,4851,0.2,0.5,2.5,0.40406543107711046
2,4852,0.2,0.5,2.5,0.5323861906491026
2,4853,0.2,0.5,2.5,0.7603384481778553
2,4854,0.2,0.5,2.5,0.8190837834597081
2,4855,0.2,0.5,2.5,0.6446327910073543
2,4856,0.2,0.5,2.5,0.4875027413267499
2,4857,0.2,0.5,2.5,0.13271927408350598
2,4858,0.2,0.5,2.5,0.34390636241187844
2,4859,0.2,0.5,2.5,0.2229990373135908
2,4860,0.2,0.5,2.5,0.9655728265308336
2,4861,0.2,0.5,2.5,0.769371016780748
2,4862,0.2,0.5,2.5,0.8709534448660405
2,4863,0.2,0.5,2.5,0.4204946482897209
2,4864,0.2,0.5,2.5,0.49946555399508963
2,4865,0.2,0.5,2.5,0.43181502894272095
2,4866,0.2,0.5,2.5,0.7414107130321146
2,4867,0.2,0.5,2.5,0.3110098633991735
2,4868,0.2,0.5,2.5,0.38235639058223614
2,4869,0.2,0.5,2.5,0.09810495318719106
2,4870,0.2,0.5,2.5,0.6934186714340966
2,4871,0.2,0.5,2.5,0.486930523736023
2,4872,0.2,0.5,2.5,0.8767087352638738
2,4873,0.2,0.5,2.5,0.5865390220226592
2,4874,0.2,0.5,2.5,0.7726732148006378
2,4875,0.2,0.5,2.5,0.866335764813658
2,4876,0.2,0.5,2.5,0.1816108882056894
2,4877,0.2,0.5,2.5,0.6669665873099175
2,4878,0.2,0.5,2.5,0.7455027606699242
2,4879,0.2,0.5,2.5,0.44820488494759786
2,4880,0.2,0.5,2.5,0.5880032750327637
2,4881,0.2,0.5,2.5,1.0152733405625871
2,4882,0.2,0.5,2.5,1.5559742875149147
2,4883,0.2,0.5,2.5,0.9093383199714762
2,4884,0.2,0.5,2.5,0.2894628096200625
2,4885,0.2,0.5,2.5,1.3889304684990729
2,4886,0.2,0.5,2.5,1.0261922233121783
2,4887,0.2,0.5,2.5,0.5676215126425985
2,4888,0.2,0.5,2.5,0.9634540530006852
2,4889,0.2,0.5,2.5,0.9621393040455932
2,4890,0.2,0.5,2.5,0.32827727065042933
2,4891,0.2,0.5,2.5,0.8024439769549061
2,4892,0.2,0.5,2.5,1.4373749749541411
2,4893,0.2,0.5,2.5,0.7929761216423049
2,4894,0.2,0.5,2.5,0.7596061590971739
2,4895,0.2,0.5,2.5,0.810981527755246
2,4896,0.2,0.5,2.5,0.6920126883295248
2,4897,0.2,0.5,2.5,0.5466616248023317
2,4898,0.2,0.5,2.5,0.7292975605263503
2,4899,0.2,0.5,2.5,0.4271512763846307
2,4900,0.2,0.5,2.5,0.6087216525741952
2,4901,0.2,0.5,2.5,0.47044324885425015
2,4902,0.2,0.5,2.5,1.5202629135918813
2,4903,0.2,0.5,2.5,0.9170486224756351
2,4904,0.2,0.5,2.5,0.9978522178210962
2,4905,0.2,0.5,2.5,0.2678923608851084
2,4906,0.2,0.5,2.5,1.6123001465987348
2,4907,0.2,0.5,2.5,0.43274936827495586
2,4908,0.2,0.5,2.5,0.4201016773733968
2,4909,0.2,0.5,2.5,0.790296039065792
2,4910,0.2,0.5,2.5,0.6478272858956312
2,4911,0.2,0.5,2.5,0.14374002723643564
2,4912,0.2,0.5,2.5,0.39780244665776526
2,4913,0.2,0.5,2.5,1.1665357567080208
2,4914,0.2,0.5,2.5,1.3232211202195354
2,4915,0.2,0.5,2.5,0.0457119259754167
2,4916,0.2,0.5,2.5,1.538017358721515
2,4917,0.2,0.5,2.5,1.2426594812730543
2,4918,0.2,0.5,2.5,1.6453063946688373
2,4919,0.2,0.5,2.5,0.5800506443095783
2,4920,0.2,0.5,2.5,0.31794736578342764
2,4921,0.2,0.5,2.5,0.8551943929808902
2,4922,0.2,0.5,2.5,0.2464575532418664
2,4923,0.2,0.5,2.5,1.405703193943632
2,4924,0.2,0.5,2.5,0.22783764886260024
2,4925,0.2,0.5,2.5,0.6874753267999111
2,4926,0.2,0.5,2.5,0.4943515828160767
2,4927,0.2,0.5,2.5,0.32905228750621884
2,4928,0.2,0.5,2.5,0.6988748005885814
2,4929,0.2,0.5,2.5,0.29917501607140456
2,4930,0.2,0.5,2.5,0.9620288433187649
2,4931,0.2,0.5,2.5,0.626824446000715
2,4932,0.2,0.5,2.5,0.18067134389148684
2,4933,0.2,0.5,2.5,0.769870334676276
2,4934,0.2,0.5,2.5,0.08122058462119475
2,4935,0.2,0.5,2.5,0.8277669877555797
2,4936,0.2,0.5,2.5,0.9906992609424489
2,4937,0.2,0.5,2.5,0.3402819756355068
2,4938,0.2,0.5,2.5,1.0615274343642078
2,4939,0.2,0.5,2.5,1.2346128170066735
2,4940,0.2,0.5,2.5,1.1492295797065786
2,4941,0.2,0.5,2.5,0.6508233193796932
2,4942,0.2,0.5,2.5,0.7206219176639724
2,4943,0.2,0.5,2.5,0.38537119006997805
2,4944,0.2,0.5,2.5,0.5822140262142643
2,4945,0.2,0.5,2.5,1.0233841644963175
2,4946,0.2,0.5,2.5,0.729667644169986
2,4947,0.2,0.5,2.5,0.646428761920661
2,4948,0.2,0.5,2.5,0.4581925810461635
2,4949,0.2,0.5,2.5,0.2715369575314528
2,4950,0.2,0.5,2.5,0.5150100150034983
2,4951,0.2,0.5,2.5,0.5509414508053422
2,4952,0.2,0.5,2.5,0.7153209615326049
2,4953,0.2,0.5,2.5,0.5111630135344934
2,4954,0.2,0.5,2.5,0.7782994036985562
2,4955,0.2,0.5,2.5,0.2110018826211106
2,4956,0.2,0.5,2.5,0.6470293049195638
2,4957,0.2,0.5,2.5,0.37073157359023384
2,4958,0.2,0.5,2.5,0.28706857018739995
2,4959,0.2,0.5,2.5,0.8543526019301205
2,4960,0.2,0.5,2.5,0.5122523306637883
2,4961,0.2,0.5,2.5,1.4047428101389583
2,4962,0.2,0.5,2.5,0.1102521321128695
2,4963,0.2,0.5,2.5,1.4675257888286004
2,4964,0.2,0.5,2.5,0.30532869346573377
2,4965,0.2,0.5,2.5,0.658510483036967
2,4966,0.2,0.5,2.5,0.9422887620357242
2,4967,0.2,0.5,2.5,0.5278819937820479
2,4968,0.2,0.5,2.5,0.9541541459716477
2,4969,0.2,0.5,2.5,0.3692073283808743
2,4970,0.2,0.5,2.5,0.70391676258918
2,4971,0.2,0.5,2.5,0.6118276640689053
2,4972,0.2,0.5,2.5,1.7525140611318024
2,4973,0.2,0.5,2.5,0.6869641937922605
2,4974,0.2,0.5,2.5,0.7944594053919498
2,4975,0.2,0.5,2.5,0.8687879297657688
2,4976,0.2,0.5,2.5,1.1930899769091572
2,4977,0.2,0.5,2.5,1.0096980032564526
2,4978,0.2,0.5,2.5,0.45921020271734236
2,4979,0.2,0.5,2.5,1.4787934617548701
2,4980,0.2,0.5,2.5,0.5382466480659392
2,4981,0.2,0.5,2.5,0.9353681522810575
2,4982,0.2,0.5,2.5,0.664747375208681
2,4983,0.2,0.5,2.5,0.969976416205382
2,4984,0.2,0.5,2.5,0.8781269539539198
2,4985,0.2,0.5,2.5,0.4406650746061985
2,4986,0.2,0.5,2.5,0.631716537521065
2,4987,0.2,0.5,2.5,0.48242860532901194
2,4988,0.2,0.5,2.5,0.857080115811322
2,4989,0.2,0.5,2.5,1.250473438881605
2,4990,0.2,0.5,2.5,0.7528885669969989
2,4991,0.2,0.5,2.5,0.2826390595523617
2,4992,0.2,0.5,2.5,0.6058718730041263
2,4993,0.2,0.5,2.5,0.11979736821734072
2,4994,0.2,0.5,2.5,0.4289128722301022
2,4995,0.2,0.5,2.5,0.603192640185697
2,4996,0.2,0.5,2.5,0.306256590898468
2,4997,0.2,0.5,2.5,0.7192853061807373
2,4998,0.2,0.5,2.5,0.5926210149776894
2,4999,0.2,0.5,2.5,0.8545969198592441
2,5000,0.2,0.5,2.5,0.9399405870728816
2,5001,0.2,0.5,2.5,0.720278962368447
2,5002,0.2,0.5,2.5,0.5148950838825223
2,5003,0.2,0.5,2.5,0.08706723202914562
2,5004,0.2,0.5,2.5,1.5373365228571294
2,5005,0.2,0.5,2.5,0.5182479445102809
2,5006,0.2,0.5,2.5,0.7513227704070129
2,5007,0.2,0.5,2.5,0.5859191328564259
2,5008,0.2,0.5,2.5,0.5508497021884852
2,5009,0.2,0.5,2.5,0.8290105235757486
2,5010,0.2,0.5,2.5,0.6942692200489564
2,5011,0.2,0.5,2.5,0.6842243400649424
2,5012,0.2,0.5,2.5,0.7638309858303645
2,5013,0.2,0.5,2.5,0.5882158045094169
2,5014,0.2,0.5,2.5,0.7676494224513819
2,5015,0.2,0.5,2.5,0.4780007874609894
2,5016,0.2,0.5,2.5,0.3261746606589704
2,5017,0.2,0.5,2.5,0.17103346037266123
2,5018,0.2,0.5,2.5,0.9617380354940174
2,5019,0.2,0.5,2.5,0.517496084544834
2,5020,0.2,0.5,2.5,0.8857479624320832
2,5021,0.2,0.5,2.5,0.6707012696368188
2,5022,0.2,0.5,2.5,0.4175388000655463
2,5023,0.2,0.5,2.5,0.7508086871362836
2,5024,0.2,0.5,2.5,0.5804655557872856
2,5025,0.2,0.5,2.5,0.9674016512702052
2,5026,0.2,0.5,2.5,0.4822491059888724
2,5027,0.2,0.5,2.5,0.6964998714224898
2,5028,0.2,0.5,2.5,0.4596871797359728
2,5029,0.2,0.5,2.5,0.31829022665958845
2,5030,0.2,0.5,2.5,0.7517330421779626
2,5031,0.2,0.5,2.5,0.47477725277863886
2,5032,0.2,0.5,2.5,0.1989226929584956
2,5033,0.2,0.5,2.5,0.931367931848319
2,5034,0.2,0.5,2.5,0.3762444666907723
2,5035,0.2,0.5,2.5,0.21438583643945378
2,5036,0.2,0.5,2.5,0.9408494686657578
2,5037,0.2,0.5,2.5,0.14383185765259468
2,5038,0.2,0.5,2.5,1.0055563994804007
2,5039,0.2,0.5,2.5,0.23460593025310233
2,5040,0.2,0.5,2.5,1.1727735848906324
2,5041,0.2,0.5,2.5,1.172087493789049
2,5042,0.2,0.5,2.5,0.6106909000052739
2,5043,0.2,0.5,2.5,0.5269495678766635
2,5044,0.2,0.5,2.5,0.6018140451267663
2,5045,0.2,0.5,2.5,0.5750585631342485
2,5046,0.2,0.5,2.5,0.3967154879948611
2,5047,0.2,0.5,2.5,0.2286169220488663
2,5048,0.2,0.5,2.5,1.2623740075773886
2,5049,0.2,0.5,2.5,0.21401063335485815
2,5050,0.2,0.5,2.5,0.5254679354312156
2,5051,0.2,0.5,2.5,0.4270855012623512
2,5052,0.2,0.5,2.5,0.6872573971080783
2,5053,0.2,0.5,2.5,0.7689636546326264
2,5054,0.2,0.5,2.5,0.4188272455088668
2,5055,0.2,0.5,2.5,0.7422329641432098
2,5056,0.2,0.5,2.5,0.2564713209491226
2,5057,0.2,0.5,2.5,0.5596652785374887
2,5058,0.2,0.5,2.5,0.500857609755833
2,5059,0.2,0.5,2.5,1.3865896790254644
2,5060,0.2,0.5,2.5,0.9894042885824226
2,5061,0.2,0.5,2.5,0.943225897524635
2,5062,0.2,0.5,2.5,0.5176605537048973
2,5063,0.2,0.5,2.5,0.9886609419205653
2,5064,0.2,0.5,2.5,0.6085204066662077
2,5065,0.2,0.5,2.5,1.3936593598074192
2,5066,0.2,0.5,2.5,0.16386788133100377
2,5067,0.2,0.5,2.5,0.7186349853136678
2,5068,0.2,0.5,2.5,0.9705391416899923
2,5069,0.2,0.5,2.5,0.36445685711912257
2,5070,0.2,0.5,2.5,0.6726521271423291
2,5071,0.2,0.5,2.5,0.6446932825761778
2,5072,0.2,0.5,2.5,0.11508709702308331
2,5073,0.2,0.5,2.5,0.3637932354766202
2,5074,0.2,0.5,2.5,0.7137216737198852
2,5075,0.2,0.5,2.5,0.21255147927094395
2,5076,0.2,0.5,2.5,0.7717154597829947
2,5077,0.2,0.5,2.5,0.8160362813079801
2,5078,0.2,0.5,2.5,0.5759255455388448
2,5079,0.2,0.5,2.5,0.6935465372533202
2,5080,0.2,0.5,2.5,0.5776888902001529
2,5081,0.2,0.5,2.5,0.6332683363135839
2,5082,0.2,0.5,2.5,0.6822788509279476
2,5083,0.2,0.5,2.5,0.5430789861049224
2,5084,0.2,0.5,2.5,0.12169972786495238
2,5085,0.2,0.5,2.5,1.1537217381780136
2,5086,0.2,0.5,2.5,1.1450661121646522
2,5087,0.2,0.5,2.5,0.4634447675260993
2,5088,0.2,0.5,2.5,0.5200954022842134
2,5089,0.2,0.5,2.5,0.5998182205466582
2,5090,0.2,0.5,2.5,0.6433272216114206
2,5091,0.2,0.5,2.5,1.0091424080011673
2,5092,0.2,0.5,2.5,1.1896018593820235
2,5093,0.2,0.5,2.5,0.7289828287777084
2,5094,0.2,0.5,2.5,1.2619394375286765
2,5095,0.2,0.5,2.5,0.04466363159828584
2,5096,0.2,0.5,2.5,0.9396647391893366
2,5097,0.2,0.5,2.5,0.7486287054045573
2,5098,0.2,0.5,2.5,0.45010796991245927
2,5099,0.2,0.5,2.5,0.4126687062532764
2,5100,0.2,0.5,2.5,0.8136574177298506
2,5101,0.2,0.5,2.5,0.6549641956358307
2,5102,0.2,0.5,2.5,0.9055648864072016
2,5103,0.2,0.5,2.5,0.8995618090278942
2,5104,0.2,0.5,2.5,0.964185444021791
2,5105,0.2,0.5,2.5,1.0653930411475725
2,5106,0.2,0.5,2.5,0.9507580232690707
2,5107,0.2,0.5,2.5,0.7772214645961082
2,5108,0.2,0.5,2.5,1.2495674320063297
2,5109,0.2,0.5,2.5,0.5654344630536478
2,5110,0.2,0.5,2.5,0.9014821753292338
2,5111,0.2,0.5,2.5,0.9783222992742766
2,5112,0.2,0.5,2.5,0.19051690183486228
2,5113,0.2,0.5,2.5,1.2278920208547577
2,5114,0.2,0.5,2.5,0.0884430619684324
2,5115,0.2,0.5,2.5,0.7770279023537013
2,5116,0.2,0.5,2.5,1.2353465690265226
2,5117,0.2,0.5,2.5,1.1875865862816313
2,5118,0.2,0.5,2.5,0.5742087107708974
2,5119,0.2,0.5,2.5,0.4726694387269959
2,5120,0.2,0.5,2.5,0.47264011084120944
2,5121,0.2,0.5,2.5,0.3509476295570714
2,5122,0.2,0.5,2.5,0.5009261556363621
2,5123,0.2,0.5,2.5,0.3511641821197746
2,5124,0.2,0.5,2.5,0.20814772274054108
2,5125,0.2,0.5,2.5,0.59506612737208
2,5126,0.2,0.5,2.5,0.5719299773742833
2,5127,0.2,0.5,2.5,0.9282751260039903
2,5128,0.2,0.5,2.5,0.696954779778249
2,5129,0.2,0.5,2.5,1.160677649490689
2,5130,0.2,0.5,2.5,1.0125315475266998
2,5131,0.2,0.5,2.5,1.6247463199567995
2,5132,0.2,0.5,2.5,0.5941972823427661
2,5133,0.2,0.5,2.5,1.1632808557281766
2,5134,0.2,0.5,2.5,0.6574717491886249
2,5135,0.2,0.5,2.5,1.0125498314720187
2,5136,0.2,0.5,2.5,1.054475653789858
2,5137,0.2,0.5,2.5,1.6126138074330556
2,5138,0.2,0.5,2.5,0.47561662026478213
2,5139,0.2,0.5,2.5,1.0313365366989808
2,5140,0.2,0.5,2.5,0.987301030439267
2,5141,0.2,0.5,2.5,1.0373852875370624
2,5142,0.2,0.5,2.5,0.4133406586043718
2,5143,0.2,0.5,2.5,0.15074885554453177
2,5144,0.2,0.5,2.5,0.9757325721873241
2,5145,0.2,0.5,2.5,1.3811820623322142
2,5146,0.2,0.5,2.5,1.3441405374249311
2,5147,0.2,0.5,2.5,0.8403089864891629
2,5148,0.2,0.5,2.5,0.7179157714838135
2,5149,0.2,0.5,2.5,0.9579263664980878
2,5150,0.2,0.5,2.5,0.635948642652227
2,5151,0.2,0.5,2.5,0.965234564988464
2,5152,0.2,0.5,2.5,0.6094442893305533
2,5153,0.2,0.5,2.5,0.7765937961028611
2,5154,0.2,0.5,2.5,0.4681909770924628
2,5155,0.2,0.5,2.5,1.3639347874700198
2,5156,0.2,0.5,2.5,0.6934487771880933
2,5157,0.2,0.5,2.5,0.908783957239024
2,5158,0.2,0.5,2.5,1.1966313702140121
2,5159,0.2,0.5,2.5,0.5513268089709614
2,5160,0.2,0.5,2.5,0.6357803197620937
2,5161,0.2,0.5,2.5,0.9763379381367366
2,5162,0.2,0.5,2.5,0.5593182447609999
2,5163,0.2,0.5,2.5,0.9415218287426507
2,5164,0.2,0.5,2.5,0.7320432380535683
2,5165,0.2,0.5,2.5,0.5115181437065767
2,5166,0.2,0.5,2.5,0.5813015307395148
2,5167,0.2,0.5,2.5,0.27471757115318324
2,5168,0.2,0.5,2.5,0.10755474461850033
2,5169,0.2,0.5,2.5,1.0221569416320033
2,5170,0.2,0.5,2.5,0.4286870717120223
2,5171,0.2,0.5,2.5,0.5896296051809096
2,5172,0.2,0.5,2.5,0.26172337119827743
2,5173,0.2,0.5,2.5,0.9226604414704853
2,5174,0.2,0.5,2.5,0.7385231622019954
2,5175,0.2,0.5,2.5,0.5487932124940986
2,5176,0.2,0.5,2.5,1.0795986941296323
2,5177,0.2,0.5,2.5,0.7830188502503584
2,5178,0.2,0.5,2.5,0.5860224498817792
2,5179,0.2,0.5,2.5,0.4423274785983484
2,5180,0.2,0.5,2.5,0.8783385232254856
2,5181,0.2,0.5,2.5,1.0277756942083562
2,5182,0.2,0.5,2.5,0.1581896191669335
2,5183,0.2,0.5,2.5,0.1905877377327035
2,5184,0.2,0.5,2.5,1.1425349257831294
2,5185,0.2,0.5,2.5,0.795398129415266
2,5186,0.2,0.5,2.5,0.031282899050571945
2,5187,0.2,0.5,2.5,1.3761663722236441
2,5188,0.2,0.5,2.5,0.30914306403738795
2,5189,0.2,0.5,2.5,0.66326153113918
2,5190,0.2,0.5,2.5,0.44126151363101246
2,5191,0.2,0.5,2.5,0.49831962173097577
2,5192,0.2,0.5,2.5,0.21239387049296046
2,5193,0.2,0.5,2.5,0.6199553626934196
2,5194,0.2,0.5,2.5,0.8994762449477705
2,5195,0.2,0.5,2.5,1.0670497920432545
2,5196,0.2,0.5,2.5,0.2390899696919224
2,5197,0.2,0.5,2.5,0.5908054295718429
2,5198,0.2,0.5,2.5,1.0306669409353078
2,5199,0.2,0.5,2.5,0.5429305501084685
2,5200,0.2,0.5,2.5,0.27192774014634846
2,5201,0.2,0.5,2.5,1.0880073333075717
2,5202,0.2,0.5,2.5,0.8049481337798828
2,5203,0.2,0.5,2.5,0.6737763998900029
2,5204,0.2,0.5,2.5,0.685201634698353
2,5205,0.2,0.5,2.5,0.49626897766802625
2,5206,0.2,0.5,2.5,0.5488776041464254
2,5207,0.2,0.5,2.5,0.5527359797914723
2,5208,0.2,0.5,2.5,0.6478558733562193
2,5209,0.2,0.5,2.5,0.4015768213003217
2,5210,0.2,0.5,2.5,0.4566344990805142
2,5211,0.2,0.5,2.5,0.5718175726499435
2,5212,0.2,0.5,2.5,0.274245410069727
2,5213,0.2,0.5,2.5,1.0509374251040884
2,5214,0.2,0.5,2.5,0.4194239718955802
2,5215,0.2,0.5,2.5,0.49164887969856513
2,5216,0.2,0.5,2.5,1.3976063792783795
2,5217,0.2,0.5,2.5,0.09966582127316634
2,5218,0.2,0.5,2.5,0.4622730901009848
2,5219,0.2,0.5,2.5,0.1548116672532568
2,5220,0.2,0.5,2.5,1.000261166161479
2,5221,0.2,0.5,2.5,0.8800534458712256
2,5222,0.2,0.5,2.5,0.3434530027952542
2,5223,0.2,0.5,2.5,0.39078805155906743
2,5224,0.2,0.5,2.5,0.4114212310787498
2,5225,0.2,0.5,2.5,0.7085158688325782
2,5226,0.2,0.5,2.5,0.2203777036909616
2,5227,0.2,0.5,2.5,1.2735718563513656
2,5228,0.2,0.5,2.5,0.8734567247952427
2,5229,0.2,0.5,2.5,0.4781769037021497
2,5230,0.2,0.5,2.5,0.6251556580564047
2,5231,0.2,0.5,2.5,0.613543436805835
2,5232,0.2,0.5,2.5,0.47202953203360287
2,5233,0.2,0.5,2.5,0.18065658803100734
2,5234,0.2,0.5,2.5,1.8351313503215279
2,5235,0.2,0.5,2.5,0.22126365757518196
2,5236,0.2,0.5,2.5,0.5436996432172884
2,5237,0.2,0.5,2.5,0.4200616652682099
2,5238,0.2,0.5,2.5,0.44628118746106554
2,5239,0.2,0.5,2.5,0.9618365855253701
2,5240,0.2,0.5,2.5,0.6321910987835547
2,5241,0.2,0.5,2.5,1.4430342204087068
2,5242,0.2,0.5,2.5,0.39800432204111497
2,5243,0.2,0.5,2.5,0.25484054654609983
2,5244,0.2,0.5,2.5,0.6335065093822118
2,5245,0.2,0.5,2.5,0.2339013385556432
2,5246,0.2,0.5,2.5,1.0270355835010694
2,5247,0.2,0.5,2.5,1.7356855689020678
2,5248,0.2,0.5,2.5,0.35466098193560675
2,5249,0.2,0.5,2.5,0.4559228268668291
2,5250,0.2,0.5,2.5,0.2660616633253597
2,5251,0.2,0.5,2.5,0.39239487443342047
2,5252,0.2,0.5,2.5,0.4715819776424119
2,5253,0.2,0.5,2.5,0.7627465357754266
2,5254,0.2,0.5,2.5,0.6813659290964169
2,5255,0.2,0.5,2.5,0.7649921584670463
2,5256,0.2,0.5,2.5,0.3486456158772799
2,5257,0.2,0.5,2.5,0.7730485962495078
2,5258,0.2,0.5,2.5,0.7530277778420839
2,5259,0.2,0.5,2.5,0.9946351600548414
2,5260,0.2,0.5,2.5,1.1147736311720136
2,5261,0.2,0.5,2.5,0.5496019949775479
2,5262,0.2,0.5,2.5,1.0973925819287502
2,5263,0.2,0.5,2.5,1.3883581958148303
2,5264,0.2,0.5,2.5,0.5778165012004742
2,5265,0.2,0.5,2.5,0.1831338436919019
2,5266,0.2,0.5,2.5,0.5327623604142683
2,5267,0.2,0.5,2.5,1.1204943331009454
2,5268,0.2,0.5,2.5,1.6267451437596216
2,5269,0.2,0.5,2.5,1.1260802472472804
2,5270,0.2,0.5,2.5,1.1253050764940544
2,5271,0.2,0.5,2.5,1.3011403657013383
2,5272,0.2,0.5,2.5,1.138446798470589
2,5273,0.2,0.5,2.5,0.8235883766575945
2,5274,0.2,0.5,2.5,0.19148883523344248
2,5275,0.2,0.5,2.5,1.0367520152462908
2,5276,0.2,0.5,2.5,0.6517402216584937
2,5277,0.2,0.5,2.5,0.29911752736410957
2,5278,0.2,0.5,2.5,0.8460443351227517
2,5279,0.2,0.5,2.5,0.5393445589404647
2,5280,0.2,0.5,2.5,0.6458728301437825
2,5281,0.2,0.5,2.5,0.717059390929464
2,5282,0.2,0.5,2.5,0.18718386875061338
2,5283,0.2,0.5,2.5,0.6647890182021705
2,5284,0.2,0.5,2.5,0.8269468654364902
2,5285,0.2,0.5,2.5,0.25671683417588753
2,5286,0.2,0.5,2.5,1.002930975471056
2,5287,0.2,0.5,2.5,0.6545284864791944
2,5288,0.2,0.5,2.5,0.05769654399162517
2,5289,0.2,0.5,2.5,0.7012456478123372
2,5290,0.2,0.5,2.5,0.4536781615162379
2,5291,0.2,0.5,2.5,0.6970874752228834
2,5292,0.2,0.5,2.5,0.5344863657069443
2,5293,0.2,0.5,2.5,1.0712666048032111
2,5294,0.2,0.5,2.5,0.8426957915716552
2,5295,0.2,0.5,2.5,0.530839980275264
2,5296,0.2,0.5,2.5,1.1930611407853324
2,5297,0.2,0.5,2.5,0.9371235090737289
2,5298,0.2,0.5,2.5,0.5190350056482645
2,5299,0.2,0.5,2.5,0.35634645920003466
2,5300,0.2,0.5,2.5,1.1579614267451641
2,5301,0.2,0.5,2.5,0.8252367387239524
2,5302,0.2,0.5,2.5,0.7582896880141833
2,5303,0.2,0.5,2.5,0.4497749754592314
2,5304,0.2,0.5,2.5,1.0712694660764237
2,5305,0.2,0.5,2.5,0.11020548130797198
2,5306,0.2,0.5,2.5,1.0000366841461745
2,5307,0.2,0.5,2.5,0.38694241538352125
2,5308,0.2,0.5,2.5,0.9123214807233202
2,5309,0.2,0.5,2.5,0.5453816142337675
2,5310,0.2,0.5,2.5,0.45747600075935796
2,5311,0.2,0.5,2.5,0.9013966380040959
2,5312,0.2,0.5,2.5,0.46564870089803845
2,5313,0.2,0.5,2.5,0.28617486979113876
2,5314,0.2,0.5,2.5,0.2737296280976557
2,5315,0.2,0.5,2.5,0.6897402406999228
2,5316,0.2,0.5,2.5,0.34872381113458545
2,5317,0.2,0.5,2.5,0.189301918713733
2,5318,0.2,0.5,2.5,0.6914478639886087
2,5319,0.2,0.5,2.5,0.793816647217548
2,5320,0.2,0.5,2.5,0.7347773840231671
2,5321,0.2,0.5,2.5,0.5452275570038708
2,5322,0.2,0.5,2.5,0.863308106079627
2,5323,0.2,0.5,2.5,0.6169229993620535
2,5324,0.2,0.5,2.5,0.6345366656378496
2,5325,0.2,0.5,2.5,0.380189261638638
2,5326,0.2,0.5,2.5,1.210661315171462
2,5327,0.2,0.5,2.5,0.18874855509863386
2,5328,0.2,0.5,2.5,0.8134151708998382
2,5329,0.2,0.5,2.5,0.6580268993933738
2,5330,0.2,0.5,2.5,0.6060165729384269
2,5331,0.2,0.5,2.5,0.3733860173045812
2,5332,0.2,0.5,2.5,0.08926738202917825
2,5333,0.2,0.5,2.5,1.0559957585666218
2,5334,0.2,0.5,2.5,0.37712149869165235
2,5335,0.2,0.5,2.5,1.5043027690039388
2,5336,0.2,0.5,2.5,0.5356388186789005
2,5337,0.2,0.5,2.5,0.647788378854863
2,5338,0.2,0.5,2.5,0.2971162797210777
2,5339,0.2,0.5,2.5,0.856534952232049
2,5340,0.2,0.5,2.5,0.3193739547692081
2,5341,0.2,0.5,2.5,0.9280487621972922
2,5342,0.2,0.5,2.5,0.7820135817432986
2,5343,0.2,0.5,2.5,0.33217576071716154
2,5344,0.2,0.5,2.5,1.4733755568905205
2,5345,0.2,0.5,2.5,0.802170470117071
2,5346,0.2,0.5,2.5,0.630299652655302
2,5347,0.2,0.5,2.5,0.8837167845576672
2,5348,0.2,0.5,2.5,0.4473796112805487
2,5349,0.2,0.5,2.5,0.8079348808478486
2,5350,0.2,0.5,2.5,0.44558827799790207
2,5351,0.2,0.5,2.5,0.3302272896185836
2,5352,0.2,0.5,2.5,0.48417274283418377
2,5353,0.2,0.5,2.5,0.31351139255738364
2,5354,0.2,0.5,2.5,0.7445876823600341
2,5355,0.2,0.5,2.5,0.44817472957196436
2,5356,0.2,0.5,2.5,0.8393665468942896
2,5357,0.2,0.5,2.5,1.094629072540822
2,5358,0.2,0.5,2.5,1.2297305137235606
2,5359,0.2,0.5,2.5,1.495812732844886
2,5360,0.2,0.5,2.5,0.19480444849206144
2,5361,0.2,0.5,2.5,0.6385235232230523
2,5362,0.2,0.5,2.5,1.0309355146003705
2,5363,0.2,0.5,2.5,0.5117772258848029
2,5364,0.2,0.5,2.5,0.32862992016756887
2,5365,0.2,0.5,2.5,1.09740836126566
2,5366,0.2,0.5,2.5,0.5223421435486699
2,5367,0.2,0.5,2.5,1.0424371718151924
2,5368,0.2,0.5,2.5,0.49819848055701904
2,5369,0.2,0.5,2.5,0.6002491645069381
2,5370,0.2,0.5,2.5,0.19523664662333567
2,5371,0.2,0.5,2.5,0.4785544232798822
2,5372,0.2,0.5,2.5,0.7572463829506291
2,5373,0.2,0.5,2.5,0.8230956385975553
2,5374,0.2,0.5,2.5,0.7149063967329029
2,5375,0.2,0.5,2.5,0.20256046077698572
2,5376,0.2,0.5,2.5,0.8520945953287958
2,5377,0.2,0.5,2.5,0.9524817161845304
2,5378,0.2,0.5,2.5,0.47706438240596366
2,5379,0.2,0.5,2.5,0.8296950005772814
2,5380,0.2,0.5,2.5,0.29772913554371905
2,5381,0.2,0.5,2.5,1.1135347202050587
2,5382,0.2,0.5,2.5,0.09373299445508432
2,5383,0.2,0.5,2.5,0.8973100715370769
2,5384,0.2,0.5,2.5,0.5458714344177582
2,5385,0.2,0.5,2.5,0.6040214321387645
2,5386,0.2,0.5,2.5,0.6860150081743334
2,5387,0.2,0.5,2.5,0.7410913266067997
2,5388,0.2,0.5,2.5,0.7965982146141362
2,5389,0.2,0.5,2.5,0.6564378299986174
2,5390,0.2,0.5,2.5,1.0891669750145072
2,5391,0.2,0.5,2.5,0.7573732182960156
2,5392,0.2,0.5,2.5,1.016719397935352
2,5393,0.2,0.5,2.5,0.144213729236648
2,5394,0.2,0.5,2.5,0.7519851255108396
2,5395,0.2,0.5,2.5,0.6790781220371224
2,5396,0.2,0.5,2.5,0.6267722783657457
2,5397,0.2,0.5,2.5,0.3019063521889799
2,5398,0.2,0.5,2.5,0.1417582048815083
2,5399,0.2,0.5,2.5,1.085008803474052
2,5400,0.2,0.5,2.5,0.9583691780577891
2,5401,0.2,0.5,2.5,0.40667753421079433
2,5402,0.2,0.5,2.5,0.7247778859038162
2,5403,0.2,0.5,2.5,0.3038808088046658
2,5404,0.2,0.5,2.5,0.4438417804035744
2,5405,0.2,0.5,2.5,1.8200018825795752
2,5406,0.2,0.5,2.5,0.6367854518721404
2,5407,0.2,0.5,2.5,0.2738840596149204
2,5408,0.2,0.5,2.5,1.3089344662857645
2,5409,0.2,0.5,2.5,0.8014734859941408
2,5410,0.2,0.5,2.5,0.7544947114126601
2,5411,0.2,0.5,2.5,0.8648792869293975
2,5412,0.2,0.5,2.5,0.30802877850879073
2,5413,0.2,0.5,2.5,0.4922383185355123
2,5414,0.2,0.5,2.5,0.6815318798436721
2,5415,0.2,0.5,2.5,0.5557876705710988
2,5416,0.2,0.5,2.5,1.3392859599984352
2,5417,0.2,0.5,2.5,0.13884768931137695
2,5418,0.2,0.5,2.5,0.43454488730410584
2,5419,0.2,0.5,2.5,0.5271032560330988
2,5420,0.2,0.5,2.5,0.22012676615618107
2,5421,0.2,0.5,2.5,0.5292113219988251
2,5422,0.2,0.5,2.5,0.48958981018568276
2,5423,0.2,0.5,2.5,0.5406805961949357
2,5424,0.2,0.5,2.5,0.6630513715893236
2,5425,0.2,0.5,2.5,0.37277185842346133
2,5426,0.2,0.5,2.5,0.5932922967658191
2,5427,0.2,0.5,2.5,0.795555547585866
2,5428,0.2,0.5,2.5,0.5455556940460254
2,5429,0.2,0.5,2.5,0.9053715374382157
2,5430,0.2,0.5,2.5,1.0599552620996069
2,5431,0.2,0.5,2.5,0.4352174525162705
2,5432,0.2,0.5,2.5,0.7461484252253057
2,5433,0.2,0.5,2.5,0.7912308078635373
2,5434,0.2,0.5,2.5,1.53001498046227
2,5435,0.2,0.5,2.5,0.7473566962839461
2,5436,0.2,0.5,2.5,0.7327831685904538
2,5437,0.2,0.5,2.5,0.13354103153038369
2,5438,0.2,0.5,2.5,1.3678066285084984
2,5439,0.2,0.5,2.5,0.8250227746801252
2,5440,0.2,0.5,2.5,0.662833768973022
2,5441,0.2,0.5,2.5,1.069726357972319
2,5442,0.2,0.5,2.5,0.8691020197405295
2,5443,0.2,0.5,2.5,0.9129690209393875
2,5444,0.2,0.5,2.5,0.06357745048838095
2,5445,0.2,0.5,2.5,1.1733530456840293
2,5446,0.2,0.5,2.5,0.11681808496749922
2,5447,0.2,0.5,2.5,0.8048927753927981
2,5448,0.2,0.5,2.5,0.6512672609899519
2,5449,0.2,0.5,2.5,0.8259848516976817
2,5450,0.2,0.5,2.5,1.0133280111496001
2,5451,0.2,0.5,2.5,0.37631592935930014
2,5452,0.2,0.5,2.5,0.5635584526872736
2,5453,0.2,0.5,2.5,0.9687140293934001
2,5454,0.2,0.5,2.5,0.2787438533918823
2,5455,0.2,0.5,2.5,0.2678834882274135
2,5456,0.2,0.5,2.5,0.3819540604970767
2,5457,0.2,0.5,2.5,0.08526747148905789
2,5458,0.2,0.5,2.5,1.0553430853906525
2,5459,0.2,0.5,2.5,0.5275345942556011
2,5460,0.2,0.5,2.5,0.4288994974236476
2,5461,0.2,0.5,2.5,0.6949791755323641
2,5462,0.2,0.5,2.5,0.7682907421507866
2,5463,0.2,0.5,2.5,0.6172327516791433
2,5464,0.2,0.5,2.5,0.5902453537879866
2,5465,0.2,0.5,2.5,0.456713926914568
2,5466,0.2,0.5,2.5,0.6540398960651062
2,5467,0.2,0.5,2.5,0.9374252653026142
2,5468,0.2,0.5,2.5,1.2201891011699912
2,5469,0.2,0.5,2.5,0.9934078759560725
2,5470,0.2,0.5,2.5,0.23584472057468728
2,5471,0.2,0.5,2.5,1.3093555673802315
2,5472,0.2,0.5,2.5,0.9668544179342831
2,5473,0.2,0.5,2.5,0.7262868250736365
2,5474,0.2,0.5,2.5,0.673927397543568
2,5475,0.2,0.5,2.5,1.0532026553173353
2,5476,0.2,0.5,2.5,1.2201526637451432
2,5477,0.2,0.5,2.5,0.3637251164051337
2,5478,0.2,0.5,2.5,1.2250099801826952
2,5479,0.2,0.5,2.5,0.7458711720701189
2,5480,0.2,0.5,2.5,0.2576040064852064
2,5481,0.2,0.5,2.5,1.2661809034762794
2,5482,0.2,0.5,2.5,0.2327577161188877
2,5483,0.2,0.5,2.5,0.7946428461953287
2,5484,0.2,0.5,2.5,1.0529692645617004
2,5485,0.2,0.5,2.5,0.1883417298745031
2,5486,0.2,0.5,2.5,1.2003493727758845
2,5487,0.2,0.5,2.5,0.7517956340570628
2,5488,0.2,0.5,2.5,0.5083383825180723
2,5489,0.2,0.5,2.5,0.5512944253713454
2,5490,0.2,0.5,2.5,1.1856359381410326
2,5491,0.2,0.5,2.5,0.5824553217430104
2,5492,0.2,0.5,2.5,0.3058634245834247
2,5493,0.2,0.5,2.5,0.6419558297326007
2,5494,0.2,0.5,2.5,0.21254450455429494
2,5495,0.2,0.5,2.5,0.3699581311596331
2,5496,0.2,0.5,2.5,0.2695840247661082
2,5497,0.2,0.5,2.5,1.2492739418435652
2,5498,0.2,0.5,2.5,0.21902022466004223
2,5499,0.2,0.5,2.5,0.8817954707729284
2,5500,0.2,0.5,2.5,0.2905952168627119
2,5501,0.2,0.5,2.5,0.5816172310794979
2,5502,0.2,0.5,2.5,0.5046060436685137
2,5503,0.2,0.5,2.5,0.5513042227598696
2,5504,0.2,0.5,2.5,0.9227902219585643
2,5505,0.2,0.5,2.5,0.3913230868621631
2,5506,0.2,0.5,2.5,0.2699528589057947
2,5507,0.2,0.5,2.5,0.6595106359694659
2,5508,0.2,0.5,2.5,0.4290697674406512
2,5509,0.2,0.5,2.5,0.779456435333709
2,5510,0.2,0.5,2.5,0.26255218657386575
2,5511,0.2,0.5,2.5,0.2009764385305984
2,5512,0.2,0.5,2.5,0.20649089885694827
2,5513,0.2,0.5,2.5,0.9426238893413735
2,5514,0.2,0.5,2.5,0.5071722739339656
2,5515,0.2,0.5,2.5,0.6667153344916257
2,5516,0.2,0.5,2.5,1.3681664118940113
2,5517,0.2,0.5,2.5,0.7006768750076582
2,5518,0.2,0.5,2.5,0.9460200193286044
2,5519,0.2,0.5,2.5,0.4478756352269872
2,5520,0.2,0.5,2.5,1.2959981294673795
2,5521,0.2,0.5,2.5,0.29038689114520266
2,5522,0.2,0.5,2.5,0.8678237972921877
2,5523,0.2,0.5,2.5,0.5320601151100878
2,5524,0.2,0.5,2.5,0.26838830025451255
2,5525,0.2,0.5,2.5,0.3950954448154933
2,5526,0.2,0.5,2.5,0.31472850944469194
2,5527,0.2,0.5,2.5,0.6646990167918098
2,5528,0.2,0.5,2.5,0.9899798546237655
2,5529,0.2,0.5,2.5,0.46378173266749045
2,5530,0.2,0.5,2.5,0.9860680020154523
2,5531,0.2,0.5,2.5,1.4394301236336076
2,5532,0.2,0.5,2.5,0.9433502041672522
2,5533,0.2,0.5,2.5,0.43864586494504537
2,5534,0.2,0.5,2.5,0.3883427839090445
2,5535,0.2,0.5,2.5,0.2467558325857851
2,5536,0.2,0.5,2.5,0.7682992041984128
2,5537,0.2,0.5,2.5,0.7969104005998079
2,5538,0.2,0.5,2.5,0.38412726008857284
2,5539,0.2,0.5,2.5,0.737279969698467
2,5540,0.2,0.5,2.5,0.8266499662283318
2,5541,0.2,0.5,2.5,1.041421227417768
2,5542,0.2,0.5,2.5,1.6921275221030623
2,5543,0.2,0.5,2.5,0.5052837588513182
2,5544,0.2,0.5,2.5,0.2502940831123963
2,5545,0.2,0.5,2.5,0.5160096668459523
2,5546,0.2,0.5,2.5,0.4283216983732321
2,5547,0.2,0.5,2.5,0.3405275572123267
2,5548,0.2,0.5,2.5,0.8941216542485405
2,5549,0.2,0.5,2.5,0.94392074921799
2,5550,0.2,0.5,2.5,1.477080764208741
2,5551,0.2,0.5,2.5,0.18020545489133527
2,5552,0.2,0.5,2.5,0.9648171025586201
2,5553,0.2,0.5,2.5,0.7600744801092777
2,5554,0.2,0.5,2.5,0.37394732675269754
2,5555,0.2,0.5,2.5,0.7304377819576461
2,5556,0.2,0.5,2.5,0.9070458047581912
2,5557,0.2,0.5,2.5,0.6598376058709025
2,5558,0.2,0.5,2.5,0.5130987690010301
2,5559,0.2,0.5,2.5,0.4757265191176314
2,5560,0.2,0.5,2.5,1.2653522162038704
2,5561,0.2,0.5,2.5,0.39269360271453385
2,5562,0.2,0.5,2.5,0.766026264730352
2,5563,0.2,0.5,2.5,1.0796146264784574
2,5564,0.2,0.5,2.5,0.8812468408143778
2,5565,0.2,0.5,2.5,0.5817641953052465
2,5566,0.2,0.5,2.5,1.047744973363445
2,5567,0.2,0.5,2.5,0.7200122523646086
2,5568,0.2,0.5,2.5,0.6888400910503143
2,5569,0.2,0.5,2.5,0.5085663268359601
2,5570,0.2,0.5,2.5,0.6386449836468033
2,5571,0.2,0.5,2.5,0.7921838414640269
2,5572,0.2,0.5,2.5,1.1866193121081463
2,5573,0.2,0.5,2.5,0.8375967146832276
2,5574,0.2,0.5,2.5,1.0823876288159273
2,5575,0.2,0.5,2.5,0.5520569753929763
2,5576,0.2,0.5,2.5,0.7099255171798994
2,5577,0.2,0.5,2.5,0.43462946745847175
2,5578,0.2,0.5,2.5,0.8112519195317534
2,5579,0.2,0.5,2.5,0.9555510530284165
2,5580,0.2,0.5,2.5,0.9528217879315214
2,5581,0.2,0.5,2.5,0.59831023922611
2,5582,0.2,0.5,2.5,1.6666828723621094
2,5583,0.2,0.5,2.5,1.0256297304019797
2,5584,0.2,0.5,2.5,1.977218847401473
2,5585,0.2,0.5,2.5,0.9358699530366417
2,5586,0.2,0.5,2.5,0.5936731629719552
2,5587,0.2,0.5,2.5,0.6497303358831749
2,5588,0.2,0.5,2.5,0.31671439860179773
2,5589,0.2,0.5,2.5,0.2524021310437596
2,5590,0.2,0.5,2.5,0.7465377526194847
2,5591,0.2,0.5,2.5,1.0211600315064757
2,5592,0.2,0.5,2.5,0.10158652221304593
2,5593,0.2,0.5,2.5,0.7031264119968278
2,5594,0.2,0.5,2.5,0.45139032055164874
2,5595,0.2,0.5,2.5,1.11527651178466
2,5596,0.2,0.5,2.5,1.290380370839311
2,5597,0.2,0.5,2.5,1.3382192893729303
2,5598,0.2,0.5,2.5,0.3031300121088892
2,5599,0.2,0.5,2.5,0.3423905164971487
2,5600,0.2,0.5,2.5,0.3058729832687101
2,5601,0.2,0.5,2.5,0.40679588499553415
2,5602,0.2,0.5,2.5,0.7832097617233378
2,5603,0.2,0.5,2.5,1.3715650600489577
2,5604,0.2,0.5,2.5,0.5397570564137358
2,5605,0.2,0.5,2.5,0.09535973784734322
2,5606,0.2,0.5,2.5,0.5233526406216237
2,5607,0.2,0.5,2.5,0.5803769097212595
2,5608,0.2,0.5,2.5,1.396519945424322
2,5609,0.2,0.5,2.5,0.40092655793187987
2,5610,0.2,0.5,2.5,0.27834343936094585
2,5611,0.2,0.5,2.5,1.5088267235782487
2,5612,0.2,0.5,2.5,0.40740182408331543
2,5613,0.2,0.5,2.5,0.60625992394988
2,5614,0.2,0.5,2.5,0.048651954331156454
2,5615,0.2,0.5,2.5,1.5117196650037696
2,5616,0.2,0.5,2.5,0.5301798900253463
2,5617,0.2,0.5,2.5,0.7693500404861532
2,5618,0.2,0.5,2.5,0.8121943525734939
2,5619,0.2,0.5,2.5,0.4316347172301366
2,5620,0.2,0.5,2.5,0.3330484641105226
2,5621,0.2,0.5,2.5,0.19711267722491388
2,5622,0.2,0.5,2.5,1.0490776523485073
2,5623,0.2,0.5,2.5,0.9526285540276803
2,5624,0.2,0.5,2.5,0.09438939416310856
2,5625,0.2,0.5,2.5,0.42717297451794073
2,5626,0.2,0.5,2.5,0.6990115221858306
2,5627,0.2,0.5,2.5,0.8658680986624899
2,5628,0.2,0.5,2.5,0.877458188336123
2,5629,0.2,0.5,2.5,0.5866009066483991
2,5630,0.2,0.5,2.5,0.7181683550802523
2,5631,0.2,0.5,2.5,0.4914262536539852
2,5632,0.2,0.5,2.5,0.5500431737424747
2,5633,0.2,0.5,2.5,0.8351960567592961
2,5634,0.2,0.5,2.5,0.8320002816326025
2,5635,0.2,0.5,2.5,1.0888672306644196
2,5636,0.2,0.5,2.5,0.7774419413097882
2,5637,0.2,0.5,2.5,0.8450582643679236
2,5638,0.2,0.5,2.5,0.830673888444724
2,5639,0.2,0.5,2.5,0.5368318423681695
2,5640,0.2,0.5,2.5,0.6291615707600245
2,5641,0.2,0.5,2.5,0.4574162918295999
2,5642,0.2,0.5,2.5,0.5848973828971662
2,5643,0.2,0.5,2.5,0.6182916704874237
2,5644,0.2,0.5,2.5,0.7221028089424953
2,5645,0.2,0.5,2.5,0.37225458888100693
2,5646,0.2,0.5,2.5,0.7188503642041506
2,5647,0.2,0.5,2.5,0.3441650679692165
2,5648,0.2,0.5,2.5,0.27225412479768885
2,5649,0.2,0.5,2.5,0.29957937765354875
2,5650,0.2,0.5,2.5,0.6499794338335416
2,5651,0.2,0.5,2.5,0.5854234786246298
2,5652,0.2,0.5,2.5,0.2255097145549603
2,5653,0.2,0.5,2.5,0.801569032361816
2,5654,0.2,0.5,2.5,1.5136878193989207
2,5655,0.2,0.5,2.5,1.6141618201825225
2,5656,0.2,0.5,2.5,0.7737282962734036
2,5657,0.2,0.5,2.5,1.476202579552109
2,5658,0.2,0.5,2.5,0.8935825492821465
2,5659,0.2,0.5,2.5,0.595005892903741
2,5660,0.2,0.5,2.5,0.8937957559718462
2,5661,0.2,0.5,2.5,0.3737514049157674
2,5662,0.2,0.5,2.5,0.7769897728520008
2,5663,0.2,0.5,2.5,0.2107594699476962
2,5664,0.2,0.5,2.5,0.28899792319221784
2,5665,0.2,0.5,2.5,0.39342708205704696
2,5666,0.2,0.5,2.5,0.9864509298869526
2,5667,0.2,0.5,2.5,1.3291983455426728
2,5668,0.2,0.5,2.5,0.08214910326665412
2,5669,0.2,0.5,2.5,0.9135675292266185
2,5670,0.2,0.5,2.5,0.35866973668259017
2,5671,0.2,0.5,2.5,0.37813013693681385
2,5672,0.2,0.5,2.5,0.6929817610209845
2,5673,0.2,0.5,2.5,0.3702161610013858
2,5674,0.2,0.5,2.5,1.607359806064908
2,5675,0.2,0.5,2.5,0.9915725776429921
2,5676,0.2,0.5,2.5,0.9839177240843565
2,5677,0.2,0.5,2.5,1.2004859444216982
2,5678,0.2,0.5,2.5,0.8443869867569889
2,5679,0.2,0.5,2.5,1.3573375063282067
2,5680,0.2,0.5,2.5,0.7466775119658411
2,5681,0.2,0.5,2.5,0.4003411267019388
2,5682,0.2,0.5,2.5,0.20227811153308725
2,5683,0.2,0.5,2.5,0.9408870503929403
2,5684,0.2,0.5,2.5,0.674764252061186
2,5685,0.2,0.5,2.5,0.4837747296483288
2,5686,0.2,0.5,2.5,0.6023660596731965
2,5687,0.2,0.5,2.5,0.6485247780490666
2,5688,0.2,0.5,2.5,0.3794009097619309
2,5689,0.2,0.5,2.5,0.24294635318024607
2,5690,0.2,0.5,2.5,0.4610452958048139
2,5691,0.2,0.5,2.5,1.2601390132632246
2,5692,0.2,0.5,2.5,0.4336351724296081
2,5693,0.2,0.5,2.5,0.3822744752209623
2,5694,0.2,0.5,2.5,0.08494549497232132
2,5695,0.2,0.5,2.5,1.2781621786464967
2,5696,0.2,0.5,2.5,0.7136389789948447
2,5697,0.2,0.5,2.5,0.5905371199365866
2,5698,0.2,0.5,2.5,0.6095305030529456
2,5699,0.2,0.5,2.5,0.3980601939632148
2,5700,0.2,0.5,2.5,0.43439893227992055
2,5701,0.2,0.5,2.5,0.32678399761780413
2,5702,0.2,0.5,2.5,0.6710169766372922
2,5703,0.2,0.5,2.5,0.1849969852800414
2,5704,0.2,0.5,2.5,0.8226596115145929
2,5705,0.2,0.5,2.5,0.6611914791071856
2,5706,0.2,0.5,2.5,0.9355457108279901
2,5707,0.2,0.5,2.5,1.4692547670229519
2,5708,0.2,0.5,2.5,0.5331751135647139
2,5709,0.2,0.5,2.5,0.2842652375357717
2,5710,0.2,0.5,2.5,0.45042265460673975
2,5711,0.2,0.5,2.5,0.6360613534835206
2,5712,0.2,0.5,2.5,0.7272287083071429
2,5713,0.2,0.5,2.5,0.6274387986104717
2,5714,0.2,0.5,2.5,0.8729608807661826
2,5715,0.2,0.5,2.5,1.0487324370918214
2,5716,0.2,0.5,2.5,0.5632182104128016
2,5717,0.2,0.5,2.5,0.7498922658370193
2,5718,0.2,0.5,2.5,1.2968265700372397
2,5719,0.2,0.5,2.5,1.5373782462280892
2,5720,0.2,0.5,2.5,1.3617922512029104
2,5721,0.2,0.5,2.5,0.7599470925207886
2,5722,0.2,0.5,2.5,0.47744221472017245
2,5723,0.2,0.5,2.5,0.6543367801502419
2,5724,0.2,0.5,2.5,0.8392551475513467
2,5725,0.2,0.5,2.5,0.9649401464180888
2,5726,0.2,0.5,2.5,0.8984333316459936
2,5727,0.2,0.5,2.5,0.8965377033158826
2,5728,0.2,0.5,2.5,1.1179364621377963
2,5729,0.2,0.5,2.5,0.8822939938186527
2,5730,0.2,0.5,2.5,0.33979769840375035
2,5731,0.2,0.5,2.5,0.3583718810622256
2,5732,0.2,0.5,2.5,0.5762573618423692
2,5733,0.2,0.5,2.5,0.9736646808701088
2,5734,0.2,0.5,2.5,0.6913799073463229
2,5735,0.2,0.5,2.5,0.8229713554634339
2,5736,0.2,0.5,2.5,0.8865039791492857
2,5737,0.2,0.5,2.5,1.2500583032132164
2,5738,0.2,0.5,2.5,0.5362823033613838
2,5739,0.2,0.5,2.5,0.8745318225277592
2,5740,0.2,0.5,2.5,0.2815025343451195
2,5741,0.2,0.5,2.5,1.1604767355028396
2,5742,0.2,0.5,2.5,0.5473863648424903
2,5743,0.2,0.5,2.5,0.7873066465786267
2,5744,0.2,0.5,2.5,0.6748950182148422
2,5745,0.2,0.5,2.5,0.6843610295361369
2,5746,0.2,0.5,2.5,1.0445585118170337
2,5747,0.2,0.5,2.5,1.022374734206498
2,5748,0.2,0.5,2.5,0.8262446262995436
2,5749,0.2,0.5,2.5,0.6558538324012828
2,5750,0.2,0.5,2.5,0.7101996275298685
2,5751,0.2,0.5,2.5,0.49590830090878324
2,5752,0.2,0.5,2.5,0.660387903073418
2,5753,0.2,0.5,2.5,0.6166183965368124
2,5754,0.2,0.5,2.5,0.31983945263443486
2,5755,0.2,0.5,2.5,0.5402116660233575
2,5756,0.2,0.5,2.5,0.7458536136956038
2,5757,0.2,0.5,2.5,0.38168614803215645
2,5758,0.2,0.5,2.5,0.3300726629889718
2,5759,0.2,0.5,2.5,0.14576733086275873
2,5760,0.2,0.5,2.5,1.0583624727545065
2,5761,0.2,0.5,2.5,0.4663971921079235
2,5762,0.2,0.5,2.5,0.9796616924535874
2,5763,0.2,0.5,2.5,0.6265160112722769
2,5764,0.2,0.5,2.5,0.6551478772792202
2,5765,0.2,0.5,2.5,0.21755402111510258
2,5766,0.2,0.5,2.5,0.7124936176586946
2,5767,0.2,0.5,2.5,0.10600480472841133
2,5768,0.2,0.5,2.5,0.9770782834895643
2,5769,0.2,0.5,2.5,1.0627115537521306
2,5770,0.2,0.5,2.5,0.37127117219990313
2,5771,0.2,0.5,2.5,0.6513649431471424
2,5772,0.2,0.5,2.5,0.7985436355451947
2,5773,0.2,0.5,2.5,0.24259161054764142
2,5774,0.2,0.5,2.5,0.5597500225917218
2,5775,0.2,0.5,2.5,0.9502532885680837
2,5776,0.2,0.5,2.5,0.382481680975017
2,5777,0.2,0.5,2.5,0.5632269618138628
2,5778,0.2,0.5,2.5,1.1190645748783896
2,5779,0.2,0.5,2.5,0.5162635653099944
2,5780,0.2,0.5,2.5,0.18086118608510907
2,5781,0.2,0.5,2.5,0.4165852119769821
2,5782,0.2,0.5,2.5,0.3274764350137023
2,5783,0.2,0.5,2.5,0.3818539259426568
2,5784,0.2,0.5,2.5,0.20859664453379598
2,5785,0.2,0.5,2.5,0.7613615807753351
2,5786,0.2,0.5,2.5,0.23509674337719064
2,5787,0.2,0.5,2.5,0.41629837732999303
2,5788,0.2,0.5,2.5,0.3101622477757123
2,5789,0.2,0.5,2.5,0.13451008766347705
2,5790,0.2,0.5,2.5,0.5006421009464995
2,5791,0.2,0.5,2.5,0.54762317431657
2,5792,0.2,0.5,2.5,0.5167547164114574
2,5793,0.2,0.5,2.5,0.7702285248757312
2,5794,0.2,0.5,2.5,0.309032261073592
2,5795,0.2,0.5,2.5,0.33329813066167274
2,5796,0.2,0.5,2.5,0.6057480322336817
2,5797,0.2,0.5,2.5,1.3848419761746882
2,5798,0.2,0.5,2.5,1.0022791828323523
2,5799,0.2,0.5,2.5,0.9967800890789502
2,5800,0.2,0.5,2.5,0.3407959546871404
2,5801,0.2,0.5,2.5,1.163026715215288
2,5802,0.2,0.5,2.5,0.7788792751600927
2,5803,0.2,0.5,2.5,0.24208418104188711
2,5804,0.2,0.5,2.5,0.4826246730148304
2,5805,0.2,0.5,2.5,0.4929985025050365
2,5806,0.2,0.5,2.5,0.7134840038946124
2,5807,0.2,0.5,2.5,1.020994656277185
2,5808,0.2,0.5,2.5,0.22147734643409514
2,5809,0.2,0.5,2.5,1.0904439863385946
2,5810,0.2,0.5,2.5,0.21724587288307118
2,5811,0.2,0.5,2.5,0.3488006066215334
2,5812,0.2,0.5,2.5,0.8920820797461047
2,5813,0.2,0.5,2.5,0.9823233588748894
2,5814,0.2,0.5,2.5,1.279271724795169
2,5815,0.2,0.5,2.5,0.46608698969418605
2,5816,0.2,0.5,2.5,0.8227645371970461
2,5817,0.2,0.5,2.5,0.13885514204484106
2,5818,0.2,0.5,2.5,0.7784545638048561
2,5819,0.2,0.5,2.5,0.8692453191132451
2,5820,0.2,0.5,2.5,0.8560977800403854
2,5821,0.2,0.5,2.5,1.1039117038947683
2,5822,0.2,0.5,2.5,1.7472311767748827
2,5823,0.2,0.5,2.5,0.5527072727919112
2,5824,0.2,0.5,2.5,0.2825054401176028
2,5825,0.2,0.5,2.5,0.9092157726065511
2,5826,0.2,0.5,2.5,0.14118434660887788
2,5827,0.2,0.5,2.5,0.6238067538729479
2,5828,0.2,0.5,2.5,1.3767359201808145
2,5829,0.2,0.5,2.5,0.4379265796984407
2,5830,0.2,0.5,2.5,0.4520354055528299
2,5831,0.2,0.5,2.5,0.8872396854037368
2,5832,0.2,0.5,2.5,0.49155053072945565
2,5833,0.2,0.5,2.5,0.5076430872557698
2,5834,0.2,0.5,2.5,0.8418299733802896
2,5835,0.2,0.5,2.5,0.7133009764943183
2,5836,0.2,0.5,2.5,0.5456826565626395
2,5837,0.2,0.5,2.5,0.8580296177810729
2,5838,0.2,0.5,2.5,1.1961801029154484
2,5839,0.2,0.5,2.5,1.194939893419242
2,5840,0.2,0.5,2.5,0.28114114484634833
2,5841,0.2,0.5,2.5,0.38162914408184134
2,5842,0.2,0.5,2.5,1.312486808684727
2,5843,0.2,0.5,2.5,0.6575959512200382
2,5844,0.2,0.5,2.5,0.21112769208959964
2,5845,0.2,0.5,2.5,0.8740178537431949
2,5846,0.2,0.5,2.5,0.502336865713848
2,5847,0.2,0.5,2.5,0.30296560833089053
2,5848,0.2,0.5,2.5,0.7202127603370759
2,5849,0.2,0.5,2.5,1.1198802511477874
2,5850,0.2,0.5,2.5,1.1104395101758242
2,5851,0.2,0.5,2.5,0.5543930125700919
2,5852,0.2,0.5,2.5,0.2899038368989794
2,5853,0.2,0.5,2.5,0.5419119905251454
2,5854,0.2,0.5,2.5,0.660420340165833
2,5855,0.2,0.5,2.5,0.7991922368632199
2,5856,0.2,0.5,2.5,0.7858126336138443
2,5857,0.2,0.5,2.5,0.06522208258307037
2,5858,0.2,0.5,2.5,0.9307462288602505
2,5859,0.2,0.5,2.5,0.996195465917247
2,5860,0.2,0.5,2.5,0.30143138628262584
2,5861,0.2,0.5,2.5,0.8579556292308229
2,5862,0.2,0.5,2.5,0.26362764557466034
2,5863,0.2,0.5,2.5,0.8646335720348526
2,5864,0.2,0.5,2.5,0.27903280351739745
2,5865,0.2,0.5,2.5,0.3110647071455408
2,5866,0.2,0.5,2.5,0.6372864363485883
2,5867,0.2,0.5,2.5,0.39679174200508704
2,5868,0.2,0.5,2.5,0.7473071245441214
2,5869,0.2,0.5,2.5,0.7154281850635885
2,5870,0.2,0.5,2.5,0.2601340132826608
2,5871,0.2,0.5,2.5,0.9558718195916995
2,5872,0.2,0.5,2.5,1.3426892049425156
2,5873,0.2,0.5,2.5,0.47643485153456455
2,5874,0.2,0.5,2.5,0.5826931870212603
2,5875,0.2,0.5,2.5,0.6014856019519199
2,5876,0.2,0.5,2.5,0.5470111145846075
2,5877,0.2,0.5,2.5,0.4688708421874627
2,5878,0.2,0.5,2.5,0.2849131104207168
2,5879,0.2,0.5,2.5,0.9149914111883404
2,5880,0.2,0.5,2.5,1.1426897291011808
2,5881,0.2,0.5,2.5,0.8637398552777426
2,5882,0.2,0.5,2.5,0.3035704883256927
2,5883,0.2,0.5,2.5,0.27350131211902423
2,5884,0.2,0.5,2.5,1.1763645834701135
2,5885,0.2,0.5,2.5,0.3522454421201179
2,5886,0.2,0.5,2.5,1.0274449846508311
2,5887,0.2,0.5,2.5,0.960902804988943
2,5888,0.2,0.5,2.5,0.6164195049128691
2,5889,0.2,0.5,2.5,1.3250909028429814
2,5890,0.2,0.5,2.5,0.45745115491402216
2,5891,0.2,0.5,2.5,0.4860044415449463
2,5892,0.2,0.5,2.5,1.3754242389652338
2,5893,0.2,0.5,2.5,0.28472172306451354
2,5894,0.2,0.5,2.5,0.8998269543003359
2,5895,0.2,0.5,2.5,0.4074449788924565
2,5896,0.2,0.5,2.5,0.41479028251021977
2,5897,0.2,0.5,2.5,0.7968893443025271
2,5898,0.2,0.5,2.5,0.2373624160179357
2,5899,0.2,0.5,2.5,0.22143365298588036
2,5900,0.2,0.5,2.5,0.5730013949592667
2,5901,0.2,0.5,2.5,0.6557736876644069
2,5902,0.2,0.5,2.5,0.8860460054675472
2,5903,0.2,0.5,2.5,0.9430498623258711
2,5904,0.2,0.5,2.5,1.6187216242009839
2,5905,0.2,0.5,2.5,0.504352887026322
2,5906,0.2,0.5,2.5,0.7796604980716415
2,5907,0.2,0.5,2.5,1.1365791676860917
2,5908,0.2,0.5,2.5,0.4874098359588283
2,5909,0.2,0.5,2.5,0.45571820198389285
2,5910,0.2,0.5,2.5,0.15917943160824624
2,5911,0.2,0.5,2.5,0.697943308488005
2,5912,0.2,0.5,2.5,0.9490042881865499
2,5913,0.2,0.5,2.5,0.6729583814154376
2,5914,0.2,0.5,2.5,0.26655509723093185
2,5915,0.2,0.5,2.5,0.6016145229330824
2,5916,0.2,0.5,2.5,1.0600155502043076
2,5917,0.2,0.5,2.5,0.8698761424220668
2,5918,0.2,0.5,2.5,0.6494570364406008
2,5919,0.2,0.5,2.5,0.7228795082073891
2,5920,0.2,0.5,2.5,0.7668085859376437
2,5921,0.2,0.5,2.5,1.5501270587873535
2,5922,0.2,0.5,2.5,0.6798482603199396
2,5923,0.2,0.5,2.5,1.002570623417069
2,5924,0.2,0.5,2.5,0.3421661690260234
2,5925,0.2,0.5,2.5,0.2562599722607543
2,5926,0.2,0.5,2.5,0.271705427530908
2,5927,0.2,0.5,2.5,0.9059933081709886
2,5928,0.2,0.5,2.5,0.3167785041632154
2,5929,0.2,0.5,2.5,0.879891471616505
2,5930,0.2,0.5,2.5,0.4576390183125192
2,5931,0.2,0.5,2.5,0.9104182642711034
2,5932,0.2,0.5,2.5,1.1336557435753472
2,5933,0.2,0.5,2.5,0.28349756459867376
2,5934,0.2,0.5,2.5,0.6353933639462404
2,5935,0.2,0.5,2.5,0.6147578685241629
2,5936,0.2,0.5,2.5,1.3280735611540653
2,5937,0.2,0.5,2.5,0.7457727823871375
2,5938,0.2,0.5,2.5,0.9354081077258011
2,5939,0.2,0.5,2.5,0.5243297790535838
2,5940,0.2,0.5,2.5,0.8056280204629888
2,5941,0.2,0.5,2.5,0.7709358102785633
2,5942,0.2,0.5,2.5,1.1742384714092224
2,5943,0.2,0.5,2.5,1.3258141120935705
2,5944,0.2,0.5,2.5,0.5336710261480511
2,5945,0.2,0.5,2.5,0.6251897970466515
2,5946,0.2,0.5,2.5,1.3704973364573803
2,5947,0.2,0.5,2.5,0.8162100199038372
2,5948,0.2,0.5,2.5,0.47660783216311053
2,5949,0.2,0.5,2.5,0.4902426083448284
2,5950,0.2,0.5,2.5,0.634072086108521
2,5951,0.2,0.5,2.5,0.3739982593766371
2,5952,0.2,0.5,2.5,0.22227129481641555
2,5953,0.2,0.5,2.5,1.1084077113724264
2,5954,0.2,0.5,2.5,1.0407909947861944
2,5955,0.2,0.5,2.5,0.5930369038860754
2,5956,0.2,0.5,2.5,0.6771931170868788
2,5957,0.2,0.5,2.5,0.2592964472745049
2,5958,0.2,0.5,2.5,0.7501299164275265
2,5959,0.2,0.5,2.5,1.3723672691105493
2,5960,0.2,0.5,2.5,0.5493485161175932
2,5961,0.2,0.5,2.5,0.21532203790693466
2,5962,0.2,0.5,2.5,0.5617617495512596
2,5963,0.2,0.5,2.5,0.30348485042494106
2,5964,0.2,0.5,2.5,0.7555469871174143
2,5965,0.2,0.5,2.5,0.9569685903790284
2,5966,0.2,0.5,2.5,0.4929193704881717
2,5967,0.2,0.5,2.5,0.43891101136575755
2,5968,0.2,0.5,2.5,0.7312244318376607
2,5969,0.2,0.5,2.5,0.5759135341461161
2,5970,0.2,0.5,2.5,0.4035678709079201
2,5971,0.2,0.5,2.5,0.6292653567418793
2,5972,0.2,0.5,2.5,1.212515013702506
2,5973,0.2,0.5,2.5,0.43328365717552425
2,5974,0.2,0.5,2.5,0.2873043320559334
2,5975,0.2,0.5,2.5,0.6166492971754228
2,5976,0.2,0.5,2.5,0.3873921217743613
2,5977,0.2,0.5,2.5,0.44737637337351366
2,5978,0.2,0.5,2.5,0.4200851660292274
2,5979,0.2,0.5,2.5,0.5961503074613987
2,5980,0.2,0.5,2.5,0.6019298798648334
2,5981,0.2,0.5,2.5,0.9934281942977307
2,5982,0.2,0.5,2.5,0.24743379682244412
2,5983,0.2,0.5,2.5,0.2859390325520835
2,5984,0.2,0.5,2.5,0.7228125201248901
2,5985,0.2,0.5,2.5,0.7963348489886574
2,5986,0.2,0.5,2.5,1.0792585943860267
2,5987,0.2,0.5,2.5,1.6733436705012454
2,5988,0.2,0.5,2.5,1.1486838716585506
2,5989,0.2,0.5,2.5,0.6705284599784416
2,5990,0.2,0.5,2.5,0.9393054641589396
2,5991,0.2,0.5,2.5,0.6746510978338228
2,5992,0.2,0.5,2.5,1.2115366081212107
2,5993,0.2,0.5,2.5,0.9762222649107025
2,5994,0.2,0.5,2.5,0.39951168379451957
2,5995,0.2,0.5,2.5,0.6533686116067328
2,5996,0.2,0.5,2.5,0.47768648284410503
2,5997,0.2,0.5,2.5,1.1573687201441343
2,5998,0.2,0.5,2.5,0.687772023064272
2,5999,0.2,0.5,2.5,0.7017838546311899
2,6000,0.2,0.5,2.5,0.5818156837540853
2,6001,0.2,0.5,2.5,0.17620537393877986
2,6002,0.2,0.5,2.5,0.6019199025130858
2,6003,0.2,0.5,2.5,0.8864929253282728
2,6004,0.2,0.5,2.5,0.5987637555600842
2,6005,0.2,0.5,2.5,0.6842372815269746
2,6006,0.2,0.5,2.5,0.7675375890263745
2,6007,0.2,0.5,2.5,0.7013233352645593
2,6008,0.2,0.5,2.5,0.28531239530242575
2,6009,0.2,0.5,2.5,0.49056122837507116
2,6010,0.2,0.5,2.5,1.0116735923975826
2,6011,0.2,0.5,2.5,1.5161979206400076
2,6012,0.2,0.5,2.5,0.26956345204659005
2,6013,0.2,0.5,2.5,0.660338942499001
2,6014,0.2,0.5,2.5,0.8711167215682646
2,6015,0.2,0.5,2.5,0.7901207452086938
2,6016,0.2,0.5,2.5,0.49969659976848474
2,6017,0.2,0.5,2.5,0.757792849280391
2,6018,0.2,0.5,2.5,0.13466180388149188
2,6019,0.2,0.5,2.5,0.5577327626209768
2,6020,0.2,0.5,2.5,0.6981909656215017
2,6021,0.2,0.5,2.5,1.0777876487163267
2,6022,0.2,0.5,2.5,0.7969161220424759
2,6023,0.2,0.5,2.5,0.6000612759693522
2,6024,0.2,0.5,2.5,0.5546780742271179
2,6025,0.2,0.5,2.5,0.45612465605155783
2,6026,0.2,0.5,2.5,0.234841676146575
2,6027,0.2,0.5,2.5,0.8095306714391725
2,6028,0.2,0.5,2.5,0.525420952371181
2,6029,0.2,0.5,2.5,0.6958649591435317
2,6030,0.2,0.5,2.5,0.21950101717184564
2,6031,0.2,0.5,2.5,1.6744158551018606
2,6032,0.2,0.5,2.5,0.4571653766369781
2,6033,0.2,0.5,2.5,1.0058028439380613
2,6034,0.2,0.5,2.5,0.38587019347249163
2,6035,0.2,0.5,2.5,0.42139600907473934
2,6036,0.2,0.5,2.5,0.8556673926009073
2,6037,0.2,0.5,2.5,0.6446943350782692
2,6038,0.2,0.5,2.5,0.5595787985935164
2,6039,0.2,0.5,2.5,0.1774937664814652
2,6040,0.2,0.5,2.5,0.9324438152878831
2,6041,0.2,0.5,2.5,0.8180650002725025
2,6042,0.2,0.5,2.5,0.49517867103681773
2,6043,0.2,0.5,2.5,1.1150649762000309
2,6044,0.2,0.5,2.5,0.6337408401369188
2,6045,0.2,0.5,2.5,0.9321956225204252
2,6046,0.2,0.5,2.5,1.1451484830908825
2,6047,0.2,0.5,2.5,0.32598364406088665
2,6048,0.2,0.5,2.5,0.31701480536357496
2,6049,0.2,0.5,2.5,0.3030194349227867
2,6050,0.2,0.5,2.5,0.9516246099844684
2,6051,0.2,0.5,2.5,0.5828163404984755
2,6052,0.2,0.5,2.5,0.8596401534096482
2,6053,0.2,0.5,2.5,0.5817356658930843
2,6054,0.2,0.5,2.5,0.39158138547878707
2,6055,0.2,0.5,2.5,0.31942321875751456
2,6056,0.2,0.5,2.5,0.6758737474541477
2,6057,0.2,0.5,2.5,1.1819814767323074
2,6058,0.2,0.5,2.5,0.18067158641656905
2,6059,0.2,0.5,2.5,0.7612235713401253
2,6060,0.2,0.5,2.5,0.4994895705453974
2,6061,0.2,0.5,2.5,1.563895035940997
2,6062,0.2,0.5,2.5,0.258592725311258
2,6063,0.2,0.5,2.5,0.4390691398508395
2,6064,0.2,0.5,2.5,0.9513166437991581
2,6065,0.2,0.5,2.5,1.3018557154371482
2,6066,0.2,0.5,2.5,1.2972702036834656
2,6067,0.2,0.5,2.5,0.5633391569693207
2,6068,0.2,0.5,2.5,1.3172158351052914
2,6069,0.2,0.5,2.5,0.5074374010837982
2,6070,0.2,0.5,2.5,0.08208082937472656
2,6071,0.2,0.5,2.5,0.697493158583346
2,6072,0.2,0.5,2.5,0.32203809287470575
2,6073,0.2,0.5,2.5,0.04445973637336338
2,6074,0.2,0.5,2.5,0.659137744332871
2,6075,0.2,0.5,2.5,1.5512568155418363
2,6076,0.2,0.5,2.5,0.6190807147839272
2,6077,0.2,0.5,2.5,0.7252585419069353
2,6078,0.2,0.5,2.5,0.7068625134102614
2,6079,0.2,0.5,2.5,1.019633376192302
2,6080,0.2,0.5,2.5,0.9309596315112584
2,6081,0.2,0.5,2.5,0.306805074599952
2,6082,0.2,0.5,2.5,1.6841070782148135
2,6083,0.2,0.5,2.5,1.0529440175869673
2,6084,0.2,0.5,2.5,0.8368299523585173
2,6085,0.2,0.5,2.5,0.8747887271948317
2,6086,0.2,0.5,2.5,0.7896367488058187
2,6087,0.2,0.5,2.5,0.41632529009314545
2,6088,0.2,0.5,2.5,0.7677853125378327
2,6089,0.2,0.5,2.5,0.4234034751802092
2,6090,0.2,0.5,2.5,0.8461807275516313
2,6091,0.2,0.5,2.5,0.5934871946726906
2,6092,0.2,0.5,2.5,0.5849617796116517
2,6093,0.2,0.5,2.5,0.9841269624918345
2,6094,0.2,0.5,2.5,0.3705816810704562
2,6095,0.2,0.5,2.5,0.7978657158291512
2,6096,0.2,0.5,2.5,0.9394146517696529
2,6097,0.2,0.5,2.5,0.5577179111176012
2,6098,0.2,0.5,2.5,0.7259163649367649
2,6099,0.2,0.5,2.5,0.7935058399663694
2,6100,0.2,0.5,2.5,0.8605050541129358
2,6101,0.2,0.5,2.5,0.7289551333724308
2,6102,0.2,0.5,2.5,0.7500439008986021
2,6103,0.2,0.5,2.5,0.3068632137530506
2,6104,0.2,0.5,2.5,0.8549506916162588
2,6105,0.2,0.5,2.5,0.09467683920456406
2,6106,0.2,0.5,2.5,0.6060318793944317
2,6107,0.2,0.5,2.5,0.6614393185451284
2,6108,0.2,0.5,2.5,0.9684575340216809
2,6109,0.2,0.5,2.5,0.4778247249813848
2,6110,0.2,0.5,2.5,0.8435191757848045
2,6111,0.2,0.5,2.5,0.8347185973026199
2,6112,0.2,0.5,2.5,1.080219943868417
2,6113,0.2,0.5,2.5,0.31682841262102723
2,6114,0.2,0.5,2.5,1.193533562420326
2,6115,0.2,0.5,2.5,1.2061681253510432
2,6116,0.2,0.5,2.5,0.4466342942692455
2,6117,0.2,0.5,2.5,0.4223869306326123
2,6118,0.2,0.5,2.5,0.7208169794434885
2,6119,0.2,0.5,2.5,0.6686637146890906
2,6120,0.2,0.5,2.5,0.6155640984113474
2,6121,0.2,0.5,2.5,0.996355249379695
2,6122,0.2,0.5,2.5,1.3394071735576476
2,6123,0.2,0.5,2.5,0.630965152241229
2,6124,0.2,0.5,2.5,1.7024647904322372
2,6125,0.2,0.5,2.5,0.7272483326451155
2,6126,0.2,0.5,2.5,1.2109593911042857
2,6127,0.2,0.5,2.5,1.4055451290538872
2,6128,0.2,0.5,2.5,0.5239368507506885
2,6129,0.2,0.5,2.5,0.7312668500805483
2,6130,0.2,0.5,2.5,0.8677969429514724
2,6131,0.2,0.5,2.5,0.5475314903765639
2,6132,0.2,0.5,2.5,1.0061171881383195
2,6133,0.2,0.5,2.5,0.1332246218350201
2,6134,0.2,0.5,2.5,0.622359295807159
2,6135,0.2,0.5,2.5,0.42561235735407443
2,6136,0.2,0.5,2.5,1.0640724164573963
2,6137,0.2,0.5,2.5,1.0402414094856087
2,6138,0.2,0.5,2.5,0.21998769922929748
2,6139,0.2,0.5,2.5,0.09091397416343751
2,6140,0.2,0.5,2.5,0.2734097546269353
2,6141,0.2,0.5,2.5,1.2820372274977474
2,6142,0.2,0.5,2.5,0.45959583720348784
2,6143,0.2,0.5,2.5,0.7616512480579609
2,6144,0.2,0.5,2.5,0.2269685186159273
2,6145,0.2,0.5,2.5,0.27985227993421596
2,6146,0.2,0.5,2.5,1.363679603338731
2,6147,0.2,0.5,2.5,1.1896284092139386
2,6148,0.2,0.5,2.5,0.47771405643954745
2,6149,0.2,0.5,2.5,1.6007667773477763
2,6150,0.2,0.5,2.5,0.12019330694171207
2,6151,0.2,0.5,2.5,0.7157358294012404
2,6152,0.2,0.5,2.5,0.053740451673047335
2,6153,0.2,0.5,2.5,0.2950023836284696
2,6154,0.2,0.5,2.5,1.0252737519486825
2,6155,0.2,0.5,2.5,0.6294393953335726
2,6156,0.2,0.5,2.5,0.7515869789327807
2,6157,0.2,0.5,2.5,0.27857622910814606
2,6158,0.2,0.5,2.5,0.7773761152853731
2,6159,0.2,0.5,2.5,0.6011760940630698
2,6160,0.2,0.5,2.5,0.4722555734643197
2,6161,0.2,0.5,2.5,0.9221167695651995
2,6162,0.2,0.5,2.5,0.7631908766721177
2,6163,0.2,0.5,2.5,0.759300460543374
2,6164,0.2,0.5,2.5,0.35374828082495424
2,6165,0.2,0.5,2.5,0.14323415191608985
2,6166,0.2,0.5,2.5,0.48476397717463227
2,6167,0.2,0.5,2.5,0.9633281482978208
2,6168,0.2,0.5,2.5,0.8399957953640643
2,6169,0.2,0.5,2.5,0.8357071847940329
2,6170,0.2,0.5,2.5,0.8377982599974503
2,6171,0.2,0.5,2.5,0.8805058711149942
2,6172,0.2,0.5,2.5,0.2981817837893468
2,6173,0.2,0.5,2.5,0.7221458855520776
2,6174,0.2,0.5,2.5,0.766442258380146
2,6175,0.2,0.5,2.5,0.590128621129986
2,6176,0.2,0.5,2.5,0.5668188307617673
2,6177,0.2,0.5,2.5,0.3485996902568581
2,6178,0.2,0.5,2.5,1.23788234754303
2,6179,0.2,0.5,2.5,0.7075204735350185
2,6180,0.2,0.5,2.5,0.3370404452180637
2,6181,0.2,0.5,2.5,0.632642364256789
2,6182,0.2,0.5,2.5,0.7915335641200375
2,6183,0.2,0.5,2.5,0.6099724952315951
2,6184,0.2,0.5,2.5,0.26736881359729875
2,6185,0.2,0.5,2.5,0.24623203600110824
2,6186,0.2,0.5,2.5,0.644466749902718
2,6187,0.2,0.5,2.5,0.8718160035006436
2,6188,0.2,0.5,2.5,0.34868558761359064
2,6189,0.2,0.5,2.5,0.507054123221249
2,6190,0.2,0.5,2.5,0.7231080394858547
2,6191,0.2,0.5,2.5,1.3894412728261953
2,6192,0.2,0.5,2.5,0.40100484286497345
2,6193,0.2,0.5,2.5,0.6904005911895842
2,6194,0.2,0.5,2.5,0.19918929834063487
2,6195,0.2,0.5,2.5,0.23140573408334103
2,6196,0.2,0.5,2.5,0.802372679401894
2,6197,0.2,0.5,2.5,1.5574671226024104
2,6198,0.2,0.5,2.5,0.22730500389581154
2,6199,0.2,0.5,2.5,0.07593691649649836
2,6200,0.2,0.5,2.5,0.32197196798545624
2,6201,0.2,0.5,2.5,1.0319245214503536
2,6202,0.2,0.5,2.5,0.729454769057267
2,6203,0.2,0.5,2.5,0.3052735168701686
2,6204,0.2,0.5,2.5,0.6186515674041532
2,6205,0.2,0.5,2.5,0.2711716415652113
2,6206,0.2,0.5,2.5,0.6631670180700452
2,6207,0.2,0.5,2.5,0.6752831058652299
2,6208,0.2,0.5,2.5,0.8437775846245802
2,6209,0.2,0.5,2.5,0.282731918836895
2,6210,0.2,0.5,2.5,0.9624782531410683
2,6211,0.2,0.5,2.5,0.5569153006378921
2,6212,0.2,0.5,2.5,0.3751070035485378
2,6213,0.2,0.5,2.5,1.283747800301131
2,6214,0.2,0.5,2.5,0.2554745536918512
2,6215,0.2,0.5,2.5,0.7494496947078303
2,6216,0.2,0.5,2.5,1.121234143911076
2,6217,0.2,0.5,2.5,0.13309704510855488
2,6218,0.2,0.5,2.5,0.6425408220024426
2,6219,0.2,0.5,2.5,0.31991617862195676
2,6220,0.2,0.5,2.5,0.5546071428688986
2,6221,0.2,0.5,2.5,0.5156391709224659
2,6222,0.2,0.5,2.5,0.9954205012253727
2,6223,0.2,0.5,2.5,0.4869505345755843
2,6224,0.2,0.5,2.5,0.29085124391216155
2,6225,0.2,0.5,2.5,0.2814268343249413
2,6226,0.2,0.5,2.5,0.6400796817001061
2,6227,0.2,0.5,2.5,0.9877512397700556
2,6228,0.2,0.5,2.5,0.6806240418695205
2,6229,0.2,0.5,2.5,0.33135655468130065
2,6230,0.2,0.5,2.5,1.0611410905908247
2,6231,0.2,0.5,2.5,0.2514511571829675
2,6232,0.2,0.5,2.5,0.23615902008785256
2,6233,0.2,0.5,2.5,0.8552180041440991
2,6234,0.2,0.5,2.5,0.9489859792996405
2,6235,0.2,0.5,2.5,0.33785818086555314
2,6236,0.2,0.5,2.5,1.1936166849453675
2,6237,0.2,0.5,2.5,0.4904252883729442
2,6238,0.2,0.5,2.5,1.1164266381982006
2,6239,0.2,0.5,2.5,0.6993341771857169
2,6240,0.2,0.5,2.5,0.5642984866742822
2,6241,0.2,0.5,2.5,0.40091425055884855
2,6242,0.2,0.5,2.5,0.31762899848866166
2,6243,0.2,0.5,2.5,0.9480443724599213
2,6244,0.2,0.5,2.5,0.5085550146592585
2,6245,0.2,0.5,2.5,0.23398738263356028
2,6246,0.2,0.5,2.5,0.08722262053546698
2,6247,0.2,0.5,2.5,0.11823632940106726
2,6248,0.2,0.5,2.5,0.9931385156735871
2,6249,0.2,0.5,2.5,0.898362720640624
2,6250,0.2,0.5,2.5,0.3686475486582538
2,6251,0.2,0.5,2.5,0.5061276743465182
2,6252,0.2,0.5,2.5,1.3050791113470923
2,6253,0.2,0.5,2.5,0.7521542258302405
2,6254,0.2,0.5,2.5,0.6923958909894631
2,6255,0.2,0.5,2.5,0.7438342637895125
2,6256,0.2,0.5,2.5,1.4841805679415419
2,6257,0.2,0.5,2.5,0.4253287099058412
2,6258,0.2,0.5,2.5,0.9655005556957623
2,6259,0.2,0.5,2.5,0.5333057934315446
2,6260,0.2,0.5,2.5,0.6545059411077642
2,6261,0.2,0.5,2.5,0.19855046122053746
2,6262,0.2,0.5,2.5,0.44653055247914736
2,6263,0.2,0.5,2.5,0.16893176149878222
2,6264,0.2,0.5,2.5,0.6358060621455475
2,6265,0.2,0.5,2.5,0.36439079945292113
2,6266,0.2,0.5,2.5,1.0289390228409814
2,6267,0.2,0.5,2.5,0.4910169285549887
2,6268,0.2,0.5,2.5,0.8022307907994226
2,6269,0.2,0.5,2.5,0.18304137144757807
2,6270,0.2,0.5,2.5,0.7466630143583521
2,6271,0.2,0.5,2.5,0.5832878279372649
2,6272,0.2,0.5,2.5,1.0324084498433077
2,6273,0.2,0.5,2.5,0.45096242662892383
2,6274,0.2,0.5,2.5,1.0389113520944484
2,6275,0.2,0.5,2.5,0.2812416335856149
2,6276,0.2,0.5,2.5,1.360522010569665
2,6277,0.2,0.5,2.5,0.7757503894494652
2,6278,0.2,0.5,2.5,0.4129545637391119
2,6279,0.2,0.5,2.5,0.32258740303879124
2,6280,0.2,0.5,2.5,0.46715280361115474
2,6281,0.2,0.5,2.5,0.7269814744409723
2,6282,0.2,0.5,2.5,0.31377141129542097
2,6283,0.2,0.5,2.5,0.5168546471065372
2,6284,0.2,0.5,2.5,0.4155287961109523
2,6285,0.2,0.5,2.5,1.7275696321263125
2,6286,0.2,0.5,2.5,0.5719153312639328
2,6287,0.2,0.5,2.5,1.09819492746929
2,6288,0.2,0.5,2.5,0.6989162962582679
2,6289,0.2,0.5,2.5,0.3980262693405445
2,6290,0.2,0.5,2.5,0.777078529950689
2,6291,0.2,0.5,2.5,0.9431313525413457
2,6292,0.2,0.5,2.5,0.6826879481524067
2,6293,0.2,0.5,2.5,0.5946194471779692
2,6294,0.2,0.5,2.5,0.7553559950566407
2,6295,0.2,0.5,2.5,0.14379497782559705
2,6296,0.2,0.5,2.5,0.1894573088426328
2,6297,0.2,0.5,2.5,0.8752650234705436
2,6298,0.2,0.5,2.5,0.4772593342021685
2,6299,0.2,0.5,2.5,0.32252480259014593
2,6300,0.2,0.5,2.5,0.7869966815785014
2,6301,0.2,0.5,2.5,0.817829409814964
2,6302,0.2,0.5,2.5,0.7916154091071369
2,6303,0.2,0.5,2.5,1.7026671414522256
2,6304,0.2,0.5,2.5,0.6337459663481363
2,6305,0.2,0.5,2.5,1.0473864107167994
2,6306,0.2,0.5,2.5,0.7571119081445385
2,6307,0.2,0.5,2.5,1.1138908918261985
2,6308,0.2,0.5,2.5,0.4096703460106564
2,6309,0.2,0.5,2.5,0.7835030151638598
2,6310,0.2,0.5,2.5,0.4294447277778886
2,6311,0.2,0.5,2.5,0.0791322822473139
2,6312,0.2,0.5,2.5,0.4415359152174992
2,6313,0.2,0.5,2.5,0.9055913328485748
2,6314,0.2,0.5,2.5,0.7418160441669461
2,6315,0.2,0.5,2.5,0.6199507536817156
2,6316,0.2,0.5,2.5,0.12605852738608708
2,6317,0.2,0.5,2.5,0.741542423270988
2,6318,0.2,0.5,2.5,0.6331424722825703
2,6319,0.2,0.5,2.5,0.5632114184217064
2,6320,0.2,0.5,2.5,0.4781821384078622
2,6321,0.2,0.5,2.5,1.5737900909995655
2,6322,0.2,0.5,2.5,1.1369248401926195
2,6323,0.2,0.5,2.5,0.4659699315441299
2,6324,0.2,0.5,2.5,0.3363009067747461
2,6325,0.2,0.5,2.5,0.714613714719023
2,6326,0.2,0.5,2.5,0.9061298041131246
2,6327,0.2,0.5,2.5,0.9429248210526199
2,6328,0.2,0.5,2.5,0.9046998758441072
2,6329,0.2,0.5,2.5,0.5502777428009993
2,6330,0.2,0.5,2.5,1.186089653505853
2,6331,0.2,0.5,2.5,0.5858181107963722
2,6332,0.2,0.5,2.5,0.3607796430946871
2,6333,0.2,0.5,2.5,1.0742890493590906
2,6334,0.2,0.5,2.5,0.8932399194081958
2,6335,0.2,0.5,2.5,1.423554381845192
2,6336,0.2,0.5,2.5,0.7658150981636888
2,6337,0.2,0.5,2.5,0.1197786762750559
2,6338,0.2,0.5,2.5,0.678559364473077
2,6339,0.2,0.5,2.5,0.2635540743723354
2,6340,0.2,0.5,2.5,0.5508436653275188
2,6341,0.2,0.5,2.5,0.36675866578844096
2,6342,0.2,0.5,2.5,0.8911118933154359
2,6343,0.2,0.5,2.5,1.0308408391547346
2,6344,0.2,0.5,2.5,1.1354881514755315
2,6345,0.2,0.5,2.5,0.6002380938508407
2,6346,0.2,0.5,2.5,0.6647479465083453
2,6347,0.2,0.5,2.5,0.8744174431394303
2,6348,0.2,0.5,2.5,0.6413261170183615
2,6349,0.2,0.5,2.5,0.619537207478981
2,6350,0.2,0.5,2.5,0.45101139182721384
2,6351,0.2,0.5,2.5,0.6748679815205386
2,6352,0.2,0.5,2.5,0.41508628878002257
2,6353,0.2,0.5,2.5,0.9344283500442977
2,6354,0.2,0.5,2.5,0.37455870605450203
2,6355,0.2,0.5,2.5,0.4332599603942493
2,6356,0.2,0.5,2.5,0.7918017436137986
2,6357,0.2,0.5,2.5,0.4934874487217819
2,6358,0.2,0.5,2.5,0.3613988535831267
2,6359,0.2,0.5,2.5,1.3927510417467936
2,6360,0.2,0.5,2.5,0.34684474959922384
2,6361,0.2,0.5,2.5,0.20864019687178179
2,6362,0.2,0.5,2.5,0.8749348256839684
2,6363,0.2,0.5,2.5,0.627723901448
2,6364,0.2,0.5,2.5,0.554132159757869
2,6365,0.2,0.5,2.5,1.849968752696791
2,6366,0.2,0.5,2.5,0.9424055204859765
2,6367,0.2,0.5,2.5,1.1838652594381793
2,6368,0.2,0.5,2.5,0.5521616217653332
2,6369,0.2,0.5,2.5,0.9251707861083671
2,6370,0.2,0.5,2.5,0.6553591842533342
2,6371,0.2,0.5,2.5,1.2022241445406512
2,6372,0.2,0.5,2.5,0.5812227968672735
2,6373,0.2,0.5,2.5,0.5110123116366067
2,6374,0.2,0.5,2.5,0.27574059226291936
2,6375,0.2,0.5,2.5,0.6373224840715546
2,6376,0.2,0.5,2.5,0.2767933674318849
2,6377,0.2,0.5,2.5,0.9899113967166356
2,6378,0.2,0.5,2.5,0.8181344699682108
2,6379,0.2,0.5,2.5,0.37723802259075095
2,6380,0.2,0.5,2.5,0.9116602050527274
2,6381,0.2,0.5,2.5,1.0531725109492684
2,6382,0.2,0.5,2.5,1.2820598913021322
2,6383,0.2,0.5,2.5,1.1042550381027225
2,6384,0.2,0.5,2.5,1.061083338519655
2,6385,0.2,0.5,2.5,0.4071705555388347
2,6386,0.2,0.5,2.5,0.528284983284858
2,6387,0.2,0.5,2.5,1.3886102149166508
2,6388,0.2,0.5,2.5,0.7028192015697716
2,6389,0.2,0.5,2.5,0.9673438017574275
2,6390,0.2,0.5,2.5,1.2927506555606805
2,6391,0.2,0.5,2.5,0.31480480448955384
2,6392,0.2,0.5,2.5,0.6349355457253599
2,6393,0.2,0.5,2.5,0.1962449771176756
2,6394,0.2,0.5,2.5,0.5152350948275741
2,6395,0.2,0.5,2.5,0.881035164100275
2,6396,0.2,0.5,2.5,0.49252807334448684
2,6397,0.2,0.5,2.5,0.9458905178881469
2,6398,0.2,0.5,2.5,0.30946580672836
2,6399,0.2,0.5,2.5,1.3475858703014938
2,6400,0.2,0.5,2.5,0.7228946806930637
2,6401,0.2,0.5,2.5,0.5983803267229482
2,6402,0.2,0.5,2.5,0.6385709560754737
2,6403,0.2,0.5,2.5,0.36916582577882734
2,6404,0.2,0.5,2.5,0.318195795302718
2,6405,0.2,0.5,2.5,0.06804304140956674
2,6406,0.2,0.5,2.5,0.44484011095186815
2,6407,0.2,0.5,2.5,0.4313653823603425
2,6408,0.2,0.5,2.5,0.7269422288631204
2,6409,0.2,0.5,2.5,0.5832461242471125
2,6410,0.2,0.5,2.5,0.99325233344648
2,6411,0.2,0.5,2.5,1.4555441650093957
2,6412,0.2,0.5,2.5,0.39352277268587577
2,6413,0.2,0.5,2.5,0.326507938027887
2,6414,0.2,0.5,2.5,0.31612118237033826
2,6415,0.2,0.5,2.5,0.5757806649417078
2,6416,0.2,0.5,2.5,0.8437370497431012
2,6417,0.2,0.5,2.5,0.3386809758783978
2,6418,0.2,0.5,2.5,0.8409959045221693
2,6419,0.2,0.5,2.5,0.8065837161050173
2,6420,0.2,0.5,2.5,1.3086262464976561
2,6421,0.2,0.5,2.5,1.2786852427590423
2,6422,0.2,0.5,2.5,1.5098829272037826
2,6423,0.2,0.5,2.5,0.6325918459354148
2,6424,0.2,0.5,2.5,0.22327292147821237
2,6425,0.2,0.5,2.5,0.8738052212497586
2,6426,0.2,0.5,2.5,1.3327741542518896
2,6427,0.2,0.5,2.5,0.10961095372415533
2,6428,0.2,0.5,2.5,0.1244529681442918
2,6429,0.2,0.5,2.5,1.3315683230158881
2,6430,0.2,0.5,2.5,0.4931404730005875
2,6431,0.2,0.5,2.5,0.6395122600766164
2,6432,0.2,0.5,2.5,0.7141699409719102
2,6433,0.2,0.5,2.5,0.7170550517240096
2,6434,0.2,0.5,2.5,0.9316765103388303
2,6435,0.2,0.5,2.5,0.2768372806079739
2,6436,0.2,0.5,2.5,0.4029360504857746
2,6437,0.2,0.5,2.5,0.6439120343113152
2,6438,0.2,0.5,2.5,0.7174214639153118
2,6439,0.2,0.5,2.5,0.2822662167449939
2,6440,0.2,0.5,2.5,0.5327154674784518
2,6441,0.2,0.5,2.5,0.46310218857753194
2,6442,0.2,0.5,2.5,0.4641649052550291
2,6443,0.2,0.5,2.5,0.8063082738197099
2,6444,0.2,0.5,2.5,0.669513478148992
2,6445,0.2,0.5,2.5,0.4751140804064297
2,6446,0.2,0.5,2.5,0.8498276518217528
2,6447,0.2,0.5,2.5,1.0749696203841952
2,6448,0.2,0.5,2.5,0.8752267642865408
2,6449,0.2,0.5,2.5,0.6839003173617462
2,6450,0.2,0.5,2.5,0.3920776662086343
2,6451,0.2,0.5,2.5,0.6356915921041114
2,6452,0.2,0.5,2.5,0.24395342640641743
2,6453,0.2,0.5,2.5,0.19891893047379483
2,6454,0.2,0.5,2.5,0.8430138245491128
2,6455,0.2,0.5,2.5,1.1600322567002592
2,6456,0.2,0.5,2.5,0.7953496644028716
2,6457,0.2,0.5,2.5,0.2756320872129839
2,6458,0.2,0.5,2.5,0.8218664777737735
2,6459,0.2,0.5,2.5,0.5386343499381387
2,6460,0.2,0.5,2.5,0.8534015610046829
2,6461,0.2,0.5,2.5,0.8757157768161975
2,6462,0.2,0.5,2.5,0.825364561888597
2,6463,0.2,0.5,2.5,1.3253583785771574
2,6464,0.2,0.5,2.5,1.0495675732851524
2,6465,0.2,0.5,2.5,0.3103837256881246
2,6466,0.2,0.5,2.5,0.6323096711715807
2,6467,0.2,0.5,2.5,0.32452488408641766
2,6468,0.2,0.5,2.5,0.7468679530567262
2,6469,0.2,0.5,2.5,0.4425008954186866
2,6470,0.2,0.5,2.5,0.1337332645637824
2,6471,0.2,0.5,2.5,0.6808404435876342
2,6472,0.2,0.5,2.5,0.8163231049159301
2,6473,0.2,0.5,2.5,1.4926337093553526
2,6474,0.2,0.5,2.5,0.2750947174889809
2,6475,0.2,0.5,2.5,0.42971864200865134
2,6476,0.2,0.5,2.5,0.893758957839356
2,6477,0.2,0.5,2.5,1.2727298269488725
2,6478,0.2,0.5,2.5,0.6928142235362843
2,6479,0.2,0.5,2.5,0.3409420333229644
2,6480,0.2,0.5,2.5,0.8158891745306662
2,6481,0.2,0.5,2.5,0.8316797529431537
2,6482,0.2,0.5,2.5,0.6314841497495159
2,6483,0.2,0.5,2.5,0.4549805369033753
2,6484,0.2,0.5,2.5,0.49596439536701625
2,6485,0.2,0.5,2.5,0.4707457312739144
2,6486,0.2,0.5,2.5,0.3528252710529939
2,6487,0.2,0.5,2.5,1.0925779684208294
2,6488,0.2,0.5,2.5,0.27736955883365194
2,6489,0.2,0.5,2.5,0.4043466483904201
2,6490,0.2,0.5,2.5,0.4117081786024811
2,6491,0.2,0.5,2.5,0.46454390656808414
2,6492,0.2,0.5,2.5,0.6131366498645597
2,6493,0.2,0.5,2.5,1.084862101455895
2,6494,0.2,0.5,2.5,0.44506269069844623
2,6495,0.2,0.5,2.5,0.7740474019990716
2,6496,0.2,0.5,2.5,0.653643480216992
2,6497,0.2,0.5,2.5,0.8009940132481292
2,6498,0.2,0.5,2.5,0.6233018467267569
2,6499,0.2,0.5,2.5,0.48437214198470857
2,6500,0.2,0.5,2.5,0.21909059636597578
2,6501,0.2,0.5,2.5,0.4152737540431433
2,6502,0.2,0.5,2.5,1.2764816879336573
2,6503,0.2,0.5,2.5,0.35956355717073407
2,6504,0.2,0.5,2.5,0.3730204160848031
2,6505,0.2,0.5,2.5,0.2838385980612437
2,6506,0.2,0.5,2.5,0.5111220647225608
2,6507,0.2,0.5,2.5,1.0538354212374912
2,6508,0.2,0.5,2.5,0.11136283211257904
2,6509,0.2,0.5,2.5,1.0198971147691627
2,6510,0.2,0.5,2.5,1.2303000882685569
2,6511,0.2,0.5,2.5,0.5839702528842338
2,6512,0.2,0.5,2.5,0.8010981840820706
2,6513,0.2,0.5,2.5,0.8117258812188751
2,6514,0.2,0.5,2.5,0.6030684610624426
2,6515,0.2,0.5,2.5,0.15930528336388147
2,6516,0.2,0.5,2.5,0.7628712422437149
2,6517,0.2,0.5,2.5,1.1278836335663267
2,6518,0.2,0.5,2.5,1.28260348875728
2,6519,0.2,0.5,2.5,0.40047814909870205
2,6520,0.2,0.5,2.5,1.1086476499985365
2,6521,0.2,0.5,2.5,0.9426045062638488
2,6522,0.2,0.5,2.5,0.8908434810760084
2,6523,0.2,0.5,2.5,0.6870635495568869
2,6524,0.2,0.5,2.5,0.5159598778238679
2,6525,0.2,0.5,2.5,1.0916690762257601
2,6526,0.2,0.5,2.5,0.9080771401585489
2,6527,0.2,0.5,2.5,0.28938357128229336
2,6528,0.2,0.5,2.5,1.3853862554643672
2,6529,0.2,0.5,2.5,0.8141426436883674
2,6530,0.2,0.5,2.5,0.23747668290415944
2,6531,0.2,0.5,2.5,1.0794376685405156
2,6532,0.2,0.5,2.5,0.7548914898914806
2,6533,0.2,0.5,2.5,0.37639714422745923
2,6534,0.2,0.5,2.5,1.0909968972087412
2,6535,0.2,0.5,2.5,0.4226745559682999
2,6536,0.2,0.5,2.5,0.3583488117513319
2,6537,0.2,0.5,2.5,1.1929178430804481
2,6538,0.2,0.5,2.5,0.27516660343271865
2,6539,0.2,0.5,2.5,0.5629270442723333
2,6540,0.2,0.5,2.5,0.47133231515919927
2,6541,0.2,0.5,2.5,0.4284670170506269
2,6542,0.2,0.5,2.5,0.142165637811001
2,6543,0.2,0.5,2.5,0.12508344402918847
2,6544,0.2,0.5,2.5,1.0321808043200507
2,6545,0.2,0.5,2.5,0.4460476744123755
2,6546,0.2,0.5,2.5,0.8951423024004218
2,6547,0.2,0.5,2.5,1.0537277388006954
2,6548,0.2,0.5,2.5,0.3273064494905933
2,6549,0.2,0.5,2.5,0.8176689791473793
2,6550,0.2,0.5,2.5,0.06527645375740664
2,6551,0.2,0.5,2.5,0.9723239659068001
2,6552,0.2,0.5,2.5,0.263474183483677
2,6553,0.2,0.5,2.5,0.6612239738968234
2,6554,0.2,0.5,2.5,0.40173065220305304
2,6555,0.2,0.5,2.5,0.39494154382248664
2,6556,0.2,0.5,2.5,0.8139430217520022
2,6557,0.2,0.5,2.5,0.9127677096893193
2,6558,0.2,0.5,2.5,1.1709794610215956
2,6559,0.2,0.5,2.5,0.5561929538331488
2,6560,0.2,0.5,2.5,0.542579649255343
2,6561,0.2,0.5,2.5,0.6200493070777291
2,6562,0.2,0.5,2.5,0.14096710047613437
2,6563,0.2,0.5,2.5,0.15064259154777504
2,6564,0.2,0.5,2.5,0.4261702541528129
2,6565,0.2,0.5,2.5,0.6297647706127699
2,6566,0.2,0.5,2.5,0.9649506728272812
2,6567,0.2,0.5,2.5,0.6901167923252732
2,6568,0.2,0.5,2.5,1.2962667938951358
2,6569,0.2,0.5,2.5,1.3531928012485
2,6570,0.2,0.5,2.5,0.9982788501754184
2,6571,0.2,0.5,2.5,0.48020215126372284
2,6572,0.2,0.5,2.5,0.5896687980583435
2,6573,0.2,0.5,2.5,0.8707962820025804
2,6574,0.2,0.5,2.5,0.20407001672447242
2,6575,0.2,0.5,2.5,0.8364656257901107
2,6576,0.2,0.5,2.5,0.7360505001017605
2,6577,0.2,0.5,2.5,0.8863610340033876
2,6578,0.2,0.5,2.5,0.3942609149340207
2,6579,0.2,0.5,2.5,0.8363570146260387
2,6580,0.2,0.5,2.5,0.3997829797010146
2,6581,0.2,0.5,2.5,0.060935924447981134
2,6582,0.2,0.5,2.5,0.5197002123889686
2,6583,0.2,0.5,2.5,1.0142649777507702
2,6584,0.2,0.5,2.5,0.4504526229413703
2,6585,0.2,0.5,2.5,0.5881891564939399
2,6586,0.2,0.5,2.5,0.8405493789017066
2,6587,0.2,0.5,2.5,0.7152274249343054
2,6588,0.2,0.5,2.5,0.6339122001888715
2,6589,0.2,0.5,2.5,1.0942176541392472
2,6590,0.2,0.5,2.5,1.1633145016575406
2,6591,0.2,0.5,2.5,0.31527200396802424
2,6592,0.2,0.5,2.5,0.7937018136220559
2,6593,0.2,0.5,2.5,0.9087568749468866
2,6594,0.2,0.5,2.5,0.43505793675832977
2,6595,0.2,0.5,2.5,1.026217003111942
2,6596,0.2,0.5,2.5,0.6252508871878744
2,6597,0.2,0.5,2.5,0.720035004791562
2,6598,0.2,0.5,2.5,0.623415299630103
2,6599,0.2,0.5,2.5,1.24306221101231
2,6600,0.2,0.5,2.5,0.26895499738093276
2,6601,0.2,0.5,2.5,0.593865054605379
2,6602,0.2,0.5,2.5,0.6152445164443725
2,6603,0.2,0.5,2.5,0.5340871782267431
2,6604,0.2,0.5,2.5,0.5565834817142525
2,6605,0.2,0.5,2.5,0.9482878800619008
2,6606,0.2,0.5,2.5,1.5308974463441678
2,6607,0.2,0.5,2.5,0.7746302585024026
2,6608,0.2,0.5,2.5,0.6964918223850916
2,6609,0.2,0.5,2.5,1.0097427872729032
2,6610,0.2,0.5,2.5,0.6907312014055216
2,6611,0.2,0.5,2.5,1.1752064765024817
2,6612,0.2,0.5,2.5,0.11545740807509021
2,6613,0.2,0.5,2.5,1.1562331181145278
2,6614,0.2,0.5,2.5,0.7779861566799684
2,6615,0.2,0.5,2.5,0.381947831813571
2,6616,0.2,0.5,2.5,0.23014612693830214
2,6617,0.2,0.5,2.5,0.8655583190982943
2,6618,0.2,0.5,2.5,0.2995448750136299
2,6619,0.2,0.5,2.5,1.0104515507518044
2,6620,0.2,0.5,2.5,0.8921656650896915
2,6621,0.2,0.5,2.5,1.015411807482237
2,6622,0.2,0.5,2.5,0.9141546447883976
2,6623,0.2,0.5,2.5,0.6679988547684212
2,6624,0.2,0.5,2.5,0.8549737004376824
2,6625,0.2,0.5,2.5,1.4899552708126749
2,6626,0.2,0.5,2.5,0.2331358392164343
2,6627,0.2,0.5,2.5,0.9315908113885867
2,6628,0.2,0.5,2.5,1.3573910488796341
2,6629,0.2,0.5,2.5,1.1760509784137394
2,6630,0.2,0.5,2.5,0.26766596569248463
2,6631,0.2,0.5,2.5,0.7106822602507438
2,6632,0.2,0.5,2.5,0.12342445793626831
2,6633,0.2,0.5,2.5,1.07360718649662
2,6634,0.2,0.5,2.5,0.35123609247839194
2,6635,0.2,0.5,2.5,0.858252006446228
2,6636,0.2,0.5,2.5,0.30684960387090443
2,6637,0.2,0.5,2.5,0.2539369116280278
2,6638,0.2,0.5,2.5,1.4813718562036398
2,6639,0.2,0.5,2.5,0.5780209012194343
2,6640,0.2,0.5,2.5,1.2264310320099527
2,6641,0.2,0.5,2.5,1.009138766259086
2,6642,0.2,0.5,2.5,0.4074420189588297
2,6643,0.2,0.5,2.5,0.38044597990439605
2,6644,0.2,0.5,2.5,0.5857051480904055
2,6645,0.2,0.5,2.5,1.3098296820015363
2,6646,0.2,0.5,2.5,0.367783114963713
2,6647,0.2,0.5,2.5,0.4437314591750063
2,6648,0.2,0.5,2.5,0.5220747703024812
2,6649,0.2,0.5,2.5,0.8984431884538315
2,6650,0.2,0.5,2.5,1.100564427934444
2,6651,0.2,0.5,2.5,0.25641760487587356
2,6652,0.2,0.5,2.5,0.07644120385868672
2,6653,0.2,0.5,2.5,0.5704202152921595
2,6654,0.2,0.5,2.5,1.2598208852364021
2,6655,0.2,0.5,2.5,0.43125883661529213
2,6656,0.2,0.5,2.5,0.4757604918810036
2,6657,0.2,0.5,2.5,0.7534418830155365
2,6658,0.2,0.5,2.5,0.4198379021712799
2,6659,0.2,0.5,2.5,0.38559403187222235
2,6660,0.2,0.5,2.5,0.9882900454023903
2,6661,0.2,0.5,2.5,1.0426612407632376
2,6662,0.2,0.5,2.5,1.2332773122087013
2,6663,0.2,0.5,2.5,0.305109300436064
2,6664,0.2,0.5,2.5,0.49484501506651396
2,6665,0.2,0.5,2.5,1.1486798372886193
2,6666,0.2,0.5,2.5,0.4261586859197003
2,6667,0.2,0.5,2.5,0.16834781532010284
2,6668,0.2,0.5,2.5,0.13376906531847127
2,6669,0.2,0.5,2.5,0.43950361150423567
2,6670,0.2,0.5,2.5,1.252647433667607
2,6671,0.2,0.5,2.5,0.7048103569058803
2,6672,0.2,0.5,2.5,0.6490211023997866
2,6673,0.2,0.5,2.5,0.8779986248429599
2,6674,0.2,0.5,2.5,0.5189784387480969
2,6675,0.2,0.5,2.5,0.16323143703702644
2,6676,0.2,0.5,2.5,1.5105078094176763
2,6677,0.2,0.5,2.5,0.24078910446494628
2,6678,0.2,0.5,2.5,0.14049495265289483
2,6679,0.2,0.5,2.5,1.4380320081502636
2,6680,0.2,0.5,2.5,0.6960791543853986
2,6681,0.2,0.5,2.5,0.26868978342891947
2,6682,0.2,0.5,2.5,0.3905302099511029
2,6683,0.2,0.5,2.5,1.4152267416375706
2,6684,0.2,0.5,2.5,1.0208412714286028
2,6685,0.2,0.5,2.5,0.5875752284265103
2,6686,0.2,0.5,2.5,0.8506039544164711
2,6687,0.2,0.5,2.5,0.8193132887027528
2,6688,0.2,0.5,2.5,0.48002513501942773
2,6689,0.2,0.5,2.5,0.5454262646723876
2,6690,0.2,0.5,2.5,0.8232091666691991
2,6691,0.2,0.5,2.5,0.6151099641275395
2,6692,0.2,0.5,2.5,0.7290013805300078
2,6693,0.2,0.5,2.5,0.15708545591304546
2,6694,0.2,0.5,2.5,0.23073715020723504
2,6695,0.2,0.5,2.5,0.6282184056603536
2,6696,0.2,0.5,2.5,0.8877719047330057
2,6697,0.2,0.5,2.5,0.8771843888866919
2,6698,0.2,0.5,2.5,0.7005811167368953
2,6699,0.2,0.5,2.5,0.11731102891258434
2,6700,0.2,0.5,2.5,0.10891593017834486
2,6701,0.2,0.5,2.5,0.39024992849592355
2,6702,0.2,0.5,2.5,0.9875878280924123
2,6703,0.2,0.5,2.5,0.7960777841421756
2,6704,0.2,0.5,2.5,0.43300396765622
2,6705,0.2,0.5,2.5,0.7219367106453287
2,6706,0.2,0.5,2.5,0.9335238612583816
2,6707,0.2,0.5,2.5,0.5587898777889568
2,6708,0.2,0.5,2.5,0.3961295687587277
2,6709,0.2,0.5,2.5,1.457996472592325
2,6710,0.2,0.5,2.5,0.6177754851628604
2,6711,0.2,0.5,2.5,0.6430707024950703
2,6712,0.2,0.5,2.5,0.8671951654347534
2,6713,0.2,0.5,2.5,1.3713395615671025
2,6714,0.2,0.5,2.5,0.6157974317790563
2,6715,0.2,0.5,2.5,0.9195543394197078
2,6716,0.2,0.5,2.5,0.5626361388272119
2,6717,0.2,0.5,2.5,1.2789669065676892
2,6718,0.2,0.5,2.5,0.4423259997488575
2,6719,0.2,0.5,2.5,0.12113246828130717
2,6720,0.2,0.5,2.5,1.148280960556252
2,6721,0.2,0.5,2.5,0.2714679570235764
2,6722,0.2,0.5,2.5,1.0489481169027741
2,6723,0.2,0.5,2.5,0.5099675983005492
2,6724,0.2,0.5,2.5,0.671667282919486
2,6725,0.2,0.5,2.5,0.6216547699533252
2,6726,0.2,0.5,2.5,0.39325842191049837
2,6727,0.2,0.5,2.5,0.6121217535454736
2,6728,0.2,0.5,2.5,0.8019026092230902
2,6729,0.2,0.5,2.5,0.8619039762772291
2,6730,0.2,0.5,2.5,1.0228752419301164
2,6731,0.2,0.5,2.5,0.8649561042638768
2,6732,0.2,0.5,2.5,0.92402247789685
2,6733,0.2,0.5,2.5,0.8175837878537171
2,6734,0.2,0.5,2.5,1.0660480945580446
2,6735,0.2,0.5,2.5,1.2126137232277974
2,6736,0.2,0.5,2.5,1.1763458845551449
2,6737,0.2,0.5,2.5,1.0773725442966775
2,6738,0.2,0.5,2.5,1.3574984101480345
2,6739,0.2,0.5,2.5,1.2428274375517534
2,6740,0.2,0.5,2.5,0.24491748932835436
2,6741,0.2,0.5,2.5,0.1408179260904394
2,6742,0.2,0.5,2.5,0.9695564287396523
2,6743,0.2,0.5,2.5,0.3369375252681524
2,6744,0.2,0.5,2.5,0.3086302504267374
2,6745,0.2,0.5,2.5,0.2461757529163062
2,6746,0.2,0.5,2.5,0.6940777082872748
2,6747,0.2,0.5,2.5,0.28732695671063635
2,6748,0.2,0.5,2.5,0.5886060786327586
2,6749,0.2,0.5,2.5,0.6810096126719483
2,6750,0.2,0.5,2.5,0.3313279330152671
2,6751,0.2,0.5,2.5,0.2745161623164962
2,6752,0.2,0.5,2.5,0.622707062067304
2,6753,0.2,0.5,2.5,0.8006053328878823
2,6754,0.2,0.5,2.5,1.4271382593976725
2,6755,0.2,0.5,2.5,0.342339908014147
2,6756,0.2,0.5,2.5,0.8090298338571664
2,6757,0.2,0.5,2.5,0.3925330335031966
2,6758,0.2,0.5,2.5,0.3976768787670835
2,6759,0.2,0.5,2.5,0.712088956362931
2,6760,0.2,0.5,2.5,1.1141815900919512
2,6761,0.2,0.5,2.5,0.6920239654516837
2,6762,0.2,0.5,2.5,1.3784157909563133
2,6763,0.2,0.5,2.5,0.8417037159136951
2,6764,0.2,0.5,2.5,0.2117531473745227
2,6765,0.2,0.5,2.5,0.13314848834081297
2,6766,0.2,0.5,2.5,1.1224105247863037
2,6767,0.2,0.5,2.5,0.6036598084851547
2,6768,0.2,0.5,2.5,0.49718227968657364
2,6769,0.2,0.5,2.5,0.6977936399511359
2,6770,0.2,0.5,2.5,1.0837782016308954
2,6771,0.2,0.5,2.5,1.5237703986983462
2,6772,0.2,0.5,2.5,1.008158512510502
2,6773,0.2,0.5,2.5,0.5093922167233796
2,6774,0.2,0.5,2.5,0.6455708278820856
2,6775,0.2,0.5,2.5,1.346568906691722
2,6776,0.2,0.5,2.5,0.9091079595600665
2,6777,0.2,0.5,2.5,0.6319049247980635
2,6778,0.2,0.5,2.5,0.22657800570029724
2,6779,0.2,0.5,2.5,0.6454111794999541
2,6780,0.2,0.5,2.5,0.2659430923912536
2,6781,0.2,0.5,2.5,0.6365077341499806
2,6782,0.2,0.5,2.5,0.8212051852407823
2,6783,0.2,0.5,2.5,1.3297096363358776
2,6784,0.2,0.5,2.5,0.5404820217840806
2,6785,0.2,0.5,2.5,0.33654608007668035
2,6786,0.2,0.5,2.5,0.672105196142453
2,6787,0.2,0.5,2.5,0.26212349598315976
2,6788,0.2,0.5,2.5,0.2666668799255566
2,6789,0.2,0.5,2.5,0.254470880820566
2,6790,0.2,0.5,2.5,0.9675908681933723
2,6791,0.2,0.5,2.5,0.4355608985699656
2,6792,0.2,0.5,2.5,0.06271258824140423
2,6793,0.2,0.5,2.5,0.7210264268498408
2,6794,0.2,0.5,2.5,0.37660300656072854
2,6795,0.2,0.5,2.5,0.3620241896349217
2,6796,0.2,0.5,2.5,1.0948397033212525
2,6797,0.2,0.5,2.5,1.5757647852250605
2,6798,0.2,0.5,2.5,0.9630477790320394
2,6799,0.2,0.5,2.5,0.44767996287218537
2,6800,0.2,0.5,2.5,0.43793592291514816
2,6801,0.2,0.5,2.5,0.9699821079793867
2,6802,0.2,0.5,2.5,0.9701533206518563
2,6803,0.2,0.5,2.5,0.7846717248695456
2,6804,0.2,0.5,2.5,0.7085641226839259
2,6805,0.2,0.5,2.5,0.24215970376583912
2,6806,0.2,0.5,2.5,1.3181174149263533
2,6807,0.2,0.5,2.5,0.7491980564298331
2,6808,0.2,0.5,2.5,1.1505782475215356
2,6809,0.2,0.5,2.5,0.45949475251983257
2,6810,0.2,0.5,2.5,0.17839118365779036
2,6811,0.2,0.5,2.5,0.4656368587619923
2,6812,0.2,0.5,2.5,0.5180912956304262
2,6813,0.2,0.5,2.5,0.09630017474461448
2,6814,0.2,0.5,2.5,0.12007106945772525
2,6815,0.2,0.5,2.5,1.3682186532627365
2,6816,0.2,0.5,2.5,0.5368484150974112
2,6817,0.2,0.5,2.5,0.13840921298743647
2,6818,0.2,0.5,2.5,0.761101981315376
2,6819,0.2,0.5,2.5,0.8079120031379088
2,6820,0.2,0.5,2.5,0.692825621286665
2,6821,0.2,0.5,2.5,0.7769147987584645
2,6822,0.2,0.5,2.5,0.4634566550387278
2,6823,0.2,0.5,2.5,0.891847343913282
2,6824,0.2,0.5,2.5,1.091656619324409
2,6825,0.2,0.5,2.5,0.9152277520272363
2,6826,0.2,0.5,2.5,1.0004090151420677
2,6827,0.2,0.5,2.5,0.8345464883164475
2,6828,0.2,0.5,2.5,0.5287762916888424
2,6829,0.2,0.5,2.5,0.4663923122614721
2,6830,0.2,0.5,2.5,0.7248298361933428
2,6831,0.2,0.5,2.5,0.9331770889034063
2,6832,0.2,0.5,2.5,0.5484639031537079
2,6833,0.2,0.5,2.5,0.5901782576575471
2,6834,0.2,0.5,2.5,0.7386733191338972
2,6835,0.2,0.5,2.5,0.2400632849016894
2,6836,0.2,0.5,2.5,0.9501938476846921
2,6837,0.2,0.5,2.5,0.489159720246301
2,6838,0.2,0.5,2.5,0.12122696620824389
2,6839,0.2,0.5,2.5,0.8497099412912087
2,6840,0.2,0.5,2.5,1.296611849306855
2,6841,0.2,0.5,2.5,0.6573543291739723
2,6842,0.2,0.5,2.5,0.8226536146097229
2,6843,0.2,0.5,2.5,0.7390473174280414
2,6844,0.2,0.5,2.5,0.9333661118406295
2,6845,0.2,0.5,2.5,1.1158807346344901
2,6846,0.2,0.5,2.5,0.5392093115098389
2,6847,0.2,0.5,2.5,0.23050761838516098
2,6848,0.2,0.5,2.5,1.0358430391886553
2,6849,0.2,0.5,2.5,0.8018964914276604
2,6850,0.2,0.5,2.5,0.5929568405712282
2,6851,0.2,0.5,2.5,0.1347198145299628
2,6852,0.2,0.5,2.5,0.44798708370393603
2,6853,0.2,0.5,2.5,0.8959897418809935
2,6854,0.2,0.5,2.5,1.0570795817138303
2,6855,0.2,0.5,2.5,1.1221879906031365
2,6856,0.2,0.5,2.5,0.8723646124977938
2,6857,0.2,0.5,2.5,0.685367901006351
2,6858,0.2,0.5,2.5,0.4011975467452046
2,6859,0.2,0.5,2.5,0.4845362534067701
2,6860,0.2,0.5,2.5,0.7581510316950121
2,6861,0.2,0.5,2.5,0.7178072313649333
2,6862,0.2,0.5,2.5,0.3876115268609018
2,6863,0.2,0.5,2.5,1.0303188906291278
2,6864,0.2,0.5,2.5,0.48318814740176935
2,6865,0.2,0.5,2.5,0.5376612857610845
2,6866,0.2,0.5,2.5,0.6934399722104464
2,6867,0.2,0.5,2.5,0.8308529127491405
2,6868,0.2,0.5,2.5,0.149199571707625
2,6869,0.2,0.5,2.5,1.0036357012256578
2,6870,0.2,0.5,2.5,0.8031440290709788
2,6871,0.2,0.5,2.5,0.7990126618811554
2,6872,0.2,0.5,2.5,0.253412130500523
2,6873,0.2,0.5,2.5,1.2237443150707015
2,6874,0.2,0.5,2.5,0.5405295319310188
2,6875,0.2,0.5,2.5,0.31371355684163993
2,6876,0.2,0.5,2.5,0.39703886023819324
2,6877,0.2,0.5,2.5,0.5537971649874257
2,6878,0.2,0.5,2.5,0.4254423288458742
2,6879,0.2,0.5,2.5,0.6178483089578638
2,6880,0.2,0.5,2.5,0.6568383957845532
2,6881,0.2,0.5,2.5,0.6833603034839069
2,6882,0.2,0.5,2.5,1.1712068928086377
2,6883,0.2,0.5,2.5,0.26752902085208485
2,6884,0.2,0.5,2.5,0.4963430688281526
2,6885,0.2,0.5,2.5,1.0481132475014707
2,6886,0.2,0.5,2.5,1.3048386425161416
2,6887,0.2,0.5,2.5,0.2475892112108742
2,6888,0.2,0.5,2.5,0.3102635491218051
2,6889,0.2,0.5,2.5,0.6927095869091432
2,6890,0.2,0.5,2.5,0.2573022505944277
2,6891,0.2,0.5,2.5,1.4362613659119259
2,6892,0.2,0.5,2.5,0.4739628046855592
2,6893,0.2,0.5,2.5,1.0620802095769777
2,6894,0.2,0.5,2.5,0.2953377230043347
2,6895,0.2,0.5,2.5,0.7248605096776691
2,6896,0.2,0.5,2.5,1.1944972867395716
2,6897,0.2,0.5,2.5,1.110663416457742
2,6898,0.2,0.5,2.5,0.9933349937672011
2,6899,0.2,0.5,2.5,0.7709326233396996
2,6900,0.2,0.5,2.5,0.8047931338960039
2,6901,0.2,0.5,2.5,0.6459256331308411
2,6902,0.2,0.5,2.5,0.9600613057557863
2,6903,0.2,0.5,2.5,0.5554384753477212
2,6904,0.2,0.5,2.5,1.517305659778316
2,6905,0.2,0.5,2.5,0.42069996131135845
2,6906,0.2,0.5,2.5,0.2778399167597826
2,6907,0.2,0.5,2.5,0.1840529540243063
2,6908,0.2,0.5,2.5,0.9181215418089285
2,6909,0.2,0.5,2.5,0.6292180442084105
2,6910,0.2,0.5,2.5,0.24555555124605924
2,6911,0.2,0.5,2.5,0.5083731620141136
2,6912,0.2,0.5,2.5,0.464034010441853
2,6913,0.2,0.5,2.5,0.465729023825657
2,6914,0.2,0.5,2.5,0.9544410710339933
2,6915,0.2,0.5,2.5,0.2525709741941438
2,6916,0.2,0.5,2.5,0.861114451116538
2,6917,0.2,0.5,2.5,1.129296430291274
2,6918,0.2,0.5,2.5,0.7658457614452571
2,6919,0.2,0.5,2.5,0.9284828424036201
2,6920,0.2,0.5,2.5,1.0369221114310823
2,6921,0.2,0.5,2.5,1.4892787398283585
2,6922,0.2,0.5,2.5,0.3872546603315775
2,6923,0.2,0.5,2.5,0.6979881802036842
2,6924,0.2,0.5,2.5,0.9573156857443063
2,6925,0.2,0.5,2.5,0.5286016770500817
2,6926,0.2,0.5,2.5,0.37775510216859143
2,6927,0.2,0.5,2.5,0.7285376652127112
2,6928,0.2,0.5,2.5,1.1121098840026922
2,6929,0.2,0.5,2.5,0.40534894710218405
2,6930,0.2,0.5,2.5,1.553062667446638
2,6931,0.2,0.5,2.5,0.539730394391055
2,6932,0.2,0.5,2.5,0.6833430730738183
2,6933,0.2,0.5,2.5,1.0692287864322283
2,6934,0.2,0.5,2.5,0.34776065014519986
2,6935,0.2,0.5,2.5,0.807136003046414
2,6936,0.2,0.5,2.5,0.8370471377327717
2,6937,0.2,0.5,2.5,0.9942072367962067
2,6938,0.2,0.5,2.5,0.7900618130903228
2,6939,0.2,0.5,2.5,1.6210634102924717
2,6940,0.2,0.5,2.5,1.126184443783574
2,6941,0.2,0.5,2.5,0.6783243772088173
2,6942,0.2,0.5,2.5,0.7709315191133683
2,6943,0.2,0.5,2.5,0.4676716178023526
2,6944,0.2,0.5,2.5,0.6612015407096489
2,6945,0.2,0.5,2.5,1.0155059416347616
2,6946,0.2,0.5,2.5,0.8917440796287149
2,6947,0.2,0.5,2.5,0.3215264266870477
2,6948,0.2,0.5,2.5,0.9159289446575422
2,6949,0.2,0.5,2.5,0.3972893844197129
2,6950,0.2,0.5,2.5,1.3073739498059607
2,6951,0.2,0.5,2.5,0.932718339487909
2,6952,0.2,0.5,2.5,0.6303403820227665
2,6953,0.2,0.5,2.5,0.2639238565108573
2,6954,0.2,0.5,2.5,0.6812785938268812
2,6955,0.2,0.5,2.5,0.34841574761961863
2,6956,0.2,0.5,2.5,0.7006638008137706
2,6957,0.2,0.5,2.5,0.15559825655324327
2,6958,0.2,0.5,2.5,0.5998662977866329
2,6959,0.2,0.5,2.5,0.658504165463682
2,6960,0.2,0.5,2.5,1.4793292178885789
2,6961,0.2,0.5,2.5,0.1783081382078609
2,6962,0.2,0.5,2.5,0.8184479813888293
2,6963,0.2,0.5,2.5,0.6127601925389883
2,6964,0.2,0.5,2.5,1.2377891851522815
2,6965,0.2,0.5,2.5,0.4558044669117672
2,6966,0.2,0.5,2.5,0.6781640092194905
2,6967,0.2,0.5,2.5,0.6460748800603938
2,6968,0.2,0.5,2.5,0.33964317081193873
2,6969,0.2,0.5,2.5,0.4948995927012548
2,6970,0.2,0.5,2.5,0.5154286080997189
2,6971,0.2,0.5,2.5,0.3308314871833866
2,6972,0.2,0.5,2.5,1.013883823162939
2,6973,0.2,0.5,2.5,0.43088913010615393
2,6974,0.2,0.5,2.5,0.6065788551515173
2,6975,0.2,0.5,2.5,1.0681916290439182
2,6976,0.2,0.5,2.5,1.2168168546165712
2,6977,0.2,0.5,2.5,0.3682485931575572
2,6978,0.2,0.5,2.5,1.0997743862873843
2,6979,0.2,0.5,2.5,0.40788793670704576
2,6980,0.2,0.5,2.5,0.6463788252825144
2,6981,0.2,0.5,2.5,0.330072393591609
2,6982,0.2,0.5,2.5,1.2138845867125108
2,6983,0.2,0.5,2.5,1.374201308342232
2,6984,0.2,0.5,2.5,0.6307616361942427
2,6985,0.2,0.5,2.5,0.14945758061513337
2,6986,0.2,0.5,2.5,0.44675567937272564
2,6987,0.2,0.5,2.5,0.7666673673930295
2,6988,0.2,0.5,2.5,0.5995132086585554
2,6989,0.2,0.5,2.5,0.7675384497250712
2,6990,0.2,0.5,2.5,0.2497571789412314
2,6991,0.2,0.5,2.5,1.0624537201928512
2,6992,0.2,0.5,2.5,1.4324938733697343
2,6993,0.2,0.5,2.5,0.7888808016973347
2,6994,0.2,0.5,2.5,1.3617092707087088
2,6995,0.2,0.5,2.5,0.6383829785594427
2,6996,0.2,0.5,2.5,0.40498042301943343
2,6997,0.2,0.5,2.5,1.1389672591881679
2,6998,0.2,0.5,2.5,0.5080849826296486
2,6999,0.2,0.5,2.5,0.4186269903867138
2,7000,0.2,0.5,2.5,0.41720491396493087
2,7001,0.2,0.5,2.5,0.4551489399814205
2,7002,0.2,0.5,2.5,0.43726980240151947
2,7003,0.2,0.5,2.5,0.05140257849568197
2,7004,0.2,0.5,2.5,0.7051709910275861
2,7005,0.2,0.5,2.5,0.7334086145299544
2,7006,0.2,0.5,2.5,0.40830917244387754
2,7007,0.2,0.5,2.5,0.10615351273562379
2,7008,0.2,0.5,2.5,0.6056769723997018
2,7009,0.2,0.5,2.5,1.482388127978316
2,7010,0.2,0.5,2.5,0.5588659870975736
2,7011,0.2,0.5,2.5,0.4785651595699588
2,7012,0.2,0.5,2.5,0.7986434657204542
2,7013,0.2,0.5,2.5,0.26890390026855465
2,7014,0.2,0.5,2.5,0.23267910194473082
2,7015,0.2,0.5,2.5,0.2712468088801056
2,7016,0.2,0.5,2.5,0.5234772805149338
2,7017,0.2,0.5,2.5,0.7367339609589459
2,7018,0.2,0.5,2.5,0.42316868599819424
2,7019,0.2,0.5,2.5,0.7830871146524162
2,7020,0.2,0.5,2.5,0.6780805563074747
2,7021,0.2,0.5,2.5,0.4672053499714428
2,7022,0.2,0.5,2.5,0.3482253533845731
2,7023,0.2,0.5,2.5,0.6784184823792844
2,7024,0.2,0.5,2.5,0.19321684612374904
2,7025,0.2,0.5,2.5,0.5463089557225136
2,7026,0.2,0.5,2.5,1.3137797067730055
2,7027,0.2,0.5,2.5,0.8230422204261808
2,7028,0.2,0.5,2.5,0.5606470914174925
2,7029,0.2,0.5,2.5,0.5748083424143409
2,7030,0.2,0.5,2.5,0.4964077359662819
2,7031,0.2,0.5,2.5,0.8972316687469741
2,7032,0.2,0.5,2.5,0.909614413423222
2,7033,0.2,0.5,2.5,0.49111419439307874
2,7034,0.2,0.5,2.5,1.5352348938597347
2,7035,0.2,0.5,2.5,0.39350408039700996
2,7036,0.2,0.5,2.5,0.824965178914277
2,7037,0.2,0.5,2.5,0.25226762064612224
2,7038,0.2,0.5,2.5,0.28338005075628997
2,7039,0.2,0.5,2.5,0.5485465187284845
2,7040,0.2,0.5,2.5,0.6375286318863344
2,7041,0.2,0.5,2.5,0.6253922254716999
2,7042,0.2,0.5,2.5,0.19138609130762116
2,7043,0.2,0.5,2.5,0.47375355578734524
2,7044,0.2,0.5,2.5,0.2281947511049155
2,7045,0.2,0.5,2.5,0.5785570509879769
2,7046,0.2,0.5,2.5,0.2730663762947325
2,7047,0.2,0.5,2.5,0.6884675319055754
2,7048,0.2,0.5,2.5,0.6040669563904059
2,7049,0.2,0.5,2.5,0.582657270161269
2,7050,0.2,0.5,2.5,1.1723477938633156
2,7051,0.2,0.5,2.5,0.5229918409298797
2,7052,0.2,0.5,2.5,0.9036464004427622
2,7053,0.2,0.5,2.5,1.4017655816935166
2,7054,0.2,0.5,2.5,0.816092213052147
2,7055,0.2,0.5,2.5,0.8027717205679171
2,7056,0.2,0.5,2.5,0.2915720383012796
2,7057,0.2,0.5,2.5,0.0411378802606711
2,7058,0.2,0.5,2.5,0.9346137087311801
2,7059,0.2,0.5,2.5,1.2709585263809304
2,7060,0.2,0.5,2.5,0.20901774107999868
2,7061,0.2,0.5,2.5,0.9032888259883267
2,7062,0.2,0.5,2.5,0.9757122074147268
2,7063,0.2,0.5,2.5,0.08137538632547747
2,7064,0.2,0.5,2.5,0.22209385610869353
2,7065,0.2,0.5,2.5,0.42566398909616815
2,7066,0.2,0.5,2.5,0.0918709602764886
2,7067,0.2,0.5,2.5,0.6696926881274232
2,7068,0.2,0.5,2.5,0.5579189223053403
2,7069,0.2,0.5,2.5,0.4516934641498068
2,7070,0.2,0.5,2.5,0.04776061962379168
2,7071,0.2,0.5,2.5,0.6427806984710538
2,7072,0.2,0.5,2.5,0.7830977100522799
2,7073,0.2,0.5,2.5,0.5003508744798516
2,7074,0.2,0.5,2.5,1.0047748614263612
2,7075,0.2,0.5,2.5,0.2813571995044379
2,7076,0.2,0.5,2.5,0.790289536576653
2,7077,0.2,0.5,2.5,0.5099944139319559
2,7078,0.2,0.5,2.5,0.7909821566866707
2,7079,0.2,0.5,2.5,1.1178374328295462
2,7080,0.2,0.5,2.5,0.8352417949615862
2,7081,0.2,0.5,2.5,0.24121787867760133
2,7082,0.2,0.5,2.5,0.22932507518809908
2,7083,0.2,0.5,2.5,0.41305137512576734
2,7084,0.2,0.5,2.5,0.7023940708337656
2,7085,0.2,0.5,2.5,0.2620100285959405
2,7086,0.2,0.5,2.5,0.27294060644107543
2,7087,0.2,0.5,2.5,0.880971125071394
2,7088,0.2,0.5,2.5,1.9086973991407714
2,7089,0.2,0.5,2.5,0.5519669010651422
2,7090,0.2,0.5,2.5,0.5857812458156625
2,7091,0.2,0.5,2.5,1.4435045543967648
2,7092,0.2,0.5,2.5,0.15171278514310524
2,7093,0.2,0.5,2.5,0.36462095618198404
2,7094,0.2,0.5,2.5,0.19034580764641568
2,7095,0.2,0.5,2.5,0.164209880679951
2,7096,0.2,0.5,2.5,0.44306651837396727
2,7097,0.2,0.5,2.5,0.6590193932707735
2,7098,0.2,0.5,2.5,0.9005081068881081
2,7099,0.2,0.5,2.5,1.0091518050646946
2,7100,0.2,0.5,2.5,1.1109399180641797
2,7101,0.2,0.5,2.5,0.4429283036343506
2,7102,0.2,0.5,2.5,1.0849292079787018
2,7103,0.2,0.5,2.5,0.7551921859274368
2,7104,0.2,0.5,2.5,0.8571752930062373
2,7105,0.2,0.5,2.5,0.5651197327136882
2,7106,0.2,0.5,2.5,0.4497962964558493
2,7107,0.2,0.5,2.5,0.9903436417897109
2,7108,0.2,0.5,2.5,0.8927038526439348
2,7109,0.2,0.5,2.5,0.9290680751478557
2,7110,0.2,0.5,2.5,0.25446495618416026
2,7111,0.2,0.5,2.5,0.11509211922813191
2,7112,0.2,0.5,2.5,0.4578609482478422
2,7113,0.2,0.5,2.5,0.16612961110619848
2,7114,0.2,0.5,2.5,0.19493588875395504
2,7115,0.2,0.5,2.5,0.6229629089723128
2,7116,0.2,0.5,2.5,0.7143371517467961
2,7117,0.2,0.5,2.5,1.009278696852355
2,7118,0.2,0.5,2.5,0.6986545598054925
2,7119,0.2,0.5,2.5,0.5746854435781817
2,7120,0.2,0.5,2.5,0.30901011846806664
2,7121,0.2,0.5,2.5,0.14583746646259138
2,7122,0.2,0.5,2.5,0.7465017627196061
2,7123,0.2,0.5,2.5,1.3586320639766503
2,7124,0.2,0.5,2.5,0.5765252279923336
2,7125,0.2,0.5,2.5,0.8578363274268229
2,7126,0.2,0.5,2.5,0.5384078197722932
2,7127,0.2,0.5,2.5,0.3159771545611377
2,7128,0.2,0.5,2.5,0.9512396090975602
2,7129,0.2,0.5,2.5,0.29845928066980826
2,7130,0.2,0.5,2.5,0.3173160357108004
2,7131,0.2,0.5,2.5,0.3425205292259443
2,7132,0.2,0.5,2.5,1.0071944222289162
2,7133,0.2,0.5,2.5,0.44148723887075514
2,7134,0.2,0.5,2.5,0.951515926140117
2,7135,0.2,0.5,2.5,0.4212991643517044
2,7136,0.2,0.5,2.5,0.591083210589615
2,7137,0.2,0.5,2.5,0.26521131187145813
2,7138,0.2,0.5,2.5,0.9015213219754643
2,7139,0.2,0.5,2.5,1.1438343221097271
2,7140,0.2,0.5,2.5,0.9935332674785304
2,7141,0.2,0.5,2.5,0.8985707457822876
2,7142,0.2,0.5,2.5,0.4366095929258404
2,7143,0.2,0.5,2.5,0.4473999529320957
2,7144,0.2,0.5,2.5,1.3650293097017343
2,7145,0.2,0.5,2.5,1.2272302401578592
2,7146,0.2,0.5,2.5,0.5925236909863942
2,7147,0.2,0.5,2.5,0.47302605808222015
2,7148,0.2,0.5,2.5,1.425130643872438
2,7149,0.2,0.5,2.5,0.8088270628978771
2,7150,0.2,0.5,2.5,0.567257121540493
2,7151,0.2,0.5,2.5,0.8359671849761637
2,7152,0.2,0.5,2.5,0.8456714409075499
2,7153,0.2,0.5,2.5,1.2239619269485813
2,7154,0.2,0.5,2.5,0.5111170521429182
2,7155,0.2,0.5,2.5,0.14604584202266788
2,7156,0.2,0.5,2.5,0.5775759940595792
2,7157,0.2,0.5,2.5,0.6954546774796548
2,7158,0.2,0.5,2.5,0.8419677355713714
2,7159,0.2,0.5,2.5,0.4764408321558797
2,7160,0.2,0.5,2.5,0.7832306344223092
2,7161,0.2,0.5,2.5,0.8845101929210594
2,7162,0.2,0.5,2.5,0.7588530094255279
2,7163,0.2,0.5,2.5,0.939461714543278
2,7164,0.2,0.5,2.5,0.2892400034193189
2,7165,0.2,0.5,2.5,0.53926516605923
2,7166,0.2,0.5,2.5,1.1042762944048545
2,7167,0.2,0.5,2.5,0.6953120563776563
2,7168,0.2,0.5,2.5,0.5249885534816138
2,7169,0.2,0.5,2.5,0.7857880773660685
2,7170,0.2,0.5,2.5,0.9302995516553147
2,7171,0.2,0.5,2.5,1.1189232927596244
2,7172,0.2,0.5,2.5,1.1286010570864098
2,7173,0.2,0.5,2.5,1.8297081838050822
2,7174,0.2,0.5,2.5,0.28202827396411795
2,7175,0.2,0.5,2.5,0.6398139099104244
2,7176,0.2,0.5,2.5,0.35877307929164287
2,7177,0.2,0.5,2.5,1.0807853662440239
2,7178,0.2,0.5,2.5,0.2667872783102256
2,7179,0.2,0.5,2.5,0.29313182646857083
2,7180,0.2,0.5,2.5,0.219735861507033
2,7181,0.2,0.5,2.5,0.14917268986674834
2,7182,0.2,0.5,2.5,0.27799848699505836
2,7183,0.2,0.5,2.5,1.0199582656212036
2,7184,0.2,0.5,2.5,0.31082868749226594
2,7185,0.2,0.5,2.5,0.6826393731424054
2,7186,0.2,0.5,2.5,0.7361099015546706
2,7187,0.2,0.5,2.5,1.0072283734419138
2,7188,0.2,0.5,2.5,0.4529852944551476
2,7189,0.2,0.5,2.5,1.0164284991763914
2,7190,0.2,0.5,2.5,0.289672017702086
2,7191,0.2,0.5,2.5,0.38729756172411023
2,7192,0.2,0.5,2.5,0.8903243924110754
2,7193,0.2,0.5,2.5,0.4240661379135167
2,7194,0.2,0.5,2.5,0.08497334056466199
2,7195,0.2,0.5,2.5,0.6666703945047173
2,7196,0.2,0.5,2.5,0.8226680879069194
2,7197,0.2,0.5,2.5,0.46728177263562937
2,7198,0.2,0.5,2.5,0.7577231352959557
2,7199,0.2,0.5,2.5,0.5576071067347403
2,7200,0.2,0.5,2.5,0.6900608344353089
2,7201,0.2,0.5,2.5,0.6015242685859061
2,7202,0.2,0.5,2.5,0.9887605303621055
2,7203,0.2,0.5,2.5,0.661676391293139
2,7204,0.2,0.5,2.5,0.4036158777289346
2,7205,0.2,0.5,2.5,2.0418973547754544
2,7206,0.2,0.5,2.5,1.1469185373443425
2,7207,0.2,0.5,2.5,0.13733367998176924
2,7208,0.2,0.5,2.5,0.8336819091293027
2,7209,0.2,0.5,2.5,0.5089234723232595
2,7210,0.2,0.5,2.5,0.5687130907803996
2,7211,0.2,0.5,2.5,0.7625599566824998
2,7212,0.2,0.5,2.5,0.8405210119221203
2,7213,0.2,0.5,2.5,0.740245350006451
2,7214,0.2,0.5,2.5,0.9044897903315183
2,7215,0.2,0.5,2.5,1.0974715091588263
2,7216,0.2,0.5,2.5,0.7013329179618805
2,7217,0.2,0.5,2.5,0.6003847915398118
2,7218,0.2,0.5,2.5,0.11608426289678438
2,7219,0.2,0.5,2.5,0.5225246894261228
2,7220,0.2,0.5,2.5,0.5494482796112858
2,7221,0.2,0.5,2.5,0.579721728962773
2,7222,0.2,0.5,2.5,1.2043230288114406
2,7223,0.2,0.5,2.5,1.2814732277665355
2,7224,0.2,0.5,2.5,0.7169165281886927
2,7225,0.2,0.5,2.5,0.37136778148365096
2,7226,0.2,0.5,2.5,0.23222859549795816
2,7227,0.2,0.5,2.5,0.6691961416515291
2,7228,0.2,0.5,2.5,0.6622679286005677
2,7229,0.2,0.5,2.5,0.5974309423239004
2,7230,0.2,0.5,2.5,1.088404879753769
2,7231,0.2,0.5,2.5,0.9194836368619089
2,7232,0.2,0.5,2.5,0.8931461221833171
2,7233,0.2,0.5,2.5,0.26295713380660657
2,7234,0.2,0.5,2.5,0.43295939035286973
2,7235,0.2,0.5,2.5,0.9478699469527765
2,7236,0.2,0.5,2.5,0.6761146635880633
2,7237,0.2,0.5,2.5,0.6651322973448756
2,7238,0.2,0.5,2.5,0.3660337109288747
2,7239,0.2,0.5,2.5,0.26647346949588374
2,7240,0.2,0.5,2.5,0.22517257436894186
2,7241,0.2,0.5,2.5,1.1463624678366133
2,7242,0.2,0.5,2.5,0.49380955206715194
2,7243,0.2,0.5,2.5,0.5626754329503263
2,7244,0.2,0.5,2.5,0.8462269864016136
2,7245,0.2,0.5,2.5,0.38842584903634025
2,7246,0.2,0.5,2.5,0.5879132683950613
2,7247,0.2,0.5,2.5,0.7107420871614553
2,7248,0.2,0.5,2.5,0.6169050521224928
2,7249,0.2,0.5,2.5,0.8829343730793973
2,7250,0.2,0.5,2.5,0.5384614372846458
2,7251,0.2,0.5,2.5,1.1483641821798085
2,7252,0.2,0.5,2.5,0.4258187406556572
2,7253,0.2,0.5,2.5,0.6114725778641485
2,7254,0.2,0.5,2.5,0.3356475813996416
2,7255,0.2,0.5,2.5,0.49903635065600627
2,7256,0.2,0.5,2.5,1.3296509203155857
2,7257,0.2,0.5,2.5,0.6121738703020082
2,7258,0.2,0.5,2.5,0.2053765487580366
2,7259,0.2,0.5,2.5,0.3747302838127405
2,7260,0.2,0.5,2.5,0.8607448093514982
2,7261,0.2,0.5,2.5,1.2266313691938855
2,7262,0.2,0.5,2.5,0.5740978446815802
2,7263,0.2,0.5,2.5,0.4674832194796434
2,7264,0.2,0.5,2.5,0.44139727169300447
2,7265,0.2,0.5,2.5,0.49597364953619494
2,7266,0.2,0.5,2.5,0.7468235308177962
2,7267,0.2,0.5,2.5,0.2744886443766232
2,7268,0.2,0.5,2.5,0.6830264464264615
2,7269,0.2,0.5,2.5,0.8488726771829538
2,7270,0.2,0.5,2.5,0.580507671762399
2,7271,0.2,0.5,2.5,1.2511417229961346
2,7272,0.2,0.5,2.5,0.3592777421422773
2,7273,0.2,0.5,2.5,0.8278128153645367
2,7274,0.2,0.5,2.5,0.3491358336412617
2,7275,0.2,0.5,2.5,0.6893526422603061
2,7276,0.2,0.5,2.5,0.6149114300708638
2,7277,0.2,0.5,2.5,0.8201153788067629
2,7278,0.2,0.5,2.5,0.7893031299602417
2,7279,0.2,0.5,2.5,0.9416607152796683
2,7280,0.2,0.5,2.5,0.43357819613840987
2,7281,0.2,0.5,2.5,0.7502216392702726
2,7282,0.2,0.5,2.5,0.5291810533759905
2,7283,0.2,0.5,2.5,0.6912806961909579
2,7284,0.2,0.5,2.5,0.3618885119778436
2,7285,0.2,0.5,2.5,0.346678466913004
2,7286,0.2,0.5,2.5,0.5237885655475211
2,7287,0.2,0.5,2.5,0.4824868736291102
2,7288,0.2,0.5,2.5,0.8077545119833633
2,7289,0.2,0.5,2.5,0.37747438729264293
2,7290,0.2,0.5,2.5,0.1457523621314929
2,7291,0.2,0.5,2.5,0.4156080439650079
2,7292,0.2,0.5,2.5,0.7363149708331843
2,7293,0.2,0.5,2.5,0.6659878610195907
2,7294,0.2,0.5,2.5,0.6249988645364644
2,7295,0.2,0.5,2.5,0.7306987836995531
2,7296,0.2,0.5,2.5,0.8768722848875389
2,7297,0.2,0.5,2.5,0.45607704413886313
2,7298,0.2,0.5,2.5,0.4864437028785815
2,7299,0.2,0.5,2.5,0.22999390948702092
2,7300,0.2,0.5,2.5,0.7018765791278431
2,7301,0.2,0.5,2.5,0.5576141144521872
2,7302,0.2,0.5,2.5,0.29195880256119916
2,7303,0.2,0.5,2.5,0.7412855919497779
2,7304,0.2,0.5,2.5,0.8571242480189315
2,7305,0.2,0.5,2.5,1.0624896126543042
2,7306,0.2,0.5,2.5,0.28555849484672
2,7307,0.2,0.5,2.5,0.9722168378605883
2,7308,0.2,0.5,2.5,1.0711248249434075
2,7309,0.2,0.5,2.5,0.7321262376180342
2,7310,0.2,0.5,2.5,0.7259117744320597
2,7311,0.2,0.5,2.5,0.7739815416497446
2,7312,0.2,0.5,2.5,0.7554405042534073
2,7313,0.2,0.5,2.5,0.6957048124870135
2,7314,0.2,0.5,2.5,0.4146476414390618
2,7315,0.2,0.5,2.5,0.1978378111766385
2,7316,0.2,0.5,2.5,0.5432586243032621
2,7317,0.2,0.5,2.5,0.45922528880263114
2,7318,0.2,0.5,2.5,0.9678007138224721
2,7319,0.2,0.5,2.5,1.2833455475739293
2,7320,0.2,0.5,2.5,0.6285312371231703
2,7321,0.2,0.5,2.5,0.14135928419761987
2,7322,0.2,0.5,2.5,0.478811375027794
2,7323,0.2,0.5,2.5,0.17492483472154266
2,7324,0.2,0.5,2.5,0.6832695304414724
2,7325,0.2,0.5,2.5,0.4415356962652635
2,7326,0.2,0.5,2.5,0.23974881226611572
2,7327,0.2,0.5,2.5,1.3399813474879438
2,7328,0.2,0.5,2.5,1.0451073957708705
2,7329,0.2,0.5,2.5,0.1661529814133402
2,7330,0.2,0.5,2.5,0.2855828301819399
2,7331,0.2,0.5,2.5,1.526204225590886
2,7332,0.2,0.5,2.5,0.6631402051028576
2,7333,0.2,0.5,2.5,0.4897313047182077
2,7334,0.2,0.5,2.5,0.6413791050504378
2,7335,0.2,0.5,2.5,0.34022196136523575
2,7336,0.2,0.5,2.5,0.42356071788562155
2,7337,0.2,0.5,2.5,1.4369842907450605
2,7338,0.2,0.5,2.5,0.6212217675652372
2,7339,0.2,0.5,2.5,0.7381040266023251
2,7340,0.2,0.5,2.5,0.8157299506761314
2,7341,0.2,0.5,2.5,0.8563225955975573
2,7342,0.2,0.5,2.5,0.8934804181442871
2,7343,0.2,0.5,2.5,0.5610265358493209
2,7344,0.2,0.5,2.5,0.6148290084375593
2,7345,0.2,0.5,2.5,0.417500605279873
2,7346,0.2,0.5,2.5,0.7028326161751317
2,7347,0.2,0.5,2.5,0.09710858102544863
2,7348,0.2,0.5,2.5,1.5142922188179226
2,7349,0.2,0.5,2.5,0.42768086512063774
2,7350,0.2,0.5,2.5,0.27578188328657
2,7351,0.2,0.5,2.5,1.060047603655572
2,7352,0.2,0.5,2.5,0.7761293681143959
2,7353,0.2,0.5,2.5,0.8768857733075077
2,7354,0.2,0.5,2.5,1.3779578260904886
2,7355,0.2,0.5,2.5,0.4244339015593918
2,7356,0.2,0.5,2.5,0.6697846212020794
2,7357,0.2,0.5,2.5,1.5396002971308125
2,7358,0.2,0.5,2.5,0.16071733050023973
2,7359,0.2,0.5,2.5,1.056326420632173
2,7360,0.2,0.5,2.5,0.8401314545745244
2,7361,0.2,0.5,2.5,0.5576230948570956
2,7362,0.2,0.5,2.5,0.7105172984042741
2,7363,0.2,0.5,2.5,0.4805144389378389
2,7364,0.2,0.5,2.5,0.377545214971976
2,7365,0.2,0.5,2.5,1.0042573773052728
2,7366,0.2,0.5,2.5,0.9257577607481796
2,7367,0.2,0.5,2.5,0.8929562948468508
2,7368,0.2,0.5,2.5,1.030299483436763
2,7369,0.2,0.5,2.5,1.4987761936812587
2,7370,0.2,0.5,2.5,0.38110265439712987
2,7371,0.2,0.5,2.5,0.8480841733175181
2,7372,0.2,0.5,2.5,0.9832787736227415
2,7373,0.2,0.5,2.5,0.13288632627018263
2,7374,0.2,0.5,2.5,1.2714996870435453
2,7375,0.2,0.5,2.5,0.752735067313389
2,7376,0.2,0.5,2.5,1.0772653232236036
2,7377,0.2,0.5,2.5,0.3359690696798136
2,7378,0.2,0.5,2.5,1.6163617195840922
2,7379,0.2,0.5,2.5,0.6050541956656826
2,7380,0.2,0.5,2.5,0.43108888330291195
2,7381,0.2,0.5,2.5,0.8651066790485809
2,7382,0.2,0.5,2.5,0.7872300832889084
2,7383,0.2,0.5,2.5,0.9192212457091368
2,7384,0.2,0.5,2.5,0.5223250372191292
2,7385,0.2,0.5,2.5,1.0599919441984356
2,7386,0.2,0.5,2.5,0.8339481318901907
2,7387,0.2,0.5,2.5,1.6453848016759256
2,7388,0.2,0.5,2.5,0.4984490153174969
2,7389,0.2,0.5,2.5,0.3341130246016266
2,7390,0.2,0.5,2.5,0.7726212213649415
2,7391,0.2,0.5,2.5,0.0942775001807152
2,7392,0.2,0.5,2.5,0.8552289479703475
2,7393,0.2,0.5,2.5,0.6206443698806214
2,7394,0.2,0.5,2.5,0.8701318481238067
2,7395,0.2,0.5,2.5,0.6087843809385827
2,7396,0.2,0.5,2.5,0.5833848260114076
2,7397,0.2,0.5,2.5,0.08011230232632874
2,7398,0.2,0.5,2.5,1.3582788335622644
2,7399,0.2,0.5,2.5,0.4674557479749777
2,7400,0.2,0.5,2.5,0.3366247944069281
2,7401,0.2,0.5,2.5,0.2023666894952134
2,7402,0.2,0.5,2.5,0.1502933706532215
2,7403,0.2,0.5,2.5,0.41969454651367916
2,7404,0.2,0.5,2.5,0.21964161953553818
2,7405,0.2,0.5,2.5,0.1316663822105899
2,7406,0.2,0.5,2.5,0.9689367223676428
2,7407,0.2,0.5,2.5,0.1773565831868635
2,7408,0.2,0.5,2.5,0.7393272264573388
2,7409,0.2,0.5,2.5,0.5621268111146667
2,7410,0.2,0.5,2.5,0.7014308292195023
2,7411,0.2,0.5,2.5,0.5573454040248246
2,7412,0.2,0.5,2.5,1.685220512221144
2,7413,0.2,0.5,2.5,0.49732242334154947
2,7414,0.2,0.5,2.5,0.918195657745294
2,7415,0.2,0.5,2.5,1.2209308200284286
2,7416,0.2,0.5,2.5,0.749594546809747
2,7417,0.2,0.5,2.5,0.24874716873466599
2,7418,0.2,0.5,2.5,0.9532435926872151
2,7419,0.2,0.5,2.5,0.8054025688346771
2,7420,0.2,0.5,2.5,0.6596534981416038
2,7421,0.2,0.5,2.5,0.7416189734786277
2,7422,0.2,0.5,2.5,0.9899727155211765
2,7423,0.2,0.5,2.5,0.5351287424824268
2,7424,0.2,0.5,2.5,0.8363280894589167
2,7425,0.2,0.5,2.5,0.8190950237419272
2,7426,0.2,0.5,2.5,1.3134015867940063
2,7427,0.2,0.5,2.5,0.4769602735630183
2,7428,0.2,0.5,2.5,0.8133419726654617
2,7429,0.2,0.5,2.5,0.42085286804604344
2,7430,0.2,0.5,2.5,1.3517019290148045
2,7431,0.2,0.5,2.5,1.2245834831405809
2,7432,0.2,0.5,2.5,1.080714833405131
2,7433,0.2,0.5,2.5,0.7749089319862242
2,7434,0.2,0.5,2.5,0.9811751968799508
2,7435,0.2,0.5,2.5,0.6343037359839719
2,7436,0.2,0.5,2.5,1.1966628632085152
2,7437,0.2,0.5,2.5,1.169174080823275
2,7438,0.2,0.5,2.5,1.166645432194732
2,7439,0.2,0.5,2.5,0.856128422550969
2,7440,0.2,0.5,2.5,1.1827914840418186
2,7441,0.2,0.5,2.5,0.7286868335525832
2,7442,0.2,0.5,2.5,1.3769705088161708
2,7443,0.2,0.5,2.5,0.9777232267969269
2,7444,0.2,0.5,2.5,1.0015871716423912
2,7445,0.2,0.5,2.5,0.58875939954128
2,7446,0.2,0.5,2.5,0.40948618059713715
2,7447,0.2,0.5,2.5,0.04112899077424724
2,7448,0.2,0.5,2.5,1.3898800496704307
2,7449,0.2,0.5,2.5,0.7943075040152097
2,7450,0.2,0.5,2.5,0.5661654339824701
2,7451,0.2,0.5,2.5,0.7299921680106467
2,7452,0.2,0.5,2.5,1.2081903562141851
2,7453,0.2,0.5,2.5,0.6700729992374482
2,7454,0.2,0.5,2.5,0.9322913017997714
2,7455,0.2,0.5,2.5,0.6922523693878682
2,7456,0.2,0.5,2.5,0.6928752317238699
2,7457,0.2,0.5,2.5,0.3647870031210151
2,7458,0.2,0.5,2.5,0.6888855052478121
2,7459,0.2,0.5,2.5,1.254633704926557
2,7460,0.2,0.5,2.5,0.8310405818135795
2,7461,0.2,0.5,2.5,0.6929616530475335
2,7462,0.2,0.5,2.5,0.3417775243013907
2,7463,0.2,0.5,2.5,0.5296162503180922
2,7464,0.2,0.5,2.5,0.3438857873268317
2,7465,0.2,0.5,2.5,0.7615596670961859
2,7466,0.2,0.5,2.5,0.38247670668353495
2,7467,0.2,0.5,2.5,0.602086261016274
2,7468,0.2,0.5,2.5,1.2275248721498486
2,7469,0.2,0.5,2.5,1.0910778537152985
2,7470,0.2,0.5,2.5,0.45943915812798136
2,7471,0.2,0.5,2.5,0.9429343002461664
2,7472,0.2,0.5,2.5,0.21177298690959745
2,7473,0.2,0.5,2.5,0.7450850687865215
2,7474,0.2,0.5,2.5,0.07045766133865625
2,7475,0.2,0.5,2.5,0.8900286212573812
2,7476,0.2,0.5,2.5,0.2088443259227692
2,7477,0.2,0.5,2.5,1.1977019372269142
2,7478,0.2,0.5,2.5,1.3069985606071626
2,7479,0.2,0.5,2.5,0.2794183026008966
2,7480,0.2,0.5,2.5,1.2056888532139638
2,7481,0.2,0.5,2.5,0.8176943649474059
2,7482,0.2,0.5,2.5,0.8049598775115926
2,7483,0.2,0.5,2.5,0.5852461859650115
2,7484,0.2,0.5,2.5,0.6302845238145556
2,7485,0.2,0.5,2.5,1.3350607173917757
2,7486,0.2,0.5,2.5,1.566083682301328
2,7487,0.2,0.5,2.5,0.3580766612802593
2,7488,0.2,0.5,2.5,0.6353906458542111
2,7489,0.2,0.5,2.5,0.25156458415190036
2,7490,0.2,0.5,2.5,0.6888115117080703
2,7491,0.2,0.5,2.5,1.4397700942603515
2,7492,0.2,0.5,2.5,0.33227004003347343
2,7493,0.2,0.5,2.5,0.14850716670282516
2,7494,0.2,0.5,2.5,1.1658027654542575
2,7495,0.2,0.5,2.5,1.5089394296821992
2,7496,0.2,0.5,2.5,0.5765000432998049
2,7497,0.2,0.5,2.5,1.0637181984517563
2,7498,0.2,0.5,2.5,0.3703313638367751
2,7499,0.2,0.5,2.5,1.2399565427791666
2,7500,0.2,0.5,2.5,0.8530276507372466
2,7501,0.2,0.5,2.5,0.8276139533341489
2,7502,0.2,0.5,2.5,0.3065537612498828
2,7503,0.2,0.5,2.5,0.8834862832933578
2,7504,0.2,0.5,2.5,0.276327392649303
2,7505,0.2,0.5,2.5,0.3350843386431834
2,7506,0.2,0.5,2.5,0.2520368251131205
2,7507,0.2,0.5,2.5,0.41144957552873307
2,7508,0.2,0.5,2.5,0.8163337987006023
2,7509,0.2,0.5,2.5,0.8821437114257631
2,7510,0.2,0.5,2.5,0.7598754024913779
2,7511,0.2,0.5,2.5,0.8019233765662064
2,7512,0.2,0.5,2.5,1.0769167576372702
2,7513,0.2,0.5,2.5,0.7111895789367811
2,7514,0.2,0.5,2.5,0.220158317310634
2,7515,0.2,0.5,2.5,1.0101441951070742
2,7516,0.2,0.5,2.5,1.2153481217949946
2,7517,0.2,0.5,2.5,0.23482389726222233
2,7518,0.2,0.5,2.5,1.0996782934089897
2,7519,0.2,0.5,2.5,0.8167453797775932
2,7520,0.2,0.5,2.5,0.958636013379158
2,7521,0.2,0.5,2.5,0.9492086904847172
2,7522,0.2,0.5,2.5,0.11936929472465768
2,7523,0.2,0.5,2.5,0.4882266873411608
2,7524,0.2,0.5,2.5,0.07073099203593572
2,7525,0.2,0.5,2.5,0.19606758956679138
2,7526,0.2,0.5,2.5,0.4456197179072021
2,7527,0.2,0.5,2.5,0.3283139328092201
2,7528,0.2,0.5,2.5,0.8635533800992233
2,7529,0.2,0.5,2.5,0.963682810953455
2,7530,0.2,0.5,2.5,0.7697236064701358
2,7531,0.2,0.5,2.5,1.0231202950710898
2,7532,0.2,0.5,2.5,0.6972846101762551
2,7533,0.2,0.5,2.5,0.5477526048398756
2,7534,0.2,0.5,2.5,0.5962177463489938
2,7535,0.2,0.5,2.5,1.5408339093846106
2,7536,0.2,0.5,2.5,0.9203588420066837
2,7537,0.2,0.5,2.5,0.6838870966673071
2,7538,0.2,0.5,2.5,0.8906246073282542
2,7539,0.2,0.5,2.5,0.41175618886107834
2,7540,0.2,0.5,2.5,0.40304092437188727
2,7541,0.2,0.5,2.5,0.9519121562380266
2,7542,0.2,0.5,2.5,0.6377079725322354
2,7543,0.2,0.5,2.5,0.6392201671348193
2,7544,0.2,0.5,2.5,0.5422736335828269
2,7545,0.2,0.5,2.5,1.1479622999122248
2,7546,0.2,0.5,2.5,0.42476292806035754
2,7547,0.2,0.5,2.5,0.5691640551619577
2,7548,0.2,0.5,2.5,0.4232623405572416
2,7549,0.2,0.5,2.5,0.16437423132050363
2,7550,0.2,0.5,2.5,0.6733972010942493
2,7551,0.2,0.5,2.5,0.7931809874319004
2,7552,0.2,0.5,2.5,1.0253016848147523
2,7553,0.2,0.5,2.5,0.27121123431284827
2,7554,0.2,0.5,2.5,0.3850128890952637
2,7555,0.2,0.5,2.5,0.21276238737459208
2,7556,0.2,0.5,2.5,0.41406836488099175
2,7557,0.2,0.5,2.5,0.6772263844491887
2,7558,0.2,0.5,2.5,0.41649216227591285
2,7559,0.2,0.5,2.5,1.3486915198907348
2,7560,0.2,0.5,2.5,0.17543884247640318
2,7561,0.2,0.5,2.5,0.7933181516904625
2,7562,0.2,0.5,2.5,0.1897115096028081
2,7563,0.2,0.5,2.5,0.736282598658006
2,7564,0.2,0.5,2.5,0.5016488845489512
2,7565,0.2,0.5,2.5,1.3579292015190547
2,7566,0.2,0.5,2.5,0.266682230302894
2,7567,0.2,0.5,2.5,0.2103374488698521
2,7568,0.2,0.5,2.5,0.9408843280761671
2,7569,0.2,0.5,2.5,0.7052522065149214
2,7570,0.2,0.5,2.5,0.5508000231359281
2,7571,0.2,0.5,2.5,0.6155443871556351
2,7572,0.2,0.5,2.5,0.7691722570731708
2,7573,0.2,0.5,2.5,0.7138456020551321
2,7574,0.2,0.5,2.5,0.3606245152319917
2,7575,0.2,0.5,2.5,0.7402838730106965
2,7576,0.2,0.5,2.5,0.738860268712822
2,7577,0.2,0.5,2.5,1.2164998242096607
2,7578,0.2,0.5,2.5,0.30607924187776864
2,7579,0.2,0.5,2.5,0.7781563795689932
2,7580,0.2,0.5,2.5,0.4411366457671366
2,7581,0.2,0.5,2.5,0.7650614256659266
2,7582,0.2,0.5,2.5,0.7826125758389568
2,7583,0.2,0.5,2.5,0.5912141387455944
2,7584,0.2,0.5,2.5,0.5841683293180874
2,7585,0.2,0.5,2.5,0.7953308228933887
2,7586,0.2,0.5,2.5,1.1497329376384282
2,7587,0.2,0.5,2.5,0.38595634340019097
2,7588,0.2,0.5,2.5,0.7403806054701364
2,7589,0.2,0.5,2.5,0.751232893217955
2,7590,0.2,0.5,2.5,0.30581341960267433
2,7591,0.2,0.5,2.5,0.6666986365150919
2,7592,0.2,0.5,2.5,0.3660831131725148
2,7593,0.2,0.5,2.5,0.3738743818835179
2,7594,0.2,0.5,2.5,0.18462634637345407
2,7595,0.2,0.5,2.5,0.3850714297070387
2,7596,0.2,0.5,2.5,0.10737472252362137
2,7597,0.2,0.5,2.5,0.301804769343809
2,7598,0.2,0.5,2.5,1.1395553033189587
2,7599,0.2,0.5,2.5,0.37132938985401676
2,7600,0.2,0.5,2.5,0.09216754668428406
2,7601,0.2,0.5,2.5,0.7039084999006405
2,7602,0.2,0.5,2.5,1.4580484661814737
2,7603,0.2,0.5,2.5,0.4416089824498576
2,7604,0.2,0.5,2.5,0.14935230493514426
2,7605,0.2,0.5,2.5,0.6698643542011978
2,7606,0.2,0.5,2.5,1.0206443035033073
2,7607,0.2,0.5,2.5,0.42687036348666824
2,7608,0.2,0.5,2.5,0.6912458418515876
2,7609,0.2,0.5,2.5,0.8641733238083481
2,7610,0.2,0.5,2.5,0.541811433147653
2,7611,0.2,0.5,2.5,0.9154896053643294
2,7612,0.2,0.5,2.5,0.47888925307687524
2,7613,0.2,0.5,2.5,0.2739373521813293
2,7614,0.2,0.5,2.5,0.16080827401917683
2,7615,0.2,0.5,2.5,0.5299533083646156
2,7616,0.2,0.5,2.5,0.9100541260330074
2,7617,0.2,0.5,2.5,0.13744876826253113
2,7618,0.2,0.5,2.5,0.9730020508351417
2,7619,0.2,0.5,2.5,0.6953619459231416
2,7620,0.2,0.5,2.5,0.6825442499292886
2,7621,0.2,0.5,2.5,0.4341191263309737
2,7622,0.2,0.5,2.5,0.60118631102952
2,7623,0.2,0.5,2.5,0.857656516295015
2,7624,0.2,0.5,2.5,0.7865968295041296
2,7625,0.2,0.5,2.5,0.6510297563778833
2,7626,0.2,0.5,2.5,0.8436730492446779
2,7627,0.2,0.5,2.5,0.5931930140685998
2,7628,0.2,0.5,2.5,0.3773392947100656
2,7629,0.2,0.5,2.5,0.7803846707955361
2,7630,0.2,0.5,2.5,0.5590517097451659
2,7631,0.2,0.5,2.5,0.2707589918900003
2,7632,0.2,0.5,2.5,0.07639834437535038
2,7633,0.2,0.5,2.5,0.619570839101703
2,7634,0.2,0.5,2.5,0.9822570729354728
2,7635,0.2,0.5,2.5,0.49671871400666184
2,7636,0.2,0.5,2.5,0.7546959497431981
2,7637,0.2,0.5,2.5,0.8415523689631984
2,7638,0.2,0.5,2.5,0.1692631242076687
2,7639,0.2,0.5,2.5,0.6215154558570911
2,7640,0.2,0.5,2.5,0.19029691737425433
2,7641,0.2,0.5,2.5,1.1352289686414903
2,7642,0.2,0.5,2.5,0.8798270678264956
2,7643,0.2,0.5,2.5,0.514370531871577
2,7644,0.2,0.5,2.5,1.2435059949793474
2,7645,0.2,0.5,2.5,1.167019070251241
2,7646,0.2,0.5,2.5,0.6882053106858136
2,7647,0.2,0.5,2.5,0.644967208234325
2,7648,0.2,0.5,2.5,0.7711167511944303
2,7649,0.2,0.5,2.5,1.033151916735553
2,7650,0.2,0.5,2.5,0.267577480245727
2,7651,0.2,0.5,2.5,0.6865856353677913
2,7652,0.2,0.5,2.5,0.5603303261538332
2,7653,0.2,0.5,2.5,0.6771338046832026
2,7654,0.2,0.5,2.5,1.3480266921244568
2,7655,0.2,0.5,2.5,0.09221753802659574
2,7656,0.2,0.5,2.5,1.1008498034321583
2,7657,0.2,0.5,2.5,0.1675143504987508
2,7658,0.2,0.5,2.5,0.6888586943809799
2,7659,0.2,0.5,2.5,0.5711703513607849
2,7660,0.2,0.5,2.5,0.46927764230136765
2,7661,0.2,0.5,2.5,0.6256174221060514
2,7662,0.2,0.5,2.5,0.7548671253497194
2,7663,0.2,0.5,2.5,0.5003045157081435
2,7664,0.2,0.5,2.5,0.6675661992571672
2,7665,0.2,0.5,2.5,0.1398694682801896
2,7666,0.2,0.5,2.5,0.21347464790870205
2,7667,0.2,0.5,2.5,0.9958170046077627
2,7668,0.2,0.5,2.5,0.3684045833583014
2,7669,0.2,0.5,2.5,0.4517917446304788
2,7670,0.2,0.5,2.5,0.712637015121297
2,7671,0.2,0.5,2.5,0.29080940313808423
2,7672,0.2,0.5,2.5,0.9069383966689897
2,7673,0.2,0.5,2.5,0.8149309999004919
2,7674,0.2,0.5,2.5,1.1725101744295534
2,7675,0.2,0.5,2.5,0.6724695874677405
2,7676,0.2,0.5,2.5,0.4815936516560921
2,7677,0.2,0.5,2.5,0.2790690737629094
2,7678,0.2,0.5,2.5,0.5596356864893376
2,7679,0.2,0.5,2.5,0.30739504351298164
2,7680,0.2,0.5,2.5,0.782254508456433
2,7681,0.2,0.5,2.5,0.8260937169700484
2,7682,0.2,0.5,2.5,0.2565477553562454
2,7683,0.2,0.5,2.5,0.3157089282819745
2,7684,0.2,0.5,2.5,0.28139943719653326
2,7685,0.2,0.5,2.5,0.04690193599443673
2,7686,0.2,0.5,2.5,1.6613499053597227
2,7687,0.2,0.5,2.5,0.4712204649409717
2,7688,0.2,0.5,2.5,0.637220869462273
2,7689,0.2,0.5,2.5,0.1902366786400986
2,7690,0.2,0.5,2.5,0.9443321837296703
2,7691,0.2,0.5,2.5,0.7238634896668552
2,7692,0.2,0.5,2.5,0.7932010617781567
2,7693,0.2,0.5,2.5,0.46452540676466475
2,7694,0.2,0.5,2.5,0.929630550094598
2,7695,0.2,0.5,2.5,0.5452136786177261
2,7696,0.2,0.5,2.5,1.2032235748661175
2,7697,0.2,0.5,2.5,0.9281844511789484
2,7698,0.2,0.5,2.5,1.1958527974656044
2,7699,0.2,0.5,2.5,0.729490543219238
2,7700,0.2,0.5,2.5,0.43425143080323
2,7701,0.2,0.5,2.5,0.4779710336160902
2,7702,0.2,0.5,2.5,1.0422407472144286
2,7703,0.2,0.5,2.5,0.8633177681557745
2,7704,0.2,0.5,2.5,0.5584993144910597
2,7705,0.2,0.5,2.5,0.679589813447618
2,7706,0.2,0.5,2.5,0.3426038153853362
2,7707,0.2,0.5,2.5,0.12098726196592988
2,7708,0.2,0.5,2.5,0.8192165483132184
2,7709,0.2,0.5,2.5,0.3786009507866998
2,7710,0.2,0.5,2.5,0.831985815820909
2,7711,0.2,0.5,2.5,0.817387059915424
2,7712,0.2,0.5,2.5,0.37301542483011
2,7713,0.2,0.5,2.5,1.1467394895039056
2,7714,0.2,0.5,2.5,0.34934834458189995
2,7715,0.2,0.5,2.5,0.121576296282504
2,7716,0.2,0.5,2.5,0.5000398489791673
2,7717,0.2,0.5,2.5,1.5525353751057358
2,7718,0.2,0.5,2.5,0.6949231403469555
2,7719,0.2,0.5,2.5,0.4538023465006862
2,7720,0.2,0.5,2.5,0.27724827235367383
2,7721,0.2,0.5,2.5,1.0816382317539643
2,7722,0.2,0.5,2.5,0.2718998581346478
2,7723,0.2,0.5,2.5,0.9664097532569159
2,7724,0.2,0.5,2.5,0.6439690658359912
2,7725,0.2,0.5,2.5,1.002074630514404
2,7726,0.2,0.5,2.5,1.0340935277613665
2,7727,0.2,0.5,2.5,0.4643175500810199
2,7728,0.2,0.5,2.5,0.3528275681542916
2,7729,0.2,0.5,2.5,0.41566495248737034
2,7730,0.2,0.5,2.5,0.5103507498553539
2,7731,0.2,0.5,2.5,0.6874786660568054
2,7732,0.2,0.5,2.5,0.324908267279755
2,7733,0.2,0.5,2.5,1.0410540741435779
2,7734,0.2,0.5,2.5,0.1965584419526998
2,7735,0.2,0.5,2.5,0.7248984869928871
2,7736,0.2,0.5,2.5,0.35391859965694455
2,7737,0.2,0.5,2.5,0.6896003736067208
2,7738,0.2,0.5,2.5,0.5273566216695937
2,7739,0.2,0.5,2.5,0.4320579724321308
2,7740,0.2,0.5,2.5,0.47848375332434323
2,7741,0.2,0.5,2.5,0.6676435749648213
2,7742,0.2,0.5,2.5,0.06621597032806528
2,7743,0.2,0.5,2.5,1.0731582140634783
2,7744,0.2,0.5,2.5,0.7180409362143525
2,7745,0.2,0.5,2.5,0.3546261278426604
2,7746,0.2,0.5,2.5,0.7466723228209592
2,7747,0.2,0.5,2.5,1.1309299781483042
2,7748,0.2,0.5,2.5,0.3109388897578832
2,7749,0.2,0.5,2.5,0.7293295780288618
2,7750,0.2,0.5,2.5,0.705688515960845
2,7751,0.2,0.5,2.5,0.6908436810067189
2,7752,0.2,0.5,2.5,0.41183313224928747
2,7753,0.2,0.5,2.5,0.7834101035020183
2,7754,0.2,0.5,2.5,0.5205193318277237
2,7755,0.2,0.5,2.5,0.855234525487684
2,7756,0.2,0.5,2.5,0.7894101972364261
2,7757,0.2,0.5,2.5,0.9548944614271021
2,7758,0.2,0.5,2.5,1.0075845860597448
2,7759,0.2,0.5,2.5,0.4935660656997956
2,7760,0.2,0.5,2.5,1.3460220141330133
2,7761,0.2,0.5,2.5,1.0159959320353344
2,7762,0.2,0.5,2.5,0.11498352237260698
2,7763,0.2,0.5,2.5,0.675755254673735
2,7764,0.2,0.5,2.5,0.7237602256676151
2,7765,0.2,0.5,2.5,0.8816511259923113
2,7766,0.2,0.5,2.5,0.4146334086298148
2,7767,0.2,0.5,2.5,0.7394199188483219
2,7768,0.2,0.5,2.5,1.4606646419718528
2,7769,0.2,0.5,2.5,0.49725220327298647
2,7770,0.2,0.5,2.5,0.6338807591496979
2,7771,0.2,0.5,2.5,0.8017815299884656
2,7772,0.2,0.5,2.5,0.6665625599625961
2,7773,0.2,0.5,2.5,0.7951850933526833
2,7774,0.2,0.5,2.5,0.27014947684662777
2,7775,0.2,0.5,2.5,1.0342354271312724
2,7776,0.2,0.5,2.5,1.3580949888630935
2,7777,0.2,0.5,2.5,1.4336611623907891
2,7778,0.2,0.5,2.5,0.5485663560955778
2,7779,0.2,0.5,2.5,0.40609924877963693
2,7780,0.2,0.5,2.5,0.9754179120283588
2,7781,0.2,0.5,2.5,0.6688749490201139
2,7782,0.2,0.5,2.5,0.6510411454522568
2,7783,0.2,0.5,2.5,0.3737736323849755
2,7784,0.2,0.5,2.5,0.22779565892203477
2,7785,0.2,0.5,2.5,0.8492698415150401
2,7786,0.2,0.5,2.5,0.43024481697427575
2,7787,0.2,0.5,2.5,1.5151699700219323
2,7788,0.2,0.5,2.5,0.5019097844308387
2,7789,0.2,0.5,2.5,1.1901985026060282
2,7790,0.2,0.5,2.5,0.5942313740236662
2,7791,0.2,0.5,2.5,0.7735630775442729
2,7792,0.2,0.5,2.5,0.7140801098120577
2,7793,0.2,0.5,2.5,0.7457257778691714
2,7794,0.2,0.5,2.5,0.5539725683813234
2,7795,0.2,0.5,2.5,0.25066852994062777
2,7796,0.2,0.5,2.5,0.0650420792381348
2,7797,0.2,0.5,2.5,0.6364126314069076
2,7798,0.2,0.5,2.5,0.22881753100384267
2,7799,0.2,0.5,2.5,0.13788555554469295
2,7800,0.2,0.5,2.5,0.7069557233926472
2,7801,0.2,0.5,2.5,0.3540734221901539
2,7802,0.2,0.5,2.5,0.6268576636486292
2,7803,0.2,0.5,2.5,0.6507561640672327
2,7804,0.2,0.5,2.5,0.9939571756907027
2,7805,0.2,0.5,2.5,0.7226199540524796
2,7806,0.2,0.5,2.5,1.1889170173596326
2,7807,0.2,0.5,2.5,0.6861899130456174
2,7808,0.2,0.5,2.5,0.4152345268567033
2,7809,0.2,0.5,2.5,0.6197867196401162
2,7810,0.2,0.5,2.5,0.4650650266120518
2,7811,0.2,0.5,2.5,1.1811694201401512
2,7812,0.2,0.5,2.5,0.6479494561031173
2,7813,0.2,0.5,2.5,0.8232340005111438
2,7814,0.2,0.5,2.5,1.2995265892290253
2,7815,0.2,0.5,2.5,0.9190450589016648
2,7816,0.2,0.5,2.5,0.7786884259843655
2,7817,0.2,0.5,2.5,1.2151363163954176
2,7818,0.2,0.5,2.5,1.4790336877550727
2,7819,0.2,0.5,2.5,1.0936079910138805
2,7820,0.2,0.5,2.5,0.35066622921595886
2,7821,0.2,0.5,2.5,1.3160499689039937
2,7822,0.2,0.5,2.5,0.48883255985380264
2,7823,0.2,0.5,2.5,0.6363026878853121
2,7824,0.2,0.5,2.5,0.6881793569725149
2,7825,0.2,0.5,2.5,0.723938997404215
2,7826,0.2,0.5,2.5,0.7326036632523064
2,7827,0.2,0.5,2.5,0.8161152063745853
2,7828,0.2,0.5,2.5,0.9429991008375093
2,7829,0.2,0.5,2.5,0.9175473075887254
2,7830,0.2,0.5,2.5,0.5299805540514101
2,7831,0.2,0.5,2.5,1.161916852028421
2,7832,0.2,0.5,2.5,1.2302477291770755
2,7833,0.2,0.5,2.5,0.4089637793133081
2,7834,0.2,0.5,2.5,0.25330229553235467
2,7835,0.2,0.5,2.5,0.6768865578446573
2,7836,0.2,0.5,2.5,1.0618712434526298
2,7837,0.2,0.5,2.5,0.05613500025224709
2,7838,0.2,0.5,2.5,0.22758337670716186
2,7839,0.2,0.5,2.5,0.8178304759649004
2,7840,0.2,0.5,2.5,0.9282715491814283
2,7841,0.2,0.5,2.5,0.43786910772393933
2,7842,0.2,0.5,2.5,1.0786921072837956
2,7843,0.2,0.5,2.5,0.5710351869359088
2,7844,0.2,0.5,2.5,0.611858245785286
2,7845,0.2,0.5,2.5,0.8978110897201834
2,7846,0.2,0.5,2.5,0.6773275280367466
2,7847,0.2,0.5,2.5,0.6496870208818872
2,7848,0.2,0.5,2.5,0.7473878867353059
2,7849,0.2,0.5,2.5,0.8446750625292891
2,7850,0.2,0.5,2.5,1.0065982912018823
2,7851,0.2,0.5,2.5,0.4917315924852321
2,7852,0.2,0.5,2.5,0.680374544176706
2,7853,0.2,0.5,2.5,0.5785291590566237
2,7854,0.2,0.5,2.5,0.8549927607660264
2,7855,0.2,0.5,2.5,0.6860215995279653
2,7856,0.2,0.5,2.5,1.1559268274873131
2,7857,0.2,0.5,2.5,0.29834751871969634
2,7858,0.2,0.5,2.5,0.3566543053931203
2,7859,0.2,0.5,2.5,0.6382572478762057
2,7860,0.2,0.5,2.5,0.6040299259385696
2,7861,0.2,0.5,2.5,0.4709477466670799
2,7862,0.2,0.5,2.5,0.51820347138893
2,7863,0.2,0.5,2.5,0.3775396604956487
2,7864,0.2,0.5,2.5,0.8364109426398977
2,7865,0.2,0.5,2.5,0.7266032051097944
2,7866,0.2,0.5,2.5,0.727603072097008
2,7867,0.2,0.5,2.5,0.713978851228459
2,7868,0.2,0.5,2.5,0.673473411218518
2,7869,0.2,0.5,2.5,1.0855507942954052
2,7870,0.2,0.5,2.5,1.1062100219997477
2,7871,0.2,0.5,2.5,0.5559155155722901
2,7872,0.2,0.5,2.5,0.6106172184064235
2,7873,0.2,0.5,2.5,0.6412850938177984
2,7874,0.2,0.5,2.5,0.8824797925218297
2,7875,0.2,0.5,2.5,0.29658965925815733
2,7876,0.2,0.5,2.5,0.5533792491518945
2,7877,0.2,0.5,2.5,0.6637432378180045
2,7878,0.2,0.5,2.5,0.5775843461870027
2,7879,0.2,0.5,2.5,0.9485282826155385
2,7880,0.2,0.5,2.5,0.6452160861705455
2,7881,0.2,0.5,2.5,1.1119824232902205
2,7882,0.2,0.5,2.5,1.0880291373145683
2,7883,0.2,0.5,2.5,1.1611827308965361
2,7884,0.2,0.5,2.5,0.756306020578167
2,7885,0.2,0.5,2.5,0.6011939992987921
2,7886,0.2,0.5,2.5,0.7539928286783779
2,7887,0.2,0.5,2.5,0.7374210216885638
2,7888,0.2,0.5,2.5,0.6308469907293386
2,7889,0.2,0.5,2.5,0.7185602088059012
2,7890,0.2,0.5,2.5,0.6515315891338024
2,7891,0.2,0.5,2.5,0.6307924415185993
2,7892,0.2,0.5,2.5,0.9958208248206509
2,7893,0.2,0.5,2.5,1.0635029095458983
2,7894,0.2,0.5,2.5,1.4013370741894813
2,7895,0.2,0.5,2.5,0.6978978255688076
2,7896,0.2,0.5,2.5,0.6667927481918478
2,7897,0.2,0.5,2.5,0.7871353858184319
2,7898,0.2,0.5,2.5,1.0104818089395258
2,7899,0.2,0.5,2.5,0.35576237060859783
2,7900,0.2,0.5,2.5,1.7565439530627898
2,7901,0.2,0.5,2.5,0.4770621633932368
2,7902,0.2,0.5,2.5,0.5796448624322544
2,7903,0.2,0.5,2.5,0.7200809531021409
2,7904,0.2,0.5,2.5,0.8930133296178625
2,7905,0.2,0.5,2.5,0.726498013239716
2,7906,0.2,0.5,2.5,1.1368150207062422
2,7907,0.2,0.5,2.5,0.49912865446952454
2,7908,0.2,0.5,2.5,0.5047105448138682
2,7909,0.2,0.5,2.5,0.4922188742617722
2,7910,0.2,0.5,2.5,1.067808705930965
2,7911,0.2,0.5,2.5,0.6439031217413671
2,7912,0.2,0.5,2.5,0.7288084707699675
2,7913,0.2,0.5,2.5,0.49986170645705086
2,7914,0.2,0.5,2.5,0.40740125233095326
2,7915,0.2,0.5,2.5,0.8425854594219987
2,7916,0.2,0.5,2.5,1.0354598224845522
2,7917,0.2,0.5,2.5,0.5197885721950996
2,7918,0.2,0.5,2.5,0.08634562276153711
2,7919,0.2,0.5,2.5,0.33418353039006604
2,7920,0.2,0.5,2.5,0.9094597762515756
2,7921,0.2,0.5,2.5,0.4675371903459655
2,7922,0.2,0.5,2.5,0.5962848668983796
2,7923,0.2,0.5,2.5,0.4620547794024798
2,7924,0.2,0.5,2.5,0.38721205350314947
2,7925,0.2,0.5,2.5,0.21549073049081938
2,7926,0.2,0.5,2.5,0.6349517546835445
2,7927,0.2,0.5,2.5,1.0691576974485575
2,7928,0.2,0.5,2.5,0.32681949970378343
2,7929,0.2,0.5,2.5,1.1353150636021485
2,7930,0.2,0.5,2.5,1.1307764200228283
2,7931,0.2,0.5,2.5,0.4467272872798579
2,7932,0.2,0.5,2.5,0.23908955495065307
2,7933,0.2,0.5,2.5,0.19128923235723597
2,7934,0.2,0.5,2.5,0.7267980354815798
2,7935,0.2,0.5,2.5,0.34830660554124
2,7936,0.2,0.5,2.5,0.6915204069281264
2,7937,0.2,0.5,2.5,0.824700371838188
2,7938,0.2,0.5,2.5,0.8804142160188471
2,7939,0.2,0.5,2.5,0.8226762949597813
2,7940,0.2,0.5,2.5,0.43872932514200536
2,7941,0.2,0.5,2.5,0.9274998446813792
2,7942,0.2,0.5,2.5,0.09950083567787645
2,7943,0.2,0.5,2.5,1.0249952064637782
2,7944,0.2,0.5,2.5,0.2291074788615499
2,7945,0.2,0.5,2.5,1.2908667100838598
2,7946,0.2,0.5,2.5,0.633698094350712
2,7947,0.2,0.5,2.5,0.037954353009198895
2,7948,0.2,0.5,2.5,0.6867888384489075
2,7949,0.2,0.5,2.5,0.7172995203841385
2,7950,0.2,0.5,2.5,1.0176888519198786
2,7951,0.2,0.5,2.5,0.12398628090726695
2,7952,0.2,0.5,2.5,0.9925499313731329
2,7953,0.2,0.5,2.5,0.47208011007428297
2,7954,0.2,0.5,2.5,1.7563057124666577
2,7955,0.2,0.5,2.5,0.6889004358527755
2,7956,0.2,0.5,2.5,0.7001279700094476
2,7957,0.2,0.5,2.5,0.9600379425813275
2,7958,0.2,0.5,2.5,0.6439590040946098
2,7959,0.2,0.5,2.5,1.060124567506114
2,7960,0.2,0.5,2.5,0.7078454788210603
2,7961,0.2,0.5,2.5,0.5043036445694297
2,7962,0.2,0.5,2.5,0.6613465875752201
2,7963,0.2,0.5,2.5,0.5429491344257501
2,7964,0.2,0.5,2.5,0.45107014594464817
2,7965,0.2,0.5,2.5,0.6518418626757986
2,7966,0.2,0.5,2.5,0.4876450476348178
2,7967,0.2,0.5,2.5,0.08344684536730446
2,7968,0.2,0.5,2.5,0.3375600093861934
2,7969,0.2,0.5,2.5,1.3682791063764745
2,7970,0.2,0.5,2.5,1.0181744396617431
2,7971,0.2,0.5,2.5,0.7085364299143329
2,7972,0.2,0.5,2.5,0.4422536292231716
2,7973,0.2,0.5,2.5,0.38646420925143865
2,7974,0.2,0.5,2.5,1.0255542124365313
2,7975,0.2,0.5,2.5,0.9735357567374403
2,7976,0.2,0.5,2.5,0.795430247750604
2,7977,0.2,0.5,2.5,0.34671347666836766
2,7978,0.2,0.5,2.5,1.6369488931930742
2,7979,0.2,0.5,2.5,0.2683911172129616
2,7980,0.2,0.5,2.5,1.305223955524552
2,7981,0.2,0.5,2.5,0.709698504680361
2,7982,0.2,0.5,2.5,0.7639254751715039
2,7983,0.2,0.5,2.5,0.3674061995180901
2,7984,0.2,0.5,2.5,0.7369091620890602
2,7985,0.2,0.5,2.5,0.632010886384174
2,7986,0.2,0.5,2.5,0.6264664659331941
2,7987,0.2,0.5,2.5,0.5804007227511889
2,7988,0.2,0.5,2.5,0.7039464917106658
2,7989,0.2,0.5,2.5,1.2897273470473152
2,7990,0.2,0.5,2.5,1.0035316141142196
2,7991,0.2,0.5,2.5,0.19542918709411156
2,7992,0.2,0.5,2.5,0.5400088292948001
2,7993,0.2,0.5,2.5,0.12241022055768452
2,7994,0.2,0.5,2.5,0.6401318283501021
2,7995,0.2,0.5,2.5,0.7695666359006645
2,7996,0.2,0.5,2.5,0.9193350387426547
2,7997,0.2,0.5,2.5,0.23847602330285217
2,7998,0.2,0.5,2.5,0.3061850218789414
2,7999,0.2,0.5,2.5,0.8302226771976544
2,8000,0.2,0.5,2.5,0.7213675037601744
2,8001,0.2,0.5,2.5,1.0667210003858973
2,8002,0.2,0.5,2.5,1.7269182787321096
2,8003,0.2,0.5,2.5,0.7774177470745519
2,8004,0.2,0.5,2.5,0.6321316492667827
2,8005,0.2,0.5,2.5,0.49513777554086735
2,8006,0.2,0.5,2.5,1.372008780977664
2,8007,0.2,0.5,2.5,0.9332130698443032
2,8008,0.2,0.5,2.5,0.8524094943761273
2,8009,0.2,0.5,2.5,0.9606485177783609
2,8010,0.2,0.5,2.5,0.39135483278955063
2,8011,0.2,0.5,2.5,0.1304430337517692
2,8012,0.2,0.5,2.5,0.4427737729731323
2,8013,0.2,0.5,2.5,0.33924510771035543
2,8014,0.2,0.5,2.5,1.3866008614320018
2,8015,0.2,0.5,2.5,0.1800122258072788
2,8016,0.2,0.5,2.5,0.9025001529025286
2,8017,0.2,0.5,2.5,0.807932014824924
2,8018,0.2,0.5,2.5,0.5345512345144993
2,8019,0.2,0.5,2.5,0.7109290558333003
2,8020,0.2,0.5,2.5,0.3395685172321022
2,8021,0.2,0.5,2.5,0.623389429032484
2,8022,0.2,0.5,2.5,0.9599765529475578
2,8023,0.2,0.5,2.5,0.7648791607322166
2,8024,0.2,0.5,2.5,0.20294325662489154
2,8025,0.2,0.5,2.5,0.45468398892844003
2,8026,0.2,0.5,2.5,0.8441436385787485
2,8027,0.2,0.5,2.5,0.7099455551890704
2,8028,0.2,0.5,2.5,0.960817483485229
2,8029,0.2,0.5,2.5,0.907908933753518
2,8030,0.2,0.5,2.5,0.6087728882777402
2,8031,0.2,0.5,2.5,0.43888111107676386
2,8032,0.2,0.5,2.5,0.6073300330993116
2,8033,0.2,0.5,2.5,0.7872298759322565
2,8034,0.2,0.5,2.5,0.6843976088008352
2,8035,0.2,0.5,2.5,0.5166752927252666
2,8036,0.2,0.5,2.5,0.8678257410193506
2,8037,0.2,0.5,2.5,0.43901058969369877
2,8038,0.2,0.5,2.5,0.6084072264610484
2,8039,0.2,0.5,2.5,0.25410471203645524
2,8040,0.2,0.5,2.5,0.2480121117096919
2,8041,0.2,0.5,2.5,0.6555347579087766
2,8042,0.2,0.5,2.5,0.7751510080635212
2,8043,0.2,0.5,2.5,0.7120627263271007
2,8044,0.2,0.5,2.5,0.30727990683265016
2,8045,0.2,0.5,2.5,0.6372341804224257
2,8046,0.2,0.5,2.5,0.14244178244465866
2,8047,0.2,0.5,2.5,1.1782380360245455
2,8048,0.2,0.5,2.5,1.214125951084481
2,8049,0.2,0.5,2.5,0.9948025068022974
2,8050,0.2,0.5,2.5,1.2691465230383228
2,8051,0.2,0.5,2.5,0.3546022164496491
2,8052,0.2,0.5,2.5,0.44290007718548685
2,8053,0.2,0.5,2.5,0.5833894648983189
2,8054,0.2,0.5,2.5,0.8834502842290117
2,8055,0.2,0.5,2.5,0.35971539227608296
2,8056,0.2,0.5,2.5,0.2205761132575061
2,8057,0.2,0.5,2.5,1.0135763161818283
2,8058,0.2,0.5,2.5,0.9602303751309355
2,8059,0.2,0.5,2.5,0.13280788971571758
2,8060,0.2,0.5,2.5,0.23744186445743456
2,8061,0.2,0.5,2.5,1.1678812456999523
2,8062,0.2,0.5,2.5,0.7576532783074117
2,8063,0.2,0.5,2.5,0.6209508783341042
2,8064,0.2,0.5,2.5,0.24861001922451317
2,8065,0.2,0.5,2.5,1.0252292035749462
2,8066,0.2,0.5,2.5,0.6741086165771282
2,8067,0.2,0.5,2.5,1.5399905375962868
2,8068,0.2,0.5,2.5,0.5948161804320319
2,8069,0.2,0.5,2.5,0.6349383927639881
2,8070,0.2,0.5,2.5,0.7857811345744051
2,8071,0.2,0.5,2.5,1.1520532469465854
2,8072,0.2,0.5,2.5,1.0764986652848718
2,8073,0.2,0.5,2.5,1.0732664580272797
2,8074,0.2,0.5,2.5,1.3242452457423766
2,8075,0.2,0.5,2.5,0.9568102742409306
2,8076,0.2,0.5,2.5,0.584536723145424
2,8077,0.2,0.5,2.5,0.7655470319583801
2,8078,0.2,0.5,2.5,0.5787055393666237
2,8079,0.2,0.5,2.5,0.916881879331991
2,8080,0.2,0.5,2.5,0.16427311157532795
2,8081,0.2,0.5,2.5,0.3480671469986076
2,8082,0.2,0.5,2.5,0.5819721998044919
2,8083,0.2,0.5,2.5,0.5789747865806503
2,8084,0.2,0.5,2.5,0.6629405671529156
2,8085,0.2,0.5,2.5,1.0076751713365284
2,8086,0.2,0.5,2.5,0.5785374062801631
2,8087,0.2,0.5,2.5,0.3162497735210713
2,8088,0.2,0.5,2.5,0.49294872775843324
2,8089,0.2,0.5,2.5,0.5604936015416997
2,8090,0.2,0.5,2.5,0.45134404419953494
2,8091,0.2,0.5,2.5,0.3388201034985794
2,8092,0.2,0.5,2.5,0.5969180465035442
2,8093,0.2,0.5,2.5,0.5699725581948232
2,8094,0.2,0.5,2.5,0.5399523470476153
2,8095,0.2,0.5,2.5,0.9647913696594259
2,8096,0.2,0.5,2.5,0.4384219386773899
2,8097,0.2,0.5,2.5,0.8678020606982457
2,8098,0.2,0.5,2.5,0.4604769180389301
2,8099,0.2,0.5,2.5,0.7637959114114616
2,8100,0.2,0.5,2.5,0.8378038176682455
2,8101,0.2,0.5,2.5,0.014967074021525695
2,8102,0.2,0.5,2.5,0.9506116536221517
2,8103,0.2,0.5,2.5,0.2718751107622472
2,8104,0.2,0.5,2.5,0.016991519739769975
2,8105,0.2,0.5,2.5,0.5680561885398948
2,8106,0.2,0.5,2.5,0.839859905790222
2,8107,0.2,0.5,2.5,0.3198162931692917
2,8108,0.2,0.5,2.5,0.922628613984806
2,8109,0.2,0.5,2.5,0.09683077609255183
2,8110,0.2,0.5,2.5,0.48084297213392235
2,8111,0.2,0.5,2.5,0.6356512947325995
2,8112,0.2,0.5,2.5,0.8327065270711599
2,8113,0.2,0.5,2.5,0.6788193415206382
2,8114,0.2,0.5,2.5,0.5623440694308067
2,8115,0.2,0.5,2.5,0.9531703418553004
2,8116,0.2,0.5,2.5,0.7152696427977921
2,8117,0.2,0.5,2.5,0.4488597333289498
2,8118,0.2,0.5,2.5,0.7048775936479397
2,8119,0.2,0.5,2.5,0.12362164684264759
2,8120,0.2,0.5,2.5,0.8266063566211429
2,8121,0.2,0.5,2.5,0.4358515845367393
2,8122,0.2,0.5,2.5,0.12697441468723647
2,8123,0.2,0.5,2.5,0.6936563235611326
2,8124,0.2,0.5,2.5,1.0080616380927765
2,8125,0.2,0.5,2.5,0.3283311399790145
2,8126,0.2,0.5,2.5,0.16690337784780046
2,8127,0.2,0.5,2.5,0.465498356524446
2,8128,0.2,0.5,2.5,0.6271383202091624
2,8129,0.2,0.5,2.5,0.5987059095521138
2,8130,0.2,0.5,2.5,0.46646101817242586
2,8131,0.2,0.5,2.5,1.0112187866079003
2,8132,0.2,0.5,2.5,0.7930541755883803
2,8133,0.2,0.5,2.5,0.9921477102112842
2,8134,0.2,0.5,2.5,0.5552758551784118
2,8135,0.2,0.5,2.5,0.7914388491024558
2,8136,0.2,0.5,2.5,0.8917945089632375
2,8137,0.2,0.5,2.5,0.6838015541325352
2,8138,0.2,0.5,2.5,1.1129780542316654
2,8139,0.2,0.5,2.5,0.4417498890614871
2,8140,0.2,0.5,2.5,0.8676771759277072
2,8141,0.2,0.5,2.5,0.866449858486685
2,8142,0.2,0.5,2.5,0.4088484558351222
2,8143,0.2,0.5,2.5,0.7812344442018926
2,8144,0.2,0.5,2.5,0.4408183616578909
2,8145,0.2,0.5,2.5,0.715127336610955
2,8146,0.2,0.5,2.5,0.3422691507452189
2,8147,0.2,0.5,2.5,0.6988272109885323
2,8148,0.2,0.5,2.5,0.5807145148381382
2,8149,0.2,0.5,2.5,0.5082542697294469
2,8150,0.2,0.5,2.5,0.39524344648308896
2,8151,0.2,0.5,2.5,0.657859563232618
2,8152,0.2,0.5,2.5,1.6295873440343434
2,8153,0.2,0.5,2.5,0.5827294884059394
2,8154,0.2,0.5,2.5,0.6835664487870428
2,8155,0.2,0.5,2.5,0.507123405137563
2,8156,0.2,0.5,2.5,0.30210205381828475
2,8157,0.2,0.5,2.5,0.5031740711006769
2,8158,0.2,0.5,2.5,1.3802754367847898
2,8159,0.2,0.5,2.5,0.32216032294051167
2,8160,0.2,0.5,2.5,0.2828983806119516
2,8161,0.2,0.5,2.5,0.7692197986258962
2,8162,0.2,0.5,2.5,1.1985349645297978
2,8163,0.2,0.5,2.5,0.8503882044970497
2,8164,0.2,0.5,2.5,0.43695384182185426
2,8165,0.2,0.5,2.5,0.1998808059652514
2,8166,0.2,0.5,2.5,1.252007970057267
2,8167,0.2,0.5,2.5,0.5193992234525914
2,8168,0.2,0.5,2.5,0.5037306392639329
2,8169,0.2,0.5,2.5,0.8165394619927276
2,8170,0.2,0.5,2.5,0.2252564739290036
2,8171,0.2,0.5,2.5,0.8058661566104033
2,8172,0.2,0.5,2.5,0.6574116013054274
2,8173,0.2,0.5,2.5,0.4832980785976926
2,8174,0.2,0.5,2.5,0.410131466692064
2,8175,0.2,0.5,2.5,1.1573060303584357
2,8176,0.2,0.5,2.5,0.6628298022198795
2,8177,0.2,0.5,2.5,1.0224692798859079
2,8178,0.2,0.5,2.5,0.6028437255952134
2,8179,0.2,0.5,2.5,0.3546047396693954
2,8180,0.2,0.5,2.5,0.7376113660707081
2,8181,0.2,0.5,2.5,0.44458468360005515
2,8182,0.2,0.5,2.5,1.097577383487509
2,8183,0.2,0.5,2.5,1.0271331345538015
2,8184,0.2,0.5,2.5,0.6993105843037816
2,8185,0.2,0.5,2.5,0.8046555637159764
2,8186,0.2,0.5,2.5,1.0807101020984295
2,8187,0.2,0.5,2.5,0.7091246529956011
2,8188,0.2,0.5,2.5,0.5741304891212471
2,8189,0.2,0.5,2.5,0.36507576564465
2,8190,0.2,0.5,2.5,0.49911692599933055
2,8191,0.2,0.5,2.5,1.1644944303785045
2,8192,0.2,0.5,2.5,0.6170570672489296
2,8193,0.2,0.5,2.5,1.2461677639096003
2,8194,0.2,0.5,2.5,0.3237496915339045
2,8195,0.2,0.5,2.5,0.8011941819992037
2,8196,0.2,0.5,2.5,0.7244813044132397
2,8197,0.2,0.5,2.5,0.9779920085909289
2,8198,0.2,0.5,2.5,1.1214132353966204
2,8199,0.2,0.5,2.5,0.9650446263913397
2,8200,0.2,0.5,2.5,0.5242035298939468
2,8201,0.2,0.5,2.5,0.3860543255653762
2,8202,0.2,0.5,2.5,0.7002256797566002
2,8203,0.2,0.5,2.5,0.31602246640421633
2,8204,0.2,0.5,2.5,0.3411384261156517
2,8205,0.2,0.5,2.5,1.3868094808323694
2,8206,0.2,0.5,2.5,0.47117845603716124
2,8207,0.2,0.5,2.5,0.4538436299096309
2,8208,0.2,0.5,2.5,0.5335931392911067
2,8209,0.2,0.5,2.5,0.9609492446224908
2,8210,0.2,0.5,2.5,0.3697784068548403
2,8211,0.2,0.5,2.5,0.1844196608271201
2,8212,0.2,0.5,2.5,0.7723198765510222
2,8213,0.2,0.5,2.5,0.35054037504548785
2,8214,0.2,0.5,2.5,0.38425446544320757
2,8215,0.2,0.5,2.5,0.9980862631878092
2,8216,0.2,0.5,2.5,1.1840205480911166
2,8217,0.2,0.5,2.5,0.7413562262946277
2,8218,0.2,0.5,2.5,0.18563645434769668
2,8219,0.2,0.5,2.5,1.1970287119392737
2,8220,0.2,0.5,2.5,0.7186126258717731
2,8221,0.2,0.5,2.5,0.8025257041228071
2,8222,0.2,0.5,2.5,0.6251730346236637
2,8223,0.2,0.5,2.5,0.6224613969001064
2,8224,0.2,0.5,2.5,0.5890658936026995
2,8225,0.2,0.5,2.5,0.520902231718765
2,8226,0.2,0.5,2.5,0.7958518632844979
2,8227,0.2,0.5,2.5,0.512125204369843
2,8228,0.2,0.5,2.5,0.859936099935202
2,8229,0.2,0.5,2.5,0.8621916511346572
2,8230,0.2,0.5,2.5,1.0345172931012576
2,8231,0.2,0.5,2.5,0.3529829435259109
2,8232,0.2,0.5,2.5,0.4149651546534522
2,8233,0.2,0.5,2.5,0.41428795808227353
2,8234,0.2,0.5,2.5,1.0800228033258343
2,8235,0.2,0.5,2.5,0.5817712422446158
2,8236,0.2,0.5,2.5,0.8740501708263505
2,8237,0.2,0.5,2.5,1.1620518310514811
2,8238,0.2,0.5,2.5,0.3907525258153963
2,8239,0.2,0.5,2.5,1.7740817172402117
2,8240,0.2,0.5,2.5,0.7592446620129052
2,8241,0.2,0.5,2.5,1.2806091286551338
2,8242,0.2,0.5,2.5,0.8288374081086376
2,8243,0.2,0.5,2.5,0.3542465803283719
2,8244,0.2,0.5,2.5,0.5438413533777927
2,8245,0.2,0.5,2.5,0.5105884385664761
2,8246,0.2,0.5,2.5,0.5476550396691326
2,8247,0.2,0.5,2.5,0.8163185168276899
2,8248,0.2,0.5,2.5,0.399548202962413
2,8249,0.2,0.5,2.5,0.3480862442542131
2,8250,0.2,0.5,2.5,1.0567706960938552
2,8251,0.2,0.5,2.5,0.565340584453298
2,8252,0.2,0.5,2.5,0.7123338888840396
2,8253,0.2,0.5,2.5,1.3619838966193332
2,8254,0.2,0.5,2.5,0.835580717593722
2,8255,0.2,0.5,2.5,1.2842502414469616
2,8256,0.2,0.5,2.5,0.419118309673984
2,8257,0.2,0.5,2.5,0.5827277704732116
2,8258,0.2,0.5,2.5,1.1234007227431617
2,8259,0.2,0.5,2.5,0.8786776074579655
2,8260,0.2,0.5,2.5,1.0954351986620081
2,8261,0.2,0.5,2.5,0.7417287846716528
2,8262,0.2,0.5,2.5,1.101416187330872
2,8263,0.2,0.5,2.5,1.451845294747109
2,8264,0.2,0.5,2.5,0.4152431507580582
2,8265,0.2,0.5,2.5,0.6611824233680847
2,8266,0.2,0.5,2.5,0.43457791886758923
2,8267,0.2,0.5,2.5,0.3401305085512398
2,8268,0.2,0.5,2.5,0.20963499805116506
2,8269,0.2,0.5,2.5,0.49276250945599553
2,8270,0.2,0.5,2.5,0.5701084305048083
2,8271,0.2,0.5,2.5,0.8350121924344505
2,8272,0.2,0.5,2.5,1.091707728073129
2,8273,0.2,0.5,2.5,1.2646863179771424
2,8274,0.2,0.5,2.5,0.19639767932354357
2,8275,0.2,0.5,2.5,0.8995514267683319
2,8276,0.2,0.5,2.5,0.6272369899035601
2,8277,0.2,0.5,2.5,0.8906111207062394
2,8278,0.2,0.5,2.5,0.6680488109829956
2,8279,0.2,0.5,2.5,0.7913310853020877
2,8280,0.2,0.5,2.5,0.6555271256864453
2,8281,0.2,0.5,2.5,0.6322555575662364
2,8282,0.2,0.5,2.5,0.8678834318357036
2,8283,0.2,0.5,2.5,0.5145366882030363
2,8284,0.2,0.5,2.5,0.6872878670036489
2,8285,0.2,0.5,2.5,0.5841126603803968
2,8286,0.2,0.5,2.5,0.4515607115842716
2,8287,0.2,0.5,2.5,0.9415819111435644
2,8288,0.2,0.5,2.5,0.7917938447830826
2,8289,0.2,0.5,2.5,0.9771786623702812
2,8290,0.2,0.5,2.5,1.1371691882805885
2,8291,0.2,0.5,2.5,0.6469813636191085
2,8292,0.2,0.5,2.5,0.8239019443497712
2,8293,0.2,0.5,2.5,0.4415646730778441
2,8294,0.2,0.5,2.5,0.32764769149866646
2,8295,0.2,0.5,2.5,0.4612717772443708
2,8296,0.2,0.5,2.5,0.1849242321339655
2,8297,0.2,0.5,2.5,0.7451481421918791
2,8298,0.2,0.5,2.5,0.4530417584812788
2,8299,0.2,0.5,2.5,0.14704276403751576
2,8300,0.2,0.5,2.5,0.4219497557289967
2,8301,0.2,0.5,2.5,0.33560416526632775
2,8302,0.2,0.5,2.5,0.5830825948258435
2,8303,0.2,0.5,2.5,0.6691574282254451
2,8304,0.2,0.5,2.5,1.390941831588236
2,8305,0.2,0.5,2.5,0.06325619593584926
2,8306,0.2,0.5,2.5,0.44717628586703034
2,8307,0.2,0.5,2.5,1.0071766856261029
2,8308,0.2,0.5,2.5,0.689155836484349
2,8309,0.2,0.5,2.5,0.5420941523832685
2,8310,0.2,0.5,2.5,0.9202544395720711
2,8311,0.2,0.5,2.5,0.9299339942732862
2,8312,0.2,0.5,2.5,0.07384898508344698
2,8313,0.2,0.5,2.5,1.2441661470280772
2,8314,0.2,0.5,2.5,0.8858616654112684
2,8315,0.2,0.5,2.5,0.23956171057786033
2,8316,0.2,0.5,2.5,0.45842704079662666
2,8317,0.2,0.5,2.5,0.8432706192228057
2,8318,0.2,0.5,2.5,0.6168950536032729
2,8319,0.2,0.5,2.5,0.21658700554570282
2,8320,0.2,0.5,2.5,0.5020423823950524
2,8321,0.2,0.5,2.5,0.6349426576761135
2,8322,0.2,0.5,2.5,0.3062155575460407
2,8323,0.2,0.5,2.5,0.34825609207017866
2,8324,0.2,0.5,2.5,0.31728665497120234
2,8325,0.2,0.5,2.5,1.0717999879043902
2,8326,0.2,0.5,2.5,0.5846333124791445
2,8327,0.2,0.5,2.5,0.5268231561888684
2,8328,0.2,0.5,2.5,1.6851398043985106
2,8329,0.2,0.5,2.5,0.5852409160074286
2,8330,0.2,0.5,2.5,0.7472593274790261
2,8331,0.2,0.5,2.5,0.6413086977462514
2,8332,0.2,0.5,2.5,0.18559914823055837
2,8333,0.2,0.5,2.5,0.9288846935599043
2,8334,0.2,0.5,2.5,0.3756206688412928
2,8335,0.2,0.5,2.5,0.3721303899497715
2,8336,0.2,0.5,2.5,0.44818476952207376
2,8337,0.2,0.5,2.5,0.326528828653609
2,8338,0.2,0.5,2.5,0.5232280966800764
2,8339,0.2,0.5,2.5,0.3980751153839475
2,8340,0.2,0.5,2.5,0.564384913722035
2,8341,0.2,0.5,2.5,0.36693463102734913
2,8342,0.2,0.5,2.5,0.39592268253683777
2,8343,0.2,0.5,2.5,0.14806400618267554
2,8344,0.2,0.5,2.5,0.10833061533933606
2,8345,0.2,0.5,2.5,1.418995642288828
2,8346,0.2,0.5,2.5,0.9899776255746697
2,8347,0.2,0.5,2.5,1.1710202449502936
2,8348,0.2,0.5,2.5,0.42236877772922415
2,8349,0.2,0.5,2.5,0.5878514638171027
2,8350,0.2,0.5,2.5,0.018511570761443986
2,8351,0.2,0.5,2.5,0.891546879772059
2,8352,0.2,0.5,2.5,0.32693134357287523
2,8353,0.2,0.5,2.5,0.5457488479624146
2,8354,0.2,0.5,2.5,0.5732491900014846
2,8355,0.2,0.5,2.5,0.3944133322773702
2,8356,0.2,0.5,2.5,0.6041208938172195
2,8357,0.2,0.5,2.5,0.9549940128165476
2,8358,0.2,0.5,2.5,1.2369958614293484
2,8359,0.2,0.5,2.5,0.5416604288045809
2,8360,0.2,0.5,2.5,0.31678597648690465
2,8361,0.2,0.5,2.5,0.5360609949373232
2,8362,0.2,0.5,2.5,1.1031476090168464
2,8363,0.2,0.5,2.5,0.7747989509466423
2,8364,0.2,0.5,2.5,0.43551469069919074
2,8365,0.2,0.5,2.5,0.7948205988274339
2,8366,0.2,0.5,2.5,1.0038133998627372
2,8367,0.2,0.5,2.5,0.7452422328987789
2,8368,0.2,0.5,2.5,0.5750022623594034
2,8369,0.2,0.5,2.5,1.298157822237857
2,8370,0.2,0.5,2.5,0.5676358441983598
2,8371,0.2,0.5,2.5,0.24910934210412838
2,8372,0.2,0.5,2.5,0.9194368435984109
2,8373,0.2,0.5,2.5,1.1160856653471563
2,8374,0.2,0.5,2.5,0.10955349653833495
2,8375,0.2,0.5,2.5,0.20530797297453823
2,8376,0.2,0.5,2.5,0.7865071213122421
2,8377,0.2,0.5,2.5,0.6516718228570467
2,8378,0.2,0.5,2.5,0.6816044017275295
2,8379,0.2,0.5,2.5,1.5569874724188233
2,8380,0.2,0.5,2.5,0.3277857856021661
2,8381,0.2,0.5,2.5,1.0073753401043832
2,8382,0.2,0.5,2.5,1.2492997136738004
2,8383,0.2,0.5,2.5,0.2434268137173496
2,8384,0.2,0.5,2.5,0.6982392599977363
2,8385,0.2,0.5,2.5,0.36179463451950694
2,8386,0.2,0.5,2.5,0.3204006182982514
2,8387,0.2,0.5,2.5,0.25206820015453013
2,8388,0.2,0.5,2.5,0.610759403811092
2,8389,0.2,0.5,2.5,1.519359528056747
2,8390,0.2,0.5,2.5,0.8344128995011928
2,8391,0.2,0.5,2.5,1.1579710597602182
2,8392,0.2,0.5,2.5,1.2546954976083342
2,8393,0.2,0.5,2.5,0.918858423564572
2,8394,0.2,0.5,2.5,0.853776971902363
2,8395,0.2,0.5,2.5,0.14009832928975935
2,8396,0.2,0.5,2.5,0.5444563215050382
2,8397,0.2,0.5,2.5,1.2152411570530541
2,8398,0.2,0.5,2.5,0.7260628920657
2,8399,0.2,0.5,2.5,1.0326851165111146
2,8400,0.2,0.5,2.5,1.2744718139809155
2,8401,0.2,0.5,2.5,0.6143435586983111
2,8402,0.2,0.5,2.5,0.22541054526648893
2,8403,0.2,0.5,2.5,1.370153852976873
2,8404,0.2,0.5,2.5,0.5762881994635308
2,8405,0.2,0.5,2.5,0.38518085578803496
2,8406,0.2,0.5,2.5,0.11876579805239271
2,8407,0.2,0.5,2.5,0.5243621127038373
2,8408,0.2,0.5,2.5,0.4253484130209114
2,8409,0.2,0.5,2.5,0.03442749936438674
2,8410,0.2,0.5,2.5,0.9932747984997392
2,8411,0.2,0.5,2.5,0.377851859387049
2,8412,0.2,0.5,2.5,0.5457017213793174
2,8413,0.2,0.5,2.5,0.1155892012087034
2,8414,0.2,0.5,2.5,1.1770081920501678
2,8415,0.2,0.5,2.5,0.6263251425510622
2,8416,0.2,0.5,2.5,0.43904283318221715
2,8417,0.2,0.5,2.5,0.2572083563018442
2,8418,0.2,0.5,2.5,0.06920008353955172
2,8419,0.2,0.5,2.5,0.7937000219989105
2,8420,0.2,0.5,2.5,0.24794560282237968
2,8421,0.2,0.5,2.5,1.1445894892332331
2,8422,0.2,0.5,2.5,0.5713547396803841
2,8423,0.2,0.5,2.5,1.021166806521029
2,8424,0.2,0.5,2.5,0.19083376709274788
2,8425,0.2,0.5,2.5,0.2757884899620169
2,8426,0.2,0.5,2.5,0.6067285340389947
2,8427,0.2,0.5,2.5,0.40776842268807323
2,8428,0.2,0.5,2.5,0.5852163782901634
2,8429,0.2,0.5,2.5,0.607942276157801
2,8430,0.2,0.5,2.5,0.8465598013084942
2,8431,0.2,0.5,2.5,0.276838633167894
2,8432,0.2,0.5,2.5,0.49959586737539513
2,8433,0.2,0.5,2.5,1.295161587601055
2,8434,0.2,0.5,2.5,0.7111354573745875
2,8435,0.2,0.5,2.5,0.7885842371433438
2,8436,0.2,0.5,2.5,0.3241413417644456
2,8437,0.2,0.5,2.5,0.7279636411041587
2,8438,0.2,0.5,2.5,0.9138840071702314
2,8439,0.2,0.5,2.5,1.0096403132236453
2,8440,0.2,0.5,2.5,1.1064995091250405
2,8441,0.2,0.5,2.5,0.7436139519268234
2,8442,0.2,0.5,2.5,1.3390152198483989
2,8443,0.2,0.5,2.5,0.8576600755160013
2,8444,0.2,0.5,2.5,0.8001557502330827
2,8445,0.2,0.5,2.5,0.7771101550784126
2,8446,0.2,0.5,2.5,0.6469621305532715
2,8447,0.2,0.5,2.5,0.6576829670757126
2,8448,0.2,0.5,2.5,0.9499720865229008
2,8449,0.2,0.5,2.5,0.11867312196840815
2,8450,0.2,0.5,2.5,0.4965072740683517
2,8451,0.2,0.5,2.5,0.7095138735881231
2,8452,0.2,0.5,2.5,0.5107039004851112
2,8453,0.2,0.5,2.5,0.8715668881103714
2,8454,0.2,0.5,2.5,0.23319091207227133
2,8455,0.2,0.5,2.5,0.9631281570796493
2,8456,0.2,0.5,2.5,0.5139222705178259
2,8457,0.2,0.5,2.5,0.8716049693337082
2,8458,0.2,0.5,2.5,0.8311921956356124
2,8459,0.2,0.5,2.5,0.41430664119138194
2,8460,0.2,0.5,2.5,0.7884345999975105
2,8461,0.2,0.5,2.5,0.31885704309871354
2,8462,0.2,0.5,2.5,0.17374728020125163
2,8463,0.2,0.5,2.5,0.526505048889843
2,8464,0.2,0.5,2.5,0.9643431747586086
2,8465,0.2,0.5,2.5,0.3309782451096333
2,8466,0.2,0.5,2.5,0.10343399933945137
2,8467,0.2,0.5,2.5,0.09329675961171172
2,8468,0.2,0.5,2.5,0.4754920198447026
2,8469,0.2,0.5,2.5,0.8597513064791572
2,8470,0.2,0.5,2.5,0.27295213433735116
2,8471,0.2,0.5,2.5,0.4089419419019079
2,8472,0.2,0.5,2.5,0.8002474694497947
2,8473,0.2,0.5,2.5,0.7466495905250636
2,8474,0.2,0.5,2.5,0.6184933059989398
2,8475,0.2,0.5,2.5,0.16983279304244733
2,8476,0.2,0.5,2.5,0.4124762650169184
2,8477,0.2,0.5,2.5,0.7791426483580642
2,8478,0.2,0.5,2.5,1.2220294884657714
2,8479,0.2,0.5,2.5,0.8203231198405371
2,8480,0.2,0.5,2.5,0.6287053587288087
2,8481,0.2,0.5,2.5,0.39776893233921584
2,8482,0.2,0.5,2.5,0.3409034400319672
2,8483,0.2,0.5,2.5,0.46106026979295694
2,8484,0.2,0.5,2.5,0.41601853850906434
2,8485,0.2,0.5,2.5,0.5643834603979221
2,8486,0.2,0.5,2.5,0.8299636053651387
2,8487,0.2,0.5,2.5,0.35128424984211487
2,8488,0.2,0.5,2.5,0.5478790847871648
2,8489,0.2,0.5,2.5,0.2137110603203921
2,8490,0.2,0.5,2.5,0.7593597360690141
2,8491,0.2,0.5,2.5,0.4211893496834905
2,8492,0.2,0.5,2.5,0.6022787632313286
2,8493,0.2,0.5,2.5,0.6132667230727485
2,8494,0.2,0.5,2.5,0.74281968541831
2,8495,0.2,0.5,2.5,0.3899643292180807
2,8496,0.2,0.5,2.5,1.2072322762976222
2,8497,0.2,0.5,2.5,0.38122986382724905
2,8498,0.2,0.5,2.5,0.47847921690947615
2,8499,0.2,0.5,2.5,0.5076551102594811
2,8500,0.2,0.5,2.5,0.32534074109998923
2,8501,0.2,0.5,2.5,1.0500966944850467
2,8502,0.2,0.5,2.5,0.760649825950764
2,8503,0.2,0.5,2.5,0.3683973046580093
2,8504,0.2,0.5,2.5,0.2758548126168164
2,8505,0.2,0.5,2.5,0.5647408874477993
2,8506,0.2,0.5,2.5,0.31183959634810804
2,8507,0.2,0.5,2.5,1.3723629397911943
2,8508,0.2,0.5,2.5,0.9646848679523006
2,8509,0.2,0.5,2.5,0.4285860170131842
2,8510,0.2,0.5,2.5,0.4336047396978633
2,8511,0.2,0.5,2.5,0.7533689832653524
2,8512,0.2,0.5,2.5,0.4963908783396488
2,8513,0.2,0.5,2.5,1.2257808614239265
2,8514,0.2,0.5,2.5,1.1305278936131922
2,8515,0.2,0.5,2.5,0.24264527923980242
2,8516,0.2,0.5,2.5,0.9548772076141702
2,8517,0.2,0.5,2.5,0.049721712026057886
2,8518,0.2,0.5,2.5,0.7196103199852651
2,8519,0.2,0.5,2.5,1.0600661210794275
2,8520,0.2,0.5,2.5,0.20107554851655499
2,8521,0.2,0.5,2.5,0.22459570699931147
2,8522,0.2,0.5,2.5,1.1825496717060153
2,8523,0.2,0.5,2.5,1.1333856824593536
2,8524,0.2,0.5,2.5,0.19014963148206518
2,8525,0.2,0.5,2.5,0.9663857786591267
2,8526,0.2,0.5,2.5,0.5967769815269166
2,8527,0.2,0.5,2.5,0.6115624952853658
2,8528,0.2,0.5,2.5,0.36447032605359897
2,8529,0.2,0.5,2.5,0.8698295469740267
2,8530,0.2,0.5,2.5,0.31600240618069575
2,8531,0.2,0.5,2.5,0.7941843676607224
2,8532,0.2,0.5,2.5,0.872392046272228
2,8533,0.2,0.5,2.5,1.3447280742086163
2,8534,0.2,0.5,2.5,0.49560908837771644
2,8535,0.2,0.5,2.5,0.11460441711952078
2,8536,0.2,0.5,2.5,0.5703854185956225
2,8537,0.2,0.5,2.5,0.06173342257252564
2,8538,0.2,0.5,2.5,0.7904311595640332
2,8539,0.2,0.5,2.5,0.8225342422613235
2,8540,0.2,0.5,2.5,0.443090276935263
2,8541,0.2,0.5,2.5,0.5950294582811873
2,8542,0.2,0.5,2.5,0.9031576511749299
2,8543,0.2,0.5,2.5,0.3949337129693589
2,8544,0.2,0.5,2.5,0.609545018921148
2,8545,0.2,0.5,2.5,0.727823133475331
2,8546,0.2,0.5,2.5,1.2984462723012562
2,8547,0.2,0.5,2.5,0.3194167964518078
2,8548,0.2,0.5,2.5,1.0706214105847012
2,8549,0.2,0.5,2.5,1.0595331528667944
2,8550,0.2,0.5,2.5,1.1576383359699094
2,8551,0.2,0.5,2.5,0.6657844702617555
2,8552,0.2,0.5,2.5,0.5249399557822353
2,8553,0.2,0.5,2.5,0.7265022294957424
2,8554,0.2,0.5,2.5,0.8547436083491842
2,8555,0.2,0.5,2.5,0.4360782682496016
2,8556,0.2,0.5,2.5,1.2810211043562083
2,8557,0.2,0.5,2.5,0.4051918401303918
2,8558,0.2,0.5,2.5,0.1654864506023287
2,8559,0.2,0.5,2.5,0.9142491680689715
2,8560,0.2,0.5,2.5,0.12184807515501347
2,8561,0.2,0.5,2.5,0.5481905758066634
2,8562,0.2,0.5,2.5,0.4140275299901121
2,8563,0.2,0.5,2.5,0.6650714186075297
2,8564,0.2,0.5,2.5,0.8000649858603214
2,8565,0.2,0.5,2.5,1.1887653216857146
2,8566,0.2,0.5,2.5,0.7928092161622268
2,8567,0.2,0.5,2.5,1.176347032956045
2,8568,0.2,0.5,2.5,0.22284803640408565
2,8569,0.2,0.5,2.5,0.6663169963993596
2,8570,0.2,0.5,2.5,0.6134502199406052
2,8571,0.2,0.5,2.5,0.9241527462093984
2,8572,0.2,0.5,2.5,0.35450211901349904
2,8573,0.2,0.5,2.5,0.42347586916584085
2,8574,0.2,0.5,2.5,0.6866738132908298
2,8575,0.2,0.5,2.5,1.4317982597270664
2,8576,0.2,0.5,2.5,0.9283961938338476
2,8577,0.2,0.5,2.5,0.7420727569692066
2,8578,0.2,0.5,2.5,0.4172550571206325
2,8579,0.2,0.5,2.5,0.9614123215800908
2,8580,0.2,0.5,2.5,0.5296395806430307
2,8581,0.2,0.5,2.5,0.7453775421168833
2,8582,0.2,0.5,2.5,0.14174145942771696
2,8583,0.2,0.5,2.5,0.35645542412283565
2,8584,0.2,0.5,2.5,0.5121607105344347
2,8585,0.2,0.5,2.5,0.6496356971481912
2,8586,0.2,0.5,2.5,0.6059070682362684
2,8587,0.2,0.5,2.5,0.510298356217345
2,8588,0.2,0.5,2.5,1.2866900120801594
2,8589,0.2,0.5,2.5,0.22423702311453564
2,8590,0.2,0.5,2.5,0.37833571687880474
2,8591,0.2,0.5,2.5,0.721372807132048
2,8592,0.2,0.5,2.5,0.6859095181992635
2,8593,0.2,0.5,2.5,0.30088491238733506
2,8594,0.2,0.5,2.5,0.6375291056905265
2,8595,0.2,0.5,2.5,0.4758450917166736
2,8596,0.2,0.5,2.5,0.2555980238759471
2,8597,0.2,0.5,2.5,0.7308213933295249
2,8598,0.2,0.5,2.5,0.3403717069418187
2,8599,0.2,0.5,2.5,1.0365331473718584
2,8600,0.2,0.5,2.5,1.1449946543107208
2,8601,0.2,0.5,2.5,0.9630892529393608
2,8602,0.2,0.5,2.5,0.8675280274066399
2,8603,0.2,0.5,2.5,0.3696540273061395
2,8604,0.2,0.5,2.5,0.8029456707262305
2,8605,0.2,0.5,2.5,1.0993730092566496
2,8606,0.2,0.5,2.5,0.584202173563519
2,8607,0.2,0.5,2.5,0.4130198469546401
2,8608,0.2,0.5,2.5,0.3098848551288357
2,8609,0.2,0.5,2.5,0.5985493009537997
2,8610,0.2,0.5,2.5,0.7298794762671691
2,8611,0.2,0.5,2.5,1.2228117991765892
2,8612,0.2,0.5,2.5,0.6457333905343449
2,8613,0.2,0.5,2.5,0.47419188016995883
2,8614,0.2,0.5,2.5,1.4785712322031215
2,8615,0.2,0.5,2.5,0.21513289367268393
2,8616,0.2,0.5,2.5,0.9873081002699677
2,8617,0.2,0.5,2.5,0.8603951572055414
2,8618,0.2,0.5,2.5,1.091210344532649
2,8619,0.2,0.5,2.5,0.1904615030175197
2,8620,0.2,0.5,2.5,1.188388252839991
2,8621,0.2,0.5,2.5,1.189578693816033
2,8622,0.2,0.5,2.5,0.785588921797021
2,8623,0.2,0.5,2.5,0.5850713631096768
2,8624,0.2,0.5,2.5,0.721646814640949
2,8625,0.2,0.5,2.5,0.32029547586486845
2,8626,0.2,0.5,2.5,1.2386037931432028
2,8627,0.2,0.5,2.5,0.35662754071517033
2,8628,0.2,0.5,2.5,0.3905426866929786
2,8629,0.2,0.5,2.5,0.3960685062510717
2,8630,0.2,0.5,2.5,0.6059531104891877
2,8631,0.2,0.5,2.5,0.249260673324255
2,8632,0.2,0.5,2.5,0.46880936006829993
2,8633,0.2,0.5,2.5,1.173584783800065
2,8634,0.2,0.5,2.5,0.6251066315716047
2,8635,0.2,0.5,2.5,0.7890970201943465
2,8636,0.2,0.5,2.5,0.37636284608813464
2,8637,0.2,0.5,2.5,0.834722105070843
2,8638,0.2,0.5,2.5,0.2985019995173169
2,8639,0.2,0.5,2.5,1.026847331860835
2,8640,0.2,0.5,2.5,0.7881464760016724
2,8641,0.2,0.5,2.5,0.7073584076859929
2,8642,0.2,0.5,2.5,0.2660238165896289
2,8643,0.2,0.5,2.5,0.9022895298767839
2,8644,0.2,0.5,2.5,0.3311376254551736
2,8645,0.2,0.5,2.5,1.0061963948979642
2,8646,0.2,0.5,2.5,0.6439906507183099
2,8647,0.2,0.5,2.5,0.10046693470999363
2,8648,0.2,0.5,2.5,0.8144897195967088
2,8649,0.2,0.5,2.5,0.4577931313427295
2,8650,0.2,0.5,2.5,0.6667961264317022
2,8651,0.2,0.5,2.5,0.5571829269696322
2,8652,0.2,0.5,2.5,0.8935554360038132
2,8653,0.2,0.5,2.5,0.14087463488307367
2,8654,0.2,0.5,2.5,0.5560075179037737
2,8655,0.2,0.5,2.5,0.39041266321621054
2,8656,0.2,0.5,2.5,0.6575886179279669
2,8657,0.2,0.5,2.5,0.48561271063287226
2,8658,0.2,0.5,2.5,0.8292396709433776
2,8659,0.2,0.5,2.5,1.0772788302151572
2,8660,0.2,0.5,2.5,1.2152132425811157
2,8661,0.2,0.5,2.5,0.7674695450544666
2,8662,0.2,0.5,2.5,0.40040324323531673
2,8663,0.2,0.5,2.5,0.7339294879985114
2,8664,0.2,0.5,2.5,1.3670498955198929
2,8665,0.2,0.5,2.5,0.42634384290205146
2,8666,0.2,0.5,2.5,0.3138836820453732
2,8667,0.2,0.5,2.5,0.697211129692414
2,8668,0.2,0.5,2.5,0.8203518005267294
2,8669,0.2,0.5,2.5,0.8295121199812243
2,8670,0.2,0.5,2.5,0.7424719214981738
2,8671,0.2,0.5,2.5,0.8522905594390968
2,8672,0.2,0.5,2.5,0.23979545433633653
2,8673,0.2,0.5,2.5,0.9495653285148602
2,8674,0.2,0.5,2.5,0.9666284593252666
2,8675,0.2,0.5,2.5,0.4983462345516665
2,8676,0.2,0.5,2.5,0.7070048056280533
2,8677,0.2,0.5,2.5,0.8779206224629119
2,8678,0.2,0.5,2.5,0.6659029270821152
2,8679,0.2,0.5,2.5,0.5020551041963708
2,8680,0.2,0.5,2.5,0.8296392458719227
2,8681,0.2,0.5,2.5,0.4884528566639883
2,8682,0.2,0.5,2.5,0.6749564403902213
2,8683,0.2,0.5,2.5,0.997424123808687
2,8684,0.2,0.5,2.5,0.6400866667640362
2,8685,0.2,0.5,2.5,0.6530658196711044
2,8686,0.2,0.5,2.5,0.8179939445379015
2,8687,0.2,0.5,2.5,0.8277569235420659
2,8688,0.2,0.5,2.5,0.9552064080075295
2,8689,0.2,0.5,2.5,0.5810348162059166
2,8690,0.2,0.5,2.5,0.3246381950938748
2,8691,0.2,0.5,2.5,1.0248507965715545
2,8692,0.2,0.5,2.5,0.3433080626254758
2,8693,0.2,0.5,2.5,0.5295607921953125
2,8694,0.2,0.5,2.5,0.445025750959544
2,8695,0.2,0.5,2.5,2.0668634056255257
2,8696,0.2,0.5,2.5,0.7162467310085011
2,8697,0.2,0.5,2.5,0.3576171772791598
2,8698,0.2,0.5,2.5,1.0337382186938953
2,8699,0.2,0.5,2.5,0.11417191601779215
2,8700,0.2,0.5,2.5,0.30943027840076587
2,8701,0.2,0.5,2.5,0.5094419724007326
2,8702,0.2,0.5,2.5,0.4981409094771238
2,8703,0.2,0.5,2.5,0.5539540593647158
2,8704,0.2,0.5,2.5,0.4296156788433082
2,8705,0.2,0.5,2.5,0.4154288127198917
2,8706,0.2,0.5,2.5,0.253329781884712
2,8707,0.2,0.5,2.5,0.3736747478594726
2,8708,0.2,0.5,2.5,0.1807353838462352
2,8709,0.2,0.5,2.5,0.8180672020965826
2,8710,0.2,0.5,2.5,0.4451177130753619
2,8711,0.2,0.5,2.5,0.4471512681504479
2,8712,0.2,0.5,2.5,0.3728756796012312
2,8713,0.2,0.5,2.5,0.8069785030507995
2,8714,0.2,0.5,2.5,1.25254522245598
2,8715,0.2,0.5,2.5,0.2787794985533966
2,8716,0.2,0.5,2.5,0.4098201872193644
2,8717,0.2,0.5,2.5,0.9117347595824855
2,8718,0.2,0.5,2.5,0.4222522668266503
2,8719,0.2,0.5,2.5,0.45490459327742344
2,8720,0.2,0.5,2.5,0.23324044825912174
2,8721,0.2,0.5,2.5,0.8804399932280794
2,8722,0.2,0.5,2.5,0.8102332900580427
2,8723,0.2,0.5,2.5,0.5533003142919145
2,8724,0.2,0.5,2.5,0.5466924445257726
2,8725,0.2,0.5,2.5,0.5712225835555618
2,8726,0.2,0.5,2.5,0.4730071167455185
2,8727,0.2,0.5,2.5,0.7965413256458702
2,8728,0.2,0.5,2.5,0.3586812996688085
2,8729,0.2,0.5,2.5,0.7186981804026799
2,8730,0.2,0.5,2.5,0.4675236090063569
2,8731,0.2,0.5,2.5,0.3426511642038473
2,8732,0.2,0.5,2.5,0.8821215362375102
2,8733,0.2,0.5,2.5,1.9247528964035931
2,8734,0.2,0.5,2.5,1.448011109857798
2,8735,0.2,0.5,2.5,0.9071112102035606
2,8736,0.2,0.5,2.5,0.6282068975422211
2,8737,0.2,0.5,2.5,0.9821745385066383
2,8738,0.2,0.5,2.5,0.2102272895263748
2,8739,0.2,0.5,2.5,0.7659361146999966
2,8740,0.2,0.5,2.5,0.6282249003362006
2,8741,0.2,0.5,2.5,0.33609881923762785
2,8742,0.2,0.5,2.5,0.5130825502445266
2,8743,0.2,0.5,2.5,0.5030998341435619
2,8744,0.2,0.5,2.5,0.5574011533684337
2,8745,0.2,0.5,2.5,0.9579726198253046
2,8746,0.2,0.5,2.5,1.320340006613409
2,8747,0.2,0.5,2.5,0.37738787659832956
2,8748,0.2,0.5,2.5,0.4294751980617889
2,8749,0.2,0.5,2.5,0.8433288544820181
2,8750,0.2,0.5,2.5,0.6454369058359611
2,8751,0.2,0.5,2.5,0.5796364826338638
2,8752,0.2,0.5,2.5,0.7586737953477886
2,8753,0.2,0.5,2.5,0.472504824273604
2,8754,0.2,0.5,2.5,1.0017948440709818
2,8755,0.2,0.5,2.5,0.15421129847042075
2,8756,0.2,0.5,2.5,0.8893465394973195
2,8757,0.2,0.5,2.5,0.7094022269401461
2,8758,0.2,0.5,2.5,0.7487255868149614
2,8759,0.2,0.5,2.5,1.0591362529879702
2,8760,0.2,0.5,2.5,0.6642802618503137
2,8761,0.2,0.5,2.5,0.07498427908251934
2,8762,0.2,0.5,2.5,0.43622190190674276
2,8763,0.2,0.5,2.5,1.391905969705611
2,8764,0.2,0.5,2.5,0.8423699096164554
2,8765,0.2,0.5,2.5,0.3897182410777268
2,8766,0.2,0.5,2.5,0.9116963053123394
2,8767,0.2,0.5,2.5,0.818752339672566
2,8768,0.2,0.5,2.5,0.3483464626374446
2,8769,0.2,0.5,2.5,0.39325454595541315
2,8770,0.2,0.5,2.5,0.3205671604457126
2,8771,0.2,0.5,2.5,0.5186675288578916
2,8772,0.2,0.5,2.5,1.7168356634587723
2,8773,0.2,0.5,2.5,0.8338246970472712
2,8774,0.2,0.5,2.5,0.1202161802902259
2,8775,0.2,0.5,2.5,0.5833774509901634
2,8776,0.2,0.5,2.5,0.7504801014987439
2,8777,0.2,0.5,2.5,1.1821210956640007
2,8778,0.2,0.5,2.5,0.7688260659949837
2,8779,0.2,0.5,2.5,0.6603071930724752
2,8780,0.2,0.5,2.5,0.6589872627516672
2,8781,0.2,0.5,2.5,0.5039838698428698
2,8782,0.2,0.5,2.5,1.6963219068644508
2,8783,0.2,0.5,2.5,1.147524080874009
2,8784,0.2,0.5,2.5,0.7209770213904209
2,8785,0.2,0.5,2.5,0.7374739248214597
2,8786,0.2,0.5,2.5,1.1805986869764589
2,8787,0.2,0.5,2.5,0.38451151247302123
2,8788,0.2,0.5,2.5,0.3210500580023196
2,8789,0.2,0.5,2.5,1.0514361205754947
2,8790,0.2,0.5,2.5,1.0466689152325168
2,8791,0.2,0.5,2.5,0.16217721319557915
2,8792,0.2,0.5,2.5,0.41181857282447765
2,8793,0.2,0.5,2.5,0.7624740300377876
2,8794,0.2,0.5,2.5,0.538497308369339
2,8795,0.2,0.5,2.5,1.0690300760088147
2,8796,0.2,0.5,2.5,0.48128644997571735
2,8797,0.2,0.5,2.5,0.4249701210659304
2,8798,0.2,0.5,2.5,0.3515028244390555
2,8799,0.2,0.5,2.5,0.9319758440395186
2,8800,0.2,0.5,2.5,1.2169963003827013
2,8801,0.2,0.5,2.5,0.4805234685367802
2,8802,0.2,0.5,2.5,0.779943362531201
2,8803,0.2,0.5,2.5,1.1120325448106438
2,8804,0.2,0.5,2.5,0.7868808940441314
2,8805,0.2,0.5,2.5,0.20859767867669365
2,8806,0.2,0.5,2.5,0.44635739234775557
2,8807,0.2,0.5,2.5,0.9712082236424099
2,8808,0.2,0.5,2.5,0.15358910142876028
2,8809,0.2,0.5,2.5,0.4116104559765987
2,8810,0.2,0.5,2.5,1.1333760954053165
2,8811,0.2,0.5,2.5,0.8675485360045069
2,8812,0.2,0.5,2.5,1.1948408702607054
2,8813,0.2,0.5,2.5,0.48973185623172033
2,8814,0.2,0.5,2.5,0.5832554168444638
2,8815,0.2,0.5,2.5,0.9466685931160015
2,8816,0.2,0.5,2.5,0.7080795313965564
2,8817,0.2,0.5,2.5,0.7503769352920946
2,8818,0.2,0.5,2.5,0.5320067808279608
2,8819,0.2,0.5,2.5,0.9369133561030023
2,8820,0.2,0.5,2.5,0.3143695747572443
2,8821,0.2,0.5,2.5,0.5897430269370311
2,8822,0.2,0.5,2.5,0.7049221544639838
2,8823,0.2,0.5,2.5,0.4000542422066657
2,8824,0.2,0.5,2.5,1.1414093316055127
2,8825,0.2,0.5,2.5,0.7853139585878435
2,8826,0.2,0.5,2.5,0.8158178302866934
2,8827,0.2,0.5,2.5,0.8004069691221981
2,8828,0.2,0.5,2.5,1.588118879098056
2,8829,0.2,0.5,2.5,0.49230682176299334
2,8830,0.2,0.5,2.5,1.314595499543791
2,8831,0.2,0.5,2.5,0.7187777757409376
2,8832,0.2,0.5,2.5,0.7736261094320199
2,8833,0.2,0.5,2.5,0.9606855698590654
2,8834,0.2,0.5,2.5,0.17034263021244417
2,8835,0.2,0.5,2.5,0.18329207648893128
2,8836,0.2,0.5,2.5,0.22298227741201393
2,8837,0.2,0.5,2.5,1.0837725045706232
2,8838,0.2,0.5,2.5,0.5540520719346372
2,8839,0.2,0.5,2.5,0.38419106189569363
2,8840,0.2,0.5,2.5,0.5667325185483825
2,8841,0.2,0.5,2.5,1.5399901419671562
2,8842,0.2,0.5,2.5,1.3051477185232805
2,8843,0.2,0.5,2.5,0.32456163019927564
2,8844,0.2,0.5,2.5,0.2973530656435064
2,8845,0.2,0.5,2.5,0.4653488733651285
2,8846,0.2,0.5,2.5,1.1913303317311403
2,8847,0.2,0.5,2.5,0.7953329161773387
2,8848,0.2,0.5,2.5,0.7512317589098396
2,8849,0.2,0.5,2.5,0.7024325093713635
2,8850,0.2,0.5,2.5,0.6428714511867495
2,8851,0.2,0.5,2.5,1.197886003204038
2,8852,0.2,0.5,2.5,0.3798682048542998
2,8853,0.2,0.5,2.5,0.3616616928409545
2,8854,0.2,0.5,2.5,1.0267691814292939
2,8855,0.2,0.5,2.5,0.4092474099137657
2,8856,0.2,0.5,2.5,0.617015979971855
2,8857,0.2,0.5,2.5,0.39848090484186227
2,8858,0.2,0.5,2.5,0.1984949362365649
2,8859,0.2,0.5,2.5,1.2021136869419093
2,8860,0.2,0.5,2.5,1.39695174767326
2,8861,0.2,0.5,2.5,0.8177374560696709
2,8862,0.2,0.5,2.5,0.9285289337281379
2,8863,0.2,0.5,2.5,1.073205690784539
2,8864,0.2,0.5,2.5,0.443590229599913
2,8865,0.2,0.5,2.5,0.8918954543280598
2,8866,0.2,0.5,2.5,1.1294126915532077
2,8867,0.2,0.5,2.5,0.681542397322549
2,8868,0.2,0.5,2.5,0.22581915876846892
2,8869,0.2,0.5,2.5,0.9072691039823878
2,8870,0.2,0.5,2.5,0.3315181311865977
2,8871,0.2,0.5,2.5,1.5814613391327732
2,8872,0.2,0.5,2.5,0.4103759007137647
2,8873,0.2,0.5,2.5,0.9152037730397761
2,8874,0.2,0.5,2.5,0.33208152097997673
2,8875,0.2,0.5,2.5,0.6211867775782113
2,8876,0.2,0.5,2.5,0.5908693026553841
2,8877,0.2,0.5,2.5,0.8125121830480255
2,8878,0.2,0.5,2.5,0.7217338281164817
2,8879,0.2,0.5,2.5,1.073918520890281
2,8880,0.2,0.5,2.5,0.36622706437603153
2,8881,0.2,0.5,2.5,0.3234944355936034
2,8882,0.2,0.5,2.5,0.7541686358506576
2,8883,0.2,0.5,2.5,0.16851308598021514
2,8884,0.2,0.5,2.5,0.12737493911529119
2,8885,0.2,0.5,2.5,0.7199030576445993
2,8886,0.2,0.5,2.5,0.5445431978182769
2,8887,0.2,0.5,2.5,0.7266685487729774
2,8888,0.2,0.5,2.5,0.49012670735200103
2,8889,0.2,0.5,2.5,0.9131855523531693
2,8890,0.2,0.5,2.5,1.3588678569865358
2,8891,0.2,0.5,2.5,0.39819829591349715
2,8892,0.2,0.5,2.5,0.17030024185493722
2,8893,0.2,0.5,2.5,0.6106867555736282
2,8894,0.2,0.5,2.5,1.1611251097712116
2,8895,0.2,0.5,2.5,0.4664675497481872
2,8896,0.2,0.5,2.5,1.0583146858555448
2,8897,0.2,0.5,2.5,0.4301933808913829
2,8898,0.2,0.5,2.5,0.7649235164821266
2,8899,0.2,0.5,2.5,0.9345326694572449
2,8900,0.2,0.5,2.5,0.760340072320799
2,8901,0.2,0.5,2.5,1.5139382975055353
2,8902,0.2,0.5,2.5,0.33564705018587304
2,8903,0.2,0.5,2.5,0.48875095657773837
2,8904,0.2,0.5,2.5,0.8920647865538857
2,8905,0.2,0.5,2.5,1.0009698001036167
2,8906,0.2,0.5,2.5,1.1589528766363815
2,8907,0.2,0.5,2.5,0.9300557828861116
2,8908,0.2,0.5,2.5,0.4089541708507993
2,8909,0.2,0.5,2.5,0.890334886925319
2,8910,0.2,0.5,2.5,1.1604175940402555
2,8911,0.2,0.5,2.5,0.608621816820632
2,8912,0.2,0.5,2.5,1.1190823313348042
2,8913,0.2,0.5,2.5,0.6133886564483654
2,8914,0.2,0.5,2.5,0.6864355406799019
2,8915,0.2,0.5,2.5,0.9988385959888225
2,8916,0.2,0.5,2.5,0.5852269455568443
2,8917,0.2,0.5,2.5,0.8078727496807119
2,8918,0.2,0.5,2.5,0.3105185784918854
2,8919,0.2,0.5,2.5,0.6766076652158314
2,8920,0.2,0.5,2.5,0.7189349830487551
2,8921,0.2,0.5,2.5,1.129227774522639
2,8922,0.2,0.5,2.5,0.28382295286075016
2,8923,0.2,0.5,2.5,0.8478134667138837
2,8924,0.2,0.5,2.5,1.1827950144636998
2,8925,0.2,0.5,2.5,0.455920801405144
2,8926,0.2,0.5,2.5,1.0788731620093996
2,8927,0.2,0.5,2.5,0.660795442936418
2,8928,0.2,0.5,2.5,1.0290458938171303
2,8929,0.2,0.5,2.5,0.807584579559991
2,8930,0.2,0.5,2.5,1.0906601861865137
2,8931,0.2,0.5,2.5,0.6019142954054767
2,8932,0.2,0.5,2.5,0.10560562300782514
2,8933,0.2,0.5,2.5,0.9565394960747865
2,8934,0.2,0.5,2.5,0.5406586049470833
2,8935,0.2,0.5,2.5,1.5534102019861094
2,8936,0.2,0.5,2.5,0.3287028784631717
2,8937,0.2,0.5,2.5,0.3324032342904051
2,8938,0.2,0.5,2.5,0.22358605664169837
2,8939,0.2,0.5,2.5,0.5762294054463092
2,8940,0.2,0.5,2.5,1.0341276250368592
2,8941,0.2,0.5,2.5,1.181912601708516
2,8942,0.2,0.5,2.5,1.159193532016407
2,8943,0.2,0.5,2.5,0.4640827928348813
2,8944,0.2,0.5,2.5,0.8489555426279111
2,8945,0.2,0.5,2.5,0.8394072054334273
2,8946,0.2,0.5,2.5,0.5792362895141432
2,8947,0.2,0.5,2.5,0.22787299829718602
2,8948,0.2,0.5,2.5,0.6419805192042105
2,8949,0.2,0.5,2.5,0.648911694032099
2,8950,0.2,0.5,2.5,0.5583355025092785
2,8951,0.2,0.5,2.5,0.8820017291777278
2,8952,0.2,0.5,2.5,0.5719412457457144
2,8953,0.2,0.5,2.5,1.0423354731339218
2,8954,0.2,0.5,2.5,0.8023023788489247
2,8955,0.2,0.5,2.5,0.34414164634058686
2,8956,0.2,0.5,2.5,0.17959666516304387
2,8957,0.2,0.5,2.5,2.0276405169900045
2,8958,0.2,0.5,2.5,1.155647765657745
2,8959,0.2,0.5,2.5,1.4724455934750935
2,8960,0.2,0.5,2.5,0.6964747555542443
2,8961,0.2,0.5,2.5,1.0553323387618065
2,8962,0.2,0.5,2.5,0.6229126089439789
2,8963,0.2,0.5,2.5,0.6943526797496062
2,8964,0.2,0.5,2.5,1.130688259519763
2,8965,0.2,0.5,2.5,0.7579562122390172
2,8966,0.2,0.5,2.5,0.98355717456783
2,8967,0.2,0.5,2.5,0.4796791638491762
2,8968,0.2,0.5,2.5,0.6093302266483163
2,8969,0.2,0.5,2.5,0.872339267116183
2,8970,0.2,0.5,2.5,0.30797629003271804
2,8971,0.2,0.5,2.5,0.694713084644349
2,8972,0.2,0.5,2.5,0.6095616599353897
2,8973,0.2,0.5,2.5,0.717180430508294
2,8974,0.2,0.5,2.5,0.9084934400827264
2,8975,0.2,0.5,2.5,0.5839037596630741
2,8976,0.2,0.5,2.5,0.5500515211187113
2,8977,0.2,0.5,2.5,1.0612279711073953
2,8978,0.2,0.5,2.5,0.9585329609352411
2,8979,0.2,0.5,2.5,0.9046413862805778
2,8980,0.2,0.5,2.5,0.3741016557720514
2,8981,0.2,0.5,2.5,0.699466526121416
2,8982,0.2,0.5,2.5,0.7188162607934679
2,8983,0.2,0.5,2.5,0.7582164408814842
2,8984,0.2,0.5,2.5,0.5754089789957638
2,8985,0.2,0.5,2.5,0.6851276037767388
2,8986,0.2,0.5,2.5,0.6589222959603848
2,8987,0.2,0.5,2.5,0.8671972817794822
2,8988,0.2,0.5,2.5,1.3669537805114709
2,8989,0.2,0.5,2.5,0.34767791177475615
2,8990,0.2,0.5,2.5,0.10417767494627725
2,8991,0.2,0.5,2.5,0.9838997307315801
2,8992,0.2,0.5,2.5,1.188032602302831
2,8993,0.2,0.5,2.5,0.6237026641036988
2,8994,0.2,0.5,2.5,0.34020439634855204
2,8995,0.2,0.5,2.5,0.6107784614346718
2,8996,0.2,0.5,2.5,1.4693862379409421
2,8997,0.2,0.5,2.5,0.4207147616181953
2,8998,0.2,0.5,2.5,0.1719074863420543
2,8999,0.2,0.5,2.5,0.6163624487628844
2,9000,0.2,0.5,2.5,0.9989794833457373
2,9001,0.2,0.5,2.5,0.6672122021339382
2,9002,0.2,0.5,2.5,0.904210510314593
2,9003,0.2,0.5,2.5,0.5802829690034985
2,9004,0.2,0.5,2.5,0.4031497667360745
2,9005,0.2,0.5,2.5,1.3897401045321174
2,9006,0.2,0.5,2.5,0.8706287053677914
2,9007,0.2,0.5,2.5,0.37910815900642353
2,9008,0.2,0.5,2.5,0.6319588392353918
2,9009,0.2,0.5,2.5,0.6233176088760389
2,9010,0.2,0.5,2.5,0.4350224960080345
2,9011,0.2,0.5,2.5,0.41662081759620656
2,9012,0.2,0.5,2.5,0.7041618803596077
2,9013,0.2,0.5,2.5,1.0679598816432314
2,9014,0.2,0.5,2.5,0.0726566653313248
2,9015,0.2,0.5,2.5,1.2432180329339382
2,9016,0.2,0.5,2.5,0.9154521093833298
2,9017,0.2,0.5,2.5,0.2569676334745394
2,9018,0.2,0.5,2.5,0.1090980733844874
2,9019,0.2,0.5,2.5,1.0585598930003575
2,9020,0.2,0.5,2.5,0.9587501873082531
2,9021,0.2,0.5,2.5,1.0524153150179292
2,9022,0.2,0.5,2.5,0.576976271390597
2,9023,0.2,0.5,2.5,1.0594908623198578
2,9024,0.2,0.5,2.5,0.21611370044678882
2,9025,0.2,0.5,2.5,0.41870360405867996
2,9026,0.2,0.5,2.5,0.9300078204222489
2,9027,0.2,0.5,2.5,0.6694550447182648
2,9028,0.2,0.5,2.5,0.27270197956943676
2,9029,0.2,0.5,2.5,0.4451609060048008
2,9030,0.2,0.5,2.5,0.49423394591595055
2,9031,0.2,0.5,2.5,0.7741579091992343
2,9032,0.2,0.5,2.5,0.6439215066377881
2,9033,0.2,0.5,2.5,0.42295387901711107
2,9034,0.2,0.5,2.5,0.5134164884796624
2,9035,0.2,0.5,2.5,0.8954754434949562
2,9036,0.2,0.5,2.5,0.9498821462950992
2,9037,0.2,0.5,2.5,0.7385389685376001
2,9038,0.2,0.5,2.5,0.9229808866355964
2,9039,0.2,0.5,2.5,0.6324159406666278
2,9040,0.2,0.5,2.5,0.6949356971370202
2,9041,0.2,0.5,2.5,0.8890745591951467
2,9042,0.2,0.5,2.5,0.6944799173149104
2,9043,0.2,0.5,2.5,0.6229160599416936
2,9044,0.2,0.5,2.5,0.7499718028903555
2,9045,0.2,0.5,2.5,0.5387687662763103
2,9046,0.2,0.5,2.5,0.5727643494633088
2,9047,0.2,0.5,2.5,0.517956919375749
2,9048,0.2,0.5,2.5,0.7269270128555578
2,9049,0.2,0.5,2.5,1.297648960089363
2,9050,0.2,0.5,2.5,0.14991154533321277
2,9051,0.2,0.5,2.5,1.1211046188359617
2,9052,0.2,0.5,2.5,1.223520009347642
2,9053,0.2,0.5,2.5,0.660617975848467
2,9054,0.2,0.5,2.5,0.469666468532967
2,9055,0.2,0.5,2.5,0.5862534918933202
2,9056,0.2,0.5,2.5,0.3379500564852214
2,9057,0.2,0.5,2.5,1.029772190156812
2,9058,0.2,0.5,2.5,0.5747755587177532
2,9059,0.2,0.5,2.5,0.30913057770189695
2,9060,0.2,0.5,2.5,0.8024308415955366
2,9061,0.2,0.5,2.5,0.7140374989050638
2,9062,0.2,0.5,2.5,0.967411154074386
2,9063,0.2,0.5,2.5,0.6010991460365115
2,9064,0.2,0.5,2.5,0.7939934875264056
2,9065,0.2,0.5,2.5,0.6506552075867243
2,9066,0.2,0.5,2.5,1.2190430450161809
2,9067,0.2,0.5,2.5,0.7121117601607648
2,9068,0.2,0.5,2.5,0.39034623999275053
2,9069,0.2,0.5,2.5,1.4442817220641453
2,9070,0.2,0.5,2.5,0.8930966756905917
2,9071,0.2,0.5,2.5,0.26111521653548053
2,9072,0.2,0.5,2.5,0.92979593330781
2,9073,0.2,0.5,2.5,0.3796256425995203
2,9074,0.2,0.5,2.5,0.9708227659915151
2,9075,0.2,0.5,2.5,0.5051302712721432
2,9076,0.2,0.5,2.5,0.31167830073497244
2,9077,0.2,0.5,2.5,0.5397916479847115
2,9078,0.2,0.5,2.5,0.21778560830578508
2,9079,0.2,0.5,2.5,0.5062427252352185
2,9080,0.2,0.5,2.5,0.596342191432855
2,9081,0.2,0.5,2.5,0.6258123331970583
2,9082,0.2,0.5,2.5,0.7656357429902657
2,9083,0.2,0.5,2.5,0.820136395888147
2,9084,0.2,0.5,2.5,0.9492219352108786
2,9085,0.2,0.5,2.5,0.7389925192642466
2,9086,0.2,0.5,2.5,0.8472828750304501
2,9087,0.2,0.5,2.5,0.7913827458971143
2,9088,0.2,0.5,2.5,0.2379495001277242
2,9089,0.2,0.5,2.5,0.7740878958621397
2,9090,0.2,0.5,2.5,0.7567939068733048
2,9091,0.2,0.5,2.5,0.5046215920652943
2,9092,0.2,0.5,2.5,0.35121750208166197
2,9093,0.2,0.5,2.5,0.8696423245920981
2,9094,0.2,0.5,2.5,0.5209183118135714
2,9095,0.2,0.5,2.5,0.6571441187272958
2,9096,0.2,0.5,2.5,0.46341761997939546
2,9097,0.2,0.5,2.5,0.65228619110675
2,9098,0.2,0.5,2.5,0.5719475896396873
2,9099,0.2,0.5,2.5,0.39463690997246204
2,9100,0.2,0.5,2.5,0.5829992099062821
2,9101,0.2,0.5,2.5,0.8269320865373562
2,9102,0.2,0.5,2.5,0.3443803478313435
2,9103,0.2,0.5,2.5,0.7736092821194882
2,9104,0.2,0.5,2.5,0.3101244408771209
2,9105,0.2,0.5,2.5,0.4333269323855376
2,9106,0.2,0.5,2.5,0.6497608817619965
2,9107,0.2,0.5,2.5,1.065054633285325
2,9108,0.2,0.5,2.5,0.4760511115770618
2,9109,0.2,0.5,2.5,0.3189290974708022
2,9110,0.2,0.5,2.5,1.187594919173455
2,9111,0.2,0.5,2.5,0.74522726446866
2,9112,0.2,0.5,2.5,0.6342687097774085
2,9113,0.2,0.5,2.5,1.1575423602199177
2,9114,0.2,0.5,2.5,0.8904798870303494
2,9115,0.2,0.5,2.5,0.3929260164239535
2,9116,0.2,0.5,2.5,1.2329427618202624
2,9117,0.2,0.5,2.5,1.3241185387130137
2,9118,0.2,0.5,2.5,0.6082456852679826
2,9119,0.2,0.5,2.5,0.7711662837244442
2,9120,0.2,0.5,2.5,1.0204935239911188
2,9121,0.2,0.5,2.5,0.39213175217045737
2,9122,0.2,0.5,2.5,0.37203214534345985
2,9123,0.2,0.5,2.5,0.7579774278559889
2,9124,0.2,0.5,2.5,1.1153142101232154
2,9125,0.2,0.5,2.5,0.5495383222256949
2,9126,0.2,0.5,2.5,0.8686019620717383
2,9127,0.2,0.5,2.5,0.46938290136131017
2,9128,0.2,0.5,2.5,0.24503165766898702
2,9129,0.2,0.5,2.5,1.2041634115680668
2,9130,0.2,0.5,2.5,0.9150509151614439
2,9131,0.2,0.5,2.5,0.22537446248368656
2,9132,0.2,0.5,2.5,0.5472532368796058
2,9133,0.2,0.5,2.5,0.33779939487355165
2,9134,0.2,0.5,2.5,0.22508435988248673
2,9135,0.2,0.5,2.5,1.1910726541719387
2,9136,0.2,0.5,2.5,0.3635105001292549
2,9137,0.2,0.5,2.5,0.7366748241194016
2,9138,0.2,0.5,2.5,0.45489033917604604
2,9139,0.2,0.5,2.5,0.4222981654595717
2,9140,0.2,0.5,2.5,0.6092719277388148
2,9141,0.2,0.5,2.5,0.3461889437123412
2,9142,0.2,0.5,2.5,0.975121819113073
2,9143,0.2,0.5,2.5,0.21859458758496297
2,9144,0.2,0.5,2.5,0.5180758414097275
2,9145,0.2,0.5,2.5,0.9682506479571065
2,9146,0.2,0.5,2.5,1.4815961373452178
2,9147,0.2,0.5,2.5,0.7500327768529861
2,9148,0.2,0.5,2.5,0.312907548395159
2,9149,0.2,0.5,2.5,0.9009230480477783
2,9150,0.2,0.5,2.5,1.0663134947597934
2,9151,0.2,0.5,2.5,0.5637399814382822
2,9152,0.2,0.5,2.5,0.5334436781100865
2,9153,0.2,0.5,2.5,0.8837053460831295
2,9154,0.2,0.5,2.5,0.8086183527269343
2,9155,0.2,0.5,2.5,1.1054660977435817
2,9156,0.2,0.5,2.5,0.4134727342374165
2,9157,0.2,0.5,2.5,0.6706148093631611
2,9158,0.2,0.5,2.5,0.744749481462255
2,9159,0.2,0.5,2.5,0.5583930845695365
2,9160,0.2,0.5,2.5,0.8623339783091307
2,9161,0.2,0.5,2.5,0.5802974640677263
2,9162,0.2,0.5,2.5,1.4458277903465937
2,9163,0.2,0.5,2.5,0.42008159825399005
2,9164,0.2,0.5,2.5,1.188255358041083
2,9165,0.2,0.5,2.5,0.6794925187514318
2,9166,0.2,0.5,2.5,1.0552521488286686
2,9167,0.2,0.5,2.5,0.6386592238950322
2,9168,0.2,0.5,2.5,0.7695550536541507
2,9169,0.2,0.5,2.5,0.9994273276344239
2,9170,0.2,0.5,2.5,0.9742777620571195
2,9171,0.2,0.5,2.5,0.9313847063048512
2,9172,0.2,0.5,2.5,0.5302463435864958
2,9173,0.2,0.5,2.5,1.3835638656157507
2,9174,0.2,0.5,2.5,2.0405027869876475
2,9175,0.2,0.5,2.5,1.2220252214037715
2,9176,0.2,0.5,2.5,0.88430201555178
2,9177,0.2,0.5,2.5,0.8246170607050193
2,9178,0.2,0.5,2.5,0.6653226205881431
2,9179,0.2,0.5,2.5,0.5929623804063932
2,9180,0.2,0.5,2.5,0.9829200185338728
2,9181,0.2,0.5,2.5,0.7626422395241236
2,9182,0.2,0.5,2.5,0.6275811542822074
2,9183,0.2,0.5,2.5,0.5014758969444049
2,9184,0.2,0.5,2.5,0.943966541203926
2,9185,0.2,0.5,2.5,0.2734650376707916
2,9186,0.2,0.5,2.5,0.7496642297571567
2,9187,0.2,0.5,2.5,1.349985730743288
2,9188,0.2,0.5,2.5,0.5966222708887299
2,9189,0.2,0.5,2.5,0.5724610570445821
2,9190,0.2,0.5,2.5,0.8743139581658663
2,9191,0.2,0.5,2.5,0.6367362618668376
2,9192,0.2,0.5,2.5,0.9422360561302106
2,9193,0.2,0.5,2.5,0.86043104211735
2,9194,0.2,0.5,2.5,1.1932243112994487
2,9195,0.2,0.5,2.5,1.1010562204553334
2,9196,0.2,0.5,2.5,0.9463115195619777
2,9197,0.2,0.5,2.5,0.08167611341828411
2,9198,0.2,0.5,2.5,0.17965267442282315
2,9199,0.2,0.5,2.5,0.16093394070681125
2,9200,0.2,0.5,2.5,0.20803616968993496
2,9201,0.2,0.5,2.5,1.1361244806221593
2,9202,0.2,0.5,2.5,0.9777981222429256
2,9203,0.2,0.5,2.5,0.03455568551626496
2,9204,0.2,0.5,2.5,0.24559916613576266
2,9205,0.2,0.5,2.5,0.3634872355302243
2,9206,0.2,0.5,2.5,0.2720234591718851
2,9207,0.2,0.5,2.5,0.2310655383275537
2,9208,0.2,0.5,2.5,0.4572157949288657
2,9209,0.2,0.5,2.5,0.6121290004957035
2,9210,0.2,0.5,2.5,0.16656803917180638
2,9211,0.2,0.5,2.5,0.9134528308776423
2,9212,0.2,0.5,2.5,0.10450168921404039
2,9213,0.2,0.5,2.5,0.2720406254996289
2,9214,0.2,0.5,2.5,0.2542860755415926
2,9215,0.2,0.5,2.5,1.046847570468739
2,9216,0.2,0.5,2.5,0.7273733456269147
2,9217,0.2,0.5,2.5,0.22534498856717733
2,9218,0.2,0.5,2.5,0.6510441145071048
2,9219,0.2,0.5,2.5,1.567860555706412
2,9220,0.2,0.5,2.5,0.6641074252088651
2,9221,0.2,0.5,2.5,0.7600873886039052
2,9222,0.2,0.5,2.5,0.5699330871273451
2,9223,0.2,0.5,2.5,0.2843904237945786
2,9224,0.2,0.5,2.5,0.1028354215771149
2,9225,0.2,0.5,2.5,0.7245222528477562
2,9226,0.2,0.5,2.5,0.9850664228962609
2,9227,0.2,0.5,2.5,1.0687629449627554
2,9228,0.2,0.5,2.5,0.247620524065416
2,9229,0.2,0.5,2.5,1.1720950275243271
2,9230,0.2,0.5,2.5,0.46606780553039284
2,9231,0.2,0.5,2.5,0.9180075601454591
2,9232,0.2,0.5,2.5,0.26549820960558473
2,9233,0.2,0.5,2.5,0.9217439683263827
2,9234,0.2,0.5,2.5,0.925728657739185
2,9235,0.2,0.5,2.5,0.689830321126952
2,9236,0.2,0.5,2.5,0.5649242523528664
2,9237,0.2,0.5,2.5,0.43851649279105165
2,9238,0.2,0.5,2.5,0.886466208209485
2,9239,0.2,0.5,2.5,1.2148427296929776
2,9240,0.2,0.5,2.5,1.0630524491661637
2,9241,0.2,0.5,2.5,0.745114931734038
2,9242,0.2,0.5,2.5,0.9151194549414491
2,9243,0.2,0.5,2.5,0.3610721712549145
2,9244,0.2,0.5,2.5,0.40175771042557434
2,9245,0.2,0.5,2.5,0.9958744228243542
2,9246,0.2,0.5,2.5,0.7104854226277777
2,9247,0.2,0.5,2.5,0.17204232382267742
2,9248,0.2,0.5,2.5,0.3203762777150079
2,9249,0.2,0.5,2.5,0.6515082956209984
2,9250,0.2,0.5,2.5,0.9600756693626636
2,9251,0.2,0.5,2.5,0.7232819810928696
2,9252,0.2,0.5,2.5,1.0894409366910518
2,9253,0.2,0.5,2.5,0.6694860707215481
2,9254,0.2,0.5,2.5,0.3893749545381685
2,9255,0.2,0.5,2.5,1.250522853853351
2,9256,0.2,0.5,2.5,0.6339894833185982
2,9257,0.2,0.5,2.5,0.9472716850203368
2,9258,0.2,0.5,2.5,0.4294097868560219
2,9259,0.2,0.5,2.5,0.22463980954340312
2,9260,0.2,0.5,2.5,0.5185092013520164
2,9261,0.2,0.5,2.5,0.3282596189732203
2,9262,0.2,0.5,2.5,0.4196287898762003
2,9263,0.2,0.5,2.5,0.5126087805619964
2,9264,0.2,0.5,2.5,0.10489676376868376
2,9265,0.2,0.5,2.5,0.6351989468569771
2,9266,0.2,0.5,2.5,1.1295025642304317
2,9267,0.2,0.5,2.5,0.9140379662472241
2,9268,0.2,0.5,2.5,0.16112812934862047
2,9269,0.2,0.5,2.5,1.4038846453259706
2,9270,0.2,0.5,2.5,0.34486405958637323
2,9271,0.2,0.5,2.5,0.3797656635869101
2,9272,0.2,0.5,2.5,0.7905923123961542
2,9273,0.2,0.5,2.5,0.8562846080119765
2,9274,0.2,0.5,2.5,1.6060687092107833
2,9275,0.2,0.5,2.5,0.8027812810871908
2,9276,0.2,0.5,2.5,0.9378659183939987
2,9277,0.2,0.5,2.5,1.0145654894816236
2,9278,0.2,0.5,2.5,0.42324927118742334
2,9279,0.2,0.5,2.5,0.19251939447671976
2,9280,0.2,0.5,2.5,0.23099663069907378
2,9281,0.2,0.5,2.5,1.158828486471293
2,9282,0.2,0.5,2.5,0.00741861192415642
2,9283,0.2,0.5,2.5,0.35720085426530934
2,9284,0.2,0.5,2.5,0.8119690348243366
2,9285,0.2,0.5,2.5,0.9073413798683384
2,9286,0.2,0.5,2.5,1.0088495706233471
2,9287,0.2,0.5,2.5,1.0704208210132493
2,9288,0.2,0.5,2.5,0.8309628180234533
2,9289,0.2,0.5,2.5,0.9498641889715719
2,9290,0.2,0.5,2.5,1.4154272919237831
2,9291,0.2,0.5,2.5,0.8818119486840481
2,9292,0.2,0.5,2.5,0.5946685839708322
2,9293,0.2,0.5,2.5,0.49922386618337256
2,9294,0.2,0.5,2.5,0.7297659151892276
2,9295,0.2,0.5,2.5,0.11291535135406905
2,9296,0.2,0.5,2.5,0.36986596517721926
2,9297,0.2,0.5,2.5,0.8154505772907544
2,9298,0.2,0.5,2.5,1.3307410577034284
2,9299,0.2,0.5,2.5,0.5538159969258247
2,9300,0.2,0.5,2.5,0.456915884879644
2,9301,0.2,0.5,2.5,0.061968517554144946
2,9302,0.2,0.5,2.5,0.4420098083641405
2,9303,0.2,0.5,2.5,0.42354964889216223
2,9304,0.2,0.5,2.5,0.6723357313771856
2,9305,0.2,0.5,2.5,0.2720555859986274
2,9306,0.2,0.5,2.5,0.9979617497994974
2,9307,0.2,0.5,2.5,0.43968620978539347
2,9308,0.2,0.5,2.5,1.2060978718042885
2,9309,0.2,0.5,2.5,0.5825675514546315
2,9310,0.2,0.5,2.5,1.254812367648568
2,9311,0.2,0.5,2.5,0.9030666441193477
2,9312,0.2,0.5,2.5,1.434670480812682
2,9313,0.2,0.5,2.5,1.0161068216348612
2,9314,0.2,0.5,2.5,1.6963200736715365
2,9315,0.2,0.5,2.5,0.11866658208638374
2,9316,0.2,0.5,2.5,0.5681845905333157
2,9317,0.2,0.5,2.5,1.0017247171396306
2,9318,0.2,0.5,2.5,0.8117360782755109
2,9319,0.2,0.5,2.5,0.6348301031271064
2,9320,0.2,0.5,2.5,0.43473129685241596
2,9321,0.2,0.5,2.5,0.8871225158738058
2,9322,0.2,0.5,2.5,1.0630672516667392
2,9323,0.2,0.5,2.5,0.9294197236150558
2,9324,0.2,0.5,2.5,0.8635660400371599
2,9325,0.2,0.5,2.5,0.9988930676777753
2,9326,0.2,0.5,2.5,0.8761548929418186
2,9327,0.2,0.5,2.5,0.6187915154390274
2,9328,0.2,0.5,2.5,0.5753477226292664
2,9329,0.2,0.5,2.5,0.12891807401791158
2,9330,0.2,0.5,2.5,0.43390103276754305
2,9331,0.2,0.5,2.5,0.40296693491062896
2,9332,0.2,0.5,2.5,0.9450519250900676
2,9333,0.2,0.5,2.5,0.4881275567193001
2,9334,0.2,0.5,2.5,1.0946397402679469
2,9335,0.2,0.5,2.5,1.0359736759783926
2,9336,0.2,0.5,2.5,0.43610504137473266
2,9337,0.2,0.5,2.5,1.1095913160141857
2,9338,0.2,0.5,2.5,0.2742774051725344
2,9339,0.2,0.5,2.5,0.5032281953840518
2,9340,0.2,0.5,2.5,0.07470195882291278
2,9341,0.2,0.5,2.5,0.7522895682791195
2,9342,0.2,0.5,2.5,0.5738099419691164
2,9343,0.2,0.5,2.5,1.3629288313933585
2,9344,0.2,0.5,2.5,0.3563359573285032
2,9345,0.2,0.5,2.5,0.31324653873061886
2,9346,0.2,0.5,2.5,0.5633082101843307
2,9347,0.2,0.5,2.5,0.6319679422337324
2,9348,0.2,0.5,2.5,0.37226749095869843
2,9349,0.2,0.5,2.5,1.6800307121348088
2,9350,0.2,0.5,2.5,0.831355410049462
2,9351,0.2,0.5,2.5,0.8237799697646796
2,9352,0.2,0.5,2.5,0.5362920157332568
2,9353,0.2,0.5,2.5,0.8419415453226614
2,9354,0.2,0.5,2.5,1.0336117281249197
2,9355,0.2,0.5,2.5,0.6590035857718057
2,9356,0.2,0.5,2.5,0.6041619204739149
2,9357,0.2,0.5,2.5,0.47225006688100774
2,9358,0.2,0.5,2.5,0.5725683358719842
2,9359,0.2,0.5,2.5,0.7513702995499079
2,9360,0.2,0.5,2.5,0.6610226842687499
2,9361,0.2,0.5,2.5,0.7694792511483715
2,9362,0.2,0.5,2.5,0.5720916252953073
2,9363,0.2,0.5,2.5,0.6554347901710273
2,9364,0.2,0.5,2.5,0.318147084593481
2,9365,0.2,0.5,2.5,0.5495912194861441
2,9366,0.2,0.5,2.5,0.7043678542196852
2,9367,0.2,0.5,2.5,0.7946979234350516
2,9368,0.2,0.5,2.5,1.1229893500099972
2,9369,0.2,0.5,2.5,0.8659192741474819
2,9370,0.2,0.5,2.5,0.36297006491980344
2,9371,0.2,0.5,2.5,0.914295730231212
2,9372,0.2,0.5,2.5,0.9273328347338634
2,9373,0.2,0.5,2.5,0.6051139495043188
2,9374,0.2,0.5,2.5,0.14808771345229754
2,9375,0.2,0.5,2.5,0.5219811793538222
2,9376,0.2,0.5,2.5,0.24681107537027303
2,9377,0.2,0.5,2.5,0.693838158034802
2,9378,0.2,0.5,2.5,0.9042195473684715
2,9379,0.2,0.5,2.5,0.5218111952500717
2,9380,0.2,0.5,2.5,1.0852098048307834
2,9381,0.2,0.5,2.5,0.4399127664874609
2,9382,0.2,0.5,2.5,0.20788773174846892
2,9383,0.2,0.5,2.5,0.08354609036285382
2,9384,0.2,0.5,2.5,0.7570257984932183
2,9385,0.2,0.5,2.5,0.15428432806259607
2,9386,0.2,0.5,2.5,0.6670730829809332
2,9387,0.2,0.5,2.5,0.6687892218507802
2,9388,0.2,0.5,2.5,1.3374767513970456
2,9389,0.2,0.5,2.5,0.2733091987211536
2,9390,0.2,0.5,2.5,0.5415669729923003
2,9391,0.2,0.5,2.5,1.0787719122132984
2,9392,0.2,0.5,2.5,0.5977159696527391
2,9393,0.2,0.5,2.5,0.7453975375196448
2,9394,0.2,0.5,2.5,0.889540692619926
2,9395,0.2,0.5,2.5,1.2623689069019965
2,9396,0.2,0.5,2.5,0.5891788153747237
2,9397,0.2,0.5,2.5,0.34669773960547423
2,9398,0.2,0.5,2.5,1.0111936101421526
2,9399,0.2,0.5,2.5,0.6824505817356581
2,9400,0.2,0.5,2.5,0.07866762070434385
2,9401,0.2,0.5,2.5,1.0935280581143134
2,9402,0.2,0.5,2.5,1.2525768021042485
2,9403,0.2,0.5,2.5,0.7088694197958159
2,9404,0.2,0.5,2.5,0.2111233296006942
2,9405,0.2,0.5,2.5,0.29156833862874976
2,9406,0.2,0.5,2.5,1.567309733988522
2,9407,0.2,0.5,2.5,0.3688470060082412
2,9408,0.2,0.5,2.5,0.9649197909898138
2,9409,0.2,0.5,2.5,1.1789980017088555
2,9410,0.2,0.5,2.5,0.4523120852881863
2,9411,0.2,0.5,2.5,0.35358932196228504
2,9412,0.2,0.5,2.5,1.2233192113009634
2,9413,0.2,0.5,2.5,0.8163205312174254
2,9414,0.2,0.5,2.5,0.5952388205254048
2,9415,0.2,0.5,2.5,0.5565995220197882
2,9416,0.2,0.5,2.5,0.34603431324231543
2,9417,0.2,0.5,2.5,0.55059481961033
2,9418,0.2,0.5,2.5,0.44159668007650293
2,9419,0.2,0.5,2.5,0.5705471591553648
2,9420,0.2,0.5,2.5,1.206605325120271
2,9421,0.2,0.5,2.5,0.3411691282334833
2,9422,0.2,0.5,2.5,0.32786073612480127
2,9423,0.2,0.5,2.5,0.9132973803420571
2,9424,0.2,0.5,2.5,0.3570924191297655
2,9425,0.2,0.5,2.5,0.21271642891385797
2,9426,0.2,0.5,2.5,0.646837831652504
2,9427,0.2,0.5,2.5,0.9849514006742489
2,9428,0.2,0.5,2.5,0.458383090444642
2,9429,0.2,0.5,2.5,1.4387271090851534
2,9430,0.2,0.5,2.5,0.3101707212512879
2,9431,0.2,0.5,2.5,0.34545721782715405
2,9432,0.2,0.5,2.5,0.4276807968669362
2,9433,0.2,0.5,2.5,0.6468018225350188
2,9434,0.2,0.5,2.5,0.8361640932559131
2,9435,0.2,0.5,2.5,1.1067411932505367
2,9436,0.2,0.5,2.5,1.332094771157844
2,9437,0.2,0.5,2.5,0.45861248965834966
2,9438,0.2,0.5,2.5,0.7419171722132631
2,9439,0.2,0.5,2.5,0.5653689494121368
2,9440,0.2,0.5,2.5,0.36317712830896814
2,9441,0.2,0.5,2.5,0.7823638380171969
2,9442,0.2,0.5,2.5,0.4131763589319896
2,9443,0.2,0.5,2.5,0.8974762029178158
2,9444,0.2,0.5,2.5,0.8264174677575549
2,9445,0.2,0.5,2.5,0.2651938349277079
2,9446,0.2,0.5,2.5,0.4343098602330294
2,9447,0.2,0.5,2.5,0.20031457206009726
2,9448,0.2,0.5,2.5,0.8369051764912676
2,9449,0.2,0.5,2.5,1.2260663428500738
2,9450,0.2,0.5,2.5,0.550183472736589
2,9451,0.2,0.5,2.5,1.0292540325122623
2,9452,0.2,0.5,2.5,0.42370008283629296
2,9453,0.2,0.5,2.5,0.4154474311889636
2,9454,0.2,0.5,2.5,0.6038733090507281
2,9455,0.2,0.5,2.5,0.2758647747835974
2,9456,0.2,0.5,2.5,0.5139374331217753
2,9457,0.2,0.5,2.5,0.21899726702303765
2,9458,0.2,0.5,2.5,1.5199074116655586
2,9459,0.2,0.5,2.5,0.9279075126609345
2,9460,0.2,0.5,2.5,0.11374234137812342
2,9461,0.2,0.5,2.5,0.5532341225310575
2,9462,0.2,0.5,2.5,0.3993169198526455
2,9463,0.2,0.5,2.5,0.06537264444416135
2,9464,0.2,0.5,2.5,0.886822101359892
2,9465,0.2,0.5,2.5,0.48833975812092034
2,9466,0.2,0.5,2.5,0.25097474989680657
2,9467,0.2,0.5,2.5,0.9192395123489074
2,9468,0.2,0.5,2.5,0.47519492524393875
2,9469,0.2,0.5,2.5,1.042185966569479
2,9470,0.2,0.5,2.5,1.5018133782568681
2,9471,0.2,0.5,2.5,0.30947912445339393
2,9472,0.2,0.5,2.5,0.6620488531488546
2,9473,0.2,0.5,2.5,0.646733172426673
2,9474,0.2,0.5,2.5,0.5658327471992192
2,9475,0.2,0.5,2.5,2.1274542100008054
2,9476,0.2,0.5,2.5,1.2246399184493868
2,9477,0.2,0.5,2.5,0.7164122384236202
2,9478,0.2,0.5,2.5,0.3521306604708567
2,9479,0.2,0.5,2.5,0.7700143552158075
2,9480,0.2,0.5,2.5,0.7405022261813651
2,9481,0.2,0.5,2.5,1.0244640604512807
2,9482,0.2,0.5,2.5,0.8865666264492461
2,9483,0.2,0.5,2.5,0.1887869518752499
2,9484,0.2,0.5,2.5,1.4851213457186259
2,9485,0.2,0.5,2.5,1.6311398155823282
2,9486,0.2,0.5,2.5,1.1294247526633148
2,9487,0.2,0.5,2.5,1.4347787556002514
2,9488,0.2,0.5,2.5,0.014412095136730755
2,9489,0.2,0.5,2.5,0.2999337821799146
2,9490,0.2,0.5,2.5,1.4057928567093831
2,9491,0.2,0.5,2.5,0.41637693105671797
2,9492,0.2,0.5,2.5,0.6165772824053181
2,9493,0.2,0.5,2.5,1.3820509595335861
2,9494,0.2,0.5,2.5,0.617863026766986
2,9495,0.2,0.5,2.5,0.5543599275423862
2,9496,0.2,0.5,2.5,0.5661905201929388
2,9497,0.2,0.5,2.5,0.2446902777311811
2,9498,0.2,0.5,2.5,1.1160503229994894
2,9499,0.2,0.5,2.5,0.10063778269813316
2,9500,0.2,0.5,2.5,0.5203541356561431
2,9501,0.2,0.5,2.5,0.19215659365181795
2,9502,0.2,0.5,2.5,1.1781595076581788
2,9503,0.2,0.5,2.5,0.525378861287051
2,9504,0.2,0.5,2.5,0.359910467496832
2,9505,0.2,0.5,2.5,0.6853099503057889
2,9506,0.2,0.5,2.5,0.49595065607800537
2,9507,0.2,0.5,2.5,0.20964666275491908
2,9508,0.2,0.5,2.5,0.6164902956146101
2,9509,0.2,0.5,2.5,1.1475922679701689
2,9510,0.2,0.5,2.5,1.0022281410373455
2,9511,0.2,0.5,2.5,0.5435973333449282
2,9512,0.2,0.5,2.5,1.1802506975238949
2,9513,0.2,0.5,2.5,0.9918633704450155
2,9514,0.2,0.5,2.5,0.9285477828575571
2,9515,0.2,0.5,2.5,0.7289683077398237
2,9516,0.2,0.5,2.5,0.5969862824967813
2,9517,0.2,0.5,2.5,1.050968136709319
2,9518,0.2,0.5,2.5,0.45354466264050985
2,9519,0.2,0.5,2.5,1.009754378861361
2,9520,0.2,0.5,2.5,0.4534053231948768
2,9521,0.2,0.5,2.5,1.0281097783534376
2,9522,0.2,0.5,2.5,0.8845575888993341
2,9523,0.2,0.5,2.5,0.7199516466934344
2,9524,0.2,0.5,2.5,0.5470417267822012
2,9525,0.2,0.5,2.5,0.5419640031740728
2,9526,0.2,0.5,2.5,0.5225512369820122
2,9527,0.2,0.5,2.5,0.7267725387951705
2,9528,0.2,0.5,2.5,0.42220747017095084
2,9529,0.2,0.5,2.5,1.2115243390351342
2,9530,0.2,0.5,2.5,0.44066919473503974
2,9531,0.2,0.5,2.5,1.1580720957744761
2,9532,0.2,0.5,2.5,1.0768078028856851
2,9533,0.2,0.5,2.5,1.3898491807010598
2,9534,0.2,0.5,2.5,0.2503566613335034
2,9535,0.2,0.5,2.5,0.6897504857145306
2,9536,0.2,0.5,2.5,0.09668289626458973
2,9537,0.2,0.5,2.5,0.28315778373509237
2,9538,0.2,0.5,2.5,0.9435902674230983
2,9539,0.2,0.5,2.5,0.5250924735476384
2,9540,0.2,0.5,2.5,0.2170199128740585
2,9541,0.2,0.5,2.5,0.32781081843724535
2,9542,0.2,0.5,2.5,0.18889458532421038
2,9543,0.2,0.5,2.5,0.07863322216251237
2,9544,0.2,0.5,2.5,0.44139409900406834
2,9545,0.2,0.5,2.5,0.9002344169915686
2,9546,0.2,0.5,2.5,0.1966292736588452
2,9547,0.2,0.5,2.5,0.44810855388988724
2,9548,0.2,0.5,2.5,0.5840586036797756
2,9549,0.2,0.5,2.5,0.4727159075069434
2,9550,0.2,0.5,2.5,0.8188257057039388
2,9551,0.2,0.5,2.5,0.8562326342876215
2,9552,0.2,0.5,2.5,0.8853457681002314
2,9553,0.2,0.5,2.5,0.7732898075239772
2,9554,0.2,0.5,2.5,0.3790051964998064
2,9555,0.2,0.5,2.5,0.44229028492208966
2,9556,0.2,0.5,2.5,0.6645589716648924
2,9557,0.2,0.5,2.5,0.551546154865075
2,9558,0.2,0.5,2.5,0.7016806826543622
2,9559,0.2,0.5,2.5,0.3875822593618691
2,9560,0.2,0.5,2.5,0.5932214870903859
2,9561,0.2,0.5,2.5,0.7166366155693794
2,9562,0.2,0.5,2.5,0.06889225071764797
2,9563,0.2,0.5,2.5,0.43067539915776815
2,9564,0.2,0.5,2.5,0.3040005897998144
2,9565,0.2,0.5,2.5,0.38858446963571847
2,9566,0.2,0.5,2.5,0.5820232775858861
2,9567,0.2,0.5,2.5,0.5691036854802954
2,9568,0.2,0.5,2.5,1.0450413143769843
2,9569,0.2,0.5,2.5,0.7489385611877837
2,9570,0.2,0.5,2.5,1.232452428511942
2,9571,0.2,0.5,2.5,0.26815421848739623
2,9572,0.2,0.5,2.5,0.5606402900896619
2,9573,0.2,0.5,2.5,0.2946146045330597
2,9574,0.2,0.5,2.5,0.6591717816021883
2,9575,0.2,0.5,2.5,0.6792747894735507
2,9576,0.2,0.5,2.5,0.5851622132499399
2,9577,0.2,0.5,2.5,0.8524570762388917
2,9578,0.2,0.5,2.5,0.650942843095063
2,9579,0.2,0.5,2.5,0.8823275316644641
2,9580,0.2,0.5,2.5,0.2781488979943331
2,9581,0.2,0.5,2.5,0.3614459355498662
2,9582,0.2,0.5,2.5,0.14350520073379766
2,9583,0.2,0.5,2.5,0.5413042261438968
2,9584,0.2,0.5,2.5,1.206994015510771
2,9585,0.2,0.5,2.5,0.2670554757245485
2,9586,0.2,0.5,2.5,0.3672169640373996
2,9587,0.2,0.5,2.5,0.6000942387428823
2,9588,0.2,0.5,2.5,1.0107473778082743
2,9589,0.2,0.5,2.5,0.8855086866155625
2,9590,0.2,0.5,2.5,1.5598755675058391
2,9591,0.2,0.5,2.5,0.4623316977700112
2,9592,0.2,0.5,2.5,0.5879045837112961
2,9593,0.2,0.5,2.5,0.4228701982984409
2,9594,0.2,0.5,2.5,0.8670547779344386
2,9595,0.2,0.5,2.5,0.9046040115485952
2,9596,0.2,0.5,2.5,0.44504144170063425
2,9597,0.2,0.5,2.5,0.8482856405157839
2,9598,0.2,0.5,2.5,0.2705152429754135
2,9599,0.2,0.5,2.5,1.268771412636988
2,9600,0.2,0.5,2.5,0.6853667041297433
2,9601,0.2,0.5,2.5,1.014655643395094
2,9602,0.2,0.5,2.5,1.1276300912911332
2,9603,0.2,0.5,2.5,0.63940817116656
2,9604,0.2,0.5,2.5,0.5040816396473055
2,9605,0.2,0.5,2.5,0.20431328566305448
2,9606,0.2,0.5,2.5,0.1399286898007841
2,9607,0.2,0.5,2.5,0.4611505052907557
2,9608,0.2,0.5,2.5,0.7511993343452482
2,9609,0.2,0.5,2.5,1.0882089278513898
2,9610,0.2,0.5,2.5,0.4413489049388181
2,9611,0.2,0.5,2.5,1.2589929982666068
2,9612,0.2,0.5,2.5,1.0051536113033803
2,9613,0.2,0.5,2.5,0.6281130777279248
2,9614,0.2,0.5,2.5,0.05672147370645337
2,9615,0.2,0.5,2.5,0.13452084268123696
2,9616,0.2,0.5,2.5,0.705452908526137
2,9617,0.2,0.5,2.5,0.3055713300802577
2,9618,0.2,0.5,2.5,0.1465171689376972
2,9619,0.2,0.5,2.5,0.3257256435753535
2,9620,0.2,0.5,2.5,0.4888994804121165
2,9621,0.2,0.5,2.5,0.9914478024875155
2,9622,0.2,0.5,2.5,1.1521108873700212
2,9623,0.2,0.5,2.5,0.8565346149637681
2,9624,0.2,0.5,2.5,0.2773448928493719
2,9625,0.2,0.5,2.5,0.5410735153441427
2,9626,0.2,0.5,2.5,0.5914368136227145
2,9627,0.2,0.5,2.5,0.5452274935559877
2,9628,0.2,0.5,2.5,1.5920144450533262
2,9629,0.2,0.5,2.5,0.5939964396056556
2,9630,0.2,0.5,2.5,1.3295173895992638
2,9631,0.2,0.5,2.5,1.1006782556625594
2,9632,0.2,0.5,2.5,0.5811425373039336
2,9633,0.2,0.5,2.5,0.34972639180609655
2,9634,0.2,0.5,2.5,0.471138281154292
2,9635,0.2,0.5,2.5,0.24070979366045223
2,9636,0.2,0.5,2.5,0.6085582384229276
2,9637,0.2,0.5,2.5,0.5630644660635602
2,9638,0.2,0.5,2.5,1.0788366020292945
2,9639,0.2,0.5,2.5,1.3064579096576017
2,9640,0.2,0.5,2.5,0.5906506959421469
2,9641,0.2,0.5,2.5,0.9835404980152374
2,9642,0.2,0.5,2.5,0.853814337206567
2,9643,0.2,0.5,2.5,0.5133678425955515
2,9644,0.2,0.5,2.5,0.98130999822506
2,9645,0.2,0.5,2.5,0.5195793659111695
2,9646,0.2,0.5,2.5,0.8248623256609353
2,9647,0.2,0.5,2.5,0.8132059180400445
2,9648,0.2,0.5,2.5,1.8826255165196446
2,9649,0.2,0.5,2.5,0.7362652875759723
2,9650,0.2,0.5,2.5,0.18412175039752085
2,9651,0.2,0.5,2.5,1.1053696193029654
2,9652,0.2,0.5,2.5,0.7939788710143705
2,9653,0.2,0.5,2.5,0.33474772201634523
2,9654,0.2,0.5,2.5,0.9072915814086906
2,9655,0.2,0.5,2.5,0.599184419975624
2,9656,0.2,0.5,2.5,0.8819247907273977
2,9657,0.2,0.5,2.5,0.8960270679165712
2,9658,0.2,0.5,2.5,0.8231050207151865
2,9659,0.2,0.5,2.5,0.3652134749332744
2,9660,0.2,0.5,2.5,0.5326821127139265
2,9661,0.2,0.5,2.5,0.25060767333221046
2,9662,0.2,0.5,2.5,1.4518104777554477
2,9663,0.2,0.5,2.5,0.37383469941345737
2,9664,0.2,0.5,2.5,1.20377303455148
2,9665,0.2,0.5,2.5,0.2192665467964609
2,9666,0.2,0.5,2.5,0.6186242615660125
2,9667,0.2,0.5,2.5,0.7732657500194822
2,9668,0.2,0.5,2.5,0.34992507926122496
2,9669,0.2,0.5,2.5,0.11630964534906646
2,9670,0.2,0.5,2.5,0.17396010714612214
2,9671,0.2,0.5,2.5,0.24533903768091217
2,9672,0.2,0.5,2.5,0.2451368942978193
2,9673,0.2,0.5,2.5,1.0646082726996537
2,9674,0.2,0.5,2.5,0.3715059549932419
2,9675,0.2,0.5,2.5,0.41218757974604997
2,9676,0.2,0.5,2.5,0.9108077965313065
2,9677,0.2,0.5,2.5,0.48772692996063755
2,9678,0.2,0.5,2.5,0.4074466135355554
2,9679,0.2,0.5,2.5,0.4740241074797106
2,9680,0.2,0.5,2.5,1.27704057618006
2,9681,0.2,0.5,2.5,1.1191045626986695
2,9682,0.2,0.5,2.5,1.2711626967577463
2,9683,0.2,0.5,2.5,0.8927464339931241
2,9684,0.2,0.5,2.5,0.8501019785747989
2,9685,0.2,0.5,2.5,0.333028905869359
2,9686,0.2,0.5,2.5,0.19393743231201296
2,9687,0.2,0.5,2.5,0.14024614576771777
2,9688,0.2,0.5,2.5,0.5505115165371526
2,9689,0.2,0.5,2.5,1.330614620550532
2,9690,0.2,0.5,2.5,1.300147349554307
2,9691,0.2,0.5,2.5,0.5119525682863235
2,9692,0.2,0.5,2.5,1.348804908827817
2,9693,0.2,0.5,2.5,0.7854721970825627
2,9694,0.2,0.5,2.5,1.5262064194245564
2,9695,0.2,0.5,2.5,0.13976718831368445
2,9696,0.2,0.5,2.5,0.3763278710725957
2,9697,0.2,0.5,2.5,1.0597932075906054
2,9698,0.2,0.5,2.5,0.3727311404700783
2,9699,0.2,0.5,2.5,0.5632076807383606
2,9700,0.2,0.5,2.5,0.7397071716631456
2,9701,0.2,0.5,2.5,0.6700110670350475
2,9702,0.2,0.5,2.5,0.16764252617439687
2,9703,0.2,0.5,2.5,0.16633722699602707
2,9704,0.2,0.5,2.5,0.8474987266620887
2,9705,0.2,0.5,2.5,0.04652954185503133
2,9706,0.2,0.5,2.5,0.2400669930014492
2,9707,0.2,0.5,2.5,0.7814727130165993
2,9708,0.2,0.5,2.5,0.6344012198435522
2,9709,0.2,0.5,2.5,0.14873234847319636
2,9710,0.2,0.5,2.5,0.9559756910334332
2,9711,0.2,0.5,2.5,0.8333987686771297
2,9712,0.2,0.5,2.5,0.31269315859028146
2,9713,0.2,0.5,2.5,0.7650757823072533
2,9714,0.2,0.5,2.5,1.2428421583728209
2,9715,0.2,0.5,2.5,0.682142775701416
2,9716,0.2,0.5,2.5,0.30940158631361864
2,9717,0.2,0.5,2.5,0.6742616241907663
2,9718,0.2,0.5,2.5,0.5322549696030884
2,9719,0.2,0.5,2.5,0.8436958073288634
2,9720,0.2,0.5,2.5,0.6135584290714458
2,9721,0.2,0.5,2.5,0.4237830175047988
2,9722,0.2,0.5,2.5,0.9614661629808543
2,9723,0.2,0.5,2.5,0.4802149655443038
2,9724,0.2,0.5,2.5,0.040583655406604136
2,9725,0.2,0.5,2.5,1.0507002152539286
2,9726,0.2,0.5,2.5,0.8029903219761345
2,9727,0.2,0.5,2.5,1.2724116471646054
2,9728,0.2,0.5,2.5,0.8002122847965955
2,9729,0.2,0.5,2.5,0.6449795690599395
2,9730,0.2,0.5,2.5,0.1484145312350138
2,9731,0.2,0.5,2.5,1.0274155022980311
2,9732,0.2,0.5,2.5,0.18993854961069637
2,9733,0.2,0.5,2.5,0.4471172705159504
2,9734,0.2,0.5,2.5,0.6373712324302329
2,9735,0.2,0.5,2.5,0.5748589723482382
2,9736,0.2,0.5,2.5,0.5759261408003641
2,9737,0.2,0.5,2.5,0.8306540679285814
2,9738,0.2,0.5,2.5,0.5741603379494321
2,9739,0.2,0.5,2.5,0.3619867220562803
2,9740,0.2,0.5,2.5,0.7742105905463407
2,9741,0.2,0.5,2.5,1.1912162892691425
2,9742,0.2,0.5,2.5,0.5613886802768673
2,9743,0.2,0.5,2.5,0.3380888065719971
2,9744,0.2,0.5,2.5,0.5981740049601543
2,9745,0.2,0.5,2.5,0.17019387389450974
2,9746,0.2,0.5,2.5,0.3208923990923977
2,9747,0.2,0.5,2.5,1.1047483560955413
2,9748,0.2,0.5,2.5,0.6962038234874443
2,9749,0.2,0.5,2.5,1.3574310885404033
2,9750,0.2,0.5,2.5,0.7501639648624366
2,9751,0.2,0.5,2.5,0.2567837638588101
2,9752,0.2,0.5,2.5,0.5525252980917685
2,9753,0.2,0.5,2.5,0.058795682490340624
2,9754,0.2,0.5,2.5,0.08859839833104657
2,9755,0.2,0.5,2.5,0.5123444701617714
2,9756,0.2,0.5,2.5,0.655872073363712
2,9757,0.2,0.5,2.5,0.5508135914626119
2,9758,0.2,0.5,2.5,0.5725987762488101
2,9759,0.2,0.5,2.5,1.2522402828315067
2,9760,0.2,0.5,2.5,1.1111974534205797
2,9761,0.2,0.5,2.5,0.49518937915307415
2,9762,0.2,0.5,2.5,0.8204636495125711
2,9763,0.2,0.5,2.5,0.37421884106151876
2,9764,0.2,0.5,2.5,0.33145531266976
2,9765,0.2,0.5,2.5,0.8497953402385683
2,9766,0.2,0.5,2.5,1.0464487997981242
2,9767,0.2,0.5,2.5,0.4082865782468477
2,9768,0.2,0.5,2.5,0.9526518575331329
2,9769,0.2,0.5,2.5,0.4591840453273872
2,9770,0.2,0.5,2.5,0.8471899342712675
2,9771,0.2,0.5,2.5,0.3543128244317435
2,9772,0.2,0.5,2.5,0.8505062063766334
2,9773,0.2,0.5,2.5,0.7702965926135683
2,9774,0.2,0.5,2.5,0.4112905899420336
2,9775,0.2,0.5,2.5,0.6553398576728957
2,9776,0.2,0.5,2.5,0.43213847726876525
2,9777,0.2,0.5,2.5,1.1093996203604268
2,9778,0.2,0.5,2.5,0.6811711126639324
2,9779,0.2,0.5,2.5,0.9897444895731403
2,9780,0.2,0.5,2.5,0.8987402620332675
2,9781,0.2,0.5,2.5,0.2335351427745027
2,9782,0.2,0.5,2.5,0.8223217920902633
2,9783,0.2,0.5,2.5,0.46031969289305924
2,9784,0.2,0.5,2.5,0.574276472932784
2,9785,0.2,0.5,2.5,0.2835042045716612
2,9786,0.2,0.5,2.5,0.7599809053070654
2,9787,0.2,0.5,2.5,0.37008773833842135
2,9788,0.2,0.5,2.5,0.35125230587513956
2,9789,0.2,0.5,2.5,0.7639302549657409
2,9790,0.2,0.5,2.5,0.09588692498697311
2,9791,0.2,0.5,2.5,1.3404748329834644
2,9792,0.2,0.5,2.5,0.43317515022962616
2,9793,0.2,0.5,2.5,1.5819532791872235
2,9794,0.2,0.5,2.5,0.7500028995608391
2,9795,0.2,0.5,2.5,0.7364958192643635
2,9796,0.2,0.5,2.5,0.3867901328835022
2,9797,0.2,0.5,2.5,0.9231793804647183
2,9798,0.2,0.5,2.5,1.0282208112167712
2,9799,0.2,0.5,2.5,0.6080144381582113
2,9800,0.2,0.5,2.5,1.2221560867045973
2,9801,0.2,0.5,2.5,0.3890427865342237
2,9802,0.2,0.5,2.5,0.8172054708494899
2,9803,0.2,0.5,2.5,0.875528469105217
2,9804,0.2,0.5,2.5,0.9189159360678747
2,9805,0.2,0.5,2.5,0.2233589527249947
2,9806,0.2,0.5,2.5,1.7733481278731924
2,9807,0.2,0.5,2.5,0.9543184535713355
2,9808,0.2,0.5,2.5,0.4165446555420773
2,9809,0.2,0.5,2.5,0.2937436203001258
2,9810,0.2,0.5,2.5,0.35955795511719374
2,9811,0.2,0.5,2.5,0.596655616804535
2,9812,0.2,0.5,2.5,0.08388001201608504
2,9813,0.2,0.5,2.5,0.6608791766512238
2,9814,0.2,0.5,2.5,0.04970330073980198
2,9815,0.2,0.5,2.5,0.15453476624595305
2,9816,0.2,0.5,2.5,0.7276595963237724
2,9817,0.2,0.5,2.5,0.6337007732701471
2,9818,0.2,0.5,2.5,0.8532922471991633
2,9819,0.2,0.5,2.5,0.32854356764947534
2,9820,0.2,0.5,2.5,0.48365998156367374
2,9821,0.2,0.5,2.5,0.6849463344691777
2,9822,0.2,0.5,2.5,0.6186734475686632
2,9823,0.2,0.5,2.5,0.7700293028069257
2,9824,0.2,0.5,2.5,1.2177926318086165
2,9825,0.2,0.5,2.5,1.2429628305397755
2,9826,0.2,0.5,2.5,0.7510098324147454
2,9827,0.2,0.5,2.5,0.9120740462287442
2,9828,0.2,0.5,2.5,1.2446304045849246
2,9829,0.2,0.5,2.5,0.987567943797626
2,9830,0.2,0.5,2.5,0.9528504895260277
2,9831,0.2,0.5,2.5,0.6029935882762185
2,9832,0.2,0.5,2.5,1.2232127168433293
2,9833,0.2,0.5,2.5,0.0761740542808532
2,9834,0.2,0.5,2.5,0.5156478704485801
2,9835,0.2,0.5,2.5,0.22504990446157466
2,9836,0.2,0.5,2.5,0.8331106336386352
2,9837,0.2,0.5,2.5,0.3384484412238343
2,9838,0.2,0.5,2.5,1.0263232671380067
2,9839,0.2,0.5,2.5,0.19170798965354896
2,9840,0.2,0.5,2.5,0.992769467356078
2,9841,0.2,0.5,2.5,0.838747583266718
2,9842,0.2,0.5,2.5,0.5404319109253785
2,9843,0.2,0.5,2.5,0.1400603113431253
2,9844,0.2,0.5,2.5,0.24594227618093495
2,9845,0.2,0.5,2.5,1.2337453999132082
2,9846,0.2,0.5,2.5,0.5725023494863022
2,9847,0.2,0.5,2.5,0.3789511782333527
2,9848,0.2,0.5,2.5,0.38156771731594635
2,9849,0.2,0.5,2.5,0.3970067321638956
2,9850,0.2,0.5,2.5,0.43256135500566106
2,9851,0.2,0.5,2.5,1.0155738119290516
2,9852,0.2,0.5,2.5,0.12469920066069476
2,9853,0.2,0.5,2.5,0.9580303101230995
2,9854,0.2,0.5,2.5,1.2766072763453107
2,9855,0.2,0.5,2.5,0.558493213365461
2,9856,0.2,0.5,2.5,0.4902982659844289
2,9857,0.2,0.5,2.5,1.285075363021371
2,9858,0.2,0.5,2.5,0.4058937875872862
2,9859,0.2,0.5,2.5,0.09311457603042265
2,9860,0.2,0.5,2.5,0.3785515306176459
2,9861,0.2,0.5,2.5,0.7045991214699969
2,9862,0.2,0.5,2.5,0.8491968302796028
2,9863,0.2,0.5,2.5,0.49506332607493053
2,9864,0.2,0.5,2.5,1.3575699847815192
2,9865,0.2,0.5,2.5,0.3181858763201726
2,9866,0.2,0.5,2.5,0.24109763080864588
2,9867,0.2,0.5,2.5,0.7079496824634882
2,9868,0.2,0.5,2.5,0.6197402973883133
2,9869,0.2,0.5,2.5,0.8320238446354201
2,9870,0.2,0.5,2.5,0.5879981553046243
2,9871,0.2,0.5,2.5,0.27444786583934333
2,9872,0.2,0.5,2.5,0.5203823806298965
2,9873,0.2,0.5,2.5,0.41240339815152227
2,9874,0.2,0.5,2.5,0.3570615564168152
2,9875,0.2,0.5,2.5,0.33988942038080033
2,9876,0.2,0.5,2.5,0.6267818068967802
2,9877,0.2,0.5,2.5,0.7557438117415302
2,9878,0.2,0.5,2.5,0.2528278173601615
2,9879,0.2,0.5,2.5,1.5034732062205998
2,9880,0.2,0.5,2.5,0.8649322436608358
2,9881,0.2,0.5,2.5,0.5322108598162464
2,9882,0.2,0.5,2.5,0.548413735433825
2,9883,0.2,0.5,2.5,0.03673543867144427
2,9884,0.2,0.5,2.5,0.581069641913303
2,9885,0.2,0.5,2.5,0.997607128949569
2,9886,0.2,0.5,2.5,0.769061580258577
2,9887,0.2,0.5,2.5,1.4275499517144634
2,9888,0.2,0.5,2.5,0.7817878218262669
2,9889,0.2,0.5,2.5,0.1512277223705816
2,9890,0.2,0.5,2.5,0.6275572296678872
2,9891,0.2,0.5,2.5,0.8083519408798788
2,9892,0.2,0.5,2.5,1.072579820622695
2,9893,0.2,0.5,2.5,1.1498062080771996
2,9894,0.2,0.5,2.5,0.48466455474186393
2,9895,0.2,0.5,2.5,0.11534734601407946
2,9896,0.2,0.5,2.5,0.43011619254783745
2,9897,0.2,0.5,2.5,0.7136836143949459
2,9898,0.2,0.5,2.5,0.7541436786975618
2,9899,0.2,0.5,2.5,0.27631793516387504
2,9900,0.2,0.5,2.5,1.4399288352908217
2,9901,0.2,0.5,2.5,1.0325980884845103
2,9902,0.2,0.5,2.5,0.1900697312695357
2,9903,0.2,0.5,2.5,1.5315269929643152
2,9904,0.2,0.5,2.5,1.0142220708510952
2,9905,0.2,0.5,2.5,0.6969531311934605
2,9906,0.2,0.5,2.5,1.2549222706423842
2,9907,0.2,0.5,2.5,0.8157860860533935
2,9908,0.2,0.5,2.5,0.51959875261414
2,9909,0.2,0.5,2.5,0.9152832307968098
2,9910,0.2,0.5,2.5,0.49474430825395893
2,9911,0.2,0.5,2.5,0.7364700016566522
2,9912,0.2,0.5,2.5,0.301154684502351
2,9913,0.2,0.5,2.5,0.47603624743374806
2,9914,0.2,0.5,2.5,0.22883230223621454
2,9915,0.2,0.5,2.5,0.09166345480531751
2,9916,0.2,0.5,2.5,1.0194195218008024
2,9917,0.2,0.5,2.5,0.47417632010875466
2,9918,0.2,0.5,2.5,1.316718061139396
2,9919,0.2,0.5,2.5,0.9225474282734865
2,9920,0.2,0.5,2.5,0.6824949011258392
2,9921,0.2,0.5,2.5,0.111128182567819
2,9922,0.2,0.5,2.5,0.7881782082457389
2,9923,0.2,0.5,2.5,0.2473360591142664
2,9924,0.2,0.5,2.5,0.6475309270376923
2,9925,0.2,0.5,2.5,0.44472203587543885
2,9926,0.2,0.5,2.5,0.748715392780103
2,9927,0.2,0.5,2.5,0.2523186382999376
2,9928,0.2,0.5,2.5,1.0792356661899725
2,9929,0.2,0.5,2.5,0.3069621547821095
2,9930,0.2,0.5,2.5,1.0221195392602629
2,9931,0.2,0.5,2.5,1.202078854143439
2,9932,0.2,0.5,2.5,1.0840132272056995
2,9933,0.2,0.5,2.5,0.08814433944933829
2,9934,0.2,0.5,2.5,0.8640446768101286
2,9935,0.2,0.5,2.5,0.5495807092710905
2,9936,0.2,0.5,2.5,0.4802268102911054
2,9937,0.2,0.5,2.5,0.08521172040287889
2,9938,0.2,0.5,2.5,0.7016148465459906
2,9939,0.2,0.5,2.5,1.6443697678717062
2,9940,0.2,0.5,2.5,0.4416209743898734
2,9941,0.2,0.5,2.5,0.293252212160358
2,9942,0.2,0.5,2.5,0.688699271485007
2,9943,0.2,0.5,2.5,0.8515203015049311
2,9944,0.2,0.5,2.5,0.758421938808198
2,9945,0.2,0.5,2.5,0.872265961069032
2,9946,0.2,0.5,2.5,0.2900714553432559
2,9947,0.2,0.5,2.5,0.7393201054130313
2,9948,0.2,0.5,2.5,0.9244083923310126
2,9949,0.2,0.5,2.5,0.46997210463865124
2,9950,0.2,0.5,2.5,0.8291085865528619
2,9951,0.2,0.5,2.5,0.5836203362440858
2,9952,0.2,0.5,2.5,0.3578329488561582
2,9953,0.2,0.5,2.5,0.968922543144625
2,9954,0.2,0.5,2.5,1.0562091503878956
2,9955,0.2,0.5,2.5,0.9645783934910704
2,9956,0.2,0.5,2.5,0.8934840535229333
2,9957,0.2,0.5,2.5,0.42674197679403036
2,9958,0.2,0.5,2.5,0.3410007791825236
2,9959,0.2,0.5,2.5,0.3627142583158477
2,9960,0.2,0.5,2.5,1.1812972428243447
2,9961,0.2,0.5,2.5,1.0397302597083966
2,9962,0.2,0.5,2.5,1.1619761480142692
2,9963,0.2,0.5,2.5,0.6144008952133085
2,9964,0.2,0.5,2.5,1.152864176705184
2,9965,0.2,0.5,2.5,0.6538936189842199
2,9966,0.2,0.5,2.5,0.37679301764009737
2,9967,0.2,0.5,2.5,0.8938809583835247
2,9968,0.2,0.5,2.5,0.3043273856872512
2,9969,0.2,0.5,2.5,1.2350202975323425
2,9970,0.2,0.5,2.5,0.4308369224665055
2,9971,0.2,0.5,2.5,0.45713383285039705
2,9972,0.2,0.5,2.5,0.5594504241723646
2,9973,0.2,0.5,2.5,0.7257227326340538
2,9974,0.2,0.5,2.5,0.5571813162586869
2,9975,0.2,0.5,2.5,0.3039604781275628
2,9976,0.2,0.5,2.5,0.17525976206052724
2,9977,0.2,0.5,2.5,0.4651328636910592
2,9978,0.2,0.5,2.5,0.547287605261912
2,9979,0.2,0.5,2.5,0.6853213214997006
2,9980,0.2,0.5,2.5,0.7161433577710399
2,9981,0.2,0.5,2.5,0.9790699248042347
2,9982,0.2,0.5,2.5,0.7127922574703806
2,9983,0.2,0.5,2.5,0.5777464893592681
2,9984,0.2,0.5,2.5,0.4349283546671278
2,9985,0.2,0.5,2.5,0.23081133486234928
2,9986,0.2,0.5,2.5,1.10150305294653
2,9987,0.2,0.5,2.5,1.1094868578681165
2,9988,0.2,0.5,2.5,0.4926730787529181
2,9989,0.2,0.5,2.5,0.3627318929741231
2,9990,0.2,0.5,2.5,0.7551820990831896
2,9991,0.2,0.5,2.5,0.42653279170551506
2,9992,0.2,0.5,2.5,0.4476223531198295
2,9993,0.2,0.5,2.5,0.5376830567805339
2,9994,0.2,0.5,2.5,0.9959493172385299
2,9995,0.2,0.5,2.5,0.28471657398199957
2,9996,0.2,0.5,2.5,0.4780941099403646
2,9997,0.2,0.5,2.5,0.9568100691663768
2,9998,0.2,0.5,2.5,0.572268187744524
2,9999,0.2,0.5,2.5,0.4800950651504512
2,10000,0.2,0.5,2.5,0.4233949089003914
