draw,y_t1,y_t2
1,0.858846586668353,1.2272297318504082
2,1.1907960817932057,1.5927516989019594
3,0.1884667959692116,0.8198169039835268
4,0.4476703719146232,1.204978802064625
5,0.8641162803613682,1.5773124004323775
6,0.8240362510406732,1.417334830427734
7,0.8327578659404458,0.9033298029874133
8,0.759680572511466,1.6639697948951677
9,0.3930057315000212,1.3451008333770003
10,0.672057741079244,1.4851190613523813
11,0.6546768488895476,1.309544455101625
12,0.6525303871327547,1.0064376979715695
13,0.4610061678000738,1.1919834127586584
14,0.52097484347402,1.6654212315237957
15,1.2644325454970557,1.6275259318401751
16,0.4671397346420378,0.8891805632217811
17,0.8989599680657239,0.845217724093521
18,0.9797727420078917,1.7493999706926922
19,0.9943863333328794,1.4055154582772185
20,0.9291702800038022,1.5808035243418477
21,0.2952216316426294,1.4926741655105653
22,1.0147002089359098,0.7185232968830928
23,0.45320451308541404,1.3540985188130572
24,0.3690531319602938,1.451147673121854
25,0.28013069561190435,1.3122052488293139
26,0.45060039723842366,1.3712535597072155
27,0.23462399488276472,1.1886464184296368
28,0.3011817058219374,1.5732606997349572
29,0.6265555903489791,1.384678369209229
30,0.6283961425366599,1.4138958125770527
31,0.479424815762092,1.3037045503695572
32,0.8481804961237345,1.6140466581301112
33,0.42861868950110127,1.2401233287616644
34,0.4937162073778816,0.8578594982568117
35,0.44796066820689967,1.4209167801465215
36,0.7810839762823006,0.833912150587955
37,0.49613845300143805,1.6432597165924807
38,0.399418560990628,1.7314887832324812
39,1.004616501975752,1.7138621311435807
40,0.39822339997366907,0.914115088661315
41,0.8058382782915252,1.702758024919891
42,0.9306135197609464,1.7642477424018637
43,0.486295025987936,1.4891623959930573
44,0.514648661765777,1.4404698899057689
45,0.4777442388714231,1.1133056439494664
46,0.6771934401337382,1.4019634457071133
47,0.3265882283343558,0.7222004777525328
48,0.6526283303557734,1.2841663773036527
49,0.4672781039827632,1.7188824755370444
50,0.878362840627707,1.1554903641036476
51,0.6590643192563107,1.4937463261396124
52,0.6581036965250979,1.2841737375257416
53,0.6971383330913149,1.023044104791678
54,0.5588565675474453,1.335779427504184
55,0.850300340628247,1.434600087939843
56,0.5651096632913348,1.1682551981153533
57,0.8024968053797811,1.4188958769357984
58,0.9666356798683994,0.7388813056980827
59,0.619330785298202,1.578037424707854
60,0.9384826485310713,1.5622115534883372
61,0.493588694184863,1.2456509193498198
62,0.5468149415535083,1.5508588801762804
63,0.5488141826430138,1.543245184511173
64,0.3727072989182128,1.7687465266616884
65,0.4761790694899229,1.5368474252583693
66,0.6942088051709717,0.987798981039568
67,1.2511579215144812,1.6979356258965845
68,0.8563781891522613,1.3907155153234096
69,0.9108942471596027,1.358173719230268
70,0.623105499541099,1.2637961330957206
71,0.44108908827036436,1.1681288802492085
72,0.3074278118506248,1.5598344927664867
73,0.428797207002048,1.7900465812335815
74,0.827923123225222,1.0250336976414665
75,0.6000207182782649,1.3498203052718294
76,0.6988798203347834,0.8371755702901855
77,0.31486766433195523,1.0831351151121935
78,0.7223687444012608,1.5402397997838086
79,0.2249649845960801,1.6563803931935002
80,0.501417675825956,1.4743752554245928
81,1.0905974652982662,1.213679150227668
82,0.1814589165059261,1.8215769178044772
83,0.9028214674698364,1.7094076139409624
84,0.8490285567494835,1.347056052474068
85,0.32289264534643425,1.5142608151174337
86,0.3347484886449138,1.6037842996363423
87,0.9495414775884565,1.468353796210585
88,0.8986363921625097,1.2651877252752548
89,0.5149854259228872,0.9974415809123409
90,0.7450905057776886,1.5368988244188544
91,0.6954082548290815,0.7412113504468509
92,0.8469365426675762,1.566666618348041
93,0.2675592942275514,1.092134891359016
94,0.734530227756114,1.487438896676342
95,0.3967537531647063,1.2339933494005755
96,0.3920218703187187,1.4997427323670052
97,0.8582717708935503,1.5085569593527117
98,0.5731630176319475,1.1713774577259621
99,0.7398324188148835,1.4916111201201285
100,0.6956210504659525,1.3774158001628614
101,1.246486327595828,1.5079330064835506
102,0.5700037123761604,1.7737272414700005
103,0.6553469067200511,1.227725890264122
104,0.5111199629310547,1.4146797930941548
105,1.1218128854392608,1.5582503371100376
106,0.5958428076869292,1.3642171520299164
107,0.3712084529752619,1.5663704598216783
108,0.48819896239373417,1.9078574802479298
109,0.8986373671093525,1.0413221427136026
110,0.7798044890521174,1.037385339130136
111,0.4696885879892157,0.7271490069784905
112,0.6635450572011564,1.4861171574243643
113,0.7517913301842042,1.4368981996022865
114,0.4932542528806287,1.3075730900949178
115,0.7801660821772112,1.3351532170516114
116,0.21211552903652164,1.5206703802995547
117,0.7236019204767643,1.6601063228663548
118,0.567542305426895,1.6971891904691854
119,0.654656275801517,0.8442099367664582
120,0.5994130172418258,0.7793029096493789
121,1.3161055519627762,1.5295295195178131
122,0.7219820415864955,1.1554725850604322
123,0.38517825173935727,1.2667400071782877
124,0.961484705346307,1.5051236194370579
125,0.8004208579798087,1.646532023305441
126,0.4952400604487338,0.9192834983629556
127,0.6265182877121385,1.0409153546063323
128,0.7650802261378074,1.7567956604288049
129,0.848375655660861,1.4557550533499293
130,0.8803342873086544,1.3476901861663786
131,0.9166656996035474,0.9547737828702254
132,0.8467245388276523,1.7294654142180774
133,0.33515370045668064,1.523773213532319
134,0.5908346585720529,0.8490828267025454
135,0.5992215815131271,1.4998816511417856
136,0.2771481804707548,1.6650126940964243
137,0.7937619972387228,1.3969829559056972
138,0.6600976825787904,1.5512365979221265
139,1.10493881280264,0.8397442971530171
140,0.43654201015557004,1.6743890922578823
141,0.8513453431729152,1.17668321498021
142,0.7109151068356373,1.7354992815447994
143,0.7264723784352721,1.3383896708624605
144,0.9207974628076093,1.2705758148577524
145,0.7527046059563548,1.0764309038507687
146,0.02499545449884862,1.3874460995286813
147,0.4005080102078436,1.310717382897832
148,0.5705162672140842,0.8419438149401699
149,0.6318268730678769,1.715782316627628
150,0.27446092410849093,0.8927363757271303
151,1.1177650860485138,1.4401458206256033
152,0.2088017804384406,1.5661247853927807
153,0.46717161985480127,1.5792096257165344
154,0.524901543489661,1.2370754909269817
155,1.0005100150910087,1.4992086627593797
156,0.5656414398228722,1.330091535156434
157,0.349069996216544,1.0938998946384881
158,0.7002277604717504,0.8866767103602662
159,0.7001300649656357,1.0918911713308508
160,0.07947566074352269,1.502285135812769
161,1.6548583133264405,1.5568210199361041
162,1.333505515624063,1.5809236191233094
163,1.0150040559693343,1.4375024568265062
164,0.6050114064787705,1.626260913607295
165,1.1042663724053527,1.195249274281561
166,0.1904453341405824,1.496670306419658
167,1.067338867247527,0.9726440900798272
168,1.0171166630771373,1.1530248599039763
169,0.593591663838889,0.7768082305491666
170,0.36839715939531065,1.6130750580121116
171,0.5661003213210787,1.192870480603955
172,0.39150679437658575,1.7448896906962164
173,0.5052104306899665,1.294298504634079
174,0.8164056049162308,1.3749099554606814
175,0.28192025770346935,1.7019124508102266
176,0.6612447611982901,1.508512312969903
177,0.8251348222289506,1.4752527224842855
178,0.14236824052102567,1.4919804443399005
179,0.6050361348235757,1.7192443113993732
180,0.6504097408483094,1.7895440316611224
181,0.7332010870090094,1.781824295801297
182,0.4662164376074831,1.3990953177218128
183,0.7856381673673427,1.4202788488103224
184,0.34751953461255763,1.046585914822482
185,0.34902248101212396,1.2229456070840654
186,0.7628483156979563,1.4107836570455743
187,0.5468643426124754,1.344754976710286
188,0.5697977579402369,1.5074460305216786
189,0.7407956933669985,1.8082320378913994
190,0.9613806226095135,1.6213186158162887
191,0.647086154340333,1.386362986167716
192,0.7506815535085382,1.4500102303125755
193,0.41655445721969014,1.6218792378244835
194,0.46909186015228516,1.3481754253477987
195,0.4267781316297223,1.3778040430523772
196,0.5348603480007719,1.8408392328912222
197,0.6481498580741036,1.1834376003024276
198,0.6352227955855411,1.16731985320925
199,0.9438201937293598,1.350295572630591
200,0.3496151240095435,1.5486565554887757
201,0.9277475313432957,1.1892631420743196
202,0.4125753974157526,1.2789758778394045
203,0.529380388167821,1.494714239627327
204,0.34504685980343996,1.3918457167948926
205,0.7349242312350057,1.1957200644112556
206,0.43695684208338653,1.2070732467086516
207,0.5589468525279014,1.2381351954135036
208,0.512440553102791,1.2470245911127404
209,0.5506529479101012,1.6352335318990798
210,0.6376233214063511,1.3860995595212098
211,0.34772324717121056,1.5474067165359733
212,0.3566652993072055,1.0078823117657207
213,0.39060956300043453,1.441068785819328
214,0.7537612746247989,1.605200410897738
215,0.49648504794799,1.7194822660307905
216,0.7584880215377644,1.4637491721150853
217,0.5105193139865495,1.2941472672130456
218,0.9340521206696643,1.5929448824457269
219,0.9424883246458099,1.8783350069381601
220,0.5325793183185028,1.4439847785200155
221,1.093315782178986,1.2110624426335796
222,1.031772806564513,1.380908745988001
223,0.5355794282998704,1.5286666631869243
224,0.47097783130052895,1.2636633151377028
225,0.5462167655532543,1.1946159803776648
226,0.9436797869162501,1.4598347407092394
227,0.8574164161169653,1.652419195244042
228,0.46261357289172883,1.6245006700381166
229,0.5531708115750477,1.3187633768427782
230,0.657377311096685,1.4577292077184139
231,0.7685234969816166,1.328208014908829
232,0.7291570302694744,0.9144862502897619
233,0.5833056874132433,1.483639880539961
234,0.9778687975514463,1.1779092951656522
235,0.4675130169129448,1.381216987545037
236,0.5848099326575535,1.2336629409368398
237,0.3231259686135167,1.2852150837628837
238,0.7668434439976738,0.9270418299934482
239,0.4941719343430764,1.709739631767979
240,0.33699003697777297,1.325087472839086
241,0.547259999365782,1.5101335621290413
242,0.35357483181922916,1.1151657246790467
243,0.3925579351814047,1.172884175627146
244,0.4511914958561095,1.4721896449272718
245,0.5151433336080261,1.2846691003541937
246,0.456794241914418,1.5025142893611005
247,0.49489445063822174,1.437194478564687
248,0.41946099232052964,0.9968897050702172
249,0.3532482420760045,1.6925781233228228
250,0.24806706776843077,1.3265248213471132
251,1.2219688875396721,1.3693485658487345
252,0.16036402228332947,1.3284570820832835
253,0.37829409144125414,1.290530892013488
254,0.48458481781382184,1.318973863055561
255,0.6023939282649481,1.5465266076744457
256,0.24823977456993132,1.3616126365931962
257,0.397790104343532,1.2323908910771966
258,0.6597105108184917,1.3383565257351913
259,0.5486168535649613,1.301675727482135
260,0.7188797250103129,1.8102605173462085
261,1.2079660270926666,1.2219926702375767
262,0.5308907498725604,0.9103441188474002
263,0.48205091530414446,1.389266088830043
264,0.4536933056713602,0.9660433103152646
265,0.6458628466949576,1.4012173849842793
266,1.289725146140897,1.6096034238940593
267,0.4278875062469034,1.5782005947166382
268,0.6734754312274422,1.2193889692155144
269,0.4472466794061582,1.511583752727166
270,0.4223420090143939,1.8132270820176235
271,0.36454556547167466,1.325052639980728
272,0.545808096598613,1.821128584230676
273,0.5578488027485119,0.8182855129788105
274,0.7300297016031569,1.255739822186728
275,0.17079362665624584,1.3263261943991131
276,0.8766850147105817,1.631724641733955
277,1.19941944770569,1.7999949023441957
278,0.38480467703172894,1.2159107157547195
279,0.5343833346147793,1.4255545825613951
280,0.2542549880470046,1.2448715858270738
281,0.5338923260430286,0.8482886504554348
282,0.2799429012158669,1.3643754451855137
283,0.5456311884276779,1.4537121627415237
284,0.5894640546967823,1.1488702903876153
285,0.8206177572828767,1.430850397797817
286,0.30620050412623073,1.4648156020444087
287,0.7185089964922134,1.6529261107448712
288,0.4615428683621295,1.1280369432475101
289,0.39546880069248386,1.2910379666737954
290,1.085882373779663,1.0661566853655406
291,0.4799233603971494,1.2342264797164137
292,0.2926786532121496,1.1735806606363142
293,0.9974330559664734,0.8673236632610262
294,1.2346852715385845,1.2066385772268011
295,0.18743784570779912,1.3675323920942275
296,0.9147277217066596,1.734830622918186
297,0.7795632521732877,1.0966149135843006
298,0.4527238002019102,1.7837342430141008
299,0.39104412928115123,0.9407437807640808
300,0.2602608541989884,1.5695982076115689
301,1.036596212638172,1.1412309514527013
302,0.2375842024889,1.5858591730628875
303,0.9493810762872599,0.6862785116086969
304,0.7708958149514569,1.2188631883739243
305,0.41606878020083143,1.3384202036846806
306,0.21709614175258815,1.186103484413981
307,0.24399446852107418,1.540612046943822
308,0.8442264249715982,1.3611352490197883
309,0.19217610045764705,1.2213846625711728
310,0.3919928790721789,1.7128221129066865
311,0.3246653460085063,0.9631195836781159
312,0.6665877487081743,1.4758280158767163
313,0.891541179668414,1.3153695091936684
314,0.5201162574361725,1.280546586714145
315,0.8537152752849754,1.377094463912147
316,0.9940363885454218,1.4621347442533845
317,0.30439510723702917,1.2068218139175855
318,0.5686692780899854,1.1344675940462243
319,0.517228622325536,1.1986028414845689
320,0.7398050295015454,1.1443475646311734
321,0.7439735524097767,0.9879987092693217
322,0.6274823659606525,0.2834443457327307
323,0.4009010992619577,1.5415237199879013
324,0.44059453333585613,1.1502829542531847
325,0.27713309643647027,1.5084462667253018
326,0.7437833982823264,1.396445207488555
327,0.47518670835860033,1.2237002200481206
328,0.6693178052205914,1.5471234758178587
329,0.5200415745120224,1.2971301892617473
330,0.37920025493825327,1.5633276971755228
331,0.5162820603865748,0.8695637666864591
332,0.7681372064857079,1.4477201680743845
333,0.860113210529324,1.1226258043841528
334,0.6846380096596333,1.5478226647294306
335,0.5333500655519765,1.534655059695978
336,0.7624784714175662,1.6780783114310232
337,0.799644940688079,1.2248002269969946
338,0.2387494793770884,1.0049029774224958
339,0.7980864083000665,1.575274176934412
340,0.5423482469243202,0.9751304178662803
341,0.8179272686703352,1.2237539304317169
342,0.5553876548785611,1.1714627907486657
343,0.7199819957873931,1.210987342011376
344,0.8378137675772452,0.7319911415420042
345,0.7862860362252132,1.1665412486223117
346,0.7178111919291364,1.4767624223469036
347,0.5608428249058194,1.181875514919641
348,0.6357839597002709,1.494767906401906
349,1.1626927851501192,0.7518516293588939
350,0.6778705192464693,1.5278374525600464
351,0.40538564838906865,1.2648666478408996
352,0.8723696852964375,1.2666100289179032
353,0.723639360385123,1.627790897080282
354,0.8463441961830158,1.2528417021456733
355,0.6843507070548065,1.3336059759890904
356,0.7235393382800037,1.1543791669458356
357,0.6309458058314938,1.3524508655184486
358,0.2932409664713436,1.1982320496106507
359,0.7221697747887234,1.1005108096200473
360,1.190605672165832,0.9807708262378918
361,0.40948364985424746,1.5133942080062872
362,0.4758963313496952,1.3901190800059895
363,0.6051562272192226,1.438507243810045
364,0.9425906973070881,1.4455027814963088
365,0.3669252590058515,1.3693513049528703
366,0.4383746004934091,1.4160722127241556
367,0.3866054558400607,1.4350063780552809
368,1.0083750712849846,1.2096268314365348
369,0.4106869027922352,1.8715385671800913
370,0.9010570550393352,1.5864905757681087
371,1.28743932383215,1.2984102442747796
372,0.8839944977507987,0.9966650264292554
373,0.683060723456479,1.7411608529925833
374,0.5257897443984055,0.9593815554774237
375,0.41647116292771225,1.224344804443351
376,0.4960967592285849,1.340476451569819
377,0.46068062586187186,1.3234981167822086
378,0.7928275630498098,1.697716198704328
379,0.7364519344150243,1.759065945975153
380,1.445439551513181,1.135600985861659
381,0.4102354890396799,1.5035495543948343
382,0.999051963554816,1.6410617865995976
383,1.2674404959792043,1.2457061543137526
384,0.7809949409052918,1.3893115516659813
385,0.5196309874677042,1.692970418383254
386,0.8406391848239938,1.4745350507704613
387,0.8204685630268486,1.1427907223884564
388,0.6006344925472089,1.247899027133029
389,0.5517882195357509,1.3082063850980408
390,0.6793990198812305,1.625772519978243
391,0.5948725183452269,1.4237190096470487
392,1.22130595617967,1.3165929463890125
393,0.6265705964093985,1.7397514323545185
394,0.8961425431086137,1.204985380912
395,0.4914799991472281,1.367814664625596
396,0.7792915749473717,1.4344013234076978
397,0.4439258877274753,1.2748605892009301
398,1.2407532675570263,1.3992357283054424
399,1.3858935999610105,1.4589747041078098
400,0.5678774564078313,1.2661425779422322
401,0.77460716750527,1.3217287148863346
402,0.49752854081692854,1.7980194039023392
403,0.7884531423900822,1.8562895435304303
404,0.5955277325902375,0.906507276873314
405,1.4741427970982637,1.4498470133148098
406,0.6673994582692816,1.2175708978132314
407,0.9479933306533752,1.3388920960007615
408,1.1132973122050382,1.4881142114295878
409,0.43116264362074275,1.4022632625261755
410,0.6863195023633725,1.8512049837084783
411,0.6195753591610241,1.5833042540180597
412,0.9834129076188775,1.041890186896556
413,0.5402702183110314,0.9102534392484625
414,0.9637385345514989,1.182410175298752
415,0.5122768482036346,1.1413118770019035
416,0.3799019521863751,0.9848066552172046
417,0.6024593773719876,1.6361093224369632
418,0.5706161173678156,1.3398774597730607
419,0.6613962979484564,1.3440504542281286
420,0.6725761933450151,1.0977698345293045
421,0.6578888190321438,1.6175468937223951
422,0.9443707984851226,1.6969275864309155
423,0.20446036362256714,1.5986129211629974
424,0.6719738110697514,1.44386419147812
425,0.7553323360833146,1.4013677198118062
426,0.5434507313709952,1.4455590627127295
427,1.0773356676017651,1.0623667553943859
428,0.9163681356182503,1.2730418878650474
429,0.5207662140508441,1.250120793605137
430,0.8176571182159195,1.6889649005232386
431,0.9124259440097942,1.6810069131596277
432,0.798780766265829,1.1417931013713274
433,0.2886984271118158,1.159702870115975
434,0.6270676890833707,1.0660578519921955
435,0.6163146633183982,1.3504832089097185
436,1.0837384255926374,1.6407147547556826
437,0.5644688527058019,1.0897252752092936
438,0.6158367761909698,1.2994161367916417
439,0.199574961295014,1.7805174961218662
440,0.45689289907355907,1.1622785363135395
441,0.7884106155299663,1.3729054614520066
442,0.37037805158605414,1.492251050463547
443,0.7282116140834025,0.9948032513131893
444,0.716136194678515,0.9288099789388369
445,0.8596850211509434,1.364819229017597
446,0.6979617037610639,1.5650780130874495
447,0.5919760484453951,1.66055612916747
448,0.7325492653775423,1.2451783449263136
449,0.81947694093769,1.5217584775279804
450,0.47500459047781024,1.0435244389249418
451,1.1147580449506849,1.4440528493526705
452,0.462939697478959,1.039161786905059
453,0.48719374749377964,1.4682742233572976
454,1.0174265969763419,1.2720728400188182
455,0.7688076987927198,1.0983091125783064
456,0.8215598253363537,1.3972129202540287
457,0.589760872586235,1.129328374820666
458,0.620421917136567,1.481361035437343
459,0.6839279126644284,1.359017192005084
460,0.5217413361392378,1.178554512517906
461,1.000775958828698,1.0794238749570644
462,0.6220675156147026,1.3631205780471773
463,0.6413505609328133,1.704155054425195
464,0.39273448092722035,1.1973454933990104
465,0.8973341699568519,1.4147677061919621
466,0.4629231595243416,1.7517214945001887
467,0.6555000024607857,1.4944048135640968
468,0.5493697378719933,1.2515609385348099
469,0.5148511753290169,1.2351443525491073
470,0.7834051916419951,1.2602866083755053
471,0.3742138887933839,1.1972943633116502
472,0.6179763717641361,1.1879579322251503
473,0.6867238429421467,1.555277830512229
474,0.2136558156548186,1.1857109176175413
475,0.7396785100767789,1.418826277923468
476,0.8781227076028413,1.65777525875124
477,0.6285362192115324,1.516240510906301
478,0.7193396066604717,1.1555136876294312
479,0.9011534447958063,1.2888794401065296
480,0.8780290851922798,1.7104024115847225
481,0.7121802121195041,1.6110907491662607
482,0.3074195358572277,1.4588550748290363
483,0.41600700777783733,0.9845590955179073
484,0.3946795927293024,1.3247593763890513
485,0.6258543269494031,1.5715858957218187
486,0.29535441028161225,1.4780857834021837
487,0.5390804019771132,1.5328953819213378
488,0.30626770674274223,1.5356993756323385
489,0.5092844087600842,1.3419568485565074
490,0.3821106178386896,1.7707484577652186
491,0.5466248717369812,1.3438011668886019
492,0.9154509849988951,1.232165492875853
493,0.46443292277543646,1.5933181705178665
494,1.1706954849901892,1.2529720348953015
495,0.6624784966901373,1.0430857331638543
496,0.2742728119807852,1.7484696300339186
497,0.595637216984187,0.9269568065516385
498,0.964500761083766,1.1709154114990565
499,0.47035254440823693,1.2698945263851344
500,0.8109986453566393,1.5221453104320326
501,0.8664157039439433,1.3343512164583458
502,0.4819858868810113,1.4750401814129988
503,0.7340096517845419,1.21319149329304
504,0.3807167168593369,1.240582330130613
505,0.6072183271488959,1.3073358519142688
506,1.2476203941209711,1.4253608234709523
507,0.6799538098381587,1.3151154758715637
508,1.3193467897453641,1.3906406068925206
509,1.1719761623275602,1.525052083557262
510,0.5793459662536633,1.687684484671687
511,0.3519000501976118,1.3337450927303967
512,0.4161646926905445,1.421992612927272
513,0.6343177692113046,1.6648827236966242
514,0.6023855832991547,1.577096031550339
515,0.5691658234354479,1.4447849035956906
516,0.8184190163271287,1.5064569214366874
517,0.6584290858508198,1.1567325032127609
518,0.587252558630932,1.2267284396260907
519,0.14036200758964887,1.4894572536434443
520,0.6779274477383329,0.97978885527288
521,0.9121595939520495,1.5991931022532966
522,0.9808792789326062,1.322327013874022
523,0.21003017969606982,1.1433926780454273
524,0.6516523194578009,1.7600474332608074
525,0.4082781985511309,1.4930236557716647
526,0.5927563678988563,1.3195886449814926
527,1.1159494870503202,1.0537172379793356
528,0.6532803935327653,1.3197119310460315
529,1.2668189919176593,1.5539990100396464
530,0.4124528661993929,1.3376412975854497
531,0.8377370146352363,1.2706194235406265
532,0.7380377328661774,1.361888476921642
533,0.23910351137075558,0.896274578464149
534,0.7272889542412948,1.0565630172432559
535,0.9060447922408161,1.3315991768305695
536,0.2542627594307711,1.856435834599984
537,0.7983392588182959,1.7559604087988006
538,0.6492733921958134,1.3215395993754098
539,0.8667378053804398,1.5988156180658954
540,0.793777358406522,1.175886080004121
541,0.6842720990413378,1.4340126191891633
542,0.3127523944358605,1.469889258398996
543,0.7818582512641512,1.665135717735375
544,0.531457921985628,1.411741579291104
545,0.48061607770751563,1.6012918431233403
546,0.7662584049463198,1.1463835430186773
547,0.8250334865928648,1.3788863062022747
548,0.88623563087164,1.18244817642198
549,0.9697841144156479,1.459933306325913
550,0.8086434994560534,1.615156116842772
551,0.6458694695791021,1.4777579684616076
552,0.38794716676673635,1.083256470617655
553,0.40441650050493755,1.6260974428379515
554,0.3220900465732515,1.1775586662446553
555,0.908032831759214,1.3223978880733402
556,0.6259567617305458,0.6040521302811259
557,1.6204526471346208,1.5114027478698098
558,0.7546808293736209,1.7291634703386123
559,0.7872346399528909,0.7979130562235759
560,0.8326564109488876,1.2074005978711035
561,0.4564671652634326,1.6346833042115994
562,0.7006472420976346,1.0257812490258074
563,0.42800481559741294,1.3606964255793041
564,1.1740542943311383,1.187101332456617
565,0.6636571318502255,1.7075655284612878
566,0.8645256404209588,0.964959180149719
567,1.089360813776766,1.1286144251102792
568,0.7066255802734547,1.355345001449202
569,0.5696371019375129,1.2257184889794512
570,0.45534068868626176,1.2282432336471445
571,0.4567281273209652,1.1131376212365263
572,0.41741198472125496,1.1137192366424515
573,0.7965027949147213,1.775633309935557
574,0.7858852819171465,1.7558052221340477
575,1.0242850145993474,1.6080919382887005
576,0.9998816733785747,1.2884118007412682
577,0.45817112170352553,1.1525755608213535
578,0.22578018024220028,0.8549414498245214
579,0.6607356741305676,1.4555596077328081
580,0.2453443664565388,1.3132346283308611
581,0.9138013460160279,1.0225226690039677
582,0.5816828246273076,1.2664042948986634
583,0.7654723755616386,1.2717630770102355
584,0.8377534547401579,1.7000226547448576
585,0.30066957830921226,1.422080055379793
586,0.445642265339531,1.1497515345993223
587,0.59581740704237,1.3351984039905995
588,0.47594985024415065,1.3696428186562262
589,0.894507326992291,1.2490907904419313
590,0.7231172579841267,1.5543916988405193
591,0.7213673593872348,1.6118558016654756
592,0.4400672831705901,1.191675745713387
593,0.6514455693639516,1.810825136378405
594,0.684655357522689,1.860014845570364
595,1.1422196432948886,1.5135436189063023
596,0.1665479312966042,1.3625110688291486
597,0.7429152899157876,1.117487632107327
598,0.5845523032524781,1.4032193387840566
599,0.6234650394363707,1.2009284395134405
600,0.5041885219092621,1.484389819789354
601,0.5357392639315032,1.5820824874337525
602,0.5982563625681703,1.8009841120180232
603,0.9093224204130709,1.3009806373677149
604,0.488390246833567,1.2704467873571184
605,0.706052359517551,1.4015880634898656
606,1.1383172855120829,1.7844558923373344
607,0.3246245824729309,1.6294753087398948
608,1.0939869236629958,1.4319662812500284
609,0.887002741337737,1.5008395892230864
610,0.27017417567864427,1.2130352741088757
611,0.7489710550332666,1.5026085435052328
612,0.6284778517084014,1.23708070067805
613,0.18410368020601897,1.6113480927088664
614,0.2027405430261645,1.0778146669793016
615,0.6237857283239124,0.9005605053105035
616,1.0046758657711954,1.348938284269869
617,0.9120485357821374,1.5220411348341754
618,0.6910905689471345,1.5052119221245068
619,0.44186457797556405,1.5313055180430182
620,0.5988264120939569,1.40985044026083
621,0.6767540950290623,1.2738275512758535
622,0.4642482035722288,1.572021374157502
623,0.5588879734258207,1.6106463633455106
624,0.969777295839519,1.7407905234453849
625,0.5274563051480604,1.6985285226833309
626,0.38346376617418193,1.099876784705736
627,0.4478946523213442,1.7558457206629092
628,0.6178538860688303,1.718544228034888
629,0.769246528542493,1.239027492150972
630,0.3206398989274118,1.7035101686814214
631,0.9732318480170652,0.9094390962180021
632,0.6791126619016888,1.0854722380244533
633,1.0575122459027972,0.7345431500451411
634,0.6888578733790381,1.524862818995773
635,0.6685313366841293,1.3291094591606574
636,0.5390232502073409,1.4027150296153579
637,0.3473801369823526,1.5937894745930976
638,0.38278551655870585,1.2524825190937363
639,0.6096205530961364,1.201178551170719
640,0.9133028879705296,1.5124742965738118
641,0.45500831906354844,1.0800876951101497
642,0.35051572343872095,1.6645998372136805
643,0.809045793481799,1.0773144010123117
644,0.7261783458532032,0.9020241835161782
645,0.5392871042937647,1.75406284117513
646,0.5859031883277958,1.4988746153774395
647,0.7792252780505636,1.3064698401663186
648,0.3315570729238681,1.168986528163182
649,0.5294112084679672,1.6750679971216398
650,0.5262263971227865,1.4889734560570043
651,0.4400331200504686,1.7766832411723685
652,0.9402927096640075,1.3057210030228141
653,0.6763979482875815,1.620035109725623
654,0.7516447689473507,1.4707198611722623
655,0.8757808251956873,1.0348416959547146
656,0.46843955779618895,1.5634665507349685
657,0.5652604760657689,1.337883475574261
658,0.5760827782239192,1.5050169345269087
659,0.401626267518562,1.5889570851319983
660,0.8057199004190572,1.3697411850649974
661,0.8982884794704689,1.7303746146515742
662,0.7168175905452182,1.5707506221416212
663,0.8242356882219857,1.6619961081163046
664,0.27487289954522054,1.186087357242633
665,0.6775569804146533,1.1479704849046275
666,0.5404303862268101,1.0438937074541668
667,0.47201064043212937,1.5557480534817139
668,0.5832493316970296,0.5461625386101256
669,0.2377427013469151,1.0543703723160662
670,0.5669959401827094,1.546104830715491
671,0.46558528290732953,1.0541373597696602
672,0.812796425252751,1.5473735086847806
673,0.8434621168387871,1.5689267878979394
674,0.4137633419331394,1.2501755531476773
675,0.525771358157471,1.1275838090436525
676,0.9871993358868858,1.345794366667227
677,0.08893535012924558,1.2562719564879865
678,0.22987452012265955,1.6935613874028728
679,0.533547681502644,0.900531619946275
680,0.789047507543211,1.5509962633673164
681,0.4981971657440724,1.2589007611017093
682,0.6173620799306598,1.4056396303104508
683,0.6591332803648399,1.5939921071866643
684,0.749427596713488,1.6146397966069457
685,0.861079297113527,1.8662979132558923
686,0.7644480843921251,1.3565976728932239
687,0.6553294054724991,1.4758890174131232
688,0.2512628718010435,1.1410325291894696
689,0.5179765210018104,1.358474681205533
690,0.838169825631411,1.05934709256347
691,0.3779291918441971,1.728344359538894
692,0.396712313250826,1.3857941163809047
693,1.094685541139261,1.7525243241242356
694,0.0793587165089932,1.7732424666987427
695,0.5886198925570626,1.1062861137465294
696,0.3163129562345542,0.8571043888828227
697,1.3168335791348615,1.0529974514429323
698,1.099655346874647,1.2922729655973848
699,0.7296696104597831,1.635637995249397
700,0.5368576860885544,1.3469389687217364
701,0.4619630440209541,1.5924902243920511
702,0.6257426220610994,1.5878150830420998
703,1.3759884148086958,1.3763281497686686
704,0.9372876190606801,1.032215243881628
705,0.5196110508976292,1.7818593375170595
706,0.5763885492792039,1.6589737338515713
707,0.7185642311089563,1.589085613295431
708,0.8029816316893768,1.31749931765043
709,0.7100644416540111,1.16673415016721
710,0.30055021299927137,1.6584684874047406
711,1.0994405057814904,1.2163588449647353
712,0.3985221851222148,1.394462101150875
713,0.8789532410102625,1.6315534979490716
714,1.199169896448274,0.8005079811781708
715,0.904717587104911,1.3393287488212153
716,0.936588695992295,1.5413809614414884
717,0.495204770266966,1.522673766508348
718,0.7857924210573077,1.448540634476427
719,0.5788604188501666,1.5983081570009667
720,0.320538720351658,1.467652535230573
721,0.8479374497663312,1.5257436967764744
722,0.08788850341804419,1.4409707365073352
723,0.47658453306949733,1.4856342554243949
724,0.6046904505852053,0.9099262478752486
725,0.7227554672221884,1.405743015334151
726,0.3420676786615838,1.1347128639068442
727,0.518649639301679,1.616122775590508
728,0.7661131039790177,1.4379508745023581
729,0.5552255725621006,1.8617296657262175
730,0.6751730430132585,0.8611883982918871
731,0.1916090408824932,1.5931026751429609
732,0.18922723994994617,1.4006004003874062
733,0.43266094415628353,1.1680180286725048
734,0.6617457169950695,1.614622634393281
735,0.5606320320584157,1.034400261336182
736,0.5982816812542276,1.0593173459433451
737,0.30082021548844673,1.5267360141334463
738,0.4435274540961247,0.76881501970406
739,0.7777611990609207,0.91559250860731
740,1.0967769630456967,1.3198206053206882
741,0.9405337089389547,1.56569280051422
742,0.8557946665185352,1.299948621669546
743,0.5393128940148443,1.1559416502690434
744,0.34976876850251987,1.6521959199323648
745,0.58601368939649,1.629331590769814
746,0.27530813787077396,1.7207059776361893
747,0.25429962439142373,1.7742022083270204
748,1.5045154782844552,1.2984028280445692
749,0.9093992816264709,1.559212312828222
750,0.6299103352457083,1.7291919855713365
751,0.6342531524725727,1.557298565436527
752,0.745891371119315,1.1781246913514583
753,0.4256737638012363,1.581623959795546
754,0.222986368493694,1.677222972227062
755,0.3316577496772097,1.1981327434074873
756,0.689753770433801,1.6110232336521546
757,1.1492835526628264,1.5168824698915664
758,0.7663789274184816,1.2062749821258183
759,0.47630635737565225,1.4351827851883567
760,0.9595840745577088,1.4942934469240639
761,1.241840168999129,0.7547342176925698
762,0.7604372023851848,1.1871700148021542
763,0.8531011013929786,1.6066317949441347
764,0.8372562454020209,1.3660144687787854
765,0.969208547382107,1.5327967114563097
766,0.5308085472523533,1.3711021392975993
767,1.3004346362220265,1.4130031643326988
768,0.17455998112542392,1.1978499692259235
769,0.3855600101695466,1.8595392470528658
770,0.43054257869163853,1.1999664838186364
771,0.9715232827703629,1.7170645205851351
772,0.8359562829852696,1.3033294293867803
773,0.4423871691710244,1.6410295494080709
774,0.2909086243349754,1.1932231462777088
775,0.5709600412087712,1.055250769916066
776,0.779686566740239,1.2829689447935944
777,0.4157412885137204,1.6218075985607234
778,0.48724859157776146,1.516420075456912
779,0.658965064881413,1.1441284570024295
780,0.5013178996303064,1.3273211429928073
781,0.886646029188216,1.467800382481053
782,0.6093300242805423,1.2586325294555039
783,1.0493459253553457,1.2493055917014897
784,0.9053842571493778,1.607129841658558
785,0.7771501418165566,1.0644508552041048
786,0.7632594703388726,1.503566143141518
787,0.2682962520573017,1.2105934599774253
788,1.0248807938809017,1.0549471259546057
789,0.8861135785733449,1.2222423820959571
790,0.34698219003006003,1.5693227088829773
791,0.6949340961480416,1.4160223879421805
792,0.9804373784060828,1.5204077063586592
793,0.6377547380874155,1.3527486754640035
794,0.7848392978926326,1.3503551137797074
795,0.9593468552222517,1.178123209514013
796,1.1762701260668254,0.8589912070844796
797,0.640019489238376,1.735421745756329
798,0.642910155438161,1.4434307306951086
799,0.5935914090633208,1.0753968175334838
800,0.16153841951806816,1.0457136456065357
801,0.657597206031974,1.4034452308816414
802,0.48911500110710093,1.069652004179436
803,0.33508176368345444,1.3128720536170229
804,0.635887154474153,1.5538083654466277
805,0.3143267468039622,1.2226575521751488
806,1.240747067477274,1.195042278762651
807,0.9115575143713316,1.2506235580512377
808,0.942753684889085,1.4400787088391647
809,0.5202800817093357,1.7244162288787603
810,0.30205899799143576,1.4320061223739544
811,0.7949982825391154,1.0497798697901672
812,0.5571560532831966,1.507388245826683
813,0.6815261359889273,0.9903377267028008
814,0.6915899309493684,1.2794592853764284
815,0.4410008022429864,1.2314547937785063
816,0.4009179714666771,1.5467776743607944
817,1.1162320352395634,1.6042911608179808
818,1.47093843724915,1.136237427608226
819,0.49632813012448673,1.3410368948708982
820,0.4517143412975105,1.1486271726393458
821,0.6647651298391667,1.6312516845828573
822,0.6862170289803281,1.2502325063045412
823,0.47263607301025334,1.3169604199919416
824,0.4182773332394321,1.3882097819773316
825,0.9354323333716839,1.25686194918009
826,0.8022649469877996,1.4925347986630348
827,0.5981305061950996,1.1587689922137363
828,0.33659653025217495,1.4671048758448049
829,1.4056564328628827,1.1203051477949515
830,0.3727990438486085,1.4485950093667577
831,1.0370803988023172,1.2689430490449403
832,0.4893873314726457,1.4166821561524379
833,0.642724812052027,1.1822019724744242
834,0.8398429765514881,1.2815209515619155
835,0.7989886680860311,1.4372350219293106
836,0.9723670266711939,1.4660711136592217
837,0.5952129501310985,1.7275840240096347
838,0.251829193300853,0.9315373054093206
839,0.2918131619778267,1.6349593623091192
840,0.14812100738175182,1.320267078482249
841,0.5381659083427879,1.3565093779385287
842,0.6156304624712519,1.3959237360896415
843,0.19643318454139688,1.1872518490418793
844,0.6184123589194374,1.5112097949344103
845,0.7722643572166177,1.6307993534482863
846,0.5774931596026772,1.560619327337481
847,0.9772529067354349,1.1924589447501197
848,0.5244694056284401,1.3363745126956954
849,1.2568210062422005,1.316029996546273
850,0.441804983291626,1.6409331563145617
851,0.2663093885556006,1.4641877246054453
852,0.7290280402209944,1.27678608979554
853,0.5117486306748568,1.585728346485702
854,1.1147989049106566,1.494082136842976
855,0.5026544984835152,1.5562456456669749
856,0.309629713251089,1.6277724053624127
857,0.5231091890791061,1.5803241495501006
858,0.66859255832241,1.1755954567774396
859,0.5774937871643214,0.9359313113239327
860,0.4540681383514035,1.2951798513729607
861,0.7381388330483727,1.5392685085601494
862,0.7219383186535892,0.9510665683102899
863,0.7789585275892497,1.4292148395120188
864,0.9295962783522604,1.6074693990017064
865,0.8967431709694186,1.8560161828399633
866,0.636994255797279,1.364185163855399
867,0.5507730622909637,1.7248222101631001
868,0.7566421132668412,1.3344263475812133
869,1.1239180008652643,1.251519792141178
870,0.49863210131217256,1.1924074104339626
871,0.5737527908752741,1.6856107711599546
872,0.6165694516877954,1.4500717192234687
873,0.8086940868659557,1.4319395341322205
874,0.948240546814484,1.4871517060834516
875,0.7354723875340323,1.7608533921793617
876,0.7916234290839663,1.632152501424574
877,0.8055585653787397,0.9812455052477635
878,0.6028080989434771,1.440015049466293
879,0.6315135232538983,1.5026183764857766
880,0.4244352863581055,1.604346591746539
881,0.26856795983708565,1.4077602873282755
882,0.3658252692503835,1.2536546905747392
883,0.32534189662981583,0.9862619524273297
884,0.5450611168161893,1.3774992768975807
885,0.7085434398405223,0.9875302899377059
886,0.37478183604796644,0.9187710130855036
887,0.5481624799057063,1.407087289492683
888,0.22517500584826322,1.2986923489829891
889,0.6377659640941025,0.8102021468843412
890,0.7337081758284775,0.8791006907540577
891,0.6576072117708639,1.2671148175965798
892,0.7283231791010537,1.3857702244411874
893,0.7662666329572067,1.2858952410846993
894,0.8801209414385646,1.2645622163684709
895,0.22958608967702976,1.72163904037809
896,0.804586732397111,1.5940414667741254
897,0.9488888436022634,0.9411453949577311
898,0.5462591463653422,0.7711326862027181
899,0.3702061793600276,1.403246925579066
900,0.6090552833733093,1.342252931381163
901,1.085634656228464,0.8765826130077734
902,0.5943398845022608,1.643805503932148
903,0.7030796698279603,1.6169161059182986
904,1.0232951873768328,1.4262870562180106
905,0.44423075228880526,1.5370777211892144
906,1.1007576289171699,1.7065849744553414
907,0.6759970883060757,1.4545339258271777
908,0.843074879560248,1.685760978945401
909,0.6276438195263129,0.7543867359105165
910,1.041680619513741,1.3469814563787386
911,0.5010969453895311,1.2368517057919677
912,0.5393648933462096,1.4292969253275558
913,0.6441359466228467,1.2944271786290902
914,0.3767189046824571,1.494463583454149
915,1.199950956113433,1.800682543902965
916,0.674417598972807,1.6292224665631077
917,0.11386123435157881,0.8215993184586108
918,0.7190041946762801,1.5250744176852788
919,0.7324083760345407,1.342784289336537
920,1.1189900722130681,1.646642126037368
921,0.2985566715595395,0.9369854683492616
922,0.15281824799050855,1.6581137562119785
923,0.9030895324615925,1.2624937385376502
924,0.6601479255442485,0.8294053740704272
925,0.8089577957273404,1.6572031379448107
926,0.9771654332415761,0.9862444923114566
927,0.5620367326007696,1.5705709998358017
928,0.43179115750721947,1.3308275629967405
929,0.4659390684785356,1.7396765122731983
930,0.7388855000248962,1.6616194778936062
931,0.6627276449304399,1.8376851878128189
932,0.325851313837474,1.454375182428516
933,0.6892175612384971,0.8823263653653544
934,0.8056871954548424,1.6723203671613898
935,0.7641512450904184,1.470071464931742
936,0.5854496919978315,1.3131848481196364
937,0.4032336169807453,1.5050089602366603
938,0.901176731595613,1.2073401619965403
939,0.4574646230189371,1.4860755836909718
940,0.5090251704691529,0.8367971270400334
941,0.6701095945936195,1.4412374684252802
942,0.5942451143066444,1.4389033312961272
943,1.2227329360982664,1.7928294076028388
944,0.6453833351495969,0.9909298524609793
945,0.21764191082576798,1.7302008244767206
946,0.6188862876080028,0.9980153881043567
947,0.9259276331114563,1.5967917454981533
948,0.4969716169352288,1.1091092128991855
949,0.5176955399237201,1.8912436980700646
950,0.9019452287582406,1.7553572634904775
951,0.52351435231359,0.8814981848224341
952,0.5317733141265152,1.2972521010646563
953,0.5524653096360724,1.2992512915617214
954,0.4558647312712019,1.2581219767281497
955,0.9677380067083383,0.8602793170696335
956,0.6926634510232172,1.1386983671018784
957,0.5992756203997598,1.4148066444746217
958,0.34558136147627005,1.3724555853092362
959,0.3258752539552833,1.692861615295906
960,1.1529018868945218,1.20084168066506
961,0.22198326039779256,1.5569805093826536
962,0.7252635536857959,1.3413622951853275
963,0.688376288541226,1.4396388130046982
964,0.5028617757670459,1.2640180658933404
965,0.46410567045034146,1.5429443763433401
966,0.697824762505212,1.6154365556421484
967,0.1530827871525565,1.0248594946342222
968,0.5775259025150603,1.1851628120893745
969,0.592524926333346,0.9136990662254338
970,0.5098454659373298,1.0115268969233777
971,1.1675956923006279,1.0178831689817645
972,0.4304002717017335,1.7360652426060226
973,0.46857076497683875,1.7345125801113572
974,0.5756401334769047,0.9830591220214266
975,0.7189065071104024,1.5199167696902967
976,0.303448519844298,1.461453208698658
977,0.7130673183437611,1.6315917562472368
978,0.6994696195182045,0.9866078392863078
979,0.8158766622755866,1.4176487370134532
980,0.45116615127767057,1.0570625345961977
981,0.32413505636952306,1.2356383638141155
982,0.292344951081532,0.8134065983431058
983,1.3981307743059839,1.3378945690221022
984,0.983228313555452,1.160460064543154
985,0.9799233297541333,1.1051997163823886
986,0.5245293465415704,1.6478903036762083
987,0.6031714983598995,1.3616777504718058
988,0.8880774632156087,1.4103870666248022
989,0.5678326682227984,1.022401501188252
990,0.3772240143515455,1.6252585717212347
991,0.5772130490974849,1.5366153986139954
992,0.47772713662149874,1.4999439066669227
993,0.9042291331546508,1.119224062351046
994,0.543617464489555,1.4334378727675567
995,0.308267893882106,1.5513847110270418
996,0.6573463647753655,0.8628758185136909
997,0.6286556378688919,1.7002200357424462
998,0.9156897039055614,1.610418894717644
999,0.47801003751823445,1.2019099189602191
1000,0.955523341296316,1.2229035907945471
1001,0.7497296532351142,1.4570934083797198
1002,0.5506953400904049,1.5878838580641632
1003,0.6305156707647308,1.842773099963304
1004,0.8704052589449138,1.3577157646611067
1005,0.5081914352933943,1.1845470582270847
1006,1.1796272229649019,1.026753244618734
1007,0.7322475667240758,1.473055837247795
1008,0.5079097678037576,1.5190799635711159
1009,0.7297721179759412,1.7858151508426365
1010,0.382430744494565,1.1906417648937553
1011,0.6789419453134645,1.0934117411310904
1012,0.2029331928901981,1.2306611041253954
1013,0.8915503472649309,1.4144514605755623
1014,1.2243511723967593,1.5524550466722813
1015,0.5168196717660002,1.3688988394516781
1016,0.8442512236480679,1.2146536119422833
1017,0.7311527386124177,1.198425167357238
1018,0.9863034747498186,1.433172472976815
1019,0.5896857046378812,1.3670465945973136
1020,0.705490573484563,1.6233134123477766
1021,0.3287135787152843,0.8949951334497401
1022,0.40587731362741236,1.5493368416142077
1023,0.5833695984100633,1.8228965953758087
1024,0.7969708776530169,0.9758171071294688
1025,0.5994434865808553,1.6279159486188786
1026,0.4595474397124244,0.9245950654495136
1027,0.8938603761980308,1.5567359715818
1028,0.7105131955861923,1.7129936811374007
1029,0.9924328282673032,1.1007409683710672
1030,0.6621782775347826,1.2527344694609157
1031,0.6481707497876685,1.5755357267439778
1032,0.3635279462075115,0.8957074138913879
1033,0.9197835576494486,1.6563793845461106
1034,0.27185435471788894,0.7377955094041093
1035,1.397814414663407,1.5891245585559437
1036,0.5218800284654771,1.738897357492041
1037,0.34246311339613056,1.5224178234878456
1038,0.2611958867578067,1.0786171688128454
1039,0.2664793341336336,0.6844953411403916
1040,0.28108508004961585,1.1178786265792777
1041,0.42339878897502226,1.2440777569784691
1042,0.7951559531227892,1.5533932549168403
1043,1.2379599122714267,1.5128774199155588
1044,0.7535723175764266,1.5184037346938581
1045,0.7024033060424788,1.685230930546739
1046,0.7966791258864362,1.3413285860088988
1047,0.9448693607655735,1.351336476795536
1048,0.63176088871807,1.0633660908478868
1049,0.538509441054475,1.3289486550116096
1050,0.6437798446594516,1.6106300480172304
1051,0.7640968702994191,1.0953442515350604
1052,1.1513361518604737,1.7232736123535666
1053,0.7070690060660224,1.5051400288875907
1054,0.6417997121283188,1.143057507404066
1055,0.29710808247215653,1.3888782483573971
1056,0.6297265124743825,1.0865386548782678
1057,0.7535138431041124,1.407989335382188
1058,0.29429705320222327,1.3237235478744593
1059,0.339391433663642,1.0740722521481652
1060,0.5398190424870932,1.5235457231048277
1061,1.1041371598339644,1.179000160513099
1062,1.2297450334514664,1.3770602579817495
1063,0.6556328778527691,1.5166046404183258
1064,1.2008370424282409,1.1837338528931927
1065,0.798158372187218,1.3507470607465781
1066,0.7501261013149582,1.702780725887937
1067,0.5684920247812663,1.5845340997066297
1068,0.6639639053501425,1.4142816279509476
1069,0.5681268815836497,1.5004001233265327
1070,0.8433939470205934,1.096585140479644
1071,0.9104131421390163,1.4557753277858243
1072,1.068021894445894,1.3813785803034937
1073,0.6268712079385855,0.9295202339691999
1074,0.6812349293756007,1.5258623544615848
1075,0.4645114722468103,1.0839884411864738
1076,1.0401007891401968,1.3097563500893052
1077,0.8395996934236516,1.056904512897641
1078,0.6617969717809604,1.0829173907668594
1079,0.6302338781112176,1.065673754889004
1080,1.052523061325781,0.9861853999306494
1081,0.535955570039063,0.9819393344372329
1082,0.5064397088743582,0.8243407140928423
1083,0.09914605331267046,1.735556362636078
1084,0.30429027825568344,1.6417846850147098
1085,0.2101603691991515,1.0358202727511319
1086,0.5137617758114256,1.1002907199264857
1087,0.9059374344921431,1.2083001141985448
1088,0.34379249573640436,1.6487098689191353
1089,0.41414834411332463,1.3679821722332837
1090,0.3397069671866483,1.5452164345909774
1091,0.8665171527289771,1.4383660656617518
1092,0.5851903020346024,1.3499059511891
1093,0.8977972884334114,1.2466293661859835
1094,0.7182563967292281,1.3220167068831037
1095,1.0451402175392388,1.0993334278224105
1096,0.2430786480511889,0.9393748777197939
1097,0.87076204911835,1.1790084524604443
1098,0.2939923690397298,1.6023963912090622
1099,0.307643101176819,1.6270590872406236
1100,0.8933693658281937,1.5767098370018289
1101,1.1172642204823147,1.4568724772327886
1102,0.6028073114955824,1.2297547606392136
1103,0.9732630366186724,1.7250372903207827
1104,0.5598133242826069,1.6950186954666855
1105,0.629682913576214,0.6584492395063655
1106,0.3461893990699617,1.247704777150876
1107,0.46044790403581315,1.5878610870795802
1108,0.984307500696834,1.2699374040058362
1109,0.7640004371721745,0.5764757834784737
1110,0.8408411201209166,1.1728060096395714
1111,0.8938768218282801,0.6101831693822082
1112,0.6568393586548773,1.174432436956703
1113,1.0224601045885007,1.0938494954579272
1114,0.6331934652570561,1.5323417736115883
1115,0.6111458471135673,1.4163492127880368
1116,0.6146515574138549,1.1343525933664327
1117,0.9062549221197006,1.0976144307988625
1118,0.4405630126942245,1.616433042671955
1119,0.6621202009341915,1.3167125055593516
1120,0.8485609671404499,1.4367407700658377
1121,0.7451695100507936,1.5791315765378806
1122,0.6655468290243942,1.0970585543031965
1123,0.9106763448292357,1.1191752211658486
1124,0.5281560219663456,1.323017746539208
1125,0.6578147524492063,1.5148311195012654
1126,1.101641898867887,1.4780018524473832
1127,0.42811525594177813,1.1454775618550852
1128,0.6699594137007892,1.0645279538304182
1129,1.0815504503222169,1.1584174156159586
1130,0.629023649432061,1.4514135818991534
1131,0.8598859783586587,1.205223759310024
1132,1.2744561243379173,1.3364931423907538
1133,0.7818884821930404,1.7561146686872802
1134,0.5262115335832264,1.854834047419442
1135,0.6206184148603853,0.9621420302952952
1136,1.0049241471501107,1.7723474625460849
1137,0.3745769733795633,1.457067949352306
1138,0.8570707207894631,1.549959927115693
1139,0.5388286881080641,0.5530869676570966
1140,0.6117704393287803,1.125136581110324
1141,0.814328318587924,1.6066917836459367
1142,1.0263306322786956,1.2503503544982038
1143,0.31311952157513134,1.2353259028948682
1144,0.6931590243810661,1.693116375303382
1145,0.7567390577334938,1.029904007318888
1146,0.8115409987603374,1.4539849218710006
1147,0.6198599870250481,1.2099658533778088
1148,0.33549467581404896,1.2577481883718642
1149,1.0153704441469775,1.449173461041939
1150,0.621283243906921,0.8896654144689276
1151,0.9475575575307871,1.3787989327711565
1152,0.5440318709441982,1.405232628474339
1153,0.477842547748045,1.5605819218244155
1154,0.9593133610522174,1.144918826237034
1155,0.37741076222385933,1.5390970535783688
1156,0.4607962422413756,1.436519900547071
1157,0.5988552829709468,1.5615602142819078
1158,0.1804886916215484,1.6868695026439056
1159,0.75188957175749,1.296491921712562
1160,0.5761209157142547,1.5897379351237912
1161,0.755887882279953,1.4066218458015678
1162,0.2914437955033404,1.4766489202251778
1163,0.6183576433196106,1.5659167554194795
1164,0.6582103491133713,1.0317543769293676
1165,0.6353757719852754,1.510687728754852
1166,0.6329179410997083,1.5570509623246573
1167,0.7267896072402348,1.2008917646719948
1168,0.6706504273144661,1.07257681024291
1169,0.6842706117535818,1.493581719460392
1170,0.3489179750629923,0.988936739161862
1171,0.5717485678534638,1.6949336573338503
1172,0.6565803788732443,1.4300332042691442
1173,0.24940521727098344,1.8068415198088208
1174,0.8258021966389152,1.2296779833121076
1175,0.6625286987979336,0.9051915339502659
1176,0.9673862502116003,1.5539174776283682
1177,0.514732886894654,1.2118631532843884
1178,0.8145251020923084,1.047139630310359
1179,0.3940178743522685,1.047455006910078
1180,0.5792348791505405,1.3168028869784774
1181,1.1075713604353619,1.6414874480794355
1182,0.988673124784366,0.6266598457068338
1183,0.9846225918708396,1.4529468151778107
1184,0.33072462159714255,0.9581567150100971
1185,0.8423171301041051,1.699769012573813
1186,0.843167176286862,1.006597048890968
1187,0.4101807480168577,1.1703580400545999
1188,0.6629477760080372,1.3799614024869344
1189,0.26571664503078535,1.469298766312352
1190,1.0096197855652864,1.3027099105859725
1191,0.45082649033837985,1.437091265235047
1192,1.2018332593807985,1.3376572118078784
1193,0.7884636198362636,1.5622564215610624
1194,0.49449522573743154,1.6085362066131008
1195,0.7241799401137808,1.7127795749497912
1196,0.7219801678805919,0.828314116288206
1197,0.17277800658933393,1.4102093649925802
1198,0.40881602777798914,0.8266512475097114
1199,0.7957088399301282,1.1349954468810193
1200,0.9875571421233144,1.4634837203426705
1201,1.039672698649932,1.271363255215206
1202,0.4280036495648917,1.1517962539065194
1203,1.1572709356278292,1.098740945575561
1204,1.0871606486959022,1.8542498639928402
1205,0.5736536713547254,1.6661312114199027
1206,0.48490401919244697,1.5358555560299323
1207,0.6512251946341663,1.4512583679599564
1208,0.5256675661786712,1.497449397273674
1209,0.3632938680838427,1.5519694162261146
1210,0.4951081122065968,1.651302597575439
1211,0.40574168801654037,1.8176914579888594
1212,0.48704475035865086,1.5475503874555192
1213,0.4079604360838538,1.3900100923595036
1214,0.8489759005135434,1.4085660068653219
1215,0.49590984162884677,1.5088711944681874
1216,0.9124258942069658,1.5535078524040171
1217,0.4308915013685989,1.8840700776915387
1218,0.20816906429363313,1.174386326780989
1219,0.8466014735305804,0.8923099897226425
1220,0.22125021411322024,1.1409474040938754
1221,0.11732451649709737,1.676359133593998
1222,0.6637766194722858,1.4594511063148259
1223,0.21277282288272992,1.303804259438051
1224,1.0049604768199407,1.3773701741505442
1225,0.66780730544484,1.4934749249179764
1226,0.639865945335289,1.6384083534392613
1227,0.5942400385465307,1.21790235891396
1228,0.9299185024877632,1.4549340644847737
1229,0.6731461241450418,1.005367749111259
1230,0.2443714917667206,1.6004840530126068
1231,0.6808489410948214,0.5654117465583255
1232,0.6643377301898464,1.8291609423778434
1233,0.5611147743030143,1.551520419298623
1234,0.4935867976273298,1.3762615023303693
1235,0.5279439560820904,1.7343779977464222
1236,0.7394390424688323,1.6510433378663545
1237,0.9459971527682162,1.022110303833568
1238,0.6224926521746906,0.8606839646970177
1239,0.7481918000639433,1.628008519784764
1240,0.5638542465034119,0.9423179560166561
1241,0.4858204200523991,1.3796347349641005
1242,0.6485262603628733,1.5045967636126472
1243,0.8010412965544929,1.0469598782073626
1244,0.6675873033978644,1.4862457891852425
1245,0.23059373878842293,1.503928111783673
1246,0.44120102628415575,1.427090729249529
1247,0.23866718341729762,1.4886821990782981
1248,0.5564700038749311,1.4586798684636162
1249,0.46888079338517175,1.5054984083956584
1250,0.7135426790154381,1.2015990570037052
1251,0.35771232208261133,1.4888471355524309
1252,1.2635933762069298,1.3782234462057126
1253,0.5834652652646944,1.1469131125235066
1254,0.41841718467299205,1.302056188679421
1255,0.4169290575244597,1.1822665156194265
1256,0.6302949767571576,1.295569076369659
1257,0.5013218597885225,1.7067377263391579
1258,0.41262208170895986,1.2980444659755745
1259,0.7337978613682012,0.767170833166676
1260,0.23163875302226578,1.5836788630435306
1261,0.716346736405114,1.3505557295006807
1262,1.0716477452798738,0.8180084807846726
1263,1.1704619555951352,0.6256324854243189
1264,0.2571164678760394,0.8975389457903544
1265,0.8457216437824692,1.3780533299957163
1266,0.6804033349458553,0.7522210582864299
1267,0.5823163516062778,1.8105683757844406
1268,1.378757957888739,1.2579205233682735
1269,0.8352255484307028,1.8389313815078134
1270,0.7331269775992748,1.3519551592984995
1271,0.6086140164315709,1.4401602961172624
1272,0.9373506777191365,1.4474936904492264
1273,0.4557398417522529,1.4387255084888166
1274,0.42852384970948215,1.5618021640895665
1275,0.5445571465387579,1.6542860829729777
1276,0.8937347023953022,1.7358562026994142
1277,0.677931497944675,0.4854645967472746
1278,0.6846228879866303,1.2517613867740027
1279,0.4719724441077281,1.597679011195328
1280,0.5322514523330442,1.3645594501883231
1281,0.16359694344896925,1.1346992744832738
1282,1.0176939165435466,1.5843734958980331
1283,0.7074431404312019,1.3395134291559962
1284,0.21313789438740974,1.365071161863912
1285,0.23401706212213622,1.6817039415495612
1286,0.6151896059928426,1.7140390548968722
1287,0.788510294232517,1.2781142777707635
1288,1.1044486270906815,1.236127090363873
1289,0.24561744075115055,1.4490418758509236
1290,0.8355878257489121,1.4410411353035841
1291,0.6285879558281713,1.5315027203360592
1292,0.5156278523996732,1.2563942998707662
1293,1.1489904515637124,0.9728020555048273
1294,0.53018316840575,1.1588273443703199
1295,0.2830761276057984,1.6390564027530576
1296,0.5080386601662673,1.412856559246033
1297,0.8074592254287691,1.2479394799986792
1298,1.1513357089225134,1.7096393332229571
1299,0.3210792819804229,1.4379037091046574
1300,0.9910028159774823,0.8405514865442987
1301,0.08880857720718945,0.9862610637346678
1302,0.9669117437314944,1.0255584774954118
1303,0.4465911534478683,1.4582295226753201
1304,0.818695957010831,1.5444467858830586
1305,0.6562693010687948,1.3303593620535108
1306,0.36298635536206325,1.3450764379410924
1307,0.860719537758295,1.1669251922427646
1308,0.9534682454203458,1.6541832770048086
1309,0.9097889750225696,1.761951784222544
1310,1.143720497213179,1.5991040807658083
1311,0.48729456371469926,1.665195240392749
1312,0.6020457482794498,0.9706048577490787
1313,0.7056956338241354,1.429682707750343
1314,0.36842728512850154,1.7942359293698138
1315,0.6290361382518205,1.116303199606755
1316,0.35713537137864615,1.4649713201216343
1317,0.7787883530116569,1.7559018376980173
1318,1.2755623558792104,0.937106994641812
1319,0.7026348386347114,1.0946959273642212
1320,0.9562181540309519,1.2816394922327423
1321,0.4879400712999676,1.602796524567476
1322,0.2716796840530867,1.6657365147540109
1323,0.2590937566083334,1.2317874816261147
1324,0.3489590970581943,1.3047907440898494
1325,0.7074811996873882,0.9881290448262139
1326,0.48631455337673857,1.6606665992535528
1327,0.3020400620620772,1.425379693579737
1328,0.7464361919402429,1.529517502279153
1329,0.5618929952135492,1.4861878555970232
1330,0.9240599270868468,1.286361597920115
1331,0.7929732683715777,1.0149994340407926
1332,1.0468866126189236,1.516548681798617
1333,0.9168025490188171,1.077523979640178
1334,0.8859292070736857,1.7713415071622216
1335,1.0587154091606528,1.2013895377492818
1336,0.9689830953979273,1.3168271819592654
1337,0.7679645797949518,1.7197922844418414
1338,0.59773833938691,1.373275314304423
1339,0.6859499986275301,1.1381741845307647
1340,0.576836726931123,1.1494383402762915
1341,0.6662794236368983,1.1950440036402354
1342,0.4762912755317251,1.5279922377109099
1343,0.6745638762565626,1.5397890435582826
1344,0.5382705698486078,1.0347774125373395
1345,0.8765933657181868,1.3775859065993723
1346,0.4471250150529183,1.6827031557921157
1347,0.3397399918085346,0.8820867431138271
1348,0.5742934158035539,1.6698895121507804
1349,0.9711338783446091,1.37590066282249
1350,0.3664912333590174,1.248650075118448
1351,0.985293153766553,1.3954294811051122
1352,0.3817370305327281,1.195490105668443
1353,0.41024301478252984,1.3244186277358043
1354,0.639467366499137,1.2752477777172015
1355,0.34169548338725286,1.412794927219326
1356,0.35808473592788087,1.24774123248044
1357,0.4176615085941788,1.3255416831124516
1358,0.674450066420486,1.3356629373003446
1359,0.5892937932865506,1.3697059146575645
1360,0.5298593468890758,1.3028704093183618
1361,0.5776857255743665,1.1046313128446648
1362,0.6018099515590367,1.593964284586955
1363,0.6226672010077974,1.069113338878508
1364,0.308097857393809,1.5302558608439576
1365,0.41627866167526184,1.5289867218352295
1366,0.500523903481961,1.6924549102886126
1367,0.37245186369652866,1.4005518917094943
1368,0.7705499856196176,1.6141750377417579
1369,0.7760669794400751,1.1354921136639495
1370,1.0957227780828822,1.4598479246219878
1371,0.46032359845599363,1.363288296998031
1372,0.790588417220069,0.8904184796203325
1373,0.279022371099969,1.6095208386973763
1374,0.8121436697995114,0.9913552429626649
1375,0.294021638384706,1.4799758020208813
1376,0.02461847384800149,0.7556961939388804
1377,0.6220789033073033,1.694316936211536
1378,0.604304335564823,1.376445181808562
1379,0.5490841773617028,1.6588025103264121
1380,0.8283710318363358,1.3780490254414968
1381,0.5560140418372113,1.5779940013684661
1382,0.826829259369154,1.6134852127239512
1383,0.5997105583984206,1.7012083665024667
1384,1.1312944373568086,1.340168532202809
1385,0.47000181323678003,1.303253479259062
1386,0.9431830090328708,1.5877377589041406
1387,0.5607539590816466,1.3808741088300336
1388,0.6241147327743135,1.2970311546151732
1389,0.23300372904616581,1.249219095447943
1390,1.155194389463349,1.1405036501287906
1391,0.9199786438182295,1.2132933656922602
1392,0.834248189835749,1.313818193151264
1393,0.5046702733564326,1.8132671939913394
1394,0.41147758018892344,1.5357269165964322
1395,0.5477922649293555,0.9210503999384947
1396,0.3922527340851599,1.3266824652771325
1397,0.45947959179500425,1.1720387843819688
1398,0.7108779038416241,1.004972608626368
1399,0.9075977304659897,1.150698726377309
1400,0.6720865657198453,1.7687576474925386
1401,0.6313948779711132,1.2282049154650356
1402,0.37668560632795617,1.4500708405749192
1403,0.7555876529026962,1.4738436834181297
1404,0.6343258322877922,1.2526618466339383
1405,0.8876786757540162,1.730153520732674
1406,1.04714478818547,1.4696768682836807
1407,0.15213204100738767,1.0824151122737367
1408,0.6004154828557781,1.513474482553567
1409,1.1103523372868234,0.9387418000643801
1410,0.2621677167392376,1.5559102381346526
1411,0.48733992958308536,1.5714056256385172
1412,0.4970724617317366,0.8978049251536899
1413,0.7209182651412673,1.6026706500176777
1414,0.628242537248493,1.635041640533788
1415,0.754982252128034,1.54271511875283
1416,0.29323042175058,1.2331145289477758
1417,0.31234743886820615,1.3217244542269246
1418,0.4426191825380162,1.3939719909229868
1419,1.1548861451883135,1.0975037842542315
1420,0.9914298309877956,1.339130199949386
1421,0.7094227796418582,0.7889524425762879
1422,0.9510108092200233,0.8759549820055457
1423,0.3661763209981716,1.4829267226912666
1424,0.5112066190324484,1.7065679999673287
1425,0.45707190364087597,1.6007076371161966
1426,0.4727253610943166,1.03667269761651
1427,0.7895406066225586,1.417585364762941
1428,0.27279199478679106,1.0837635688777092
1429,0.9671190288123915,1.1052541216742715
1430,0.35566056294857856,1.1131248285392972
1431,0.3006364821458987,1.0888911486421726
1432,0.29325263917838607,1.328197011154054
1433,1.1759374355653622,1.4923516696956178
1434,0.8825914245734183,1.169077805683055
1435,0.9607062251500403,1.4270321227952398
1436,0.9842891669279904,1.4084627193659554
1437,0.997508653706456,1.6577678842365784
1438,0.7033102818002526,1.2684493076527636
1439,0.602968614634816,1.591626965357396
1440,0.8134814322860296,1.5384724932181832
1441,0.683669940616182,1.777856010413865
1442,0.5140942554648646,1.8054727587231503
1443,0.35731965182124914,1.4614990672683001
1444,1.1370571460206083,0.9338294017090036
1445,0.9235112723649158,0.7766222234161673
1446,0.36074155547511816,1.6836142619324421
1447,0.7896064764041218,1.3517740737339397
1448,0.41467655063641023,1.4832818969766972
1449,0.4108020264763242,1.272195423536079
1450,0.41667461628778596,1.336411474723611
1451,0.8436771487130513,1.299243786980189
1452,0.5564731803380728,1.31249924612627
1453,0.6864049192796579,1.1624778701262497
1454,0.4317913401994706,0.5589441219118967
1455,0.5748663211600084,1.4633883416241675
1456,0.2693998074123656,0.8933953857719614
1457,0.5688780829628135,1.0764811568018766
1458,0.9680223934168571,1.3658929607947405
1459,0.40890024855878204,1.5686449804689644
1460,0.2864273106750562,1.7453622867716605
1461,0.79824772609111,1.2357544590454808
1462,0.6533462025735437,1.6161772869807107
1463,0.43929505026638677,1.3996235558224384
1464,0.8748121167070032,1.450302414846535
1465,0.6438743399806404,1.1986645294633298
1466,0.3055007272447563,1.3228221031949368
1467,0.7780021103760395,1.5664469351125394
1468,0.27411552010693413,1.371704246008639
1469,0.8156047028011588,1.47831002081162
1470,0.8988602165891644,1.59223688651418
1471,0.6672015431867515,0.8299518645828914
1472,0.47058230262047585,1.4438797900499956
1473,0.4912079449899348,1.409687644621513
1474,0.7262290467657094,0.960783911933587
1475,0.3678502668656318,1.5670636130359108
1476,0.6520419369504836,0.5296590229729572
1477,0.7055094523133852,1.1856378226388515
1478,0.29617089218808806,1.5449117276265878
1479,0.49363321970095825,1.9094915964439876
1480,0.8747437308134854,1.552152815932757
1481,0.3207013603894942,1.4864481119001363
1482,0.990054365589877,1.4836275090309923
1483,0.655361715427641,0.9845921842270968
1484,0.9486697744288147,1.7965870786832925
1485,0.1807935840940572,1.1263197396648692
1486,0.5573535230703195,1.6210614605800178
1487,0.7188526309536023,1.4726502581158618
1488,0.5293827440788742,1.691876329151925
1489,0.5245191562369603,1.576015587921627
1490,0.7142830372006288,1.310169958446855
1491,0.825967600917693,1.3067660795439795
1492,0.7968031283395802,1.2381383365220056
1493,0.63727033837769,1.359328420205923
1494,0.9464779099891626,1.1627216540726577
1495,0.5171815993261282,1.1939809679458042
1496,0.6907528133988655,1.4965286609094788
1497,0.16106215444954794,0.7182481178883457
1498,0.5786213251643819,1.2648217255549095
1499,0.769854537341911,1.5776368974001187
1500,0.13487776403462398,1.5935124140950494
1501,0.6332319854870893,1.712445194054159
1502,0.5664274212607114,1.231509305635193
1503,0.9971611384190621,1.6857961510138204
1504,0.10126557780818053,1.4159766141745584
1505,0.24504893468595776,1.6505480677664053
1506,0.599748476699989,1.8593866388382811
1507,0.4743254717816667,1.1907224409755228
1508,0.6125068650970129,1.7919940661518032
1509,0.46037287047346864,1.4129997660102616
1510,0.39324727569232837,1.8470236683741363
1511,0.48823357191243466,1.3697746075037038
1512,0.75261805002106,1.4672631211417508
1513,0.5986474386799242,1.319754178680336
1514,0.33243736948756364,1.7774822861056132
1515,1.1128240096445086,1.6918537203370714
1516,0.3179814340448541,1.5839391073399618
1517,0.27076910424510403,0.5601111259958387
1518,0.4519517961254349,0.7977651283010223
1519,0.9811648998874162,1.4871844213101335
1520,1.4508525709468203,1.4450888739132677
1521,0.5313694431010436,1.5016396448598204
1522,0.48979298116803427,1.4017091415259686
1523,0.5818362401240651,1.2796257889989398
1524,0.6042700504174218,0.977027336367331
1525,0.5437932247855092,1.1638629508428515
1526,0.5561888548535157,1.4265022247104548
1527,0.7479934327228099,1.4799812312519107
1528,0.8379965646011004,1.2644733458629125
1529,1.2973748705700578,0.9389092263766297
1530,0.7073669512942131,1.5168708242239104
1531,0.4137085830298217,1.6040729729956906
1532,0.7001875987585062,1.6704375410706302
1533,0.4764016270735351,1.345819276263528
1534,0.6057389648037186,1.673611209238332
1535,0.7139361792081358,1.474524693965251
1536,0.8267180789156068,0.7959412070370508
1537,0.42707098973243346,1.6794751286295573
1538,0.705519334146135,1.4331446723905852
1539,0.9171327870762414,1.558727187095391
1540,1.134326348371531,1.357442695005365
1541,0.24910413000036505,1.202214144329852
1542,0.4407580894217447,1.2430348561562095
1543,0.6581789909542293,1.1778539840685514
1544,0.4575304518581143,1.4950025087279168
1545,1.0218610251423597,1.7222567516136582
1546,0.4621555185979935,1.1004802794275732
1547,0.5441390000055256,1.741182325516331
1548,0.2898105225624068,1.3896078291370944
1549,0.6252755285631725,0.9355122977816965
1550,0.46569432293604296,1.591126480176229
1551,0.7271514516067427,1.0764339576853252
1552,0.5568590233205537,1.6895446667534142
1553,0.6802021759668617,1.6389614000962238
1554,0.3437774948191964,1.75108281154262
1555,0.9326031268825905,1.8083030665795925
1556,0.7269377992323698,1.466354871370393
1557,0.6089029056134759,1.2986341594413349
1558,0.7469971317075454,1.4890764914605539
1559,0.9324904935924295,1.4234342936338242
1560,0.9876933715642714,1.3878470095450326
1561,0.9181429152083908,1.856733635571081
1562,0.858683999569037,1.1492867531645494
1563,0.5763230544844147,1.7554797071780301
1564,0.842659226193353,1.4158610130815985
1565,0.7818509229114688,1.6707475821982496
1566,0.3176127698897776,0.9860695882145591
1567,0.9375242696913304,1.1017532719809264
1568,0.4595730107456524,1.2517209607690338
1569,0.8731099199180685,1.0838451849061197
1570,0.49807358525153334,1.5264437679740672
1571,0.7967052192217111,0.5093407305231754
1572,0.8044983956361572,1.5125511586531464
1573,0.6217097635326365,1.342810962509342
1574,0.4829714446444037,1.3490331346055477
1575,0.7227473888079767,1.4599829820496861
1576,0.4594549755705837,1.798113785592
1577,1.0308637221490224,1.0504186410470973
1578,0.822600226480319,1.4458462602676498
1579,0.8214537306176583,1.484585859897416
1580,0.6720911116293418,1.1118602339278683
1581,0.4611240461758149,1.5270335814997025
1582,0.6403794702396144,1.713251243408818
1583,0.4130990831862218,1.2414959762724687
1584,0.6511267461431952,0.14952284666487525
1585,0.46578111733730293,1.1942733422748173
1586,0.6859648618608197,1.3819810770819685
1587,0.7384751365019333,1.3658585057762958
1588,0.47844711262998935,1.1506200490493368
1589,0.8918925161896568,1.219606550611172
1590,0.7765242696947179,1.5438743130709656
1591,0.9560014919429848,1.2225120199507395
1592,0.5179539979017349,1.803522465181262
1593,0.6838681114449022,1.1352444732094127
1594,0.540816680609043,0.9707557252998948
1595,0.5765103446180717,1.739324171716079
1596,0.8830833717760217,1.2058323993200895
1597,0.9410530121502069,1.4800644868241033
1598,0.8746420400441287,1.3176287803471443
1599,0.3039664061348083,1.2102438260569253
1600,0.5053698032668504,1.3202349131797808
1601,0.47490480938567403,1.0843108459067325
1602,0.4358978843057084,1.3499950640132816
1603,1.0121807850648463,1.8156438425423493
1604,0.8322165112270254,1.397446121841706
1605,0.5198261339434148,1.387797634360406
1606,1.0480486321568308,1.5079858494776037
1607,0.9885962498627638,1.6813734161267284
1608,0.19823132192939272,1.0157304614528746
1609,0.5400416445286014,1.3927657035648324
1610,0.7358927068143837,1.122761925307381
1611,0.6587359531482475,1.577088627617167
1612,0.5619935309002849,1.7210598512696704
1613,0.5019256961270067,1.0931373218544165
1614,0.4295576395145458,1.7227085424176534
1615,1.1112946636239978,1.2284448331051196
1616,0.7903841469270415,1.71943593812788
1617,0.6546889284673815,1.6277887646204712
1618,0.4479651673500961,1.5885218079988364
1619,0.23913392477956774,1.2556293586720173
1620,0.37260268249055334,0.9638836790236418
1621,0.9354169226332584,1.3601381465984
1622,1.1701287929279187,1.3994930859297843
1623,0.669875512256762,1.4440002064207578
1624,0.28577934366335683,1.6059552450916101
1625,0.4183445341428421,1.1248223298819982
1626,0.4158708081433344,1.2061233293589866
1627,0.6077296257607262,1.0068585204771665
1628,1.1927518972902322,1.154612631991732
1629,0.4700024202900599,1.7776334345022102
1630,0.6012945485931378,1.7001996607030654
1631,0.21005477288632823,1.3984211653387009
1632,0.8815183487191276,1.1475532659643073
1633,0.9222978321327459,0.9684878871700566
1634,0.3888245906120503,1.0939527312998356
1635,0.24413857865922664,1.5478493600918546
1636,0.538840128433878,1.3557091186130132
1637,0.8804891338620264,1.5684737046777781
1638,0.7904096266309819,1.6225209291165967
1639,0.826078976064416,1.3147005957881561
1640,0.5592538474263598,1.1848618223677223
1641,0.9242811385543462,1.261832852274734
1642,1.1628743560930244,1.4903028438257393
1643,0.14712070272678318,0.9059737638116447
1644,0.34931070709255296,1.5248075262062524
1645,0.37067149408660927,0.9676142975357105
1646,1.1404663574421063,1.262987127279489
1647,0.5103862923078839,1.450063315150258
1648,0.8367928223116534,1.8153290556549004
1649,0.31792441534061294,1.127212657019377
1650,0.38907099150768487,1.2601610822060525
1651,0.7525562288718501,1.6031547220601179
1652,0.5762005587178788,1.4273925358227761
1653,0.6018800800071038,1.3615648027965879
1654,0.08474233499010488,1.3571797556119785
1655,0.7983824291650226,1.5234749266615484
1656,0.7823740044399763,1.503798686646552
1657,0.5933490164948708,1.7756159476313416
1658,0.37804413058978825,1.4259370790073416
1659,0.36598170787497464,1.4431817592410063
1660,0.36278039768104314,1.3687027700808199
1661,1.0335128169863648,1.8169351815875374
1662,1.2977613702463882,1.3996397391893642
1663,1.2246465097385146,0.9246318328865397
1664,0.542884190930468,1.505763931670492
1665,0.06208692920082505,1.3932734146846673
1666,0.5475509937637122,1.6575118379391922
1667,0.2561283016001512,0.9203170358190347
1668,1.0825000807294838,1.11748756251915
1669,0.4520381271845713,1.7600961603341392
1670,0.3268722362427369,1.1298680949522284
1671,0.8973811307382596,1.3660109561553533
1672,0.7798551056598562,1.6805760808401322
1673,0.5055934195442813,1.6839979309049806
1674,0.3294468567258931,1.0390661778907717
1675,0.9215112031959509,1.3194889955934468
1676,0.7426713002185904,1.1043015829181773
1677,1.0095298589406976,1.0776892408814729
1678,0.47821547322469976,1.3557223492865504
1679,0.6528634529502408,1.3394037229166393
1680,0.9298455851225335,1.3769967997587251
1681,0.2891284244916342,1.2663761530752469
1682,0.7605116656125215,1.4196283949628652
1683,0.21540120898587262,0.9014820947238316
1684,0.7882690161743804,1.2493901035259343
1685,0.5852940621096854,1.827400282908953
1686,0.9626921697749452,0.9284527222168906
1687,0.5328339124593235,1.4366728539874773
1688,0.7827001628502549,0.7002641611590146
1689,0.9194734741391043,1.4955343235030085
1690,0.7492131458399474,1.5816747681546175
1691,1.0314800632848065,1.5764320108617282
1692,0.22300253521619856,1.6005697261228782
1693,0.20302266783123754,1.614670649799315
1694,0.8993853011062029,1.528450042695575
1695,0.3781041492892726,1.5465235754106836
1696,0.5372939698785725,1.2249906642126929
1697,0.7935569012182614,1.2816107529292893
1698,0.3839722012763823,1.4971257914354257
1699,0.9748229455631888,1.447675542739242
1700,0.6631522154379719,1.4862314490474398
1701,0.40552002223860834,1.6572815703249222
1702,0.39959203595137377,1.4721053059480584
1703,0.694099776399728,1.1703114228753335
1704,0.44660471967517446,1.8887858207644392
1705,0.7242386041873394,1.419999429611043
1706,0.8499775829506602,1.2889323903911831
1707,0.9677468110647083,1.6327340651329294
1708,0.7143221511055794,1.250957090162872
1709,0.9897841972661896,1.4696094235769936
1710,0.9125956330632269,1.6082779958255404
1711,0.47692511212738103,1.2264227194246986
1712,0.4918443453485483,1.37732353849313
1713,0.7340955256958633,1.4925762233705766
1714,0.9636493392173465,0.8875347475432747
1715,0.5584532653821525,1.4065011708375805
1716,1.1718749498371552,1.2745408052329847
1717,0.7322459160887208,1.1290322618964097
1718,0.5856619145562145,1.1876806876165937
1719,0.5402237764071627,1.0545880405596213
1720,0.8908821750509985,1.3768504467616562
1721,0.6731523580319135,1.5406088038939867
1722,0.3836669493852997,1.439131484221159
1723,0.8222643866340642,1.1838189253617255
1724,0.7980038199372129,1.6780028719207174
1725,0.4338479101693024,1.2502961744654495
1726,0.6280183367363635,1.471938929140045
1727,0.6905340976254085,1.482147116138246
1728,1.3893048733500881,1.384396642294547
1729,0.37834784349191514,0.8262476320733354
1730,0.9162578143883232,1.6892058249421098
1731,0.6132337479138666,1.3631180448628921
1732,0.30138145674219485,1.4173443167185555
1733,0.690202808656778,1.3785882244076006
1734,0.23495676854769107,1.042398294975253
1735,0.6754055439970333,0.9954905803155045
1736,0.48337497863074763,1.4377072450780464
1737,1.741049002708264,1.1426437039211743
1738,0.4181691080014799,1.2354924270671952
1739,0.5464474174871891,1.6013955496162091
1740,0.31297424361149423,1.1468679704870146
1741,0.2898931688822538,1.158500236214365
1742,0.6393508031097698,1.276042921949375
1743,0.7133765988512049,1.4715791616890903
1744,0.921406545468514,1.603607980676549
1745,0.8680218704427094,1.2375991688770598
1746,1.0735978573165688,1.5444487035380372
1747,0.36186813787132016,1.332967240099484
1748,0.6717604301279685,1.2400971043990943
1749,0.42022965469560003,1.2342998394138047
1750,0.640591002240921,0.6093044614349699
1751,1.1099985640781278,0.8488364879119101
1752,0.7119490455361149,1.4482136186771055
1753,0.875382879749451,1.235303231655007
1754,0.6588637220815781,1.28552354992335
1755,0.2541976472855932,1.6792111097181959
1756,0.12487113768866322,1.1931523828197736
1757,1.1310667349906378,1.1741467219738793
1758,1.059979372583995,1.4048028456584674
1759,0.511762634254556,1.1810063213563502
1760,0.622968914816393,1.7536915528632604
1761,0.5995982131430416,1.6138142286721588
1762,0.6947571352448687,1.0235324411881053
1763,1.0078705453761643,1.6186331102661378
1764,0.4461318274956361,1.4116341340868055
1765,1.014678323318402,1.4327983391960912
1766,0.7074508206124195,1.2483787916220832
1767,1.1064478568599883,1.9664968784794472
1768,0.7255970594891616,1.3071570065795894
1769,0.6131997609593921,1.700953863921743
1770,0.5763843274758769,1.4052525051312763
1771,0.5552183143148721,1.2904260708645419
1772,0.6863643783279086,1.5940173432474483
1773,0.9552561770080635,1.460891578706296
1774,0.13729568637702522,1.4378985244719367
1775,0.7090696604307517,1.0656402780248904
1776,1.3744323284293984,1.3799633646065872
1777,0.7522524737550111,1.918689586744468
1778,0.8235001147272001,1.0487632614083378
1779,0.4382582842518864,1.7229896224691266
1780,0.707018626264307,1.501322762033956
1781,0.43242871327048094,0.8920894566045863
1782,0.4340044983361823,1.5187437201566858
1783,0.6892445434984937,1.5701626903003723
1784,0.10361527786414002,1.5625936794061288
1785,0.17565778420748715,1.487120725202454
1786,0.4391342353578148,1.2336799652758463
1787,0.7302692676830281,1.423891180689204
1788,0.39466582680421824,1.1744514568212368
1789,0.4597284003557533,1.3191193134270085
1790,0.623062809417189,1.0005090731872648
1791,0.6681525693458451,1.397703832464011
1792,1.105311130162589,1.6413357226108414
1793,0.5062795437313313,1.4310409437825302
1794,0.4477787423445941,0.8787290852183756
1795,0.5392888668901639,1.402172409826809
1796,0.2739540680904083,0.9477109191502455
1797,1.1352330577854872,1.5958650310568838
1798,0.7552275371995257,1.31773780769181
1799,0.9140475556138837,1.4391143084821083
1800,0.7432031977527765,1.124334517768292
1801,0.5426736867215628,1.6533823558316414
1802,0.8200563463534217,1.5031145529381456
1803,0.8558914037708977,1.5495110795535547
1804,0.726096374909647,0.8704095010063224
1805,0.5740787619426182,1.467149629366482
1806,0.7490034129939318,1.176354875605816
1807,0.7356694668827559,1.25762623438971
1808,0.8965504175939634,1.5364534038411022
1809,0.5206311962402093,1.8177983421257913
1810,0.6055520827927211,1.666195401540319
1811,0.36450655686605343,1.4282353906193457
1812,1.2070677864844652,1.0066955105078512
1813,0.6307792137869377,1.5052941620079499
1814,0.672594947339846,1.4183209203862206
1815,0.9102245825872755,1.6657434667517417
1816,1.3441364372694171,1.6449593501583972
1817,0.8940575663584364,1.1482379543464658
1818,0.6975307911099006,1.0716905776755161
1819,1.237830000633626,1.3530927160233586
1820,0.8730055098158006,0.7256403332712769
1821,0.3675932278905359,1.4207299430437108
1822,0.927573193421756,1.4133748388880165
1823,0.6171554908674712,1.4005808432432314
1824,0.8029217159576691,1.0027928623039304
1825,0.5228965186028749,1.6221957619047942
1826,0.37031657890225284,1.744494105486546
1827,0.7834515362414672,1.3940777214420341
1828,0.5744725398151632,1.524969859462421
1829,0.5637275071209588,1.096805905834462
1830,0.676346382992781,1.6722526459356966
1831,0.5147785428701911,1.2736267681806486
1832,0.17535854650282057,1.6997161386279993
1833,0.5370231345039297,1.253747112805212
1834,0.6934189252486871,1.2278540525156787
1835,0.2572803806289318,1.4623573211191485
1836,0.6290446734988467,1.3616247234593513
1837,0.5534924198361523,0.9508326822725093
1838,0.9063964649862666,1.5372420253084953
1839,0.5990983321908943,1.459066450164981
1840,0.5425581737983355,1.3868144220307372
1841,0.3307530995401836,1.5296410786280323
1842,0.8401323703877286,1.6841816482137604
1843,1.0097579942933692,1.171947941418186
1844,0.7076427753030179,1.2702426087535348
1845,1.2256058601192774,1.04764087499707
1846,0.8835231033346858,1.2103042218170696
1847,0.9453512799556004,1.3501996714427889
1848,0.22475253182892213,1.5978479211237142
1849,0.7164420985703276,0.9612639118095323
1850,0.3196272798037055,1.1731263875450237
1851,0.5274066960041088,1.2893204276542716
1852,0.84163738998245,1.223693423839824
1853,1.214890811354168,1.3530520967113635
1854,0.41785359132712896,1.291607598449912
1855,0.886962400375442,1.0284764625493277
1856,0.7732615581138832,1.511881960237881
1857,0.8646854648931657,1.191429936602598
1858,0.742141384771098,1.3606094801342383
1859,0.8176500239513771,1.1262483044144544
1860,0.37050280458401497,1.355219290782931
1861,0.8374912159687431,1.462731931074188
1862,1.4746055970125034,0.820939715783364
1863,0.5684276169673328,1.6715083039747722
1864,0.4279343794645357,1.32006351038729
1865,0.7042195829625164,1.54675491588085
1866,0.6644547877332386,1.5055029261452324
1867,0.17636547594014626,1.2971258218839288
1868,0.8098433597378126,1.2277541579466402
1869,0.8311357533391341,0.9511901632202977
1870,0.8040194369661006,1.6469450439911768
1871,0.7258613279691263,1.2241191179744777
1872,0.21002545067021197,1.3149215107728378
1873,0.3271126434910876,1.3084271422758742
1874,1.0172616229301854,1.7708950510491697
1875,0.987493073305656,0.8369646689361319
1876,0.5558744911019897,1.1816393109882792
1877,0.5307487036199015,1.038856323435026
1878,0.690073658288214,1.1646747653741076
1879,0.6683401236480188,1.3292666186486315
1880,0.4117852454272543,1.7826062210911418
1881,0.5734429411915624,1.392120750666741
1882,0.9316723761942769,1.2852144843594564
1883,1.6789367681074057,1.2328770042669566
1884,0.9907401336806504,1.1090473945894952
1885,0.46346099985554956,1.4223516065807544
1886,1.0507438468549628,1.5492994886269322
1887,0.5239584230493031,1.1166902236877947
1888,1.1719132038391773,1.2141967129288216
1889,0.604143929714448,1.6154162326057562
1890,0.9560604945111922,1.014126214470205
1891,0.2005623030749908,1.6008183716747317
1892,0.9330834564401582,1.5667862924880955
1893,0.8764718129994784,1.2742209425608964
1894,1.1052751333236197,1.368970505747186
1895,0.7014785035632488,1.0736735700023257
1896,0.7331070454512366,1.4241498533556796
1897,0.836606792959368,1.3386089287795486
1898,0.8040531517358629,1.1314379241069519
1899,0.8673684987230927,1.671954796589064
1900,0.7942658967562689,0.9978821269825437
1901,0.6046865428951411,1.0803357484885905
1902,0.42105457389217704,1.298711625563569
1903,0.3166709318745501,1.3147944171659427
1904,0.8128015457626806,1.5342019646390632
1905,1.358959325886973,1.0446968015995433
1906,0.5471907715066914,1.6483371723664961
1907,0.593318672994885,0.8168927242388628
1908,0.41419885036860277,1.1577698237156393
1909,0.6315959172614498,0.7914167902950229
1910,0.5537454032123953,1.2580456047275064
1911,0.7438927068393801,1.1377309990145053
1912,0.83906248063755,1.422965927881834
1913,0.8553734356699043,1.370454896683413
1914,0.6750499866309997,1.1853898166579637
1915,0.26080163485575497,1.381645098485349
1916,0.5552914460869889,1.200463607107653
1917,0.8990683834154459,0.8791097072538443
1918,0.7167510354293243,1.7571706926998383
1919,0.8443082067399328,1.2925247173303402
1920,0.9782138437417771,1.3341192590247013
1921,0.654966222939261,1.2811115973774645
1922,0.5996369117485414,1.3597732243167502
1923,0.5070680244565605,1.7937968603546146
1924,0.5137977174469393,1.6866495046132775
1925,0.7223637117464304,1.2920000069499822
1926,0.8606328980558211,1.7637417547088206
1927,0.1968638962285148,1.783166283668323
1928,0.8277584039414995,0.8475683654465644
1929,0.5169991276923538,0.7579229313159042
1930,0.5689926719077051,1.3572415265766025
1931,0.1609733613759648,1.0829555909201416
1932,0.6762709947102338,1.0554409998156635
1933,1.3391680081714439,1.590885827641787
1934,0.9371139326618357,1.7593642726041772
1935,1.0028838576937726,1.4967354455966402
1936,0.32949021604425766,1.7198975454683627
1937,0.7287685889388779,1.4343940041556147
1938,0.7580237395914211,1.4028111599386666
1939,0.9323318439814433,1.4675808582952135
1940,0.9950194336834975,1.5711164673325086
1941,0.3761957769795876,1.1282382012225174
1942,0.8270794368055925,0.9063225902763898
1943,0.3364571729156715,1.0768577807914994
1944,0.2371579833863111,1.4034821000827633
1945,0.20710721174611085,1.4168330726443108
1946,1.0602619036824212,1.394844474848624
1947,0.5984855240982951,0.9978008072757789
1948,0.8848577767873074,1.2647666715308525
1949,0.9161322315768675,1.4623578982845695
1950,0.2555058234573714,1.6166981205670683
1951,0.27914513043547057,1.6424597953310003
1952,0.8147395504916494,1.7919804106725894
1953,0.30647823641587074,1.5467652722629008
1954,0.5690863583963283,1.27984832044731
1955,0.6297649388493787,1.085629292044699
1956,0.6645928521622271,0.7226021500358422
1957,0.527568986659498,1.4066730834341898
1958,0.645973864025233,1.6879936534948072
1959,0.4332636336837602,1.460557609397211
1960,0.21593171157807894,1.030942178048246
1961,0.37113086532908274,0.9408983763873924
1962,0.659104373904326,1.5673485551641675
1963,0.25102255750094754,1.516213150745955
1964,0.39889648645188247,1.4494491299808754
1965,0.4539846673324207,1.0314817543591008
1966,0.6028518490541358,1.096488917189221
1967,0.6270415819110173,1.3440093074665365
1968,0.5649657520011135,0.9144490316371341
1969,0.7169767206910352,1.7533457279984181
1970,0.7516252911460148,1.1941458269460603
1971,0.9348738491405204,0.7769179095159762
1972,0.6167252823131233,1.6344851233894413
1973,0.3467053197825952,1.276395681731882
1974,0.7229875933212487,1.6451032239648087
1975,0.6023301090921801,1.2785821295796809
1976,0.49082561246405165,1.4171034305352133
1977,0.2700016994529447,1.499649459889366
1978,0.7394854789104112,1.5844175696700016
1979,0.5614464852268826,1.1658104138166678
1980,1.1820484120933092,1.0872662556853767
1981,0.43777554378138855,1.1177830011516863
1982,1.4670246342859126,1.1287565838762195
1983,0.5222458042655597,1.3243651558784988
1984,1.0867878385816592,1.5253392620375643
1985,0.33152872609934364,1.1732050678776766
1986,0.6100121989644999,0.7558358357015107
1987,0.5829988062349826,1.3011077770789425
1988,0.7463166522279809,0.9295159498086529
1989,0.6368860262925353,1.6726266215175936
1990,0.6892498970221191,1.4666518000433229
1991,0.8943605439835921,1.5910833024593567
1992,0.6748879595402436,1.3052591827430713
1993,0.5003730806352216,1.3188811693901334
1994,0.5616321569067383,1.5412876086692293
1995,0.8065152415236958,1.0115828699771867
1996,0.6667324654345543,1.2399298630380264
1997,1.207126349102928,1.2803948092548287
1998,0.7822610197050733,1.2700480625771
1999,0.7767184211849149,1.258799699878573
2000,0.3093845367280881,1.5145050615766822
2001,0.9823909750921908,1.8557952321395557
2002,0.6365425003208615,1.6550928183178435
2003,0.49298266658183365,1.3821814656311904
2004,0.6508560897801711,1.5229994664124797
2005,0.496313247497527,1.3643151884791114
2006,0.6421433714219836,1.448076974953895
2007,0.25706165000145104,1.8808552346813077
2008,0.5542984274778081,0.7825356555081704
2009,0.7706023967691707,1.2855546841886616
2010,0.5965674523245402,1.3653518759532846
2011,1.0995940986773522,1.5524078043741576
2012,0.4277844109552147,1.6263493645253841
2013,0.5833106890760446,1.6199137935044037
2014,0.9069267371054025,1.406412234143898
2015,0.8338115156378895,1.6229667710110336
2016,0.6340640651049542,1.0063465459998975
2017,0.6611128619678518,1.7461303366325636
2018,0.8907013945902108,1.422367791348269
2019,0.6391142195139027,1.0197409216173359
2020,0.49004108813633324,0.7044084664332995
2021,0.26536236038236627,1.6096077630261838
2022,0.62992702344544,1.7697534090232334
2023,0.9953296296394678,0.7257491590774983
2024,0.5708746886447019,1.4880874810243747
2025,0.34802793201159693,1.7419479548359902
2026,0.4271007458709464,1.4648635830044139
2027,0.4090385442752526,1.7143633452052838
2028,1.0085042196408394,1.2478752933923554
2029,0.3701138896348726,1.461867217020393
2030,0.2611895672188352,0.8899575549857761
2031,0.5076347890975117,1.5399039445151277
2032,0.6038328629700709,1.2890272595938121
2033,1.0469537317899364,1.2466126101452113
2034,1.0038943274209642,1.3383125247153127
2035,0.7262991143300869,1.5202040075988288
2036,0.37687325329433013,1.4148609463897586
2037,0.6533127782399643,0.9947742445576468
2038,0.6606508901880357,1.54050481900391
2039,0.6740425717239832,1.7490527845911625
2040,0.35836828309587176,1.219017973059704
2041,0.38697032124791336,1.2454205690977518
2042,0.7353567186205477,1.782703843746388
2043,0.596257974835871,1.1157377072672543
2044,0.5360795442514972,1.4051271940683046
2045,0.16465967246036775,1.1315159488379125
2046,0.4969320944690926,1.1447357965732534
2047,0.236433213442383,1.7389453929536671
2048,0.40768107036133094,1.2187011471237006
2049,0.5516404064413942,1.6074987707907682
2050,0.4138029650787153,1.0351096835574063
2051,0.9063275784708186,1.3239982843093339
2052,1.3817147972974715,1.3057641725634173
2053,0.5756171170707896,0.9093591282633058
2054,0.9669370000404934,0.7389407332854845
2055,0.682629152378919,1.0840171685822435
2056,0.3080770334098159,1.0535778350661924
2057,0.7527919670172044,1.7540487438056784
2058,1.0722403626672612,1.6026414464758494
2059,1.4168501216922418,0.9009352826377452
2060,0.700939657664453,1.44198441982877
2061,0.9746698125367722,1.0219458913004194
2062,0.6005141476105154,1.6341484256902423
2063,0.40488399936623987,1.4498815889101413
2064,0.3605491139652026,1.6198114141756537
2065,0.5486228474755164,1.4966159095065796
2066,0.6788310511759312,1.3931609752495069
2067,0.7158419969256411,1.4268552189458168
2068,0.26179637307090753,1.0063498617711841
2069,0.4540820578052918,0.9601312244692817
2070,0.8367800908829482,1.4899020906247271
2071,0.631034033630378,1.4504317222360297
2072,0.4342540661106404,0.955427847395274
2073,0.9959800723787158,1.696586876975319
2074,0.9353954007818404,1.5040500905144925
2075,0.9397281600969478,1.3915609937788087
2076,0.6007234824135348,0.9449029052568163
2077,0.42660246764922477,1.66498107413212
2078,0.6375605050916724,1.5239490958509716
2079,0.779683079083761,1.2506977633709377
2080,0.4859958943209136,1.2607709919682715
2081,0.605594835763686,1.4610138148384524
2082,0.25532720023761507,1.6146615467762178
2083,0.5727953414942605,1.7250338281861934
2084,1.3474708015161307,1.0231900918987928
2085,0.6903920052480554,0.8026825842116005
2086,0.3916146556307379,1.338370253304947
2087,0.34719818938436475,1.1829690392508598
2088,0.4376506702696105,1.272129611613339
2089,0.41443753171476466,1.1232357379006843
2090,1.1330988131007316,1.497087132571962
2091,0.3198837437387579,1.4894052438538454
2092,0.7073143779691542,0.9818311657270149
2093,0.6392918525224305,0.7894391283301221
2094,0.27735401418014505,1.3468569560353338
2095,0.5917792006578277,1.1101618029991691
2096,0.5306999085934102,1.428341139159961
2097,0.6125840023338888,1.6364504272033733
2098,0.3979261886723123,1.0451766433098368
2099,0.816584924893942,1.6931389956231335
2100,0.5324026782566866,1.0866355270624237
2101,0.40186865283132056,1.0998051310423183
2102,0.45333164322709607,1.3942387613996043
2103,0.5667820409216814,1.087712209963944
2104,0.9222869529411608,1.6817792178760873
2105,0.8643996738171267,1.4494363944620474
2106,0.28640546871644024,1.6945717956044883
2107,0.14205999560133448,1.2738800231815268
2108,0.4178932313709539,1.5541989480163616
2109,0.4080439086122483,0.9356351960753317
2110,1.037117555708977,1.3353837889584124
2111,0.5088004946162993,1.2784856334318269
2112,0.5704827964118276,1.6149463817286784
2113,0.8582678963899936,1.6146308631760624
2114,1.7895543087640378,1.4912028236501529
2115,0.30275305106676625,0.8055247822482487
2116,0.5561309113945418,1.411895003464327
2117,0.40607455292135286,1.8938909782546314
2118,1.26466665908052,1.498588307491379
2119,0.5603426703115387,1.449950095090618
2120,0.8585080986466149,1.4011166796494603
2121,0.5614860209705679,1.6257388293173283
2122,0.6804506240896351,1.1231861994997427
2123,0.5933773654944565,1.5362899171208904
2124,0.5779373260998765,1.5668509799056018
2125,0.6268898672284824,1.0977929710735865
2126,0.16983300849026167,1.1759632952257109
2127,0.6718382046537659,1.6681620304961928
2128,0.9068804829459552,1.5012582745970673
2129,0.39081444410640215,1.6304462001177071
2130,1.0793327266715673,1.129608124346257
2131,0.3572703739979148,1.407578260591483
2132,0.22439276347165263,1.2711874317900955
2133,0.45127185594489083,1.3447547553177999
2134,0.6297252306930727,0.7379949113830191
2135,0.7038602149336984,1.346029443744264
2136,0.7196901225337047,1.574386227742799
2137,0.8342713965538353,1.6637855471688294
2138,0.31558857073287594,1.3789162554607988
2139,1.2628184718215607,1.003558773369012
2140,0.8805116467187998,1.471663372669466
2141,0.6233503774457715,1.5760294997136384
2142,0.3211278632488585,1.2548145487526152
2143,0.5798541861985107,1.152605816386594
2144,0.6186469557119191,0.8977901472672922
2145,0.3637886484100948,1.623216598851523
2146,0.7435092134857448,0.9370031767063411
2147,0.7777339750034455,0.9014959196642149
2148,0.8840135009793173,1.2504468933822566
2149,0.44617782957781055,1.4738684751581912
2150,0.8035108473117144,1.5304110581302548
2151,0.47721375576980396,0.8839612391961467
2152,0.4353409634299363,1.661637138370783
2153,0.5641412273849892,1.2711335415685419
2154,0.5559825230884344,1.0183567413744576
2155,1.2670692548680096,1.2352857140712104
2156,0.8864452900496522,1.1425587870977665
2157,0.5820255510180655,1.202143058482068
2158,0.3881534578850185,1.328585936761986
2159,0.93397379706146,1.4515681003262677
2160,0.5948596865671771,0.9343525161798918
2161,0.6930461023722414,0.9136028576311799
2162,0.5909584107193272,1.5922492476538774
2163,0.24975754826060456,0.6342368349783549
2164,1.2032815345192884,1.527735866605161
2165,0.7144342181409015,1.478413095589998
2166,0.6625359901932506,1.3691313106290743
2167,0.3816802288306482,0.7083756358538909
2168,1.1102036282686845,1.5585105365897294
2169,0.7087994041601785,1.687172025020588
2170,0.5555372074127409,1.05015398972236
2171,0.799558674958938,1.296331804366222
2172,0.3701947754324556,1.1971367681350602
2173,0.3864726044230202,1.5431270254703824
2174,0.6583898926791718,1.4937060833988378
2175,0.7901767884120646,1.3405208739552572
2176,0.7642555567060609,1.1389580748061932
2177,0.5737022014607225,1.4386164346466424
2178,0.694809084032984,0.5226764054094701
2179,0.6033072233429647,0.97776599243193
2180,0.4566051187073765,1.7062858619572256
2181,0.5136018275876936,1.7107065481732162
2182,0.3512740124042216,1.6864167532887238
2183,0.44677796827404004,0.878050287485548
2184,0.71798736823223,0.8094773625220981
2185,0.9492595879098659,1.6252417714354888
2186,0.38223929836025544,1.5836116436149388
2187,0.686631799934632,1.3270659583114046
2188,0.5861078480264807,1.2977947220111377
2189,1.0822204053832991,1.2511813076318097
2190,0.5133913729028245,1.4114367980445393
2191,1.3868410679439076,1.140929258497211
2192,1.5450190137111492,1.3786305681471447
2193,0.9649657014198134,1.4517252524040716
2194,0.8173941934429362,1.4678209665233037
2195,1.1295482750332937,1.6255960321406278
2196,0.7250459733159871,1.3800117063289574
2197,0.597342616478725,1.2793204724651095
2198,0.3352125279420675,1.5641491599152437
2199,0.980115918688873,1.7735387743783553
2200,0.445328558861734,1.0771009679270365
2201,0.5471230987071452,1.5081695576383283
2202,0.6145131662470478,1.463387641409465
2203,0.8001472705074583,1.3566401279862488
2204,0.5985818925877315,0.9235831125293998
2205,1.1851401002107775,1.0304868878071074
2206,0.3273670617250243,1.1234829835297293
2207,1.2352493885611298,1.3701610685772467
2208,0.679602100077466,1.8182336461968978
2209,1.0069811704063742,1.4074736219766715
2210,0.9570033570171509,1.1118544639429615
2211,0.5649838005101122,1.6244863679089505
2212,0.47138641266505354,1.2146869234395892
2213,0.4139366227139112,1.3464910815405025
2214,0.6353459261821048,1.1127990746217769
2215,0.253553622292977,1.326634867740287
2216,0.9113218427442283,1.487219873310025
2217,0.43630115911937933,1.5604847948417673
2218,0.6755297007130501,1.4963846283645534
2219,0.7604662303782322,1.06533537678518
2220,0.25042226407534485,1.1938062245605718
2221,0.42206871988792116,1.4350212123330148
2222,0.7467575999223047,0.7222280757834803
2223,1.063229704958618,1.171656006249476
2224,0.5155343642757686,1.2587263373943054
2225,0.6589815061969791,1.671009152941094
2226,0.45871857642437436,1.414422590607535
2227,0.6954960300646482,1.445218684049823
2228,0.7840185826942668,1.183568332728142
2229,0.6699609159447273,1.2962141749184837
2230,0.794404895642945,1.6705494531382028
2231,0.9869878871366367,1.0670829873011174
2232,0.323842832008027,1.373396264630697
2233,1.090210941078371,0.848406878504268
2234,0.6305718756776398,1.40651101624811
2235,0.4306733552338677,1.477174009513727
2236,0.9800696978045308,1.4784315461684603
2237,0.3839308078604378,1.4455825873219448
2238,0.9344223469057577,1.6350645862729203
2239,0.5215333076516001,1.2687375150759161
2240,0.5425909175443802,1.4260547561354444
2241,0.6646913755088373,1.3248558337990248
2242,0.7850476927546552,1.364436958156389
2243,0.5612647430765537,1.5613029077803513
2244,0.696224015963377,1.446216962575634
2245,0.15575716215059876,0.9755100600494371
2246,1.365539538796031,1.6639274225889376
2247,0.3309468417199957,1.4660461406191754
2248,0.32101938143370695,1.5472195641967035
2249,0.9991342018492889,1.3023147761008969
2250,0.7094752358771597,1.3931094267344544
2251,0.4291769315174773,1.3641329889585752
2252,0.7182874735472603,1.3000359714290304
2253,0.6329679219622166,1.3105238986788623
2254,0.6619601648283377,1.1296106990727588
2255,0.6612457303483799,1.2807563354791198
2256,1.0130014621196934,1.0409018275360449
2257,0.6447687742853665,1.3561500325509024
2258,1.0879249633917183,1.5966480480379794
2259,0.12929898490759034,1.5949570080897248
2260,0.4633133484397258,1.7524737339784682
2261,1.3449177558401928,1.7517934046515233
2262,0.431156601478071,1.553293720959615
2263,0.3607339052974446,1.300887181361691
2264,0.6046444987887946,1.3743116053292441
2265,1.1513827619799357,1.2031936141511637
2266,0.807762424913365,1.3459614682195578
2267,1.2200146468502389,1.0589025635171607
2268,0.3930650218987065,1.1420720664639687
2269,0.9420734668323245,1.4503801669666077
2270,0.8629856295084799,1.3605540900510733
2271,0.3388226258529697,1.2444634378813304
2272,0.8364992836488314,1.2287723965207258
2273,0.9353643546763017,1.2535561616594064
2274,0.5069720501644295,0.9772658881737157
2275,0.3455043030867691,1.471007510493635
2276,0.38188575602801045,1.3638889493588744
2277,1.0391078649847811,1.0913229979200958
2278,0.4850660691125957,0.8496568243502494
2279,0.6392645198693437,1.5455994510382014
2280,1.275691227358164,1.199158025646636
2281,0.5768533723700653,1.5234906264655823
2282,0.9218263697409398,1.3018364003558198
2283,0.8154347136471846,0.767807248892844
2284,0.47541204165494616,1.608097545510995
2285,1.066195039839262,1.0798216837781864
2286,0.7683423251378966,1.418164073943832
2287,0.49667004256979436,0.8318048214518796
2288,0.25840934023468026,1.262976830572299
2289,0.48174560405904676,1.041417079391535
2290,0.8363848508040767,1.4203900088527264
2291,0.8631364492850653,1.2677048459960294
2292,0.7220847010879209,1.358598931598955
2293,0.6548692739490122,1.0381591558266567
2294,0.6188360049616238,1.3225493648139461
2295,0.4551257547131802,1.501120462190666
2296,0.8328067108875995,1.428894911954899
2297,0.6329332217834971,0.961020668012381
2298,0.4000531442084595,1.3690786772508554
2299,0.5966289644839282,1.4833628902684395
2300,0.6198263752495227,1.2743787348128506
2301,0.6294262249861805,1.1410742266342306
2302,1.1282130335043947,0.9287159104015219
2303,0.23202505987036606,1.517801898290458
2304,0.659097627153297,1.2757229996652817
2305,1.5725036558058623,1.3131550775962144
2306,0.7199933864613284,1.3706528301229568
2307,0.41496712573983474,1.7105486205960403
2308,1.065295090645614,1.2068558155774765
2309,0.5568360171087938,1.2599212076043549
2310,0.914964624057227,1.1942599971080097
2311,0.8644961024891583,1.3197733385216561
2312,0.6756384240068317,1.0605394652905153
2313,0.3566431633869042,0.9869937626552707
2314,0.6702075559095647,1.1634691579276457
2315,0.43217369532264727,1.3568559168746421
2316,0.5818240807404214,1.5156305023662773
2317,1.2385363813652668,1.6591834407448736
2318,0.5785416163026773,1.0047817013818998
2319,0.5199711284352945,1.654746307341067
2320,0.29088863145069127,1.6611952591412353
2321,0.4761770235358009,1.7909327107952966
2322,0.4573421504975266,1.3286725799315475
2323,0.34653633737620565,1.7747783669550217
2324,0.6247616252235638,1.5536937727271134
2325,0.7799846331022651,1.717699331441458
2326,0.6597091491354886,1.5276988187941296
2327,0.8111995370280151,1.2960234899910177
2328,0.6099207776862087,1.4261480121798171
2329,0.9955491592120318,1.5517641807837719
2330,0.5808214762346298,1.3958044597342651
2331,1.024748114892476,1.7191270402593712
2332,0.7636256376413583,1.2311460326296817
2333,0.6522658000492659,1.4697509156669422
2334,0.5202356962486447,1.7488033841918476
2335,0.5941421954017735,0.8550597549112666
2336,0.8840619444475141,0.8854505753323607
2337,0.6712049286862736,1.4178649889694293
2338,0.8491260790390421,1.156180357632099
2339,0.36236664193504164,1.1443296702723271
2340,0.6810519461323462,1.170195973346789
2341,0.9871175652322727,1.670192588050453
2342,0.36124600491668774,1.6047802929322694
2343,0.49814830545015215,1.698704494031181
2344,0.6880877865720215,1.6742726019243364
2345,0.9789425264355519,1.0077527029262723
2346,0.17903685386817192,1.12466194568068
2347,0.333199437844802,0.8627533345131411
2348,0.82243053392608,1.8072537247727065
2349,0.4586091858687943,1.547338515232327
2350,0.5255149020987668,1.8116944206562595
2351,0.2287636627669231,1.555994971014456
2352,0.4403541137348072,1.3427792309710864
2353,0.496814482795298,1.3972647084459315
2354,0.5572121648716086,1.5431378088957166
2355,1.0693120828158018,1.2342882326707278
2356,0.7472761697189578,1.3750890514034908
2357,0.701705267766819,1.4271307978636745
2358,0.5089182523784258,1.9258720232450826
2359,1.0440775041024708,0.8362533725373724
2360,0.4864380308824639,1.583665891291648
2361,0.5982391907411848,1.2310801671789378
2362,0.2052179170640996,1.4914350742836882
2363,0.6809549849559299,1.10726145350216
2364,0.4756295437170491,1.628765690925594
2365,0.32022297790175036,1.5484563755435956
2366,1.1165827750190693,1.074159858423338
2367,0.7553235640457906,1.5927556127464697
2368,0.4259992553730183,0.903691362380042
2369,0.7317314431911675,1.246565799554856
2370,0.7068333097737495,1.2986366966086604
2371,0.6221542504226715,1.7214245811118145
2372,1.2786340323058816,1.2569845970630293
2373,0.2684054886107772,1.6585609157680394
2374,0.5621069814830676,1.1410489462471425
2375,0.5056745258768389,1.3965842133449127
2376,0.5519138280113425,1.0452082638597613
2377,0.5900113061416281,1.2600750507057499
2378,0.28564821671806595,1.5635243679769815
2379,0.7078642331632623,1.4202127649614853
2380,0.3643462291815207,1.3274776582469423
2381,0.6309609490685009,1.4998528157532136
2382,0.8047405940984407,1.1103600559121838
2383,0.48621569257155567,1.2804772296724085
2384,0.540126281091811,1.4374876130067125
2385,0.3741238913978737,1.2917215249456677
2386,0.7744856929454512,1.65825678270582
2387,0.5485904286102863,1.8123058189643633
2388,0.44583218592296664,0.7232839867314795
2389,1.1010387101172494,1.6428845416350824
2390,0.7220975464008861,1.5649414411911053
2391,0.8649223743926452,1.489326105464329
2392,0.47191730609540167,0.8086742051000417
2393,0.5187060527372356,1.311147270269141
2394,0.6014945734900431,0.8454264491746011
2395,0.39948903375716366,1.741003795830595
2396,0.7605079352980074,1.2745048535744292
2397,0.29501791346244094,1.166615928873311
2398,0.8859892528117083,1.4978293264344424
2399,0.5315245771013573,1.2712744646448066
2400,0.8531267272720923,1.7149434930098952
2401,1.1403334545143948,1.1685368584066613
2402,1.0649717471850448,0.8219017050554447
2403,0.8376369693272717,0.8784104984483527
2404,0.7123047308415484,1.4671558816092234
2405,0.4201571159020581,1.4411812082106306
2406,0.45082911774198353,1.3200591074994763
2407,0.13497724365880642,0.3312662241864974
2408,0.4365129829078088,1.2799967179623044
2409,0.8359659421956409,1.2276288608325983
2410,0.6706716275983675,1.3427228883845057
2411,0.6338909488939625,1.7124016200409726
2412,0.1593152176195624,0.61971421689503
2413,0.7311346255276747,1.183628068316821
2414,0.6007604861134463,1.3231380168500244
2415,1.0324902134544467,1.535512232761071
2416,0.7773526661889898,1.3516988790531874
2417,0.4810603384708216,1.6468518640856957
2418,0.2992789001804605,1.3777897878123004
2419,0.7160731394538398,1.165573354114577
2420,0.5230487333582543,1.5012676633959694
2421,0.3110070326924652,1.4618845398667473
2422,0.7886725119183773,1.5592047888995961
2423,1.174794805029817,0.5793480867400844
2424,0.2974368435229515,1.4793875475727754
2425,0.51460859474592,1.5891569540645283
2426,0.45366050194048824,1.61314670614161
2427,0.6847292079290147,1.5780167050048748
2428,0.3867463088633357,1.462872322322713
2429,0.4606908986846189,1.3096370076984658
2430,0.7653719705927693,1.2496590165197043
2431,0.3818498000739681,1.1177700610841805
2432,0.5897998199531435,0.8223577775856779
2433,0.18910083088421534,1.186662646673644
2434,0.7119613184805649,1.4436187757827037
2435,0.594446222472578,1.7415497837825737
2436,0.5502781630028007,1.6899081101856164
2437,0.4099943832831945,1.3208403891973437
2438,0.7453182046713616,1.113209611544304
2439,0.6558176057289283,1.225406812919009
2440,0.43027200651275316,1.3216756263700202
2441,0.71609256516061,1.3025153832302943
2442,0.7101976103550353,1.469055683353733
2443,1.154489000632705,1.2323740131286085
2444,0.6666883843539594,1.7126504047037228
2445,1.0283898653012127,1.4035430956751909
2446,0.693692410254848,1.2822033330755662
2447,1.169148399736792,1.5118359958726932
2448,1.048057986675251,0.7966314049234751
2449,1.2095727950397377,1.7432580996681648
2450,0.5415324961363904,1.3773117205793635
2451,1.2577293373995924,1.1469962662340916
2452,0.3540080093208664,1.5377148706955377
2453,0.6903132980735005,1.690289410719262
2454,0.2831315122764209,1.15394716312802
2455,1.0686788989628118,1.7550632161210995
2456,0.6572231403028087,1.3713184548225568
2457,0.7667669077321058,1.2366997922519598
2458,0.36776578440751556,1.622437105262906
2459,0.9772755955697698,1.068073908337679
2460,0.287223924732634,1.0646119722905052
2461,1.0405169454906984,1.456446076862863
2462,0.38750141208104905,1.2069682206645624
2463,0.5360768958193259,1.2476788107302585
2464,0.9579804409228674,1.4210178124174848
2465,1.093204286086103,1.466351770613144
2466,1.4896816777530475,1.4729179237399732
2467,0.22481629638171483,1.6158228552493756
2468,0.790102836177956,1.8691396196755303
2469,0.48458695752420744,1.0444914164290164
2470,0.6624376089148838,1.48987139902844
2471,1.0291839057213528,0.9561341809215216
2472,0.8341225587008382,1.0002073215161733
2473,1.1705294608128496,1.715620404057093
2474,0.4347064060751172,1.6399239286200693
2475,0.5118033723055735,1.0846383778831497
2476,0.9490125360138693,1.7769850173238217
2477,0.794647770664963,1.4875834528683582
2478,0.33972503925516945,0.9172163569706075
2479,0.405293554689549,1.2520717465392848
2480,0.5777544858813842,1.1369953246041682
2481,0.8592495448955326,1.2916922073916906
2482,0.77493363256364,1.400732519982231
2483,0.5075476537468749,0.9242198850806398
2484,0.530516085108767,1.261835294203544
2485,0.48540891358502575,1.4698521391796229
2486,0.5984128611132152,1.6390454730999602
2487,0.5962754919629027,1.4522312992334117
2488,0.38165124554937807,1.4406359897169605
2489,0.3559424258786536,1.3387551781899965
2490,0.8854914903937,1.4119068696048953
2491,0.7373831983518361,0.595512689261577
2492,0.5431112239853326,1.4468263761500566
2493,0.7433750016901742,1.227963464734398
2494,0.6929395589359526,1.3541418680141817
2495,0.631387275543765,1.1936699524071808
2496,0.5637279811945946,1.30143427476967
2497,0.5802312969383275,1.732666029606138
2498,0.3962850350906489,1.452230078593838
2499,0.6913911562759122,1.1222408499457877
2500,1.4435994111689172,0.8008989491383793
2501,0.4162665489099426,0.4146572338282184
2502,0.3526334802181766,1.6103866836257799
2503,0.9797917412912699,1.3827617853513738
2504,0.7279940828134689,1.740917899628026
2505,0.60987059871664,1.65928164186536
2506,0.10840089888185964,0.9404772708660138
2507,0.8676407307591557,1.7872497760629422
2508,0.9624251641827908,1.1194990058948275
2509,0.32808508250021257,1.3578220981875337
2510,0.45609593524302194,1.725596956014715
2511,1.150670014567031,1.4836656786907136
2512,1.2003128224522608,1.0621927743374444
2513,0.7214988100803786,1.505034172655403
2514,0.28774014254460367,1.5776218941116367
2515,0.5730301129282669,1.6104581043073147
2516,1.0109971949877845,1.598676811663727
2517,0.9079674623404804,1.2394347191512827
2518,0.6583911159063776,1.4711804197459744
2519,0.9007676589757417,1.2345154882233969
2520,0.8873533320832487,1.3015735270709543
2521,0.6872521046628756,1.2570984123023754
2522,1.1855893983783592,1.422635835764614
2523,0.38349816463157466,1.2590306143645278
2524,0.41294986873551315,1.2362420188842724
2525,0.4296881021078588,1.380754122648415
2526,0.9445487581823259,1.7141632749054048
2527,0.12457018662800408,1.6862687025242864
2528,0.7108432025259905,1.9610347118247984
2529,0.7191843063962287,1.4687609562770492
2530,0.778377433278795,1.3492609480750706
2531,0.21821876311576294,1.0153648716405819
2532,1.2960085261020176,1.5291987094338761
2533,0.4996623503497754,1.0714754249405185
2534,0.3945592387230928,1.0558249555553467
2535,1.1498142212579203,1.4448748240673641
2536,0.3871668875617228,0.9403945969305685
2537,0.6383301124345162,1.4358809070794916
2538,0.5499052126438089,1.4069454427399224
2539,1.0405031937071623,1.8673416385010309
2540,0.9319226754085158,1.4651084587986563
2541,0.476854278886324,1.5230521096735306
2542,0.8972743392798885,1.1729123994940154
2543,0.4143220116404891,1.0883691724845175
2544,0.7686898913966947,1.5726465049078313
2545,0.29812794529831427,1.4928437952005722
2546,1.3139779159173313,1.3913493738269658
2547,0.5421722285864524,1.3191571709471819
2548,0.49638467683330845,1.6454135483161385
2549,0.7129756644428518,1.3197776150866605
2550,0.796319085499784,1.2130457197713802
2551,0.10814877812238326,1.4716077160476886
2552,0.502004264445446,1.545461060807265
2553,0.12391002149696857,1.5446495641257443
2554,0.9835681644181395,1.3305136995260458
2555,0.8327358344419854,1.6115534174057404
2556,0.45234366569136497,1.2660590087776349
2557,0.47003077758496525,1.4471392058037575
2558,0.33051129970736104,1.5524652738191644
2559,1.0799464500054796,1.5499821246087502
2560,1.0809866465438154,0.840264714586545
2561,0.04473995147014483,1.6509884645282402
2562,0.5859346347228925,1.3356995848099285
2563,0.45741028713073506,1.2758329121041314
2564,0.44712522124562626,1.3658091008066695
2565,0.6972815733370639,1.3229289428317665
2566,0.7667321446607764,1.2474233042452436
2567,0.3589180273498924,1.3128002014021134
2568,0.5923328277110901,1.0776584803441644
2569,0.6540617540656677,1.5052827917479847
2570,0.8676445763781048,1.6518045314146337
2571,0.28825616001007054,1.405759762407028
2572,1.0558288890699457,1.4194323362296926
2573,0.8174268887349209,1.0834956456920697
2574,0.38212485666727364,1.3673195048626994
2575,0.9115905973613893,1.5178040153651682
2576,0.8030688374684386,1.3968474821904568
2577,0.8218661527966293,1.635591232688764
2578,0.4056279388751886,1.2941477909843693
2579,0.5986590137400157,1.2092824221089802
2580,0.6711469300249888,1.397505589643576
2581,0.48102485525492694,1.347041686289291
2582,0.6907258296322123,1.3931702578531884
2583,0.4938406249744108,1.2589087837057358
2584,0.3885757805333402,1.6046685839197494
2585,0.21798699795491108,1.4887224455772616
2586,0.6362575319849528,1.2514833523709261
2587,0.7922665262123133,1.1070738040479586
2588,1.174270723928284,1.3182481249165057
2589,0.4477459739713557,1.347662381133919
2590,0.418772334156684,1.4790880861231952
2591,1.0362400446067537,1.2739363181800334
2592,0.2840902472184728,1.5459757112664816
2593,0.6465233469600066,1.0951179312098374
2594,1.1094022491809907,1.0415942345642217
2595,0.4338805555085766,1.3915947882770392
2596,0.49945381015028606,1.513150902329681
2597,0.3469736143710783,1.6731087863871696
2598,0.45057505312259116,1.247880046626042
2599,0.7255158073031723,1.0516629457355673
2600,0.9968027113082898,1.276498312994041
2601,0.7609785287405358,1.502041233149362
2602,0.5578278572293719,0.7895117539493206
2603,0.5428548452620866,1.2843536388424064
2604,1.026457336096516,1.5541049696020433
2605,0.5950673187586504,1.0861152510217669
2606,0.44064806376692045,1.5784715961970415
2607,1.0323906739723847,1.4955694424695043
2608,0.3290797843965668,1.5635437544392585
2609,0.7197244494326763,0.8234700066379961
2610,0.2592099834213843,1.2293193353889613
2611,1.0062304302328942,1.3364482488201297
2612,0.5455796998367715,1.1409872026543855
2613,1.4605820289489466,1.6316646867490319
2614,0.5796871300391911,0.9797424179097014
2615,0.8059636779233271,1.691959536546328
2616,1.010067856546218,1.7089054377872244
2617,0.42345953176093765,1.0063862742717826
2618,0.5102710771997551,1.2803910044581484
2619,0.7900811285766992,0.9068119036568734
2620,0.7019742198259187,1.4431241454789692
2621,0.33690399364667123,1.3796845616596127
2622,0.426104727450094,1.2383575865747014
2623,0.6961478800435632,1.3164203162590713
2624,0.8402432619477815,1.386595195987323
2625,0.5282425246190161,1.4195065011897896
2626,0.6479497375173515,1.1122489003490357
2627,0.3653416914462641,1.5296682245724424
2628,0.5353430279282213,1.6417224412631708
2629,1.0686318893753812,1.6131155889246458
2630,0.5454793982120835,1.7245650611768948
2631,0.6914524871889959,1.6775290423888576
2632,1.4442041529500584,1.5485684742199628
2633,0.6082412063566981,1.3353396111064222
2634,0.7294150725631705,1.4089038739283375
2635,0.8142874884638894,1.5978389015942116
2636,0.29043175329917914,1.4715666409749213
2637,0.8003252526512905,1.624872423215968
2638,0.24161297093574283,1.7461208343739356
2639,0.3188873082531138,1.618386461120642
2640,0.7198674286857487,1.405906259108354
2641,0.8598437251911595,1.5434635641781027
2642,1.1393099549501746,1.029899985821019
2643,0.5896513606412315,1.044151872850363
2644,1.0643119055356278,1.6548810005282086
2645,0.5208357210657746,1.652445197555576
2646,0.495102767248906,1.1705484146351084
2647,0.6928605528864449,1.0692438552497494
2648,0.9823708856135425,1.2929423162529212
2649,0.8071067551571841,0.8734943706023874
2650,0.5761956706438424,1.3966663693608856
2651,0.4369096723727716,1.5912831607343767
2652,0.5458717938074503,1.429864934558292
2653,0.7154652447437267,1.600694592529494
2654,1.1264623220517238,1.5396699296605723
2655,0.8199229265854207,0.7957542667245701
2656,1.3447528029870333,1.6412453846546236
2657,0.5677526350169936,1.40147667210174
2658,0.9645333714388222,1.7448114713055718
2659,0.7488621535813802,0.9975597249441357
2660,1.1277283841446262,1.6941054504776336
2661,0.7252499873635124,0.5757728028934626
2662,0.47629757098881514,1.1955941519204836
2663,0.8115417645557912,1.2893435893587781
2664,0.4964416908570279,1.6551690058276514
2665,0.800212498544851,1.3215990272299063
2666,0.42198986075016526,1.200068310920421
2667,0.9644988229597161,1.6523927839442987
2668,0.6392075518484037,1.1511812891556894
2669,0.1404058693832675,1.3138813904201432
2670,0.63132450344384,1.0166372992633914
2671,0.4804919407296382,1.393922921647857
2672,0.8607711460789065,1.5189905832659512
2673,0.7032236766532994,1.0353270022257872
2674,0.826115900683086,1.6692937932137266
2675,0.5017738028808363,1.0628415061180303
2676,0.5260958882984884,1.268835396956326
2677,0.6717817150019526,1.3586815529468206
2678,0.5331622860880809,1.1183746334694256
2679,0.14783665402463592,0.9426174026429317
2680,0.30077634209331167,1.2323493271948154
2681,0.8622700329278039,1.3745392444937017
2682,1.2687444953706872,1.0756692702005926
2683,0.25534241991153844,1.6238638290011311
2684,0.997918664597327,0.9643030331329492
2685,0.46890707069221627,1.198072752681141
2686,1.0034262646357703,1.0170527758234111
2687,0.563254108730912,1.7537610646647501
2688,0.31167970447425797,1.4449456059335601
2689,1.192228454743572,1.1858633944047674
2690,0.26908266754698884,1.4808836861826973
2691,0.5671997201270851,1.2709217644725637
2692,0.45973477771158083,1.275524156241209
2693,0.6591322209510647,1.4006869285963075
2694,0.5610637835614554,1.488658125217544
2695,0.47079274433678536,0.7988089012524995
2696,0.7247644219963364,1.437686311919328
2697,0.5124207146149817,0.9673103011356499
2698,0.9682607369525632,1.0293180224327996
2699,0.7894598012521323,1.0130878444110532
2700,0.4933930367616597,1.2654232831914358
2701,0.45371190842970954,1.4369524363452248
2702,0.6526488265678076,1.0680533153443528
2703,0.43462984258990994,1.1543134986039698
2704,0.7079926102525244,1.3206885462768936
2705,0.8237418970137528,1.3294954520498314
2706,0.5429775385889837,1.5975919323618506
2707,0.9824323042887345,1.2459269269552213
2708,0.8321487090857519,1.2987898101162654
2709,0.7889721978019648,0.983698472243175
2710,0.5770821494650802,1.263032301964866
2711,0.2579729048432333,1.4382792185815847
2712,0.26695401607315644,1.488302447163123
2713,1.2132133797722489,1.1657500994541345
2714,0.33284929190090384,1.350652024181279
2715,1.1059725669150238,1.1869079654241999
2716,0.9624792396463284,1.5003597636414117
2717,1.077228740669119,1.0602999802618052
2718,0.6854100627396719,1.565783978623719
2719,0.5665423231257882,1.292925188747799
2720,0.616867145150725,1.4598177881883232
2721,0.3744235026879063,1.6225555092193165
2722,0.6446490718400626,1.7396966129204912
2723,1.1774991130457122,1.1811850323032378
2724,0.4920895463069671,1.6821216346509165
2725,1.0814680963245782,1.12536142159554
2726,1.3658897983107319,1.7347635915849258
2727,0.7615958950918951,1.3042729452968946
2728,0.6581954396135464,1.099846204424919
2729,0.5020613179653416,1.6649282135674008
2730,0.9134546217073908,1.7916783401448682
2731,0.5115143464423018,1.6589827430415824
2732,0.7632259152689884,1.4528042761023885
2733,0.7128269375052408,1.6421530259533448
2734,1.0400267565504688,1.5108298966969491
2735,0.677662098884837,1.3216661545264794
2736,0.5228254677263979,1.2373990893345315
2737,0.3987336398687359,1.6141532179679563
2738,0.7129173429333674,1.2835734764616507
2739,0.7356976423077228,1.1730956145137998
2740,0.5144761001063435,1.5567454166039982
2741,1.2864310723886443,1.3164326428247626
2742,1.091623319958904,1.9230098866424363
2743,0.5138717510859688,1.2116261592307773
2744,0.6388001715583935,0.5019778659763752
2745,0.68438750288936,1.1577561478432274
2746,0.6998206119112241,1.4655790710923495
2747,0.2822530516817774,1.6148665408202703
2748,0.3160392979622827,1.551550663679923
2749,0.5149026874594476,1.5672000753439743
2750,0.7209793353421388,1.0317754601936597
2751,0.6260431105151363,1.6036877038305353
2752,0.6281421624511873,1.48529757610449
2753,0.6850134827818191,1.5301294425559109
2754,0.8062266858956211,1.3178527920138317
2755,0.7287687221062149,1.3890900249812352
2756,1.2403443126149318,1.052129100745619
2757,0.8629934264176125,1.0618880801319217
2758,0.7573807195270613,1.4349763065360444
2759,0.7116226430633686,1.2848908532386605
2760,0.772059985141827,1.3574624332295637
2761,0.8370376102670192,1.2684260717032785
2762,0.4946312288421445,1.6406835142849088
2763,0.6858778188858379,1.6605192685656558
2764,0.6633851993798427,1.6751867312548718
2765,0.9413669156039778,1.6711936276006263
2766,0.5352577423474041,1.2955208423757534
2767,0.7457112891203582,1.2916808194638267
2768,0.5016338600117031,1.6617359269585883
2769,0.22744892369806347,1.6950714686923227
2770,0.49050775306491723,1.5004328062168955
2771,0.5968743200724476,1.3748350277372476
2772,1.1750953576541228,1.4463951111900333
2773,0.6258853751288939,1.3613930398482124
2774,0.8384932230592743,1.5588405166735189
2775,0.4741713794900787,1.6265414018120243
2776,0.7034882182629758,1.4743753220542688
2777,0.29887702935836485,1.3408932282182027
2778,0.7296133446852466,1.0700916831564378
2779,0.9189998661747435,1.5342315857016537
2780,0.669395914720889,1.1376491351429985
2781,0.729045545139561,1.2803450093611508
2782,0.9509465786501927,1.4019343049948674
2783,0.2675363400205287,1.2857819618355162
2784,0.9736963686397738,1.0918862895336359
2785,0.55987011850223,1.3471714422742387
2786,0.752991990847807,1.5309260625798018
2787,0.5559655527866741,1.504163686979146
2788,0.6570114773322947,1.5265151066369076
2789,1.2011330162663523,1.1621089555137418
2790,0.6788619236780339,1.4196521965492976
2791,0.4556414941007033,1.4168322346238345
2792,0.6192023275850418,1.5878840683113693
2793,0.33371322722129254,1.5875002494020163
2794,0.9159342335149377,1.7483959919727736
2795,0.6786326998872723,1.4039400770215194
2796,0.3927359433805222,1.4153021785641071
2797,0.8847259395404232,1.237789904359903
2798,0.6023649083182288,1.2838037224541863
2799,0.5553194529806967,1.2861691905084218
2800,0.5051165583727777,1.8225110398520328
2801,0.8955013694039653,1.4074031761399395
2802,0.4544692048913684,1.2913763055229461
2803,1.0019887077085903,1.4079751331032933
2804,0.7971260423636394,1.1368586647894379
2805,0.40067019440146934,0.6776770624087392
2806,1.0059597052916316,1.3295030102147107
2807,0.3147067725604421,1.756394287514119
2808,0.8360700436762974,1.5307601131958286
2809,0.4332516456188131,1.4061614851695339
2810,1.042397172261281,1.5726246800327002
2811,0.7697533283119513,1.706703781086059
2812,0.6258543767457758,0.6702811260854029
2813,1.0884373859012173,1.8504270072372753
2814,0.7158716890305628,0.9921721832720103
2815,0.510526843344505,1.671732564666458
2816,0.581992125515276,0.8917804227286297
2817,1.0808243201847665,0.9851363294208515
2818,1.3641942754649778,0.9960542960718826
2819,0.6705885572459823,1.5050539991777978
2820,0.833245536257033,1.6661722623238098
2821,0.5447211186557089,1.4208520538797975
2822,0.9279958542900396,1.4315001689686868
2823,0.44439979163561494,0.927532638174309
2824,0.7335278730005327,1.0954580863390135
2825,0.4576185158967963,1.5718290932472414
2826,0.7136620162379613,1.1248550701374262
2827,0.8038486733632666,1.2497605617891212
2828,0.801966749518959,1.6009000596294118
2829,0.3662984869780226,1.19476807545051
2830,0.6235720729376045,1.117799231310767
2831,0.5561922801921309,1.752749006608347
2832,1.009882504311822,1.3638573813315322
2833,0.9160177829342298,1.073210484230545
2834,0.2604667373805963,1.5834632531375883
2835,0.18445393478562455,1.5526254687996195
2836,0.29571269683848195,1.2726642826011907
2837,0.38232572547021004,1.299102971534591
2838,1.0059449112825682,1.0410778174139914
2839,0.5894146100442688,1.6661570963062167
2840,0.6429707285251156,1.5417082806729996
2841,0.4481934361917688,1.4016724685887962
2842,0.4156513226163562,0.8531888959049214
2843,0.7095799641585712,1.7326188788367447
2844,0.5971172191325399,1.2804525565922888
2845,1.5724376654125605,0.9282153104481647
2846,0.39493645727018695,1.2942749062463585
2847,0.4251624240556544,1.2678709889023607
2848,0.18341994268671125,1.2217427207215095
2849,0.43870600770204243,1.3832873002301387
2850,0.5454290229830631,1.3840134076060533
2851,1.181130995073446,1.8082838507051597
2852,1.1161426223333142,1.2490198472853686
2853,0.7514179143780723,1.313744597673983
2854,0.6937299218183973,1.2061922572922246
2855,0.6176677541870195,1.5320328446576428
2856,0.8163352579094497,1.038657913126828
2857,0.4089918368286569,1.3294071122813933
2858,0.5415050130184632,1.4326068163784473
2859,0.3584293582011266,1.2249767656025365
2860,1.266023765503981,1.5359044567382103
2861,0.35249456189581546,0.7610893833917882
2862,0.7615869626348376,1.6684334175937028
2863,1.1543303126880053,1.5967345840405518
2864,0.6074747610841988,1.730116363832482
2865,0.5725115429191651,1.2393198212639565
2866,0.6552586398190984,1.1191527808399122
2867,0.397389536380447,1.3476323996844775
2868,0.10039355361298484,1.702271103293359
2869,0.33331665106449915,1.6905209974700126
2870,0.6572556270401223,1.2936105563109437
2871,0.5505817382274196,1.4533557046361802
2872,1.0311823089350298,1.335683564203665
2873,0.8505322007734393,1.1295218743618674
2874,0.7050971020535353,1.264448151890336
2875,0.6868534279344116,1.7444972485900063
2876,0.3268721290151734,0.4362717235769049
2877,0.6407139574190188,1.645045182208192
2878,0.9030171670106238,1.491369184879302
2879,0.4217187328006794,1.5139232754731646
2880,0.780308196826977,1.621522579884401
2881,0.7482576448578905,1.3466813086715927
2882,0.5753265863309217,1.3108077975806842
2883,0.5153822143532988,1.6148528962194486
2884,0.46586028113764977,1.354093283713226
2885,0.7724628165553789,1.6536208714473395
2886,0.9271492903012765,0.8047175188487703
2887,0.29097365641969636,1.5994167709181415
2888,0.24537616890240851,0.8720325111868112
2889,0.9185707369801785,1.4307235668561002
2890,0.27507575512336024,1.2914319116329391
2891,0.5612706782193729,1.6038542622558196
2892,0.7110116091714517,1.3845429947769294
2893,0.3593428600795027,1.369649759164941
2894,0.518650181272209,1.1536593405773257
2895,0.39353801965003976,1.5003960474505833
2896,0.6025155772200915,1.6912844545741486
2897,0.7008691226458059,1.5467271539621967
2898,0.9306485172293317,1.3731894269382314
2899,0.49654742780116323,1.2306365761097955
2900,0.7696851201059125,1.0370833507467085
2901,0.4787059114878205,1.6065657836724374
2902,0.8519130763413606,1.6817391209223849
2903,0.8645561531296685,1.6852350698528846
2904,0.7582776986256219,1.7465806349429869
2905,0.5465522692163588,1.1991851590054265
2906,0.8086917107858633,1.2450461425414097
2907,0.48110709441385774,0.776219625309837
2908,0.6860244932733833,1.5522913026816185
2909,0.7145269550431157,1.0932790089357387
2910,0.24333533785000208,1.4381172893795644
2911,1.0784118091746193,1.495258074453746
2912,1.254091712611967,1.604548292635668
2913,0.9778076003618135,1.730598521736027
2914,0.7292102116489032,1.2371964137361378
2915,0.3413197551654361,1.607323793970475
2916,0.9516926321589004,1.5487579966318352
2917,0.44430692114234277,1.096058792881477
2918,0.310900499864395,0.785301040976708
2919,0.9725197513944952,1.5916274201044658
2920,0.5954273199455479,1.3605466542687452
2921,0.8487371433509929,0.8763395293552299
2922,0.689417622536968,1.218241735996068
2923,0.5657916961966453,1.6586716043422867
2924,0.9163094892925658,1.1156387556054952
2925,0.624600337518238,1.6728732017969128
2926,0.6004873776997373,1.0586511872753166
2927,0.5008372651587969,1.5417367138244038
2928,1.029584322569261,1.4509178300000114
2929,0.863955493365724,1.2062521976210856
2930,0.8547655767109056,1.5582244037166393
2931,0.44631076644982587,1.477769169945676
2932,0.5742446306372346,1.1474527598745698
2933,1.0394844346282521,0.9754672920311589
2934,0.3454696469966886,1.0303952376875491
2935,0.5677076984110245,1.2674396954849338
2936,0.9591971645365457,1.7846665154095973
2937,0.8986300924514617,0.8903704326516755
2938,0.662655393597993,0.7492923322239213
2939,0.3720586875412992,1.6098926095067214
2940,1.258519074370914,1.0843300280283745
2941,0.6212169664596423,1.663204453500459
2942,0.7950420087511578,0.34571047571923086
2943,1.010634239498028,1.4067606959089556
2944,0.8507511270077224,1.7298178610655532
2945,0.6492735589477344,1.4597096980247088
2946,0.4604245926803739,1.5814734780424686
2947,1.3017735463160036,1.4333486929749508
2948,0.6327916557344608,1.6299902577251508
2949,0.577104913161445,1.4280023635597983
2950,0.5444921823232947,1.8689173524131808
2951,0.7669309635100401,1.4144412611604409
2952,0.8658036359143078,1.23232964088713
2953,0.8708594375514662,1.289061057112829
2954,0.41499622484346504,1.2382003821048668
2955,1.0717300288095304,1.3657605217681437
2956,0.5745903704618477,1.32093095375973
2957,1.0518776283011733,1.6578480035910508
2958,0.2224662187637632,1.6392093684384397
2959,0.7206176614915453,1.481493878214541
2960,1.3625946370169655,1.2252129204712128
2961,0.15191612713740438,1.2607134092016539
2962,0.27642255061605775,1.4098236303122231
2963,0.8800489133707634,1.077478884189776
2964,0.7639699196422133,0.9562269905846834
2965,1.0031398478101894,1.4013211779374841
2966,0.651999690888514,1.1587100708003768
2967,1.0818059636150883,1.1270954904385497
2968,0.6483373678185539,1.1319168086417386
2969,1.4596948735761228,1.7218195322435534
2970,0.2890359313245452,1.2534829258340507
2971,1.088547694475062,1.2872508003851517
2972,0.6188272776950056,1.8517894982150238
2973,0.6553195754760034,1.1373203684328541
2974,0.8671028618519788,1.8668889919609974
2975,0.5963858063329428,0.9040821176128488
2976,0.6511433012751852,1.508033599954062
2977,0.7047752141311824,0.9844937373846634
2978,0.5180674222586444,1.0589243514532543
2979,1.389243834253986,1.1784495556863375
2980,1.0582931368454258,1.2663488632745392
2981,0.15353882995134013,0.7042858316310725
2982,0.5416694440031986,1.350149048175425
2983,0.7635034862751521,1.8457316678332372
2984,0.5392163841419447,1.2322351873638722
2985,0.6506221316515455,1.166096238915448
2986,0.8580491972755968,1.003485367496507
2987,1.0213549893271825,1.285094111162119
2988,1.0863675746778927,1.2391628006943778
2989,0.6989676305606266,1.2402569889034876
2990,0.12097007393714804,1.3713438694818167
2991,0.7990928320577125,1.3096607523492443
2992,0.7214464661891915,1.2164626500863291
2993,0.802440583128579,1.3806683719137767
2994,0.5158543096843317,1.8633832609066856
2995,0.44113482251227665,1.134019231868568
2996,0.2827825777946394,1.221784060473551
2997,0.8472727949207217,0.989537781037344
2998,0.18101869106917678,1.5947795260285649
2999,0.5302432692669777,1.2429894597340834
3000,0.575418422459083,1.4969714727632673
3001,0.7808087187472733,1.42957052787982
3002,0.9979279223142193,1.5959402441088528
3003,0.32978199643915973,1.5985251615048865
3004,0.623102763921561,1.5787742645126028
3005,0.5859939108743635,1.8028441591484279
3006,0.690857595894547,1.368843350874762
3007,0.557831362823639,1.4389228010099218
3008,0.8474416147852767,1.5946840848596553
3009,1.236513873441233,1.584637475568541
3010,0.28762220554244494,0.8470342903180761
3011,1.1169622625859157,1.3090431772767808
3012,0.7515025164230986,1.5655694939501315
3013,0.7113875048570214,1.0147964330166055
3014,0.3325216985825526,1.2046208412628183
3015,0.8465501047840334,1.0794357274138926
3016,0.8567044965835533,1.3523820698317315
3017,1.1172165760473516,1.1175869965449738
3018,0.24721180957917757,1.2792022880276726
3019,0.14129864072815673,1.4140181262926281
3020,0.922863875181526,1.3455939135452244
3021,0.7849646238979971,1.2381269550504586
3022,0.8244924829523763,1.4311618011982992
3023,1.0775953808592773,1.6239289259455547
3024,0.8085473740375188,1.3725248562308403
3025,0.19653124138265385,1.4906169819403703
3026,0.44813846375654437,1.2516517025525782
3027,0.24217133557212095,1.4881443423013963
3028,0.2878662896728078,1.0515104124719354
3029,0.22765687355108621,1.3068725723534864
3030,0.38291508685309583,1.1480994558118356
3031,0.37629877204218265,1.3036637163552793
3032,0.45945723070232386,1.719594789441278
3033,0.6486864431842954,1.5747171149578327
3034,0.7935807582455948,1.3633709386760453
3035,0.8911772036283917,1.18061130529096
3036,0.45387055297776047,1.3208707306443095
3037,0.33658592128648057,0.9414562101637947
3038,0.7655210164098016,1.023610903156222
3039,0.44549269976856015,0.6003636326433097
3040,0.5553685921186376,1.442037307808051
3041,0.7157646888023917,0.8372789885638863
3042,1.1048604425887811,1.5186730700976145
3043,0.4512486128896712,1.5401079251875778
3044,0.6567494075145426,1.646169050645221
3045,0.8565214856125587,1.497332981697061
3046,0.11546652571455797,1.2013715070896323
3047,0.7392047515313201,1.3369451592448298
3048,1.0064686669939598,0.9061939673203139
3049,0.5883415077577536,1.6509760482878728
3050,0.4913841614241767,1.6841364693420484
3051,0.6484968668787622,0.7998618227842431
3052,0.2918365533363465,1.2487555162713484
3053,0.6658718918679044,1.2357278182187972
3054,0.5513167833233218,1.426524806557051
3055,0.6725222742751354,1.404789931408432
3056,0.6015353564645056,1.7866738814257208
3057,0.7071502322270696,1.6194744868058013
3058,0.656749599961441,1.4359142448238766
3059,1.3990320465292352,1.1888411364609892
3060,0.6408035902520152,1.464312516796755
3061,0.6126033319472717,1.5088711994885424
3062,0.4727285700757569,1.5740533990864753
3063,0.7063332026290157,1.370496361335136
3064,0.3519298595955648,0.89523126959527
3065,0.2978365600263447,1.31642583819982
3066,1.2893901797871101,1.5634913104864276
3067,0.7919500563426304,1.4085535076200084
3068,0.6454538839489719,1.5740464985762939
3069,0.4316702264359395,0.7278640125187354
3070,0.2682067647468916,1.4125938531580469
3071,0.4159949260690424,0.7993178761601969
3072,1.3271798846981306,1.5478679348872426
3073,0.39660667018709667,1.3937757999724667
3074,0.8296348704240365,1.5899473713419026
3075,1.2316279481026067,1.3202168199745732
3076,0.9691459146499076,1.655003885213283
3077,0.40517944568368913,1.6376481873857827
3078,0.1763955228615047,1.1194835805899952
3079,0.4011570208409126,1.439939258232703
3080,0.6586246233808001,1.65880767283188
3081,1.0663050485237908,1.065749318125004
3082,0.5736933623435583,1.2953080672153199
3083,1.0371588164206837,1.4736614241389032
3084,0.5132125046748756,1.6697655283612884
3085,0.5923279643952977,1.4064240687080936
3086,0.332915065368149,1.1400390231755413
3087,0.9996838236860537,0.8734198954060706
3088,0.41912093309536086,1.7776653548939867
3089,0.8498491830412546,0.9905868964066085
3090,0.1542208197979236,1.5162559571215568
3091,0.8860876616072526,1.7373228861733963
3092,0.7580881103629228,0.9394993355234771
3093,0.607235574237743,1.5394048180507416
3094,0.4225399249877438,1.3122908824393067
3095,0.914545327307013,1.169522559913243
3096,0.5149293556989846,1.3226096135602985
3097,0.4306651558332392,1.465016077403635
3098,1.01997900156283,1.4382397991303357
3099,0.5378510199108182,1.3468910139347914
3100,0.20695094250826448,1.336191166630385
3101,0.3983649412893271,0.7556849725818664
3102,0.6106023333276732,1.5898566360618367
3103,0.4648829442260364,1.4285822513983466
3104,0.7129020282445425,1.3816554403865997
3105,0.4045483068297613,1.2378318081270083
3106,0.5215797598793714,1.475459131666234
3107,1.0590018476676506,1.175545357983529
3108,0.403733222804347,1.5605913012671249
3109,0.42398226883737566,1.0274609992176997
3110,0.6186636156632751,1.5952687947664743
3111,0.3922777860812286,1.1071696378321347
3112,0.6949889130644495,1.511048215684799
3113,0.8436223344908489,1.8394661145950013
3114,0.5513796401200555,1.4072883401945924
3115,0.8391732558039429,1.1507547271775378
3116,0.4532819445919267,1.0946859412031373
3117,0.7517589721094607,1.3355896623474184
3118,0.8925478679791754,1.834312490534585
3119,0.39699664684027014,0.9129044089326548
3120,0.5606834758920548,0.5277709294087871
3121,1.3644246910868012,1.6165022514333671
3122,0.48073103913781606,1.672421368807168
3123,0.6086161511111031,1.7379941131018226
3124,0.8992102289431014,1.5225949924613795
3125,0.43066206792913064,0.6900356110031018
3126,0.6829375622617393,1.246814343699144
3127,0.5398437893664839,1.0071820179147952
3128,0.5734531005236282,1.1156038472563683
3129,0.27610448905147206,1.8303667185147412
3130,0.6536882185023449,0.5818228388943931
3131,0.27843455468250644,0.9712674763503606
3132,0.671207703587604,1.2801394585960701
3133,0.9140434887710291,1.2888078249246369
3134,0.795988440243622,1.363944795983058
3135,0.3461476091277799,1.3515885416656666
3136,0.36204373963427505,1.445507141726913
3137,0.24043510970995438,1.5013728084799922
3138,0.40563447325332386,1.2977710421886757
3139,1.0943216855929634,1.653671930022986
3140,0.6084980625260954,1.428649511766128
3141,0.47933476296775734,1.6504166631210764
3142,0.6025698171214066,0.7860132643254596
3143,0.6205352196551928,1.6496633491553603
3144,0.5815786938396887,1.3796773998808152
3145,0.9910743425561143,1.5695870305836803
3146,0.534142843210786,0.9391859265342553
3147,0.6664742000367045,1.571982355223017
3148,1.1934088099601599,1.311912871217122
3149,0.17449128054968172,1.4884955968164957
3150,0.7807308989038871,1.3469319036046787
3151,1.0660445546465724,1.2627574088471851
3152,0.3644645068016137,1.2281919773585996
3153,0.5750185268111306,1.7820913294201488
3154,0.2546470579504424,1.0537221015141698
3155,0.3645054318845926,1.4173453359949728
3156,0.10909929185482456,1.1021684734993844
3157,0.1677445789674094,1.4733191976526092
3158,0.48777701525375877,0.8247834159189107
3159,0.6421392735671057,0.9257991560075423
3160,0.38291431497190154,1.2975772712845504
3161,0.4420993100855632,1.2944838738278783
3162,0.7338496840921899,1.6613539093250653
3163,0.9420253508723399,1.1494117579542178
3164,0.28095545579248804,1.6012259021734703
3165,0.605066076087419,1.4478096687335822
3166,0.5000806137662501,1.5011258767876874
3167,0.6044441113388508,1.0743940800258596
3168,0.8262211652751549,1.8071594611752555
3169,0.19553055885625498,1.012388372890865
3170,1.1624771325212118,1.4226830185144828
3171,0.8407146806922838,1.5783791249399028
3172,1.4992546428154558,1.723112964717661
3173,0.48925617251498615,0.9413363242023829
3174,0.6400677851142474,1.4954198449037936
3175,0.8211499538387728,1.5326543271290682
3176,0.7105184479945612,1.1575675287434524
3177,0.664237519528049,1.6450909487142904
3178,0.6293659804517918,1.3404924833266612
3179,0.5799534248903389,1.305144188012012
3180,0.4700354305093302,1.1381711325514776
3181,0.7738052718342237,1.2983395538299485
3182,0.9035118603363261,1.3327436279511389
3183,0.46719114744474344,1.1410749852919795
3184,0.38245170517856447,1.3065088278337966
3185,0.6766566018272859,1.1633144539970908
3186,0.42884421488866775,1.295994648783414
3187,1.0514131317024948,1.093978224042231
3188,0.745226015612798,1.751958209319401
3189,0.7206650081374518,0.5132310962382536
3190,0.8517380612439183,1.3235541709836927
3191,0.830773366769246,1.5857389618869908
3192,1.0784132133498168,1.3837417175960622
3193,0.3731948374114638,0.8083817210476052
3194,0.592053273377078,1.3440994170707987
3195,0.7507628123797904,1.0212563095177507
3196,0.37905700722234376,1.814937379641128
3197,0.5969388336799636,1.191600657685409
3198,0.6762888543100691,1.519755299483407
3199,0.9397064677625226,1.0224361716344643
3200,0.6968272608351618,1.3277653833751626
3201,0.9721677864253867,1.6211178078492519
3202,0.7201655781665783,1.4020027542954558
3203,1.0966684894451735,1.5559101240081188
3204,1.0725437075300306,1.3464522186649743
3205,0.5519167581242131,0.9693629168580844
3206,0.42947965181762693,1.1593151473632004
3207,0.41417816171329785,1.307536988043977
3208,0.6560865697296552,1.2716369369239975
3209,0.7995521472451698,1.5226811957427104
3210,0.5065241224302036,1.7214008289934521
3211,0.5974860718142748,1.2905444812395293
3212,0.4993588865619366,1.7076342797809612
3213,0.9082098290256212,1.6748022368439541
3214,0.5314201806580836,1.6381466941627219
3215,0.48697376409575294,1.3857935636929808
3216,0.4540846707849161,1.1241078986410669
3217,0.47334397823393504,1.425681368184898
3218,0.3110571593026427,1.296562518072294
3219,0.7746151382085116,1.3337091736805902
3220,1.0175804445048744,1.078463795295053
3221,0.7485617952277264,1.1023046447649376
3222,0.8287839025648681,1.6503496673317402
3223,0.7748767468575838,1.7859660236162438
3224,0.532473163554679,1.0337063842613319
3225,0.6413880930858338,1.5072720224378902
3226,0.6990672608357923,1.8096221057941333
3227,0.3232937824292954,0.8589507512775523
3228,0.6531312984927541,1.383836150633168
3229,0.5966276979998726,1.2269112204650843
3230,0.8150385173084644,1.854642707566857
3231,1.4458836183508161,1.4193959052531313
3232,0.33342050273240953,1.5611282681991163
3233,0.7626566020718835,1.4841187488026613
3234,0.7990178291020403,1.1845962612042125
3235,0.48507520555584577,1.6625230719029715
3236,0.5169070944290639,1.0597982773428487
3237,0.4136489206767282,1.6763313178424226
3238,0.760030198446568,0.9864193178412397
3239,0.9226156848227393,1.0945257075497064
3240,0.7875312384237853,0.661497505393384
3241,0.357981416010674,1.23802634083225
3242,0.6990858773315549,1.644246003516164
3243,0.556327350359284,1.7447595054173033
3244,0.733576594092852,1.3080272266620945
3245,1.1479540874223053,1.288074563428936
3246,1.0306176985795916,1.1637324316521098
3247,0.6332315642092288,1.373819176730733
3248,1.045168203434859,1.4468449325336428
3249,0.8626752983363105,0.8147663355123216
3250,1.0234734555026674,1.563511355638772
3251,0.9106821218183299,1.1427025446113386
3252,0.7701775022945297,1.4758644004384256
3253,0.3752080672664165,1.4558672176012948
3254,0.8022656622456542,1.0511456286768317
3255,0.8765522920866423,0.6360529718769181
3256,0.7531218544309531,1.293524522200709
3257,0.2625091286112287,1.6808920096368896
3258,0.5182097523411991,1.7058940323216365
3259,0.4555132634452498,1.3569505389505976
3260,0.5423070886646268,1.4591549095645233
3261,0.5889160007131137,1.274517963042646
3262,0.7872462492600217,1.3330288488254358
3263,0.33807609313292425,1.435967916873599
3264,0.8976365517270037,1.634124328725352
3265,0.5392852303602159,1.4811887477599854
3266,0.704788623553151,1.1706878006432224
3267,0.6785594077255688,1.6633001318618377
3268,0.8804536809902521,1.2373041326461132
3269,0.6979607340050542,1.058839814902937
3270,0.495839080602843,1.5713257518394144
3271,0.7839830875440789,1.7688440096717846
3272,1.2834456895397146,1.2500718919824885
3273,0.4830627158055403,0.4788053064919593
3274,0.6917192358384958,1.4388506834578452
3275,0.40777043142498376,1.6689353234358788
3276,0.550561158452419,0.8880010644145451
3277,0.7436562179030811,1.6475679870042945
3278,0.5877198371874547,0.9090284807330837
3279,0.6874183741419254,1.1736539776709272
3280,0.912685565566418,1.515888163942175
3281,1.4488752677629415,1.7403464947551348
3282,0.3994543030522736,1.9889999961432046
3283,0.8501435493834318,1.0427103978683767
3284,0.564821226153807,1.4580590949712666
3285,0.773457897656172,1.305776342960157
3286,0.3611007402682111,1.311405625575397
3287,0.9912592033300369,1.698791773175301
3288,0.9855840644566028,1.703085074444419
3289,0.5564462304694464,0.850148192327246
3290,0.9029039804314762,1.6216284314870044
3291,0.49986085972836153,1.6834039195392059
3292,0.320596400475879,1.6519743102944133
3293,0.3803601997463548,1.301727390893028
3294,0.5393685926681987,1.141689572185151
3295,0.31385528367088583,1.4671383973127199
3296,0.6898939064952941,1.0741912935013223
3297,0.45839973016214075,1.002251834671042
3298,0.5430863916883732,1.1537614591510859
3299,0.9669525714853522,1.5615711919341253
3300,0.47611857404950386,1.1950758467581677
3301,0.5423989618893159,1.6121615509113538
3302,0.8041233923710581,1.36980798526295
3303,0.8215890320376756,0.9933708677631812
3304,0.7370061658075734,1.6153142016519952
3305,0.2937862599037264,1.560229223967568
3306,0.758284166994446,1.3348031905409083
3307,0.8113279592843524,1.6350785198881685
3308,0.8378973556947665,1.518209237632001
3309,0.26444537197978935,1.653942367476998
3310,0.8484718102290005,0.8014930091755861
3311,0.7089123539665684,0.8795673906268995
3312,1.162127587836172,1.624229419231114
3313,0.5254536117878389,0.7164356205659752
3314,0.48267761466171377,1.5487157223512347
3315,1.1227343502479392,1.7169487999374518
3316,0.564936379418036,1.5937400545624072
3317,0.948161689917423,1.4383279025677633
3318,1.1762673849832805,1.3801874980544153
3319,0.6156139645264663,1.5416681913050923
3320,0.5390851436331076,1.6806723490119184
3321,0.8637120064205757,1.232304477560393
3322,1.0710444310481695,0.9906782662504567
3323,0.843404403120922,1.3766363846183047
3324,0.5999237129851862,1.7251225586951384
3325,0.9109416578184166,1.4717025043043361
3326,0.7356056356438019,1.6439937321213598
3327,0.5374940054260531,1.3245435748398466
3328,1.1103248297271813,1.3005488753960421
3329,0.7496947637674605,1.5440406848864667
3330,0.718693351629586,1.4774707835411096
3331,0.7177625473528257,0.7984163179772188
3332,0.890158466713434,0.6181081874943153
3333,0.5302158021016883,1.5033397546989056
3334,0.3687357041779248,1.1666648939724746
3335,0.6085201213305204,1.6801930119479889
3336,0.7738541996549338,1.2356476146944901
3337,0.9954713314522332,1.7422725600473652
3338,0.45025501124903095,1.5385330962638943
3339,0.7279700043167439,1.629235656328944
3340,0.7369198259504403,1.3717102150103173
3341,1.1966685212531742,1.4248715685852047
3342,0.2600854610343147,1.6257156057470552
3343,0.7103659319289852,1.0318357123612412
3344,0.6655047296740437,0.9742172271634177
3345,0.7934080723917122,1.6896674192469858
3346,1.0542527363940795,1.8229118467558307
3347,0.14367062994683102,1.3672288596818643
3348,0.15127875158855447,1.1093858419514926
3349,0.586535045721764,1.6389894586096971
3350,1.004792926185273,1.1340961945333208
3351,0.8669859342104882,1.2482046156111997
3352,0.8393843594057826,1.135332861974061
3353,0.4848450221769144,1.939673400317412
3354,0.8658965638393962,1.6268331714858808
3355,0.5843417663329294,1.354763119756836
3356,1.1353371931293705,0.9654644115817299
3357,0.6895635450796017,0.7675219668368192
3358,0.6238223138594287,1.036488967407145
3359,0.6466443110349661,1.0482825210533133
3360,0.5494411741733981,1.2206727119008514
3361,0.9178975396440482,1.153747192406414
3362,0.09587494572778851,1.5812653318553171
3363,0.7580030360027156,1.4810977790204705
3364,0.7814903275003139,1.6605279674714595
3365,0.5285530744301937,0.6046137544050545
3366,0.6005421030577566,1.39189008068626
3367,0.5944381877477619,1.0194952452721504
3368,1.002164802345283,1.1023631975177182
3369,0.8504664743174529,1.0756858258144646
3370,0.33017139315147637,1.08888811898048
3371,0.585036760780918,1.409158479540759
3372,0.961589312947077,1.195357860646475
3373,0.5146556949069472,1.761693489625948
3374,0.5631333871360057,1.6384211982386878
3375,0.48568321375849055,1.552373903933666
3376,1.0967982813227626,1.260299405239214
3377,0.7508208546424737,1.5388000569319473
3378,0.485705004059066,1.69867526455052
3379,0.30196863828050097,1.7315218720298302
3380,0.4079497955070377,1.5537735118131304
3381,0.6288243999743977,1.0319926319195187
3382,0.8422877117718521,0.9744911998255339
3383,0.7344695920501804,1.2896305435464512
3384,0.4077033371686634,1.1516321053000067
3385,0.7931592860981239,1.6319917794240235
3386,0.9427254384050795,0.9108425520051204
3387,0.4103063296301816,1.299684056057237
3388,0.6879523670064246,1.3595349263215897
3389,0.5652356128069351,1.6187441143892278
3390,0.5858286834700871,1.3713677517209102
3391,0.8229798952799119,1.7482356946302873
3392,0.5597105326688682,1.109591942072445
3393,0.7162698760285313,1.5309128246767347
3394,0.5220973319953905,1.4417229115521848
3395,0.7552824266603893,0.7324772113803837
3396,1.172901105960562,1.6168887893133856
3397,0.16473468754033682,1.2779363559657724
3398,0.7740870545492198,0.999107055087695
3399,0.5121735636514522,1.1044636335847304
3400,0.7631642291042237,0.9706763887480356
3401,0.44570887756444627,1.3331433198823677
3402,0.7439276124046678,0.9747444501297102
3403,0.7565268530725572,0.9872837504129992
3404,0.7459452769345999,1.4515713129953478
3405,0.9070863346731167,1.7701472160813816
3406,1.001824396891204,1.5736023075815802
3407,0.3916177781276736,1.4992165984845047
3408,1.5643902518084387,1.3400648560853181
3409,0.3616328511004259,0.5062279790953748
3410,0.5090505660136805,1.3903798285421924
3411,0.5189799664399432,0.9237042934954647
3412,0.748821706207582,1.1200909309448308
3413,0.14314448408142902,1.7448327644176675
3414,1.154105864421957,1.58495001214767
3415,0.5895495833200881,1.6025664949704017
3416,0.47161187248393593,1.2768005740454775
3417,0.39320182448501345,1.1482880696789182
3418,0.5672911281452542,1.7483661365850711
3419,0.35083140579093053,1.7491588075786502
3420,1.347189298426469,1.4120600832217516
3421,0.7501019778173716,1.5709695411983273
3422,0.6630631658317394,0.9412418414312125
3423,0.8360835396960424,1.3668803415002864
3424,0.5887486917996823,1.514097483399794
3425,0.5342987452333824,1.6486562546723773
3426,0.5094982899318155,1.5743443504516739
3427,0.8247071831838418,1.328331841867251
3428,0.38985820402586396,1.542491228339992
3429,0.9338018722386435,1.5229639837739946
3430,0.9197756811351289,1.4242116624711012
3431,0.8023622661758095,1.6511658003495318
3432,0.33450838423246676,0.9622544080400854
3433,0.43062870936482167,1.3287493537440245
3434,1.071781556276027,1.8156588090892831
3435,1.136492260359909,1.5800946957534119
3436,0.4441249763125609,1.6924641363355326
3437,0.6183768609560181,1.8916138109005716
3438,1.13271181255776,1.048407756359469
3439,0.5691783791676507,1.1054307085964576
3440,0.7176848347481034,1.295767483517515
3441,0.6201945859049733,1.734459112141953
3442,0.9442501235122732,0.9523070445215287
3443,0.9136436480352723,1.1373559791409789
3444,0.3865181951266228,1.3523526615486827
3445,0.8447685258317735,1.3425022349056834
3446,0.12837138454429028,0.7487996615090862
3447,0.7484232659347607,1.3242679003934485
3448,0.954477587758921,1.18492193371964
3449,1.3114842546827306,1.3684697266902386
3450,0.2935965314232138,1.4869181412407677
3451,0.4794093606108216,1.1915996580662314
3452,0.43394057128993957,1.7917417654407295
3453,0.5151977667003997,1.8001691423087054
3454,0.4803938969871174,1.5947877496598886
3455,0.6067313953913379,1.3191458515707022
3456,0.46618996888457775,1.5719177987010051
3457,0.5517127284324131,1.2166570615750731
3458,0.41170358485462494,1.2406520692613918
3459,0.48921148288477373,1.3827926559030312
3460,0.8212313081189873,1.5615085892851126
3461,0.23594199088531312,1.6287129809144842
3462,0.5975593659915754,1.114907697500267
3463,0.30320116676467507,1.4158235858702768
3464,0.32548245611626886,1.2821563224457602
3465,0.316492363275118,1.4716320323781635
3466,0.8902893732460294,1.22771866917636
3467,0.6350956818683234,1.2847881838294373
3468,0.4000646743254463,1.094206444714001
3469,0.6461507478053302,1.5388888939090717
3470,0.8247865158931041,1.8574573778129844
3471,0.5476864514699634,1.4825891276925263
3472,0.6789975321938836,0.9670494498559741
3473,0.616301634886605,1.1419159225919466
3474,0.1795478788649906,1.3651314519628748
3475,0.9220088049579764,0.8461781771423187
3476,0.7973088281607945,1.4137454490640495
3477,0.5733051499513183,1.4323966985018053
3478,0.26317074599326923,0.6965920657489078
3479,0.8257065743870976,1.7224202034447613
3480,0.42813774056962706,1.5548614292365546
3481,1.202866715087716,1.3201140740810144
3482,0.1500529772061278,1.576845531692682
3483,0.8608914221577659,1.2967278947684087
3484,0.9445144870613589,1.7335576305911993
3485,0.8699764479568027,0.9914394664033994
3486,0.3493824356560597,1.3158040509364985
3487,0.45718973939213586,1.2934844529469598
3488,0.38772381430430913,1.170698232504713
3489,0.6625745602969996,1.3533114686266146
3490,0.30017293337266904,1.4541448643479609
3491,1.1299103308742426,0.6682751361797246
3492,0.7698650544290487,0.6807247395988703
3493,0.3812608838512657,0.8953346087391727
3494,0.5293152171607665,1.4084100617639925
3495,1.3626117106255022,1.5558325220110478
3496,0.5664111787190101,1.3427968117313926
3497,0.48262603797658205,1.2792582993948154
3498,0.8694659494008019,0.8704347339450642
3499,0.5930998279810675,1.6220196337157575
3500,0.5289697821469216,1.6697816233757066
3501,0.6297970434770322,1.1762717491777905
3502,0.6715008636839468,0.9800375743664591
3503,0.41038738666485214,1.86978183113586
3504,0.6975195989708729,1.676927867126003
3505,0.6561741566906414,1.0239927977881147
3506,0.21923538353634775,1.1896281417201777
3507,1.1492352095996012,1.2475367477679942
3508,0.6665172927415153,1.134794972394133
3509,0.6968707639161296,0.8570432834109372
3510,0.5585155649360892,1.3060327917939254
3511,0.6193407689320483,1.2053553879131709
3512,0.3101880248744177,1.62501728173199
3513,0.8712148810490021,0.7193519819126677
3514,0.3673191505656622,1.3664125574564512
3515,0.40728577684964784,1.5583087365664685
3516,0.3665105773998922,1.6620106065093294
3517,0.8421870761125951,1.0842968596255826
3518,1.1515547801318324,1.3873425773374133
3519,0.9413241523602145,1.0765712795971076
3520,0.6210642661306732,0.9719899878964753
3521,1.1857028366790296,1.359033591609956
3522,0.7661228888274824,1.389197340849487
3523,0.6335284148619356,1.304336070656971
3524,0.81792778941512,1.4632477038964342
3525,0.3960784405595722,1.1988341640653855
3526,0.7812215002659507,1.6141316090211384
3527,0.43998894331926275,1.2981082289879278
3528,0.6058517799148398,1.7048462869394632
3529,0.691504256636667,1.2419448097506418
3530,0.7518346561280821,1.049560315418395
3531,0.35373636022434,1.1543814406725703
3532,0.7384630030285184,1.2853546316319275
3533,0.9065916097051688,1.7924396119463464
3534,0.5854963406356362,1.32142925878241
3535,0.3189785740018095,1.6954402085973528
3536,1.3876011608486003,1.6367956254489378
3537,0.6894875601280853,1.4841294644816518
3538,0.5740915863594803,1.448156877366293
3539,1.1778126027980396,1.150311113138069
3540,0.5138246392933342,0.8353188020886257
3541,0.3370105684159633,1.5739173722050395
3542,0.38458491845082243,1.1476747427232543
3543,0.47532466806019186,1.4094779464090066
3544,0.5283149836970283,1.2987193976415388
3545,0.6069862031552304,1.6105630286126484
3546,0.5928979566675499,1.424806461445134
3547,0.4410361643271494,1.1209474429018353
3548,0.6809845650414469,1.7076951232197224
3549,0.9611354546093281,1.216471273044272
3550,0.42525851818265137,1.5265995814519104
3551,0.731384357211785,1.1267987598643736
3552,1.3990549411458244,1.37331768512359
3553,0.8685050670899694,1.4224124920994665
3554,0.13252921852793553,1.5022109172749207
3555,0.5313254822970767,1.4589640293027557
3556,0.563261794585565,1.4023297632880105
3557,0.4898101628039546,1.7716357295504568
3558,0.6636697803817377,1.630812016980812
3559,0.5704816579163973,1.5964997126254241
3560,1.5755364151124365,1.25843000695386
3561,0.6285756723230527,1.1594101087884705
3562,0.49114413416823693,1.4570274521871562
3563,0.6407127458428078,1.086619842267773
3564,1.37452176183935,1.188799236829925
3565,0.3158966165053832,0.9270798967506637
3566,0.23886024129914224,1.6762743928035182
3567,0.3219448114609281,1.0504262407079747
3568,0.688165593824946,1.2870209990216486
3569,0.49861482686043285,0.949104585952782
3570,0.49502493254014956,1.1947403471605123
3571,0.3272870744588843,1.5317444915215441
3572,0.909248401627728,1.278435833768094
3573,0.7587631717562852,1.9290696314265965
3574,0.8724854393564214,1.1204573711538997
3575,0.7758563615684901,1.3534660430549685
3576,0.9484345491285855,1.1706448133903127
3577,1.1094782168200403,1.5628747760251935
3578,0.23584162299082065,0.9688081809869862
3579,0.5663504827689642,1.5774927438621493
3580,0.5596639812281752,1.6800141435852032
3581,0.5285534939987089,0.9514796140175454
3582,0.7456941127501604,1.3067554281944345
3583,0.7509539481200258,1.667801297374315
3584,0.7956054731960995,1.2957255284416382
3585,1.0678241382482914,1.0304083702039026
3586,0.7577966976958108,1.4923086473086338
3587,0.7054789288299717,1.522347962230676
3588,0.7419714517058014,1.2322042977345014
3589,0.8213764197077087,1.3082293917418901
3590,0.9445977018868861,1.5822808700258826
3591,0.9331073268236441,1.1172790424737156
3592,0.6886118696672962,1.3187793941922945
3593,0.3165291652375715,0.9713471643062692
3594,1.1460948938279665,0.8878401952738451
3595,0.5174647292385907,0.7025697952118004
3596,0.7919068254771852,0.8888494974636456
3597,0.8603723913628271,1.0059486157174973
3598,0.610067296208423,1.4190548922106947
3599,0.26196955623061213,1.782475595082163
3600,0.3307010496448698,1.1281685119371432
3601,0.5796500601445835,1.5984637591101964
3602,0.5562809364215978,1.0335035138681516
3603,0.9270643145095769,1.2801305905080391
3604,0.2122629406457465,1.3448448047180914
3605,0.2507592733217946,1.2979123885457273
3606,0.458002990691501,1.4314236696340648
3607,0.9360808255026838,1.4534494341599347
3608,0.5429448030040401,1.1983419357280143
3609,0.5716382777343727,1.2951073987820023
3610,0.26963261367286506,1.665593897975284
3611,0.15415371799106953,1.1883826862659865
3612,0.7555135939803355,0.8828261339200005
3613,0.5199687404210215,1.1873007171862877
3614,1.5063258772266028,1.5067710032343684
3615,0.36865743861308486,1.670817893913243
3616,1.0735335275121503,0.6414365521571346
3617,0.6348615505706215,1.4194012113521395
3618,0.843601159528331,1.163750699949069
3619,0.930292120462494,1.4884105687103828
3620,0.4861767887881693,1.2853132247683339
3621,0.28518193244668827,1.3493666440347436
3622,0.4807812767967973,1.6665084285522238
3623,0.3445526811178532,1.6016605081769633
3624,0.3063129482391776,1.8815901871802285
3625,0.5640374365373257,1.6511076591763636
3626,0.3956968110042351,1.275613190665227
3627,0.7008600440483078,1.0241129390023014
3628,0.35848009649863694,1.600087254600428
3629,0.4406259010334575,1.284792553301982
3630,0.4031539075665632,1.5676324127739123
3631,0.4261673643272124,1.1492804341695662
3632,1.098286993702639,1.358846345111058
3633,0.6791033435016375,1.1106836439942733
3634,0.566324285471536,1.1303249428608262
3635,0.8553070882772746,1.4056541967225593
3636,0.7360345045270567,1.4701368240699284
3637,0.9689271511329722,1.4605267712442656
3638,0.2873741506264453,1.2441343653974526
3639,0.7956507498318904,1.3820104022650852
3640,1.2650939151981098,1.417758883082917
3641,0.5259622582476812,1.3837262355980702
3642,0.4190124507624041,1.5645136590722362
3643,0.795543290566481,1.8049902542040361
3644,0.16544355609170844,0.9711543635683046
3645,0.33140650341375916,0.8454413332475295
3646,0.5479994487815854,1.5163861055793793
3647,0.577222539731877,1.5395062839196916
3648,0.929323397579657,1.6259596829343663
3649,0.7422727500978389,0.8622876801417729
3650,0.9231527921708839,1.6949568220393392
3651,0.3964601945297907,1.6124589921153287
3652,0.7152662953868494,1.3881746491374634
3653,0.5577017132008191,1.5339004611455394
3654,0.9721141886867856,1.3594683185864254
3655,1.172146967430092,1.1474478002822193
3656,0.3745551307566905,1.1528336829948271
3657,1.280858199028435,1.1994941128638938
3658,0.7261699752899023,1.1472652128094318
3659,0.5110630502997847,1.2579407618899427
3660,0.4513387046682483,1.7525136025450117
3661,0.4780897387575712,1.391140507286428
3662,0.24609233334246616,1.0948356934137506
3663,0.42937356703045604,1.4826138470242924
3664,0.18802225082135526,0.6582102129950225
3665,0.5292769686117175,1.3414703138020772
3666,0.7798862931960617,1.6580834955465926
3667,0.5272197182278546,1.005146187374218
3668,0.9474091281079429,1.48019540271927
3669,0.9021377951713991,1.6195232170132026
3670,0.3974920945741163,0.9256882021808814
3671,0.21957519354770563,1.8036737649954881
3672,1.270554640525912,1.1885891093816376
3673,0.9443891792717908,1.5137154040472787
3674,1.212268144267152,1.3069742372539266
3675,0.8885568541039416,1.7256650764129562
3676,0.8524376797053358,1.5360163174329724
3677,0.6686861087736332,1.8708556438594075
3678,0.3150856773655117,1.4767318230439757
3679,0.5069463134806681,1.1154084806404827
3680,0.7425251120566869,1.488466506685639
3681,0.6266306005648004,1.2911761129834995
3682,0.7070591010335361,1.639257743564924
3683,0.30910561847065204,1.4050872847698481
3684,0.48760248550224966,0.7600245761368098
3685,0.5233543216164901,1.0530441246399098
3686,1.2349350254097038,1.387777705162287
3687,0.7997207437323328,1.1353501468063765
3688,0.5497718697782079,1.2640330236491883
3689,0.3052591068829058,1.1432652420211333
3690,1.2767293622701945,1.2997548027318797
3691,0.7661798671734185,1.204734372933697
3692,0.11974515055919555,1.5002101610044127
3693,0.7187472787276549,1.6520109553426026
3694,0.46044860037233915,1.4979919595568936
3695,0.37572512166953276,0.8464514871909357
3696,0.7434689763761638,0.9621599974322526
3697,0.410269022557911,1.3793903579168307
3698,0.33079742797844197,1.4640990504160039
3699,0.559588485664865,0.949375741526779
3700,0.6664827359229593,1.3926417897958232
3701,0.6718439202070278,1.4506272032404697
3702,0.5238989374022782,1.2557504539905169
3703,0.9542256819429021,1.5379045120579697
3704,0.6598805280846204,1.6479374776674813
3705,0.23989138861919032,1.1134788721985296
3706,0.6511206083378229,1.3826351330979807
3707,1.0887277209912007,1.2382623945432978
3708,0.7484518314333297,0.9467972471506525
3709,0.21740568767894536,0.9891097657230594
3710,1.0090719154904584,1.3731520650801927
3711,1.2792525775426902,1.6732312498492308
3712,0.2655771214969345,1.3989341354235765
3713,1.2180000685241437,1.1497435140568233
3714,1.030311395933012,1.221616955148165
3715,0.7712058431592178,1.7076883583959475
3716,0.8914493637849922,1.4352719247190642
3717,0.2487088036149634,1.2526108113561258
3718,0.5245168231224661,1.6029449592361091
3719,0.3950597305921439,1.8782332531699897
3720,0.47198322431301765,1.2661377208478497
3721,0.6867666181428266,1.5713876660999446
3722,0.7368081069740149,1.5711006271232835
3723,0.8118685939446292,1.0982863134363794
3724,0.8672338429553679,1.6107250192821643
3725,0.601994929350266,1.4390167517486572
3726,0.43847708467099594,1.370856604418029
3727,0.3141079129400423,1.4300231039392104
3728,0.29522068446657895,1.5090643684049787
3729,0.4359479739799909,1.2660567836801024
3730,0.28796571859973985,1.2840127868576705
3731,0.8288426345455546,1.4047900297341478
3732,0.8486643047456567,1.19057504678336
3733,0.5738536255874721,0.877849201397964
3734,0.5376535770622928,1.424818381681312
3735,0.6003965463381379,0.9429719492422739
3736,0.7112521280942553,1.697567216933901
3737,0.7173906947539105,1.5923148720394056
3738,0.8004970523696692,1.5447827874676354
3739,0.7117084488325183,1.1768042998967507
3740,0.4665777684846006,1.5912972860672294
3741,0.8348954415856877,1.7893237076176698
3742,0.7875285649816844,1.5557697775118486
3743,0.5488921378885733,1.2326668664491152
3744,0.5669692826098096,1.5908047858373915
3745,0.5469487524778123,1.572945789820928
3746,0.6200862633110065,1.2470160949798061
3747,0.10988470145968811,1.7177054813670418
3748,0.6529801990321945,1.2943184511089885
3749,0.4990724822631715,1.6074360200475666
3750,0.45933555902443635,1.8282006766417866
3751,0.6801805413473123,1.2174778874499133
3752,0.40074121507637533,1.6452377930214523
3753,0.41720238973999824,1.2482912968486117
3754,0.4218456541497945,1.8048745071358447
3755,0.3616444511339385,1.2040438641928666
3756,0.6267788800221828,1.228305537744455
3757,0.6655352733704009,1.2987526925118296
3758,0.7085589724291165,1.5921627577984825
3759,0.7346716297983896,1.100807455944258
3760,0.49680287959186953,1.265664183831802
3761,0.289834643412895,1.2058176435236927
3762,0.43608501768530267,0.9007699641496325
3763,1.403627142029742,1.7383967689409112
3764,0.7830997731641199,1.3342238077486497
3765,0.3075655842695547,1.3718577836896217
3766,1.425960755830062,0.9773610600430609
3767,0.22823321388405585,1.3355651369278427
3768,0.8393863973639644,1.8958727209137485
3769,0.4712852193131549,1.4080137424463541
3770,0.3165239619972383,1.5383865514775572
3771,0.9712826639592459,1.6616563121684325
3772,0.6458476944714843,1.3114119311363166
3773,0.6342736748457164,1.7288377975187998
3774,0.48674215264312976,1.8799631769952312
3775,1.2087672123721356,1.254812066766822
3776,0.4923018977769593,1.2611911418245294
3777,0.8862930641047423,1.3469617655925934
3778,0.7616538220385615,1.0051529739740208
3779,0.9288263014970807,0.91939884861248
3780,0.5756718528838219,1.62309701377668
3781,0.6561964795846107,1.4191164127665323
3782,0.3846956693195484,1.6291865483076216
3783,0.6246575022634795,1.3656590608639905
3784,0.5715128771221556,1.468042448633232
3785,0.3234681614084252,1.104675411808229
3786,0.8025464215951126,1.1607190676300059
3787,0.5275276978275741,1.4632679567649123
3788,0.3727297982434284,1.5688348175982005
3789,0.8979113781689145,1.4180814082052593
3790,0.693624032548804,1.3385750744774216
3791,0.38642004596848345,1.4964658824369454
3792,1.605213189667167,1.3335148137653583
3793,0.5667639250020817,0.8899193340497369
3794,0.5817940009149267,0.8446082859626809
3795,0.8615928920016124,1.502332580107648
3796,0.47747458047632246,1.4319601184409256
3797,1.179698889537693,1.3320572912929611
3798,0.6274349987236139,1.5141478184438681
3799,0.25443326946249156,1.6049779480270452
3800,0.3306276502858875,1.5058683098395451
3801,0.2691966327902454,1.092713552033683
3802,0.4780981998800854,1.5799475021422287
3803,1.0717062441610818,1.2773306127904673
3804,0.31598021402156584,1.1111992279857485
3805,0.9256302563805905,0.6486652092292677
3806,0.7366479565521531,1.6546638245468683
3807,0.8012961391238964,1.178965428078493
3808,0.418005789916346,0.9702592574429405
3809,0.8862336187769296,1.5252791689442737
3810,0.39011666557707414,1.0955867686908278
3811,0.6172766715258902,1.24027399645587
3812,0.8114864182858458,1.633624600498826
3813,0.9690774675854488,1.4812420812836526
3814,1.1062809738525103,0.3451216671763242
3815,0.6947928404367847,0.8396686453599507
3816,0.2838739193385967,1.2439274031227185
3817,0.4868393417256126,1.3975499496186092
3818,1.362324691190033,0.9761651544658692
3819,0.8616328938485249,1.3586985637752995
3820,0.4941803408157549,0.936240498347058
3821,0.9603648446820501,1.4691753133588463
3822,0.4843122909718575,1.009754523845917
3823,0.4080372974536854,1.424325773236843
3824,0.5644623850314457,1.3181343205463874
3825,0.3877712221116561,1.26757232783779
3826,0.7668075736632495,1.6742387454055954
3827,0.6432104016260417,0.7862633628662659
3828,0.6661068816397446,1.4841659209711078
3829,0.23393406656713522,1.3495018311098175
3830,0.36211157509965375,1.376200143543552
3831,0.761765445541868,1.3278236781956994
3832,0.6302233467736026,1.448727372495902
3833,0.551004489026891,1.6681532369021905
3834,0.7857891684653361,0.47329071457222227
3835,0.3266560690106139,1.5668656683823974
3836,0.7189879358945871,1.4790317769198928
3837,0.5489610418265377,1.3757028935455913
3838,0.2009709591936104,0.9350825870208002
3839,0.79898772627915,1.508013325345697
3840,0.38808454556975236,1.4763838453329496
3841,0.8108233388982865,1.0818934718297466
3842,0.6791819347705703,1.6014039750555962
3843,1.0446231120469809,1.4658258715454866
3844,0.7192349291073826,1.1466461314743397
3845,0.8042716180949094,1.6261451363570183
3846,0.5087867711715006,1.6760242792349394
3847,1.1410087764974404,0.9613423007453266
3848,1.047640289518496,1.0441212679149432
3849,0.8481407951064381,1.5136820649015785
3850,0.8541973714052183,1.0789416551703956
3851,0.4669974692199069,0.9530662405828672
3852,0.5050878555694086,1.735600589512532
3853,0.7336466074377117,1.49439033609975
3854,0.12774130610278475,1.4171830807260437
3855,0.6710378946838093,1.735102666774171
3856,0.5646622428820931,0.6457600727773836
3857,0.5889984948775524,1.3560764447411189
3858,0.8737298680991138,1.79544942070646
3859,0.5985600385991033,1.686897454280073
3860,1.0088376649612247,1.6707040585502069
3861,0.28902786084832055,1.5395491117844715
3862,0.5273797072099438,1.0866716604858015
3863,0.39711971884080477,1.678983371109781
3864,0.48324509812802896,1.1370284357549112
3865,0.4881895894638605,1.4749313827469666
3866,0.7928013649974066,1.2575837373974217
3867,0.9743118495907626,0.8834611328473538
3868,0.44403044890700477,1.0571716250932717
3869,1.2464142675208056,1.4151542113280016
3870,0.504134972874257,0.6849760190056526
3871,1.1480064579592881,1.5482297702837526
3872,0.3875091755749651,1.4422113673449701
3873,0.7039370484082049,1.2022617670261726
3874,0.566721472753066,1.8041008952915834
3875,0.9622916268725304,1.5897588164134375
3876,1.019471164800016,1.7568124488491996
3877,0.46370586822528925,1.3114534200237347
3878,0.3967684051308921,1.7482002025571406
3879,0.4895807091648024,1.7612128989208715
3880,0.4926636350258048,0.4870471860332759
3881,0.45784262331573844,1.904674386786525
3882,1.047435314962371,1.239379464172607
3883,0.431310781742036,1.5289506122161556
3884,0.26191613715458545,1.4880255541694773
3885,0.23013574392596922,1.5712067207947928
3886,0.5036126980516673,1.6919377664856585
3887,0.43805939273144195,1.5520674378262094
3888,1.136285902097419,1.0459796909707784
3889,0.7638781549650565,1.3821850896485235
3890,0.4902080187253006,1.3392618099804907
3891,0.6637391657885606,1.1313003544049844
3892,1.1486413823574044,0.9663704494978329
3893,0.5300037743234675,1.4899558146281304
3894,0.6548229724575709,1.3070269027384565
3895,0.6401990821788278,0.8358021814922778
3896,0.40796800201746963,1.3831457944397798
3897,0.4730892905647149,1.1181621638220367
3898,1.0004569324997574,1.0498285684139281
3899,1.1664553566724845,1.186493431872016
3900,0.6085556865493752,1.049651949763724
3901,1.1924526457558673,1.058994222842072
3902,1.1230300693362636,0.986087707683561
3903,0.38505319741546445,1.0794526752076417
3904,0.40383739047205836,1.5641648443897016
3905,0.5039629031399456,1.534726725756241
3906,0.47258408321679185,1.3847106204494133
3907,0.8474340873183505,1.0843534869160172
3908,0.5623927862723884,1.057392367265973
3909,0.6940656229909943,1.6300769413035119
3910,1.0458004324423007,0.9954894049506513
3911,0.8270658681567948,1.2940568937846213
3912,0.5999891572701084,1.4455799527661948
3913,0.46954554973626483,1.2670533625812808
3914,0.7369981925919076,1.460595425174695
3915,0.466739905903361,1.3489817201386163
3916,1.4888458181027895,1.2404739217315846
3917,0.6856169504904719,1.606235681524872
3918,0.27908291381435946,1.3222424885943602
3919,0.30666074763785617,1.6748525990870438
3920,0.3960533597608553,1.0962025668160207
3921,0.643027278190551,1.1899652154248543
3922,0.761554978727926,1.6834054959022935
3923,0.8379361420267692,1.348220556143381
3924,0.9853110811398501,1.0137844439599837
3925,0.9175603477591044,1.184770877924263
3926,0.9869484398081743,1.4591126262827796
3927,0.6692523424984846,1.437158419298141
3928,0.5448527826742247,1.234646471242475
3929,0.3257882798681401,1.4855957586603674
3930,0.3849469450421331,1.5934588010716948
3931,1.1357345576285929,1.372578115734973
3932,0.7024394081687164,1.5362275675993537
3933,0.7269995329330491,1.4670921653353937
3934,0.8824546861880177,1.500688439174092
3935,1.0258899780194433,1.4405813937401244
3936,0.9446788329777615,1.49509061770457
3937,0.8237057883479115,1.8308396811538972
3938,0.9230146188451831,1.7069124814878114
3939,0.6528570300848143,0.8303604767638137
3940,0.3373251480259117,1.2646861946212495
3941,0.8002104188202539,1.7075070415269449
3942,0.7988335249623397,1.598350847205515
3943,0.7402660581304024,1.4319021786835022
3944,0.5898493596219027,1.2391108525258576
3945,1.41634293655392,1.394533318736928
3946,0.46132355493532834,0.6186233713908167
3947,0.4305394774241484,1.500176719844081
3948,0.5036871785722863,1.526340883266168
3949,0.6277088938615962,1.624000934096697
3950,0.3900940261520567,1.2534291388602958
3951,0.661332128289775,1.0533172210331516
3952,0.5785842865220253,1.4129770256285816
3953,0.8582380684772581,1.539293938184096
3954,0.512265044360588,0.6032914149745123
3955,0.5323551072080278,1.1064878781718124
3956,0.6569406503263869,1.011070199964656
3957,0.7567737820804287,1.331071378690915
3958,0.4387178140196658,1.512277964542712
3959,0.8027028521725024,1.6557190829862072
3960,1.0138197821624562,1.1297103110081042
3961,0.5684927490132018,1.0486355131321443
3962,0.4956308960202183,1.3728661884124316
3963,0.35364123732948527,0.6873031665672922
3964,0.2978236077137689,1.5484982598204737
3965,0.7763205512999706,0.9407345973185173
3966,0.9943728147290374,1.3339443024245137
3967,0.514835102589505,1.7901352126814896
3968,1.2155322639320727,1.4015847603830531
3969,1.078310063035056,1.1291295546736515
3970,0.5963213364492561,1.017967408124718
3971,0.6228127423790466,1.2409770899954087
3972,0.3747656406916591,1.3253583457701403
3973,1.1727698457141618,1.2934539001412801
3974,0.5850336563972369,1.3712707913835187
3975,0.17282876162523453,1.7878809775982947
3976,1.2273350096929887,1.7108230661964865
3977,0.4810277457796651,1.759973541094415
3978,0.35307375064490143,1.1049584084896484
3979,0.5844085726703708,1.325667820861033
3980,1.0347466244818975,1.2438874906841417
3981,0.7625267404047695,1.0394126916039743
3982,0.46096647585704453,1.4913267973732287
3983,0.9679187858106383,1.7266451399491236
3984,1.0678698045993948,0.6378572553801625
3985,0.7234574262900045,1.2111446317459462
3986,0.598025487174827,1.4576548979430055
3987,0.47354976844818764,1.8287935789520477
3988,0.5389888317537982,1.6001841346723682
3989,0.6103450837950785,1.6808838959456027
3990,0.6291598728990588,1.149159393122037
3991,1.4557645947666644,1.4669708868805875
3992,0.6587274208837287,1.3039329695087352
3993,0.3216765407467658,1.128221562827203
3994,0.7646126090134562,1.4284723269273198
3995,0.29476572055862116,1.8077471422569173
3996,0.9391754238864763,1.1425358204911247
3997,0.40401134407525213,1.4501974983941373
3998,0.420659582488405,1.1313551755608793
3999,0.7671050910583068,1.4880380267278976
4000,0.4894439117438305,1.6265548581074694
4001,0.2895373364517327,1.659465082067297
4002,0.34454235172006636,1.7253503917459114
4003,0.7181985692698942,1.1764052072450295
4004,0.2613224334019693,1.6390015453748952
4005,0.7882874126773861,1.5705982392918485
4006,0.8089718341569042,1.2817557754745526
4007,0.5367047009994291,1.0931627950869935
4008,0.6830191961155848,1.1460787508709611
4009,0.817086105236923,1.351496288910818
4010,1.1390068097477448,1.68375334362782
4011,1.0705476099909605,1.3626494689422697
4012,0.70505410996056,1.1263570746738418
4013,0.5734805165557059,1.7507697455428737
4014,0.979337441439582,1.329344663507544
4015,0.5395454599628474,1.535791856812673
4016,0.7863268631070797,1.6541776219048052
4017,0.559595764284624,1.0582521845403696
4018,0.6929288446503689,1.4690626320446891
4019,1.0047750794278596,1.095501657015832
4020,0.4980271002625656,1.6654694575160474
4021,0.5179291997475075,1.3952193525286272
4022,0.6532901830146339,1.3693400972999166
4023,0.2956110760549682,0.9276775510322448
4024,1.1719449536506672,1.3110971413217318
4025,0.3137739449180387,1.4965023180659522
4026,0.6166586066721236,1.6329408200951825
4027,0.4938070585949246,1.0736841603529124
4028,0.6519224843671255,1.649483863768074
4029,0.4439039589428679,1.338462173469606
4030,0.669018600365023,1.526090816593385
4031,0.7090229787317901,1.1382734014504299
4032,0.5246028042230917,1.0143476695907179
4033,0.9032597855576652,1.450324277298111
4034,0.6030480943212421,0.387837027755493
4035,1.24172459034333,1.186065054625585
4036,0.572912026859118,1.6662341046061526
4037,0.97841644638573,1.5044509267983601
4038,0.7487566364579591,1.4963629874751678
4039,0.7496466313277392,1.8017886273620771
4040,0.4522264808912487,1.5937478384646009
4041,1.0129246058897936,0.9055572125290527
4042,0.7507269438189491,1.7666158148509434
4043,0.4540081947421394,1.7659382431756525
4044,0.26524430535839655,1.6937987047163898
4045,0.4980486709066294,1.6064595787448859
4046,0.7544935901994183,1.2469862624487553
4047,0.5928079724502582,0.8931365747296112
4048,0.6886774673327197,1.4863330800152896
4049,0.5236237219586072,1.4771754111025057
4050,1.0606580975463686,1.7012809957347343
4051,1.18788428291086,1.2685653603767633
4052,0.5796448427260618,1.4666066248546281
4053,0.6056384693695043,1.3911541952050026
4054,0.48588169814782817,1.0964418661887279
4055,0.7301563601702868,1.187477210018233
4056,0.46157252427219136,1.4223235342553087
4057,0.7068992789043291,1.236603910057048
4058,0.5372356016991967,1.3012314516567889
4059,0.6705036686084073,1.5766140387455094
4060,0.8121055788222645,1.4799883007274706
4061,1.1305597741520625,0.9892259962658514
4062,0.9654102602494236,1.1236378132964258
4063,0.480829717813418,1.4635220012003702
4064,0.6071709794824843,1.2898056680735532
4065,0.6278691949829722,1.8127989551472123
4066,1.2216720204867062,1.1082288382032648
4067,0.39481149709220026,1.1686459793481112
4068,0.6925534114728072,1.0189797351564742
4069,0.6989507508087862,0.9602268423474156
4070,1.2233535221482612,1.393150973718182
4071,0.8912494025575975,0.8358932283532905
4072,0.7871721599168702,1.3073224472956972
4073,0.6901150359109174,1.4007981126965587
4074,0.3826714553037569,1.2239412365438351
4075,1.2853052594081469,1.5233028905930213
4076,0.5789175333626925,1.6304739665583319
4077,0.36047413637944736,1.4377818619963834
4078,0.1899343612827754,1.4405423690848642
4079,0.6596489990480879,1.0208115876041561
4080,0.545656227110046,0.5722704254894677
4081,0.9351186693221396,1.349340388893861
4082,0.8199589650762351,1.0917725901372408
4083,0.3769208561855965,1.3292709131724338
4084,0.4235426278961335,1.3925618396583879
4085,0.8643074364636774,1.5017203312607907
4086,0.8039431076125115,1.3860210211249826
4087,0.3742878286408504,1.5653787391052376
4088,0.42404828990709464,1.3053999188904557
4089,0.4675168537434632,1.557680699953892
4090,0.6237818028306708,0.8164856977313475
4091,0.9955941746196324,1.3524918983958099
4092,0.3826722593215298,1.5079629854644074
4093,0.5224210907992183,1.0928129445714017
4094,0.9966280275602799,1.3448021154279137
4095,0.638513654377166,0.9577561301348367
4096,0.42658035147261425,1.507538848456393
4097,1.1162318485335372,1.6105866931438437
4098,0.8283204382509345,1.7326993466915537
4099,0.8252573626870233,1.4308799242671677
4100,0.2848114847724081,1.559940081517859
4101,0.7467148015723205,1.2823518924876989
4102,0.8760346503228961,1.611952886596457
4103,0.7426329623273838,1.4269642273751026
4104,0.7390207816692977,0.7612444822050581
4105,0.6966653815121951,1.1279931077064949
4106,0.7147496862551889,0.8480181500846413
4107,1.2412705508145854,1.048379837304847
4108,0.3123225380275859,1.852364368916681
4109,0.4917754052926001,1.4281557182925395
4110,0.6806014506038303,1.5764912501763626
4111,1.277071918743731,0.8360819359825591
4112,0.7685436484158409,1.1937833145354326
4113,0.28844077428189113,1.310588764081528
4114,0.9323473008069555,1.6436272675060506
4115,0.8772911832239846,1.641331610801008
4116,0.9913231032866681,1.2884424633935163
4117,0.7429032827911588,1.1068829044374409
4118,0.6907324806618875,1.5536803516224995
4119,0.5590314767183698,1.5651311199623748
4120,0.8399766904462032,1.3052607134916716
4121,0.4218712889382148,1.5915769845945005
4122,0.5807892066948998,1.519940063239016
4123,0.8598549463175937,1.5173377043535803
4124,0.4814560491194989,0.8302640811689206
4125,1.3974358898213246,1.4093018355943743
4126,0.45573565796122173,0.8105376804813651
4127,0.16592134920078275,1.312474530130027
4128,0.6482060905765306,1.0070984801060474
4129,0.6265851178553715,1.1966986605568852
4130,0.30475182563147407,1.6937259534002043
4131,0.18441081884322116,1.402695023444633
4132,1.4450908651958307,0.8670871978704937
4133,0.2825337883473898,1.5194232700505876
4134,0.19578489131199722,1.4094021203555118
4135,0.31616125097305525,0.908878854745421
4136,0.5925049113913463,1.2248859954177818
4137,0.8792424228549756,1.1614584151516927
4138,1.0597535045893909,1.6425994957072247
4139,0.6302359774574394,1.728490614155222
4140,0.7744311630981916,1.135478628242703
4141,0.9279049698643496,0.9007988724995442
4142,1.0045295980177105,1.6994757352053376
4143,0.16282816533682068,1.449635189414579
4144,0.4831127980026344,0.9372565609102432
4145,0.8560868447706921,1.6289916883386895
4146,0.7570169824611296,1.2935550861789535
4147,0.7832820802847221,1.4996895101622787
4148,0.45065199221174257,0.8082055612995331
4149,0.8127895470613292,1.461048889694542
4150,0.8908338871421045,1.2960911861333138
4151,0.44489960938017115,1.269704307545539
4152,1.1024195192080082,1.0927975831975338
4153,0.1565206159826379,1.6930360912731612
4154,0.2099180307833302,1.157419643794848
4155,0.8914565729551825,1.4190619791716712
4156,0.7925854889378489,1.1089727261505704
4157,0.23099957220134995,1.0265304178739436
4158,0.21555767898116784,1.4990210355685618
4159,0.49694234187152225,1.441109996218334
4160,0.6799027084402738,1.4458314300616264
4161,0.3160481916254984,1.639301082887302
4162,0.7760048562310478,1.6305845236182843
4163,0.3956827640915729,0.94974994607948
4164,0.47444052706617695,0.9652900299353218
4165,0.8038618295530965,1.4019555865276132
4166,1.4306735613924013,1.4718011298778122
4167,0.34019526864692273,1.848799081272003
4168,0.5879735765953226,1.4304140920834874
4169,0.6559673161490491,0.8546734106120508
4170,0.5592292891008348,1.5980682024852577
4171,0.6148318997542291,1.3448866960121992
4172,0.2552020002594301,1.5692544888342834
4173,1.0485949974715965,1.2000062692656028
4174,0.7405131422410827,1.7703112223538027
4175,0.4133783776886789,1.3020923031242813
4176,0.5073859893583421,1.2217733335981293
4177,0.474179900623828,1.522812109965363
4178,0.6727211859345198,1.1588549132502461
4179,1.0321898884298,1.3546954041146302
4180,0.422719584797011,1.3952471224623877
4181,0.6760746889924106,1.4219908586115797
4182,1.0124822761292023,1.640856421794385
4183,0.16946925771732627,1.315074940055704
4184,1.0063847419924543,1.654297629892651
4185,0.7144914115517056,1.7317744345567105
4186,0.48951708806709043,1.2118559406979859
4187,0.39094630424497845,1.4439367436274906
4188,0.8615434838317548,1.6921938282648012
4189,0.3675068643263337,1.8568353662010988
4190,0.5307026146807373,1.364559636820713
4191,0.6253905837079785,1.5310948971408158
4192,1.1171078372176857,0.7181284306489033
4193,0.459664402298619,0.974656133097062
4194,1.1788341672047125,1.7395558705478928
4195,0.4343142702253635,1.5611611226302873
4196,0.8183659494244211,1.211503298454153
4197,0.2218870776180949,1.0724464380090972
4198,0.8140672042251632,1.468130580088037
4199,0.48503879895014657,1.2136288947513356
4200,0.7228587006599033,1.4285078237129794
4201,0.49844271743227203,1.7552965878794493
4202,0.5907635998528994,1.1882705535526918
4203,1.0548786357986086,1.4758305731534893
4204,0.6933557343511806,1.445672641165189
4205,0.8407413185673008,1.1145714279170387
4206,0.7568131234195479,1.4507179763012368
4207,0.5947184480806067,1.3660525062003548
4208,0.5788125060976241,1.3627352048185668
4209,0.7622245482839632,1.2388580876839697
4210,1.0250492598954213,1.4924105673487011
4211,0.7477545147794687,1.1625365854003205
4212,0.9401428180251509,1.7051300549399073
4213,0.070657987517328,1.6003790661395183
4214,1.1039527439664523,0.595286624891578
4215,0.3778894038777605,1.0520362903294633
4216,0.5310479986418221,1.406733889302838
4217,0.23405168130938755,1.7206322066646385
4218,1.0787896112615831,1.6975181518588065
4219,0.2795536750795218,0.9819863294751177
4220,1.0087036264233447,1.4216311226197433
4221,0.4924124255041838,1.307300452722313
4222,0.5185588569322164,1.6402137706091058
4223,0.7283351746916036,1.6190662449269368
4224,0.47176968706435,1.3955316710650685
4225,0.25539042106295645,0.9582508684340514
4226,0.3523863784248105,1.3496702046043996
4227,0.8712768489244685,1.3289240846225998
4228,0.24748501688065389,1.0898530494173615
4229,1.3162579231690554,1.3558593694217331
4230,0.6131430302152852,1.480628743391573
4231,0.7724596740840742,1.3561121696362743
4232,0.6581963403933848,1.2501320552099005
4233,0.6678781658625867,1.2434434629392435
4234,0.8040729045944804,1.691246501872131
4235,0.671430654961139,1.3025971222597243
4236,0.6559722109956989,0.9954400116916962
4237,0.7514360214891264,0.8449935627260703
4238,0.9467511595411707,1.2881565411904108
4239,0.7798952707948705,1.6810105496655883
4240,0.9480251257000062,1.150763510019651
4241,1.0191438408611204,1.2876542113881095
4242,0.5796691512965354,1.8689326519537965
4243,1.2267949153368072,1.550025129683481
4244,0.6561292619544223,1.6551237832520218
4245,0.7129682749043771,1.1658977063208755
4246,0.3165307082215964,1.4909766140535092
4247,0.6096863527697657,0.6395403819588206
4248,0.570123380798861,1.3215625421586408
4249,0.6802340882967813,1.5130822202916612
4250,1.028086594629266,0.8629416972350676
4251,0.609810698067474,1.2522632138385257
4252,0.48518507219684337,1.654730674149964
4253,0.9402923633879988,1.3213528175032885
4254,0.4152879903547533,1.7465181061866033
4255,1.3653794206861942,1.7300358247358512
4256,0.7337617484551695,1.44172522560577
4257,0.8294632705299446,1.2466024290586344
4258,0.6246458733144669,1.2862647107478549
4259,1.1760497818866973,1.2646192615046834
4260,0.5055067828497476,1.2082450308500583
4261,0.35942914886562777,1.1573103306471626
4262,0.854237812465685,1.4961945355806732
4263,0.7499445135167062,1.535075941012086
4264,1.278116441132042,1.5279812407137157
4265,0.6568901369383547,1.4390479938010916
4266,0.16987877328233925,0.9853778972556386
4267,0.713100001076488,1.2132359152551588
4268,0.5423221745679468,1.691373976988332
4269,1.1988132718056128,1.3903320898550096
4270,0.4078124398572788,1.5745514071648452
4271,0.22306066543893507,1.2969656638011604
4272,0.6026959290894599,0.9603419800098429
4273,0.2548271964586801,1.7183981211742685
4274,0.7415467320597944,1.0760831472697066
4275,1.4722977547303533,0.3526489926682592
4276,0.8608951574774439,1.268305459940264
4277,0.26775074403579285,1.0031149914750699
4278,0.5298541487027625,1.248020553024861
4279,0.5327713877527293,1.47656684621705
4280,0.25674676883305486,1.6402336395979862
4281,0.5381101194706992,1.3441488755203488
4282,0.28424973370711965,1.7307792036521696
4283,0.2118941032055702,0.6513370476723659
4284,0.8690301622904224,0.8193178214306411
4285,0.9531401465277428,1.1923586774436685
4286,1.111803070545361,1.9253436978306393
4287,0.7489832947639309,1.3392475027981259
4288,0.9500829345838511,1.5368825540914015
4289,0.29089476146713183,1.7969056027693566
4290,0.4595764872247854,1.5674660348940799
4291,0.4905213105737583,1.7516441629191601
4292,0.5137075705995054,1.0359108228431064
4293,0.42459878198725304,1.080701840527825
4294,0.566812724568304,1.302646240905179
4295,0.569316689492757,1.4138532124084144
4296,0.7430162103865819,1.6299324877707777
4297,0.8001265462266659,1.3544539374412632
4298,0.6208232522181726,0.9031681123572415
4299,0.25414907649248547,1.624512178207937
4300,0.5360911274502729,1.0142534037933049
4301,0.23657541934971774,1.5380948799324645
4302,0.28255023725521794,0.9827664415159452
4303,0.6723039137624286,1.6662047204643016
4304,0.6096713188709552,1.2493312574940787
4305,0.4557601244201037,1.2990399083634452
4306,1.156077195762498,1.4764114466787617
4307,0.46894605476967105,1.3927436580314694
4308,0.811376733233343,1.321837808403426
4309,0.54124679533471,1.4269130344190448
4310,0.4356228964575148,0.955163732570733
4311,0.24955317790728396,1.6306008303678197
4312,0.4294519873500471,1.4960275786320876
4313,0.8778078554914187,1.335258043484028
4314,0.445631358876177,1.4770833177408198
4315,0.5554744442598032,1.6835242090706348
4316,0.48536439388215713,1.2595574232741842
4317,0.6170171831145549,1.576315117909207
4318,0.74791857384695,1.146371570163319
4319,0.394040817029223,1.577999196405171
4320,0.7220995137287407,1.8000920767117978
4321,0.43166359093831125,0.9998146013232989
4322,0.08800063631599415,1.1995335189733987
4323,0.7799173374206143,1.1834841858291503
4324,0.5987576155909667,0.936113539498203
4325,0.2224861500350075,1.1207970504935143
4326,0.537010291763565,1.2221852012923768
4327,0.9743052306421894,1.7060054527429194
4328,0.902210009491347,1.3261354658782734
4329,0.6623603299752026,1.175678331806899
4330,0.237433283450665,1.2001500976557358
4331,0.9264665928490765,1.607086666631171
4332,0.654381159720565,1.4179972304356612
4333,0.1982364914436883,1.300820725650692
4334,0.6943709229401331,1.2705162235585572
4335,0.8163623847310597,1.1013492388392585
4336,0.5182640813029382,1.4486592484986505
4337,0.6320511539601545,1.1621523232091817
4338,0.6470592002505658,0.9998242094776761
4339,0.8580978597349652,1.4629826932226535
4340,0.18554272859296653,1.6467483933581057
4341,0.6927928155761212,1.3916113174316531
4342,0.8021093317472727,0.9412663047315017
4343,1.1004493298683318,1.6459604105022998
4344,0.6409152600026615,1.0519430675307575
4345,1.006132841250165,1.2274078605806333
4346,0.6855045908639087,1.2680608047343396
4347,0.7641431913304286,1.4819290553609028
4348,1.2725556492667118,1.424481798042776
4349,0.5229090521038666,1.7691719797242458
4350,0.48729499179983754,1.5815718742116884
4351,0.7403366180317845,1.140669252218768
4352,0.6982185430258395,1.6462060691680758
4353,0.42150840884182555,1.4304550982749191
4354,1.0137213722167078,1.5760727196746998
4355,0.48436727718563855,1.5313688186245709
4356,0.5201211422548142,1.382526181718759
4357,0.6274204880562207,1.6176721865262624
4358,0.9846455120510956,1.2739828790716166
4359,0.6816619649165744,1.5675255565669275
4360,0.20539979938219546,0.9223211358904277
4361,0.9573211273508503,1.79286906881069
4362,0.8789341247527328,0.7580596282946321
4363,0.5687143047983299,1.461237031454321
4364,0.35604527650508505,1.5049797136851177
4365,1.1332762782424652,1.8124048395711188
4366,0.9223034908891238,1.472809106036364
4367,0.7248096833668368,1.4356202135347162
4368,0.6733233875954266,1.4080205510542756
4369,0.12487262355347126,0.9909690029911542
4370,0.43325596347947243,1.8996925456489318
4371,0.8732726635428335,1.1012304851399217
4372,1.1065098940915865,1.47956124422844
4373,0.5485197820146277,1.5946017241066066
4374,0.9422148676463462,1.4478239849957442
4375,0.4300914287537961,0.9519674185168392
4376,0.2294072520013325,1.4943178995613222
4377,0.7746532029306702,1.1931756402624838
4378,0.7584195197427942,1.2904354436646568
4379,0.18157265672811482,1.1049799851972535
4380,0.5544712596991213,1.150763688740855
4381,0.8253603727555933,1.2519156108288034
4382,0.9443366947322854,1.4955390221497842
4383,0.6604977236469924,1.377959655994275
4384,0.8643492977475524,1.4874941913264579
4385,0.3236814091845585,1.3167610937525667
4386,0.269830742564523,0.9540813805711577
4387,0.6947919704410715,0.9191634140631011
4388,0.5331162246713113,0.848464199602974
4389,0.7881075617022734,1.158361394700358
4390,0.8572729702650862,1.3987018071554966
4391,0.32344393574780866,1.8357567615595398
4392,0.52865760388295,1.0361422572065178
4393,0.20814410783261478,1.1835736683172624
4394,0.4321075220406442,0.9992897942710866
4395,0.5295101962725768,1.684685198613832
4396,1.0766634405992763,1.5883890293127816
4397,0.7512274182133051,1.0554796987060724
4398,0.6839250313524364,1.123639381928621
4399,0.6023021349382764,0.8563305616027417
4400,0.8175562109058003,1.1412590327572387
4401,0.35192020574038174,1.5631593605026548
4402,0.6079040699625163,1.1245727961928738
4403,0.6475296680957631,1.3339672487319532
4404,1.223127112305637,1.2358263884466518
4405,0.9214661575899851,1.440708503003007
4406,0.544790475505407,1.7847302609688735
4407,0.540134323350867,1.6068709154949627
4408,0.6191442448978395,1.6753910129724416
4409,0.43807784277553985,1.505950121116073
4410,0.3174016497882343,1.3737519420754065
4411,0.5981605565199489,1.0560787526968154
4412,0.4487349784188749,1.2264297272819964
4413,1.0224386784651034,1.5744360727411255
4414,0.6080165064681418,1.5942885892763563
4415,0.21367808758817927,1.857557099143996
4416,0.5029956279432684,1.1110625984013975
4417,0.4842731530984622,1.4807758196890775
4418,0.9422630564091472,1.4536625688937264
4419,0.6142214775963011,1.4510223589283218
4420,0.8766495671576343,0.9330858847046659
4421,0.42172856273435644,1.3965022470021609
4422,1.0047028355056329,1.2024829271723911
4423,0.7804563802293082,1.6106850602907123
4424,0.49337531034683835,1.3501665955931874
4425,0.5376194696335409,1.2320596805389208
4426,0.501765010858871,1.5180936593485055
4427,0.7087592452358306,1.0591789133903478
4428,0.8364280241873641,1.2081689430828144
4429,0.7616911399634934,1.4409606818040155
4430,1.0192088150189207,1.3582054707774631
4431,0.870741392171907,1.5091705642877744
4432,0.7145460312134381,1.5288332793204498
4433,0.8157186408704662,1.7996624510038242
4434,0.6098587239073504,1.275371006183481
4435,0.4272645242563825,1.1892367918151598
4436,1.257621796186943,0.7696227899580061
4437,0.8746407404738514,1.5785515377852883
4438,0.8666060014779875,0.9658298429221575
4439,0.45315429089608966,0.894809715118746
4440,0.6181688108085521,1.554472113135679
4441,0.49089863203737,1.379620181124674
4442,0.5135542012284765,1.2031234491145386
4443,1.020924890949669,1.079508238052593
4444,0.2117204273189014,1.463789424866334
4445,1.0096892211774031,1.9310800174923037
4446,0.5711491544391245,1.4593921567548733
4447,0.5395185323412149,1.3395540756312987
4448,0.33324928067505094,1.564843169409425
4449,0.23785763276773997,1.3155940702446682
4450,0.5565893895086731,1.3305991185901183
4451,0.8712837130678269,1.827716980260564
4452,0.47262870970328397,1.2556475940713234
4453,0.4220701189083257,1.0384448533859514
4454,0.6518478547310167,1.3959269476100562
4455,0.3077454027724901,1.4162818231790646
4456,0.5549315703662946,1.1790532022024918
4457,1.1221024760073113,1.2732381179688788
4458,0.59894627264462,1.5968040586152592
4459,0.1662169625494353,1.6352711527612431
4460,0.8882890478175631,1.0618393600788618
4461,0.6996759439350049,0.812123637372431
4462,0.717969009922597,1.3947291732444382
4463,1.0382406415404852,1.2385595621484804
4464,0.24935952870021488,1.3246502294070226
4465,0.6356650462895187,1.401347642229736
4466,0.11352057410028515,1.608336418751607
4467,0.811707018546864,1.5147851704813076
4468,0.7439720340038696,1.3441114018877491
4469,0.7088293864198479,1.5040188496225682
4470,0.5218504854858425,1.5210293881318817
4471,0.5784135704645028,1.1697122128315187
4472,0.795592334239971,1.2649633941540555
4473,0.540893684373784,1.4455802706283647
4474,0.6133940668134202,1.2267965673362728
4475,0.6337468989626097,1.3605130059572312
4476,0.3314566737272737,1.778336648941657
4477,0.511648869457786,1.5539013476033356
4478,0.7121411848056631,1.0516519627439929
4479,1.4489451772806294,1.4009713474203078
4480,0.3245252904241732,1.4194560787327886
4481,1.21361927664478,1.1623736529672408
4482,0.2596263871411801,1.7909115100421875
4483,0.3984472616505262,1.635798434144208
4484,0.6833638500397501,1.7167604891782813
4485,0.6880218626141045,1.3678008111711615
4486,0.9416808966325964,1.121453823116966
4487,0.5661725254504754,1.4869451707994275
4488,0.9449393502779663,1.0820618860024698
4489,0.8130987663902887,0.9190454050311703
4490,0.9120450408475814,1.6962773721592816
4491,0.6882690586064534,1.4892505118329602
4492,0.34136578617971186,1.3410338819717864
4493,0.5744340647047812,1.522673103128806
4494,0.5303938586811848,1.3637372661230407
4495,0.3785092226397857,1.3197235311208224
4496,0.8240666540842481,1.2906958488936917
4497,0.7623598854744827,1.4123818083811623
4498,0.4314672009203639,1.4145921134710484
4499,0.7213207409657458,1.374679818533399
4500,0.6905278183882635,1.5000922073020573
4501,0.6422752556615753,0.9891320343580254
4502,0.5055788411258331,1.4762290750528124
4503,0.4931792161377295,1.3584092071159994
4504,0.4483968828851,1.6902359686219306
4505,0.88355757906663,1.276587939510962
4506,0.8039644799271944,1.1484295428635556
4507,0.7995157892444973,1.3526229555452984
4508,0.42023407002096247,1.6827084207954095
4509,0.4747999374348114,1.1338009889215557
4510,0.33307231000405274,1.0812819635509043
4511,0.8631143081107626,1.2332310876859574
4512,0.5335098857001712,0.5682141434014758
4513,0.6172783685919103,1.419265851072257
4514,0.39336014926230883,0.9169126360815505
4515,0.7141968327632834,1.6287709395040453
4516,0.6093465752236236,1.4615034530909063
4517,0.567401833285456,1.5262970834543075
4518,0.46095163797149746,1.555115789905952
4519,0.5277384458946395,0.9139845335543708
4520,0.1845860563518594,1.6231085287398819
4521,0.7366272233580504,0.9792858951304033
4522,0.7814516654670541,1.178082309864259
4523,0.640211138130432,1.2075962845097994
4524,1.1720728099750743,1.4271177258886878
4525,1.2200954050598998,1.1552079283315413
4526,0.6420961435517886,1.7359698758960156
4527,0.5195797343125304,1.8243448258315433
4528,0.4521255540349468,1.5161273776471678
4529,0.9007133156859675,1.1322504038417058
4530,0.8562511141001031,1.3298316735161069
4531,0.9245372179787561,1.0102083105736561
4532,0.2768138743075862,0.9653867931217053
4533,0.40322238693945184,1.3481950618945637
4534,0.9795678879090378,1.2289082173453356
4535,1.077321678062442,1.5245846442347324
4536,0.3890366103876095,1.112501138574214
4537,0.16737720668549627,1.319434116144269
4538,0.7862428906646017,1.075693962122958
4539,0.5789028430693184,1.6414492762116846
4540,0.7553071031573058,1.1919470059557709
4541,0.6500718914225068,1.809399833574868
4542,0.8786445060720276,1.5600723519021198
4543,0.7665827297240725,1.6343568816768599
4544,0.40293131259098197,1.4553710397220327
4545,0.5048659086847126,1.168635497726513
4546,0.5151900755302764,1.5892201228166982
4547,0.6677464912098122,1.3060327928622888
4548,0.6943773577909007,1.8085556780780598
4549,0.5740957188568546,1.517558487640926
4550,0.6573736475987731,1.7696854208783974
4551,0.40435975188455076,0.5899648669682496
4552,0.8318240278771535,1.6226037916649028
4553,1.1014845794243946,1.3372161288971283
4554,1.0768526674031262,1.0753720278824679
4555,0.6629842945997029,1.2888543368421796
4556,0.4813733305565844,1.3565994118901448
4557,1.024320183128028,1.463354797825433
4558,0.6336762989437164,1.5037650703339092
4559,0.2832887108141764,1.3961814722544141
4560,0.36758754929543597,1.0941220565766416
4561,0.7987675287313806,1.871830269933556
4562,1.0083506260884088,1.3592706413594535
4563,0.6281038266781198,1.4240112242218494
4564,0.4669891952041314,0.8729786873126595
4565,0.6746701579848864,0.7326855386542102
4566,0.603350500635159,1.4311524286293524
4567,0.9501808908356777,1.586773496899045
4568,0.3716461387146163,1.3917264276218426
4569,0.9851536653862071,1.547606170595988
4570,0.20937344533721106,1.8951681387767503
4571,0.503693883156358,1.637276379421058
4572,0.6516054400344016,1.5489604469426392
4573,0.45421837569365475,1.2908666020793402
4574,0.23404748651121363,1.693132687841461
4575,0.6748827530586272,1.473728178454579
4576,0.5722104025404436,1.3275526485890086
4577,0.47509247014375444,1.261238580945074
4578,0.5753950572152986,1.2569563442532203
4579,0.5055807487818882,1.6550549396287806
4580,0.9606644699575893,1.2876035195894109
4581,0.47517171126706825,1.7694914016686125
4582,1.388609486704979,1.1040580837696554
4583,0.6275980590061212,1.2891899283683628
4584,0.6346944386524762,1.4952246250961974
4585,0.4541803966865682,1.1585529719086851
4586,0.6019921656537989,1.3336475213092531
4587,0.4134567020423938,1.2397194061904102
4588,0.4498479877621593,1.3084124976805884
4589,0.25087335215829404,0.8624723360141251
4590,0.7971452827610541,1.5147807256344163
4591,0.17717056537135292,0.8252262064036511
4592,0.800262397519642,1.6811367195171545
4593,0.9789097070220828,1.0221564906491167
4594,0.6424381047630056,1.388447961447722
4595,0.7051046473063313,1.1712684154977122
4596,0.925965477479917,1.6206751125901722
4597,0.5298921058432684,1.3787503564969845
4598,0.2781369575067908,1.3384760830754163
4599,0.19525095354269867,0.9884855210724166
4600,0.8307332000700696,1.5984813404985352
4601,0.2097455593313257,1.5889819745767655
4602,0.37586316513874735,1.3257695508810143
4603,0.6098878439620631,1.559716524533851
4604,0.9400008197036822,1.0139620863964591
4605,0.5336036776835723,1.1708735558025716
4606,0.4881508950222789,1.2211507931124808
4607,0.42637820359518214,1.5774460641523624
4608,0.25781234816405996,1.1721755920506927
4609,0.6273118906279568,1.2540649552620193
4610,0.8166482690853838,1.317145233549148
4611,1.0159887717189706,1.025979329599147
4612,0.36157763070221427,1.4220451724442436
4613,0.33247796773710225,1.3943771949890027
4614,0.5696506979659232,1.3544655947918316
4615,0.4555379702663382,1.4583298220375407
4616,0.6089750803650228,0.7446344138892667
4617,0.7229095299076779,1.637239350200777
4618,0.6231845775857009,1.2824988895062508
4619,0.6686900145580066,1.7496229556775846
4620,0.8683674348095454,1.4006705959617547
4621,1.1342449679575317,1.0866731855376952
4622,0.7497674671331519,1.8128079345126744
4623,0.17481934210306985,1.2815090799266846
4624,0.5298705080116464,1.1352050235669506
4625,0.7345928987737408,1.8123430171043549
4626,0.6329178377902019,1.114853397046069
4627,0.43057788740470015,1.5172667695933157
4628,0.7993369877401812,1.5325938605360867
4629,0.8664890501920439,1.4672665364863002
4630,1.1060077853296337,1.090628579826554
4631,0.6886997342867861,1.6828382215801208
4632,0.4785250711899415,0.6754206308917641
4633,0.41351667896665734,1.7302735586709086
4634,0.8203954161905282,1.468616223643006
4635,0.7068907176988685,1.6348190171792336
4636,0.7858946699340186,1.439820588178641
4637,0.6209461713177831,0.9402197276871351
4638,0.9283491863418556,1.287474261083033
4639,0.9667821842291398,1.3803444375190805
4640,0.5523742096842473,1.5108133697917274
4641,1.004192852024194,1.7084303383669033
4642,1.2255780816050719,1.6409820714842693
4643,1.046440269988641,1.2094515589192385
4644,0.5956737300862893,1.3352363420379136
4645,0.7134490625362149,1.3487732379592354
4646,0.8615139918038109,1.4687235010993562
4647,0.3728748966191895,1.4092620301119083
4648,0.6696274211311558,1.5101528850309585
4649,0.9710177121154593,1.1955694851056546
4650,0.8490688225606419,1.3227215898703268
4651,0.5478770298591742,1.0760768870867916
4652,0.9373603177945258,1.2224178000390666
4653,0.5603697676208224,1.1646599274149518
4654,0.5483547467604715,1.3182110485694352
4655,0.3932414051862464,1.212602870979575
4656,0.9924269992752597,1.3527672509116178
4657,0.7985256016379313,1.3276762890782292
4658,0.539862650117439,1.4644484181277422
4659,0.24018619001986138,0.9345743270975662
4660,0.9529179989594609,1.049532977750335
4661,0.22435463229530958,1.4545916784971946
4662,0.6963556525853064,1.1601580285985689
4663,0.4519972572168355,1.5385028617419139
4664,0.6604454125667958,1.594966053833286
4665,0.9126606594905327,1.5707642134217215
4666,0.5418297833918008,1.0880726285934545
4667,0.22530679019027625,1.5103147514646056
4668,0.5715305555577798,1.0740789281684378
4669,0.7452268290085852,1.5821171071992328
4670,0.45135083072930926,1.7389592156376534
4671,0.2449428333495104,1.415559304459383
4672,0.8211089936708331,1.6176769474847343
4673,1.0053949823480333,1.6396120452955034
4674,1.0636771494151573,1.2592405276244627
4675,0.7709862547680523,1.7209878420285563
4676,0.25322323175527023,0.9766441411325699
4677,0.40515810023257987,1.1589156639613276
4678,0.3074313694740806,1.6856308613187085
4679,1.0476469396668944,1.5452845232721026
4680,0.8154154706935538,1.45200470747336
4681,0.5294007553783835,1.5708560174590631
4682,0.9935373996978303,0.9939202063760715
4683,0.9517548150628666,1.372698150542811
4684,0.7864408222869863,1.5948837891176042
4685,0.4356681261418915,1.4456245113448307
4686,1.2291988512752987,1.6839137734218173
4687,0.5961161456517926,1.694055837604392
4688,0.27066700187384884,1.760836904518211
4689,0.3358638553210138,1.60819187005707
4690,0.8325596735056568,1.4176578297704834
4691,0.7414848978529769,1.5077686258389373
4692,0.7649434970213433,0.9066690053379372
4693,0.5133197998036376,0.7479532084062606
4694,0.5454342413687776,1.7831304008687197
4695,0.5703360645127692,1.0047767859545371
4696,0.30622979806860573,0.8006325294233287
4697,0.4571722537699553,1.6086454571400397
4698,0.9263152089021329,1.327675760396689
4699,0.5999970208982596,1.5574080473398868
4700,0.810572455524979,1.6559560614431543
4701,0.2438434357842506,1.0488635330156202
4702,1.1817464140719338,1.486225812685949
4703,0.294439192046644,1.5096870541267515
4704,0.7589396840707633,1.4507716512861877
4705,0.7294130925234873,0.9777311949098755
4706,1.2035805211270783,1.4612806238803242
4707,0.6460519134143959,1.6568274213748975
4708,0.9477403304056946,1.6820220404050445
4709,1.0602129321745546,1.7784064967462525
4710,0.7867318510368031,1.022184754600952
4711,0.6727506270284368,1.218257975346038
4712,0.4623590032173683,1.1146685703483086
4713,0.3045579126053695,1.374726371345361
4714,0.4071911626463703,1.5713024605243584
4715,0.4221269497106127,1.2678945608082408
4716,0.6072548655501374,1.6979300052991828
4717,0.5191203018262895,1.1913904960112038
4718,0.4733151006974842,0.9101784975963956
4719,1.1754635567319462,1.151764551814869
4720,0.4181713135280928,1.2187503982025423
4721,0.3527574232159733,1.7459985450284747
4722,0.9622202954083193,1.253407941063513
4723,0.7000453963874321,0.7751914959463073
4724,1.4784924885053274,1.239111322212251
4725,0.7634200130939407,0.8643085942293409
4726,0.6771608260756378,1.2483027674189444
4727,0.392527263515237,1.6484064844024209
4728,0.5201613878173263,1.5572997159426958
4729,0.17297998426264669,1.3489415249128063
4730,0.43680630218570043,0.9793456565941365
4731,0.9464190738587844,1.591102774849722
4732,0.687159652211378,0.4450585546526771
4733,0.6334648051375029,1.223978396196042
4734,0.34877795398593453,1.4314935932582102
4735,1.0145509384002502,1.594761773729067
4736,0.8891766567634447,0.9401707538719009
4737,0.8333456222479539,0.7948555401169826
4738,0.48030182428924534,1.3802806061966082
4739,0.7142218708637766,1.2166815981340742
4740,0.3785429209643505,1.4766408920532201
4741,0.42704021804812886,1.2076797549590759
4742,0.2653458074805375,1.038273811608899
4743,0.7658453343687511,1.069963502530726
4744,0.3847972075459643,1.2532655067941336
4745,0.5745229600129058,1.374112925816199
4746,0.23654960152617704,1.840020650365387
4747,0.3795397405244619,0.9175297675129965
4748,0.620589651421251,1.5202409746035066
4749,0.4747323382151165,1.1119019211481922
4750,0.3692587278387753,1.1989117357258579
4751,0.5749054105758981,0.979320913923567
4752,0.5885442824782575,1.6441743099189179
4753,0.32525222285491356,1.1343072176023055
4754,0.774259397966523,1.7768074947346746
4755,0.6246189431153921,1.9588376319179053
4756,0.40218007003560696,1.567615713266371
4757,0.7160768341730105,1.4896760667966296
4758,0.8443043246109903,1.0971707616884423
4759,0.3693001736814611,1.647459836234497
4760,0.696241931845664,1.2363269479278995
4761,0.40120059221149734,1.4266483920653004
4762,0.6420843087705579,1.2904288959665764
4763,0.4299737778296656,1.690759217648596
4764,1.2176315981958081,1.0673275247833525
4765,0.5840246273702179,1.0615979451503064
4766,0.7034220441929332,1.4721679958499196
4767,0.7806201738795863,0.936203907034209
4768,0.5790388640936703,0.9594567694697123
4769,0.5245039405902225,1.0615482350956413
4770,0.8164210326459208,1.561404590331786
4771,0.6949409970406368,1.1916342979747534
4772,0.8989955172692349,1.1038862838141528
4773,0.5018588258319026,1.0463795609000042
4774,0.487534763963092,1.537066559559721
4775,1.5257005159430326,1.255671802181862
4776,0.7830981423204689,1.0393055091930699
4777,0.5423885663862056,0.8805190931579756
4778,0.9363121927902993,1.2149825582376206
4779,0.9845931474244216,1.78258676579183
4780,0.97707817286047,1.2128280990923295
4781,0.9323712225932237,1.386451581897244
4782,0.7873524950919076,1.676044178343199
4783,0.26486709380007495,1.199756721933063
4784,1.0506161438367074,1.3394230592428862
4785,0.5842006260675078,0.8951224626677567
4786,0.25827622395806715,0.9784140796370717
4787,0.8488435506279431,1.700851449061617
4788,0.8941642784132633,1.6008790025367874
4789,0.8370740602614751,1.6148594063670956
4790,0.43028880397530217,1.0040764329233718
4791,1.1376835532577694,0.9945539507862313
4792,0.7124126533820614,1.3705571391732316
4793,0.6352158801869167,0.9988300355590025
4794,0.6588609488685193,1.4797540983874753
4795,0.40533650473972654,0.7409114238712358
4796,0.7962991948606403,1.768878960277844
4797,1.0345953747943175,1.3987559434788983
4798,0.5962092299270144,0.5619244141475488
4799,0.20840939288698107,1.3025977765283074
4800,0.9825118164332435,1.3298843192345795
4801,0.5273219382275667,1.531716272248855
4802,0.2415821862606964,1.654591520130544
4803,0.11712011206308989,1.3635113271410852
4804,1.0743437383473868,1.201934626452129
4805,0.20009875262621077,1.2775054968506063
4806,0.5315847740663568,1.839490585679563
4807,1.0712528026375607,0.928199920322667
4808,1.0141873758325606,1.5364608735865244
4809,0.7504244955540831,1.1271164021929676
4810,0.7827963648975342,1.2602673415705419
4811,0.9320270357954341,1.2147479120887095
4812,0.39210291716783097,0.9821307799154928
4813,0.6651051651383417,1.598468269741897
4814,0.5296216355039883,1.400320370142088
4815,0.8700037040120207,1.5665645845387455
4816,0.2895763979620386,1.3337243243324943
4817,0.47810070006651967,0.8535919728637207
4818,0.15034091019823492,1.7927975684562238
4819,0.7263932205286183,1.261159553905316
4820,0.6722183829379523,1.5746659569937944
4821,0.5486820898787174,1.2172192014447512
4822,0.9638661842769731,0.924139054341327
4823,0.6345711395650779,0.9582378920773329
4824,0.3949917510381092,1.199647063751487
4825,0.30395719893719836,1.1802781313947261
4826,0.3561209169265948,0.9237947795792312
4827,0.4635369763777553,1.5766049617823323
4828,0.27548263650693644,1.4020601679101343
4829,0.3922146182793792,1.244093229216801
4830,0.7789513987394305,1.14235977154349
4831,0.9060437290603541,1.242580488098539
4832,0.5989736138243407,1.335427493593261
4833,0.7451222156033384,0.8780821680581881
4834,0.446618203696102,1.5795829068065321
4835,0.9667467604497822,1.7087059280037937
4836,0.4598642647099226,1.2777311759331367
4837,0.5664580122080729,1.3020692676794439
4838,1.2188266626526327,1.362066634493837
4839,0.44337164301181553,1.2802685137884962
4840,0.7745176524496833,1.3432483874168346
4841,0.8541890094357669,1.4694780372930496
4842,1.0360961557771782,1.3509153311875166
4843,0.6418747634025163,1.7382763401792283
4844,0.34575421976397935,1.2082097245379035
4845,1.209258703128324,1.3448304247413863
4846,0.49340575196373077,1.6413050314692683
4847,0.6363358331610465,1.5037595370180696
4848,0.5858759187138197,1.3476072007881186
4849,0.16036408127420307,1.7068148579121838
4850,0.905360935023519,1.4967602934168551
4851,0.5852693287136598,1.0811368786647733
4852,0.9168814775653993,1.5866006160003572
4853,0.6890800672990824,1.2663283731372874
4854,0.9297237801016419,1.5597005249097076
4855,0.9468658419064592,1.025185088551165
4856,0.29965681725469306,1.3028025757806467
4857,0.610344270326708,1.4376677906070747
4858,0.7799982250041118,1.4436934331322298
4859,0.3402294550214974,1.1404720696994057
4860,0.4757163135415674,1.2536869308675644
4861,0.6149146786609155,1.5323004577945933
4862,0.7483547237086438,1.2518304390764734
4863,0.3221747207033916,1.394873723250825
4864,0.7971301210426155,1.6814733790276868
4865,0.22129640105326864,1.528981219241741
4866,0.6176042079543608,1.1545189878142508
4867,0.4876296549097483,1.106865825016845
4868,0.6722656511390978,1.4945759558503457
4869,0.5676862011187734,1.618105334254428
4870,0.5046737879276744,1.5889104886993013
4871,0.6950118996700247,1.1880670077145612
4872,0.3974721137828725,1.6775352374535988
4873,0.6389465883442617,1.150310325737038
4874,0.8534318096900525,1.1838302276611246
4875,0.5355972719597448,1.5205268256807534
4876,0.6771865523600693,1.3732147359119828
4877,0.5314779199932052,1.3143830728524968
4878,0.7374475599691477,1.5913057085649347
4879,0.7844879354415252,1.4889638298674996
4880,1.1277208989823504,1.6156449145089247
4881,0.5389771194663187,1.4353024331398974
4882,0.7160408292857752,1.2159503338438529
4883,0.4201439966165638,1.405314395409762
4884,0.888985389913584,1.5071160318865806
4885,0.654296396844523,1.457360437304852
4886,0.8222404716860521,1.354842968051013
4887,0.9023833178933018,1.5776705456734417
4888,0.39315021007063794,1.213759419546676
4889,0.35475884593001816,1.024457349586369
4890,0.1361894880985288,1.5111305927067153
4891,0.30928281609241287,1.249093505278589
4892,0.5577676660245455,1.3656212261604117
4893,0.5269408381103607,1.1382676892987684
4894,0.6884581393522461,1.1868686514471993
4895,0.5339312031721316,1.4184488995465547
4896,0.6601781759319693,1.298468759263317
4897,0.545407967226672,1.0399235454653337
4898,0.5750148600350631,1.17626039630067
4899,0.8792884771220656,1.7264815164738907
4900,0.6628411476097819,1.4529824413181895
4901,0.21819437717825474,1.515472577444434
4902,0.943429478233929,1.7688237637872322
4903,0.5029036956300256,1.2911287073106101
4904,0.3190636374538934,1.482941359150211
4905,1.023674422375246,1.1241466829797253
4906,0.9965689056485444,1.4119751207276243
4907,0.6477723151924312,1.1381196309051518
4908,0.9103897563042809,1.2210965204203799
4909,0.6951511864377272,1.8239070041802157
4910,0.472246741863969,1.7002007085753865
4911,0.7170189314554902,1.2670313916045135
4912,1.0937060803652805,0.9885070032212686
4913,0.7658495055840416,1.158286454657604
4914,0.7908388895790522,1.4355080068422361
4915,0.49010601830745293,1.065304052038296
4916,0.7141365775379162,1.4854069583701597
4917,0.5135153943552029,1.5656499781614486
4918,1.1651277411505478,0.9606936481056607
4919,0.7410264311446173,1.4259892776864866
4920,1.3651532598142033,1.396935314466171
4921,0.2859585616124939,1.674506075055117
4922,0.2502668998287883,1.271111094690568
4923,1.3228520184358454,1.2456068675194492
4924,0.5570564189006356,1.6026678113558464
4925,0.7976871452311962,1.223617698298086
4926,0.3417536995495612,1.4022942613978204
4927,0.836037435330625,1.2065402340475437
4928,0.817529655084314,1.1320402521405701
4929,0.6304104393901968,1.0330662309412755
4930,0.8326841789181613,1.7651453637320877
4931,0.5574562293852752,1.3677752883032759
4932,0.6615619208226416,1.38191352237908
4933,1.3158454511257076,1.4425344392317117
4934,0.6665213108437287,0.9978755986524588
4935,0.5499878415492928,1.424623412195753
4936,0.5744376625332048,0.8078173691514654
4937,0.5958893271109519,1.755518231366551
4938,0.6954255690373339,0.9902419089565035
4939,0.31637129282100535,1.4117439111465386
4940,0.12438898645430986,1.1256152939988842
4941,0.654835681795394,1.3058584170003824
4942,0.7265235076631051,1.3263769459515595
4943,1.031236072592888,1.482218894736683
4944,0.5877829831295894,1.2728661033921846
4945,0.38227483797641504,1.5080131274483752
4946,0.8508415435042197,1.357324247066522
4947,0.9452552701690998,0.9759191837748524
4948,0.909128625739097,1.1536796254375148
4949,1.3408266962777953,1.2584560234886877
4950,0.5060895172439817,1.3557689962157489
4951,0.6455066359359195,1.4136572212468397
4952,0.37599515606876344,1.4565675796142419
4953,0.5240766509724852,1.0066653833506796
4954,0.26354468964305766,1.2227644873404433
4955,0.8247569403250454,1.5975023383198064
4956,0.8473052557125467,1.631497372362275
4957,0.34637088242630243,1.0986206576179005
4958,0.3994637156587075,0.9184306003986422
4959,0.36775304966426586,1.0954191720195996
4960,0.6794855466840403,0.7738115620399124
4961,0.46974839476568253,1.1561152759106115
4962,0.7352100057511185,1.5409583454441862
4963,0.42404652761844597,1.650342696428789
4964,0.5760704212403801,1.4229259509040963
4965,0.6965657143579166,1.0470884862285634
4966,0.063640512545054,1.8784480038660232
4967,0.49399098997511065,1.5925285177100807
4968,1.039313265218714,1.2988723219201481
4969,0.454534217918049,1.307673896664608
4970,0.5515885183393174,1.0142030333852219
4971,0.8495958926480935,1.3762668907499995
4972,0.8142763363569789,1.8249330387187137
4973,0.4882958067783306,1.0969449006341887
4974,0.42614023284177904,1.5298650659621005
4975,1.341249993892293,1.1131734078285764
4976,0.38650437148752864,1.154223776512855
4977,1.2078423886648093,1.5115989282880224
4978,0.9502376156618552,1.354935497181551
4979,0.3984138660961656,1.4069012028385601
4980,0.838828838716326,1.5274641240905809
4981,0.41979582591509823,0.71154544681888
4982,0.8150719654149082,1.441407670239288
4983,0.8389966648703199,1.8340586159031935
4984,1.2315433488412466,1.632385273737418
4985,0.7933638453872565,1.4902205385200298
4986,0.6671058290592446,1.2896276020145474
4987,0.3107203028483568,1.4247689796035532
4988,0.8599042736998784,1.4876766429545905
4989,0.43156695351949576,1.488861086415295
4990,0.44866680355350586,1.4941770760204491
4991,0.2602080765426598,1.44280013623788
4992,0.73258618450213,0.8768151315210568
4993,0.24371855613308802,1.5358081222697382
4994,0.8468986839181434,1.2722263172596202
4995,0.5106181012345336,1.7159247324813025
4996,1.0570617732184606,1.6881073936582265
4997,1.0356807987458756,1.3573522981371688
4998,0.636412120390414,1.5050629116894787
4999,0.7997619618749899,1.4046351921407547
5000,0.4613797872679083,1.2837181273318086
5001,0.6628968804225828,1.5300270112818446
5002,0.5835097819587713,1.6861377946128493
5003,0.30156601719841963,1.7040118219847886
5004,0.36242446200998024,1.2927518131830005
5005,0.7447515472732785,1.328384704411113
5006,0.8548186687422051,1.4012118886238567
5007,0.5040505387163958,0.8734031230508998
5008,0.8394057782795851,1.01148854474591
5009,0.6211624999834612,1.7842930982902694
5010,0.9381235666612521,1.303532635017738
5011,0.8334423429986572,1.0333473243963378
5012,0.5471665711167742,1.1918407993623186
5013,0.47535872968000636,1.4523149147752532
5014,0.46352404254733137,1.1480500783225325
5015,0.9382818529857077,1.4563856116351324
5016,0.48861269703912047,1.0043341659427776
5017,0.7567910682241094,1.589042559472176
5018,0.7129771206067435,1.501956391352278
5019,0.3690456972624771,1.117332693397483
5020,0.9826875913686675,1.1937348389095455
5021,0.3072167319318988,1.586334453124977
5022,0.88295172010959,1.6790555523018673
5023,1.1933924049257245,0.953218486414759
5024,0.5094951934951444,1.234904055734134
5025,0.49756033068134736,1.1618068426596613
5026,1.3920200749612308,1.1222512770772823
5027,0.8719027297146483,1.1686376847674675
5028,0.8454202156999823,1.8755312241042035
5029,0.5225032033995098,1.4215759235853977
5030,0.2205476127613242,1.398862138158268
5031,0.2715894112919753,1.6159088923136187
5032,0.46260706504531,1.4227074103992559
5033,0.8142038243685398,0.6941127726326275
5034,0.36030916790162926,1.4143025891357688
5035,0.6362718166331371,1.6776409809637958
5036,0.31056888971698515,1.2776536007918493
5037,0.7511416274264927,1.0403581078308148
5038,0.4405532881968909,1.6527987880054364
5039,1.4705356143572832,1.3103632260621412
5040,0.8341656015472712,1.108015789042121
5041,0.3968261393632345,1.528431709095775
5042,0.47589063694419054,1.3817755029184915
5043,0.8249309166063897,1.592071984478632
5044,0.6756704771379941,1.4082642169660928
5045,0.6724615978107609,1.687769890633019
5046,0.7433351797125839,1.3724035277680224
5047,0.5280262067982243,1.1540224335456521
5048,0.9477902251077892,1.364728872231912
5049,0.535546803753861,1.2969289403392608
5050,0.23962745730136936,1.5197646326268677
5051,0.3349959124223578,1.2391512553705086
5052,0.851017962454699,1.2903701056719716
5053,0.5003998083891585,1.3554747384642658
5054,0.36077143185096633,1.2851012749612796
5055,0.9301857806768686,1.5551491805183228
5056,0.8603493788025165,1.2601107670727005
5057,0.8476404698870753,1.2645427453500466
5058,0.7671336113111071,0.7482777449486502
5059,0.9068630922250753,1.6809052482627722
5060,0.44692501566789394,1.6726206102191603
5061,0.7728266151506951,1.8290769547090024
5062,0.9659948264504644,1.4909350990454564
5063,0.37490713713473645,1.599614007155401
5064,0.6565015735859762,0.8370079308621905
5065,0.21358660330058263,1.035658747722736
5066,0.8330402826974281,1.2407507815402186
5067,0.498044531065137,1.4998836999580154
5068,0.6576643416215359,1.4237257244715584
5069,0.6732964050140028,1.4969744297749656
5070,0.6584802545665865,1.491990289908675
5071,1.0594445360381397,1.1471008567567056
5072,0.2711055159700532,1.1859792670754303
5073,0.31452886434106553,1.0707512297728161
5074,0.8524047433662217,1.1534694223266997
5075,0.44381824963898536,1.5698809600087984
5076,0.34826092113034507,1.5357863743467108
5077,0.3034356207618648,0.9699234360938007
5078,1.121024186676482,1.5373677302878326
5079,0.6129180897513363,0.8512988799547789
5080,0.7016730950223622,1.1545342478226068
5081,0.5176976665044865,1.0593552642640196
5082,0.3330037124487192,1.1650929434555466
5083,0.6217036606973279,1.4061192129384266
5084,0.3757983680901189,1.4236401357498871
5085,0.3197300490612677,0.9582724864240684
5086,0.8805325826225238,1.5303735352398131
5087,0.20142761608388218,1.0539660968091054
5088,0.9410489365344866,1.6695550935228147
5089,0.2846531265401607,0.5308645691915075
5090,0.6717712229644729,0.9852987445942041
5091,0.8461872145630047,1.7671502779705526
5092,0.4183860937030417,1.5031289611427916
5093,1.0620935323538536,1.5163708181289444
5094,0.7208455590659856,1.535882742362295
5095,0.11009746273965998,1.456894590661653
5096,0.7308247468123041,1.0606611876975025
5097,0.8956629404493294,1.0078429167221925
5098,0.5449547618418285,1.6502222048284216
5099,0.1364385697490488,1.2341556269528229
5100,0.30024602246082205,1.8794812213748118
5101,0.9727397952017074,1.6350314609484788
5102,0.4104105265159621,1.4297185615503512
5103,0.31817283491710546,1.173759427043322
5104,0.549952728121193,1.3799718025249117
5105,0.6170288771788663,1.3794070837103884
5106,0.8764388087799779,1.5270335344436314
5107,0.919256781037521,1.4032004412658354
5108,0.4030838584102946,1.0355503866825044
5109,0.4389516704211288,1.4497884081316408
5110,0.38840063955153553,1.3799656087759729
5111,0.16315314220325794,1.3937016998780236
5112,0.2192656263126238,1.385005456600418
5113,0.984590751424618,1.5233833576921425
5114,0.3562321651476323,1.49366654687433
5115,0.726516650045371,1.5070216902965978
5116,0.31098331323765094,1.4197128368120948
5117,0.9576512370932424,1.3293629435251206
5118,0.6231230435779066,1.5146697590617895
5119,0.3834360649821424,1.4594779263918563
5120,0.7114222738440327,1.1664353601391588
5121,0.5179045005905343,1.5956340255328796
5122,0.6214739810858677,1.6195918023475615
5123,0.3098382658497837,0.9965558260129377
5124,0.34404526986090506,1.6445113675173215
5125,0.5238179716631276,1.0138893985285264
5126,0.8384207016829731,0.819473526885218
5127,0.25897614521071,0.7961828249899936
5128,0.7709794349612447,0.9373648311522405
5129,0.9458678175396403,1.3915709459088146
5130,0.5976813164065906,0.5737236696546917
5131,1.069811170261083,1.7283775520403097
5132,1.1118737735908528,1.5035636075692225
5133,0.5108073952088653,1.6777466073513811
5134,1.2921753091151884,1.1757034491937146
5135,0.8243144922918777,1.7221252975226675
5136,1.0470597779792945,0.9473248325567911
5137,0.9512903922861264,0.9724575152360246
5138,0.56031216267196,1.5464817788678622
5139,0.4109719471857856,1.2975010299769774
5140,0.30909294901021683,1.3553279409051449
5141,0.30126594853023125,1.4930389697460513
5142,0.857209304400772,1.141159610464583
5143,1.1511980984301657,1.0011868927269143
5144,0.7557087248093173,1.364101612431735
5145,0.36968318887361024,1.57932106310293
5146,0.42969127434385884,1.5727609735011236
5147,0.5057884213599634,1.650112788300163
5148,0.32904098874822824,1.5165275049453464
5149,0.4934209102367477,1.7658488720782635
5150,0.7305271937333471,1.325944317457385
5151,0.5004783926285253,1.1789252947294717
5152,0.5003293369979013,1.2492079703116707
5153,1.078351842090794,1.408720839779542
5154,0.27053861752817177,1.247040828011176
5155,0.9929625651854674,1.6206783575030292
5156,1.0688557314766347,1.2895427844510545
5157,0.4430110825437404,1.4986519428728848
5158,0.7717218869476525,1.2597785456273773
5159,0.34581361571714325,1.3895795322921358
5160,0.17221252462079736,1.4725724490545027
5161,0.5264298474748499,1.4158336906216975
5162,0.529882611025796,1.443295960011436
5163,0.15012564927962235,0.9051448050860134
5164,1.3420731216380015,1.1031487307616412
5165,0.4047728860337571,1.474620141887807
5166,0.48582677528559154,1.690399816758381
5167,0.10439435306192109,1.277159425544153
5168,0.5962963593412076,1.2850268548548693
5169,0.6821316136239105,0.781752743642641
5170,0.7345842922105053,1.4206053434379582
5171,0.7182463056325732,1.4346714904270694
5172,0.7176004364171649,1.4941635928274142
5173,0.06970726572161541,1.5263723745530868
5174,0.4510475639530295,1.3801041987612717
5175,0.16058580306283549,1.1945607936721125
5176,1.1084198876728855,1.50449802241479
5177,1.0772785771647244,1.1187207071881897
5178,0.31079339165747977,1.171231565009911
5179,0.7210887841440757,1.5007350490896538
5180,0.8758446438009022,1.8617948713196657
5181,0.7305716972377957,1.4958612600589132
5182,0.6935496454693787,1.2555788382095943
5183,1.0450638471376608,1.5877688476362928
5184,0.36080772149329776,1.179938761402004
5185,0.3043803093709067,1.2876361133471113
5186,0.31553785899842507,0.8981702381530481
5187,1.4388150010101644,1.4062305212296717
5188,0.18390826366458515,1.59384783295424
5189,0.7059204683929701,1.172518340439557
5190,0.4558159052543855,1.1779858677712434
5191,0.42223750572032837,1.493187399003192
5192,0.8658850052866525,1.6172936359870347
5193,0.7612958382241454,1.3300226595353322
5194,0.8642283636612254,1.4794731252090392
5195,0.36044547043683733,1.562341772090356
5196,0.4248907065391708,1.2309764637734721
5197,0.47621017677465377,1.505525596103037
5198,0.3857528905007762,1.3449672621129922
5199,0.1313854910182412,1.40130086788593
5200,0.9640832923086294,1.3473054394165076
5201,0.5572521483083068,0.8147943507182047
5202,0.6484692582312948,1.1800782129637346
5203,0.811595893273163,1.307753105003586
5204,0.4748872006356221,1.3855393245178926
5205,0.6012572900513362,1.5499504885051254
5206,1.6934122317025442,1.494949847311601
5207,0.27985867136437326,1.5227926794748543
5208,0.21525796302230008,1.3598943376447346
5209,1.0933460391719685,1.2868678679250611
5210,0.7710903758295555,1.7990406725148826
5211,0.8585940813895442,0.9749031868883296
5212,0.5028265132109416,1.234556462935705
5213,0.9651442998423919,1.4567321626975636
5214,0.3678600918863981,1.533899545462937
5215,0.8550035706198758,1.4514452803268076
5216,0.9285442815522859,1.3438243440188176
5217,0.7328788084655844,1.670356909502686
5218,0.6082432476570294,1.7621372024207107
5219,0.7251345768051122,1.7537815148453044
5220,1.3421033061452605,0.958305981416568
5221,0.3715642267223372,1.5979748384571657
5222,1.0019049329162375,1.4749646092055708
5223,0.511439989550039,0.9975135169461091
5224,0.8885470371671842,1.3186365713122787
5225,0.7502597438689296,1.3034486525272242
5226,0.27829602902835116,1.3706740792907266
5227,0.9027481599150731,1.4614334892736065
5228,0.5886007753318424,1.2956095037155717
5229,0.25533586151869847,1.319186721859555
5230,0.5428257809621116,1.4706201226953386
5231,0.29133717369625417,1.3369338167950433
5232,0.5952380335715738,1.4393582056814087
5233,0.6927257057842967,1.6522266365775555
5234,0.48096202953048056,1.1930567355100432
5235,0.979963541130074,1.7257825331780763
5236,1.2376743565467705,1.4794232770515077
5237,0.6000683425897115,1.1921635525132097
5238,0.3873468927414932,0.9647988151793281
5239,0.9006321813747812,1.5680291955705763
5240,0.5625497253272144,1.180551446135666
5241,0.8219977288254829,1.504082672450398
5242,0.7570173501705895,1.3144414805593858
5243,0.469380350537114,0.8013724680399366
5244,0.9945660398867784,1.6968836253795474
5245,0.38507480084089596,1.4930675343952253
5246,1.6370274211568334,1.1509700358445776
5247,0.6735697746564469,1.420743597341513
5248,0.8588580014016096,1.4315270655097432
5249,0.3478267504859554,1.6574086555994403
5250,0.48639620358621877,1.3553952090041514
5251,0.7969289811837059,1.3293267771095074
5252,0.21369377527054575,1.64520037847939
5253,0.7272410037995041,1.130354051920952
5254,0.39177370536131406,1.3567947783568495
5255,1.0256538440720562,1.3846828246854754
5256,0.6514143592239884,1.5444063927902414
5257,0.11651760735022183,1.1589873631807541
5258,0.8165904641949482,1.2331229212045103
5259,0.6093681433562678,1.0141793907862287
5260,0.3525519908483643,1.6128619574981944
5261,0.3532200004108962,1.6563161332561875
5262,0.7083715330106212,1.1920752672313204
5263,0.4449831213632465,1.2184107566291664
5264,0.30511008987728366,1.5325354208538706
5265,0.5479449798749264,1.1602139100791535
5266,0.9599636606384553,1.0070834709522294
5267,0.21670768272478202,1.401581386116379
5268,0.7213881333654248,1.3431199753741123
5269,0.660606629247551,1.4933717825065607
5270,0.7544631824283028,1.6017361794387788
5271,0.8697367920026133,1.032399053171439
5272,0.6054708628215411,1.2811883146428942
5273,0.6919042101233361,1.0429721882114231
5274,0.4270216032465974,1.1246056338897898
5275,0.8370678852418987,1.8603121252798112
5276,0.7977919542366598,1.416473481616522
5277,1.302255707707577,1.3908978710442477
5278,0.6089741517609698,0.8355781502178821
5279,0.6817171969372889,1.4909252862630766
5280,0.4515536142893217,0.9159786558645009
5281,0.42065961297377863,1.5096931784467371
5282,0.46070512349274856,1.1934473000071646
5283,0.7091670449267115,1.1768349747074462
5284,0.7252713465956543,1.4201526707870462
5285,0.6300989710756314,1.516212470540693
5286,0.3544940315295063,1.7053012672586247
5287,0.6435309786057811,1.2489623398656131
5288,0.5649126337848932,1.1749621913593744
5289,0.6938915385447377,1.082477925260933
5290,0.613749267642164,1.5781007346514222
5291,1.5851914359821038,1.0825074666191878
5292,1.0186120324381658,1.2691047482921083
5293,0.6048521966942415,1.306584754311617
5294,1.1256652971503747,1.404427282340459
5295,0.5233177393102032,0.983044221110118
5296,0.7089591458490284,1.6968021186865299
5297,0.4304868368114896,1.6981219527814488
5298,0.6299879516772816,1.8145499883018925
5299,0.9288452126165572,1.6721654510388333
5300,0.9531806494149688,0.9579707610977988
5301,0.4701215078463987,0.9319280130220666
5302,0.06870269981430795,1.5948022661760557
5303,0.631856188119093,1.3326166005144877
5304,0.610191203782129,1.346011257268111
5305,0.855508586830838,1.6775308438414769
5306,0.6120152152121658,1.7402351719132358
5307,0.4471818483647461,1.4491766770675119
5308,0.8326954244670796,1.3083105307789302
5309,0.5796238282190699,1.1671302336395701
5310,0.5569768310205973,1.2772390110218836
5311,1.2733293260019851,1.438552352576088
5312,0.7360122765771863,1.2897547704207528
5313,0.8808664522039805,0.9766888794244657
5314,0.5915942330347314,1.1059209158156293
5315,0.6392348426569577,1.4387096148064025
5316,0.49478300391040847,1.618583379894137
5317,0.7202369751191214,1.4983287968130368
5318,0.735730943481317,1.4042534000691154
5319,0.908177440919871,1.6475297249056269
5320,0.8810172880672662,1.5838430087650874
5321,0.3099928324838644,1.047882311037752
5322,0.6048717324592161,1.2064710211876832
5323,0.7261926425068662,1.6156660261184177
5324,0.39717397371425756,0.815397843045236
5325,0.22288040400852233,1.0026361804939308
5326,0.7297868779871541,1.4975083145780133
5327,0.42868255247321657,1.2559180395432503
5328,0.47421144753649547,1.329480043474367
5329,0.9214883371762808,1.4577928375168079
5330,0.36785484153984394,1.5669752348389352
5331,0.3867224691890793,1.2051680741265118
5332,0.6448587422929704,1.7013742023347884
5333,0.5246482084042339,1.395853273323689
5334,0.6614278843053318,1.3303876630259959
5335,0.3468896212617024,1.508398065352615
5336,0.8380419105781806,1.3646706593052378
5337,0.4595520661541963,1.7153261070497532
5338,0.7544395832317325,0.7978687494892003
5339,0.7955431152821624,1.3141741521122363
5340,0.3566731306766577,1.7626185197575568
5341,0.28997703848186795,1.1714239895654668
5342,0.5530235526586871,1.5181504430209716
5343,1.2001820343078227,1.39343840246203
5344,0.5642679685417562,1.6394935277031844
5345,0.8988816520500129,1.378069414776951
5346,0.47033889210106766,1.4692755165070972
5347,1.1603580829880262,1.5610786110458945
5348,0.2229544020297747,1.5355260925094387
5349,0.3747892674030487,1.2758496877419736
5350,0.47267163954948244,1.6203641527432775
5351,0.3700099138430775,1.6241231582536977
5352,0.6949329059580867,1.472432260207464
5353,1.1056129137689585,1.2500180571462352
5354,0.8419635210618361,1.4071365404197684
5355,0.6462839775737749,1.8587137690170026
5356,0.9050801158623639,1.1054322916174653
5357,0.36409942274165485,1.3452210776685742
5358,0.5524585693304809,1.4769546949960055
5359,0.7297339207454779,1.029346631124883
5360,0.42160714478259986,1.2506077567515106
5361,0.7064283881418809,1.3267454335426034
5362,0.7130059094153518,1.542776593329863
5363,0.8192416540750663,0.8501383953653232
5364,0.42741921994153637,1.8440023105229477
5365,0.23198280148894415,1.1304435013381413
5366,0.3705222295835667,1.0392464816871338
5367,0.21896493647153814,0.9847963165307299
5368,0.5263123894666016,1.3140559809222658
5369,0.7063455919578167,1.1017016512416515
5370,0.5956111642998969,1.3508327263410098
5371,0.19767610207328057,1.2403300943228923
5372,0.8468722798284158,1.1928861385910081
5373,0.7870536873707025,1.243610593076333
5374,0.255807992161482,0.9398698217433001
5375,0.7311416534488052,0.9610445916807553
5376,0.8633596373700853,1.4890484558720067
5377,0.7624742890721735,1.8241112415806573
5378,1.0812603820201485,0.9770868007974982
5379,0.20116962746017325,1.4404946792988609
5380,0.4281433942986448,1.279505308768912
5381,1.087328453656733,1.4664511595032073
5382,0.1620217439587356,1.4815786384646348
5383,0.7777890451904994,1.5299261589266893
5384,0.38689878488900964,0.9959343113238854
5385,0.7926314863597554,1.0699631844608748
5386,1.0764213995838912,1.6373415210569167
5387,0.5293745267750802,1.8433574299703157
5388,0.4403508053091887,1.282702785753464
5389,0.6294791556802044,1.2852340276944143
5390,0.5425985958706928,1.590940520495837
5391,0.6503646990377612,1.1958041665179027
5392,0.18518494825487078,1.3202139970127291
5393,0.5070824972788207,1.230836780228508
5394,1.0218071701060776,0.9437628998054741
5395,0.6396686818566504,1.2754687467042891
5396,0.3624696639988353,1.5117569552765915
5397,0.7162887404805062,1.7690467540761028
5398,1.0554675767994868,0.9898753759061902
5399,0.7714917613356043,1.405783057663375
5400,0.8255031244175518,1.701289040259598
5401,0.2816725183023504,1.3078356034200331
5402,0.9431758261435174,1.3428099550204775
5403,0.24601997940775513,1.0111917289971306
5404,0.39222484496290017,1.519769653833437
5405,0.6533465901960829,0.9959101407913005
5406,0.8161518904358589,1.2279483632532897
5407,0.44538922694670785,1.5088699066585551
5408,0.6479039219415551,0.9556249031877702
5409,0.43103771278542463,1.4130679469783636
5410,0.7907788520479382,1.2709607576688786
5411,1.046950710307062,1.522696277105439
5412,0.4793038168691286,1.388956358457511
5413,0.5625963257771618,1.7771285726409198
5414,0.7744501355925428,1.2021869869388744
5415,0.26573989806504755,1.1178222051724307
5416,0.863126913200958,1.3250854613020495
5417,0.3487311570719457,1.470880502394942
5418,1.2236236897458768,1.1714563676624987
5419,1.1984604002279498,1.5389543583822953
5420,0.33785806853425016,1.5370273624330877
5421,0.6885091167684246,1.2476879046745835
5422,0.5295550489603532,1.3206910014872766
5423,0.5854714960532145,1.417686376308919
5424,1.2092087808729266,1.1286995083012679
5425,0.345919077449212,1.2926122458876557
5426,0.7485122855848086,1.3564306387366487
5427,0.6770157598351864,1.1243660735726844
5428,0.6401616682812098,1.4671208162566025
5429,0.7389429752355233,1.3368656309105327
5430,0.5872009544321571,1.3648049124816672
5431,0.7607085516674189,1.588661119503592
5432,0.6989218757441145,1.5001770196293869
5433,0.5324971396152876,1.4156635815867462
5434,0.6917029565991079,1.783794786896399
5435,0.6699357107624417,1.5913108512130256
5436,0.7981159081162502,0.7417318388570524
5437,0.43104910068140984,1.1895954765220993
5438,0.777491633343121,1.0712336392178525
5439,0.6959841692061006,1.7277754881742848
5440,0.6675350779575804,1.2278969017758161
5441,0.8663377578130843,1.3382445909675011
5442,0.5203353514322964,1.4043828824158981
5443,0.8360768371511078,1.6263497669349665
5444,1.1040451222722703,1.1676817930980778
5445,0.701099119144778,1.2517696799131315
5446,0.8534639541951033,0.8065258381810363
5447,0.6001807992110888,1.306964750550767
5448,0.3662811300059859,1.7172242327060072
5449,0.397199925726991,1.1858134449867026
5450,0.2780274802818997,1.398422845033344
5451,0.6272968489681441,0.8781886728597303
5452,0.6510807413060381,1.084263945479949
5453,0.5970027514178794,1.3976410885202861
5454,0.6330557552908334,1.6658291387070854
5455,0.5234339845157492,1.2326756134575716
5456,0.6592756505165376,1.3783985143653168
5457,0.6814317021400017,1.7724095817518069
5458,0.3575998040357241,0.5857454829933002
5459,0.815236802794474,1.3859108759561147
5460,0.7001942139774479,1.2052206311636011
5461,1.0477105208995898,1.533527780803696
5462,0.7117423475792044,1.1127770848468441
5463,0.44104550775938006,1.3897419361271768
5464,0.8059340521144709,1.2591774898610741
5465,0.9347509859897206,1.2907485525778042
5466,0.8841735998994822,1.5164385755047816
5467,0.669239051193278,1.128855921875318
5468,0.7804604317656401,1.6492396959611755
5469,0.8695326810618217,1.4243516962341416
5470,0.30155866309258966,1.8209842271981445
5471,0.5666028413435377,1.2851802816374343
5472,0.8432012499584749,1.458131649605507
5473,0.6539307562556418,0.9605930022234903
5474,0.4825536257464671,1.8658738442999803
5475,0.3018683885963604,1.0397930481770885
5476,0.5270143661460597,1.4940308386735235
5477,0.8804259627465347,1.6457165055355767
5478,0.8530434548364443,1.5905665186768276
5479,1.0125830691042168,1.5142850963773447
5480,0.5852528883444086,1.304498224107081
5481,0.09571889221992172,1.6042775797241535
5482,0.496114313810634,1.152351472165459
5483,0.615756476831922,1.8993153049118758
5484,0.8952856914651046,1.1061978310752685
5485,0.3235223073603157,0.9182615227319031
5486,0.8583989880007286,1.4762748986420702
5487,0.7120366295459022,1.65483927680335
5488,0.7325334792185203,1.7296075458879354
5489,0.76438232765114,1.6297809718995924
5490,0.2791471595310012,1.3442446465681095
5491,1.281682934970848,1.3039177089037641
5492,0.42930342976791247,1.488610851114821
5493,0.6533045064520556,1.3870215392397016
5494,1.1774564107819798,1.3709187694192804
5495,0.5969091254001069,1.5623155179407735
5496,1.012058400178213,1.4589214131754797
5497,0.41285229473794893,1.3269060375037656
5498,0.6147617386233314,1.1693046914903287
5499,1.1762756054310324,1.6446720208488452
5500,0.5923358738522574,1.1692719403573186
5501,0.382157594416784,1.2819041230804098
5502,0.5157822577674154,1.2102435681384638
5503,0.6997392349023104,1.461869982724306
5504,1.1877817853753552,1.4274380288773716
5505,0.5127766757717961,1.329516726577075
5506,0.40086497759915585,1.5446764952808854
5507,0.9208509798510608,1.6646605136745714
5508,0.7034240928121946,1.1605729630357504
5509,0.8815567251840788,1.8132069938334854
5510,1.0445591867933925,1.3967278922707078
5511,0.38306682384792634,1.4244970952840437
5512,1.0415571822312182,1.705125621040122
5513,0.33361679869707406,1.7678970136733332
5514,0.6731635114175671,1.0063285919056102
5515,0.6421053315978977,1.5671540718183439
5516,0.3299442880895918,1.0965478703693223
5517,0.3458701077106729,1.4467059910736548
5518,0.3900030328276256,1.355218520264804
5519,1.065612971600362,1.1588041821607007
5520,0.5789156794452595,1.5119683174042045
5521,0.7281470107874779,1.3040790276916883
5522,0.5705835025295114,1.5592551173372051
5523,1.024253969047099,1.4130959258082219
5524,0.9360798906514378,1.6632027166920478
5525,0.4274321228286305,1.5084738434599698
5526,0.6706145547721183,1.7577093281151757
5527,0.620990047114323,1.079950941539606
5528,0.4800014659237139,1.289140517610297
5529,0.5662501943256426,1.2980380197781187
5530,0.4666086061289736,1.321785879364867
5531,0.3041617843329205,1.234817649716827
5532,0.6919451490982184,1.485776052403601
5533,0.46530779783426535,1.7539348005327868
5534,0.7304649137215405,1.8871506385741252
5535,0.8740095191346997,0.9982295972825039
5536,0.6708275969624711,1.2871186628475129
5537,1.0172777245298252,1.556868162240414
5538,0.05598521085764948,0.8423115519790692
5539,0.7762196206052968,1.3619081276327436
5540,0.5027201440524761,1.1516658452317559
5541,0.42851701041039475,1.2632811312568477
5542,1.1641623674576904,1.5894038610904169
5543,0.4408100874023493,1.2730588859206353
5544,0.3802356569044453,1.0007881864496957
5545,0.5034118643466566,1.741893605542034
5546,0.3301829751000411,1.1555686144024169
5547,0.7515070936837481,1.342216246054265
5548,0.683874840962212,1.4200998388092727
5549,1.569350958770628,1.3298671237666393
5550,0.9737236488835778,1.5349535632605242
5551,0.8711319222089928,1.099081424646585
5552,0.3929555417770273,1.285184284575783
5553,0.66625830540306,1.2511781046186559
5554,0.762965903955759,1.8047126287765585
5555,0.3883969613372381,1.7969148449811776
5556,0.47082920130961586,1.3311738518954404
5557,1.0825891424532206,1.6299230045383892
5558,0.6201195329186674,1.5430852803742485
5559,1.097034268430739,1.5642017962153365
5560,1.244676437270574,1.3798425083458632
5561,0.8178635854631296,1.2224240073245385
5562,0.823944190104808,1.329326942994712
5563,0.4379625421930479,1.5642840404463858
5564,0.8352351045930598,1.6923448758917021
5565,0.7066809145930352,1.0441429409483145
5566,0.5713618092902134,1.5708598478332898
5567,0.9061716983767121,0.9005002244950335
5568,0.8206474481724533,1.120564457711068
5569,0.9468620940879584,1.8687327207020372
5570,0.27254420737313007,1.5973795388829388
5571,0.8367354192247434,1.5774478665977736
5572,0.6714838615189767,1.5851170231248997
5573,0.49153397734464666,1.4203378063935173
5574,0.6129990747803614,1.6846017415604937
5575,0.6054364191322049,1.7366021182247853
5576,0.37626286152732047,1.3427334135643512
5577,1.1093423718410855,1.5133660007446565
5578,0.7531236523987552,1.4170718891275214
5579,0.7736225667664091,1.5764634506595694
5580,0.3252224705699084,1.5672665206117462
5581,0.04128466683864638,1.4832453253986193
5582,0.34539733897711455,1.844458594700606
5583,0.8840284831384102,1.4336635072550714
5584,0.8019230606322509,1.062086950020956
5585,0.7247309246804533,1.4984321574160635
5586,0.3094220471899851,1.508502898386338
5587,0.862201038532597,1.0994094054817594
5588,0.3740876227818243,1.6360168946936926
5589,0.5816259354509229,1.6658673820719343
5590,0.6945164935492661,1.4972059632567416
5591,0.5440794151573014,1.1626878578588147
5592,0.7934287980322113,1.4868169136884624
5593,0.576865160397262,1.7391200655964203
5594,0.5872277575618585,1.4580972419370464
5595,0.9251439523400458,1.5572815194225318
5596,0.39525366796524747,1.1368214354180064
5597,0.5670028626961423,1.2495166533863373
5598,0.9020999367671455,1.447705222834276
5599,1.0307365320220776,1.483378106054964
5600,0.29741187913356215,1.4039409966055103
5601,0.5872190628435252,1.6803123343254291
5602,0.6501940000347951,1.4776886769969169
5603,0.8902513699663043,1.3203106803304223
5604,0.5470512475821312,1.1395391305526843
5605,0.7131055285127351,1.3298803739721423
5606,0.3836910814412564,1.3565171271699583
5607,0.7310142538525078,1.6006280786787304
5608,0.8807411397312296,1.4146192391577204
5609,0.792277601251849,1.3659063295667346
5610,0.6617505737903427,1.5952639352387927
5611,1.0404763319185817,1.263417556395003
5612,0.49992689825141035,1.6353059500304874
5613,1.3163118161343876,1.5631840072460044
5614,1.04389647127074,1.6340332787513543
5615,1.047009318352266,1.3782397700950435
5616,0.40899453116120943,1.3046739384986554
5617,0.19347496023306074,1.558689250158931
5618,0.5412695341181657,1.451093538634809
5619,0.531679161644588,1.1425138204138894
5620,0.5860525116193044,1.1150391913890976
5621,0.27053178373866954,1.48282044339185
5622,0.28417432207304666,1.6556496765094804
5623,1.322013216098368,1.4297037759174893
5624,0.7134929836735144,1.6777373023716458
5625,0.6845878506970193,1.2193748750138187
5626,0.33209879657376234,1.5655300307590272
5627,0.1855776576034916,0.7236231849578216
5628,0.1595338674647038,1.6031926829641798
5629,1.0883804556183878,1.700895510002193
5630,1.1276334234563867,1.610214661331303
5631,0.23115493551082353,1.5002497406009012
5632,0.3927326352188672,1.564834509395989
5633,0.9061957816041769,1.560643015018962
5634,0.5718776187631285,0.9084928530484264
5635,0.34761020821020516,1.4743297354517992
5636,1.3238512875601092,1.5291009642889293
5637,1.0449280610138776,1.3572785834142
5638,0.7758166865187294,1.4835650201298622
5639,0.8922998890949583,1.3972510057699303
5640,0.5322243193604741,1.048073327481092
5641,0.6406039895598611,1.763840805164279
5642,1.0380948662463982,1.8765758609102081
5643,0.2937680012814717,1.2731522014910985
5644,0.8658607710085574,0.9667675312904958
5645,0.3714176642838373,1.354091203509199
5646,0.635947817738128,1.3423496628401792
5647,0.5788523652378885,1.6597985901420924
5648,0.7072617729052277,1.1779640758296532
5649,0.8811085900887449,0.9242587935137256
5650,0.40870955209591986,1.4450927519422863
5651,1.0600409995836393,0.7131763776606173
5652,0.9054730506642683,1.3090420971164756
5653,0.2867272193962532,0.8072434943927878
5654,0.7304911259070254,1.5176483616418146
5655,0.8098573767663433,1.400301229096279
5656,0.3618102586914978,1.0465683687190093
5657,0.7135192886932347,1.2127452804168986
5658,0.6773615281744773,1.4381645554642024
5659,1.114760239604389,1.4690928006884159
5660,0.7805809394619863,1.6596500906573255
5661,0.71921563677043,1.2662154980076492
5662,0.6065774333597913,1.772770320029519
5663,0.36589021113327946,1.289308213442819
5664,0.5755163739247698,1.2652986838372584
5665,0.8129707463179776,1.3494002772834404
5666,0.7125980495659762,1.3435254110867825
5667,0.5923917470774261,1.3713344139145525
5668,0.7935306138118364,1.3927377232970302
5669,0.275882841634369,1.42252094223364
5670,0.6552456963827894,1.0947302372737018
5671,0.9526635808667492,0.9674878037894614
5672,0.9587973200710352,1.3938967470626107
5673,0.7301887023395658,1.6041727036627877
5674,0.36097250636431194,1.3123572753390411
5675,0.9711801440275878,1.1619667811751861
5676,0.32627503032308547,1.5027548847400063
5677,0.22483588235184787,1.0659479934217724
5678,0.8967627455997351,1.4387461482808075
5679,0.9229420735538583,1.185263413773402
5680,0.8427134589982491,1.495278686492935
5681,0.23576665184146403,1.5966033086149225
5682,0.4402388898019712,1.086427345828843
5683,0.31514070692059004,1.5624790583689676
5684,1.2016654690699862,1.1445616077597665
5685,0.7150511306375131,1.3933154044373115
5686,0.8588408780403575,1.7551234806283615
5687,0.5802476788223042,1.5532355622467169
5688,0.665590883672893,1.4680445804572027
5689,0.9266631798146758,1.1678571845122605
5690,0.6799894064412942,1.318786380450487
5691,0.41959476063360235,1.6663455226340818
5692,0.6610936364460702,1.5853858581196971
5693,0.47402381876549293,1.520122348349754
5694,0.28886480750697385,1.4235596476482386
5695,1.2134889487465221,1.1318608406064352
5696,0.6824712895027426,0.7214709537056938
5697,0.4183567092609747,1.2097794516478086
5698,0.4057822304501111,1.7532610770789596
5699,0.46631652479263236,1.4115694850305445
5700,0.7149778201572322,0.9659906986143068
5701,0.8665321006132192,1.6215269382070752
5702,0.4575428423576193,1.1560046449117778
5703,0.8569103735967236,1.0824964332284104
5704,0.7948378704275485,1.1922585010455728
5705,1.022292624787629,1.3594203075652136
5706,0.43102673224612037,1.0350433426690282
5707,1.0246329115732666,1.7557514827073761
5708,0.6384953118064535,1.4029847524558055
5709,0.9936266447578059,1.3838750797929953
5710,0.7041745034898356,1.68427832751324
5711,0.9722008860311132,1.4780587049806686
5712,0.5898671156427322,1.5917155711749238
5713,0.3997216086608898,1.3236630201572757
5714,0.6887047087732461,0.7310904764891097
5715,0.590448947917183,0.9024364178266788
5716,0.33884631988992847,1.198040211586536
5717,0.8482338201860674,1.5376613964553147
5718,1.0028639859791102,1.0473978306172012
5719,1.2577699813679382,1.706391310493007
5720,0.9020539402131574,1.3104524476533284
5721,0.5246016040539524,1.3835225384728211
5722,0.4745926179978131,1.1662431714957924
5723,0.6570456128463789,1.494830510431617
5724,0.6588902922815955,1.7691720132132873
5725,0.5903320093538083,1.4543810525619048
5726,0.7795305455384086,1.8616419663070953
5727,0.38188869289458677,1.2930945593326384
5728,0.4464498722289421,1.422675740735996
5729,0.86908994905473,1.058045448072303
5730,0.4540281063990719,0.9437959200171051
5731,0.746679224190079,1.4852095034839916
5732,1.118507451496603,1.4191314668073538
5733,0.17368476963458285,0.763188232174761
5734,1.034577890253939,1.2442707503044232
5735,0.9859588677017883,1.5470815389670083
5736,0.7150304627541246,1.7995856539888002
5737,0.6281022875586946,1.3333160965522546
5738,0.6497559706607751,1.1328970833943508
5739,1.0900204145571752,0.9718151672233819
5740,0.8317189509097794,1.422282669291008
5741,1.1241361838814856,1.2991223290791871
5742,0.4984922142091368,1.1331427946914423
5743,0.15772790762667926,1.7579474326928293
5744,0.9499773253292697,1.6510560357856159
5745,0.204393159891731,0.8231992827418371
5746,0.999209619001908,0.8616807544955629
5747,0.7592285218678388,0.7959745670444076
5748,0.3002266046991761,1.2238622710329217
5749,0.4875354925540229,1.7874173249153518
5750,0.31989528801926653,1.0583324516209789
5751,0.9992545587729209,1.2852665197717066
5752,0.4568634262749,1.0260470374281105
5753,0.7684603171826768,1.6788101418996746
5754,0.38235769205725023,1.3199419941531794
5755,0.8142785906200322,1.2121973057742743
5756,0.5136508789006153,1.1678006559731773
5757,0.8198375824663533,0.9840740826075993
5758,1.5385067599165516,1.6185412788626272
5759,0.5312671522292783,1.1222450973660223
5760,0.7340140178877949,1.4961720217531134
5761,0.5443536326785516,1.4344803776291744
5762,0.8392574150114,1.3622474288962163
5763,0.35727030982759095,1.2479977562005473
5764,0.40753639487705307,1.6929434922155595
5765,0.7866747677485452,0.9840143980316549
5766,0.2867459597229552,0.7891613274911473
5767,0.7230959355538153,1.3533278247724705
5768,0.1398670561918966,0.9191995957601462
5769,0.9366539194627189,1.40231410336609
5770,0.2351199897737686,1.5273321843877272
5771,0.6515926169237307,1.2756583378234234
5772,0.7351277982697196,1.3276105795678954
5773,0.4929290907008343,1.5534666442935963
5774,0.600152312137587,1.356237865351642
5775,0.7727875092979867,1.4005219411886312
5776,0.9057286339873499,1.3995909382587264
5777,0.1665055191754766,0.8534656491148185
5778,0.4037530228037997,1.1494955005581096
5779,1.1081640505925694,1.5646051124385083
5780,0.6983805900663955,1.24841992213711
5781,0.5470454213110095,1.3703612326891101
5782,0.8846475591323345,1.7424906983231154
5783,0.26871565774724776,1.6478696641052084
5784,0.6395090395573487,1.3961835128770468
5785,0.40109108985887393,1.2136373188553051
5786,0.8761338075929066,1.6228628522375332
5787,0.26253382267273423,1.3133723927345684
5788,1.1184948149717502,1.710478054387222
5789,0.368628165248731,1.4785541639922126
5790,0.9486198096709227,1.441086559175459
5791,0.3810920657235499,1.208332212641265
5792,0.7460911675383247,1.371005829764085
5793,0.9583390107035948,0.8741931389829987
5794,0.3862844760150182,1.1785861374808055
5795,0.8249917402849333,1.8099485694978072
5796,0.6726245378924995,1.7106663583453277
5797,0.5653244894030972,1.3545112313527834
5798,0.9813934308168479,1.2172922396154318
5799,0.5718892184390952,1.4890777844510317
5800,0.3308352648468454,1.1770193918817577
5801,1.3217347215314654,1.0272911234025275
5802,0.31725295293646016,1.142661487723168
5803,0.4361121382287913,1.5802322075748343
5804,0.5393615490626593,1.0816373613841823
5805,1.047083813419349,1.198049604885335
5806,0.711623544948664,1.2493069567452424
5807,0.5744351854755881,1.0395529241812933
5808,0.7458863932095426,1.7280783805186364
5809,0.316508176466311,1.3222144651052923
5810,0.7442405611606462,1.731154001833956
5811,0.21346285240037172,1.3178166562460265
5812,0.919243470593726,0.8824785510610602
5813,0.33911075612535224,1.138047550756656
5814,0.6063234342434147,1.612948434075081
5815,0.7431144307908188,1.2009664041162114
5816,1.0855245640742008,1.318280292255344
5817,0.5886630354844486,1.213993016493812
5818,0.736180108999391,1.2773787654187025
5819,0.8333230540751012,1.631054800927503
5820,0.5554257401952926,1.218160192406686
5821,0.6682250175107197,1.4042889095551154
5822,1.0334066309277135,1.3377667014599584
5823,0.47634742786240725,1.8518605463266264
5824,0.19758451454121856,1.1831200055166415
5825,0.3431706392403181,1.725920904410492
5826,0.5006963647877726,1.5599153608213199
5827,0.8622574799067658,1.720648747289564
5828,0.8968025043332003,1.406672852175785
5829,0.943581998379626,1.307494788848506
5830,0.30364715321378516,1.867021041655909
5831,0.8868328597105918,1.2789100148104662
5832,1.0371327301086366,1.7827548259067159
5833,0.7705844520347839,1.1114667768617803
5834,1.0159429203448436,0.6904193476596387
5835,0.6830042957369029,1.4293413726937647
5836,0.7658376830009319,0.749279942167361
5837,0.6839186705962288,1.3042091772565254
5838,0.4468300322660592,1.4926422686174239
5839,0.5512654049334405,1.189995406958308
5840,0.5990408459229529,1.4186374338419816
5841,0.4458689174193006,0.9698460186050055
5842,0.4358027143650972,1.844515050419307
5843,0.5840379561208527,1.4000758866188552
5844,0.4524260070393029,0.7621422442553933
5845,1.0908766242093884,1.2049415978953697
5846,0.3095752118748233,1.4645228672524073
5847,0.49744056242361834,1.2832207063180991
5848,0.49358621951732845,1.3625119315633267
5849,0.8836545038089508,0.8058088457416308
5850,0.5168890463554582,1.1618808056400265
5851,0.5761356041689555,1.1910511329170101
5852,0.5911006608498973,1.6942305527397206
5853,0.6407752943982313,1.477602487017559
5854,0.9116509293183104,1.0623420998540436
5855,0.38835118193612805,0.9390285955724247
5856,1.0247897612957915,1.1536117774027874
5857,0.4184161919270622,1.7024316395664862
5858,0.4381050596511974,1.3911444878217987
5859,0.5844564436018171,1.5426548394536248
5860,0.9797939449945463,1.2957027407244617
5861,0.9703829596444653,1.589843428968025
5862,0.5043054642963871,1.1607286754109165
5863,0.7149241201648052,0.8352333953759681
5864,0.3641332262055565,1.8808721519771827
5865,0.7720340997344939,1.450235729534094
5866,1.3473660181841038,1.3379396371955656
5867,0.38674937506608675,1.5253636950262264
5868,0.34605938759057747,1.4208481840895368
5869,0.946768507872693,1.5233627416059552
5870,0.32651316035227657,1.7623170022533925
5871,0.7304321600569267,0.9301399918255118
5872,0.561918350825564,1.411787624183096
5873,0.8445615709343284,1.1714555316910018
5874,0.7627413826811803,0.8339472788026006
5875,1.0456297011034468,1.184214951446051
5876,0.7891502075307902,1.728464741646008
5877,0.805211790732282,1.4197627261480927
5878,0.8302013338949085,1.5871351681962764
5879,0.5632670368161867,0.7899767606637613
5880,0.5970625009258019,1.2810288592506633
5881,0.17993116045612506,1.1301009169938798
5882,0.71697421741025,1.1820967172820356
5883,0.8501532594065047,1.1013336678457888
5884,0.8018448795393274,1.3233010738067523
5885,0.5812635248233594,1.6330900665465369
5886,0.20246085384657825,0.9130520264782782
5887,0.6916705417548967,1.587565876442281
5888,0.392745166500671,1.4134189206151488
5889,0.9926096794131435,1.1810076309521385
5890,0.9823559982093901,1.49488039028556
5891,0.5399135119103463,1.6593128538839679
5892,1.034054157054775,1.5332298654410659
5893,0.6032446728700328,1.094102815861449
5894,0.8798041312099145,1.0451693948888001
5895,0.501137658260388,1.031690779464265
5896,0.9896902188345581,1.5550560355579588
5897,0.9734714369336892,1.6244284201421921
5898,0.12220567509568545,1.7181244374294709
5899,0.28814464285333896,1.3811804145020425
5900,1.2516988463771808,1.108320826824623
5901,0.36949871485997815,1.3993852101455038
5902,0.4419292033592105,1.5307896677933972
5903,0.08212064919903818,1.1802015654901403
5904,0.479827289626856,0.7974615177775004
5905,1.0547607627986737,1.2246999534600986
5906,0.9366506269117713,1.3238063485950504
5907,0.7537798077560727,1.8094036151120705
5908,0.7405865063777072,1.4352743027343455
5909,1.0038840131715334,1.6317090949659498
5910,0.15902089298645977,1.0175138103225032
5911,0.3679925791560404,1.1217022751788388
5912,1.0887560998186832,1.491355780801618
5913,0.8681382773338053,1.4026367681726697
5914,0.44270963653872186,1.4073424477670615
5915,0.5299706066685437,0.9965068574674667
5916,0.6016122586082442,1.5461955455024652
5917,1.1873565181185814,1.1501485268692317
5918,0.4259062585751294,1.0878777831656539
5919,0.26795506365866234,1.831810655710422
5920,0.4474769062554257,1.3182203018148506
5921,0.8180727573612444,1.8568661504275525
5922,1.041054124152673,1.5065118982367407
5923,0.44411129257644827,1.3071896593446615
5924,0.7391482873376016,1.7509447586375226
5925,0.5231980643546531,1.6730426968686687
5926,0.6085573178610573,0.6042570527066569
5927,0.7897321080386933,1.8270105083090533
5928,0.8594031347923506,1.7460164283486275
5929,0.8760248324343968,1.2792025969261225
5930,0.8935202218609465,1.6653151548704974
5931,0.1598994679604272,1.665223799526772
5932,0.4724701531812162,1.277353181502499
5933,0.7918779587686299,1.8066716838393986
5934,0.5613394915101767,1.2569363900293409
5935,0.7124545633981705,0.7092725886927265
5936,0.6935153628600045,1.618314389598307
5937,0.9270890471434031,1.599749836473882
5938,0.624989614421537,1.5795671882903966
5939,0.40101781234392353,1.6686873545516099
5940,0.7732789141383655,1.4229757049246095
5941,1.0159710993270616,1.3553800561996814
5942,0.7391015650932513,1.0451397515585668
5943,0.8636009168931292,1.6115111984734694
5944,0.7341787262739826,1.5170374466545806
5945,1.0285554485120594,1.4728801171917278
5946,0.8246701197907574,1.2784054303858752
5947,0.4383751882733668,1.3707511602141793
5948,0.22100364656206506,1.104635346279982
5949,1.008568109200409,1.3632025975312914
5950,0.5745184355611657,1.442935924078653
5951,0.851128869676776,1.1283750434053936
5952,0.950275754208355,1.3701523157036366
5953,0.4909925055102788,1.3111099660364727
5954,0.7462257568497095,1.0592610287044142
5955,0.6247901333601608,1.3539019513979773
5956,0.610194205181662,1.749784265364279
5957,0.7342842279012509,1.3946974099266556
5958,0.9163540443974011,1.4742800708782262
5959,0.7917178260840299,1.7261850377607104
5960,0.7255029784174077,1.3725693488204742
5961,0.6675024236636014,1.2830336135459994
5962,0.7083681773867014,1.5977340895225565
5963,1.1009053083219167,1.6203177664176953
5964,1.5079237403433907,1.1698519027343695
5965,0.8389157022181872,0.8835796147353523
5966,0.6043528070387603,1.6777408655238109
5967,0.9944730757520293,1.5214249065013956
5968,0.9260016059270144,1.5595871466142563
5969,0.9849984406866948,1.5621994399879502
5970,1.1148906953258715,1.2765155607288516
5971,0.7173882467351331,1.4212980970647964
5972,0.8825008595976862,1.2408433876528475
5973,0.5771919118118676,1.2064662984737675
5974,0.9993926306293736,1.3955466529416691
5975,0.4093395074680802,1.2972130970120084
5976,0.18289915212839244,1.1379448379514887
5977,0.5607287535387113,1.2093189208252704
5978,1.2656659798958534,1.2346545702805671
5979,1.0216020244608415,1.4538435611449685
5980,0.6880489275644954,1.410118392569933
5981,1.148174575865926,1.1931574590059337
5982,0.683174091622108,1.75687706041403
5983,0.843560378385355,1.6904211792901762
5984,0.7839704477327826,1.1242890467919953
5985,0.591170734736194,1.770803557882953
5986,0.23074698770800564,1.0949736813404791
5987,0.6264594912848395,1.2567678637777193
5988,0.5031284292191771,1.4206346285833482
5989,0.8602887419997212,1.6260986988580555
5990,0.408209596940105,1.21134608342824
5991,0.730872523285156,1.7304174613151027
5992,0.5106938366036208,0.7549128192324763
5993,0.8797689581428653,1.2184472047960044
5994,0.9801965970577726,1.3667859709092278
5995,0.28612121651967903,0.6775721364713134
5996,0.6705188976046766,1.3669448078941595
5997,0.9748946426860611,1.1738426331054646
5998,0.6284769980887966,1.1231237810326182
5999,0.4833531921312917,1.2590921829348665
6000,0.2770680291858313,1.6384094974141163
6001,0.43041098334997524,1.0958095553867082
6002,0.7040856643657754,1.0469722443807035
6003,0.5119126561931054,1.4975089064995228
6004,0.6571557595347709,0.9500806440860179
6005,1.0444569681070495,1.463706698006729
6006,0.7493387360597035,1.132769837152075
6007,0.4970394484641782,1.4988831790196488
6008,0.8691059315990932,0.6810209667854419
6009,0.29763449622599286,1.3665333926404635
6010,0.14727833800158285,1.3254163436090518
6011,1.3800829846246045,1.1012648921300894
6012,0.3852682619417485,1.319526605054158
6013,1.0056506639019904,1.1859758723283194
6014,0.35222197555688706,1.014188151173312
6015,0.5274941161028927,1.3845014329713483
6016,0.4721944001280245,1.5809365317471842
6017,0.934289423857382,0.5491156896962426
6018,0.6578347354989263,1.6166138846821165
6019,0.9333623203117996,1.6254228800877972
6020,0.6618368710772264,1.4103218660657388
6021,0.6470474123598444,1.337416158734641
6022,1.4767175323015351,1.6944803740704169
6023,1.2027865025852438,1.737681673391534
6024,0.1591387089587136,1.0308286303827323
6025,0.8675637079217381,1.850557085875081
6026,0.44834401198153173,1.4851436205519066
6027,0.38706501370254437,1.5847734867979144
6028,0.448263631676852,1.2952652894071157
6029,0.382746909989879,1.5409708167360088
6030,0.9234320696232655,1.379048286757983
6031,0.7107621606905127,1.6924928844266218
6032,0.6094169223950379,1.6462981755569324
6033,0.8659490962328071,1.3952891136913927
6034,1.0884919181294328,1.4576147875163539
6035,0.4425210192116659,1.0439511445645535
6036,0.9062988974390929,1.615734956938614
6037,0.7586013635824022,1.527251980122038
6038,1.156233064130292,1.2742373890303502
6039,0.3419055266051055,1.3641115567764386
6040,0.39946187042160153,1.5917448527503684
6041,0.5208903714186017,1.5377969363677377
6042,0.2960201523330044,1.2388260867660317
6043,0.663221607913959,1.3840277098387892
6044,0.5377849042530076,1.0323853253370983
6045,0.1145915663751866,1.6803511028589506
6046,0.3568890040749223,1.7261526405253926
6047,0.9789304695076334,1.3136530503898247
6048,0.990111790886478,1.6453882275633824
6049,0.4738716057611006,0.9162357689014009
6050,0.78087344646115,1.1198943319413224
6051,0.6937637883429973,0.6560513143278852
6052,0.41425830247528656,1.1634180068427293
6053,0.6095382345771602,0.6732185852404442
6054,0.5008193375662994,1.1331279795339024
6055,0.8412389771845941,1.3235857420291872
6056,0.41773503333701273,1.4276444403870034
6057,0.89912231225975,1.477580829963348
6058,0.6699832522054902,1.5651535501410465
6059,0.8872045859485175,1.6371816907165786
6060,0.30702210540961167,1.698988243517738
6061,0.18039119044621124,1.0310370144074867
6062,1.1479406491044744,1.0142575191697922
6063,0.6607231226729153,1.1346476071630096
6064,0.4325940221412975,1.2740662076887816
6065,0.40785141168362105,1.0608740319613001
6066,0.30249093253419496,1.4292552512773102
6067,0.4194569515888533,1.52199980849166
6068,0.5966591259076718,1.2656569560893218
6069,1.280558344541088,1.7517826875008384
6070,0.30753912494344576,0.9736226949758651
6071,0.942202614791681,1.4939242250778624
6072,0.7312131730766169,1.2524067782224932
6073,0.6691512802254389,1.4253318321240545
6074,0.3522028716649433,1.0980385616245174
6075,0.5288498560094171,1.5579030420695466
6076,1.5170194867920537,1.4428091963417295
6077,0.8158492225767918,1.2505333698017518
6078,0.8788168971968657,0.7832582842011975
6079,0.35460688036379034,1.3832102019036197
6080,0.42917253716979586,1.2642844209625
6081,0.9762343641352967,1.3496800840523953
6082,0.5919971626229215,1.1201716128623738
6083,0.5912180629458802,1.5420067826941286
6084,0.7480182337823237,1.2594778941553026
6085,0.44467078429601253,1.6938568098758824
6086,0.7276740977230431,1.4815879908085812
6087,0.29417729660122016,1.265076085254365
6088,0.1634079005793659,1.530618899997191
6089,0.7421170484570218,1.4479517799053543
6090,0.25837055585182994,0.8290895570853878
6091,1.2068385597853792,1.64770110066853
6092,0.6607158917768935,0.6275270679449649
6093,0.32200835339654343,1.014473340876648
6094,0.6151688861158272,1.5363241662271143
6095,0.4142145141404338,1.409286214382207
6096,0.6503449076333587,1.3990554980383012
6097,0.46999589818557114,1.4252708032091719
6098,0.6480686587545124,1.7396989502421965
6099,0.5984315265071777,1.1048926149253955
6100,0.7963712245555077,1.3426769041322268
6101,0.5358577429381989,1.17615288392923
6102,0.39532386913050466,1.347174929895016
6103,1.1005612770177282,1.0088274725513227
6104,0.4366486350914006,1.4578632974256385
6105,0.6191517158109643,1.098514056922276
6106,0.3938628709991342,1.4854224809186651
6107,0.7435730135402936,1.324449108838135
6108,0.686341356240452,1.2276677863902292
6109,0.3777809919909653,1.7779763495924605
6110,1.1679041497820608,1.6172219946036914
6111,0.659795144838547,0.8368478253894795
6112,0.646746199895516,1.6050696730117615
6113,0.7261375733817642,1.321613429878925
6114,0.30803097864991963,1.3827954125158184
6115,0.16524785225097008,1.237988129543322
6116,0.6282394676549372,1.5633989743632128
6117,0.19785659166463707,1.3482312135771815
6118,0.7846126899958543,1.6180638597935748
6119,0.49672323625678977,1.8346708729156074
6120,0.8835792030749026,1.169112446013679
6121,0.8851469394563968,1.0445404751726515
6122,0.6859228610118427,1.287037415067508
6123,0.1829325374512297,1.1403373509005874
6124,0.6251360105437892,1.2956960382589746
6125,1.258520372488691,1.2775386912862938
6126,0.1434194464778617,1.6950001341979932
6127,0.6749773934447056,0.7347510196299627
6128,0.6578455422082021,1.665312852136903
6129,1.3077518670466697,1.5078991623133053
6130,0.28459105793292877,1.2237459125620895
6131,0.7428409950381291,1.6490245327397397
6132,0.9773051080184059,1.398610781586933
6133,0.5419728084426817,1.0348568122304815
6134,0.25053750751021203,1.4958488096624811
6135,0.6332025033430884,1.5143974224991181
6136,0.4097876711417343,1.2689884514601382
6137,0.5878100578963739,1.5638919690181308
6138,0.15098616537355286,1.261897148863035
6139,0.5717201930942124,1.1097372840177833
6140,0.4976418643805007,1.3992342892255487
6141,0.7327435040860326,1.6784151354111128
6142,0.5741520526647258,1.647631536821092
6143,0.45776873133031076,1.304337784544436
6144,0.6715261243861624,1.6091676086069497
6145,0.23968363921827382,1.351819904441781
6146,0.954435070359024,1.0256245548827692
6147,0.4196306547194572,1.111615420523393
6148,0.42208972851332144,1.501477767297247
6149,0.749824371208276,1.3525975659091338
6150,0.653663092323447,1.3838822927225856
6151,0.5987061888280399,1.182581562856163
6152,0.3416891658538387,1.3468774250628588
6153,0.15652981517710166,1.7825745517591638
6154,1.1041093527568757,1.2634610406429125
6155,0.5931236306160381,1.147916289612344
6156,0.5789835817241238,1.1747685095623055
6157,1.0753310789356372,0.9853649477557365
6158,0.4078039119395873,1.5211147265021792
6159,0.5996491094936971,1.430294364471255
6160,0.3759870449564347,0.7943362725929968
6161,0.5420627137452487,1.6788397960636892
6162,0.7701325718521416,1.6099140049227505
6163,0.9192845871765157,0.9820076433304707
6164,1.1864660987288544,1.007117915825452
6165,0.2674549192468511,1.539986526686368
6166,0.8714798634972255,1.1241854927924608
6167,0.8547306356473194,1.117064255662058
6168,0.4535471454720633,1.3980172379980171
6169,0.8583943466013999,1.4694586122139208
6170,0.471743048643255,1.1084440029145668
6171,0.4454283864632807,0.7358168512590693
6172,0.980231565934439,1.5517190062333612
6173,0.2737772785274286,1.2205196738039983
6174,0.3212730624041983,0.7275513692571469
6175,0.9500758061523341,1.25516831350877
6176,0.5772612833754635,1.568829540926663
6177,0.9542578953494811,1.583131218519838
6178,0.9688409696941978,1.3926759902460875
6179,0.26579727986841756,1.0839090593734322
6180,0.48112851600899836,1.1957371744687173
6181,0.578797205839807,1.0644636303099706
6182,0.7728939847708826,1.400933031329262
6183,0.46596313374289944,1.3346225165658696
6184,0.04790588347280358,1.2501033841841844
6185,0.7028834843397235,1.2295814162269612
6186,0.3952236400370708,1.6780602487276364
6187,1.2039257546446986,1.6499314241607057
6188,1.0138386977598162,1.0312627964118706
6189,0.3882226411736526,1.4081787432267256
6190,0.3891403496723104,1.2791952865260323
6191,0.4009065962085397,0.9781253753337078
6192,0.26510021393219796,1.390781690820551
6193,0.5444823436544177,1.2897630067929469
6194,0.8284818477842945,1.5406609347186566
6195,0.6477628299611025,1.5328866115950541
6196,0.8862578069865259,1.623406091669663
6197,0.7163241044437787,1.2771620744199566
6198,0.4469466260828114,1.30088090130915
6199,0.2679401675326066,1.4391870045186024
6200,0.3123994884129571,1.2687547972932134
6201,0.6783302268333973,1.6516218957250937
6202,0.3867241148523673,0.8489191005077914
6203,0.6801205952199483,1.8526718190121285
6204,0.913850358391907,1.4180452132065127
6205,0.6354232666129636,1.7321594709830737
6206,0.5322578501111423,1.8308220253255107
6207,0.03378663349013381,1.0964297124560982
6208,1.374698326108791,1.137880163341984
6209,0.4007431525619213,0.9655057204056661
6210,0.8540514690080147,1.0460880034028908
6211,0.8639707289014206,1.3789187810098222
6212,0.31200448920279106,1.4797873920020108
6213,0.7665292593476504,0.8769963482425855
6214,0.4345803045126111,1.2920033452864028
6215,0.4252378351861996,0.8145136938637003
6216,0.617750798588344,0.8587635677452361
6217,0.48433610419913925,1.4377336184991951
6218,0.2409125994175198,1.2323515015376332
6219,1.0879438046251668,1.49782048397527
6220,0.8135662212075512,1.4622272598783217
6221,0.6791734632589834,1.265261337974775
6222,1.1507833914551961,1.666227983397705
6223,0.31818566708480983,1.2765865141860915
6224,0.6193301402174055,0.8894024169209089
6225,0.626259394046345,1.5618139808037184
6226,0.3180035925498457,0.956916268597831
6227,0.35066326016719707,1.0708359138685464
6228,0.7560506152091651,1.4044420688105292
6229,0.7924006393168662,1.5210603778647969
6230,0.44627600468386924,0.8800889874867994
6231,0.18651221656785139,1.2897456607395985
6232,0.39653523463567064,1.296478545477549
6233,1.1072743630438637,1.1259647994648945
6234,0.4074296925369895,1.0470555735660194
6235,0.3077181023782295,1.585274457696737
6236,0.18501711603240498,1.169917919704203
6237,0.9775345738738136,0.7384635777461552
6238,0.45029409904969375,1.2785126305755476
6239,1.1058867800467758,1.4707071107366114
6240,0.750860916810973,0.6413540864970049
6241,0.2649116104060312,1.58398476062188
6242,0.9723056062395745,1.3987590171633384
6243,0.8701508080166354,1.1110179120193373
6244,0.42210784415694935,1.2625370233141764
6245,1.0657572132237711,1.4155009051793086
6246,0.5637765571708261,0.9404301320208412
6247,0.47162885050960124,1.8027284226436768
6248,0.3803591949056296,1.5575440479342593
6249,1.050097267728205,1.0662574901690363
6250,0.7908447654620029,1.60940386808989
6251,0.2549711637691182,1.711768104605756
6252,0.5162627150321688,1.2967500966058156
6253,0.5071433276062035,1.5786377255010107
6254,0.4802835666138635,1.3097957518176853
6255,0.8719771002089035,1.6434506663779826
6256,1.0649359574698003,1.1176022717594536
6257,0.28166325230367467,1.0445734908119602
6258,1.4289136601434296,1.364303055101015
6259,0.9337950519064105,1.4147884000906745
6260,0.3950891247484476,1.5757517338371911
6261,0.2950729055580518,1.5971700876719317
6262,0.7631623242661284,1.4273610399086836
6263,0.8116738810300131,0.659523192452359
6264,0.5131408309805715,1.4525267442276366
6265,1.1378695322895886,1.1209407019891442
6266,0.7496317675290951,1.4058995594762156
6267,0.5128476866403281,1.479361535757584
6268,0.7935068931720668,1.0573480949978504
6269,0.48368766291243814,1.4852519379407112
6270,0.6721475522342717,1.425099461771241
6271,1.0111751162398848,1.2524045751524033
6272,0.7520266136585313,1.5261985920977192
6273,0.3982726489399657,1.1995917510579517
6274,0.7139812379108694,1.8416881612665932
6275,0.9176610204646171,1.2212493779951723
6276,0.2892667333951024,1.4633190842885222
6277,0.6986805483614722,0.8745142316152696
6278,0.9611409926986381,1.3635866832807668
6279,0.5533777872807869,1.5295665869095147
6280,0.4190734083711488,1.6058125634343692
6281,0.8041212141077123,1.7273636732614412
6282,0.5246508326686253,0.9604567088300004
6283,0.6456647474290822,1.713876889806991
6284,0.5527884461301329,1.7931936550204395
6285,0.2602723147521581,0.8513439406553176
6286,0.5972530509994269,1.2154768156542106
6287,0.7569953380549204,1.1872048859924456
6288,0.28874938918396015,1.1369469759416264
6289,0.49567323613596004,1.4606899010438847
6290,0.8235166289406258,1.3423256245996869
6291,0.2995571281508407,1.3820378799772393
6292,0.5015532750800034,1.3045994004313297
6293,0.7450922484419431,1.4427818026888497
6294,0.5634552350757384,1.1263138562133852
6295,0.48940048215368404,1.3727263415275397
6296,0.21209692546924297,1.2279940033274004
6297,0.6798014471446753,1.3675051194937398
6298,0.670041964632126,1.607680206842077
6299,0.6955544631467752,1.0762973422802755
6300,0.28902871527220914,1.4498506145735304
6301,0.42264170142580115,1.8720016117606093
6302,0.703395699013724,1.3926069317294227
6303,0.7227771026943565,1.1013505949343156
6304,1.080321967869751,1.2726264862506476
6305,0.5109774010244952,1.502180748060696
6306,0.5578043880397909,1.5058657494063628
6307,0.5718631907330513,1.2368663056167133
6308,0.44248694470415517,1.2907004101313284
6309,0.30051246266937237,1.5552559897129576
6310,0.6344991067617365,0.9033091550737542
6311,0.7078639587847781,1.2547429121448272
6312,0.5394454716834223,1.5425365579324242
6313,0.36954456544878883,1.672616362835329
6314,0.34316441348383897,1.45652559950247
6315,0.8083074514629408,1.1949854192961316
6316,0.8524913152811315,1.2662952500038391
6317,0.3395782141367801,1.602674527933821
6318,0.14930776821654865,0.9556117404203541
6319,0.3251012470024996,1.229955254134758
6320,0.8844196776309613,1.2850424079761835
6321,1.1226756911542737,1.2142660789138255
6322,1.0015047617806312,1.602850330179834
6323,0.5726637526495655,1.5608609061955225
6324,0.7369153954571355,1.2616550594880005
6325,0.5828708825443811,1.7765964634863955
6326,0.2706628418384735,0.9671725401630402
6327,0.3679591016202528,1.4012950056989364
6328,0.8418938724526316,1.069781104424466
6329,0.5081773851014059,1.104075832263231
6330,0.8882305663218032,0.7984372844687246
6331,0.6467195216711761,1.52581948364772
6332,0.6733675906057662,1.6000834733812694
6333,0.9069687654109628,1.4644596495584539
6334,0.9335656491647476,1.25292949696256
6335,0.7758951282399634,1.3341098351452771
6336,0.41008847232317236,1.333825151440505
6337,0.9017965035491022,1.409746469035392
6338,0.20042792376371138,1.1681193288547607
6339,0.3967298187756966,0.9189598138045221
6340,1.107242929500274,1.5811446730222933
6341,0.27896102458234495,1.345854143505263
6342,0.5876119082913015,1.4277833091925687
6343,0.8031706772080641,1.5024583955422397
6344,0.2031481713100778,1.4569659459018756
6345,0.6822478264457481,1.2655515551995111
6346,0.3013351803192421,1.459093325588847
6347,0.26315077840588835,1.6821455700596832
6348,0.3741491953685459,1.3010586673543476
6349,0.8515651003416311,1.5925112866811872
6350,1.351167344984993,0.540160749480632
6351,0.48484052691620916,1.568435758441846
6352,0.516330403367126,1.6541315915724464
6353,0.3794974245363035,1.5682931351312865
6354,0.7825733888930947,1.4716898233503457
6355,0.6931850858287788,1.1102527167767122
6356,0.5695455576952222,1.8314773748470352
6357,0.6278019294939043,0.9489456113879047
6358,0.65819629409299,1.5996169751956324
6359,0.45875510352175314,1.7135915489658373
6360,0.36271893558569135,1.4607057185346553
6361,0.2920562128221276,1.576228252788421
6362,0.5188320292350036,1.4300928705039069
6363,1.3191354690482415,1.3526052838997937
6364,0.4669979955146676,1.4832226935681252
6365,1.2037805747762411,1.09251137991565
6366,0.5408999567547739,0.9322161570808161
6367,0.636062703429603,1.1045916151159232
6368,0.5806898226926686,1.2541624299784306
6369,0.495013658591479,1.6232755896300937
6370,0.7403061305700138,1.15515165906169
6371,0.9072882903492137,1.5490064109653103
6372,0.3116984358264569,1.0892287955115942
6373,0.38447043836694794,1.1579047739306323
6374,0.3847697685432716,1.5469771674201411
6375,0.6740793570197219,1.1053348502953848
6376,0.4060173580710272,1.3727106598221008
6377,0.5642004203348745,1.536417174456561
6378,0.8144681355039953,1.5487865539421248
6379,0.12873772123752175,0.8836633649602663
6380,0.8290030496797903,1.4371313357451432
6381,0.5555828909972597,0.8469899021080891
6382,0.5791848416713568,1.4832374596044762
6383,0.4833952914601689,1.1852099462480108
6384,0.4387616669052268,1.4372985610962785
6385,1.4780271288986333,1.5713686164275158
6386,1.0716242087558352,1.1895879276534238
6387,1.19491410862898,1.7147270538873258
6388,0.43260121696342374,1.09896836511908
6389,0.9725397732560463,1.1831005457189985
6390,0.6124717732871737,0.5132644247980358
6391,0.898530555938466,1.598893974932091
6392,1.2864837744897677,1.2149886871915363
6393,1.0646758649888886,1.3097066228462348
6394,0.832565460118676,1.131008894252386
6395,1.6625037796611126,1.591658267521841
6396,0.9211411047697322,1.3022849718589344
6397,0.7304408515003866,1.6673842311054379
6398,0.6768081209707891,1.7002465678475362
6399,0.8704470236546284,1.5417172414127371
6400,0.42943273765415374,1.1005185028497748
6401,0.4446379161024047,1.5923111741812888
6402,0.4989089808492723,1.504626359884746
6403,1.045334906250456,1.3665973103150058
6404,1.1438939818100007,1.2759408000772674
6405,0.8124105582685442,1.284487229160666
6406,0.6895349133645842,1.170285212421865
6407,0.2733587883631273,1.0450521256324006
6408,0.5294973790431106,1.0546116638368577
6409,0.6005165110791415,1.3576572445048893
6410,0.9318027780247069,0.9208628808483046
6411,1.2423015039646723,0.6153576088803683
6412,0.9377405000252683,1.1197822242637043
6413,0.5320440572420654,1.5457877023786195
6414,0.8023602718482944,1.4680528475413783
6415,0.6992314803672888,1.6901999797892078
6416,0.9155594346285335,0.9834567651061128
6417,0.456238365577373,1.0221961862260325
6418,1.179854602709858,0.41732295669408215
6419,1.0410876018330195,1.2311339338310134
6420,1.001580861549075,1.5932279202442234
6421,0.9517949215705999,0.6943081511126348
6422,0.5456013354890042,1.4915997987036391
6423,0.7716671536485857,1.425939082410292
6424,0.4868491602691766,1.2973621477636135
6425,0.09762637778867186,1.519193531898853
6426,0.5305442147039858,1.5804084740483175
6427,0.7856741031274318,1.251309216457046
6428,0.27725140685810246,1.2849194668430153
6429,0.28357827750737413,1.6289347928609337
6430,0.5311205771025196,0.7070869186937272
6431,0.7106954192631663,1.5038935729125416
6432,0.5243118971517875,1.2701302060464053
6433,0.6849354789278838,0.906512067581883
6434,1.0820004759102528,1.5925963494069042
6435,0.7284289209782105,1.494366082304598
6436,1.0546483880978093,1.3587044938937578
6437,0.4390083617488832,1.3108918735268085
6438,0.8043209119108535,1.4973166641159508
6439,0.347442469739767,1.3480940389951364
6440,0.2150939027777079,1.358281505750704
6441,0.8870726107641197,1.783661758721421
6442,0.8191076651502499,1.2319551694197628
6443,0.5483004603735817,0.9707995119478174
6444,1.064176712152631,1.2207127219966212
6445,0.47461279416217494,1.5168541390914352
6446,0.13147904867530072,1.3298014279348886
6447,0.5779058447450971,1.3210205278226017
6448,0.9443251594005293,1.143429846196516
6449,0.337891773680695,1.0992133962029804
6450,0.5993077163397794,1.3590053182552357
6451,0.93202197646543,1.5006792376890958
6452,0.9060064042026101,1.247932408916178
6453,0.9857046271274604,1.4331046419624265
6454,1.0026413216145313,1.020989543313878
6455,0.46880452246645693,1.251570969558692
6456,1.1524892850056068,1.632446454719358
6457,0.7550067983696616,1.328917611014735
6458,0.630323932566721,1.0321583075346248
6459,1.3650657627334968,1.3743768031005805
6460,0.6513976759915883,1.3903630526759514
6461,0.4465811461389171,1.5186226715083855
6462,0.6501991366779545,1.1987711597602044
6463,0.5456135259996722,1.5732295930534834
6464,1.0300688602749954,1.5935416360755932
6465,0.5462988707158466,1.5955270732080717
6466,0.7520832093515669,1.3727808093172134
6467,0.8342409497794077,1.3469714527491345
6468,0.6749864406617605,1.3364096667360679
6469,0.5759877069521188,1.4583972733833765
6470,0.7468827043494363,1.0253753024886683
6471,0.6902698680989167,1.3827478837370553
6472,1.034530182832683,1.3883399579818654
6473,0.6055636550035759,1.703547355043669
6474,0.391884528155027,1.1269188220729864
6475,0.7152466258806282,1.2549673838361217
6476,0.7046956399261906,1.159989755025073
6477,1.0120216286679107,1.4545776181981016
6478,0.2728943610607106,1.3405601194194703
6479,0.31672354348012816,1.2298816357667675
6480,0.942562655477177,1.5413598394299992
6481,0.8210478799491354,1.5135835103583397
6482,0.24464658279283463,0.9939177255601159
6483,1.4882302873500697,1.1987412731555915
6484,0.5117263417884781,1.6505812144811685
6485,1.3008662869008454,1.2677179462009076
6486,0.848705711920194,1.352436426528251
6487,0.37966692739881613,1.2714730061036694
6488,1.1357591556015625,1.6402282445552194
6489,1.3131641307167814,0.8027740557105727
6490,0.9531810441773668,1.3963232438808082
6491,0.8820500022257662,1.5181024284600357
6492,0.5644455829956724,1.6452732871695175
6493,0.6018506839936488,1.8072926943705596
6494,1.0013904433952785,1.6610158336802745
6495,0.8634534760597907,1.878555142897571
6496,0.8865841341863712,1.261545648386837
6497,0.45513870862819117,1.2157320821868782
6498,0.27306754908855513,1.4791524368529574
6499,0.6146992592457674,1.569289059028591
6500,0.5922907396598751,0.7983756887615174
6501,0.7292004182427285,0.47487939076753927
6502,0.6683395281908698,1.4153759748866452
6503,1.265571752849566,1.4219301190657123
6504,0.9335368206692887,1.4700359742252695
6505,0.5738675202626945,1.3952975594322732
6506,0.961437159771702,1.0813171068007774
6507,0.5871886205281502,1.3503839335021204
6508,0.170115423688936,1.708783881255895
6509,1.1314654275559732,1.6477115001220517
6510,0.6123067653778647,1.5649082636674314
6511,0.5119069280648935,1.418869483198043
6512,0.8852243744248517,1.310740418333489
6513,0.25694649178891377,1.2311150719064234
6514,0.3793485107367297,1.195697111245467
6515,0.9313483358659912,0.46136582122502534
6516,1.1234173581553837,1.1400642541230472
6517,0.9029055559122202,1.7087384375521668
6518,0.38063169268995345,1.3912256976159005
6519,0.7481023938155208,1.441051349224751
6520,0.3721857305477509,1.471178738349554
6521,0.6932397898129321,1.777817192348473
6522,0.65023173736934,1.2935677239124295
6523,0.6332540652359749,1.5579454919825657
6524,0.5446885010705211,1.2170475911896892
6525,0.5959050757515374,1.7209630004403906
6526,0.618023567035204,1.4810267249356903
6527,0.786585183370664,0.7929654178825063
6528,0.8362208896029655,1.3267807402554381
6529,0.4351517527333993,1.4542346388614056
6530,0.907782359265431,1.1810686414343752
6531,0.4806536008901211,0.9381532452216426
6532,1.4093566600175567,0.9043876410133203
6533,0.7560024159615553,1.5284058580946092
6534,0.2656707101045317,1.0529408028036158
6535,0.6383596740078774,0.8910054476272642
6536,0.6553441442321579,1.15451209280085
6537,0.9082691888601946,1.028211979409451
6538,0.9773991315750468,1.100991500650308
6539,0.930567948962128,0.41308637659259406
6540,0.5845180214694354,1.1377965358962652
6541,0.5427775295178827,1.362098976824807
6542,0.5069389176022294,1.5601266317265188
6543,0.9647498196177903,1.2360969196248903
6544,0.8370154621890489,1.2557992194297836
6545,0.7807208827314724,0.9464051293320401
6546,0.8460054352790597,1.0639285432720644
6547,1.2424299826800593,1.1044580269830306
6548,0.8225467018006131,1.3214719046591261
6549,0.34496059842309884,1.288518975032761
6550,0.5286003400659933,1.643239250359835
6551,0.8426718533730179,1.4848855271032617
6552,0.7475844689338615,1.3774983061299961
6553,0.3280413268841329,1.570428975925251
6554,0.5867297052370307,0.9040810349615205
6555,0.20809314490626785,1.7350016249320586
6556,0.3186353899546984,1.6394192764110558
6557,0.7025092281313191,1.2438603130803623
6558,0.44613383291026637,1.4423067503170248
6559,1.4634014101897133,1.385317263722246
6560,0.7764108485904199,1.3432284293631118
6561,0.5929041223792153,0.35170943709982727
6562,0.43613848265803945,0.6312641222458173
6563,0.50886859984546,1.2894292059497539
6564,0.4005948767270145,1.5701575469646651
6565,0.5345762699403873,1.5110400328830849
6566,1.1170959980178756,1.256931186552108
6567,0.4316215174359834,1.5450261430512753
6568,0.5062823280056056,1.1814131205001979
6569,0.6765642471330505,1.4884407760300644
6570,0.4409242506651089,1.119927441673616
6571,0.6367779994755344,1.465851348161356
6572,0.6353821532421008,1.390984001214457
6573,0.4119191543984784,1.505915170121299
6574,0.41194155742705196,0.974122982570198
6575,0.5786529857137177,0.6092956359418147
6576,0.5817871533222216,1.630408044621291
6577,0.13612363680493036,1.5835766279183285
6578,0.9196586279493194,1.0932739892481713
6579,1.1263196657141585,1.1706528440723774
6580,0.478730316345097,1.4600765933369442
6581,0.33596785640163,1.516266413090641
6582,1.0164803231703423,1.2366812065705877
6583,0.6850152957507545,1.7691300627986304
6584,1.0338380564025575,1.665911645980526
6585,1.2930356589542693,1.2844585455716115
6586,0.4096028887701787,1.3476294461035097
6587,0.7758519262094568,1.6449477528642698
6588,0.6084409728287888,1.734350263263295
6589,0.5049488369962082,1.4096857946827348
6590,0.28213352068955583,1.1355882283119358
6591,0.8045172488042955,0.7954131646312954
6592,0.42929288819893147,1.5442080416118844
6593,0.5221765047293888,1.0006048754780807
6594,0.9256956087810148,1.7986026853268973
6595,0.32548227238113836,0.802117216975186
6596,0.7054634058631711,1.0216304450645952
6597,0.6523747998554233,0.7894592401140454
6598,0.5209786249867944,1.4327185161001648
6599,0.2551208350454942,1.6185906107797368
6600,0.8232550849668012,1.7058198886209985
6601,0.8094547054430312,0.7949198875778203
6602,0.87824503180267,0.9697621455066339
6603,0.9071039191543212,1.3657479201940252
6604,0.5918453647294503,1.254227533729896
6605,0.2731091202234806,1.6345208929451858
6606,0.5452729498577705,1.7014169862954962
6607,0.6007317309974775,1.4438837490319523
6608,0.5117760639902498,1.586580842918804
6609,0.8214587875953114,1.232743720043017
6610,0.87813498583574,1.7369862749635578
6611,0.4848199496970453,1.4759877290213788
6612,0.4234609357648917,1.417717413491817
6613,0.9388114609558037,0.9922114198756926
6614,0.5869356202381787,1.2567680724511998
6615,0.9064544207546806,0.7211982182581289
6616,1.2025442645451994,1.4110530576264364
6617,0.35336158966802084,1.305648926488132
6618,0.2089179278642495,1.4739018162821176
6619,0.29814618682680655,1.8461623540293512
6620,0.4285293794024851,1.4995768020816043
6621,0.646713524695435,1.5110731697320534
6622,0.5298519190833932,1.5507438654209629
6623,0.9391467079048317,1.6996340884875358
6624,0.8806405495091362,0.9859942609115193
6625,0.8346839303445507,1.2958186367470534
6626,0.5639297746586768,1.4398138676502894
6627,0.4841308434400518,1.2152287356175044
6628,0.5316802510924921,1.0020324381429002
6629,0.4528783647254989,1.1295400264602224
6630,0.9133182483445759,0.9118422164527702
6631,0.9308977307483177,1.5780957161549174
6632,0.2998257822976903,1.4074976294136134
6633,0.7431887536693326,1.370960168753718
6634,0.4531740105124355,1.158537716581494
6635,0.16604039853067096,1.6119795920328273
6636,0.41515242153254006,0.8515129943766533
6637,0.49155516211342865,1.7166541777623197
6638,0.8928327130341781,1.9012695943064017
6639,0.48270561282963037,1.6429101447509495
6640,1.7469626703740635,1.185028556667847
6641,0.17766899082478474,1.34475388670618
6642,0.4850127798813715,1.388684004924762
6643,0.7510901338618737,1.3848958400083748
6644,0.4265677980717512,1.5032748449817273
6645,0.4716590953362274,1.6350902198724633
6646,0.23595763855100965,1.6154300282853362
6647,0.2559112363161776,1.2431814984877603
6648,0.40658886978321024,1.0799024034751512
6649,0.7079158936655442,1.5868462991941283
6650,0.3717754951272807,1.7396275830957881
6651,0.634418903904481,1.168918804673389
6652,0.6722786697195366,1.8036586088502886
6653,0.551442658379698,1.600399444621985
6654,0.7637042419830624,1.3313545644809512
6655,0.58476075484477,0.9297802225627017
6656,0.4590617929713865,1.4247219874806667
6657,0.967087164546364,1.6678539534472068
6658,0.6284779951902525,1.3395478506691743
6659,0.5575475734111299,1.6443770100954058
6660,0.5397425012511464,0.9330227114870073
6661,1.062611865288881,1.2012934725914364
6662,0.6679992638148033,1.0702010296917037
6663,0.19707448772060737,1.4788774512798382
6664,0.34116622462297214,1.6311936138832073
6665,0.3877987395225248,1.199280209270709
6666,1.027471756259327,1.2689023369777734
6667,0.6124348666644731,1.1597404233156898
6668,0.6056409514702157,1.2135404492672583
6669,0.2657396154914576,1.6315419689656192
6670,0.8281702926428832,1.350496613251825
6671,0.7134567687626554,1.7281824112330124
6672,0.9216893538058551,1.2219403425178337
6673,1.1640031561986772,1.1544727744934957
6674,0.5588932989302119,1.1382571364450214
6675,0.6469332641482679,1.699397711404977
6676,0.4885115498081542,0.8696120111997077
6677,0.8621803957658765,1.0641759871929852
6678,0.3782428440942771,1.3951912239666333
6679,0.3598148259749588,1.1749385284825866
6680,0.712834961164013,1.2085217263433883
6681,1.365125568884334,1.0679306420296064
6682,1.2551750029661926,1.2651755558817082
6683,0.3251429607459803,0.9395016434643846
6684,0.8368068310152659,1.2574339521855131
6685,0.6170307603051043,1.1655797199919364
6686,0.7943841921126801,1.71665812285138
6687,0.4169678407393391,1.4956491187767016
6688,0.1492516136790757,1.4754348402485078
6689,0.6892569376768506,0.7854665118436142
6690,0.7472491700078115,1.2659726916373741
6691,0.5570000513481095,1.3394645522209236
6692,0.8595595061961568,1.614924386642579
6693,0.9538746541399987,1.6565829283234492
6694,0.7780834625192731,0.8028888845389432
6695,0.37300646794365494,1.176264784830108
6696,0.6226703099822372,1.6376392942269167
6697,0.47633927426097633,1.1718638964446408
6698,0.6998007800107697,0.9224615476818878
6699,0.6627924460103434,1.1938822385443801
6700,1.5074904875391164,1.2798667178283747
6701,0.5249865313507,1.2265755821668411
6702,1.250397612217403,1.7589649003494823
6703,0.47899601044707396,1.4009681678804595
6704,0.5690907326685193,1.6655640697358642
6705,0.7299668415494531,1.518517761152453
6706,0.3051738820766773,0.9125074032159559
6707,0.3549076429827578,1.3740925737680398
6708,0.5218452950065456,1.221928799245683
6709,0.6948992213885898,1.068382894031885
6710,0.39073278373475206,1.61449341375058
6711,0.1394090203188304,1.1522776628877223
6712,0.8334322374699633,0.8784826931978471
6713,0.7465355581708479,1.41061238644571
6714,0.7400694763308622,1.7193175535118395
6715,0.1953111904586859,1.701931774311151
6716,0.7969407758111864,1.1286404182047367
6717,0.5811206784050564,1.119426562895497
6718,1.224748657375534,1.5078495022600302
6719,0.8721721452859491,1.5039535865157574
6720,0.3006805477324053,1.40836635604677
6721,0.37587709214607196,1.4701934858180903
6722,0.5359946413931318,0.5962410750857685
6723,0.2739653305913314,1.4145972529805584
6724,0.44786847936654756,1.2260109438574052
6725,0.6624867989320884,1.4064356053107199
6726,0.6108513751076331,1.3937642113089734
6727,1.108340848482266,1.5271604749357692
6728,0.6661685517343844,1.4218116381445338
6729,0.6490843445826402,1.4441748192098403
6730,0.8178585250909235,1.493203865059323
6731,0.20890846879951133,1.5344692860127844
6732,0.43579625349359574,1.3915280886882184
6733,0.5234704411451284,1.6594152663953299
6734,0.2533926673621321,1.5301102583164115
6735,0.31685957992480696,1.5653213438581586
6736,0.1178126683473455,1.6904933766882069
6737,0.8585401775026412,1.3770354005457373
6738,0.6953642961289324,1.6521283279019292
6739,0.7526557541827552,1.576313712924407
6740,0.22216057651070092,1.455878450679693
6741,0.5454190897303324,1.7107718286844018
6742,0.8695984446605342,0.9491399908506017
6743,0.8881888767627117,1.2514393411681022
6744,0.5356702016625186,1.744798581916043
6745,0.9921749909265403,1.4895190646032754
6746,0.7609907645804018,1.6218203842228474
6747,0.4246912559038281,1.1191369888222695
6748,0.5905428344592987,1.45189678985906
6749,0.35503508111910903,1.7238377215154745
6750,0.11979044967466353,1.4553045536273528
6751,0.3606518522536041,1.510360009323232
6752,0.4591389588071929,1.546148660469602
6753,0.27189455046901845,1.3957939572005837
6754,0.8432284729225498,1.6449511649469892
6755,0.530260280732366,0.6406408770006158
6756,1.1092321836403858,1.2964870188626618
6757,0.604221817624954,1.74201053997055
6758,0.5928267823398025,1.2160401659686717
6759,0.5543910721283534,1.0259082206636876
6760,1.1268968851312402,1.0200743256071072
6761,0.19994054650299187,0.9089839684849585
6762,0.5795812492655643,1.389438146483692
6763,0.6213857091142968,1.2028438757052375
6764,0.6108393967171755,1.463370797619094
6765,0.42828147768044117,1.0045139022879634
6766,0.46191490822844167,1.539633717208274
6767,0.3068711075724496,1.754706684791505
6768,1.010950109176753,1.6349336291273158
6769,0.1873673388785929,1.1476070116671808
6770,0.9302132678970653,0.9057546281704065
6771,0.5783091793354926,1.29204742131776
6772,0.8439256814876461,1.2045923304899269
6773,0.25500285656776306,1.4626693787013978
6774,0.6966272846373704,0.8701235281881301
6775,0.42822070122594796,1.7358870188291629
6776,0.2632078055974619,1.1626673957221312
6777,0.5022358711920961,1.887525028479142
6778,0.7763872946564395,1.6190993086643861
6779,0.11013875833163157,1.471583509848851
6780,0.5370002330311077,1.5636181040854018
6781,1.0563050059174746,1.3608507810383697
6782,0.22261495090691572,1.4177590644595008
6783,0.5858551332123235,1.1896808563869339
6784,0.79445605358774,1.100826585161517
6785,0.6243209645228056,0.8823843158542524
6786,0.823427466255633,1.8955209611028232
6787,0.8968819746521023,1.1155469294768077
6788,0.9504257602667554,1.6151376886473852
6789,0.6345394763026652,1.4814078456421376
6790,0.35715576704773766,0.8993696858699969
6791,0.46881330064806903,1.4558917304849608
6792,0.32690351637100273,1.4832778310545063
6793,0.5556911771918346,1.4944366763092953
6794,0.5239580311452702,1.6154223241746448
6795,0.8310726994873342,1.6284002133123845
6796,0.2522689118038568,1.5357735240160637
6797,0.6202806841008719,1.5596230649976743
6798,0.6631309056824797,1.1777342362817516
6799,1.0923591936729697,1.3557339967741162
6800,0.7484248492537597,1.1570432642973465
6801,0.6622691963912745,0.6122695772735562
6802,0.6308657992979069,1.4319993742966808
6803,0.7653791234511683,1.6772654952561448
6804,0.4636975058886591,1.4831389878494137
6805,0.19118375028410456,0.9817875872312807
6806,0.6838155965571945,1.721948044918458
6807,0.32514667169531064,0.8716600141845381
6808,0.1927750147804485,1.488942110522116
6809,0.4624978139013738,1.2701418809584226
6810,0.4848710011670563,0.9592737599706138
6811,0.7664296312164098,1.4734402464671175
6812,0.7231662373227496,1.1451501013380265
6813,0.5546206941847944,1.194976744079527
6814,0.4096979181149894,1.3638522943872633
6815,0.281040413242348,0.8160681509412044
6816,0.8839227303077066,1.426662637215835
6817,0.9295067773933253,1.0161050914665273
6818,0.5243857757732852,0.852135125993889
6819,0.809286734885064,1.7805241424788538
6820,0.39714335100793446,1.4079629464873107
6821,0.7883647697168866,1.6225635047845706
6822,0.7091900837109117,1.4179627185558963
6823,0.2911770439429131,1.4404854440260806
6824,0.7448786547599139,0.9861341861761412
6825,0.37279229587714735,1.2735825788063138
6826,0.37381738011610915,1.2538878275533656
6827,0.8073099514268604,1.7091022347150129
6828,0.4727274344296694,1.1613216989570747
6829,0.44127202333482657,1.1132056476487633
6830,0.4586556901663953,1.1223654432169223
6831,0.2870852955876969,0.6782228378266755
6832,0.4758461360418685,1.2932909107630715
6833,0.6452445781138899,1.3006007970488171
6834,0.48859053047065143,1.2071234732669263
6835,0.5319938774645366,1.2267769849405714
6836,0.8431666384782901,1.3319095623934225
6837,0.5298233024404387,1.464952481547463
6838,0.4893065160556537,1.501856402307133
6839,0.7553053781968118,1.2578735307029132
6840,0.27891934475733443,1.5397475105828091
6841,0.6287059775901321,1.3180606864596052
6842,0.3043827693569568,0.9484201009936231
6843,0.6998205933110623,1.0780606591463573
6844,0.30247148347775066,1.1268105550139556
6845,0.8507307378098292,0.9194905854799804
6846,0.6030791052117906,1.5898828878874751
6847,0.967980336305571,1.1307921552169788
6848,0.6550181459029288,1.3659719763614913
6849,0.6530798381104546,1.9067662755824815
6850,1.050501267316771,1.127995029036974
6851,0.26726983201249926,1.3150869302340213
6852,0.6739988720801201,1.4232659809168067
6853,0.7332618028830843,1.3544373887076908
6854,0.23429755107814695,1.6112829194021572
6855,0.29484584987990975,0.9535390424710664
6856,0.31573038915678475,1.1833458527248193
6857,0.4587010607908098,1.4977339557059897
6858,0.8158957738041065,1.249131296477585
6859,0.6041442571398652,1.625763372214784
6860,0.3546208896627673,1.2142912264169927
6861,0.5746804492171422,1.4995938898230083
6862,0.5217334798509664,1.5692554934104628
6863,0.649505715546021,0.6039334112491561
6864,0.6578848854047887,1.5690496928044126
6865,0.8068924676857586,1.3903038789006084
6866,1.1837609469649022,1.6667700315568594
6867,0.5042793216903174,1.1726019483462322
6868,0.2952249341295994,1.6372645713212106
6869,0.7557137610066433,1.5649004061751104
6870,0.8074781762428911,1.0791726539155106
6871,0.9654857101090215,1.0382003869992604
6872,0.3675052534650775,0.8847767841672187
6873,0.6293788429270375,1.4673829942487058
6874,1.557735356998106,1.1095593576580747
6875,0.32747595825920167,1.6646384284684015
6876,0.6511344723848872,1.8790789668754062
6877,0.7574922631345421,1.4496959749796317
6878,0.7546196590983998,1.0970188293214926
6879,0.7829970332278723,1.6830372000244282
6880,0.8133668723536867,1.5445732159804633
6881,0.9281542493201448,0.9593063480826061
6882,1.2419711697982827,1.7661638594326825
6883,0.4095976693495098,1.6569893139269527
6884,1.1831585728979308,0.9133934574786897
6885,0.47712071477233087,1.1656473546962356
6886,0.1967431439039825,1.319797762346709
6887,0.5683365127476909,1.2014619500877006
6888,0.4673192180612626,1.096082004384977
6889,0.859602570748581,1.3521289753939516
6890,0.2091238229263619,1.5387489269484274
6891,0.4950437718730685,1.689836234499008
6892,0.24429268080098931,1.140119908727845
6893,0.5717174201207319,1.3961885350330465
6894,0.712850120364119,1.2519157489746635
6895,0.990391007985269,1.4026072286635278
6896,0.765460189259613,1.7052334199892893
6897,0.4461309625616501,1.0010407629173559
6898,0.6920749856211167,1.4445228269451127
6899,0.3893392516407898,1.0641373001248422
6900,0.12539629666827834,1.3946942414314045
6901,0.7268085138674831,1.5274080659578877
6902,1.005798577564889,1.450297174656554
6903,1.1024229702879598,1.2735145256817741
6904,0.8474071620625978,1.4962772746370758
6905,0.37978599733380236,1.424507837143715
6906,1.058698020749219,1.6563138432087214
6907,0.2121114702720145,1.321801221367793
6908,0.2243550802624138,1.4834354620365084
6909,0.6287903239468726,1.252898238948447
6910,1.3685036819660297,1.352587483599926
6911,0.39661517036959665,1.420563038807982
6912,1.1456331696037836,1.3789743399474923
6913,0.5236424922300924,1.801560778030285
6914,0.37901410777780464,1.3726820684027707
6915,0.3345421530656239,1.4940884144687276
6916,0.42609848994075566,0.6226124889255884
6917,0.24223122847851444,1.4710186237619811
6918,0.39960320231869484,1.845300457352781
6919,0.6528334930793881,1.1306657218448402
6920,0.700957941440832,1.11405165533349
6921,0.3540231399408791,1.7996600702962156
6922,0.7126953231465141,0.9049894051052769
6923,0.9467308613321449,1.8162151009094072
6924,0.1416798123062727,1.6675668724522101
6925,0.6438540588645539,1.3101050500278644
6926,0.16367967278989612,0.7161310203873561
6927,0.8053400417114248,1.085559091323441
6928,1.0710085855172413,1.578458674176977
6929,0.8288432119972879,0.9269801257764567
6930,0.4140351091390781,1.6407428796003551
6931,0.5167583146846115,0.6893769818609254
6932,0.9622498211774385,1.1771419200888174
6933,1.0722651053736056,1.1560336280231285
6934,0.419335537096096,1.4584515441703525
6935,0.6356936474395669,1.3002698065229283
6936,0.6206055628830955,1.8191675151681852
6937,1.024838681190249,1.4497010869500946
6938,0.7302259616728555,1.1003011289953002
6939,0.4440908791959056,1.4005138572079914
6940,0.6714482789817203,1.1574939667104962
6941,1.2243863820371845,1.3450631217342899
6942,0.6731489904013792,0.6963832090739566
6943,0.047852598899665505,1.0851912149600689
6944,0.35249462379666646,0.9600922359451587
6945,0.955340297481705,1.375227537117563
6946,0.5741767762689869,1.2317881162608233
6947,0.7073760907235654,1.4165529412927413
6948,0.3317019890041679,1.2352449416792024
6949,0.6547858487469947,1.5060322040573753
6950,0.518572884204237,1.4786519424812485
6951,0.8476389779808783,1.4558174071956547
6952,0.667317871734943,1.2090260528513723
6953,0.9231107610579297,1.2986683200704179
6954,0.5571374929779918,0.9943180662100941
6955,0.7661383787904901,1.5267039256993264
6956,0.8026317347399443,1.438173495548801
6957,0.9266002560678586,1.8456556694771908
6958,0.5644315310882202,1.8361612462859653
6959,0.9372013255544486,1.456285726410045
6960,0.38323993400673045,1.1799364792685652
6961,1.0425561338486626,1.6175032306919879
6962,0.8237868929183932,1.6801845271491436
6963,1.1572235811837999,1.5949725801513661
6964,0.28650930860629414,1.5874623547958415
6965,0.9918591240432677,1.0879544251854307
6966,0.11475080909458743,1.4130985777657457
6967,0.5632850118942127,1.449403524595752
6968,0.9348952772913603,1.319607861308185
6969,0.5681367867109061,1.6601891606607233
6970,1.2079445467742007,1.760643028032567
6971,0.578190922970091,1.6145220890798921
6972,0.30502064411427676,0.6561624229939125
6973,0.54024501178806,1.419884830683198
6974,0.31274839064973614,1.6015223655582993
6975,0.5382911725976642,1.4077528336972962
6976,1.316029045216598,1.457542444435337
6977,1.1776574561222553,1.0004003810827062
6978,0.7829394092420575,1.3609796168250454
6979,0.9191969215069707,0.9405395909764955
6980,0.876222335510595,1.6123498186395928
6981,0.8532332478560757,1.3293449098881975
6982,0.547661619629891,1.6398245924965487
6983,0.4657209097066186,1.0543211644521144
6984,0.8646812559415528,1.1458727614154522
6985,0.4302104421142255,1.5952821791432068
6986,1.213434999308672,0.930333329132595
6987,0.9025370655447088,1.5418780129082126
6988,0.8305315192998578,1.7915501199749133
6989,0.600659496144972,1.3998550042186513
6990,0.15009133057522406,1.2032414401027043
6991,1.0457112348601059,1.4744784003302147
6992,0.3180483414423054,1.6859227993103774
6993,0.47591005009154363,1.2818656242236564
6994,0.27881438069129155,1.4066110103949097
6995,1.0497736405449156,1.227054051743743
6996,0.47812301157835363,1.5772067828986618
6997,1.0628870669071435,1.1490344861777393
6998,0.5295316001494986,1.3843714709334494
6999,0.5662146814010679,1.5318133264641436
7000,0.4040244633257007,1.1491345768660903
7001,0.17692908907668778,1.8698537242933904
7002,0.4678377425249371,1.5645831124941276
7003,1.0279066948802489,1.0512478237099339
7004,0.5031127268051356,1.5266043719909654
7005,1.2459631796737407,1.2983260915339865
7006,0.8181820325582267,1.2625280623103636
7007,0.32917026785037923,1.5039821436110423
7008,0.78084907580169,0.9306167867783195
7009,0.8377412265690262,1.8560893835048373
7010,1.0033599402992694,1.6541606023196713
7011,0.6964204095918133,1.6050885681863505
7012,0.4595289748820544,1.72841825458975
7013,1.1143795833818053,1.4720261832450254
7014,0.3298352361451366,1.438713903234726
7015,1.1111178197427727,1.528477971436419
7016,1.2298502041718358,0.7601727214929788
7017,0.6975116664481362,1.5842501629161743
7018,0.8880642007950926,1.3905571274106736
7019,0.8053125602808832,1.6474085937664018
7020,0.6467820226602952,1.4469658686372386
7021,0.47104099289579093,1.305766246017812
7022,0.3737839580832637,1.3596170824583327
7023,1.2084453960395014,1.030536036330851
7024,0.6571600459990999,1.1420785683647328
7025,0.8652345237092489,1.6674863146062344
7026,0.30224599427083293,1.2708241405558063
7027,0.9427011552051383,1.3202257404682158
7028,1.062706598641172,1.5930252515297998
7029,0.6577910556844123,1.4527002867934011
7030,0.21001888474223096,1.5172289756339437
7031,0.3549220321066684,0.6323243064132327
7032,0.731918236543746,1.543569512800632
7033,0.6435359421305114,1.0192730407825243
7034,0.5960245703362789,1.5130325947918937
7035,0.5318124441171383,1.205616777154475
7036,0.19711806151353287,1.3218088121776783
7037,0.26415737450859683,1.415881092352511
7038,0.399668576643623,1.0896204887334107
7039,0.7967998607351172,1.117465142297469
7040,0.9633752251636006,1.2218391187470932
7041,0.7556960464065484,1.3821701630563565
7042,0.7131590598328162,1.4524349690796932
7043,0.5866163798155761,1.1888631495493742
7044,0.5422052901961598,1.6320280303899515
7045,0.6060874317189845,1.4993795156382839
7046,0.597447283036676,1.5187423271013363
7047,1.1648018371883568,1.67955491222413
7048,0.2742210549154864,1.2520199093130477
7049,0.5421443746704151,1.0629112849674405
7050,0.7440986308514297,0.8223386726085968
7051,0.736552465609138,1.8097261886142635
7052,0.4565018442714582,1.5843848270443477
7053,0.5399608106418516,1.2001993645644566
7054,0.7730557397095268,1.255368089327858
7055,0.9116092474820827,1.1249015510257259
7056,0.9143430529926362,0.845240461791092
7057,0.47625309035323227,1.234440135175788
7058,0.4734893702288751,0.9975878917880878
7059,0.45826418635762955,1.182228226798729
7060,0.41868248779986167,0.9563408429045306
7061,0.5383487908941585,1.4639293745845166
7062,0.7820471879013141,1.550512987469971
7063,0.135833069552397,1.6269994430336523
7064,1.10695583847016,1.3031654889853297
7065,0.4866079462579244,1.3597871105208976
7066,0.667376167170496,1.8928232485083458
7067,0.6249269059059938,1.8104494308007095
7068,0.4837821028462182,0.896786759836327
7069,1.0718367701069509,1.3340679409250455
7070,0.11702375217099052,1.363345837352651
7071,0.6431151830722828,1.0007377917783549
7072,0.7802199600921861,1.5962010171868317
7073,1.114397628477182,1.7584981278370704
7074,0.8025487145412953,1.586569448411091
7075,0.4578962627009899,1.3936857339167306
7076,0.5315852680381542,1.4642678158468165
7077,0.4011593635476728,0.9870281168261412
7078,0.3202221818925307,1.230036647455743
7079,0.6434057388763559,0.501413222212828
7080,0.6393870483194727,1.280919078776459
7081,0.6435457110844378,0.8904445529546934
7082,0.5719146547098204,0.9685740330728496
7083,0.6480685611138438,0.9465219157590066
7084,1.3456595141329046,1.3034486614213836
7085,0.6457380631955381,1.1177558760763753
7086,0.3110025340769347,1.5014583030544024
7087,0.9800649586554854,1.7714232678962825
7088,0.5161500358897432,1.3402403701139982
7089,0.4650501820299175,1.6565014466850827
7090,0.33322632622687715,1.5569931904459007
7091,0.4750904562403444,1.4084893945953993
7092,0.770131721118649,1.4181404667790367
7093,0.380467040942942,1.0581330918096432
7094,0.38960873535401586,1.6768658360383286
7095,1.1016890159519008,0.9402723490443095
7096,0.7681872060205283,1.3582929208452295
7097,0.8150225016025107,1.0690151830674282
7098,0.23495549497065568,1.22669060434423
7099,1.5630993453970619,1.4655544628213495
7100,0.5264995949341323,1.0575765944202387
7101,0.3885532069634434,1.076351836136579
7102,0.6351467441458182,1.2594847934184732
7103,0.7882905844863006,1.4913440036456698
7104,0.5665243098750016,1.3380276655351278
7105,0.5441413603383749,1.5417166264641344
7106,0.8167831151615723,1.2816464673148331
7107,0.5321762384997065,1.0849421754485893
7108,0.4395965904203677,1.5727417228433236
7109,0.2502917893609385,1.4653339939453653
7110,0.6335456939727167,1.1380236668122925
7111,0.3268987973786266,1.3733265642266401
7112,0.8246434332678823,1.55702021046988
7113,0.5362959920555795,1.4254606340115286
7114,0.5885306422857212,0.8168569400970334
7115,0.5148673613982736,1.0123149114950398
7116,0.6024700074983091,1.3438536360070175
7117,0.33890197183325604,1.7965799697722578
7118,0.4051340788640423,1.209161246571302
7119,0.7585370932382177,0.9108549002449156
7120,0.9235746921106555,0.8148777654898076
7121,0.41894828589755245,1.294281709283858
7122,0.7886850773070623,1.1840647634124206
7123,0.7994988007438687,1.6341258106753274
7124,0.34307009250879894,1.2925614938804286
7125,0.819514538393987,1.7700281949355954
7126,1.0273115075020005,1.405808670301571
7127,0.5704824331654075,1.2124521445754284
7128,0.6366258798869233,1.4158212786688984
7129,0.5412928007173996,1.4486626635332907
7130,0.3275858554755576,1.3315216736669795
7131,0.5746392813793986,1.4139230820257354
7132,0.6960893011994171,1.231300600661274
7133,0.363204247455705,1.1717393077758702
7134,0.5280872727632125,1.5302157688899911
7135,0.6385619679977111,1.3144339307273636
7136,0.17638926308465436,1.196534207819282
7137,0.8679979831154888,1.3285801187915323
7138,0.46382469983155467,1.3694058368527813
7139,0.77334905572915,1.446236256956642
7140,0.44237463379836867,1.5070144959487433
7141,1.343617591827462,1.370103489120757
7142,0.6001989097198446,1.0928192073828962
7143,0.72564214883826,1.2996632030571673
7144,0.4417670370828226,1.4452433314964974
7145,0.4785050858738398,1.5588359652970338
7146,0.5253476177448453,1.1783422852954653
7147,1.3554129915609296,1.342220143736256
7148,0.3410504218429255,1.2120730676241882
7149,0.446050789189914,1.2638171135116623
7150,0.8449556265501408,1.445299500959246
7151,0.6514888197767996,1.1996785067940934
7152,0.2713703927784654,0.43350578775286586
7153,0.5847092253261162,1.3680970717441618
7154,0.27845976203380884,1.2677291949579463
7155,0.6194597193988726,0.82555974956032
7156,0.7194409806783169,1.4347723091450342
7157,0.7293896638591967,1.4538847187218877
7158,0.8970845195482166,1.361875680194867
7159,1.2287247791495295,1.772736371489698
7160,0.5697758706410653,1.6067160356980354
7161,1.5651595541142462,0.9480066916901746
7162,0.808890075927745,1.8137150019188306
7163,0.6240875481419669,0.9752627138305008
7164,0.5939802057853153,1.7211320114365865
7165,1.0940767593661849,1.553193230397774
7166,0.7524321001943822,0.9993190238544079
7167,0.4736396549388094,1.6040335365112097
7168,0.4454194031451677,1.5232600783524217
7169,0.459591265290218,1.4549702567867668
7170,0.9967659431330061,1.5096337512419704
7171,0.8109098543975428,1.3921856580730698
7172,0.5959400490128558,1.2796069752075865
7173,0.9105629621711935,1.2145066515657548
7174,0.3546835664064136,1.251324826960063
7175,0.3126623274471779,1.1713987184998702
7176,0.5724377561538289,1.287851535332605
7177,0.7472222447771394,1.8029818519924627
7178,0.9897131376240392,1.6869741779454592
7179,0.5052648762671602,0.6982593551902023
7180,0.463441393264064,1.2982561419020127
7181,0.722787964377464,1.6640200236711324
7182,0.6867507340092505,1.5155266090625705
7183,0.5525293831105137,1.6372832146956195
7184,0.2093722355772132,1.3762477824727033
7185,0.20097855382514077,0.7119540634963035
7186,0.9882336314656668,0.7743773416287039
7187,0.6046571877903846,1.5069426635975982
7188,0.26650869457385157,0.874133505683619
7189,0.9569908832714075,1.0157950667947324
7190,0.6770131282620236,1.3376485873384705
7191,0.3989202433012674,1.2152876054262332
7192,0.7836975641358953,1.3004962212928308
7193,0.4175867838118951,0.8650856713046373
7194,0.2845768527150828,1.2262319919348301
7195,1.3483851638807693,1.564160998397334
7196,0.2607149420509475,1.4621552694619213
7197,0.3255134902295499,0.959155915347556
7198,0.699364735094273,0.941736532012625
7199,0.6226334099123542,1.4871045615916545
7200,0.4721786081143304,1.488090399106972
7201,0.5287013702345406,1.3568028897440803
7202,1.2978021730749927,1.384311156606973
7203,0.6505347028371629,1.6944083162612946
7204,0.8034299448173718,1.6323137745528973
7205,1.1837121535307165,1.4176037972987117
7206,0.14642687978402516,1.5987258496437589
7207,0.6555315517034782,1.644232967957976
7208,0.8251815324834078,1.4015469125820013
7209,0.3832189118688862,1.1399659016232353
7210,0.7634670996419293,1.2586584689406892
7211,0.2472477168603372,1.2354322365077048
7212,0.7896501632932219,1.4591160327955015
7213,0.8284343746815933,1.6731966399720557
7214,0.8118960391370859,1.623731201713706
7215,0.21872494596544098,1.4016717783380446
7216,0.7523102542768486,1.6467773045204728
7217,0.7681239333250462,1.0283270186998839
7218,0.5593520490056121,1.4691903603658218
7219,0.6589258682996091,1.3096973434227128
7220,0.7961700066133506,1.2323109211228993
7221,0.5912745069719643,1.4246214770769652
7222,0.780184581012874,1.791521125578051
7223,0.6184754553852724,1.3670244978487127
7224,0.8160269228593783,1.4605600702653698
7225,0.6374440823877066,1.445563297111741
7226,0.6571615360959845,1.3478952482685527
7227,0.6984485474528968,1.0204606486703205
7228,0.5701046250248359,1.4426783591272403
7229,0.338953169193983,1.2790361207755538
7230,0.5216456847633267,1.215433571280148
7231,0.4936177854276748,1.2746104664354712
7232,0.5771668602757838,1.3400884654494418
7233,0.34487894931120044,1.1885555033901398
7234,0.5013348845038911,0.5734947034776676
7235,0.6720023924176219,1.4956830191517188
7236,0.7345451598981574,1.5792239532572134
7237,1.0566729306891767,1.595383052469392
7238,0.5412903163074995,1.2175819548281934
7239,1.0900163965238987,1.4771275716387628
7240,1.404611851270467,1.2590241346521212
7241,0.9922157394905403,1.4677221672278984
7242,0.8514438119782394,1.107798462157025
7243,0.45532309353696576,1.5931844550686283
7244,0.495868533085577,0.9828066926663599
7245,0.507314455997009,1.4110423198823108
7246,0.8541289860253933,1.3294612536877408
7247,0.22348264443730184,1.422918330246451
7248,0.6017531131196739,1.5107337518345378
7249,0.12890914590929342,1.3666376059030712
7250,0.17235822848068202,1.5300785878886325
7251,0.3341158384262692,1.3394956863545504
7252,1.1925100820028647,1.091310126509975
7253,0.8861275529389776,1.234154328303108
7254,0.4608305962322408,1.5225400438951406
7255,0.3947443863163911,1.063612422377292
7256,0.38449876777184283,1.483048048074498
7257,0.5229478197794082,1.4125887294166986
7258,0.5606843112913493,1.257216913684457
7259,0.6234386780962222,0.7190951625253785
7260,0.6899961474589691,0.9395711006777765
7261,0.9057309412905352,1.092366027431396
7262,0.9142026736008924,1.105546536139277
7263,1.178703129582613,1.4769819055149092
7264,0.5210422522365477,1.6630312433015524
7265,0.14763414271964753,1.2856016132611932
7266,0.9244702970170674,0.9274067652056077
7267,0.4390646442950648,1.7736225300182098
7268,0.8893900111766658,1.076632132307557
7269,0.949332477608176,1.259213051435953
7270,0.7539354254164102,1.2389654109408097
7271,0.5488117999244274,1.4706394345122646
7272,0.43476496476652193,1.5707353261392245
7273,0.4104114625437947,1.9262940313143047
7274,1.2216662658059556,1.4632448869020842
7275,0.9177921733588725,1.4123980100918154
7276,1.112180157293282,1.1748235921417427
7277,1.0482617594618573,1.4187383284310044
7278,0.5113442847748061,1.2884151207984167
7279,0.2458652238175807,1.3670990488433816
7280,0.4733613756749199,1.2087848375159793
7281,0.5667751482869839,1.361825299780127
7282,0.34754650344674903,0.4507739625945073
7283,0.40540257503432126,1.5422031690524598
7284,0.4054212820459095,1.0955071968947923
7285,0.7572460829543828,1.5434956574658334
7286,0.40974509325561614,1.3666296803433235
7287,1.2559915628812515,1.1907760864514083
7288,0.7433063941370158,1.428500600888287
7289,0.9270376380514846,1.395011463438749
7290,0.5194488921944652,0.8455758873756654
7291,0.5733005442524154,1.4982918178499247
7292,1.3513397542452779,1.2075569052516733
7293,0.6203532873590297,1.4277541906363984
7294,0.5065191473191333,1.3206924412662873
7295,0.3216222337683647,0.8270856149634584
7296,0.7424032971871733,1.1521455957073228
7297,0.6725544193692119,1.5402764268533242
7298,1.281281777694762,1.3858916161059778
7299,0.3496386291965567,1.216078186728002
7300,0.820464053709802,1.4459172782244014
7301,1.0364243513146578,1.2534705197127671
7302,0.9648644369145398,1.6836851714506837
7303,0.4306747071287222,1.0706400899381088
7304,0.9379638243363476,1.5731054437431318
7305,0.7324753439753005,1.374936556254907
7306,0.3381404955799308,1.5654790092248518
7307,0.5567969343753357,1.5190718074749472
7308,0.8203373483004188,1.1060560159112365
7309,0.5850502999286243,1.607437750283415
7310,0.4287121257320771,1.7249905882776573
7311,0.7821393490058118,1.3838279176975088
7312,1.1846465793710943,1.454755650712201
7313,0.7696201276444278,1.0831867147283187
7314,0.9020516832936514,0.5626936712229806
7315,0.5264030854813103,1.128683055419616
7316,0.5545740910321377,1.4361623420419392
7317,0.7518056038218971,1.497240351641787
7318,1.000353575574048,1.7083292109615098
7319,0.8389369661138439,0.825550925335589
7320,0.0759943431610559,1.3699929265666246
7321,0.48267542330536334,1.7586270626996883
7322,0.7231987253893605,1.375848562598316
7323,0.4523729347474754,0.9469609925105307
7324,0.6171400684559646,1.3616298695949876
7325,0.971656365419109,1.4870546082573894
7326,0.7934635711137192,1.109138215387596
7327,0.29841518883627566,1.4083607218362788
7328,0.46568567293450774,1.4438354110400176
7329,0.5604477868685588,1.6378483471837115
7330,0.48154404900030895,1.5962388071588995
7331,0.46437151725766773,0.830510731018693
7332,0.2854625068489853,0.6720711494745304
7333,0.49913274345646086,1.6709131380382187
7334,0.41157420243800186,1.529943131894014
7335,0.5272108453300155,0.753365263385688
7336,0.44359851511672854,1.5332926607422857
7337,0.4766769274635422,1.5034789656990064
7338,0.5931256543971627,1.5801251186306189
7339,1.086209871945417,0.7469318778616776
7340,0.9049599480091104,1.1593913812695
7341,0.7957750227513528,1.7194383848689294
7342,0.5065568265826219,1.8634338430575772
7343,0.21039981421978318,1.489059311824482
7344,0.1601826116509959,1.4374139519526372
7345,0.6038353332462959,1.5838037983463207
7346,0.3321584886209076,0.5537883993326973
7347,0.6176798443329047,1.2708779745192529
7348,0.5197317014748517,1.3911888549003333
7349,0.5734480297572795,1.2261521451858546
7350,0.9538295211071328,1.6109917712646988
7351,0.5363797366744618,1.2648157898032981
7352,0.8817627685904149,1.2273967001232957
7353,0.47272837590725064,1.5769451882303684
7354,0.9884999326608956,1.3557364890015926
7355,0.8694363039745169,0.8017915813627463
7356,0.724528363694234,0.9851596166764887
7357,0.2657628586949582,0.9859722771917483
7358,0.4728955487799332,1.834871239143003
7359,0.7762143453718717,1.146490716911126
7360,0.9194998938170607,1.1979735691733011
7361,0.5196050155487771,1.1373803079066174
7362,0.17847284116058376,1.3202364000302338
7363,0.7980588333399058,1.3687638995159697
7364,0.8722946738076562,0.8815708691962143
7365,0.19357007833884218,1.6064119602685212
7366,0.2827940670419016,1.3536934118554629
7367,0.3462728900778813,1.425182056793536
7368,0.6241561100035081,0.9824684733089619
7369,0.5930491373617598,1.3452994675890366
7370,0.6899875373883424,1.100550721117743
7371,0.5140612250582237,1.2485901989222294
7372,0.47341672092164877,1.3020789237170667
7373,0.36515214641860966,1.3809847793554826
7374,1.3345180260017162,1.4889047516543301
7375,0.6585418857406243,0.6504766205913071
7376,0.7395445699279112,1.378865942727661
7377,0.7403857314543896,0.8219291401226245
7378,0.4124499698641094,1.4917658039805677
7379,0.7846745637074697,0.7251490780102898
7380,1.0223986924573674,1.4253381448679492
7381,0.29987601807325187,0.9032498068393087
7382,0.6455097443390062,1.3471668834001251
7383,0.8289217733507234,1.5593734282075786
7384,0.6231977659423944,0.8448345059045643
7385,0.7239680833768006,1.4687560888938003
7386,0.27056248216299256,1.6531256025769974
7387,0.6939642371684223,1.7338522807205414
7388,0.6644735221148602,1.3923046260130403
7389,0.5708740370153715,1.561951702356966
7390,0.668407072419651,1.1664617613807775
7391,0.25829744528135207,0.9406331866342319
7392,0.37122695740818973,1.2107807006892095
7393,0.3193643463410577,1.090290593596917
7394,0.8191724499275026,0.9253671401633086
7395,0.9958536464376705,1.282159003630452
7396,0.6169174507743672,1.5282086255393965
7397,0.13565974351614402,1.3817206233958683
7398,0.8677518078037287,1.3030493939606314
7399,0.32817696728427176,1.6259666397768535
7400,0.9586489404617828,1.1850204752520752
7401,0.6797577451802224,1.1977972852293672
7402,0.3263287123282438,1.7107989014437255
7403,0.8427612640115557,0.7661784449060025
7404,1.3567959201324657,0.8791263315514555
7405,0.4513760528755038,1.674731779334414
7406,0.43318363569665286,1.2119029112595578
7407,0.7108223484033717,1.5292450728580749
7408,0.48423122628042686,1.3294655841841534
7409,0.4565701879256418,1.4640861613580267
7410,0.7117751421760581,1.2079805178327048
7411,0.3437138415713249,1.133996565890992
7412,0.3123871611177012,0.9882513575858631
7413,0.612610929596003,0.9998916825092146
7414,1.042408416019918,1.4120847995883037
7415,0.6217854621067209,0.9352973686444932
7416,0.7763248295725518,1.5168907936586262
7417,0.7315996703241304,1.485370187447145
7418,0.8910736266239384,1.4243854683191548
7419,0.6457776270172412,0.7997355206951722
7420,0.6690029613226751,1.4589101351113423
7421,0.34737832355219495,1.273043667532911
7422,0.23145831451401747,1.7702638103568447
7423,0.7061136540019525,0.5037910079679695
7424,0.12851318499786546,1.210281496906005
7425,0.3953318499691721,1.0695409686438895
7426,0.28483674808466425,1.8325672723210333
7427,0.3593822366499901,1.6452433214903803
7428,1.6657082338417204,1.169712832050155
7429,0.8466729831463895,1.5829886794788073
7430,0.5279222428443854,1.5142796923564228
7431,0.35925838421057327,1.1327276212271338
7432,0.682479048731376,1.0656200988670008
7433,0.8951339733669135,1.1432617512828518
7434,0.314099063720058,1.672263604955281
7435,0.8739795988587262,1.3140777986412633
7436,0.636388096909324,1.2957045467317607
7437,0.9761912590523361,1.4629894515367428
7438,0.6568759280965487,1.5686058334404613
7439,0.7567913431712764,1.7632923911920988
7440,0.850085216612801,1.140382560364258
7441,0.6839141391306779,1.0398340984156347
7442,0.7277232659501943,1.4406059024897262
7443,0.482985616902239,1.8156835514614533
7444,1.027450399150771,1.3292206776509805
7445,0.5791571933783717,1.6218474378063417
7446,0.6090815446405436,1.3242177139654183
7447,0.23373238136153152,1.3768878748251825
7448,0.5189506318445005,1.1632821869290306
7449,0.3172009683977032,1.5688379934466825
7450,0.3240995920411495,1.2038514521480184
7451,0.6183098724586951,1.3877410386995896
7452,0.6607550341702438,0.9505317369297523
7453,0.6011333912933656,1.0290322140570458
7454,0.48935599040889294,1.3992104487156731
7455,0.5646610558268651,1.4010017939710557
7456,0.4434425586581214,1.6613455536589559
7457,0.4603736190863534,0.8894898865491505
7458,1.103851916287088,1.8077126227278282
7459,0.6140134806650406,0.49497789316189134
7460,0.45843701190483965,1.239650841922254
7461,0.5001222503101664,1.7312784690089704
7462,1.0724115948545332,0.8915283013165518
7463,0.7411174530620526,0.6349042154540714
7464,0.6261949536057686,1.5102188429604602
7465,0.936460337165203,1.2658858884823203
7466,0.9667002803128577,0.9364818900129215
7467,0.6187847846708067,1.3376687862916505
7468,0.3835196257172066,1.350274160780523
7469,0.7750205244348665,1.0447455773226586
7470,0.5055897983620156,1.5884741897908983
7471,0.6797905957331806,1.6187144016538144
7472,0.600375827536269,1.153660092262725
7473,0.6253614588723664,1.0940298660343302
7474,0.42509712957081125,1.264106477314237
7475,0.5672186664253455,1.2802703064377488
7476,0.558734208973988,1.1293752667052572
7477,0.889988858849331,1.2821900659721905
7478,0.375601918214405,1.1586863682161757
7479,0.24829523002245266,1.4500444368729342
7480,0.854354248496097,1.3636653585783165
7481,0.622725629416911,1.1143226242366961
7482,0.7524301329624844,1.3848508863203899
7483,0.49486322481144995,1.3857931435414417
7484,0.4726074895769806,0.5261827563014654
7485,1.0154940252899918,1.1561821301988555
7486,0.37883555196362884,1.3706656896351277
7487,0.7149199662112543,1.273312574735801
7488,0.5815972395463128,1.5569135697737053
7489,0.6687298018132466,1.7547116855184914
7490,0.7367774024659279,1.1107552612487104
7491,0.8480578913826006,1.2778562150940855
7492,0.5723179307505245,1.381806186758797
7493,0.5605941824173932,1.5337993605498226
7494,0.33673232796185626,1.2591187571653015
7495,0.79419621986391,1.2648166530905576
7496,0.9693029763466577,0.991351958943929
7497,1.188071273977202,1.4656350440734836
7498,0.4569616444875629,1.2308217882905623
7499,0.8316803126649427,1.3043403816298433
7500,0.6392133924962232,0.8326643473262327
7501,0.2220355557509589,1.4401337035372808
7502,0.9003055175910427,1.1865263363019332
7503,0.4348597043632397,1.7907651687514599
7504,0.3249755033690887,1.111466177203217
7505,0.5155973534839262,1.0353987169500198
7506,0.8263337932033988,1.1928494752790686
7507,0.6760899332591529,0.9586151441129698
7508,0.26817121615512485,1.249640658885312
7509,0.5595013503190502,1.3471499127855089
7510,0.5326597182060966,1.6553452767387133
7511,0.7883296222117399,1.8111932120143555
7512,1.054102213905395,1.0525832835659283
7513,1.0105717323677277,1.8173404330513085
7514,0.8271465133686265,1.7113960685563692
7515,0.39108599658289855,1.1284685343143073
7516,0.8480995040714737,1.3364758070877003
7517,0.6688660528546726,1.143237834218794
7518,0.27383840492896755,1.3243363625135005
7519,0.7948530413207768,1.3628593081290448
7520,0.6234246717665133,1.3864438656682974
7521,0.6002156212528392,1.2509217215573067
7522,0.7621969997295157,1.1361407734267086
7523,0.9449357274221606,1.4625356497414934
7524,0.8150635416852076,1.1599198353464097
7525,0.3478437372886935,1.4530157138992705
7526,0.7855223014410413,1.6940038019463153
7527,0.19612373351721257,1.6259865842445185
7528,0.539445054017714,1.7787918106155063
7529,0.5854157835336727,1.330978265928136
7530,0.7540944580434357,1.4647459222166948
7531,0.9601693364239772,1.2110763729130023
7532,1.4807670752870383,1.0558171731870003
7533,0.38629111315563347,1.3994048220138655
7534,0.3716014906368118,1.3253826720723225
7535,0.6956634662481173,1.3803935836577472
7536,0.5144906310050875,1.6619865943769165
7537,0.7705267113296999,1.6925649362826536
7538,0.7631613719722772,1.527873030931379
7539,0.5847707461109981,1.55546166347911
7540,0.571703189472867,1.523786593649847
7541,0.4684687896636985,1.3263830061289537
7542,0.781641235038318,1.2513934317255675
7543,0.8031131665886139,1.6131125378371312
7544,0.5246366033202668,1.3023253347748387
7545,0.6888468897247632,1.114573603871549
7546,0.5378368975397668,1.5443105115245017
7547,0.6211091589424015,1.738740019509089
7548,0.3053726410042313,1.5165454264619158
7549,0.5891503622829737,1.2560869395333105
7550,0.8350695931483743,1.5365442942219405
7551,0.6033399198092334,1.4148904259463415
7552,0.37290634445986964,1.2528973606094653
7553,0.6596603917177486,1.1757648660788056
7554,0.8121046471456005,1.4519024530482119
7555,0.670266201060026,1.6369762965548755
7556,0.3312516114742991,1.3620144907928826
7557,0.5061659848858804,1.6561378254859194
7558,0.6713091886790248,1.536176511262164
7559,0.6306797648641203,1.0368954154155339
7560,0.40509928379261206,0.931663131080301
7561,0.24691120988042142,1.7666843039449258
7562,0.32116843006392126,1.1576779957332834
7563,0.6360632983528958,1.7665079508328585
7564,0.5847934256534338,1.5379012189135608
7565,0.38427645167116464,1.1699911723263274
7566,1.3969013708872315,0.9512823269288619
7567,1.007810307510771,1.2359728992373944
7568,0.829122801541418,1.0701971672971395
7569,0.7798750758365767,1.7550248130742165
7570,0.8435697739688807,1.5762362735484878
7571,0.7774358694334087,1.495101825178383
7572,0.3509077534743815,1.3988691764827874
7573,0.4043755659706244,1.30611035126977
7574,0.7113872472860429,1.203031767768488
7575,0.5809689831404559,1.3768825156741007
7576,0.5485822788958448,1.4197451867564892
7577,0.3941272808965659,0.7714190931499638
7578,0.23742926726513322,1.2793842973950933
7579,0.8303627249287718,1.256321810919986
7580,0.6887147098998082,0.8456594034049754
7581,0.5287547270060916,1.6285449802901062
7582,0.5138220670840935,1.0721619328873044
7583,1.3411320695001345,1.4541278579013666
7584,0.6244131919789538,1.1779678208446485
7585,0.39067554940192234,1.5293616526919596
7586,0.3403582148246666,1.30919925821723
7587,0.5708395054354248,1.6326669999154857
7588,0.7955979578452167,1.6671005612360619
7589,0.4384471712095365,1.5321443116642537
7590,0.9002729348752315,1.85269129992686
7591,0.6725018987800373,1.2112040366406398
7592,0.8299249104998867,1.4281127988286686
7593,0.5478244152226576,1.8054086258307303
7594,0.586602507913033,1.652916898457216
7595,1.0473538607867825,1.6336113659490406
7596,0.7328335774520081,1.0515746790278397
7597,0.6160008185501786,1.394107073482017
7598,1.2953224059392479,1.6016493019743956
7599,0.8489092878371562,1.6740480488501348
7600,1.283951680150284,1.0672081812883787
7601,0.524836407603677,1.720057325793829
7602,0.542245508907855,1.2897660057708893
7603,0.32560717603591915,1.465801876244427
7604,0.7534458925679057,1.333533936640256
7605,0.985368187815268,1.188777814869622
7606,0.44309560277685633,1.4793177197570553
7607,0.4072945284011399,1.0133924039644269
7608,0.382677236791782,1.5037207443513796
7609,0.5959652613347775,1.1195644680182242
7610,0.6827268601521512,1.3348050733468269
7611,0.5109672319958528,0.7004312440478124
7612,0.4782571740356317,0.38751881537329935
7613,0.36007569683349133,1.7278975564141708
7614,0.8064903256529647,1.3745676143596817
7615,0.8750848142724936,1.3470379285857357
7616,0.3211331433365539,1.6259570549575013
7617,0.4890648786699265,1.38651856837661
7618,0.7659512034434645,1.0729724048845877
7619,0.7182735518571305,1.2327143007284627
7620,0.4873381041785823,1.5231442584651036
7621,0.985573222192266,1.4194260915794779
7622,0.44993529500730584,0.7113015780296468
7623,1.0706635818838104,1.6412346218140879
7624,0.5837754099050414,1.5757812126675648
7625,1.0964298581985263,1.3790166540434061
7626,0.341391213613199,0.8110372285935776
7627,0.5696704583462509,1.1362040555305182
7628,0.4152392511050645,1.5647974004176972
7629,0.23604534256608292,0.6963772776348038
7630,0.6620317048401475,1.1009211050496588
7631,1.189903112191432,1.6971670258590439
7632,0.42610876455695057,1.670420929617965
7633,0.30511829962797743,1.2251834392132426
7634,0.7338464048096368,1.057755593008693
7635,0.3034092290852953,1.288102669793391
7636,1.1102181503727464,1.6333660626212132
7637,0.89597236009082,1.426726267869682
7638,0.5591380388438296,1.4201618159741631
7639,0.5645002862492934,1.1342732499510735
7640,0.49578094397111727,1.1673738956416768
7641,0.5372632548759781,1.2053366930609717
7642,0.42589966993411105,1.3264455703952298
7643,0.6810705328284377,1.6858617858347726
7644,1.232080438377676,1.8525549081253216
7645,0.5822774324094953,1.9438016801211397
7646,0.7725781504629049,1.5360799768939415
7647,0.5814278841640819,1.4911961260494033
7648,0.9616610946551366,0.9511107580882141
7649,0.4662834765952518,1.0826193519129372
7650,0.4825242813116675,1.5034836852458584
7651,0.6070113983286016,1.2247422494151508
7652,0.5816314937444029,0.9951356847483235
7653,0.7009049588148687,1.5951073991906857
7654,0.6175264187553362,1.5222794380390061
7655,0.4851898707861572,1.5188441929897694
7656,0.9488745395157584,1.0114427745342187
7657,0.8988710917400685,0.870548253532702
7658,0.3005978322371962,1.170916676681642
7659,0.7880327788433682,1.3035891960699095
7660,0.5885418798983533,1.456036657924442
7661,0.9586934984076597,1.044037027875496
7662,0.13579708692015563,1.103198377472406
7663,0.24844224750561583,1.4398562183537145
7664,0.6147398799458405,1.4468315945044181
7665,1.2303941642649732,1.0749556070383455
7666,0.7357231450959838,1.0020711897333212
7667,0.718794563952461,1.377923382715196
7668,0.27207728208554993,1.5554174422435187
7669,0.6915099347290389,1.6596143030863373
7670,0.48761959974769326,1.1246847561979028
7671,0.5623580517017924,1.4833341583687059
7672,0.3938149622184806,1.4428733787757484
7673,0.7355185394303406,1.4161967513138674
7674,0.8270505038341837,1.1733984571334752
7675,0.44287195450032074,0.8932187937784439
7676,0.5019339708396701,1.214197770425205
7677,0.3117254349260316,1.3310315840320397
7678,0.5181848997672203,1.256869897717974
7679,0.5393843497999216,1.3546975952287013
7680,0.655013789473441,1.483236028583308
7681,0.4350638952260122,1.2789908685264884
7682,0.7379157371398113,0.8522938353914247
7683,0.3305618507024212,1.1363320416945646
7684,0.9960741532268723,0.19330117978879824
7685,0.7779518213018761,1.5037835988313424
7686,0.4379184266969097,1.5925796195782664
7687,0.7054676469746506,1.1972847959640243
7688,0.3869039081187197,1.311116926832936
7689,0.8933499039280574,1.4168185350135856
7690,0.5023704296215912,1.4820969874990706
7691,0.6771281966906542,1.5903286185062189
7692,0.4524990837862502,1.7642445038920334
7693,0.8360956664998196,0.9548364498623108
7694,0.24644447633852154,1.2072981603176571
7695,0.6729577990851533,1.6649268769344912
7696,0.602117315155626,1.7498070460805035
7697,0.7509542250160046,1.1268411485046204
7698,0.9967858967285954,1.644163254652781
7699,0.6430226607021908,1.0655780203848715
7700,0.3995664359196494,1.5066580268967589
7701,0.5801553134362094,1.225879055227744
7702,0.520654130998399,1.7561485563931276
7703,0.5234824303184763,1.546500360317248
7704,0.2218429862959573,1.3182482512892029
7705,0.4800175459089871,1.5730387987180752
7706,0.46103662008005714,1.1771543740269907
7707,0.9916660886906726,1.524835563101341
7708,1.3982747526033734,0.9719748282870091
7709,0.7104261968138359,1.686300431102614
7710,0.47013754483791026,1.3237191140717597
7711,0.7946837238145449,1.5643484463262824
7712,0.9914744308401755,1.2232101779731706
7713,0.5058519109772064,1.5157684184981888
7714,0.8346584694368244,1.8276777604640966
7715,0.5069347124156516,1.252260533233123
7716,0.37661587980152905,1.475937999057583
7717,1.152705130881946,1.0821926278373872
7718,0.7005310773204511,1.6499404660728492
7719,1.1889558838866998,1.5912508442519657
7720,0.36588390164456697,1.6036039215797109
7721,0.49176930916255845,1.4793272198844507
7722,0.3311033200386651,1.5851568824430209
7723,0.421506668748819,1.6445958502998566
7724,0.9446701986729698,1.7108811218950328
7725,0.8363759382917819,1.1451275574023114
7726,0.8563008888246815,1.013722165499653
7727,0.13701755638488927,0.9964521323279443
7728,0.29045779230249663,1.7128721040022503
7729,0.40111975510469267,1.215549148517384
7730,0.9617076859107835,1.6635129032455955
7731,0.5986496861719102,1.3006239077062902
7732,0.45127761492376567,1.5418940596767197
7733,0.5623693241153266,1.632651495744901
7734,0.1578854334474355,1.4765362856987836
7735,0.44235006971058227,1.4049362452970948
7736,0.4613040748412702,0.9121373645760784
7737,0.41314568347484254,0.9756279649875903
7738,0.5732326965219734,1.4677390167638817
7739,0.6878814897144421,1.3616111877001393
7740,0.5393936563474068,1.1354709617776932
7741,0.4455747422975041,1.354903522793543
7742,0.5700245233515042,1.0151783413387339
7743,0.9212441116026133,1.4229167377953797
7744,0.7135874390813658,1.4809342335289282
7745,0.21774932648992606,1.3789549629045996
7746,0.6219878308677574,1.271672809689083
7747,0.35844501085122793,1.2264234939018932
7748,1.0483789273504427,0.8866011742935673
7749,0.5457726822872414,1.7251239819468844
7750,0.13502408813742756,1.4132274000850318
7751,0.4269000918346933,1.6604492419920704
7752,1.0860156698520087,1.2777056093537427
7753,0.38347258944915297,1.306752484880791
7754,0.1490499885644281,1.4841649578501401
7755,0.33958634785673664,1.1551430165389793
7756,0.3551535979895211,1.0646325560622296
7757,0.6524603847040914,1.789027991937895
7758,1.315498413752676,1.503325725248409
7759,0.5111825659031136,1.1270614607253644
7760,1.1260120963162905,1.2206985417837881
7761,0.7035700026164318,1.272496909715139
7762,1.20901362347428,1.6151546919350375
7763,0.7365000721397166,1.613475396133199
7764,0.25876196788818046,1.6020922461225333
7765,0.7144033381028836,1.3621416853559105
7766,1.03915487271952,1.264823819918227
7767,0.586334494645703,1.512710253466222
7768,0.6709054629410376,0.6619461301304199
7769,0.3918914680596859,1.557084713127772
7770,0.5453644271970031,1.7476760629562313
7771,0.49474315945992225,1.4478917543219416
7772,0.8778402601058592,1.2251911401819808
7773,0.42758723080946975,1.423213443098481
7774,0.2108844015942678,1.670734300353958
7775,0.6919528943722785,1.4508800074872275
7776,0.7216942345461976,0.9754131201534959
7777,0.3515398548996122,1.186059325280321
7778,0.56337907509969,1.3820766670765994
7779,0.6255496935516767,1.6536312634305383
7780,1.0278416489157167,1.5373213517404896
7781,0.19304700531916086,1.1957227546890064
7782,0.33608305231561414,1.4760665856039425
7783,0.4518016895007735,1.8997027494266137
7784,0.8899227832290136,1.4055944076290936
7785,0.629979647594052,1.2470377802645096
7786,0.6218915033340521,1.5088711141925228
7787,0.5294955698974023,1.5023582578969958
7788,0.5134855675568774,1.407969775028775
7789,0.7419106846524491,1.4666051005482048
7790,0.4280586051527942,1.4156822675626235
7791,0.6137143624150975,1.376863682732107
7792,0.7715273666002006,1.5512951513918432
7793,0.7969786223022088,1.648041532147571
7794,0.5729975303152272,1.553220171601171
7795,1.125466136500373,1.5711828240790204
7796,0.3720524793835112,1.6800307503194725
7797,0.5847437491724579,1.4094706305009388
7798,0.4439804188442605,1.657208653795154
7799,0.5552233428404746,1.8195951565545823
7800,0.4655407694910633,1.5373430333175673
7801,0.41736058015771654,1.3873841876529855
7802,0.6195301553618142,1.6041015009661983
7803,1.1326250458025362,1.7387340360831383
7804,0.5659229651072488,1.5620214292513437
7805,0.8239508513402413,0.9360629023519014
7806,0.1387605954963848,1.4519305953810222
7807,0.5665828343804542,1.517311637923001
7808,0.5292077200510176,1.6245580440926646
7809,0.8146723902841322,1.4753550788563836
7810,0.7478242581576693,1.575349205873518
7811,0.9098785965508688,0.8709068783362641
7812,0.6026592472524824,1.4000273995097832
7813,1.0315565818362136,0.8923589281592572
7814,0.9752132064110929,1.5070428997479652
7815,0.5180434005392534,1.3493287217376264
7816,0.8881224241973155,1.2652121378136878
7817,0.6879857834490029,0.8862790767434436
7818,0.19178321719543343,1.7426991616115168
7819,0.2930719281986421,1.0420013079998742
7820,0.8090938510029752,1.3488153695588394
7821,1.5904228340561761,1.0462260677213688
7822,0.44504407743084046,1.2210653582927027
7823,0.6744486548865419,1.469056111616326
7824,0.44595655918257116,1.3775821670729251
7825,0.654623829697635,1.2496739212964052
7826,0.6668542503979492,1.51408542685181
7827,0.6212478001339741,0.7960235339678248
7828,1.045745032234794,1.0845176715348002
7829,0.26695047074700595,1.7167257860338383
7830,1.1243216132852032,1.6124945545364264
7831,0.6213019992668473,1.4176015589305704
7832,0.7673124443630337,1.7599828681318435
7833,0.44546259362790724,1.039003246508827
7834,0.28262159214546284,1.0945946856801472
7835,0.32832504575220417,1.1394763901438325
7836,0.5684366354126367,1.460744136431185
7837,1.3153407496344878,1.6459997468736738
7838,0.8720241476339958,1.5173651307655247
7839,0.43499448348270453,1.6464144698266792
7840,0.5452144781970557,1.2425872233589332
7841,1.0877733482979572,1.425025531773331
7842,1.0537679347598015,1.136448877856402
7843,0.8123449438010131,0.9030428110272921
7844,0.5070024520436047,1.3629968004452517
7845,0.7835643059834497,1.8450076254452743
7846,0.6386971342609264,1.1131870705804379
7847,0.9234076227627969,0.976201057714744
7848,0.6065116025476901,1.2060123058224541
7849,0.7738393765376859,1.4276467756774869
7850,0.6966642528003364,1.37045261239358
7851,0.35186244383816134,1.45496076139709
7852,0.5503937939430538,1.2694467729130166
7853,0.9081532139160995,1.5953749728419397
7854,0.32557778750443167,1.266776947659257
7855,0.23139856372373285,0.9926566216738375
7856,0.9747982218975729,0.9594041989047402
7857,0.2140060254508115,0.9259790122429501
7858,0.6385054923393353,1.2288851142845767
7859,0.8932897718043236,1.24728419813903
7860,1.252001534028582,1.4368972422728596
7861,0.7343533908705836,1.5856976216771101
7862,0.388840696978207,1.8721572361125511
7863,1.1182964567846105,1.4622866259465073
7864,0.6337352518130689,1.575776880345346
7865,0.6562420446081567,1.2577829956896145
7866,0.6402579147890571,1.5598427400556278
7867,0.8371721744740047,1.2939700872354207
7868,0.2339778059513361,1.1454535926678293
7869,0.5299404863402978,0.7512137016907932
7870,0.8579220465013229,1.7570457199531975
7871,0.8068348999140673,1.4906278608328423
7872,0.5633843183205838,0.9985632707906869
7873,0.6292998995282532,0.9398130086204999
7874,1.1827369136735502,1.3057198314327616
7875,0.4264170466299104,1.678877047172552
7876,0.8260359932357262,1.473913659969391
7877,0.9171442194722647,0.9471686528249135
7878,0.49664501809810874,1.1721093255077148
7879,1.057643805560754,1.4617442560546796
7880,0.6293746186148442,1.3009797538765775
7881,0.7124752986394869,0.7626358203186094
7882,0.5428610654735084,1.69622697359006
7883,0.32382671362099236,1.232432607421202
7884,0.8039043720194553,1.153750586329434
7885,0.704145054247903,1.3213071293950849
7886,0.8988926397266103,1.3937736309258653
7887,0.32894850541587606,1.698619915041087
7888,1.358678690137558,1.2759713417534875
7889,0.45445304163189393,1.7812473420462536
7890,1.0727567268203841,1.612489788894207
7891,1.0591001158681528,1.6568236251919015
7892,0.6079012206475506,0.8418009122242551
7893,0.7409397358075994,1.3544635117706956
7894,0.3177178838660865,1.296706775024707
7895,1.2216108301994875,1.1790099046616251
7896,0.9164551018107273,1.4247965566060348
7897,0.3774428337825095,1.6323484673959268
7898,0.5757029958310751,1.574755306739471
7899,0.10526760574310626,1.3313551072891916
7900,0.41299434854938133,1.4084735594072735
7901,0.5231089796777789,1.2936683995362461
7902,0.38347142472609336,1.7867384683073582
7903,0.4924807324482411,1.3355771603231497
7904,0.47898225702137154,1.4441264754694751
7905,0.39404342946588705,1.558718598537036
7906,0.8601123758508054,1.232799756657835
7907,0.8454296229829643,1.6648575128983734
7908,0.3009191267049951,1.2924352619189206
7909,0.6120247303856279,1.2187953529580149
7910,0.9577171622170428,0.7625848632627543
7911,0.29232535969483747,0.745657883443597
7912,0.29670906484720916,1.2339194118392345
7913,0.3735963788652267,1.3441310565442475
7914,0.6823067207012357,1.4377340438727235
7915,0.7402299381488434,1.2217568469783333
7916,0.3874217587075334,1.539209213641954
7917,0.5932962430336477,1.0281310461667472
7918,0.33552652625886864,1.3202239606545794
7919,0.4284731610815785,1.4586971622354965
7920,0.6717765493017559,1.1818183729596967
7921,0.5378298928799669,1.566022152046722
7922,0.1749763352258095,1.910116703676049
7923,0.40814520483526545,1.1249641517851061
7924,0.44264430624844864,1.3414765645838767
7925,1.3122358409207908,1.4560567508295774
7926,0.5218837447154834,1.646380683566288
7927,0.24510816890873366,1.5612926653496557
7928,0.5172031419267715,1.4493527986420869
7929,0.6580210621017261,0.9183423522511225
7930,0.5917065146839795,1.6026424305516176
7931,0.1316383498136424,1.1598381815709025
7932,0.5173326547580827,1.028001225192475
7933,0.41225654497182035,1.6853981086259564
7934,0.8633684377201299,1.3594120777854695
7935,0.29697086142691076,1.2965008973628849
7936,0.10361110447014507,0.6494623147537921
7937,0.51956287989966,1.509996386160522
7938,0.17095533542500532,1.3794147251242999
7939,0.41452821533431405,1.1089206784442556
7940,0.24832696780404973,1.3295051671916744
7941,0.5715150079647482,1.0327321596041408
7942,0.6412094993644736,1.6314616587061774
7943,0.6458006602812212,1.1132585886023763
7944,0.8485484815494604,0.521321806988331
7945,0.5870122112190814,1.2989272662166527
7946,0.9055276269772816,1.1176522069252535
7947,0.7909292145204949,1.2219749440177288
7948,0.49045230583994176,1.5837530488701874
7949,0.4330748411175917,1.5509024824569504
7950,0.26962714072521726,1.340263899998213
7951,0.4702833657119014,1.1110912360236698
7952,0.8190000270735278,1.536529305923272
7953,1.0868884123707077,0.9532343172153761
7954,1.0138210263533596,1.509173926465857
7955,1.1097305072050332,1.5589411356941785
7956,0.8256525720950065,1.0061664178224201
7957,0.5446050895412773,1.5490138354294918
7958,0.7932761034227114,1.3388171573640502
7959,1.1519559961841357,1.4888323176979898
7960,0.6587254668069829,1.3194456463272912
7961,0.5746890387658227,1.2867099064031913
7962,1.168292094462415,1.2241841097590678
7963,0.6528702832126839,1.557479902171991
7964,0.9693163406231656,1.097282866548798
7965,0.7922288629529832,1.8307655435982724
7966,0.3772104338553612,0.769099980501323
7967,0.7197817592946045,1.210009054672125
7968,0.32916127204958484,1.3625352613370527
7969,0.45429557157629574,1.4947768860770547
7970,0.29055562293423254,1.6984634581061653
7971,0.4711840940174345,1.2151870520355357
7972,1.2169453832172952,1.2386787438104183
7973,0.4978094205488092,1.770891220188831
7974,1.1243743002587954,1.4244168066241953
7975,0.8786108172196082,1.9199143929052933
7976,0.4052449424391138,1.679727076738213
7977,0.37936095580396795,1.7101786072251695
7978,0.20074134632855173,0.785712111912956
7979,0.495063036804492,1.4815582181133429
7980,0.9258668355724576,1.4876356792622838
7981,0.6648242699115421,1.3306567835123029
7982,0.8692007715879491,1.4739946376039468
7983,1.1070605222129288,1.433207084690816
7984,0.5062487290552222,1.8635551239055024
7985,0.4790900609590707,1.336671449003866
7986,0.5068262049713944,1.1631036209507932
7987,0.756297404706368,1.3351402091063518
7988,0.4771565031198291,1.2198933797870564
7989,0.3849492256728506,1.8269542426475593
7990,1.0878654336698226,1.4257966958147998
7991,0.4528831825465541,1.2250480719608825
7992,0.7754797218510854,0.9122551510441494
7993,0.8894707526913723,1.7188853491894036
7994,0.31981312562402225,1.3704081079211772
7995,0.040381603014929685,1.0164667616977114
7996,0.9756043733986413,1.0554896921474506
7997,0.9087650336186233,1.000794435392844
7998,1.1143818749230252,1.3874175137056515
7999,1.2053429657267525,0.7109313242852886
8000,1.2001438235921558,1.5891691193741184
8001,0.40326836027830193,0.6195714802538159
8002,0.25840802257468454,1.3321798153691153
8003,0.3212439854556092,1.6477885326485053
8004,0.23102571689093815,1.7208849008112665
8005,0.20521866844876552,1.542923927855532
8006,1.6009545878454423,1.5183900016702485
8007,0.6177804972938151,1.4222672036492026
8008,0.7195161960402112,1.277471538556994
8009,0.7326377991150402,1.2749331901950376
8010,1.2759286976529876,1.2583351378332153
8011,0.6862473127888449,1.2848514309929906
8012,0.6936906662116441,1.4903851429272534
8013,0.86165578264961,1.7625974000317257
8014,0.3157012460597427,1.828678092713521
8015,0.5622672142133148,1.3125560636521616
8016,0.19545587507002318,1.4917958676405723
8017,0.5915351829594436,0.6537391954618357
8018,0.9276586893493789,1.0546017382635045
8019,0.748698444694145,1.0199458191386763
8020,0.8198204136904695,1.3575610760261438
8021,0.3694478150738452,1.1553176715278313
8022,0.6141147177670683,1.4293903528823138
8023,0.40747642082727414,1.2413405171739282
8024,0.24346438119679203,1.2018799621183107
8025,1.4451496881689918,1.498174167621757
8026,0.4904980863709896,1.1920176762738097
8027,0.6055353429998338,1.1217677245806996
8028,0.2854103261853673,0.9255443305346398
8029,0.43532297271397624,1.2620636505661584
8030,0.6184887520831321,1.4203297344458274
8031,0.2587360345103821,1.4948094807987817
8032,0.19891444232398814,1.1225052820501866
8033,1.1696646724822415,1.4071290512690036
8034,0.604589511778449,1.1906530462439178
8035,0.7443924241247772,1.4585807091336709
8036,0.8558677138384428,1.3287206192697032
8037,0.5090745563230546,1.3294017889430378
8038,0.49858418532971077,1.806222028697551
8039,0.718790913675252,0.6679566088141988
8040,0.9064032335270995,0.5164077740109501
8041,0.5562670053172849,1.3847653164779048
8042,0.33796286209354376,1.4348311345674594
8043,0.6131716607303842,1.2396935920964525
8044,1.0144473769926123,1.0307990705304304
8045,0.6057162703289326,1.1716822572780377
8046,0.3563432112766004,1.1737728077678804
8047,0.3176420955140207,1.755217648264789
8048,0.6958242166602667,0.8254845963041939
8049,0.6136370472337956,1.3126675919692579
8050,0.46396067413711395,1.685916759469365
8051,0.6669344713702845,1.0579897180570061
8052,0.4581127851018539,1.5763860455972984
8053,0.7288360040692266,1.1641976575350457
8054,0.672412977759704,1.5381652242636294
8055,1.0763698558059953,1.184002987671231
8056,0.3722989235380591,1.4984416923534842
8057,0.7865849629995497,1.489900307294687
8058,0.4851170601599974,1.679176559039427
8059,0.26221523487509724,1.1296691764678477
8060,0.8244826160005855,1.4043045256111397
8061,1.1122217265111813,1.413243306196048
8062,0.8635558825710774,1.4441281611603216
8063,1.1015384619289463,1.6608284682087162
8064,0.3253142799442451,1.4513396281385975
8065,0.9990083115783169,1.5496547234539375
8066,0.9349829937369345,1.5362624594252072
8067,1.2257549633561382,1.0028519045859974
8068,0.15075431195313735,1.1572327783848082
8069,0.6733293492921018,1.35208664606036
8070,0.5502354526879091,1.1406960946178455
8071,0.6230443383321544,1.6123506864005654
8072,0.46377016022310946,1.3914214634281392
8073,0.2517315033305176,0.7085843736710746
8074,1.101175499583059,1.5529617061969796
8075,0.8618915674157269,1.720892764589158
8076,0.3867848916018809,1.3513143600159938
8077,0.6041582308673109,1.1786663237349553
8078,1.0937479781233008,1.2978066608437078
8079,0.8894002984102792,1.4196422278201102
8080,0.24663083021124999,1.4657937383776138
8081,0.8839766526352388,1.6447278704179467
8082,0.7487351415708337,1.4160506587370123
8083,0.6115091015932049,1.048258375672722
8084,1.4652311461341245,1.2963313868764406
8085,0.5111122157667617,1.067874832513887
8086,0.6029622515756401,1.2261736918578603
8087,0.5740281261332095,1.2374578161722054
8088,0.8979579027820799,1.8105609282839128
8089,0.3445045845041436,1.5367192553105478
8090,0.9544416698098699,1.0853979168945957
8091,0.33320343633354077,1.1720576556991824
8092,0.1733674737359455,1.3218083241586007
8093,0.3690968025374696,1.3925450849226073
8094,0.643219381981563,1.618885707594964
8095,0.6510374117904227,1.6770609201041526
8096,1.306715412540683,1.1715247649059388
8097,0.47454991134906777,1.5327840917440188
8098,0.9688944788010555,1.4129801419080779
8099,0.7023199935806296,1.0847628567090535
8100,0.3300091989698306,1.770296864511455
8101,0.4018618645031411,1.345398241455709
8102,0.8540900473408697,1.5979862226492707
8103,0.9112137783949725,1.3919181410992305
8104,0.7103478936069383,1.5068677621420599
8105,0.6649815826367946,1.2323013068463844
8106,0.5006867048728635,1.613683319279835
8107,0.656205197981966,1.3185129402666265
8108,0.9071897533806601,1.1106430386730954
8109,1.0645026336515813,1.2862408013736286
8110,0.9306939674332323,1.2656686041005578
8111,0.9314097271417612,1.0387371863582882
8112,0.6152150573293015,1.0965573481724653
8113,0.7698442145646139,1.2681340507858927
8114,0.6737902157573205,1.6753341000575874
8115,0.6447910441763754,1.564156248295516
8116,1.2723382572330084,1.3030251580047185
8117,0.6841408911081094,1.5434160150632905
8118,0.5631044585982417,0.8168028269542686
8119,0.25789487012280243,0.9566259657854845
8120,0.44033721587564767,1.395280736487972
8121,0.8842744240077521,1.351119733156592
8122,0.6767874021900029,0.922576376759606
8123,0.73723931530895,1.6975800162454662
8124,0.4409183968396797,1.550532163434309
8125,1.1013942889016226,1.4427795890942743
8126,0.5508753337352669,1.3515919896039839
8127,0.663601700673907,1.8269006825558372
8128,0.467374769526868,1.5025012006657406
8129,0.5092295894197815,1.3570801622155593
8130,0.5494434133990342,1.6398306820087813
8131,0.6606309354081485,1.5678672763260921
8132,0.7328299898179722,1.5261405119974383
8133,0.1487227715356825,1.3017077997874673
8134,0.5320077679703574,1.4397672489539097
8135,0.3947057214511406,1.495887055829995
8136,0.5075991012348144,1.716201725448466
8137,0.4876772931857142,1.022686320301756
8138,0.6249218879108758,1.8180727253924573
8139,0.39438036409364713,1.4079514634858312
8140,1.0172550792555455,1.3784834734380993
8141,0.6372906861688251,1.3360187306614222
8142,1.1440889197955144,1.2016037500011283
8143,0.7723862337250217,1.0010793788520616
8144,0.3737929297566756,1.7251542076410111
8145,1.131673339774406,1.4675236397904252
8146,0.5438653132106523,1.4925033631669589
8147,0.6048306978789757,1.7506449093206728
8148,0.5583586851567771,1.1366002774937227
8149,0.4157258248912405,1.4640498700080187
8150,0.6848733334633353,1.2778766266179726
8151,0.7418822622703004,0.8402058044641871
8152,0.7103162121349152,1.645051299960695
8153,0.7942252640238197,1.2829019863004447
8154,0.6867605061562341,1.2047799400199692
8155,0.431559672435323,0.8655909354544613
8156,1.051144002488865,1.3215984403897472
8157,0.6347779390084264,1.5019296257123589
8158,1.2430629098748691,1.2770530067871082
8159,0.3835598094721058,1.760756495311364
8160,0.30178490356619025,1.5459810797021154
8161,0.2973757405878164,1.5483422064564982
8162,0.2937055052927156,1.6548386800930874
8163,0.32264136971533675,1.498617450786739
8164,0.4660387632417086,1.3172218919059042
8165,0.8292465577097051,1.4169956627444313
8166,0.36534009364131914,1.2314777945292645
8167,1.0881427918114528,0.9819085832182837
8168,0.4001039570344467,1.209609430834718
8169,0.39066546552741377,1.4522550107831584
8170,0.5234772156208468,0.9584906242411382
8171,0.2753477777136216,1.208737135221242
8172,0.61956532067115,1.3015073418971477
8173,0.8497961540696609,1.596324497987754
8174,1.46438461820502,1.6312420138749562
8175,1.372808099733588,1.10607853306629
8176,1.0936536680269182,1.3501807826542596
8177,0.44291534643778263,0.9491936139257862
8178,0.42294307911522055,1.4993631633002678
8179,0.3612873517899913,1.4626829586052257
8180,0.6973525574379649,1.2325963410284149
8181,0.48365667941483126,1.218508042835571
8182,0.7826892130805944,1.2831933151316712
8183,0.6482665900825003,1.3510977303665426
8184,0.3740170231832518,0.9439734169645879
8185,0.6842146547233237,1.3746984620521943
8186,0.6727372090606271,1.0878957061225156
8187,0.5579657863316413,1.8330475786548333
8188,0.44849679880902693,1.5260771384128642
8189,0.519999495839839,1.2181637207630593
8190,0.42825060238337387,1.2931520820914284
8191,0.7827708526897372,1.5559261092884484
8192,0.6526665962590784,1.5438596976966834
8193,0.45054776844643324,1.5157095744697795
8194,1.2175279663805862,1.645040292554139
8195,0.5127301402982566,1.4693090329118639
8196,0.5634880398828286,1.6509016448500642
8197,0.5362903970662517,1.3148562001457107
8198,0.6596879604435637,1.1555612308146905
8199,0.6222759681390384,1.6533593724180022
8200,1.1405848449105371,1.4734364894689316
8201,0.5726005867101833,1.6170809904352594
8202,0.8065811058377452,1.6695324396371578
8203,0.5420121557378602,1.0828685335145902
8204,0.7300918060044131,0.8801534038403627
8205,0.6991931940292976,1.1973943531774613
8206,0.9711222126591021,1.3660092198549125
8207,0.6004601132097948,1.213008320673568
8208,0.9468885821926721,1.5210523954524542
8209,0.41088627588652843,1.5383521207699606
8210,0.6315674242894719,1.4917666992807264
8211,0.45514300589006185,1.465847071318696
8212,0.12799736460755246,1.2343005491315124
8213,0.862797644959514,0.9952374021358645
8214,0.682068052482867,1.0019377827346934
8215,0.7303973035381196,1.5261483433833032
8216,0.9880180722299003,1.0461915196765297
8217,1.0753907764249067,1.2862504954333227
8218,1.2015799718240618,1.2390078708786143
8219,0.28703641376053507,1.3152470657523367
8220,0.78124932468484,1.2796016428768462
8221,1.0786695041788967,0.69580483795825
8222,1.006578276009083,0.9431532740570183
8223,0.44612621475196074,1.1705096513483748
8224,0.8311337701496584,1.1464095133771972
8225,0.5446102765489876,1.3149388535344557
8226,0.4361783769055456,1.654889072817212
8227,0.7211181462365515,0.9973489527965809
8228,0.357359816267291,1.780926393682975
8229,0.684789348362859,1.255762510053624
8230,0.8377964319237232,1.1134634734651114
8231,0.7886372720941339,1.571454389438469
8232,0.6564229706461636,1.2092545822495255
8233,0.4222879542233454,1.2744575507630176
8234,0.5300957830284342,0.9380436940639727
8235,0.6652517339147656,1.627239936726918
8236,0.767087231587872,0.8577058715756916
8237,0.1652511443771098,1.0199894444033184
8238,0.3292835815960232,1.6429305100602833
8239,0.06369559439282148,1.3761111358534208
8240,0.7020269296568914,1.3185290534987875
8241,0.757433407203936,1.0988838077310588
8242,0.26909044286616746,0.9977844831578473
8243,0.5353893912784061,1.5557127350778506
8244,0.4395079163938971,0.8776618989412841
8245,0.5894047214409571,1.2439687094938048
8246,0.7116603279371394,1.5610682604955233
8247,0.3980265528182614,1.5438270761773443
8248,0.7778466900019428,1.221110938346298
8249,0.4006779280676747,1.040104617165637
8250,0.18175815261376096,1.3780262787887048
8251,0.8089017654355144,1.2307045771429896
8252,0.8266622936721009,1.5103993580443513
8253,0.42314309162788005,1.1662961812579111
8254,0.6705116848431146,0.7929903261698368
8255,1.0944198373808178,1.1923523477462863
8256,0.7512873358445377,1.2930399054161144
8257,1.127086094424179,1.5466326171881992
8258,0.8207852002171446,1.1091091505133124
8259,0.8888560782599564,1.8556100800815871
8260,0.3400629366082314,1.4477474860555104
8261,0.293697549456972,1.033328259225463
8262,1.1621538877349362,0.8096429207482496
8263,0.7926387425139659,1.7087087745514262
8264,1.029061006414062,1.4004975217636368
8265,0.461046770469728,1.4870940097815843
8266,0.5194427840741878,1.4692387068883939
8267,0.7230034596653178,1.2942601542142955
8268,0.5988157495566014,1.5689405288392786
8269,0.5711434479191334,1.0433971666671797
8270,0.5427670618272996,1.4917260263459697
8271,0.6320870066179926,1.294860102296003
8272,0.6011058380232198,1.445706404213728
8273,0.5376645747999045,1.299300761478633
8274,0.9710589985437866,1.3423991266767135
8275,0.7515518091338932,1.5807349856536712
8276,0.4124354608339492,1.3200406785467091
8277,0.5942043597165837,1.8362026859553204
8278,0.5887644357820236,1.3776890176091712
8279,1.1483715668268968,1.5063983102232474
8280,0.49065415227795706,1.474340715020157
8281,1.086316535307319,1.5734717023139
8282,0.3410070504542112,1.6382940856520816
8283,0.5266488214280511,1.1502431817634529
8284,1.1050862339282874,1.9274204027603243
8285,0.46789452436306833,1.5157506658686941
8286,0.5315383559765712,1.0979708201207858
8287,0.6322540175747443,1.3613802376950102
8288,0.2630320750418138,1.209471137945434
8289,0.7702647248552478,1.2964147059720357
8290,0.27195250266864657,1.3684905195837143
8291,0.6576004106976951,1.5260465945590354
8292,0.5062515285768019,1.0323119958912395
8293,0.426682388352614,1.5597592006768264
8294,0.9251014238211006,1.8347903488186346
8295,0.8497795950531525,0.9123695731574182
8296,0.8304671576679805,1.1621831500870614
8297,0.766276214480623,1.2353723857515204
8298,0.5861045478783794,1.2536112020219787
8299,0.20197707750554092,1.4841889523110963
8300,1.0385849660735145,1.3550561563354142
8301,1.0243519962910201,1.3172167218379822
8302,0.8350934337463728,1.3413755173214605
8303,0.692124472696626,1.2127547085807509
8304,0.7425772612841016,1.113905682986963
8305,0.6311941147323425,1.1437824715842457
8306,0.5315021121369691,1.1683634442642097
8307,0.4451402091261426,0.5759072652290633
8308,1.382838570604002,1.6908099321206242
8309,0.6531783815320247,1.5340371206914116
8310,0.386652456312139,0.9139808600976731
8311,0.4228274919135618,1.235091021570867
8312,0.9104702732505736,1.4911148632859907
8313,1.020039425831946,1.1023049045404478
8314,0.8853230930995921,1.8158430268795216
8315,0.8894879129117862,1.5308505246425541
8316,0.5680683439760682,1.2167696909136518
8317,0.2549490271307204,1.542981653171426
8318,0.9415547818556416,1.455237983676029
8319,0.8097411646626367,1.3862087812918158
8320,0.5977979210723743,1.7204424304131511
8321,0.8500953595431217,1.0552388968826207
8322,0.986043226339135,1.5310919687081257
8323,0.7329691418681712,1.4015309249189434
8324,1.1616408484498537,0.7124196867365074
8325,0.6071620538648053,1.0289497137529764
8326,0.6805990195200471,0.9654568324852386
8327,0.5115765361581581,0.8670944129763929
8328,0.4954908711633904,1.5484851868303466
8329,0.3304516475362264,1.2050524641572526
8330,0.7258353506578472,1.6788583594462643
8331,0.5108827739678221,1.6345650077370908
8332,0.6280430765321785,1.2503745209049226
8333,0.4903902850690365,1.5783878483334937
8334,0.12813431348140172,1.2337585331944656
8335,1.2003961314282234,1.5631223673646193
8336,0.8357644227842124,0.5090688461590158
8337,1.0155377129336476,1.225975856766358
8338,0.5425038512105214,1.203441762730612
8339,0.2084323092690771,1.562801610138292
8340,0.8547055545544257,1.4406861008586636
8341,0.4913469233198244,1.592249682626185
8342,0.9102701127809125,1.1405057541565646
8343,0.9828046344447686,0.7037615621370552
8344,0.9981931372908308,1.0017426614885134
8345,0.5680006934655274,1.15124177369001
8346,0.8386252368140039,1.2857337593469902
8347,0.8008480182200185,1.1616975128839946
8348,0.914710341681715,1.4072884948585198
8349,0.8728785661087749,1.0260467879342992
8350,0.9294408397531952,1.814526682754037
8351,0.4354632076442097,1.311741363204313
8352,0.7955711652875049,1.1894098707020708
8353,0.6123549134414479,1.5296290824950172
8354,0.8396241321536588,1.8238903733732543
8355,0.8382869316792505,1.3446794295808127
8356,1.0028265997246444,1.310223361260819
8357,0.2694504389804043,1.6781694107195648
8358,0.550932129197,1.6751170819736096
8359,0.9640209062425414,1.2081889253569242
8360,0.6677664481094832,1.070355886654783
8361,0.5893158999798198,1.1638487059814324
8362,0.3729661533810895,0.8322152902312545
8363,0.6678316118462004,1.5560242773434396
8364,0.9169252551565258,1.6147920907968865
8365,0.6730987263028427,1.45022514340572
8366,0.49680548903625754,0.7923024522523077
8367,0.5542156442920814,1.4965886250223468
8368,1.1529719754949315,1.3530374744373495
8369,0.04167663982207295,0.7008078057104252
8370,0.44021363039451367,1.415430489653239
8371,0.4354571616932439,1.5304214538284207
8372,0.34374819790390315,1.1666137328585622
8373,0.6584134695214358,1.2041201937953427
8374,0.39945609376608027,1.596253361327927
8375,0.4783380606854255,1.6104739318712353
8376,0.6775728941345203,1.406211009388565
8377,0.630412440960439,1.4529913518416007
8378,1.17625724491823,1.5809710038283686
8379,0.48403490002002514,1.7365419264202284
8380,0.9511543071604087,1.1245857438511968
8381,0.36491222897079856,0.7101618857528138
8382,0.5174174069451377,1.8093909423847765
8383,0.15545057154342207,1.420009735998908
8384,0.9550927480667434,0.8686020037013509
8385,0.7569381414570471,0.7484167785316909
8386,0.741251287069344,1.2038816070594311
8387,0.5011922028071958,1.644846084514798
8388,0.6828759037778743,1.5532489775292029
8389,0.7254461371743485,0.9832523217279712
8390,0.7426114696843168,1.4024007147217619
8391,1.560080520743173,1.3222629181637682
8392,0.5574020656383746,1.3360276763857
8393,0.6926608870477063,1.3607776020348648
8394,1.4289605254477875,1.657175989040908
8395,0.6713239886947048,1.41120673926138
8396,0.6866040472590159,0.9714810169419867
8397,0.43676479444840377,1.2823429634458514
8398,0.6196099279834034,1.3133827380582426
8399,0.6971290043202919,1.5204082405411592
8400,0.8321799571790386,1.1461964121666766
8401,0.5928723488822157,1.1268863082907261
8402,0.9280037832243524,1.5459805849103736
8403,0.5712095643086812,0.6745706527873987
8404,0.17797361904557563,0.6482401607616579
8405,0.9313443466028217,0.9001712441282383
8406,0.7982849081923981,1.4320483973426306
8407,0.595558748252088,1.419281693648689
8408,0.4637783565330406,1.1902838905417001
8409,0.46824948969268193,1.676353287518583
8410,0.4227367123140045,1.3399650202182123
8411,0.9445708053787593,1.4896120665491916
8412,0.5678941218968323,1.6262129958858949
8413,0.4976420022953217,1.467827853913453
8414,0.3305950254829303,1.2334732815535336
8415,0.7283043922083783,1.3436742833294346
8416,0.33382747924322076,0.5314218494431264
8417,0.8375683425687624,1.4258322977097204
8418,0.4539419637874563,1.4083237225169252
8419,0.9946583078055321,0.9251617364762623
8420,0.8797087465070781,1.5800443053930278
8421,0.7879318510642012,1.404809805433187
8422,0.7535525962099379,0.3260098232603921
8423,0.7738166769978382,1.3744311219940193
8424,0.7011111241046452,0.9805681520139986
8425,0.510182231771203,1.6395306988422225
8426,0.18717615685480726,1.082456528031097
8427,1.1943929029181746,1.6308957452375932
8428,0.8242560023412363,1.4049114970086003
8429,0.47300445164989685,1.3407588290744
8430,0.8143277877740627,1.6590518564582313
8431,0.353521264366439,1.0708525846414507
8432,0.7465685473299849,1.2702566267618038
8433,0.5896157246965529,1.570628934755467
8434,0.5480258370964511,1.528257139129721
8435,0.7627247388219577,1.1298033944904065
8436,0.3958612815496561,1.5482894063057784
8437,1.499357035505903,1.3842851235266354
8438,0.5371688584990502,1.4172820273065403
8439,0.9130748589781958,1.1767070557594217
8440,0.3980402337198414,1.4959650109104459
8441,0.6920581315124334,1.1962871727237738
8442,0.8710915589565805,1.2724536087463836
8443,0.9388403048868154,1.26175744910867
8444,0.9718063440306326,0.8661555383883011
8445,0.7441814696165896,1.1411431060458466
8446,1.4615691842112464,1.4959770569191284
8447,0.9143761763333038,1.5653412965947628
8448,0.5009227551009715,1.327019395685561
8449,0.7886506209129062,1.6122127344597508
8450,0.42051462673737006,1.0522242516620017
8451,0.4477913473110976,1.1485345029104665
8452,0.6577858896083667,1.5695309731973388
8453,0.7638581492864038,1.2113445497079094
8454,0.5636215354467803,1.4916854229661336
8455,0.4996680981792723,1.2796588182362285
8456,0.9972442006951431,1.4398662217138058
8457,0.8009395455766306,1.2892213362508935
8458,0.7362787196847889,1.2681363345817593
8459,0.3804664243209377,1.2381758749374108
8460,0.6815098454337574,1.4655261943940683
8461,0.6040077940623989,1.427251579633165
8462,0.979401192518189,1.337161737760324
8463,0.5214931409278157,1.3851742443522896
8464,0.39300368053381324,0.8497726325965274
8465,0.32886910248962337,1.2472677416454534
8466,1.5952719688098727,1.1547895086249222
8467,0.7375415498282362,1.6105414113272207
8468,0.329525022635542,1.0106930719074663
8469,0.3676298158618091,1.7428179840050717
8470,0.92296009485714,1.1176810325750195
8471,0.3427559714574402,1.424243520468397
8472,0.09079788460321347,1.7707802183578052
8473,0.3704310558480774,1.1587697182961751
8474,0.5781315879405724,1.1869055733771556
8475,0.3280646225190609,1.2785541539058838
8476,0.5584504803257418,1.2772665339104665
8477,1.065712137572466,1.1813800053567731
8478,1.1839875305687573,1.4312992860107068
8479,0.5367426913997373,0.8749779744392476
8480,0.40583863414080795,0.633595187793208
8481,0.9674228610599814,1.5375555003875103
8482,0.5880430037771661,1.3799709102681579
8483,0.6887674897764998,1.2003424457170704
8484,0.8018416926461918,1.3412911257770346
8485,0.6540945259060591,1.3443732660628722
8486,0.2575076821828095,1.57187633289793
8487,0.28617406143632995,0.9391491828159073
8488,1.052136631654861,1.3236419168394753
8489,0.28752284837893044,0.8975241288070535
8490,0.9052622865265715,1.4944060384724405
8491,0.648039634514521,1.5853113386559947
8492,0.6451348361248642,0.8852739459880961
8493,0.6402033203724959,1.1917183837905028
8494,0.9835523018231153,1.7665694307300464
8495,0.8554190236295092,1.2928796102205342
8496,0.8237844777554907,1.3250029930929346
8497,1.0170622954418798,1.2850124766320712
8498,0.7002214593292497,1.2463795161149798
8499,0.7979979268256837,1.1459991608614435
8500,1.2516403711133257,1.592318635582112
8501,0.5864986104468211,1.432991289810865
8502,0.9292203972119085,1.4139744576279516
8503,1.1463653810560426,1.2470205135884425
8504,0.9284255646961894,1.7413239918454042
8505,0.4901269016052665,1.0658123019931445
8506,0.5369503034676882,1.376803981319601
8507,0.6120769417065768,1.2900568491192452
8508,0.669937387630254,1.5088863503623828
8509,0.6901388434832317,1.0905454239033292
8510,0.6428815204330253,1.523751929579857
8511,0.9504606632050002,1.603840840102119
8512,0.4432436725725822,1.3065940183639775
8513,0.22229820306212875,1.4322260680433077
8514,0.7668057424617728,1.4500945073527367
8515,0.6600367619338496,1.6685688015441202
8516,0.5012108840618228,1.4103065693440309
8517,0.8565133513173321,1.6471415170534782
8518,0.3579895641027546,1.2658072781396883
8519,0.3454827072940702,0.8860871583758776
8520,0.6447784289602332,1.3771517933431974
8521,0.6586740631262573,1.3909322712098617
8522,1.317911405219511,1.3359522739048906
8523,0.40061016443677716,1.2632748367359181
8524,0.44338823770520114,1.6133629217012264
8525,0.19107790498956942,1.6351163346393744
8526,1.1664613076650792,0.9343447153803273
8527,0.8347234589363344,1.6761345245825536
8528,0.622957979793106,1.3670406357495946
8529,1.1627075050005329,1.3308590003729421
8530,0.5698475630462922,1.554227946745066
8531,0.5892629668837611,1.6374923546676203
8532,0.4827821927135576,1.2739753418851507
8533,0.5030158807916254,1.1306540160793692
8534,0.4762673895827033,1.498801743242375
8535,0.5858254738001285,0.8337859191047707
8536,0.7797781448279051,1.5172826296646367
8537,0.5945907594509929,1.3423208254331276
8538,0.7977117971462876,1.3824634720949416
8539,0.7207076908789622,1.5189809276693438
8540,0.6489199185078179,1.0148412899469588
8541,0.5430416995159415,1.1226223523624974
8542,1.081374196136122,0.8059888257719356
8543,0.8113929179130865,1.455218176070952
8544,0.9900093595307439,1.6381820110665914
8545,1.088550147278898,1.6251969795683752
8546,0.25366028845170346,1.5808224614396391
8547,0.6410871849163357,1.0692826476701514
8548,0.6728283525209143,0.7952907111978789
8549,1.076141163440506,1.0232175904547942
8550,0.45162771766015397,0.9253123521112105
8551,0.6981824468760569,1.4381365302549471
8552,0.39234149824028924,1.4909240002340027
8553,0.8287664276257494,1.6131946463927636
8554,0.8672972742866917,1.2744140358363567
8555,0.8552198508762596,1.457984330420488
8556,0.541561948535363,1.6643217606842338
8557,0.6254524233568202,1.7885498884874846
8558,0.5003405145414864,1.426061560720389
8559,0.722040756785972,1.2756905817428628
8560,0.3414419744495873,0.7525074091936204
8561,0.7534504127605596,1.0313876012185343
8562,0.7152336043185066,1.5261537308483137
8563,0.6318611181984918,1.2870828570750752
8564,1.0311896231402573,1.6099186334582989
8565,0.3240242243066441,1.7263456005684281
8566,0.16158809121813913,1.4538484061596795
8567,0.4482545897481029,1.3067671089077535
8568,0.2561681544160486,1.1956282612718292
8569,0.5012622683625463,1.2784848311245813
8570,0.4321063361637636,1.5943730981372803
8571,1.3055403290538312,1.3478876863565485
8572,0.7691111611966696,1.5935734691234684
8573,0.38392642736221855,1.7903152623126128
8574,0.7142491213494887,1.333447663087537
8575,0.329980257643258,1.1146857435480046
8576,0.4163918421114794,1.401134452087084
8577,0.6261143593686094,1.2196640897668618
8578,0.6760291875140086,1.207525991979201
8579,0.3726877556676324,1.2857732059834923
8580,0.46363086085769784,1.1719843893884554
8581,0.5271461020417025,1.416670579779645
8582,0.7165960524227362,1.5087158855868221
8583,0.5918546025121808,1.2429222476651511
8584,0.89237882656252,1.562185833782517
8585,0.3875166156663697,1.2314415767444649
8586,0.7907409029827269,1.4091004527259514
8587,0.5349702922237383,1.4628280413459427
8588,0.8503438113798457,1.6244249486582354
8589,0.6699622368713716,1.554690036198321
8590,0.5329265877274701,1.2586848607620742
8591,0.3332214655920462,1.8492445737600451
8592,0.712024124601273,1.4024389130646016
8593,0.6821875223670646,1.3815686730850292
8594,0.6324630954720044,1.2706949421324816
8595,0.5185074364802862,1.4838815180713438
8596,0.7017429439280095,1.4683310862272112
8597,0.9018538507006046,1.4420898831967097
8598,0.2392787795813658,1.100267010513559
8599,0.6203338789953516,1.6833884220353923
8600,0.4139793823488339,1.1656527054622714
8601,0.4487801075013386,1.5416567563054555
8602,0.6855182727011425,1.177764160053449
8603,0.3365238473213652,1.2297410752699978
8604,0.6907894301277041,1.1546958950261168
8605,0.43389536265793505,0.8660255872661187
8606,0.8100257854373372,1.5441970987105056
8607,0.892549299381304,1.562629252007297
8608,0.36236956158385286,1.304732393011513
8609,0.5685116648864248,1.2841573264381443
8610,0.5051103655243099,1.7024554362557327
8611,0.2701316056822563,1.6994268535318364
8612,0.3286835085045109,1.2403272761066173
8613,1.0269044396165126,1.4697315292572943
8614,0.37609840622180507,1.6590247949772867
8615,0.700668730877539,1.6421375727116838
8616,0.49580775113640874,1.1483377392023086
8617,0.6920022053313842,1.1630615682148837
8618,0.9606010144183048,1.1295205208701828
8619,1.1301044260037665,1.2918075030124134
8620,0.40149746473847814,1.1231772931416162
8621,0.8441064149617643,1.354102460320124
8622,0.6643495193322749,0.5394548836131292
8623,0.14678696567792787,1.4674626222451994
8624,0.5522846941468913,1.7769645441556043
8625,0.8011103046279865,1.2160542733608941
8626,0.8448348987828447,1.2726112392779716
8627,0.447017468892428,1.5824137661361626
8628,0.5078773662627319,1.7856848327416646
8629,1.110819193419377,1.1301942043045052
8630,0.9448288833528518,1.7213050235759315
8631,0.5468637840564661,1.1443690251534013
8632,0.39033338728422107,0.7529279860009694
8633,0.7941605802067522,1.5635826943194524
8634,0.5324203490086157,1.4195533947799492
8635,0.583409116002655,1.5436587464436418
8636,0.9212483627778513,1.1156258618922144
8637,1.2642360781676603,1.4951446737415677
8638,1.3580670744674166,1.500136194867292
8639,0.4831787489886916,1.542765095229687
8640,0.9482100306247778,1.2363560885416338
8641,0.9688824382284741,1.5827953182916155
8642,0.6332625122348902,1.4730660343345257
8643,0.4932036924809248,1.4330181889897042
8644,0.417391567897305,1.5609388389454315
8645,0.5509594297512733,1.6752266603321075
8646,0.9425270881481816,1.062915043769082
8647,1.3446543926381673,1.1675998298564205
8648,0.4168590160496885,1.5791242132867136
8649,0.48679468641758933,1.2284264534845368
8650,0.9566197626056697,1.8992083342216797
8651,0.38182335585800786,1.3704526737074358
8652,0.2184199633952687,1.3283096972012487
8653,0.7650336010632162,1.0011137977143494
8654,0.28857752024648453,1.1291145062329577
8655,0.662974338837583,0.9201481759389878
8656,0.9897119432673288,1.5619258858511005
8657,0.6159711801547374,1.6862945124935087
8658,0.19638609119428593,1.7173631997788252
8659,0.8307047768202729,1.2518171560204023
8660,0.6090595028103883,1.622570072867151
8661,0.16172479401562534,1.073086846965468
8662,0.5244955354465249,1.495574291627622
8663,0.4748135768158785,1.2335936764002984
8664,1.1076977373218133,1.0817556784899198
8665,0.913075326209685,1.7582065987358537
8666,0.44667236358513673,1.6729208396187452
8667,0.5490581500792802,1.7306534856472195
8668,0.7260806191520504,1.2337866389275614
8669,0.7067578173821947,1.2120035169958223
8670,0.4517684514750191,1.609028605528018
8671,0.2886525329250263,1.1717485348318428
8672,0.7846394229167386,0.9086996836214603
8673,0.44922386161621103,1.1783123160458482
8674,1.1331452714326076,1.0946948733527808
8675,0.9852783528439403,1.335260181136321
8676,0.5286233268111405,1.167689719231523
8677,0.7197307363247495,1.5370318879259532
8678,0.24454299594170958,1.6528484458119737
8679,1.3172066185846405,1.6478147157115839
8680,0.7470150609621324,1.7709867567806934
8681,0.5621380619021373,1.5567403148093812
8682,0.40286023431730145,1.3587548062571135
8683,1.3800577842254032,1.4776788438192394
8684,0.6148997271445537,1.59210136478958
8685,0.5482876039511015,1.3145668404512398
8686,0.7971593735560185,1.5898144824745204
8687,0.5152324624530086,0.9786405515856047
8688,0.37688058375989303,1.203609996043605
8689,0.5143162502094512,1.4253705182935987
8690,0.8763557142479176,1.4487005993673474
8691,0.5359710328643206,1.2838370433232995
8692,0.23207605428659533,1.1474500470143756
8693,1.059339987510765,1.144279060719159
8694,0.5233025875680614,0.9634091167456815
8695,1.2438954410246619,1.44383945434926
8696,0.4603248859217337,0.8958591039810115
8697,0.2984669743548561,1.1957876972729582
8698,0.8120814984442942,1.2738822397505096
8699,0.6557226356378607,1.6678837974422827
8700,1.1216140154492098,1.4345201747132297
8701,0.33335553560137815,1.9197091236873343
8702,0.792481588073472,1.714749245350756
8703,1.2991525476834154,1.498428707369389
8704,0.5798767707120106,0.9584315229648446
8705,0.49503502307217684,1.5024035511567346
8706,0.6430079713895397,0.7883917194732899
8707,0.25834185397753257,1.163867020365033
8708,0.6101070581166275,1.5537426302936905
8709,0.5850945579008899,1.0550917187765043
8710,0.8692091427587069,1.1569048381125007
8711,1.1852796440804028,1.0579760574285277
8712,0.6059256946834414,1.235822872802331
8713,0.6143267302247514,1.7103909619048445
8714,1.107327239332125,1.6713259517482235
8715,0.15054063003488546,1.7240070309734772
8716,0.3719948107208663,1.3239257935142774
8717,0.4143655273683035,1.0889842621154537
8718,0.6825467572286837,1.4945633720568203
8719,0.6821294136970565,1.385911297295618
8720,0.364625216806398,1.4500377641378686
8721,0.5589180077775339,1.267971534051264
8722,0.4741849578223337,1.3929626273492866
8723,0.4316747810961056,1.598466325830421
8724,0.5570355895459272,1.4081817713587363
8725,0.12344919553950033,1.6510815450472949
8726,0.7554099581289876,1.544737965516965
8727,0.7339061339342274,1.4223151575995572
8728,0.7899344886762415,1.1552963965334628
8729,0.32687992689747286,1.6475398775731291
8730,1.3623582527144802,1.6930177334962737
8731,0.6118610164276951,1.4607997905129946
8732,0.5448148219310557,0.9042941503863495
8733,0.7491843239173576,1.0676927206368856
8734,0.278130076039624,1.4602025256396935
8735,0.6813919027729841,1.4926556291326754
8736,1.2389518704964326,1.642480280416403
8737,0.24048398113753072,1.5001400673175243
8738,0.735615887633823,1.0493976364039335
8739,0.456562928163115,1.365884496968024
8740,0.7413159913474833,1.3631318103870327
8741,0.6298096949190807,0.9875482843461536
8742,0.5278177646713917,1.2927262781833013
8743,0.9143865543498542,1.1119395190099635
8744,0.9427309891735778,1.5451477804358036
8745,0.905327882058893,1.4641722590809314
8746,0.9850088216853505,1.6346601844524957
8747,0.7341289913296412,1.5897142447141368
8748,0.7702571874302044,1.2756517805415193
8749,0.18575121272214715,1.1747443252763143
8750,0.9142618094731815,1.2308206849655
8751,0.3378463348700555,1.4235520301270936
8752,0.2992306798372897,1.2184453364408094
8753,0.6159111045380612,1.3342672258439336
8754,0.5346651827902378,1.3713044568306079
8755,0.5201005059227749,1.3449224121336252
8756,0.5120026598487708,1.0347163589901835
8757,0.5647291713203179,1.0581113134819482
8758,0.4927953404621527,1.472969852606271
8759,0.817193061879712,1.2638495414596491
8760,0.5225459821447557,0.9590144352396857
8761,0.5641620711595846,1.3817416594783207
8762,0.7882044612190173,0.7842296032090785
8763,0.8909921269288502,1.6692266276032366
8764,1.0491731037126655,1.3785909311741862
8765,0.5303073019507324,1.091318616490593
8766,0.771409823722289,1.4433598588127414
8767,0.7488237878645505,1.2962047618542494
8768,0.7725573123954128,1.404108617862479
8769,0.5752075918915246,1.2044480835335651
8770,0.5656291690501154,1.4291041585807243
8771,0.6338924391708789,1.5483882222583034
8772,0.8428448699657588,1.5492418319738843
8773,0.47721003627177333,1.2938941033113212
8774,0.6597734935042523,1.338070279438039
8775,0.7817428588733826,1.1659318450693426
8776,0.35451529553937217,1.0283629937029901
8777,0.7257385427364262,1.2740914406996062
8778,0.9433631066227444,1.2296223359015803
8779,1.125769444622044,1.556230387445862
8780,0.6393153004198622,1.2503687904942324
8781,0.30152899662980825,1.4155343921015544
8782,0.7876748000912221,1.0643187640677703
8783,0.40760014351805973,0.9962480802361338
8784,0.7166070491015881,1.256094258161312
8785,0.6096800343886355,0.8529471074387662
8786,0.33005949188454187,1.2138472634852109
8787,0.6270168181018835,1.5266702389594173
8788,0.07228207895382845,1.1962120712666073
8789,0.2985875039311882,1.44641287338521
8790,0.8910262919191175,1.4687945920786691
8791,0.13592240301994493,1.6841982319831041
8792,0.3921561843126512,1.204418093916549
8793,0.5271925494517585,1.3464046921046897
8794,0.7193182411264436,1.5298716998948045
8795,0.3967601248294758,1.349979886260194
8796,0.5050612340192236,1.7213454718132115
8797,0.6313815147139942,1.473028820054377
8798,0.8977597791935873,1.6795229141737493
8799,0.23080250923578377,1.1583002519211472
8800,0.5871025595650842,1.4788319187987784
8801,0.4196103291107979,1.6893203648992157
8802,0.38881487986049723,1.2771814583033496
8803,0.40128363925366906,1.3700454051162716
8804,0.7648571210643363,1.4928902004318079
8805,0.6385016146224874,1.6697659333745594
8806,0.7257938652243806,1.7031320575018758
8807,0.9122661019703201,1.651776683670494
8808,1.2412524860624323,1.1805149416682588
8809,0.4580952331443515,1.0919229175174823
8810,1.0759999560956905,1.1903533435923572
8811,0.8456620793588153,1.2209578698615695
8812,0.3108363064889456,1.3716458224565136
8813,0.3066116191607596,1.579272399169759
8814,0.6854594887143326,1.3741876837179188
8815,0.7883993201647856,1.4984631744307688
8816,1.3278722272168884,1.8609757024589482
8817,0.5087518600515265,0.9761697464470378
8818,1.3209156745723618,1.7030743006349405
8819,0.28461262638625706,1.0487574568107838
8820,0.7264567084132681,1.6543896117225958
8821,0.2976186362785341,1.4530638027857998
8822,0.7786601484215869,1.6335116630987279
8823,0.7734172570912242,1.1747399745467928
8824,0.35875376282444554,0.9377374351041916
8825,0.6606076914631983,1.3417281982713511
8826,0.5206269212424206,1.5646704978052743
8827,0.4480765396271386,1.5020992335034695
8828,0.702155281921963,1.6846633354172724
8829,0.43720806017502845,0.8050272444262445
8830,0.512919964723281,1.5615553587900366
8831,0.6886830324180525,1.2678476500638314
8832,0.214232139598095,1.832400960998793
8833,0.2902960613174992,1.1331250150395078
8834,0.9825105678000134,1.445430920249347
8835,0.4737600419287168,1.169724897113341
8836,0.8920669386072226,1.8182331331775414
8837,0.8782453310336806,1.2898808506505115
8838,1.6782219608720343,1.3040219312805434
8839,0.3446977945400112,1.0368870122598401
8840,0.3500210328309225,1.0045236769532928
8841,0.4505313553346125,0.9654306895902618
8842,0.5683072285724523,1.4324220946347803
8843,0.48404936129634174,0.9082530540603688
8844,0.3646111172676645,1.1943604441998705
8845,0.694914536863852,1.6884497424890688
8846,0.6607387623680695,1.246449592219102
8847,0.5683193374827614,1.7480625935673093
8848,0.6383892160955531,1.2540237300068577
8849,0.664252066293682,1.3165467673251192
8850,0.47532479197836797,1.028438589669503
8851,0.4711344336385836,1.7742301234599056
8852,0.6213104703153581,1.1724920920974946
8853,0.11310071392030573,1.3995091058463733
8854,0.8328603803343657,1.6742718151902414
8855,0.335985380647273,1.8082880466097484
8856,0.497198016947554,0.9875679047399579
8857,0.7182430245695887,1.6618842776033511
8858,0.4894118641270565,1.4423004071127756
8859,0.2821865235291823,1.1734272716301613
8860,0.6338011925291133,1.6598552814941416
8861,0.36150641441580156,0.922630519829065
8862,1.11574272168735,1.4255155068822
8863,0.5735328320421176,0.6440108405856269
8864,0.47949985381293103,1.233241283561922
8865,0.4458703201058505,1.5683215022162134
8866,0.804339383570115,1.1203889865670664
8867,0.5729737221354763,1.633647041652492
8868,0.3719889974147291,1.5883903107496713
8869,0.6450570894256078,0.7996872259364485
8870,0.46372830327894765,1.6834470272462965
8871,0.9461513834656825,1.7344372118727718
8872,0.38648730893284333,0.5835233436477987
8873,1.0897737360718505,1.5931364727374577
8874,1.003772307209583,1.5588040521071425
8875,0.5953640578899281,1.23199144967449
8876,0.7145381578110027,1.310698332814216
8877,0.8366526522680576,1.1202110858476086
8878,1.1439291040967432,1.108602400177046
8879,1.2899427835975323,1.0693441170451896
8880,0.9809581466659533,1.222045590712126
8881,1.1563166947384662,0.887418376718397
8882,0.5523955089975904,1.4350599617015942
8883,0.4022002841676696,1.5132186458606574
8884,0.3472582913677493,0.9318255446163024
8885,0.4823734204245845,1.2205062643725546
8886,0.521581402077362,1.657629298056827
8887,1.0107423329234124,1.5592747839618217
8888,0.6770814725798593,1.1329101116309355
8889,0.40382889690435575,1.5795709906233082
8890,0.8483642837854481,0.5771857851424789
8891,0.43808152953291524,1.3178256237706614
8892,0.6126705832294203,1.5617573136769
8893,0.80234969820364,1.4015856573064847
8894,0.4901052841681747,1.511415382346428
8895,0.9013655024659846,1.5028120244506646
8896,0.45545039815185234,1.5891042901835641
8897,0.398688809607115,1.2636607907938777
8898,0.486978518121254,1.098525884011841
8899,0.4626843639433662,1.3018106486183911
8900,0.6247270088214313,1.3245695005266858
8901,0.41963821971212617,1.563823774358259
8902,0.7373572861731731,0.925336283263299
8903,0.7167216259241429,0.7917649586254769
8904,0.5118320178542031,1.4351314288702919
8905,0.28803158607139184,1.1418733459240529
8906,0.36233586186533057,1.0994107035328935
8907,0.43310420117493165,1.543089257275798
8908,0.3692195249031955,1.5260329055558763
8909,0.8888879880935416,0.8255671064168721
8910,0.5786758063901756,1.3416359934404913
8911,0.8662840282262647,1.2560925286937803
8912,0.2430828177121055,1.533832481495033
8913,0.6420602877091612,1.656709856600268
8914,0.6659240096556928,1.2290141796867675
8915,0.8745976085235958,1.5615896750370313
8916,0.8660093573325962,1.3019498876679045
8917,0.6136599896305857,1.2148197149215891
8918,0.784965285607522,1.1270397184675855
8919,1.011261551816083,1.2743306612089433
8920,0.8108469476644076,1.289696303776028
8921,1.0351272217989926,1.3771496215109158
8922,0.9980115024010894,1.5782128393990222
8923,0.4740362178838344,1.1101834514300122
8924,0.5509846597139497,1.0825584741060714
8925,0.5963331112521777,1.2890046334592096
8926,0.8601920314952178,0.9009997194468375
8927,0.3871497612220639,1.6535769472031123
8928,0.5910544111717004,0.787772274664601
8929,0.2797541688585091,1.3659102970361825
8930,0.506824618416481,1.5198069105880248
8931,1.1521823291114686,0.3433802258511547
8932,0.5618515440833816,0.8073752873217337
8933,0.7612463595834901,1.7512677058203543
8934,0.8196361577871728,1.6306000829747067
8935,0.46901681768291903,1.3568208837521165
8936,1.177540742626792,1.1824600337195548
8937,0.5873550817752404,1.3532902758677663
8938,0.6416191643209412,1.6922739611520472
8939,0.7017875564916995,1.5283115966673089
8940,0.9172299317675576,1.790412055986059
8941,0.7466346802211637,1.8632401698234877
8942,0.14599574420749964,1.3090104979245414
8943,0.1947418606595971,1.441370432250555
8944,0.7424339587890887,1.2287770732978447
8945,0.4483219312441783,0.8570206447522157
8946,0.2558880409290294,1.3366217862342866
8947,0.355306565923224,1.0350177510756446
8948,0.2767335842484761,1.8205801151570924
8949,0.895089077220685,1.3865470790210002
8950,0.8938324110429687,1.6072303350465105
8951,0.8434218173315806,1.3926976453398927
8952,0.7219338761939218,1.169526524429474
8953,1.4633338082332215,1.3315731183970754
8954,0.20276496383035422,1.1641808918034313
8955,0.5337551916670534,1.1571318235101045
8956,0.6923297964744275,1.6569166539470752
8957,0.8453277791861913,1.5268412366515478
8958,0.3397857878310969,1.8698920978876714
8959,1.003994420190774,1.5461157926217926
8960,0.9712388369539333,1.846474342291984
8961,0.5867697094321912,1.0118101963615178
8962,0.2617363013554677,1.7029843232620778
8963,1.1431775577784398,1.2899262580515718
8964,0.3136882109778828,1.1787236117461517
8965,0.6067040021081493,1.1926138098461514
8966,0.7428887295886774,1.5196211703023053
8967,0.8269584064112865,1.193213309011581
8968,0.8243212264970209,1.3510300035051377
8969,0.5516430401828503,1.5329832475839087
8970,0.9418596826347867,1.4429902641463772
8971,0.28197444792349835,1.2266655825470316
8972,0.8464746996189683,0.8495498953037512
8973,0.5585729663681561,1.6419992389975953
8974,0.6602683843697444,1.3807918613726815
8975,0.4786742130533298,1.6180275639306225
8976,0.47435166212074353,1.3750716667000966
8977,0.5934973921897266,1.1656594373498224
8978,0.5583137002676543,1.1312748680936537
8979,1.1370038971781942,1.0981219598758476
8980,0.7925878094005723,1.6198449601798137
8981,0.9512656012958988,1.4939010000255961
8982,0.7241857226108297,1.0330751620177316
8983,0.15350563007569257,1.3617943791766747
8984,0.640843795497489,0.6034403344186754
8985,0.4234957754819676,0.7946704755632956
8986,1.114846521110021,1.2821111314428637
8987,0.8197796041803805,1.2420099116408212
8988,0.6339525104876441,1.3378200210960705
8989,0.7908947807499903,1.4590766388168697
8990,1.0927057592874803,1.4486888627378594
8991,0.2050760072449449,1.2667907954309532
8992,0.8575294955931406,1.361019054191695
8993,0.6376015315691961,1.096829725881269
8994,0.3562630859056349,1.731911506053984
8995,0.5754066053129738,1.5205571824509736
8996,0.5863736798147888,1.0100360460381261
8997,0.8735096910854236,1.762043003463629
8998,0.39829093618436345,1.6206624233639702
8999,0.27273401017090304,1.4899246286758863
9000,0.665870611827557,0.7946976818673719
9001,0.6654706057567017,1.1998527104716765
9002,0.2810982722498568,1.2094181373902368
9003,0.5304317584376081,1.5206755449964922
9004,0.5139137244396561,1.42735939252462
9005,0.3176510430694314,1.2159035949802948
9006,0.5944822819065166,1.4221990195432033
9007,0.7662593017772661,1.5859811254465734
9008,0.6600059508762594,1.6326328759670845
9009,0.6427558796110909,1.0887260770437712
9010,0.37451514152512083,1.2854388917667832
9011,0.5444495031220674,1.2283855659169522
9012,0.5284033871185734,1.259649227671021
9013,1.235278610711538,1.3638788061849652
9014,0.21855069077070272,1.5070647138132116
9015,0.5183920355969318,1.5757700035146545
9016,0.7632340685801509,1.379478894127116
9017,0.2854817899528057,1.151432336707375
9018,0.9340083598626577,1.4067741601641228
9019,0.2392946206938488,1.278638455298188
9020,0.5409095481782551,1.2832249207862436
9021,0.3069531282450374,1.7479289274431031
9022,0.38730859726844513,1.018287855142137
9023,0.6682281357957595,1.2914187574081728
9024,1.2770030336633882,1.1670464072550275
9025,0.635812379407475,1.7162739434152965
9026,0.7731748128440215,0.8982443850149775
9027,0.4687766866714772,1.38419888437217
9028,0.06745117581995708,1.3381947189338428
9029,0.7969055244652636,1.5316166190363032
9030,0.672398389922356,1.6472082297926394
9031,0.7591407926524228,1.848596560832233
9032,1.0711892661934153,1.1360080610933225
9033,0.7378876630672935,1.579771617216055
9034,0.8102881029130213,0.8107613909695173
9035,0.23551069231106683,0.9194732834626957
9036,0.24906583087603396,1.1919832924676657
9037,0.5254708061704488,0.887771508789422
9038,0.5676557033267807,1.5049363145767292
9039,0.6915735703835706,1.3603758222561373
9040,0.7713696030837308,1.617161772621069
9041,0.7729753948537109,1.1821888096529003
9042,0.2207908379509778,1.2046838464358927
9043,0.7867300427415949,1.182216566954501
9044,0.34067198762407014,1.3192932819840264
9045,0.6229428526170311,1.3251602727873353
9046,0.8317557678238712,1.6434559613733084
9047,1.1871654788689086,1.6858045381348357
9048,0.35601051428618063,1.3569437538636135
9049,0.6822266765064035,1.40254478940897
9050,0.5300402310068884,1.0483396245167538
9051,0.6376789010033257,1.2377220908245792
9052,0.43069293993963625,1.8054528384624233
9053,0.693648567486261,1.4204037131843574
9054,0.8168924165402461,1.4548480343511359
9055,0.22310748785127882,1.6208333457383424
9056,0.6809012779614698,1.4804990602784185
9057,0.8514813558049592,1.130324067898921
9058,0.5068754735470336,1.7107654779633596
9059,0.43323458273299953,1.4604304956098741
9060,0.24876680796761888,1.823777323317224
9061,1.1610998811798838,1.7198979175778573
9062,1.0487842783130603,1.2033228609363225
9063,0.49842520959752473,1.384106844200229
9064,0.7068494844136769,1.4563933035806138
9065,0.12656839502163206,1.1725827020075865
9066,0.5089397261449015,1.1627097206780936
9067,0.5913054030211196,1.5485451513785473
9068,0.657275092383947,1.3689088622573768
9069,0.7554880771989261,1.30705789129544
9070,0.888323872471697,1.6459984124328684
9071,0.37138896465973,1.5966970051584817
9072,0.5769616160158441,1.3428621997088697
9073,0.9152277930579862,1.5009017357029253
9074,0.181748719965018,1.4797332771488634
9075,1.0464743810035892,1.129066430143876
9076,0.20516991146997637,1.2871022577005387
9077,0.7643475047308869,1.371691785232266
9078,0.7927302896371083,1.4357656067443607
9079,1.0200910520975845,0.7957314616813111
9080,0.48011391573925977,1.430182003483875
9081,0.6064696852664455,1.3422635372938514
9082,0.5061804676712892,1.4216724871688187
9083,0.5050138797441671,1.5437598558054952
9084,1.013814411708741,1.3298436486105714
9085,0.48665727511033924,1.1788192939069702
9086,1.1822135621459442,1.3315340489254086
9087,0.5147577220400577,1.727418784521776
9088,0.599867923846652,1.4360993081468663
9089,0.8662257758597495,1.362815047234501
9090,1.0714755141709928,1.0117265552520422
9091,1.0930857202597835,1.339794772792776
9092,0.5280362546746524,1.4087048312388324
9093,0.8072833188868301,1.6754003978551075
9094,0.4347602839250259,1.2628960949382324
9095,0.49985012549468893,1.745267356148562
9096,0.7487936170797341,0.9530461539766828
9097,0.9444781776800563,1.1409298874787748
9098,1.239137415861491,1.6321440162931975
9099,0.5809981754902122,1.296364821250883
9100,1.4959195394872258,0.5519103591465719
9101,0.6074328953338644,1.262149822126077
9102,0.9047286494340135,1.643163698631478
9103,0.48742782332428947,1.587008666914559
9104,0.55572929053715,1.4799587267781362
9105,0.5094291405622925,1.461979690323639
9106,0.7514783331850641,1.6724335369827887
9107,0.48870734309588726,1.3663686549121055
9108,0.4698650431222756,1.4254175694635949
9109,1.3326469843733246,1.3381992313817554
9110,0.43569617266570076,1.6757522304967902
9111,0.26531135020556723,1.114772665954086
9112,1.3049789799784688,1.5249535936850473
9113,0.7381919423885338,1.2933888661855155
9114,0.6281759435076618,1.5909225111597356
9115,0.45389052747528613,1.3949411580204019
9116,0.39343368687124514,1.3324051666780512
9117,0.7715860025224914,1.242562414343022
9118,0.2531280878493795,1.0885832804961024
9119,1.0141387514577702,1.2227690267450544
9120,0.8654433661408049,1.0763948065912379
9121,0.6872680552656875,1.3509819879716294
9122,0.23580600326504386,1.2684379329167026
9123,1.0919886950259028,1.7411327011017286
9124,0.3368531539983189,0.7859029977580814
9125,0.8403527412317375,1.0943585614690554
9126,0.9398839913787945,1.6178060423159106
9127,0.9659348185084823,1.2058084149890549
9128,0.4808932660242503,1.429182769319483
9129,0.8350187972948149,1.2450206907693122
9130,0.8428851641951745,1.2792685834200586
9131,0.9892539631312438,1.0674510966078654
9132,0.9248658321613541,0.9115929141201717
9133,0.7716490127184844,0.8231823222882406
9134,0.6599212337964695,1.8676605130219666
9135,1.0490134400059605,0.9881021548026323
9136,0.5578773282639142,1.4472990880002086
9137,0.6241806576260884,1.5776488192304157
9138,0.8503434502818921,1.4555927449024848
9139,0.8738249441615503,1.3715960352478085
9140,0.4660043015625412,1.413002040686924
9141,0.3555239142143086,1.0035027265712775
9142,0.3744991515940484,1.5039840751860158
9143,0.6531999602920096,1.4335283494828768
9144,0.974256992259907,1.1495561336788613
9145,1.0977607816058326,1.5648570673775015
9146,0.3438397591665882,1.3154929037150103
9147,0.6369152728259172,1.2200767202991236
9148,0.6313259226398242,1.3215507039547152
9149,0.09635811650853579,1.3416912919457729
9150,1.1601404737749152,1.6081873567901663
9151,0.9588169080239203,0.8658235661936418
9152,0.5112201701618193,1.5459008429269419
9153,0.1053769122716917,1.3063953304853164
9154,1.013722407099219,1.8045676699821516
9155,1.2880255267718324,1.2993346844547862
9156,0.7997415380218694,1.426754486802527
9157,0.7615709478262407,1.382498378097032
9158,0.5914892303424211,1.3134966422967247
9159,0.84844357966091,1.7267345998531143
9160,0.47115803665480077,1.1533008410152936
9161,0.8574110548458638,1.0637309634162229
9162,0.2977470052622369,1.2668996810334654
9163,0.36997302483183087,1.6611843482569277
9164,1.51313389071102,1.8026930825077634
9165,0.5749632331784899,1.7909259010204177
9166,0.32188613881513706,1.4726737429230659
9167,0.3998005684026802,1.4889358335827056
9168,0.6593348951818517,1.1469906343098208
9169,0.8342003735857737,1.3751191267274065
9170,1.0084657678398063,1.4647626547870967
9171,0.5010861676006979,1.3797635385005411
9172,0.6621844843391512,1.2664494101334378
9173,0.8154942872594213,0.7220201885716673
9174,0.2111904329602442,1.5255502410475352
9175,0.4435656497135352,1.5200629206163554
9176,0.41594260779967046,1.3804796998176134
9177,0.5010581720086255,1.2380261166133568
9178,0.9543690460442149,1.1901575435977418
9179,0.4569481463445952,1.4591086870386083
9180,0.8506974199327271,1.0714375337010376
9181,0.811710311309972,1.243380843386157
9182,0.6547453694686617,1.3480399028901382
9183,0.6326493222293593,1.2168121015646616
9184,0.6226892791457262,1.7195538142108022
9185,0.5335040358499863,1.4357671024964695
9186,0.4369762551739957,1.6408625798521266
9187,0.6850203856888933,1.1747235608105075
9188,0.5355133840341295,1.5118364213230762
9189,0.8981880107523733,1.3757920659495175
9190,1.048518408503602,1.739506026021958
9191,0.1384608897954524,1.4397819710705433
9192,0.4545127614744495,1.007615337829532
9193,0.9155774713130267,1.1396446816435124
9194,0.9254712662258185,1.5906201736434706
9195,1.1305898406291355,1.2604703874133336
9196,0.4203354362694571,1.5599117124856738
9197,0.45394554845463314,1.5160730135809464
9198,0.39962421787202024,1.2240423037408887
9199,0.7421864896974742,1.6065332731814883
9200,0.24550365075191072,1.1137548098093704
9201,0.34987427576117636,0.8478920612987453
9202,0.30241618517389646,1.6006148690606137
9203,0.4993708864312798,1.4076749240148074
9204,0.5415738981113125,0.8950788008854895
9205,0.9458344517034539,1.7496200592483562
9206,0.9643361957769826,1.719349694440556
9207,0.9403520893601509,1.614005175878569
9208,0.2525637466927298,1.2017051219615338
9209,0.9300764426925402,1.5026956431307426
9210,0.3956875226512932,1.45075769624481
9211,0.46699866768433096,1.12901512715072
9212,0.7359786917485315,1.0054391519503714
9213,0.7798834516797502,1.540391160283892
9214,1.1626148239497793,1.003722742258185
9215,0.33231786948846814,1.4388948192261362
9216,0.27067808290561274,1.2147263793113434
9217,0.561779095996306,0.9677659173550603
9218,0.37003782990489553,1.4090803048329557
9219,0.5109667931886356,1.5046248116282706
9220,0.4517376474487939,0.8785276109793845
9221,1.4330268142528728,1.019005618980878
9222,0.9386748401333043,1.0561651149438664
9223,0.9831048726720443,0.8830940383690407
9224,0.8469883486905764,1.5238411563108092
9225,0.5630839955683343,1.7322410420371903
9226,0.2048317078374399,1.5619518441847218
9227,0.42874243805602297,1.533981564529189
9228,1.150917320675628,1.6568138016475633
9229,0.5435041301145556,1.070717123973783
9230,1.0235142484916866,1.6415364037028943
9231,0.6312376952090931,1.36201247575183
9232,0.6838470677421151,1.5391958399582353
9233,0.6875837962459501,1.4212330892976268
9234,0.18961044200879576,0.9999008510149909
9235,0.5650438839000463,1.3496502591915847
9236,0.7926917925960179,1.3375199771792012
9237,0.17925881722098944,1.7535841549246514
9238,0.5360950694921941,1.0902826779986083
9239,0.6677023699015172,1.1771856066924815
9240,0.22733898660324792,1.318438318001422
9241,0.18622793168888976,1.6092079586973884
9242,0.16685392859182493,1.4409723125522493
9243,0.20807822419496383,1.3296761045329255
9244,0.458245817110237,1.5835485501063071
9245,0.21889735448935926,1.3890499129106413
9246,0.5086471120830667,1.2688068216165944
9247,0.09435412607565696,1.496212426399774
9248,1.0111795140138482,1.7167187320321808
9249,0.2760582715831378,1.1352014242495707
9250,0.6263712045093482,1.7846871464253258
9251,0.7351590385437757,1.5095249267434907
9252,0.8962669184668233,1.642256325413114
9253,0.23395730901806527,1.244478624085716
9254,0.485625862357823,1.4933357323934553
9255,0.4037957241088745,1.305479974487758
9256,0.4966997368740095,1.254582938251693
9257,0.6278311994021719,1.631975320619292
9258,0.37756678564270274,1.3640302129049628
9259,0.17063288732754897,1.5115419659591633
9260,0.9848857995798225,1.5445422989944033
9261,0.18247412016383507,1.5039024591968144
9262,0.7696953923028184,1.0949943444667734
9263,0.894997717045329,1.1785014821399225
9264,0.7639039921532045,0.736120956839555
9265,0.4179565599265101,1.025316017960593
9266,0.7876132792515752,1.6732476157178098
9267,0.7437557903144448,1.4027474383549534
9268,0.8429522273200519,1.4766638339774327
9269,0.42664076394201206,1.6627193884558045
9270,1.108317878507882,1.3457766572941727
9271,0.3554371441771889,1.6817187341498852
9272,1.0194474410824994,1.2736589104968412
9273,0.38527600332592854,1.2901401242046124
9274,0.26048182168097733,1.0939457219721325
9275,1.0350008493812162,1.1087492363971474
9276,1.1282346907171827,1.1487967713915452
9277,1.055946335250196,1.3233307187042747
9278,1.0020206509264746,1.076305233870427
9279,0.228439843036063,1.4933623445805615
9280,0.5424406421074119,1.5688576048835658
9281,0.4762349726323291,1.0708125816879934
9282,0.5620136031206802,0.877748495146992
9283,0.8754475409733143,1.5195673896456694
9284,0.8267619181187432,1.2180155947601405
9285,1.0553278697491215,1.219821972291815
9286,0.911036947194807,1.5873508818450857
9287,0.5065172018051435,1.1395341768178378
9288,0.5361719087246506,1.2152876128119892
9289,0.6828481327659586,1.2652045909486622
9290,0.46100030042005324,1.4240607940514174
9291,0.3875995129019807,1.7945321679885073
9292,0.7420227456159364,1.4040977154316818
9293,1.007561208976128,1.1780168304907328
9294,1.3587270631596378,1.1418223518395056
9295,0.2748839368501985,1.2019841678568102
9296,0.7193879094327448,1.5401318325105833
9297,0.8147897985345898,1.4553624331055852
9298,0.52126767225382,1.1968835792216925
9299,0.6183518608642637,1.4627980136244343
9300,0.6780362259968128,1.2521181052272965
9301,0.6626589420287025,1.3178147010055075
9302,0.722009436856184,1.6992772935434448
9303,0.7728861909729149,1.6600358767369552
9304,0.6816513924021829,1.0378783504247597
9305,0.555803868630637,1.0334368403082048
9306,0.5222302053916437,1.4391104835659632
9307,0.7138798554049668,0.8585065385198352
9308,0.6741285796996832,1.3262053607476538
9309,0.41282055061211737,0.8382449679358313
9310,0.2960986033596196,1.3843828224606582
9311,1.1549863213564844,1.5637984659990485
9312,0.9569667309654647,1.3294400494291372
9313,0.7545769309012964,1.8174808716039759
9314,0.5844105183834495,1.7015959777229228
9315,0.39319930565564637,1.0489691344084275
9316,0.4788485718802904,1.6544586239055317
9317,0.5730358475985579,1.3518363778181206
9318,0.6117547083364988,0.9341507010070738
9319,0.7711544236791907,1.2649773467699437
9320,0.5889308968417082,1.2635011988024119
9321,1.380837162436669,1.6208236902288935
9322,0.7400183911597772,1.4325523628594174
9323,0.7708384815517042,0.9117960050495288
9324,0.7664624000994337,1.6409927695753543
9325,0.3778124912959478,1.409250734328147
9326,0.7759530952940012,1.488138759262562
9327,0.3944111440304375,1.390072567701821
9328,0.497113062341024,1.2645544889141656
9329,0.40352681730931295,1.5292895245995217
9330,0.6832507931262898,0.9379219300928683
9331,0.41684900417795423,1.5581464533371994
9332,0.9354523682749492,1.254622419236921
9333,0.8603321351724817,1.6832292215103994
9334,0.4520851561729204,1.04037408832173
9335,1.0398518462287736,1.6562953021809605
9336,0.6696596718338246,1.3521403670634062
9337,0.16731300959475023,1.3207163118474077
9338,0.49052560189262945,0.9516774349299952
9339,0.5679010251735386,1.4697079230318795
9340,1.0485414313950736,1.150082885132343
9341,0.3356258998362802,1.4937361893406815
9342,0.6059258864438117,1.3978769193713987
9343,0.5928229544641268,1.6144394112686276
9344,0.551661026640385,1.1714094686752479
9345,0.7234743966074919,0.5674775762611219
9346,0.5990824276780529,1.481495997137452
9347,0.8042002585281591,1.7667894215835864
9348,0.7447572860226104,1.3710206702533942
9349,0.5872125278515601,1.3333414845832197
9350,0.8186357911015447,1.201934463938671
9351,0.7846921322330895,1.2968612774737038
9352,0.9587526505814297,1.434619478277885
9353,0.9829327007494107,1.0885427680805977
9354,0.36084420947538015,1.5041644281402595
9355,0.3705350827493752,1.2228048959341198
9356,0.9343350869625455,0.4116406117963016
9357,0.21079114715511296,1.5073123713552006
9358,0.42709964442310494,1.3027510521789725
9359,0.3318943219114937,1.4095344881799892
9360,0.740834587532459,1.7427778127661324
9361,0.39490585543655704,1.7053433149913662
9362,0.2133549957774203,1.343633893991651
9363,0.3104584964524877,1.4782583340842947
9364,0.5820126298912965,1.4112369289725555
9365,0.6967325278965284,1.605651027084655
9366,0.3611403162114034,1.667718843149893
9367,0.5023721533367588,1.739977605754869
9368,1.0869311784563453,1.222636466924662
9369,0.6245524667123329,1.3630702430341528
9370,0.7782408148712215,1.2982260416145581
9371,1.1157868499532817,1.6613603926905507
9372,0.5413530437966165,0.9318149260359971
9373,1.2329860547858047,1.6081592172295638
9374,0.8043786473371833,1.199653928556827
9375,0.6064331933556271,1.2284950845018334
9376,1.1207951143716213,0.788365610728373
9377,0.6232374348202883,0.930208504310367
9378,0.3340438095627267,1.6811420972285562
9379,0.5096907089769418,1.3126774731220485
9380,0.2818485275607914,1.238260566183282
9381,0.3115652765812908,1.4795385426023295
9382,0.9409562916134306,1.2135247907690467
9383,0.3927610422771245,1.462351857610912
9384,1.1500914721256372,0.7429030367153586
9385,0.3704159816262328,1.5594764186262298
9386,0.4110624846124868,1.3205014739051062
9387,0.7141632498654296,1.6966291098573412
9388,0.1888236129190561,1.191784888808117
9389,0.2568529108443258,1.475386539566442
9390,0.7352277536129809,1.0135194463639783
9391,0.1631899269702204,1.4030413195000215
9392,0.5854216750530131,1.2440441567279543
9393,0.9068593732126288,0.902541541832476
9394,0.31257629821594046,1.7794724725086861
9395,0.33020041435135905,1.7436891248035398
9396,0.5034535855449161,1.6373447684978957
9397,0.9101991320971397,1.1453863908869084
9398,0.9115616991216522,1.4876996539238991
9399,0.6806643271768833,1.10958899758317
9400,0.5391266187144739,1.2057508241889638
9401,0.818294845632043,1.1729963990740577
9402,0.570830742519534,1.2675584570541867
9403,0.48286726095637156,1.3681327065488411
9404,0.5261427210107287,1.4843935881820949
9405,0.5408975394005852,1.6557456497340794
9406,0.46925152202211556,1.303665909588577
9407,0.7039182086818044,1.3074862468092574
9408,0.8669220609249568,1.8287736313862903
9409,0.17193897165124997,1.0488697632366615
9410,0.6416873154251307,1.2669808331269765
9411,0.9076690326672247,1.7518930047830865
9412,0.5301814630994889,1.3279348570524834
9413,0.6639215242976575,1.531947164281608
9414,0.347117597714538,0.9094799443246822
9415,0.2310138757911039,1.5734783154634768
9416,0.764358519273746,0.9320892116468134
9417,1.3710303592233994,1.5147772895758136
9418,0.31464640810241395,1.4506699049324077
9419,0.6402778506450368,1.7084439565134522
9420,0.8687242896637951,1.6279762083969873
9421,0.31004425902814226,1.3786153575561801
9422,0.4372440533865962,1.611106755085458
9423,0.7659132226621156,0.9823626174312559
9424,0.21897513659739187,1.0895958618070247
9425,0.6396474539475979,1.4203789595253558
9426,0.6600713628557593,0.9942793004723571
9427,0.7019926274511147,1.572429893161158
9428,0.5970008622500366,1.3903258396268863
9429,0.7044368112070605,1.012532236620219
9430,0.35787570606647845,1.4693632640581566
9431,0.24300501957995366,1.1471756749553514
9432,0.580592967350316,1.0582339159805092
9433,0.8490255962847049,1.2500870824012633
9434,0.4089682444806658,1.1463696799557175
9435,0.2905800693282006,0.8878364064034778
9436,0.7532306503507948,1.3008855479716526
9437,0.6248054923020124,1.1393660555856981
9438,0.7618867013915869,1.7977310693070438
9439,0.3334733022369629,1.4044780056690955
9440,0.5230348458544273,1.5730555590591855
9441,0.5791860852243427,1.2761474053069954
9442,0.5176573281524998,0.7087604383951249
9443,0.4482771650794558,1.7337624210512812
9444,0.7695376231418162,1.6197245635128987
9445,0.09876645541171764,1.1138244678761966
9446,0.5170132817621188,1.1335374101098665
9447,0.5436502804015724,1.6289060124645498
9448,0.7396066809359708,1.3882695703745762
9449,0.33747920851920843,0.6693301367029494
9450,1.347723721229919,1.5194978223015256
9451,0.850809098729183,1.7017280374366859
9452,1.0806978666670952,1.1832614551463958
9453,1.0526285415348877,1.616203852229594
9454,0.7508741379632117,1.3531258425798671
9455,0.4402714170640853,1.0137995039198735
9456,0.4552551057268421,1.2398287746376004
9457,0.310810387367917,1.1055421667832865
9458,1.0281821556968278,1.3022563510343272
9459,1.157620552926111,1.5047794904265492
9460,0.2881924149178742,1.0490263290252653
9461,0.933408309648067,1.7318575238522973
9462,0.2764320532292584,1.7040025697000356
9463,0.32462321803262983,1.2524314287353069
9464,0.47696728932921173,1.1632129636630086
9465,0.7618980774751154,1.4090334010067807
9466,0.24085707583804203,1.19025437351258
9467,0.5308215598417131,1.7053767347533668
9468,0.3285551833081232,1.3945066370283108
9469,0.6824261286566604,1.2539034170232086
9470,1.2223863608869798,1.5970916437848892
9471,0.8168652661148991,1.1376936124230554
9472,0.5481892808136187,1.192318126018968
9473,0.3285959676492088,0.9982207047003142
9474,1.0092398373079952,1.0443944772711573
9475,0.293466848650275,1.1038593039034672
9476,0.7324782376156667,1.6074243162780912
9477,0.8544132812538533,0.9155016161083263
9478,0.580344628084934,1.2340259378843825
9479,0.7801599006064571,1.6759608595355946
9480,0.5303396079319168,1.5791264423990443
9481,0.39504348439581266,1.6977123232619675
9482,0.39352704721003057,1.2659925105511716
9483,0.8168750580941075,1.218290272324694
9484,0.7144671850900511,1.6850145486664583
9485,0.2519318708621793,1.042213144551038
9486,0.8508921265975395,1.173328186214456
9487,0.83196228483451,1.5402632362948874
9488,0.5889344029080554,1.5361834541353143
9489,0.6980680808112273,1.1556600861710278
9490,0.5840038489988859,1.6481309400717654
9491,1.1502546376307459,1.2764982343950773
9492,0.3385452778206813,1.1653574778682811
9493,1.1723705535944269,1.4232287829791095
9494,0.9231550790880778,1.2233009009974143
9495,0.5501708038921004,1.6783371066752784
9496,1.1064041948809962,0.9042352081724496
9497,0.7613833511212159,1.3262016398700058
9498,0.7447709786317805,1.5039753012712844
9499,0.3018815354140513,1.7804334341246681
9500,0.4470379599879809,1.3379908461698609
9501,0.8830371149658595,1.3332830171738534
9502,0.3987174328313091,1.6215444784292952
9503,0.9050075543111709,1.4244208437355805
9504,0.4938006632100592,1.0209965099326195
9505,0.36781506881360737,1.2200696033989895
9506,0.4028562972906299,1.2224566100060366
9507,0.8572323230675699,1.4840523869451758
9508,0.7250931959547663,1.4769095174545588
9509,0.2825267902725216,1.5388560633272137
9510,1.1587927514220373,1.26495155122888
9511,1.1088987508839985,1.385836361453927
9512,0.6176069988329432,0.8649105183797858
9513,0.38714288238621547,1.3405034623666978
9514,0.8904911184070142,0.684573287049494
9515,0.7598103492439141,1.4225030838843842
9516,0.8505783402112137,0.9246949160118372
9517,0.5735121453972045,1.2214945451260306
9518,0.9808745508021366,1.5366157662210906
9519,0.45859208482263936,1.0612242277978057
9520,0.7536672657251902,1.431961707833406
9521,1.1323821982478832,1.6230935518462344
9522,0.8648146987055981,1.604341830301045
9523,0.632418739053319,1.628761211655562
9524,0.5693991053871393,1.0680078558019008
9525,0.323708295972338,0.7404416564071519
9526,0.641526781431233,1.0893917956875707
9527,0.7079972362702429,0.7250426993967909
9528,0.6866215702944416,1.5736360309129487
9529,1.000762061247364,1.2990089058391083
9530,1.010583902338645,1.186415334639507
9531,0.5077514430031159,1.357610898288355
9532,0.652629953750954,1.3195654186662586
9533,1.2857444073135194,1.922002760788416
9534,0.6043257144451482,1.3045348934633605
9535,0.5756505184127768,1.782001210557083
9536,1.065334843464034,1.5638607635265016
9537,0.42707496542420353,1.1810368183704272
9538,0.41783831524854387,1.5097610832964259
9539,0.46485072668819244,1.6389816855220682
9540,0.45431667621086824,1.285000785768958
9541,0.5007564840958807,1.803579940673712
9542,0.6281671271603202,1.631535801134989
9543,1.1338714536379777,1.1113784812747718
9544,0.3215231296920246,1.6113730463063425
9545,0.3529400960479082,1.3992416073254663
9546,0.44011739129252947,1.3859278946101807
9547,0.7069866727007558,1.6335043073895374
9548,0.8159782800127352,1.475858157086963
9549,0.2312905028972193,1.5936754715858403
9550,0.7901265280321152,1.7992435144108094
9551,0.8617448519427876,1.415325659048099
9552,1.3369223663531602,0.9844799825191803
9553,0.7555622502900222,1.205642322933466
9554,1.3825002971963423,1.296128112185095
9555,1.0693550813403996,1.4843495309555266
9556,0.3020391424536743,1.548476399356012
9557,0.8366484572991947,1.2303673908665769
9558,1.3129552520829646,1.1967185885513356
9559,0.24869989032998727,1.6443142994558289
9560,0.5717496473838322,1.518945688969251
9561,1.004000495327094,1.7563586078805042
9562,0.7486673052736461,0.9937207469782192
9563,0.30195371120185793,1.400579085878864
9564,0.3933867871727405,1.399508427891789
9565,0.8345675924815091,1.6520654405852633
9566,1.319393139567289,0.9760073839850345
9567,0.6638828466244774,1.5429078112947676
9568,0.3719875685209029,1.3420172960085957
9569,0.8708524491209723,1.4129327384926285
9570,0.929715837702507,1.7266375748270466
9571,0.06556515411898746,1.4949054408021878
9572,1.3473219531250542,1.5808078304841446
9573,0.5899307688010952,1.8155617836112419
9574,0.5789480590748427,1.7601481151857663
9575,0.6848913102300328,1.183910158750645
9576,0.5000166294768303,1.5429546922400572
9577,0.7227343577752248,1.22613240287319
9578,1.0391552311256733,1.064325607465865
9579,0.876824087767377,1.378708073190581
9580,1.0672930919165233,1.2973495834142539
9581,0.5870922617181417,1.6525988411345065
9582,0.5438229786914184,1.719576015333994
9583,0.6485139073643476,1.0940556454644528
9584,0.46114981509518504,1.478882655537435
9585,0.8505257045226854,1.097837177088429
9586,0.33982790765469933,0.971189715432287
9587,0.6660505890716351,1.3421885669539373
9588,1.1737376852577184,1.3990820816875411
9589,0.3011882904423529,1.5812888735485158
9590,0.7688314721041127,1.025776497913785
9591,0.5194013468345939,1.544544826271424
9592,0.6083537759206826,1.800708279023219
9593,0.4200595529509309,1.4255332997344663
9594,0.8159840163700613,1.3779809264095109
9595,0.46193028847742285,0.8940134034546863
9596,0.37834194300114965,1.7755628399003707
9597,1.2132682698509467,1.4304321964558613
9598,0.3543086235043093,1.335045361908172
9599,0.647242150827495,1.1850720933427308
9600,0.5053669860346188,1.2676806812948085
9601,0.6709469055707563,1.005043952411269
9602,0.3519712569722762,1.8283769868165463
9603,0.9923670763739979,1.5575899093663248
9604,0.7558721153108613,1.5988366447143738
9605,0.48312334849733657,1.6221320832531527
9606,0.42186140587442794,1.1836432016308152
9607,0.5662666030624036,1.4969093508196678
9608,0.5258396819719444,1.3344224936790252
9609,0.3418414296380311,1.2848181657144386
9610,1.2678962884156235,1.3134146164063565
9611,0.8939668324657791,1.5801796579556115
9612,0.6977070252375032,1.6000220469602802
9613,0.7137614088216984,1.2536753334514135
9614,1.109681466058147,1.3617721272777696
9615,0.8205444760997261,0.9393494346525086
9616,0.8280015025147032,1.5272901163392762
9617,0.8322917289612122,1.2942660379917568
9618,0.23698269009262388,1.5245309157451732
9619,0.8737672517554835,0.9646928499492975
9620,0.44790660751329114,1.589457654294609
9621,0.8446348834945865,1.453909558827669
9622,0.7351186049737384,1.6978376761810003
9623,0.3078691641913664,1.4220237097408106
9624,0.15857113340554874,1.18298099219973
9625,0.8171105254075779,1.2173007400179654
9626,1.2065862567004515,1.1900472115265024
9627,0.6888110686893644,1.3899098332954503
9628,0.9864279844560803,1.001849687105182
9629,0.6982934030332335,1.5251827969564884
9630,0.7475194176881389,1.3866291142876417
9631,0.7264621095508228,1.0253855399178955
9632,0.49792215058346223,1.482307669904144
9633,0.9241868023595968,1.3222409288320447
9634,0.5640703864270836,1.2486715847689096
9635,0.4122008240488593,0.7944722440714729
9636,0.362077293421988,1.4039476861636464
9637,0.4639861418250216,1.361809507203962
9638,0.7088514044041513,1.043690146449311
9639,0.0531248017432308,1.7041723672530404
9640,0.8329723998624723,1.285124039481152
9641,0.7835295983657503,1.3211640739393122
9642,0.4372699292135723,1.4087876983521785
9643,0.4930132740432257,1.6893926540395363
9644,1.0353061921941575,1.4263304958624252
9645,0.9459949243263277,1.3104568024978662
9646,0.5546500885787558,0.8837818847231413
9647,1.3295015824510021,1.5822768918552677
9648,0.600967989292494,1.360202889284243
9649,0.9836296356574991,1.2570295903930613
9650,0.48921163004994533,1.5777082166130088
9651,0.8639313311076766,1.3267510196766334
9652,0.6736271316193422,1.3675271467974075
9653,0.6193439564167502,1.247822338109092
9654,0.5758463911699359,0.9176334789594354
9655,1.1874827641760333,1.5408673821834071
9656,0.6872305866918198,1.149346907818273
9657,0.477387079780694,1.0349879092648813
9658,0.8030348930136492,1.4981011667934743
9659,0.6348441691229084,1.566381223334393
9660,0.9560022142305258,1.3279443086073173
9661,0.9308382413650302,1.5024866932388177
9662,0.9082710666519652,1.111643979387491
9663,0.5463152181873469,1.1950874201481692
9664,0.6896443927748213,1.413948185583274
9665,0.5506969388963623,1.060846873765761
9666,0.8137835024830253,1.3654237453226643
9667,0.9014544184445942,1.574973093220125
9668,0.46892726901430054,1.2588781215351803
9669,0.5993679555521525,0.9934089929029679
9670,0.4216888558252239,0.9513942621390883
9671,0.3870212108783012,1.5841291281966623
9672,0.2547422721052765,1.374938314587373
9673,0.5812469956752256,1.494474887245373
9674,0.43588438331313945,1.6336480518329823
9675,0.26667078541334344,1.1730233216291217
9676,0.45169577322061893,1.4774881794033028
9677,0.7873610718666133,1.5863675408405
9678,1.2069621242404367,0.8316704158100776
9679,0.305495530187785,0.8220976908081352
9680,0.804674581714499,1.416727485721112
9681,0.39777581750607643,1.0644655644368963
9682,1.0855128004273829,1.18363189622388
9683,0.89551300556898,1.2025779791585134
9684,0.5771617981859671,1.2510577390892281
9685,0.6432339780447688,1.494715465668927
9686,0.5233423003456826,0.8470235863765285
9687,0.911469346020511,1.6611267516310377
9688,0.3995354230417772,1.5911528669139359
9689,0.40652136180844983,1.3107482970314641
9690,0.5514939165080608,1.23382969364551
9691,0.6250734410995682,1.1018430466448146
9692,0.37507996700290364,1.4756686518467226
9693,0.38590964222073004,0.9629180667082968
9694,0.8688202224065097,1.5352989468458031
9695,0.43316287755313965,1.1264085492924443
9696,1.1886518560416945,1.4072656054160442
9697,0.4274206022420652,1.2492140989258131
9698,0.31076076167771893,1.0380708305453552
9699,0.8502488465577198,1.6455727536939415
9700,1.05811299963539,1.3818525572309157
9701,0.8380172622988306,1.2370352165643117
9702,0.3791009224316675,1.0529092232352484
9703,0.6659391063498723,1.5603117115664937
9704,0.6341759579912833,1.5427097221604875
9705,0.45491299974371063,1.4972511191489022
9706,0.7844499115736374,1.0885350485137493
9707,0.48568225351832356,1.0998525374855754
9708,1.0953244324738936,1.3952681557187436
9709,0.6392017483301485,1.201007797523062
9710,0.4528812346746639,1.4477992126792816
9711,0.8221702966330243,1.085218631528805
9712,1.292431348005198,1.5323463745960937
9713,0.4574449631119564,1.0820968440326855
9714,0.36368808384426876,1.3403585293634472
9715,0.6647856492873954,1.2144672826065357
9716,0.23100482298418246,1.564217313941285
9717,0.7646704495853639,1.8326902913772618
9718,0.6879025575287855,0.8421062544117743
9719,0.8684185590785003,1.451057318168877
9720,0.5816303942856145,1.3663537754089101
9721,0.5364014411201551,1.2662891901891284
9722,0.4421683194717749,1.4021483245753514
9723,0.6853156833012607,1.3579612704465855
9724,0.8597280805367423,1.0157101702783349
9725,0.8981136376331108,1.5576568430593594
9726,0.49775482315411956,1.0296897855811125
9727,0.6827534918183255,1.548367297495214
9728,0.6286436888509777,0.8035647580068024
9729,0.3314489795785302,1.690081915167351
9730,0.10358028551831781,1.8213657504494922
9731,1.6714292854041548,1.437707351166116
9732,0.5495248811602008,1.5067107823421133
9733,0.4885097639285799,1.437436805998199
9734,0.3310052045496035,1.3983130569529965
9735,1.3551046061558139,0.8783558643867377
9736,1.154862556001743,1.0524058290568719
9737,0.6445307792451017,1.5444154227550402
9738,1.3885142967438489,0.6328758902837193
9739,0.2733183716132397,1.332029353407036
9740,0.7493790676232058,1.7183235202872096
9741,0.6177880739502368,1.4809081188744226
9742,0.2738384507903949,1.788697579436679
9743,0.8573913612200782,1.547044226024008
9744,0.899437624680278,1.4890766150088857
9745,0.862653395067941,1.2796472304229547
9746,0.7434097050061257,1.0624280462353626
9747,0.6109923136313126,1.4444842212560038
9748,0.881958251547463,1.4056415891074598
9749,0.3072185789677683,1.5367392120046648
9750,0.8726280880501593,1.3808870134274818
9751,0.8890046621925176,1.4335237231020557
9752,0.43437618672189476,1.1176206893993943
9753,0.1795269804557575,1.4931599353656977
9754,0.6070163425482067,1.2344575055766949
9755,0.8302904970752699,1.7372008855725851
9756,0.7412450544077762,1.6257803024360427
9757,0.4598209658805352,1.1278086110149768
9758,0.2968860177064984,1.0001524928703773
9759,0.5378282521806625,0.9433701581332821
9760,0.5416039778362489,1.7583082769504683
9761,0.5647809106064647,1.6060360576921118
9762,0.4617884791019177,1.427840924196217
9763,0.8870171626986076,1.3374978602011764
9764,0.8529779032028273,1.5037659304796724
9765,0.7628568992235228,1.6984072350173274
9766,0.6589089203517565,1.3180900178660426
9767,0.3380360431403985,0.8173453288566035
9768,0.41253127349707247,1.4082127109946097
9769,0.8225515883909019,1.4727378001604867
9770,0.6797915941120082,1.2865019309015557
9771,0.6642383106638744,1.2106761072704404
9772,0.8947835064940571,1.8971065320785687
9773,0.6677204657735943,1.323015696070859
9774,0.780206754494469,1.6233553040569049
9775,0.7603243716396573,1.3766091425597644
9776,0.895867777531212,1.3333816928735303
9777,0.4026378625702637,1.5003048551857343
9778,0.6175770431185132,1.5353702558075322
9779,0.9187404374083954,1.066040524463511
9780,0.6942088825996827,1.4146637835085407
9781,1.0974700782891573,1.3896116575654005
9782,0.4979274590176753,1.3209305264853282
9783,1.0564201586700008,1.220168044855816
9784,0.1678821489034363,1.3395050502836872
9785,0.9082173504208048,1.6669753571632167
9786,0.5933220281453018,1.3382885641529583
9787,0.5337582400129265,0.9782409319973033
9788,1.021122447989147,1.4745702730903067
9789,0.6964556216459927,1.1379559094894915
9790,0.39171746292028337,1.5167831105794956
9791,0.9622999142953435,1.3256618389472388
9792,0.6147269284489701,1.2033713546218872
9793,0.3715308292033284,1.3715360797981733
9794,0.51000256658268,1.388328789166141
9795,0.5773233408774122,0.9013219998792301
9796,0.5791475565083141,1.575773814796002
9797,0.5702494839322182,1.2028001725200608
9798,1.5856287897505275,0.6836985640485236
9799,0.7602490931072758,1.4307835910646345
9800,1.0512611371929432,1.7773769999649698
9801,0.21172267877491727,0.9722918855326206
9802,0.5016478507660871,1.5484436067433958
9803,0.8059757158465385,1.3513171816450869
9804,0.5760720375762853,1.3609304592956446
9805,0.2504824176900364,1.782933102702927
9806,0.4368187709384957,1.4686044802132663
9807,0.634595800694724,1.7352996296785945
9808,0.04542547674659678,1.2158110862556708
9809,0.4202743258744056,1.7675449979839983
9810,1.2200981533989304,1.0725830494150639
9811,0.4290576889496674,1.2129351855857766
9812,1.2685592791536913,1.3229388951684349
9813,0.2975837551663914,1.1010501508444799
9814,0.5030676694159149,1.342062469867078
9815,0.6009061704365904,1.488636394020803
9816,0.7415765376928773,1.5773953599695654
9817,0.48436677384477694,1.0923606204182394
9818,0.33040952210111785,0.7468934530961364
9819,0.43003376455246634,1.4467399364496214
9820,0.9081989790512374,1.4954087208955218
9821,0.8104012241994597,1.2528703469719011
9822,0.6632499564678959,1.7714626847656252
9823,0.6361715406599154,1.074536821788485
9824,0.4086195233735015,1.625844851579072
9825,0.49511676871432775,1.6014396748767443
9826,0.8006203462843609,1.0255517595519588
9827,0.22375190033420092,1.0547835778012564
9828,0.5065664030905527,1.2975666245398196
9829,1.0895173022860862,1.6185769487305572
9830,0.5043398812899418,1.8507140147123828
9831,0.38633010945038143,1.7368717393525972
9832,0.46019512972865423,1.3998164526311134
9833,1.0582500045396457,1.2828652780394414
9834,0.3703743048134616,0.9173888328120277
9835,0.38327294049787264,1.028802801901197
9836,0.1663896073993836,1.2767843455415961
9837,0.44421327627705404,1.5941509248861676
9838,0.9207590226361613,0.9702445241889235
9839,1.8488520742121939,1.548134266571629
9840,0.2844107760458054,1.2290112868019887
9841,0.5218774726971057,1.6719754730452938
9842,0.8140945038192605,1.3215339893936358
9843,0.8362123101233053,1.8503341214256486
9844,0.4917014196263841,1.1045406976819518
9845,0.9301777267392725,1.1626454726468127
9846,0.7816773917587567,1.671606508334332
9847,0.5076879924543051,1.5574112862804899
9848,0.3521554127066679,1.0496253684908152
9849,0.9338351975352303,1.5009998063919605
9850,0.20871290270408313,1.2608809743726441
9851,0.7797198456885484,1.4635427341217477
9852,0.6580205374631403,1.42968193447049
9853,0.7445590045856558,0.9723397440635768
9854,0.3304945404902089,0.8268578629433259
9855,0.425047485256899,1.6280498012779057
9856,0.6532008489558863,1.5237877291991127
9857,0.6214738137123251,1.5456282961890322
9858,0.10684491579939134,1.3857614937390244
9859,1.0958810311222802,1.358670587648978
9860,0.6769044879750762,1.705004323003588
9861,0.9637496961078539,1.8032059339003217
9862,0.4827658044873481,1.1638329782388954
9863,0.8260275186614601,1.6559669034307336
9864,0.7004888645324507,1.2001410221601692
9865,0.7393295365820342,1.321595134389097
9866,0.37605048253342344,1.7274174448284985
9867,0.5893802521143511,1.5924850047164139
9868,0.8337003849682529,1.4551178813070973
9869,0.42388805200321955,0.6198360550657434
9870,0.39945644559010296,1.3624197669682698
9871,0.4769357435659398,1.1905573284317157
9872,0.13337306660889484,1.0516411712508669
9873,0.5182260172141947,1.2287292078676844
9874,1.185260566692575,1.2364489325632446
9875,0.5278819384738176,1.7449769755584303
9876,0.4043679212825617,1.2983334992072235
9877,1.2541049283540022,1.297809378485404
9878,0.6396182638456483,1.0074647844373432
9879,0.4728135148940494,0.6956499256884463
9880,0.45417950350125974,1.25488582141852
9881,0.9242235369764927,1.3119562117357533
9882,0.6134129333285248,1.5464545101540235
9883,0.2628436340046125,1.7290403997920134
9884,0.895890623552128,1.3029772976594107
9885,0.760073918516384,1.401117462202936
9886,0.34384259293824027,1.7819169375139627
9887,1.2662392276605314,1.4561670640954332
9888,0.6133285539215847,1.6027648750686514
9889,0.42210999976147595,1.1652946670190718
9890,0.5021559575316333,0.6748927276301322
9891,0.8124207514456063,1.0924922936765884
9892,0.693108319666383,1.4461120152424067
9893,0.8443884844011478,1.4322570522121445
9894,0.39999852231070554,1.1324074469466106
9895,0.5125326141282325,1.5664503730917267
9896,0.942109022680034,1.0919740722442353
9897,0.9686041845183575,1.2702365160185614
9898,0.9291973280606238,1.7272773757004063
9899,0.8286034394016164,0.9709999093420036
9900,0.36721408766815183,1.4676277103760798
9901,0.717694986898532,1.479536308011197
9902,0.9255117082786772,1.1311399006397624
9903,0.35460464080075693,1.7317983542393243
9904,0.3669608543137198,1.6778782416726883
9905,0.7703443012836664,1.3695241198042383
9906,0.48805183487583914,1.7298358260990148
9907,0.5417485036573272,1.202426708720902
9908,0.4688590251031276,1.144997486339109
9909,0.7619797112706094,1.4435152678256844
9910,0.9487831682434925,1.2992574460959343
9911,0.9281383623466932,1.5437976313600443
9912,0.5786254286699583,1.4468307611693039
9913,0.43753317093788346,1.4887389147614538
9914,0.28214462383294836,1.0523796964374252
9915,0.4813442209714322,1.5390942695769967
9916,0.7017833481980907,0.9957412343318539
9917,0.3615107853990665,1.6480890136671964
9918,0.7454606096078673,1.0976783115949416
9919,0.4001211933936535,1.7313137108971919
9920,0.525212719049582,1.5167816341109992
9921,0.5876588309453726,1.8135100080836557
9922,0.8904362668665335,1.1171433636244656
9923,0.9718667825833123,1.286419458695692
9924,0.7106906972110856,1.238653187311805
9925,1.182464345850612,0.9100068682921685
9926,0.45815893597646845,1.2473152396768112
9927,0.9462585294491651,1.3433397390734423
9928,0.854898987385223,1.461147019721876
9929,1.118072682840478,1.1538153658864214
9930,0.5431376930698599,1.181727285897777
9931,0.7745431933131606,1.81373375513609
9932,0.45042108878784043,1.4785433956025962
9933,0.22630516554004482,1.5940600765425785
9934,0.6651338553932229,1.4525567905417098
9935,0.589024377683681,1.5214372385503943
9936,1.0252902894948506,1.1231153474656579
9937,0.8496252969087544,0.5390909223331399
9938,0.641249231948682,1.6346003338578134
9939,0.3315779880675253,1.2810022972873993
9940,0.6594299373892283,1.6339896702790646
9941,1.1654515017124114,1.2814586183670307
9942,0.9064380360980122,1.1142437230938564
9943,0.5852370692865526,1.1055079487176451
9944,0.48806348873232597,1.3190117913702228
9945,0.725233629564367,1.3094597985163174
9946,1.0213934005437713,1.463621402787416
9947,0.7062961911320195,1.2541159872172682
9948,0.3103862904516804,0.7479034752011509
9949,0.6277361505466466,1.4778366168456385
9950,1.120770362687501,1.21456987632472
9951,0.778378108466315,1.4111540744693967
9952,0.4576057607653483,1.5550478345880716
9953,0.48662274176683556,1.4432344968103665
9954,0.6511877200145071,1.5539840772861533
9955,0.6202867776043015,1.6010293306263201
9956,0.6211845145472158,1.1358276182279141
9957,0.3105837639105015,1.5960525881079757
9958,0.4433918110985791,1.32254710094248
9959,1.2002372485101542,1.6053827949281656
9960,0.53676859445829,0.6873296582991733
9961,0.8471286174310647,1.2717735350683586
9962,0.506779648081046,1.0285045159585589
9963,0.7528314484742503,1.597644598900578
9964,1.0473890628083196,1.2389383254332411
9965,0.5608670453014416,1.6423938484123535
9966,0.6287689150407727,1.8698376624195607
9967,0.7836302143420135,1.3930449981772526
9968,0.6280266284518751,1.78126341577365
9969,0.4964834413990491,1.4652222580091445
9970,0.3236449745106465,1.546968065212783
9971,0.41106232207294585,1.582931474843794
9972,0.5882628192744797,1.2798610122138443
9973,0.9874587695952118,1.4819517436863883
9974,0.6040339475494069,1.5182159695279769
9975,0.9354100041808582,1.1697272850623208
9976,0.42086136377492644,1.5524575951036232
9977,0.3540226893013167,1.1589409589613568
9978,0.6359201643593072,1.5614995653205137
9979,0.953816821473483,1.1929339078855783
9980,0.7379889378526421,1.3359441390541997
9981,0.6101472683530472,1.4950907013296932
9982,0.6587206925357518,1.2876881286276962
9983,0.6790402759087508,1.4946753195275782
9984,0.944145583394238,1.3138515447233758
9985,0.9695765308987842,0.9595967215186594
9986,0.7109672826786038,1.1581802022195293
9987,0.8568222509521641,1.411695007749979
9988,0.6993585275313426,1.2866810646438918
9989,0.2660087270154664,1.6214767468082893
9990,0.46444539389504275,0.8748224456221958
9991,0.7487679476764111,1.1285108808544893
9992,0.7151643813761556,1.3299305654592726
9993,0.4312439780154507,1.7200972168133957
9994,0.33150794157546737,1.21914653472261
9995,0.23107983882315358,1.1511032098293539
9996,0.31640393979680764,1.295731018008616
9997,0.6174728754239373,1.605737146714322
9998,1.1066091179414077,1.5765418871960684
9999,0.5560053425397732,1.6349280422623802
10000,0.3077376913343741,1.1931820234872732
