draw,y_t1,y_t2
1,0.7703725571232801,1.0069920088032716
2,0.4454787591154468,1.5958671633663994
3,0.6675953373028122,1.3218273794753133
4,0.43466744060822904,1.316570718491136
5,0.8296427117172376,0.6973288223764063
6,0.29166669392442296,1.1119384937698198
7,0.6464200324538439,1.4263531659006756
8,0.4750724933526916,1.888365071377092
9,0.7743315736502772,1.6390737424227149
10,0.7813297560283412,0.8512631438120264
11,0.5505273043688499,1.4476660698419646
12,0.7307084114794233,1.2707149770994177
13,1.1709444988626447,1.472550369905744
14,0.20563043151311772,1.7481545468283441
15,0.4526167146860545,1.697707414070962
16,0.47338990257460833,1.0864749683521566
17,0.7422512485353686,0.9910093689009898
18,0.6818959741001055,1.7957122054080972
19,0.10414362309746364,1.3962267910759172
20,0.603452914390451,1.441354769577151
21,0.42363349388832966,1.514452769492465
22,0.7910386632936018,1.6192043710248822
23,0.5767544644349673,1.4305071262040063
24,0.6197208623233947,1.4540672710074318
25,0.2312723871364042,1.4282276800868208
26,0.5958004466231442,1.3825223412671788
27,0.10338588297186345,1.1830542315713388
28,0.8821675979669107,1.346512350232236
29,0.6442487889212248,1.3865918543276234
30,0.7796191065567276,1.685281769207216
31,0.9463720359892493,0.7288523837400165
32,0.8241835804532587,0.8995341095893514
33,0.54779574026267,1.3298302387740404
34,0.6009263879996327,1.7306601233278518
35,0.44540118830286707,1.0930198652891205
36,0.4439840733602177,1.202404443635293
37,0.5729052350760668,1.8824539324968774
38,0.5827277494719751,0.6918112222280048
39,0.29609654226941956,1.0794331161729556
40,0.5052778151710422,1.3918172855397128
41,1.01825231264953,1.3707233627701314
42,0.8333270700352942,1.2561411858160816
43,0.889605182639144,1.352250949948449
44,0.7819748636691632,0.9561632063721375
45,0.9010650453276734,1.1158225019945807
46,0.2719689403432044,1.4646836235256049
47,0.794525707168782,1.8572706813007707
48,0.4361881436616027,1.604811075917901
49,0.5178048738984711,1.2105309253771188
50,0.4350995236814283,1.1679776307872813
51,0.8934193214657488,1.2336418976946282
52,0.4451102331798543,1.3283729494183631
53,0.3930556337977331,1.3360881598618457
54,0.6812103197367347,1.3367611887866344
55,1.4295862786912157,0.9950718833453567
56,0.7140842179103831,1.212866559250245
57,0.720146037076893,1.768753320574661
58,0.9458659452900534,1.107206538328545
59,0.4544675321794525,1.3412736235205163
60,0.3895592878487588,1.4009241954611815
61,0.8610022125526553,0.21609622395306483
62,0.505909653967977,1.6105417832177535
63,0.7228501345517255,1.2774551248650012
64,0.8186826275200364,1.0795376821603102
65,0.4993533186567532,1.5112233986914743
66,1.1520059967612095,1.2910633778180471
67,0.43284841265237456,1.2749234338245674
68,0.5777654056259746,1.7988622423601344
69,0.5501831700868303,1.4404315915801023
70,0.4246918539161842,1.1223714181991893
71,0.7111117024980208,1.8216269215974634
72,0.5977910088805023,1.1322203057451063
73,0.8950694465676575,1.5353618312700736
74,0.6555518119402772,1.433760159337077
75,1.2415233638065588,0.7030068570064123
76,0.5479655410422923,1.3294250638209544
77,0.4779764972996863,1.3887706793975951
78,0.5308058678039456,1.0481006610543648
79,0.6283301856456882,1.3639293466679474
80,1.1787879033883077,1.1808741698807148
81,0.5023857721810794,1.7987199903012239
82,0.35073479937510726,1.0945824487521247
83,0.3977985359468383,1.4008822194391097
84,0.5889778627350329,0.7513285725537173
85,0.27262145619238815,1.447813321318021
86,1.0104713457220589,1.5789657240248187
87,0.3022869837374979,1.5096640775337407
88,0.5540769289746474,1.381721020803512
89,0.6455927206059918,1.349816592050392
90,0.7036126679301357,1.3997838712108823
91,0.8507738834850174,1.4537994983683578
92,1.0687491326215208,1.6100042453481689
93,1.6303750444990015,1.6368402165026912
94,0.4857450168243274,1.3120667622512459
95,0.7512314022331956,1.094703513960098
96,0.3210769592483434,1.427385181588588
97,0.8963225862965939,1.776700092718821
98,0.5806973859438341,1.3783491483154453
99,0.33519936489055274,1.125804511563499
100,0.7400397571925728,1.6412938363664615
101,0.6596945537216374,1.3699515468813748
102,0.854806713039358,1.5204919054729613
103,0.695727833351607,1.6525652936805977
104,0.6410046479863644,1.7026764981903462
105,0.9183988064927588,1.1301873648389416
106,0.8714989605386803,1.569280798344547
107,0.3296191058521931,1.7678899965044828
108,0.5104304887003575,1.8077763441440002
109,0.13027728222679885,1.7245639500483652
110,0.3922205874503983,1.1747436684783996
111,0.5911386241699372,1.6184275386709006
112,0.5533745626007737,1.7268946903120472
113,1.1352327158954887,1.7219976001486512
114,0.5615757457909912,1.8121413202608825
115,0.6962343477785552,0.9389889214376279
116,1.2049422893867716,0.766821096521896
117,0.513626068970681,1.2771728048211257
118,0.7353790858606157,1.311566587266695
119,0.45873368261526,1.3727805035436038
120,0.8147901947573111,1.288952677752506
121,0.6266382227684444,1.2664424628922486
122,0.7882063292954703,1.4850578579930152
123,0.7384593586204286,1.1807332574056861
124,0.5209673526123063,1.2794339926024718
125,0.2277193099858218,1.6199318813362074
126,0.34615082938167346,1.3235144394806722
127,0.32133674115284605,1.461755452277814
128,0.8904871018823853,1.199182415459882
129,0.668139074113775,1.0983840089787278
130,0.6883813104550368,1.0706239883633364
131,0.895290991764545,1.4157814913286666
132,0.8852632549963212,1.5354985462934367
133,0.8515105629389877,1.4536298296536259
134,0.607163419121477,1.3962215527646908
135,0.7700714630092941,1.3798518545427814
136,1.1434340324900125,1.0528784343987212
137,0.662493418248321,1.353701946157655
138,0.5432711952660596,1.6804748345950775
139,0.6234248147400953,1.2595090075095086
140,0.8804344840060866,1.773760289043182
141,0.5420003482307245,1.1754987825945449
142,1.0509709237269336,1.347620264953202
143,0.518009755373019,1.5738263697020556
144,0.37419154897220686,1.5600958241102159
145,0.5815123263616817,1.4577429461011655
146,0.4214476523218673,1.2667944485669922
147,0.7641318430565796,1.5112770893409646
148,0.8451404416692846,0.7900720394397815
149,1.165892859439416,1.4042945824297197
150,0.7648763131423071,1.5711581935056826
151,0.6761063497760643,0.9074394752703794
152,0.5979600234743279,0.6465524619925034
153,0.3343684967832696,1.8292839656097248
154,0.9155759849202717,1.4458916600228024
155,0.616046132242487,1.5920128429795657
156,0.7269124052042415,1.689086020419603
157,0.7593700316688481,1.357213337875765
158,0.6457973002409382,0.7109226597390454
159,0.25215270952398855,1.3717396260861032
160,0.19153310553933162,1.1464544491010185
161,0.7518408970124897,0.7379325772565817
162,0.5772881923714132,0.8922397971603808
163,0.3309744529059887,1.141631505957626
164,0.47365933152494044,1.0072626615214377
165,0.7933785811287446,1.516977388115335
166,0.6170529825410572,1.554646187346343
167,1.168393370180249,1.5902934366551715
168,1.3089784728543126,1.453898595897483
169,0.3339577552201545,0.9055171022582524
170,0.4795399300348916,1.347065959236247
171,0.3827195708721927,0.9789125957045761
172,0.4363806757505102,1.4679107950821586
173,1.0315882229898314,1.5794359037682333
174,1.138430863233685,1.6430794433645395
175,0.17295610146591003,1.054338835948156
176,0.8208451508889759,1.694505886330517
177,0.9275788971348538,1.7147933184114068
178,0.6576038239947509,1.2757350344891707
179,0.8716170189820517,0.8410319599007494
180,0.572483535263234,1.2219580536745875
181,0.6309709669844132,0.9891591842945553
182,0.41961340049686047,1.4841843164757438
183,0.4313110407322373,1.5769907989730898
184,0.6848736864809944,1.2482387585129016
185,0.6532487489813463,1.7048296624641412
186,0.9953172515093038,1.5816022382793644
187,0.43955244945773814,1.4590129819862971
188,0.8292752489115015,0.9501104803009153
189,0.6305634109799274,1.5825682227961755
190,0.4812286992449224,1.4695018680359393
191,0.548079732751758,1.5494077838371485
192,0.19349384169211167,1.050283985553965
193,0.5459602268755527,1.3517239150263372
194,0.5291918846695209,0.8068976536260746
195,0.5390431099792529,1.5745764277911065
196,0.535854298978964,1.0877981603196063
197,0.7814597436712857,1.3731079826686279
198,0.3980867190673398,1.1610501221509053
199,0.8194699254044369,1.6687986219289974
200,0.4369552710756784,1.650502418980369
201,1.206060499690815,1.6020353205907254
202,0.8136548210019877,1.3735133109454742
203,1.136655292911446,1.5634383508982517
204,0.8105579305119038,1.3035063119385586
205,0.3839271552499362,1.3688363860969042
206,0.7010811266920889,1.1247330502878898
207,0.36335798758418236,1.2461833766508688
208,0.7000557119431825,1.538441975757345
209,0.7057981490817425,1.2618031699249612
210,0.8283678869499705,0.908231373060834
211,0.8365351906940636,1.3163040493033356
212,0.6556949870196777,1.4260046391308054
213,0.24111913307732563,1.1415351956969952
214,0.21043264757758193,1.6857377743771003
215,0.5971584663539136,1.140815081425246
216,0.6999706992051805,1.2725618537124723
217,0.8887962108493849,1.669293519098534
218,1.1056574120933407,1.2045089513174108
219,0.25440390041505806,1.4026353221414805
220,0.5839534936519158,1.2039234808744086
221,0.5830853142777163,1.6467698636349037
222,1.0259036342151886,0.7792734166978272
223,1.3822804205775918,1.8246629994062427
224,0.6585125875499052,1.5487763175709008
225,0.8047117379797086,1.4886950755381965
226,0.8925958432202024,1.3346718551095509
227,0.4039724263876677,1.2481276480053785
228,0.7643572963221711,1.5321568144004016
229,0.4541512128587829,1.2430231230783195
230,0.7131350555740181,0.9433208329133136
231,0.24983574151915292,0.8510927236880672
232,0.24497904556308542,1.4095894768867745
233,1.0169736922968915,1.0819157423290755
234,0.8025518419210365,1.7327630550333524
235,0.3350797242083349,1.560600971746449
236,0.4148702952588881,1.6021839643787044
237,0.6092806215505826,1.7607571285855417
238,0.44827066684068817,1.3404464500137547
239,0.9151483970843973,1.132730378434161
240,0.6427561489938307,1.096750205112179
241,0.2838734476753713,1.6817701812877779
242,0.22520424786701357,1.556578590383989
243,0.8635902205437568,1.3667597473485917
244,0.6869686218132298,1.5124209699040803
245,1.2685221697847535,1.1226209896431252
246,0.4279224536946917,1.6671215132875425
247,0.65697573016209,0.3896772951328096
248,0.42120750642525395,1.71628250613155
249,0.900730496941149,1.437775975961873
250,1.0712306477541573,1.1109123593982582
251,1.0208123777323874,1.378337924146693
252,1.0147968725620875,0.9601910922473593
253,0.7741046707842891,1.8446658146422636
254,0.6472213606144431,1.136227061068345
255,0.6433262676599911,1.3884844126235878
256,0.8566623255099846,0.9912366969476452
257,1.0943020150885128,1.5144333347661345
258,0.7754541793982805,1.2411314813641416
259,0.7557061704212025,0.9376211900031939
260,0.4697550770164779,1.7088331445885931
261,0.709393572766296,1.6019055480035937
262,0.6570388114866876,0.9319030490982265
263,0.8692426427539427,1.3817832943157722
264,1.2505869437287078,1.004106461568443
265,0.5471657646124001,1.5411807484627797
266,0.5726148162168935,1.5052429843894035
267,0.49902898069680773,1.2877794207428348
268,0.5521603549072867,1.4466921653580531
269,0.48856634009325817,1.2983501051611859
270,0.30895233989736326,1.387455834957784
271,0.4359201131490913,1.1136442600883947
272,0.6440899756367762,0.8697713227633403
273,0.5282501046226963,1.3957905256405794
274,0.32495211713503874,0.7904588123392231
275,0.6279082397300128,1.238930105696881
276,0.8724063099090981,1.4112365908119768
277,0.36593346972568314,1.2611597064253326
278,0.5941188234541902,1.2660799249904624
279,0.528655458163033,1.5402290171843727
280,0.8218037984919692,1.2812288286094673
281,0.4635717071334141,0.9721396309802786
282,0.5454406427635328,1.332719617671261
283,0.8375636182604106,1.3035142679204559
284,0.2898334073523271,1.625697286552685
285,0.5789034902634476,1.179864002886651
286,0.5250796636388266,1.7375938862850937
287,0.6540577190599098,1.1881584025413643
288,0.48551560652420195,1.4541705982849442
289,0.5648109237189544,1.0291662016836658
290,0.8690181067241444,1.0435399689348723
291,0.4584697172664605,1.5159058044836666
292,0.9179862879547753,0.8649322143571883
293,0.5705972499889027,1.3345802802411626
294,0.6744195892419069,1.478524159242367
295,0.3092714238751076,1.8768487081444074
296,0.6410337961249002,1.403598954165381
297,0.16471725432118675,1.331568624043184
298,0.45672054557500336,1.4600184345254994
299,0.8273413610027579,1.2592449168989068
300,0.6853984241269256,1.226171268561562
301,0.7386215372528643,1.5717341440365886
302,0.728820236675161,1.0743958535221014
303,0.3633583049694023,1.3795038703837377
304,0.8041334472812341,1.0485864346744056
305,0.1066011298033802,1.0847413266718027
306,0.3922773877071816,1.3250478679545432
307,0.2900089193255759,0.8925005073918502
308,0.6834225771639726,1.3219758391963259
309,0.24376750937693467,1.0491508850022155
310,0.6825740254469241,0.9367181079745037
311,0.6789556765985535,1.2057195650500558
312,0.45795835823123565,1.3118486181789255
313,0.3479161355264536,1.2202628941458513
314,0.2942203699296687,1.5283164889758176
315,0.6567049473122709,1.625582506272523
316,0.484465160625556,1.653496486422498
317,0.5392412665000421,1.6885420658852925
318,0.9803776987937803,1.7901164496787747
319,1.202658661063848,1.236915002908662
320,0.35658114720538353,1.6011461203790291
321,0.33424782568621636,1.5002803325797
322,0.2810891700332142,1.4489066181448744
323,0.7826599440018378,1.0316448506424185
324,1.4160877645094192,1.3976614844867363
325,1.2238443993299541,1.117642056298786
326,0.6489646721157099,1.4111198366365891
327,0.4593440642000741,1.4659252737889208
328,1.2883659448579594,1.100991352002806
329,0.48298204704999537,0.9504090131791023
330,0.4685931272009119,1.6928218388163556
331,0.6698781200764439,1.254653898323958
332,0.9736185803800469,1.6933903983701466
333,0.950898723216795,0.8947831635276406
334,0.485962856122866,1.2955980426983291
335,0.43703353269430617,1.8937744110674832
336,0.9800402644420773,1.6224922429823558
337,0.29892013679014606,1.7387412585010704
338,1.0804162479680621,1.671881060261431
339,0.37310627479994063,1.407530216735287
340,0.6003067020580707,0.6548435714708849
341,1.0121955669180078,1.2845032236060052
342,0.9608865527457547,1.3594872322652072
343,0.7868165609421642,1.3731287708273343
344,0.35065911360793933,1.5491189420604958
345,0.3245410233341051,1.5062945258655454
346,0.4484322504256729,1.6812726899180575
347,0.3980800640327436,1.1271533098877697
348,0.8730390082004577,1.3453668887424557
349,1.0409891155686029,1.5705948412974902
350,0.7219703989166067,1.5210587688364396
351,0.27928693062056076,1.463691278737946
352,0.24029845499634053,1.4802208429372072
353,1.2696201439894388,1.4853950378879417
354,0.5043189429098324,1.4341322331527067
355,0.7062005835563868,1.759118775086611
356,0.625646580824678,1.3981359263980129
357,0.9002321479989364,1.5480258640203517
358,0.9847955785398299,1.5518665983486373
359,0.4871475234988675,1.49802998888009
360,0.4568500617094095,0.6313499430068654
361,0.9244402185684211,1.2369300036496462
362,0.4411966151904987,1.376287419163004
363,0.7275528714987527,1.2861532646561757
364,0.7494743751415209,1.3398691534325082
365,0.5014609162291019,1.4949379189285676
366,0.6480994071985692,1.0694805612487457
367,0.6771031627638849,0.9212320345013958
368,0.4704000689702179,1.0452780256086855
369,0.3542205558400818,1.2356746084752293
370,0.5653466429942567,1.6303911328348473
371,0.7246729107937453,1.659180918733424
372,0.5029195130162369,0.6284711871677817
373,0.26557906966044104,1.603215770437075
374,0.3502823112538003,1.5332404904847707
375,1.1593663610559553,1.2145429119605882
376,0.9768218836237147,1.3479183806758859
377,0.32112281911931695,1.0725510283981308
378,0.6706727704117269,1.2409972627340742
379,0.634891011803009,0.8942628352996589
380,0.5141139940445463,1.3346406432746623
381,0.28694409906571566,1.4529673287974623
382,0.10648579518990277,1.069478965082725
383,0.41939576546724955,1.5370037097517728
384,0.7632894153269054,1.5836969803682928
385,0.9285975123418749,1.1578032315324256
386,0.3480114255908744,1.011857036418606
387,0.8373936918002641,1.6701398225615345
388,0.7780616468064587,1.7242213609823098
389,0.7145581341841037,1.3838404860884543
390,0.8835892101098993,1.1884105301721748
391,0.579009922593055,0.9932821071282492
392,1.1082148943873165,1.2229661698056744
393,0.7934081605048727,1.2847554360004674
394,0.5189669861554933,1.0243205948975374
395,0.9109447496249151,0.9802882145240617
396,0.3643059824445982,0.6009271346915399
397,0.3877562628803649,1.3849472872230637
398,0.901869882256423,1.6292039721832328
399,0.8886535404798367,1.3637598343240622
400,0.6681405427372673,1.49385574962479
401,0.14648845553067966,1.5385906696329492
402,0.6414373791204584,0.43558743248240916
403,0.633007810294998,1.3258947470148599
404,0.4058938864120377,1.513760179100677
405,0.6994624155916018,1.3156193909039053
406,0.9162721461244997,1.600587623287999
407,0.7637234493626437,1.4557886425048252
408,0.9576051279592237,0.749765614951577
409,0.9451895914028672,1.0581494048586721
410,0.7622913714721362,1.199245177715714
411,0.6553203055204194,1.2225563635459231
412,0.7990886739479433,1.686670856403022
413,0.8507074232961528,0.9306581396561167
414,1.5661679736602083,1.767515862106442
415,1.0835780335372165,0.8471465038279904
416,0.2915011985486418,1.4224829939420252
417,0.9687998196075169,1.2371684638125668
418,0.8480261096462524,0.8404742453583589
419,0.4403133320930561,0.8653521679282474
420,1.0049994115108885,1.1907326683852595
421,0.9509453624168169,1.318730584818212
422,0.3270441600296191,1.4979863934996558
423,0.3589186173068931,1.5194676965646172
424,0.907570299982169,0.6594143560369841
425,0.5692501671572145,1.2592874744691684
426,0.3657673742424073,1.1703239008473367
427,0.5852686885053535,1.6389827802865953
428,0.2300791490500203,1.2913154120083492
429,0.7152411042754115,1.3317850569752225
430,0.6884115173281418,1.195475559172141
431,0.3522924420637224,1.1765390673321652
432,0.24270407703006777,1.5308250635304956
433,0.8884878992517091,1.7660610922741078
434,0.4620835658284619,1.2487618945526258
435,0.8908305954844512,1.2194351827779109
436,0.5411154499574787,1.0983330057935083
437,0.8155639223802041,1.4160458311660238
438,0.5529605176290467,1.7955045290260998
439,0.6479873823380061,1.2655273866437509
440,1.221373810063094,1.4930913521775286
441,1.0871377398201645,1.4819137101186748
442,0.45217110428976426,1.5957450137304297
443,0.6821133314806868,1.4516098068000411
444,0.51474453003305,0.9634556729129877
445,0.6994273662718522,1.1105379551136276
446,0.8632049243740495,0.7677812034197851
447,0.9135449058516667,1.644822313511135
448,0.32620608888376323,1.4911698884307443
449,0.3571389767696496,1.198807598669016
450,0.6249564724891781,1.6163210701050268
451,0.3943542243460885,1.8145818119666128
452,0.6679812723281113,1.3915879289522013
453,0.46044895294297833,1.24166248442918
454,0.8928402013569559,1.4637708274365113
455,0.19492281261571284,1.651324596453903
456,0.4308849146976347,1.3106466016892364
457,0.9925269068573241,1.6277537094502306
458,0.5645694264700574,1.5976981235398555
459,0.9549388626516676,0.992172310480788
460,1.111785167529153,1.2588892540507663
461,1.147349118847725,1.0367573407079425
462,0.5675924576127048,1.311612290909392
463,1.105025769305037,1.2843941016820457
464,1.28759855576076,1.2782517866997005
465,0.569025444883543,1.6739850476630354
466,1.1296288932853737,1.1556006982291662
467,0.8695601884232138,1.8462794445298263
468,0.9022367046367064,1.0281046143349648
469,0.8327202588190159,1.5846375607516854
470,0.3573087273300086,0.973686855608713
471,0.29441739772952125,1.3749705826429535
472,0.6795913308943029,0.7312445315938036
473,0.8081609125669221,1.1055862444166886
474,0.5805424095396817,1.6974147330864089
475,0.31659279193500767,1.2741294967999108
476,0.18734327823081995,1.72414070588201
477,0.5348010216650708,1.4831992345927019
478,1.1941015774487278,1.4754177739225796
479,0.9219396383327412,1.4607265144007444
480,0.8998956974677523,1.0334900639725038
481,0.6904187092683517,0.543033780165016
482,0.4244514024934842,0.8719423246146425
483,0.6689595194530134,1.291811360200533
484,1.2764815324077827,1.595698637668559
485,0.5813270292588267,1.2831184082050273
486,0.1974053869596078,1.8377310898108963
487,0.6328887875476232,1.3585583786111042
488,0.13171740516547445,1.3054931670817074
489,0.7938398882528968,1.3678224057111341
490,0.6384093043367953,1.4829121783696633
491,0.5404895226597168,1.3132210791247376
492,0.7710975625753658,1.4997646928347352
493,0.5355478225030166,1.822854204805445
494,0.7267613722288142,0.7684293824743034
495,0.8582682687405375,1.3431336451359877
496,0.31011357704998505,0.9612959907616108
497,0.837252403226253,1.5250123250061458
498,0.9192728120717363,0.8672323590139788
499,1.1244199089112543,1.3446337398116341
500,0.9121779045632341,1.4529064227092674
501,0.500249855882082,1.4350443317304005
502,0.5107608593818843,1.3013306759490466
503,0.5428444703735533,1.64358981703662
504,1.0937272402045668,1.099591294880145
505,0.8714845080970034,1.2314562097231252
506,0.32026294738465316,0.6820128409532435
507,1.2061187683023875,1.7559281514768665
508,0.7250426211962334,1.587961487919934
509,0.2927832477963909,1.5859015881346505
510,1.0045678492309655,0.8665749532931484
511,0.5596338124380228,1.654084611767046
512,0.6087880762609897,1.644551303250558
513,0.4278645075272224,1.389021326618454
514,0.689331047717153,1.4375292638549784
515,0.7587751820003841,1.2524236555148398
516,0.5664643039885342,0.9449734448703335
517,0.6804688701387597,0.9009715913095457
518,0.6527126994796857,1.250810971534813
519,1.0027666638999053,1.0596168385645368
520,0.6016838066746519,1.4417967787995374
521,1.05770684873256,1.5510137531007648
522,0.3983328690128305,1.1786179619812405
523,0.4070483281220277,1.6816847993140365
524,0.6417360728925927,1.6310844801329236
525,0.43915476844951823,1.2397655109597245
526,0.2272814554283477,0.9327260742517645
527,0.6238763632083166,1.108770086042698
528,0.8248772439762044,1.61039632149155
529,0.6498770058418507,1.4727666185908745
530,0.42006999793709515,1.3716142629555306
531,0.49634809422807624,1.40833096929246
532,0.4936484107908212,1.2406589459523434
533,0.8137290023692951,1.449256456270893
534,0.2959368622859845,0.9902030457233499
535,0.5390721373807631,1.4451792201613327
536,0.5985550120742852,0.9216726228100365
537,0.4113744819877367,0.9730523542985083
538,0.958551784931173,0.9251655474661085
539,0.6285859960582743,1.366393528302667
540,0.47874125808918816,1.151023740031707
541,0.48084547174474795,1.352332842483316
542,0.6482735162323711,1.60842755890704
543,1.0058737515540221,1.3803445097197673
544,0.7529409799456973,1.1958527907772112
545,0.7058367173655834,1.388999000368712
546,0.5732820675757899,1.5821206432422839
547,1.214610326843561,1.474743649686701
548,0.6733623869198672,1.5204826548193782
549,0.38057476807903085,1.273052472162115
550,0.886154500172861,1.401238937657428
551,0.741837662197011,1.4361106561996513
552,0.801710394503762,1.5541348734566143
553,0.7570164219421027,1.0026490024481882
554,1.00854488639723,1.295227098312661
555,0.26060572624621303,0.862821821665601
556,0.20984860788053555,1.7511968810594334
557,0.6921570408714182,1.3192535780577643
558,0.23537436407446485,1.380582660574658
559,0.43011153493581844,0.9835366826065941
560,0.6728101541238048,0.9593170196922387
561,0.5765893138240895,1.4435357892464549
562,0.43575698119951134,1.7459769984571591
563,0.47741143280166953,1.1983381373898228
564,0.30660912986411454,1.263673114821441
565,0.6470845885669297,1.2725784580690107
566,0.9320495675114736,1.6987106182702518
567,0.49339268867999975,0.9681392901525085
568,0.8013553173798247,1.2324865448848903
569,0.6450990405407124,1.8437704418674565
570,0.39817120685638524,1.698086098349858
571,0.7130308018333531,1.2948051484582135
572,0.48237818036559377,0.8199581686152206
573,0.7490646609914763,0.9976804731381026
574,0.977352529867091,0.963110316529985
575,0.9488978649262269,1.1375897089480085
576,0.9026765509675677,0.7842096727920775
577,0.41301633946490696,0.9635535021003416
578,0.3701862535570201,1.3858398057448633
579,0.6667384453497435,1.3762786619171579
580,0.2953529929090304,1.171687343516632
581,1.0038886867691799,1.6480326931606066
582,0.9091020889862463,1.3777881053242742
583,0.31708190462384744,0.6273544635145374
584,0.23509410924997057,1.350999698763113
585,0.7413792499819535,0.9653108449972376
586,0.6101558774400719,1.0301204910658326
587,0.18025247268058636,1.6303365369716203
588,0.6087769844486058,1.522132759853878
589,0.7361155932177513,1.4986825261985217
590,0.5396477260046998,1.6202210939924666
591,0.5674247532727901,0.9618665261820964
592,0.6783789420777906,1.0056475310568067
593,1.056195398213,1.4110087966914584
594,0.683319904937158,1.2459412057864967
595,0.6929063318331572,0.8316476584217369
596,0.984956765071245,1.4465991321922342
597,0.8765172313271764,1.2087188695138904
598,0.9916526664485276,1.166346436352118
599,0.4383219053047975,1.6517476873800145
600,0.36671785084265823,1.634735601758416
601,0.40813786099516286,1.3126461297652452
602,0.8416291948163371,1.695686369962363
603,0.35564679787493336,1.519658599952043
604,0.44833624218522017,0.6608383670996141
605,0.7573590352662316,1.1747386898524002
606,0.5230145587610249,1.4920709663586713
607,0.7503405716685895,0.9494269379755906
608,0.744095679880102,1.8071322026192467
609,1.1147168035135582,1.0894044204526812
610,0.2961630038678547,1.5864166057681865
611,0.7329263923608762,1.2684747255076951
612,0.625972630176006,1.6242134026059798
613,0.3950366506255565,1.010335636342068
614,0.7985673276677058,0.713095604799526
615,0.45840510966898035,1.3608120881328214
616,0.4146345075314281,1.6541611679018455
617,0.211442000006561,1.4318080063972243
618,1.233622823478179,0.8885723101449019
619,0.483688818554202,1.3366888571273128
620,0.40124933391807316,1.404251079100864
621,1.0883675130740815,1.3877558046172327
622,0.7154366041993422,0.677476020275144
623,0.7822894631127952,1.636175337781983
624,1.774103172995643,1.5801993227561772
625,0.6932915312455817,1.2424345011232403
626,1.127274878570165,1.4192170748404513
627,0.41930134754114673,1.1848692227653121
628,0.6201277288008802,1.6606448381207377
629,0.7677392285807892,1.4801642762698697
630,0.6881697504497329,1.5438437362215076
631,1.0233060783625072,1.6684848306825815
632,0.4363128879198989,1.1324804984107042
633,0.5183628073910392,1.6443385189844255
634,0.8243765708589447,1.2480256747739742
635,1.1583375187323683,0.96148399379767
636,0.5987068488081216,1.4072503266610792
637,0.35387872575073015,1.3187794861528483
638,0.5622005336280971,1.3704830459669488
639,0.724153478320385,1.1530296642329692
640,0.37639914625761467,1.3506446691328726
641,0.08298029762779881,1.5893401240811629
642,0.22333657066846055,1.7176792522739608
643,1.4345864926335545,1.3436056542755295
644,0.643414918043204,1.4895756898102674
645,0.4303133507905728,1.66947721218722
646,0.15416942701992722,1.7744651137227865
647,0.2517128344878771,1.759228934990881
648,0.6765527837931873,1.2293201512702066
649,0.8101175373820069,1.4152188725364914
650,0.5681889021506326,1.4044403971785528
651,0.5603508006491787,1.2712875787233422
652,0.4956995304936469,1.3380332777543869
653,0.5124946644722179,1.3598149287935786
654,0.43649116509586366,0.8695692457953128
655,0.7597525708150286,1.0955225929205339
656,0.3837430462172419,0.9609925939111401
657,0.8484350643265702,1.620777165877955
658,0.20006584182431073,1.869360739695481
659,1.1782482448574905,1.503466967555395
660,0.6575946775551385,1.2933412642853526
661,0.29397779932095214,1.3659964914962566
662,0.8356271199952477,0.984739674517856
663,0.5000062251292993,1.1299935229160982
664,1.1900321064349433,1.550527935861481
665,0.8927981010761175,1.2152494001267704
666,0.6874227170302488,0.9266959333128526
667,0.8804059928133658,1.434045615391968
668,0.9188959633986387,0.2659338849427404
669,0.8338292420006542,0.9672884278927631
670,0.24703985141540297,1.3701921794305605
671,0.21244124592831354,1.1383415568638018
672,1.0551064993262795,1.4434193741162993
673,0.444855889250325,1.1945743316830966
674,0.41074839473864005,1.189982887019736
675,0.3515057268505577,1.0116905806698238
676,0.22750716114761424,1.3740342852687546
677,0.4050413251654056,1.136594665960155
678,0.40975115401746337,1.2914541164046915
679,0.4574750196945444,1.5521655907618783
680,0.7786425112788936,1.598666737559442
681,1.4015553617825964,1.2821057618448974
682,0.7517364063998893,1.3272717101658005
683,0.5942875809997059,1.3923074099713548
684,0.5238829015783173,0.9773591213789659
685,0.30636484782158774,1.488555271871081
686,0.7295457994016125,1.3965708051877743
687,0.9072824416382503,1.004019548489738
688,0.22404884185457016,1.018088432698283
689,0.642456934171394,1.4459480356003334
690,1.0209458696377256,1.6478678179188457
691,0.7797344143842053,0.706818156970185
692,0.15602436576727183,0.9620516302904989
693,0.7957194824886067,1.3189567803016677
694,0.7497354661141866,1.5975578388742724
695,0.3998726655314355,1.668137201441362
696,0.5784447614212654,1.0392177752505911
697,0.4651336145838696,1.8231170356361217
698,0.9872700833183479,1.4367194092482922
699,0.5973132551249349,1.6138205962507834
700,0.4864294896435779,1.4366679291971258
701,0.9491457810643807,1.208344611803124
702,0.9131200308117322,1.5812512689805187
703,0.473981015854253,1.209647054386764
704,0.788029456136134,1.3664342535749718
705,1.1655723048182431,0.850560626528974
706,0.6875312421272035,1.277648666583133
707,0.5769861515387504,1.7956656384572205
708,1.2817262402455563,1.4921827998148054
709,0.6087953656369678,1.3419722127980114
710,1.0957195266774253,1.400322468257522
711,0.5933430905907013,1.2939752996148348
712,1.0016438098680949,1.4157753826335684
713,0.9789477020466886,1.198707602090796
714,0.8181416981200922,1.2385120032339174
715,0.9244469817196251,1.672627777476092
716,1.2087455470298032,1.6707614021710733
717,0.5021642109518786,1.5611723231211325
718,1.1927571236286116,1.5210870325747825
719,0.5272353105774491,1.6338992794257552
720,0.5348129380938883,1.4954133251422803
721,0.3519768625255344,1.1926248241142159
722,0.9381200382971305,1.072675260951593
723,0.7900231591354197,1.4482288808985877
724,0.34749582665487266,1.2049574483345924
725,0.782991443261773,1.466104826008733
726,0.6499420370577877,1.3501153760853934
727,1.39548514343633,1.2601066655798996
728,1.021826319298465,1.0860571044489404
729,0.503756967468576,1.6373181905394132
730,0.6050785018856012,1.3773440981072684
731,0.37447284820164983,1.227307628507568
732,0.3529258286292576,1.3756275510425056
733,0.4773005371629573,1.284283387756083
734,1.0704728870688938,1.323224182904497
735,0.851579814300877,1.2326573126631262
736,0.8547763339330429,1.2682793954335179
737,0.5545365936888631,1.3688060067710222
738,0.8942780131959389,0.8587912282816834
739,0.48145922320804374,1.2881619008310516
740,1.0914342158781112,0.9597271913086891
741,0.3646804103190869,1.219965459678594
742,0.5878185020090578,1.2807254177718246
743,0.5391452481621538,1.7493744785114553
744,0.7367840477254282,1.1998865299442827
745,0.6944776144421992,1.8681059992388165
746,0.9307500670734762,1.44843000694131
747,0.5184970546674688,1.6312842139214918
748,0.6677884321143981,1.192823996006492
749,0.5977977276000939,1.7017624132776632
750,1.05354121830198,1.2116239318352835
751,1.299511861729762,1.5256388574818835
752,0.45510611901737347,0.9782427310018993
753,0.9198191695108162,0.9395634574064315
754,0.8318777654240274,0.9913148078305316
755,0.47872749739284515,1.3282485613821886
756,0.7734403101251789,1.412103480984582
757,0.719477709239589,0.9830859033601562
758,0.6557897337849492,1.6917987650443904
759,0.5738642805648426,1.5056450656866671
760,0.5867522227215082,1.520563463479134
761,0.47671990694365324,1.2540234990133199
762,0.4580891809422706,1.553484926949712
763,0.7735549545553849,1.4468424258625743
764,0.31462625688560664,1.0936904247383852
765,0.2523615643301835,1.4991888384221492
766,0.9536595118758645,1.3238097732095775
767,0.6547449611961799,1.4088748742079735
768,0.6767857411091815,1.4232194672726295
769,0.9417933639058353,1.296005567746951
770,0.7447445125844543,1.1367404894818747
771,0.5675471655551791,1.1594114106546942
772,0.7206968386590781,1.7881118022620437
773,1.0810476724453517,1.3372639360870244
774,0.9450734369932251,0.9910864883879893
775,1.3319154878987316,1.1597702156123582
776,0.5107077937743656,1.1175536261669023
777,0.7155441927552021,1.3485328391051357
778,0.6803152766029712,1.0588480547848833
779,0.8554059620189343,0.7861412525552451
780,0.43781174486252267,0.9328498951790265
781,1.0544235771963193,1.3109692870748826
782,0.5519203077074301,1.3695909341395966
783,0.09704896786187217,1.351372462161037
784,0.2552681123273389,1.7183299007619677
785,0.6123957773568365,1.4143681760017428
786,0.7786516239125252,0.5805202459457204
787,1.0784348069914733,1.5287101407346089
788,0.6576409838925751,1.5079471586687438
789,0.8161553323467363,1.5194068176197366
790,0.8491876910044786,1.2462096712991326
791,0.4260917013952536,1.134394684114452
792,1.0162092986503881,1.6282663213861284
793,1.481908270186622,1.572123221275702
794,1.1069912160221638,1.2155353501284587
795,0.8477372345281199,1.2459518978748187
796,0.8350146792157773,1.708493426185654
797,0.7150866761080629,0.9591638578737955
798,1.1802213785820888,1.1046740775388968
799,0.849791209930764,1.5838568697072066
800,0.666132790290958,1.4253556987685108
801,0.40160334396934066,1.3361722773067322
802,0.3614103601142228,0.9587611145550305
803,0.7649618465441331,0.8279999616996394
804,0.4917689174888785,1.5609817404298763
805,1.3097179910732548,1.619425259275253
806,0.7150972532693803,1.120943174708994
807,0.4644967333689536,1.488453365941568
808,0.5748641824875352,1.1011257070439804
809,0.6270104148196024,1.6081409353867868
810,0.5183531300840614,1.1180373101349446
811,0.7734410884016916,1.401984605424784
812,0.5100541470885558,1.4468840055423655
813,0.24181488730299808,1.113712784759758
814,0.8552784723564933,1.8108852069219301
815,0.5249330624979431,1.2153060033067806
816,0.9730651831375052,1.6658115191779395
817,0.937647237618717,1.3389120393799923
818,0.6848739914741839,1.5359285337218456
819,0.3599522152389368,1.1048563066722539
820,0.5274598008879665,1.1021797715990211
821,0.8721119396276812,1.032290676193531
822,0.8229392223668021,1.732181590849824
823,0.7488245438793947,1.7395233876331295
824,0.34501100744585944,1.6158083022938516
825,0.5887160864334048,1.4808579710933145
826,1.0832297067531724,1.2342088839514336
827,0.9318536203616945,1.4399626668044256
828,0.7146466160588576,1.883740460575705
829,0.6449405800340519,1.4443055134839438
830,0.8594568840964303,1.2197594371871743
831,0.20323969748968038,0.9315139095551914
832,0.5608714396660571,0.46585830530394223
833,1.2159991885808181,1.6367543213375573
834,0.8986243085802723,1.4754561287554608
835,0.5333963443608155,1.3351018532961547
836,0.5217975429758657,1.152307345764369
837,0.4473781221398996,1.0946489986442884
838,0.8313088510405945,0.9178229074124813
839,0.26600128828640063,1.525978632436567
840,0.3974325386738065,1.704420679950425
841,0.4178811958519069,1.481453234697024
842,0.6358774026701318,1.3997438328173168
843,0.38501296481119757,1.3156162943326422
844,0.9658816945612059,1.366250457982371
845,0.6210370431181805,0.7571289147881803
846,1.302481475912159,1.58669458728272
847,0.8436338619227676,1.3446930974005145
848,0.5564807028249982,1.366531548272806
849,0.28059663811303603,1.5036664240244078
850,0.19481003967522503,1.775371269404009
851,0.4434696172919149,1.48612064616051
852,0.4104394165124195,1.7007764590104775
853,0.5463407673404624,1.5261236742398496
854,0.9208002559055559,1.1608522200300824
855,0.25092087025088705,1.0967684513211857
856,1.138353902226035,1.3901286970771163
857,0.5554459746663551,1.2144990308150396
858,0.4278038343866651,1.788079388207783
859,0.5239947041059113,1.2787190422639996
860,0.7182361938673635,1.5508293100957589
861,0.9849862971474636,1.1842197852378875
862,1.0396554694848914,1.3380659967398678
863,0.7145529212475791,1.4399263541578726
864,0.5248277373903061,1.3279133472440638
865,0.9822162616328127,1.546235972362888
866,0.6201636580567226,1.7543659393667759
867,0.8387098374570167,1.5973803158208288
868,0.4619441285491565,1.0154154637710828
869,1.2080795259430666,1.1763697934656419
870,0.5504889046404828,1.553013350740398
871,0.38688814668945926,1.1617160138694507
872,1.1803019058375694,1.5992991395560834
873,0.7799435469589461,1.2577966533911198
874,0.28973058979709726,1.4024363861328841
875,0.8226214282806338,1.2421309242956822
876,0.5643007011168886,1.574130188859161
877,0.6627987985908302,0.9897025127537176
878,0.6036682612124409,1.2449878750830028
879,0.6619445114076222,1.3201281570153274
880,0.7684044322412134,1.2098332658986228
881,0.30422009467495614,1.4525618928534252
882,0.7096080842694328,1.0701138246454067
883,0.7608526098034102,1.294673913867752
884,0.9342024939333425,1.3091670113512421
885,0.6112338998353033,1.3033333891280494
886,0.37862259965885553,1.6030959754730036
887,0.5209977771006935,1.4212526759454585
888,0.5832104255172471,1.6194105212746557
889,0.8222272371078115,1.3152096404790976
890,0.8337735165234541,1.5368901844147989
891,0.6933978564210137,1.0479926847479124
892,0.3441362837734397,1.2745636419779256
893,0.5470095967195782,1.67593219405911
894,0.9360096897885767,1.686332465107472
895,0.2804247551783722,1.6484193518948458
896,0.5633501930102822,0.6573004847408053
897,0.6545709632558023,1.528673045953906
898,0.3318302048096838,1.3464718297287102
899,0.6802391257142086,1.440479959121407
900,0.30649312251632993,1.6203802180624591
901,1.315060182765113,1.4041962348739243
902,0.6450548604289646,1.7131886239311394
903,1.3175510947569922,1.2340723000192746
904,0.41478194442779504,1.2724705508531573
905,0.40219916187836646,0.5312619184652556
906,0.7206783053464536,0.9302721286123208
907,0.8287369115139842,1.7924860507039195
908,0.5150118503153901,1.3100564508987471
909,0.7031322545690398,1.5176392349920396
910,0.8950095782073592,1.660356828894938
911,0.4276551789054065,1.4973490692368148
912,0.43531572733068674,1.2943249716754917
913,0.5302278637017143,1.1646147162680758
914,1.1168062108118264,1.4513890034872392
915,0.7461741757581413,1.3324620734576607
916,0.5902092641038135,1.3036648257834895
917,0.782628232393716,1.7616019620714054
918,0.5530681810858946,1.5877725539638297
919,0.35996558023717934,1.2866394667869048
920,1.1436865004067125,1.172008148789299
921,0.8581899642383027,1.136734536504881
922,0.6594298732765291,1.224155913601047
923,0.38956834894695314,1.5416329031900842
924,1.1305870406501404,1.537732194586683
925,0.4869673803140523,1.370946214560453
926,0.5529156054631639,1.4357579049189888
927,0.33770849791807195,1.4573592306633685
928,0.35912072501469794,1.3073943453182477
929,0.42960481474129175,1.0564303706902196
930,0.5675839595708435,0.8995399666640751
931,0.20392213845549284,1.4926367543272332
932,0.3612728441693229,1.0343722501195853
933,1.0722680763584185,1.1953768194240095
934,0.8859970093009425,1.6282567929652312
935,0.7275415270715268,1.582590679133
936,0.2149046482908695,1.159638509628797
937,1.2286548876653627,1.4575731064740063
938,0.6305018190446274,1.2030673941901706
939,0.3808451454027691,1.4214149721581073
940,0.39317829525872855,1.785912136132455
941,1.2251793428531192,1.4235175632117594
942,0.43782793038873774,1.1959849453702807
943,1.2493659341755607,1.1554444822921317
944,1.083360820466305,1.4673355186144355
945,0.768458221194345,1.0545072614021616
946,0.4828429614609258,1.104335168270627
947,0.5899068563927768,1.105988311152267
948,0.6607838553988346,1.5354394046624784
949,0.8809385584367933,1.7637344433671431
950,0.7942999034262724,1.5301145095567197
951,0.8621679873717448,1.3592469024112894
952,0.46993115786824163,1.6506995280961139
953,0.8722049903089106,0.9322989394401124
954,0.8544598481683532,1.5740218370364396
955,0.7813558898699204,1.4696919588838075
956,0.1825496620033683,1.5072213935450038
957,0.7328369563643162,1.2155427679351272
958,1.3010515600295662,1.28456481204779
959,0.5788374294859183,1.0560093584084473
960,0.7219665428028736,1.060096310548933
961,0.8053608093259269,1.6537720269334115
962,0.33307187409792116,1.4619091414039964
963,0.8498855448211239,1.43069916152248
964,0.09138207871495682,1.1695825897769265
965,0.5141028866975133,1.1875284206100742
966,0.7931364847910942,1.146107130926549
967,0.5432603040737375,1.190679163382954
968,1.0245979822978688,1.6132873402570447
969,1.3080956057619162,1.6797632594662968
970,1.0106527852007443,1.0113324164916313
971,0.5674438656461009,1.4323590302357798
972,0.9366742560515237,1.0943772937393454
973,0.2433699413922008,1.1505057448620755
974,0.540196084328839,1.287876757395007
975,0.8317614298081512,1.5625202542655852
976,0.3170758115204081,1.362994539906103
977,0.7934248668378394,1.3193061621058098
978,0.7356489549624963,1.8128401554247722
979,0.21958493315302383,0.9367499240633836
980,0.5504642180396364,1.285166234805967
981,0.4102395866822175,0.9035912029266
982,0.636136642187891,0.6220592023009213
983,0.6080551686441193,1.3211097321872312
984,0.5669687357315846,0.8532081125114883
985,0.8284520709363161,1.6265162780250697
986,0.8509079893017875,1.0542797670696138
987,1.0639049440472748,1.9363077951245022
988,1.1444626469465968,1.4507117566652514
989,0.151372002443239,1.0189198641320607
990,0.26874035754732306,1.397690039932614
991,0.42149652886502936,1.4351147983344297
992,1.0659679540048665,1.1416963926875363
993,0.4419768769589444,0.807805380904542
994,0.986242211364457,1.3679960115626502
995,0.2793087543678846,1.1926922140682934
996,0.8836584178241932,1.5545560623200942
997,0.27672705288787663,0.8758660183708629
998,0.39201887796713203,0.9645280016499378
999,0.7703895309471771,0.8610602859867469
1000,0.5032310759743023,1.350860978268054
1001,0.5103027359984891,1.3233349145195645
1002,0.12493802196318182,1.141490748892121
1003,0.4675262971724536,1.3946717724834548
1004,0.3732162198137548,1.8122153385480022
1005,0.6270999626223087,1.7638382620099435
1006,0.6315109384249817,1.7478557431314086
1007,0.2556404892055791,1.215255838166156
1008,0.45894809949056214,1.4109546846572605
1009,0.749160945178197,1.498502071951496
1010,0.9382977119506749,0.8039324620776651
1011,1.0121346735555892,0.9983975664113891
1012,0.6077090857210047,1.2079268179641145
1013,0.517612260539171,1.0147110411806977
1014,0.28853703735735553,1.37220181448205
1015,0.6189874433450995,1.0053358202028149
1016,0.8840099966529369,1.4870494119739281
1017,0.5990791940484096,1.4788237513789437
1018,0.7602824808102998,1.251823663872394
1019,0.4581006821482326,1.6719077868420618
1020,0.9141539119535476,1.7091576562475528
1021,0.7794207782467205,1.3771144184075568
1022,0.9546794422525241,1.2657473813976399
1023,0.2927076583832491,0.8273833750876696
1024,1.0601547438134569,1.5895653381954542
1025,0.7601675073733485,1.2245357712735296
1026,0.3777251737542885,1.7131327007638057
1027,0.44911198246426526,1.3896440111397599
1028,0.22604575182080455,1.5801345104917592
1029,0.41569554687127747,1.6565964047197814
1030,0.5404379544160648,1.5129875528488783
1031,0.8926331800522744,1.391385973562398
1032,0.26852185880134155,1.5631003706904707
1033,0.46812319144855474,0.5482118462086749
1034,0.7768618739377726,0.8311229432175653
1035,1.1565559501146372,1.2851374169146257
1036,0.36094044201970826,1.5102846494494258
1037,0.7521102983950576,1.476098609737689
1038,0.8655007747036975,1.6197987581892552
1039,0.29240343739972274,1.546238567168371
1040,0.664253517048772,1.4475569841552434
1041,0.483596027457854,1.1277428735254054
1042,0.3044961922898275,1.6188313012986661
1043,0.3328630933436348,1.020140078116888
1044,0.7773923519644936,1.7951476932389128
1045,0.9328528682063325,1.2983161444783335
1046,0.4508421275078449,1.6275083091473033
1047,0.29346545851845673,1.3873478935279513
1048,0.40594704179906677,1.4460526427220417
1049,0.6069139566256971,0.9396031288946534
1050,0.7245316749823398,1.5856080225967457
1051,0.584391608333578,1.8068473573433281
1052,0.9075370930912643,0.5233721523291743
1053,0.8346593439204588,1.4513664787017864
1054,1.584681352597245,0.733432722423254
1055,0.49818928242933264,1.5897558612664124
1056,0.30614333050680026,1.6926789474679604
1057,0.5824922612360189,1.8072881434590329
1058,0.6050055252420752,1.6709969649313456
1059,0.7875200821332483,1.4324814245427475
1060,0.41671271011647687,0.658677742723045
1061,0.691734683029745,1.145597397095859
1062,0.43801205987079395,0.9232945405299022
1063,0.40405095478069525,0.7111014740445687
1064,1.0184614394600275,1.5973124204260172
1065,1.1149167485137068,0.9993301210625198
1066,0.4944123363442515,1.6102174636959308
1067,0.8361711646628059,1.415274114691576
1068,0.28063454342929284,1.408720746081284
1069,0.5598144856503364,1.8843627252575614
1070,0.4544500011309168,1.7239908479903252
1071,0.5250695866398174,1.238614517086195
1072,1.095451490497494,1.2347827145437036
1073,0.45157357072358784,1.5890514717826585
1074,1.1037377036466842,1.5422463095382566
1075,0.9299148544108704,1.6184964047070676
1076,0.3415155480177607,1.612308628394595
1077,0.19587756803325282,1.1109580402659307
1078,0.7194197087738743,1.4885412417069661
1079,0.5324068782523588,1.4020341863619465
1080,0.5712482621458527,1.5955978923661447
1081,0.3849667962922364,0.9419003859554449
1082,0.2479510042346044,1.0263426234136344
1083,0.19508222907342734,1.346079461842443
1084,1.0830369259727117,1.1964840655739726
1085,0.8429832433179105,1.4278315239319592
1086,0.7907374281967157,1.083978761769663
1087,1.317380315635526,1.3230493171573987
1088,0.6880902164208293,0.7126080609157563
1089,0.2974759927758172,1.460690127751961
1090,0.6744014505945533,1.294887354445957
1091,0.33813158025082085,1.5655128858894003
1092,0.8120540041787117,1.402964158908922
1093,0.6199415105154605,1.330863937797151
1094,0.5277484284129595,1.297449756061254
1095,0.7392683424209322,1.5324046078805513
1096,1.0043484239003657,1.3873900992254709
1097,1.0465072251340821,1.2649267176862882
1098,0.5533748152110862,1.861788645586453
1099,0.5066021191594102,1.6501578516358473
1100,0.33954940088001057,1.5391064225129876
1101,0.8490972387178549,1.3873186414216527
1102,0.9658729143912629,1.683386182585274
1103,0.2651796926773115,1.2303551496640266
1104,0.5898389131694328,1.7428965498552453
1105,0.5437177214326896,1.4352864754015284
1106,0.5171692102113479,0.897944024188422
1107,0.28490870895387876,1.5726185380123456
1108,0.31114540210334984,1.5903590089588462
1109,0.1862641315368601,1.7434487708094148
1110,0.7276673085435574,1.30973864283308
1111,0.43265436492458104,1.0472499002783104
1112,0.46370475928343535,1.746399881715222
1113,1.3713331609811046,1.6610705740103189
1114,0.6789915502636015,1.5670404486431495
1115,0.6835784666729122,1.1956607736875968
1116,0.5227455361801727,0.8645983479953989
1117,0.55475514884556,1.221525878072292
1118,0.5858580267002306,1.2635065405336625
1119,0.49858314935837117,1.0057250783368856
1120,0.8174022543641937,1.6594247506602486
1121,0.4950949985015251,1.2960013150907868
1122,0.3909151764477311,1.2937422130910092
1123,0.872081730193848,1.0227944910153384
1124,0.6754354000779673,1.4626265546555812
1125,0.8086287252342508,1.5746373718989142
1126,0.5567292428797811,1.0379550497425833
1127,0.4280776521478086,0.9980865399479639
1128,0.4500455351851741,1.4011220072437078
1129,0.32498498511144663,1.4877031568063475
1130,0.8362851023372786,1.3852922893092883
1131,0.5946307719564309,1.3536344221747596
1132,0.8028239479864951,1.2311594917518647
1133,0.43030657265896216,1.0262976414936595
1134,0.6941279262372143,1.6640001474130308
1135,1.064320026264378,1.7576904002992486
1136,0.7431345906879674,1.3550548342399544
1137,0.3902102038582902,1.3098785135389472
1138,0.5107124600062428,1.510422078172975
1139,0.49376843874296306,1.139324006176691
1140,0.7288110293185065,1.4580179493603986
1141,0.5347571864500549,1.1834901787843295
1142,0.2169595438845466,1.7128179395164655
1143,0.3804232638641747,0.9399781451855458
1144,1.2752901249733408,1.4254977792038896
1145,0.6404204402029213,1.1368359400726025
1146,0.9840206033341923,1.5334892991290114
1147,1.003003752500112,0.7535056786956282
1148,0.7822579658722434,1.4466038092246856
1149,0.2579101809848755,1.1033769541422185
1150,1.151086439080718,0.7567702530172542
1151,0.4198742450136693,0.6656456301399876
1152,0.7224642117278346,1.32991171034455
1153,1.1955971010895692,1.1420767926270656
1154,0.7546839181367249,1.3660889599378496
1155,0.846579474338988,0.9229232752065455
1156,0.49972687363659146,1.5612807244297673
1157,0.9162073889885294,0.970273601359789
1158,0.7422411102068168,1.3404443004684188
1159,0.501587246764903,1.3426786788168137
1160,0.8519676294000277,1.3309947302967151
1161,0.5499611737644519,1.4752341686003443
1162,0.28549627457904364,1.7322835992593482
1163,0.5907716990973473,1.3011532114563509
1164,0.8454473275589036,1.5924144310967048
1165,0.7238804800987036,1.4494211227588445
1166,0.43892614310709377,1.5323290022819067
1167,0.7893426082669859,1.5393722973814228
1168,0.33680780982173275,1.3450164309634918
1169,0.6398588582365851,1.1893820041533332
1170,0.6311863980265813,1.7391301855627619
1171,0.4234473119360219,1.492624710374158
1172,0.919617290603305,1.4109873741667676
1173,0.675561640219388,1.7268763359240857
1174,0.6543621129975566,1.4260479182664259
1175,0.8212959558557317,1.2518016035138437
1176,0.8772744293804506,0.7965817344307247
1177,0.461065294578062,1.485673734732524
1178,0.6753795680550768,1.2743923451829757
1179,0.2069389988014472,1.1821947061964158
1180,1.2007715088915332,0.9973577857048266
1181,0.6682753174060028,1.5871294926211155
1182,0.29259601902194315,1.6850574717436322
1183,0.23538784141862687,0.8821373226383216
1184,0.37664297263379576,1.6774276260046634
1185,0.47314775526485114,1.2514318048857511
1186,0.47551604632236577,1.3712890885909665
1187,0.46921222205679725,1.033577179706215
1188,0.9483918198805887,0.9243600642692227
1189,0.14661582345044383,1.5195403999402388
1190,0.48500951775553064,1.5815335569556392
1191,0.8036503936029974,1.2392635417604794
1192,0.9547129384908064,1.4152183840119283
1193,0.786717281813772,1.2995986770496446
1194,0.7331366462984337,1.6050107696824352
1195,0.4119297037012806,1.2279227005252868
1196,0.9270740922578905,1.0548832581133443
1197,0.2647471290943331,1.5773403830744739
1198,0.7689160534855125,1.4355935049791477
1199,1.0859129331032333,1.4028543127510997
1200,0.2475357628601659,1.2089566706017048
1201,0.5087655769706293,1.3270063295973489
1202,0.5216760121062327,1.5077308978698927
1203,0.7721196917179922,1.5701638913793523
1204,0.7650835751893181,1.0116695120527175
1205,0.8138830017157371,1.518323660563315
1206,0.6056668328839542,1.0331235946042576
1207,0.6423683047746245,1.4098730879332537
1208,0.9079089010640791,1.6872113162494722
1209,0.584479332116509,1.6152932940389286
1210,1.0232127089767455,1.6178304406245156
1211,1.250874547119416,1.007738841623
1212,0.4805402352544141,1.2684980319530004
1213,0.29388903592199994,1.5605582838629046
1214,1.4813386934988924,1.4493868598298252
1215,0.47107009340798434,0.8260816113725733
1216,0.6382781399371203,1.561002705256136
1217,0.8166191585533882,0.9779587501508562
1218,0.6347970407491702,1.3266579180102838
1219,0.5046849324789714,0.878320448095038
1220,0.7500393683205943,1.4105549047875225
1221,0.4007342705000085,1.2675862589119093
1222,0.24420033635986715,1.5211052456503051
1223,0.43663152144677303,0.8530655444889728
1224,1.4392529511505998,1.4601016371136113
1225,0.25393262723743115,1.0462489792595737
1226,1.0386807965356317,1.2612220167141523
1227,0.4747980408473288,1.8832921653405963
1228,0.516945616552057,1.500069109590589
1229,0.6407731725639864,1.3580370875205665
1230,0.6705792855636354,1.3431781577143633
1231,0.573406568182339,1.2916592501971005
1232,0.6249779063902442,1.494141954757925
1233,0.31422827045257273,1.7422684090329872
1234,0.8891089675559593,1.6055033298647914
1235,0.7368749518521056,0.9003574826779572
1236,0.4056229724130276,1.2804436947345876
1237,0.08618998250815411,0.6937709948709112
1238,0.7583746161739714,1.5025326458730428
1239,1.0083813770008687,1.2380918815649267
1240,0.6583625216926794,1.62856923759171
1241,0.7469063895822837,1.436394026482067
1242,0.7314561392731309,1.7552087599983
1243,0.6329996254504054,1.6391634321458604
1244,0.8514374437023814,1.3443642083892127
1245,0.39817860301627295,0.2648040816174879
1246,0.45831459979312805,1.2362812261009006
1247,0.8299443954678052,0.9081639139142443
1248,0.6242088848624615,1.1004012301768358
1249,1.1348944029137875,1.5807439166896184
1250,0.27111428574226704,1.2637671962673127
1251,0.8602308096563113,1.6681595318772358
1252,0.6035711539670967,1.3358180039602887
1253,0.5366013515071623,1.548414978293086
1254,0.7574479527578385,0.5078130756472206
1255,0.6582774277684292,1.0810125199285334
1256,0.35612118463670916,1.5678839219490484
1257,0.4696994747278755,1.2536394084215048
1258,0.7362581489771095,1.5728995325505395
1259,0.8927512534693093,1.683709852473997
1260,0.2723822744144023,1.5746822703423855
1261,0.745106478805469,1.7461351639696874
1262,0.7095087902856183,1.2676877628517431
1263,0.7003957741417223,1.7444241819698996
1264,0.66407699222538,1.0085034434980504
1265,0.8516424899246858,1.363875981140231
1266,0.6460555979984071,1.5257688029474439
1267,0.7000374344305491,1.3496898065379352
1268,0.9594438112508002,1.4391567391083255
1269,0.685484996902978,1.4779006628722213
1270,0.5231994881768496,1.5812494796717587
1271,0.6519041768302013,1.8384006562580084
1272,0.6512044920600687,1.5053443088135392
1273,0.36809270325623594,1.7034038403310545
1274,0.8744177935586286,1.0524558027059978
1275,1.020359980250981,1.5632240722974584
1276,0.8918614433191352,1.2093398897998764
1277,0.7035169396196456,1.5715208040249466
1278,0.4449945035284198,1.180162827518756
1279,0.606516100289365,1.485129011832925
1280,0.5966234049203071,0.9110099496442834
1281,0.5003052429650172,1.7192165641653945
1282,0.559532040689467,1.782232059159464
1283,1.4379403453079076,1.1777767771950827
1284,0.5013475221190983,0.8012155148097448
1285,1.0128856244351132,1.2340543771638917
1286,0.8603988731852985,1.569493173354915
1287,0.6407785007542836,1.5735846939577711
1288,1.0204403864417964,1.2169387897227724
1289,0.7772373077740335,0.8152461653449845
1290,1.2178753029956184,1.6377209486269946
1291,0.4607577621673313,1.5248236290408836
1292,0.9220266062100435,0.7759905051148275
1293,0.7566471435126236,1.0834011340845096
1294,1.1553091335838437,0.895652370620279
1295,0.21287887465094288,1.4063675954244919
1296,0.9880903730614871,1.8470257228331528
1297,0.5176214937274755,1.5041494789521521
1298,1.5587280885392476,1.7845158377432588
1299,1.1171795036831982,1.5853408179490496
1300,0.43561779502825065,1.5081676329236569
1301,0.12502808464701418,1.426372081197295
1302,0.42950990245491905,1.8998831880533806
1303,0.47283339138201463,1.101465139157251
1304,0.6359611774488428,1.3069043780688636
1305,0.3002810488656325,1.268575083738614
1306,0.7442090647953792,1.391056068905379
1307,0.459659198897576,1.687130840535756
1308,0.4004911146039577,1.203275267734993
1309,0.8509681551847749,1.4915508050843211
1310,0.3997790040392473,1.1710147012818086
1311,0.3537521691829934,1.3558909951044646
1312,0.2755046128174122,1.7047677516946136
1313,0.6629257990834716,1.2087390535983342
1314,0.6429790428134404,0.8546725820168737
1315,0.6155377917596688,0.8787044032007598
1316,0.3873054830168622,1.309902927331684
1317,1.3016443882523525,1.492144502091331
1318,0.6895490005361637,0.80715533195412
1319,0.7479400618625229,1.7559672693332506
1320,0.46919415946136883,1.2302918644298382
1321,0.4178444083907953,1.0693811112538953
1322,0.6964432695892221,1.22848317579497
1323,0.3838347400933655,1.637353794513741
1324,0.6204174830616606,1.7910708773824453
1325,0.41533270911965625,0.9537178127314538
1326,0.436810607742554,1.4516054019607503
1327,0.7149909928339396,1.3985542202493138
1328,0.9000990193859534,1.4682024139584713
1329,1.4595704785313501,1.1935271862723713
1330,0.6466161751489742,1.5433333094438113
1331,0.9960111833345681,1.728666150688556
1332,1.2175723998934658,0.9340050484067017
1333,0.5552630420032595,1.1130392943027414
1334,0.6142269386911989,1.6033264551745963
1335,0.7361892475183918,1.3090554440206148
1336,0.6895079883870674,1.0700087172039883
1337,0.5228623247404192,1.405710405203798
1338,0.5594670866535305,1.6169363471932678
1339,0.7499929600171585,1.6431283501617822
1340,0.9451601128972195,1.3833937560687386
1341,0.21203336822500835,1.5082322801704882
1342,0.5291378968188466,1.1566112095964862
1343,0.6978493524899665,1.2184807177557109
1344,0.9359666056861958,1.2105511624314693
1345,0.3658869110216504,1.294078967698416
1346,0.6358152601870749,1.6768560826613599
1347,0.8173279833766194,1.5917774189743799
1348,0.5861890391221318,1.6243716730791442
1349,0.826940183268646,1.806579710917515
1350,0.47180323184953915,0.8115224114668986
1351,0.6418675690996591,0.9413225662317808
1352,0.4728935958944409,1.3631658092616914
1353,0.7146643035978721,1.4018646737545652
1354,0.8991131003863566,1.3720497842581811
1355,0.181122798109995,1.5838079924820787
1356,0.7148169912356219,1.4782665344749744
1357,0.579147605165239,1.0878049093712745
1358,0.49221716419552414,1.5598935802528244
1359,0.6054409442152242,1.682960285431335
1360,0.4931142447070179,1.4558811041284003
1361,0.515111157627865,1.360513528800559
1362,1.0150042913910986,1.2783932887621972
1363,0.4486525595559771,1.0346981285162957
1364,0.5542472724745127,1.3822498638376763
1365,0.972782336255362,1.4302287633390423
1366,0.41057431668140604,1.4853288203668735
1367,0.48166343735665623,1.8416262734820978
1368,0.47108572310867974,1.4619875762272985
1369,0.5604499189415372,1.4996277105627
1370,0.7062274368291416,1.2804523664891994
1371,1.2167274674988808,1.505861472390709
1372,0.45613940326860136,1.333724906262154
1373,0.22816754722030244,0.9691829079742635
1374,0.6852708773981201,1.1888854473095491
1375,0.9246620510976854,1.500201263145929
1376,0.6402295833439838,1.6405535757701193
1377,0.6078193508769527,1.6839267387428902
1378,0.6646155103100393,1.49790166451705
1379,0.6914494878856793,1.5099983359227638
1380,0.43172051801737804,1.4258993565740439
1381,0.48578587694418135,1.434748904215163
1382,0.5569224818005847,1.0799642832691776
1383,0.4857799794913901,1.6265169200722402
1384,0.7901743768397905,1.3811612214059694
1385,0.47122653423056216,1.2449649191335403
1386,0.6304003010523563,1.6200946508320682
1387,0.3575373270206187,1.4902229842278971
1388,0.34060820917603923,0.9609755450314659
1389,0.20351117655853362,1.4560777806780203
1390,0.33572177123185437,1.41979999760474
1391,1.0760777660987408,1.448402102656177
1392,0.6421642356849984,1.2215215703490028
1393,0.5535895034445688,1.3717014017934828
1394,0.6079916537409407,1.4398515925479747
1395,0.4430345441558586,1.4742387579590845
1396,0.42452709458000387,1.662263454857337
1397,0.31432413210158344,1.3932712919199064
1398,0.6710791804433837,1.2567606833913918
1399,1.1225735990294552,1.2435273562909694
1400,0.5904314007739508,1.462332873037969
1401,0.6500667173294536,1.1364921623891118
1402,0.9124423897178646,1.608466891086187
1403,0.24944433097024007,1.6122810363513735
1404,0.8126582832303562,1.2300166207296064
1405,0.569588500438687,1.3828880980571383
1406,0.5120434191715492,1.3185206774828153
1407,0.7649653032263444,1.2747123770619047
1408,0.9081257499144929,1.6215650972009035
1409,0.38078798294013055,1.3807679466376115
1410,0.5566486199811144,1.3628698024295924
1411,0.38799301655279045,1.0086610291332854
1412,0.3586499944558587,1.718471077544534
1413,1.4537552894545156,1.3415271075617663
1414,0.4361607242177191,1.359514485321986
1415,0.5034303616381547,1.3465703038194896
1416,0.7618486713587636,1.2551534924197876
1417,0.1662579967872737,1.018096485165061
1418,0.49914443618457277,0.9360711151036041
1419,1.1254397025435863,0.9271114245511638
1420,0.19673863863558555,1.2481290998994907
1421,0.19985903758867163,1.605159052925291
1422,0.4220059946785294,1.057313889062267
1423,0.6202107881864536,1.480346741844556
1424,0.09484243753049908,1.171941411086848
1425,0.549946421764121,1.5520030591310716
1426,0.8026419827967665,1.6319235480077356
1427,1.0076890485923664,1.219498971044814
1428,0.4650073992542411,0.8751583372056346
1429,1.2254874228139259,1.7763939370900808
1430,0.5758386568884262,1.6686490563977885
1431,0.3619858996866518,0.7439653953069993
1432,0.25122002725903414,1.3452783948029485
1433,0.18210460889070426,0.8336501364729747
1434,1.0644296655321948,1.4570290466896072
1435,0.8332393457417986,1.0845165065445779
1436,0.6955422708427534,1.4338656880140446
1437,0.495469893302152,1.2902462352831856
1438,0.5517715341151562,1.1336749460515119
1439,0.8026342966290066,1.2680269885742252
1440,0.4927285745188921,1.681044736548461
1441,1.1285733997849934,1.641913178431765
1442,0.525820159969268,1.5975258455336032
1443,0.4302894194934176,1.7846454154112628
1444,0.5459416428545474,1.015214223532666
1445,0.465469004269061,1.6681508146666477
1446,0.7392910035607643,1.6240804997932583
1447,0.30852004251938464,0.9227778418209318
1448,0.6878702898984933,1.4423158251917616
1449,0.7403892283582506,1.6383781123610694
1450,0.6095329551337707,1.3410863913509525
1451,0.7251411203951488,1.5186936420207409
1452,0.5425533475779821,1.3852682119300916
1453,0.6115520219903585,1.2897206124825042
1454,0.5765379227983144,1.3651157499571749
1455,0.6419234194459861,1.6216899668741913
1456,0.4841917189814459,1.1533953570165645
1457,0.9612105651156764,1.590205177348734
1458,1.0412915378145027,0.983826919173175
1459,0.9134337331792814,1.3313825871676466
1460,0.9615808418863279,1.0098282137435617
1461,0.6108791520134222,1.2490680832560723
1462,0.8114877437564632,1.3429179689227881
1463,0.7835000932573102,1.7035190362011992
1464,0.6356705772153113,1.502819620632675
1465,0.9503050321290402,1.7297062095684237
1466,0.5268985807002062,1.5274828252130646
1467,0.787733369281954,1.7523774575968754
1468,0.6032667975270406,1.0146427277512333
1469,0.7351530738605996,1.3587252548801274
1470,0.3878081261146437,1.2168530344532296
1471,0.46686956555691805,1.7209408569499536
1472,1.2492246832466687,1.6989764569378754
1473,0.9997086340124121,1.7017331395433581
1474,0.46492620891326336,1.6657393557005256
1475,0.7916141271235544,1.1709522466008875
1476,0.8998540603986186,1.4668675984047428
1477,0.45773388794793946,1.343813838750261
1478,0.5430376071693078,1.3025307230572263
1479,0.5710799439823153,1.4718080315061437
1480,0.4006125185961252,1.1683949095811292
1481,0.7589921024522643,1.011471198503173
1482,0.498246641243269,0.7901624321153042
1483,0.6235384558949041,1.28603976512972
1484,0.8684630366524957,1.0956778618168361
1485,0.3978745436053297,1.5636312879948808
1486,0.8892564233583802,1.2152265099065376
1487,0.7693764045654304,1.063308288530978
1488,0.80363426262447,1.4318076002845368
1489,0.7900175513281726,1.2211229040055382
1490,0.25341120638945885,0.9564973246878556
1491,0.4058473373833355,1.7896723485657466
1492,0.7387548866389921,1.8630056824702608
1493,0.18088121612076474,1.5181610584538296
1494,0.44552808096865526,1.4681884520584665
1495,0.3839777098823178,1.224614133342767
1496,0.2882756991683739,1.1460222882589857
1497,0.822549310323876,0.596755563189026
1498,0.8525059117934997,1.4824077491222711
1499,0.444110680292445,1.1819010259309157
1500,0.6444773531613582,1.4112864951852218
1501,0.7046317455154893,1.4240212913877395
1502,0.6277005111778541,1.3583259802788314
1503,0.6243010140088565,1.2589362752776263
1504,0.4767794683136334,1.1796401026720085
1505,0.47771810538434556,1.713260704123038
1506,1.1061595522268066,1.185598849371131
1507,0.6380520479085656,1.6384414279271824
1508,0.5156440170352973,1.2904860324433358
1509,0.3711148226373653,1.6204155092274442
1510,0.5517454229784219,1.5659202720361798
1511,0.4006730909722846,1.2730910301239902
1512,0.8451979550426217,0.9532085493042084
1513,0.5320098735402442,0.802766017005067
1514,0.736987298763209,1.157888931247003
1515,0.478113040074517,0.8420450202068572
1516,0.7545580992099988,1.515007139822506
1517,1.3631705744678868,1.0589478845854199
1518,0.5941689677787623,1.449455013106252
1519,0.7449033487151026,1.657469717968263
1520,0.06571201582253984,1.4793991951760175
1521,0.6399432707130085,1.4785202099296764
1522,0.6458377578447536,1.097557957679625
1523,0.9140644904167052,1.2514764120820794
1524,0.904987009316348,1.0827698985809828
1525,0.38976608545915703,0.9276104094248547
1526,0.8343913280748456,1.6320547047949783
1527,0.7638027885273557,1.2162482418049148
1528,0.5366105860956545,0.8406907849679628
1529,1.4689313036275788,0.9072507785661281
1530,1.0514841629367764,1.093452916232589
1531,0.6035817615139678,0.8890218273370585
1532,1.3405780059547514,1.3463722926337494
1533,0.2745821768837622,1.459766809756709
1534,0.3375948340034729,1.3543866098467467
1535,0.5966679167196653,1.1814616679388155
1536,0.5103512038867315,1.2761497234678636
1537,0.989383462529334,1.5534527331077446
1538,1.1947745444874471,1.4004099960838077
1539,0.9369519303944104,1.4991961680123245
1540,0.6637089123970108,1.2625836778281678
1541,0.3459450095326495,1.8799796009615508
1542,0.47891358233112735,1.5590022445701948
1543,0.5255618290541159,1.6926323137508452
1544,0.5091908418275538,1.6539953131335863
1545,0.6543796330776314,1.4363759629664123
1546,0.9399119836987927,1.2631463204598328
1547,0.7223689855979905,1.4687595931233044
1548,0.13956986695748302,1.199859792210596
1549,1.0198420212094812,1.6998098420134675
1550,0.35282197408537724,0.941456128109748
1551,0.5665150647620112,1.5869610300786532
1552,0.5348219465400521,0.9465659682500531
1553,0.7360503224839822,1.0207966246659734
1554,0.8773258309259183,1.3818900323465644
1555,0.6116652553652028,1.8624178215117935
1556,0.5529562611788602,1.335831373010201
1557,0.5080255865134945,0.8849133262644013
1558,0.7725226289931372,1.1272080791010688
1559,0.5337515985397409,1.1318042638195882
1560,0.5576854751328422,0.8626756797500887
1561,0.9592849937774058,0.8367500293665924
1562,0.7285746849857948,1.2605045250633706
1563,0.7827639694510202,1.4517351962522795
1564,0.7032538658673225,1.3966889523235606
1565,1.1008268224103186,0.7820901469702584
1566,0.9006406377500572,1.2754166037355785
1567,0.7805006133932322,1.2909488490118406
1568,0.4702928940026036,1.3665209958773916
1569,0.6108027727957173,1.4797873623852218
1570,0.7188313071240446,1.5943450275975974
1571,0.5436796499483662,1.0958715575900286
1572,0.6662853393390222,1.5931773834330496
1573,1.1051635576918284,1.7649878462986066
1574,0.9490950724003381,0.8768403788654937
1575,0.707457591742984,1.2774544038246427
1576,0.555063118917891,1.0551127605257
1577,0.8072065969276697,1.3228377215523113
1578,1.1890482977967725,1.6696765622402379
1579,0.9770242102461152,0.5528755411843715
1580,0.9850010763106711,0.9459480447670932
1581,0.6926542586281194,1.6007460443796981
1582,0.34827047065885036,1.2959851395024833
1583,0.9821712872101779,1.2974260473081536
1584,0.9493313053612493,1.7842146988774419
1585,0.47874609075654795,0.7958904951454526
1586,0.851745227234092,1.553822517600583
1587,1.0670926694569902,0.9963522901888844
1588,0.44956546023011135,1.388500440768687
1589,0.5646716397620193,1.6780121393502883
1590,0.6484947101788435,1.0827150296030412
1591,1.4842788747221871,1.4022491378389392
1592,0.3242943834353192,1.0151534720492261
1593,0.9318129487961884,1.5355331957041978
1594,0.2602774712335306,1.0611883537975846
1595,0.9464892343717161,1.203822475271425
1596,1.216783331167134,1.8704571888082868
1597,1.0304558660405936,1.2975013858385949
1598,1.1955154860468502,1.4539024645874308
1599,0.4578034628699654,0.7450580108023921
1600,0.9139254532559585,1.3592195039330037
1601,0.23876478451634967,1.8325056880418011
1602,0.6219370969579144,1.3863972279967183
1603,1.0962090015870676,0.9691974990893466
1604,0.26759545642718086,0.6915217298231024
1605,1.0741731191596327,1.4486785075228439
1606,0.6651363682350881,1.79571215366683
1607,1.0547060341651338,1.5674860301942763
1608,0.6000841772572533,1.3090852651489824
1609,0.8017126150756936,1.4562378505120286
1610,0.2142461857121115,1.4515344658758225
1611,0.5640052002212047,1.5262848453784783
1612,0.39613277057195967,1.1150489131345662
1613,0.5173339828514637,1.2663363073555103
1614,0.2773565757504652,1.2184774848578122
1615,0.9436542474434672,1.7265038360518303
1616,0.6989962793234417,1.7697292646673508
1617,0.8070832588214935,1.1392520056440971
1618,0.3362506202640903,1.6670254924422157
1619,0.21363947867216024,1.2417641466024456
1620,0.30418021612722296,1.5363515297467185
1621,0.9267924714101524,1.4326685855333072
1622,1.3561018095196273,1.0186848457087638
1623,0.4672031114687898,0.6879433103802979
1624,0.5972496780328179,0.9731152847291111
1625,0.2804716920127385,1.1739045895743452
1626,0.5108257616225901,1.5535758117232512
1627,0.5308991787987212,1.476423456145366
1628,0.7235595787064735,1.4836740572578435
1629,0.5115708315823426,1.3113595341046669
1630,0.444928878778493,1.3849645914794686
1631,0.3916637837585811,1.1195131818733768
1632,0.7646635730617523,1.662755173710352
1633,1.1212449980161239,1.8743228634586628
1634,0.4806589826824454,1.5245950675282058
1635,0.6996190210705134,0.7148713133577691
1636,0.5053235053527713,1.1790949808584716
1637,0.948460945079069,1.6633242216264288
1638,0.5856315797573899,0.9900471534781765
1639,0.3035544436860529,1.7965244273905194
1640,0.8611911349072838,1.4845642628328257
1641,0.9012767443293703,1.294416806986809
1642,0.4463325421723426,1.3772549646193915
1643,0.8427708234038314,1.56631303516538
1644,0.5376915127344399,1.1489855768173594
1645,1.4992015551305646,1.3533646727608435
1646,0.14231879853527185,1.5080134753580312
1647,1.000572314384134,1.037354171743199
1648,0.900749031298171,1.1515101849861482
1649,1.5459834601992686,1.202112089025578
1650,0.12892185018276847,1.4562369987801573
1651,0.5080367334998656,1.1595108331898785
1652,0.6356546353530791,1.7298696864686143
1653,0.4444622440844308,1.411133512504977
1654,0.40305996436151487,1.2453206430923078
1655,0.9617444569336256,1.621100807692335
1656,0.7918579503837044,1.4097260754590244
1657,0.5125562013797964,1.2562640533215093
1658,0.6446955586526875,1.2006808243584832
1659,0.456948450889099,1.4326274080990635
1660,0.8705011752897965,1.016258637883392
1661,0.7170502270360591,1.6758582233158248
1662,0.44661821451204453,1.282078285982985
1663,0.7660856909792397,1.559420080252678
1664,1.1199084171047997,1.044723904394927
1665,0.4391289950650634,1.3430077134463647
1666,0.9018788715947232,1.5026489221657577
1667,0.7528595726248749,1.4767254697766248
1668,0.39361064119434386,1.5099389736886457
1669,1.2051502353866457,1.2694070552472916
1670,0.9408325036339025,1.6897462353884436
1671,0.4583433578542059,1.6962213514081523
1672,0.28750465189508734,0.9356309514796497
1673,0.8002528113034391,1.2233361160017644
1674,0.7493298294776664,1.710346170260562
1675,1.2679277525323511,1.5293177012774384
1676,1.2342867246103562,1.5139783167487613
1677,0.6836810218158247,1.8776039763318533
1678,0.5408135932702066,1.3222492690175245
1679,0.654605698384895,0.9140715165071194
1680,0.6709179295566381,0.510630517830529
1681,0.4381757167380763,1.36120533524353
1682,0.44629485582640677,1.4692174613101687
1683,0.9119073463595868,1.24120127757446
1684,0.18310139158947647,1.1715401729309511
1685,0.6347346694764684,1.4406345548246688
1686,0.4673025246086813,1.0791513157303623
1687,0.12450669099806178,1.5292149552308703
1688,0.47576166148765037,0.9967760098693306
1689,1.002237444779305,1.1946562301397827
1690,0.3640305094812865,1.015232661697992
1691,1.1143130535034207,1.6123406759929466
1692,0.4012482015568183,1.427557560860202
1693,0.37614583495245607,1.3536903848817659
1694,0.3807992392106706,1.6971704889704449
1695,0.8614167505541189,1.3305567071513087
1696,0.4022598166074083,1.4850472463499669
1697,0.47900373213093106,0.9810288560308633
1698,0.29072913371679676,1.2416821533587046
1699,1.1741180744033424,0.8168096621780312
1700,0.7969476561876838,1.5903201971154677
1701,0.967053859462671,1.0863195945893183
1702,0.6645469555069607,1.2938259430858299
1703,0.20716144689503418,1.2331124663610162
1704,0.9889819230642268,1.7270158062543388
1705,0.6605947122420831,1.5450674948987164
1706,0.2574027139150906,0.9657013151093015
1707,0.6900269105663283,1.4353775675086073
1708,0.4159208305211578,1.2410561999048815
1709,0.8748023514976311,1.2079634102487657
1710,0.6976341766974076,1.135045174519726
1711,0.7531758245714448,1.1056572976756338
1712,0.38607259255665743,1.6453870071429135
1713,0.7661137163381135,1.5256234191744986
1714,0.7964107837613547,1.554767549651224
1715,0.46215922128497355,1.7070543669452625
1716,0.8846638081862316,1.0129228297670627
1717,0.521991847708999,0.5946569224736196
1718,0.7316142740696271,1.3219729186993594
1719,0.48432227664487437,1.5906709989396222
1720,0.6260225754883794,1.7824682355983008
1721,0.871108060894327,1.6342153192052986
1722,0.4397301695833971,1.454592319054485
1723,0.4246007064381771,1.5024802548809273
1724,0.28170692548544524,1.529427423640523
1725,0.4290890046195404,0.840513180515513
1726,0.40738466766690723,0.5710806121218202
1727,1.484840816005329,1.3672922047613838
1728,0.42611248086188486,1.6973738015856406
1729,0.9231631286979856,1.1704569962376599
1730,0.1379123027551193,0.9681875752301363
1731,1.2685479539722018,1.403458288891959
1732,0.345642480196728,0.8267067323739892
1733,0.9070142537743607,0.7530323928592133
1734,0.800045766955697,1.125673464000715
1735,1.1927322421112099,1.4842929274496472
1736,0.716966547268116,1.070838012697875
1737,0.24554965873639661,1.0151659150203955
1738,0.40285037636387366,1.3096338294467695
1739,0.955219665048469,1.0870255400939093
1740,0.3711099004646151,1.0796724816786163
1741,0.8520018841579319,1.2266621681820196
1742,0.1543846191360527,1.2184761361535403
1743,1.0644668365940453,1.0958207393486814
1744,0.33050724761598405,0.8224485521161218
1745,0.5182149173916939,1.399294655334626
1746,0.6080148375613144,1.6125496312479726
1747,0.9022071881590168,1.6263204447575539
1748,0.29779156881880725,1.2422121569723612
1749,0.8013181211980354,1.2413358683180484
1750,0.9144223158287976,1.3156107904755607
1751,0.5038271492091448,1.2751536768557252
1752,0.5861214537679261,1.5273006479429119
1753,0.3768375578919255,1.6770246475898938
1754,0.5748314624580778,1.2327169830796438
1755,0.5916205420069458,1.6600603899469606
1756,0.8341719871608461,1.4965698239137653
1757,0.6878913889820834,1.408867727264064
1758,0.5901654654648891,1.4943622337243145
1759,0.694312513098562,1.4846085790405104
1760,0.6900732342152425,1.5838163618374272
1761,0.2596613651402965,1.4982762237841993
1762,0.5441676895639479,1.3522047394404018
1763,0.7502633247335649,1.0496890328213797
1764,0.6351882218953743,1.3582227851077286
1765,0.6234325458187463,1.1644345996630017
1766,0.57102515326238,1.2692914602416
1767,0.46215271040908296,0.6201986517314293
1768,0.19774442156105831,1.2396354386291262
1769,0.14167348004636046,1.8352560262877606
1770,0.7672309300019928,1.5732737713932838
1771,0.3667374756200401,1.2727639993542317
1772,0.8807959567164096,1.4386094840753296
1773,0.5630470450626877,1.5507801852555714
1774,0.543815140210427,1.7245471626128301
1775,0.8016844751728686,1.2071838317406394
1776,0.5147978242113339,1.3002348562205155
1777,0.6095960481507076,1.0950060395574526
1778,0.5559814293036681,1.2506751512634993
1779,0.42183280379301163,1.1320967706480014
1780,0.27624966620887553,1.6662899290813606
1781,1.2312215945655318,1.2389423269584097
1782,0.9525597453379734,1.056342042616825
1783,0.13786908166580633,1.0080634972163716
1784,1.2361016014623492,1.3115573484042782
1785,1.020816814796596,1.643980971201506
1786,0.8920162247278158,1.1868001554346241
1787,0.2748693745676197,1.2927564229585955
1788,1.2003836119957119,1.5885307513158105
1789,0.28118101743904994,1.4667754751881006
1790,1.3318808428380868,1.2274005584714303
1791,0.4075974464684821,1.149503035929986
1792,0.2964873163924508,1.8176735216051165
1793,0.8260018429597639,1.4161354907129868
1794,0.6643100349799215,1.5180840880751463
1795,0.7046717561526986,1.1571357586588285
1796,1.002390142647677,1.4245877404771963
1797,0.5765737787400512,1.4664087046761443
1798,0.9285683127136091,0.9273670558721996
1799,0.5782469594384955,0.9952050503025778
1800,0.685075685517253,1.4782854628299131
1801,0.7143486754185288,1.4653800204316003
1802,0.20535546031781993,1.5326477435310037
1803,0.32368898594063916,1.2605980181690137
1804,1.2450774070437947,1.2294130738406293
1805,0.7843524509010481,0.7889519600699493
1806,0.5217822512370046,1.327171900642677
1807,0.5489955763496014,1.3632479556219117
1808,0.568250995735705,1.1101773825381027
1809,0.5065305362566909,1.4550632091084381
1810,0.7841651141033342,1.2080933132751959
1811,0.663636016351935,1.4455251646684342
1812,0.6994659374954195,1.4821154462213637
1813,0.5652372692605451,1.3016086090895405
1814,0.2619211027347132,1.4664930184945542
1815,0.8049234121281188,1.1630356252324363
1816,0.6285961643628071,1.5184982164760807
1817,0.6804171807717005,1.631155575724713
1818,0.5022358056101109,1.411011594709945
1819,0.2513278132236866,1.3855008982121086
1820,0.9730978478330692,0.9827065070168988
1821,0.4785219639609189,1.261999141023646
1822,0.4145936340533104,1.7318088802973268
1823,0.2415807516632643,0.676905283257363
1824,0.6027150953137176,0.6224181492821363
1825,0.8630957209644916,1.1887113427495108
1826,1.036934391349352,1.575644395535976
1827,0.7535635700559451,1.4997237968757713
1828,0.6092514646114514,1.2758384400918272
1829,1.111638211564175,1.2767046705131158
1830,0.3930845408443244,1.6749683221534086
1831,0.6437348673285632,1.3739536268551134
1832,0.8466442216329836,0.8738807506609192
1833,1.0350434971950737,0.9721765724548006
1834,0.857149300095918,1.338004464710313
1835,0.6227567225975723,0.9774660060225295
1836,0.5369074210297129,1.2432373143785065
1837,0.3426649963530244,0.6461369329598496
1838,0.6850989962008049,1.3820671614314204
1839,0.5930539038659743,1.4178184117993449
1840,0.7040016894120585,1.574343278892778
1841,0.3286295416313651,1.3775999128824703
1842,1.040857330917259,1.1480627230530667
1843,0.32923349271893787,1.6498009433403145
1844,0.2224772103875882,1.1812722384544556
1845,0.47207802626763223,1.3930185806382922
1846,1.125250557508321,1.2406905842171077
1847,0.3155303915725714,1.2683892986630552
1848,0.8208311122930322,0.9714816043093286
1849,0.8144725755755977,0.9065049910862928
1850,0.9271073247414866,1.5871821730062545
1851,0.5281233958031959,1.191834094704878
1852,0.5805495624751368,1.6706845049865549
1853,0.49056006242129746,1.2305603393614444
1854,0.32942813987262215,1.3915158224681514
1855,0.9114032562212218,1.2601447070175884
1856,0.6483796613046713,1.222359086438681
1857,0.7011072643329779,1.2685698062944226
1858,0.6851934850628452,1.1428424182676493
1859,0.8111742514406993,1.282368134763066
1860,0.5091189688774787,1.8312491855726447
1861,1.0607794739551772,1.5779025148574586
1862,0.30440643137509193,1.3908866223891323
1863,0.47400952940804236,1.834990976902664
1864,0.535706210630677,1.481063711201984
1865,0.14484419172062307,1.7870358483747952
1866,1.2910208980614988,0.8050114621316513
1867,0.692613135693771,1.7480981160259272
1868,0.2537397204274568,1.2091641731285492
1869,0.798113397119371,1.449692891108955
1870,0.39201013245818384,1.7167326765824167
1871,0.6702014760193719,1.1165356039413248
1872,0.2727228917847413,1.302317799318509
1873,0.8830608314047841,1.6942883467792371
1874,0.514841133276265,1.1730733609774404
1875,0.5816040961023856,1.184085663873717
1876,0.8177157544367194,1.5757161639146484
1877,0.48601826222733907,1.6506976715569328
1878,0.8230192959101447,1.3465130441197664
1879,0.3910581509148945,1.7282702337698768
1880,0.8986440604681849,0.9682348596787622
1881,0.6825760236126975,1.3089376929892844
1882,0.5916781936910986,1.2626468321689464
1883,0.28673595425784476,1.0980679064434242
1884,0.6182007147526642,1.3716061838012676
1885,0.6161592617039592,1.5685627914384184
1886,0.8132794311785198,1.1439211771209847
1887,0.6006158883080651,1.3320514482051453
1888,0.4804684006071524,1.1981104401788705
1889,0.7267097355764779,1.2789433673236215
1890,0.7330532773501044,0.7579460775916793
1891,0.5492716489279393,1.185333637359635
1892,0.4863302807192829,0.8601413934815385
1893,0.425887782337905,1.5717337862070995
1894,0.7711400064173273,1.3874973196296372
1895,0.9429161269571077,1.724569076830316
1896,0.4451726311614478,1.3609034515276113
1897,0.721256900521312,1.180944278911098
1898,0.7348428304110319,1.0244227112603923
1899,0.5352977006156521,1.3808471677279472
1900,1.1482324288775971,1.3424654890537981
1901,0.44532771254901343,1.4521923955720952
1902,0.4155942230382161,1.5992219070273161
1903,0.36818910160679075,0.7981945318787589
1904,0.5482982112678986,1.584743006280491
1905,1.0664891232974056,1.27725552629615
1906,0.8451570679403864,1.3180052411832046
1907,1.394208456131151,1.3090498253615919
1908,1.0422218757603163,1.3626887255741456
1909,0.3055716392113401,1.30614902189114
1910,0.495952757421849,0.8178012803481087
1911,1.007394160073132,1.4981548764534691
1912,0.720617809736455,1.6024882268172675
1913,0.7652576134076433,0.7400283077028884
1914,0.46734661039090764,1.2580540302649394
1915,0.4059824526737186,1.7510205050744243
1916,1.0689003911844475,1.5080058198803024
1917,0.4467702213217966,1.3574189263193408
1918,0.7656229372996718,0.8350764735614291
1919,0.8426207609229327,1.6008389276554362
1920,0.2660564549784233,1.6354494962562187
1921,0.47361254327352137,1.0225016750673181
1922,0.6782823944122227,1.4609557000615712
1923,0.6276655821926136,1.1753674960730802
1924,0.9487849224723945,1.1060918685399967
1925,0.6267504151676789,0.8767568481775394
1926,0.6805143658010292,1.3817421251561224
1927,0.5786685738385003,1.2452553153786095
1928,0.6746081491138903,0.6803313384082406
1929,0.7125367171020485,1.0327765156091184
1930,0.7145243303733293,1.5955747085396532
1931,0.45361083770270405,1.531158526564736
1932,1.052897676583614,1.3412931982140517
1933,0.044291312433111095,1.359892474970228
1934,0.4752388273973113,1.818735471794826
1935,1.1109642266279447,1.5101161885261947
1936,0.8899787071294231,0.9631420916031885
1937,0.910057711704349,0.9757126515605625
1938,0.5285230408914191,1.371896962938365
1939,0.20583020140892114,1.6203460085321024
1940,0.4052322590806742,0.7331719312925615
1941,0.5126623501184014,1.5156821777180194
1942,0.4237808459341352,0.9921835686642015
1943,0.4673702473874237,1.0997250235388512
1944,0.5313676395186742,1.1266821773748852
1945,0.17907115838236473,1.5822080849878033
1946,0.22914097363151395,1.5771050487235687
1947,0.9948638591262696,1.0530238424876393
1948,1.0791416516572458,1.757320526893667
1949,0.4742847852707299,1.2699591733367406
1950,0.861404415855382,1.243753872397763
1951,1.0713623178282454,1.0789741892146663
1952,0.860374152851288,0.7355940845714983
1953,0.6782533759807009,1.7669857500290913
1954,0.9660775511889906,1.4354833178002708
1955,0.5757358095640415,1.521212165446029
1956,0.5286630632923192,1.3881103528942886
1957,0.15978497412077866,1.1839690839318169
1958,0.8710296623039863,1.1434049348387365
1959,0.28622968951857325,1.3313416935718085
1960,0.21591934796901857,1.4649402680389292
1961,0.3562016177821873,1.6241638930017395
1962,1.0934040640564513,1.2544466694776428
1963,0.7959599503353608,1.5342362446020177
1964,1.1549050529425497,1.3041377270028305
1965,0.9226504658563334,0.6434805930877383
1966,0.4971472229123389,1.3741935739919318
1967,1.1951808504944528,1.2219139325844577
1968,1.016465109209179,1.3141459569106986
1969,0.6472018361743344,1.1094974440017367
1970,0.3198021734752372,1.5981474684452646
1971,1.0725297633081672,1.2678685635783018
1972,0.32886115574871055,1.6555692883576354
1973,0.6406348451828695,1.509163483910286
1974,0.31328097547164185,1.6033451688997356
1975,0.7571166852582443,1.6284807776004344
1976,0.6549977090091958,1.3994260653552661
1977,0.7709476707817391,1.6689756983961272
1978,0.5261489982989866,1.3430471884886572
1979,0.4444338320674418,1.4890096156064971
1980,0.3824003078820676,1.6317380036492506
1981,0.5219863592174917,1.3089724724353418
1982,0.5353204699262162,1.752380145197582
1983,0.20850232903000604,1.552406247411727
1984,0.60314267654104,1.6355883973267964
1985,0.7648703746923704,1.3580390340905075
1986,0.5354635333731101,0.9692975755847102
1987,0.6165992102476424,1.84100496847738
1988,0.49272920436111095,1.1289518269920809
1989,0.4844883625997419,1.4417570189292912
1990,0.902956424410238,1.5826169574866134
1991,0.7966160050781619,1.3439582350282429
1992,1.6126781748099663,1.7922776431240184
1993,1.4450099405485781,1.7624841616170963
1994,0.41846371540974875,1.38686264813618
1995,0.6249060925659525,1.4066357195748855
1996,0.43460173667004065,1.170026811018317
1997,0.38291444421579923,1.194006432304848
1998,0.6301348064434648,1.716585372990095
1999,0.5311463942084954,1.6683798179970717
2000,0.9297570175639357,1.45223607593514
2001,0.7176843102104774,1.6662663167921323
2002,0.4188542413432349,1.0262203835718113
2003,0.5453911274815406,1.3337804336099135
2004,0.40646293612648016,1.5331502525179665
2005,0.24265240630547893,1.190829332507752
2006,0.7210355535919727,1.2416700078786778
2007,0.523169313593671,1.4976883399452694
2008,0.8674646407998606,1.5725941723344183
2009,1.2118595391423461,1.3999005113190666
2010,1.1920022855274102,1.4212768317991453
2011,0.7172855801013236,1.0965837066121957
2012,0.8367652474966172,1.4827459983404632
2013,0.29206651439804854,1.336366736620756
2014,0.3551349543786412,1.6047986641242864
2015,1.0536532283811568,1.6650714247374663
2016,0.5029071840281304,1.1904029592887717
2017,0.9057038640127346,1.0493710326650856
2018,0.5602625072655791,0.6847193052731526
2019,0.5390273323443834,1.2860820872812813
2020,0.8080068526248844,1.0033261592831941
2021,0.43815689375738354,1.6384241989318187
2022,0.8639598837857243,1.1050619054544009
2023,0.4000338599757174,1.2954308016857374
2024,0.3169814961750994,1.4348764934978364
2025,0.6472403377671123,1.4834574089884986
2026,0.49518978158749893,1.424017038766027
2027,0.5588926529548152,1.6905054388043872
2028,1.0243935770340369,1.5642412469018516
2029,0.7062690062957818,1.6054183076122637
2030,0.9480702550563149,1.2776564181373644
2031,0.8899300019820697,1.0284097943731818
2032,0.6992952439028,1.3684179593115462
2033,0.7479904213073828,1.400386532357547
2034,0.537243980960325,1.3332311144086868
2035,0.9902259971814746,1.2189436414942607
2036,0.8897164807401464,1.2509382746477775
2037,1.1256854490331403,1.6119693939825068
2038,0.4747243833277443,1.3021973244415723
2039,0.7019290573698833,1.0103409918315043
2040,0.46139914307126284,1.2935459981570878
2041,1.1646930696116784,1.7695585970710002
2042,0.294322076948804,1.6374984877263334
2043,0.807427425502935,1.3595316391525136
2044,1.1436460973556615,1.4176107372701403
2045,0.4763648145586344,1.1150621943344112
2046,0.11404253895298343,1.205548802461274
2047,1.1386923589986853,1.2709893153502396
2048,0.8580291893887239,0.933486219077529
2049,0.5747331447385676,1.2322450417722903
2050,0.4242187466415098,1.55467650345807
2051,0.44032871611123897,1.11466968914126
2052,0.6195426147700418,1.7944076826332436
2053,0.5894355789518917,1.38976906772767
2054,0.38727807930478975,1.4857435636670702
2055,0.8686874228787449,1.563029184263464
2056,0.8095212669766321,1.6961311987623684
2057,0.8666592064237726,1.3240745316494946
2058,0.2561104051186796,1.463070587091639
2059,1.0020262034364669,1.4879881403415822
2060,0.29249660604955363,1.6549380055726424
2061,0.3689047366545866,1.3882760862215608
2062,0.15537281439714667,1.2037671842713276
2063,0.9649180097416803,1.2483954945523694
2064,0.3112001430965525,1.2085967836029585
2065,0.7601074169306348,1.5348057503345545
2066,1.0947913639765499,1.641510797653051
2067,1.0890720087165369,1.4536009598583155
2068,0.7782910249605288,1.416713223409145
2069,0.5285148703701895,1.2893836364703877
2070,0.3593263702431036,1.2905190857908155
2071,0.5493054938840931,1.336538005698547
2072,0.7110872127491968,0.6322419001649826
2073,0.6657456390480049,1.5550273480665153
2074,0.6141051359194346,1.560968264659009
2075,0.69002665025081,1.6475352237355505
2076,0.8820689362894245,1.5289431279989425
2077,0.932366255474784,1.1230026058689395
2078,0.5376458000605195,1.036039381397004
2079,0.44708773410097796,0.5080478907725912
2080,0.7950203552696505,1.3057654224868733
2081,0.8575721744995296,1.4549438240168662
2082,0.4400536473466495,0.6244214984806988
2083,0.9970958086294636,1.537638647566797
2084,0.6631744480364439,0.9621969203050817
2085,0.5634351408668933,1.7207966356265698
2086,1.128787832807662,1.5989290288545237
2087,0.4194740486266274,1.5616477135968987
2088,1.3596587590963132,1.730569969985564
2089,0.22613056716130578,1.144339115220768
2090,0.9351991475751479,1.457155498163006
2091,0.8501653090050573,1.5720841180208978
2092,0.9266674771150382,1.1337036493243335
2093,0.5280632927457916,1.0665871770417343
2094,1.4826215360953285,1.6842729775992349
2095,0.8283984582828339,1.5841657313928428
2096,0.8520154058800737,1.7331590856265497
2097,0.9646691511198072,1.2247251904847554
2098,0.7129403151189638,1.1488355745261383
2099,0.7093232337858951,1.286335416026768
2100,1.084543641751208,1.372306866612461
2101,0.17815663367385043,1.648159240100297
2102,0.43922835178063735,1.2548033662629943
2103,0.5129828397218952,1.155129543537866
2104,1.085864537235014,1.3476923733075565
2105,1.295369536664208,0.9640346393699113
2106,0.5961221799093707,1.5965660480025758
2107,0.4946038838967444,1.1897331905245698
2108,0.5760161960987403,1.2109485952538686
2109,0.395638168619064,1.1143731757126296
2110,0.7693383511721258,1.2529993131946544
2111,0.5411064755986982,1.5186699440359341
2112,0.1238748389292944,1.0692229665503898
2113,0.6481894909916516,1.2780412046537288
2114,0.43783442896925323,0.7608759982601259
2115,0.8858026437673032,1.2581921612626064
2116,0.781270749824867,1.726761496650171
2117,0.34549340830793157,1.3476673815949605
2118,0.40102733896671755,1.42421068560118
2119,0.3790431808767843,1.1054875478997646
2120,0.49512703018401016,1.4204811362026155
2121,0.1649927256049017,1.7937629336574892
2122,0.4383386451648079,1.4908704312542593
2123,0.9562856500391294,1.696504991868644
2124,0.8003994061762193,1.362417943225426
2125,0.6851236169972126,1.3199988088704482
2126,0.7822178387308953,1.5891642143663802
2127,0.5350639722312692,0.8858037797345564
2128,0.799865406779284,1.191189866302493
2129,0.8869779506680253,1.070085052561145
2130,1.077057518817853,1.0760239335569337
2131,0.6223369974876812,0.970401565839708
2132,0.4307869588298627,1.478999080225957
2133,1.001899868295405,0.901529378707469
2134,0.6183822312641798,1.1666730588725758
2135,0.9369654076524487,1.5319342448562665
2136,0.5813972687179353,1.3107997932930715
2137,0.4174778134246859,1.7610224871882991
2138,0.6633523269501549,1.140796478371887
2139,0.5642273636147286,1.4390224395401154
2140,1.1116268609716318,0.8504474472540602
2141,0.534085237940751,1.0355731675992481
2142,0.9687716677163857,1.2348767885370506
2143,0.2784556758029082,1.576177696988451
2144,0.10795500889621282,1.32943066010387
2145,0.753906379854763,1.2664044963550334
2146,0.7245204499490143,1.4927647419826076
2147,0.07691600501436424,1.6053143526119429
2148,0.6190614178295122,1.3291592437126902
2149,0.5899057682749942,1.3535190178045617
2150,0.7266308885171842,1.045392464781209
2151,0.534444617110347,1.2025188591333018
2152,0.6859772214104305,1.2820423646437555
2153,0.47072031191099317,0.9527636286240999
2154,0.1442330096200945,1.4188799367605505
2155,0.5511495244947465,1.5779394204434627
2156,0.266829586279891,1.1269880614613652
2157,0.7170149203054841,1.276979007885588
2158,1.0202849217654761,1.229670995756425
2159,0.8053263160682363,0.9873870639824065
2160,0.9816328965498993,1.6773039629175908
2161,0.7542691678935207,1.4010505119739505
2162,1.1344405956565684,0.8466610354108688
2163,0.5359655581584267,1.150404198114344
2164,0.5543118760693426,0.8106489147189915
2165,0.5044513243831332,1.8318531943991068
2166,1.0888577331741598,1.491019977358242
2167,0.45901953680213964,1.1936303638022125
2168,0.7696845020388601,1.532998071947172
2169,0.7730129850390873,1.2730849870726033
2170,0.8480556928632378,1.063791007153513
2171,0.6659584329999546,1.4505782220886734
2172,0.4643337065572393,1.6912007407175864
2173,0.135910724383213,1.6708330850802784
2174,1.0882191855338703,0.6622455602403898
2175,0.9514215939292487,1.2862675533895733
2176,0.18572511522747653,0.825827765363736
2177,0.4829150333955188,1.4259519973253534
2178,0.9443038371390614,1.6159116127863855
2179,0.8462770697658171,0.9459954411029781
2180,0.8422661563595505,1.3957818320918962
2181,0.0929266059415338,1.0711569711821707
2182,0.12129620448725673,0.6190584802013552
2183,1.063123979674391,1.5215135181852344
2184,0.29632398714210534,1.7063202250646143
2185,0.5992235573394045,1.0913884049701956
2186,1.2004531545261585,0.9162474267670908
2187,0.6186946953139564,1.1969620581324254
2188,0.49713979743745473,1.0252008699785298
2189,1.2898562117106713,1.2001154785210266
2190,0.689402056900528,0.892180032632105
2191,0.9584423455451296,1.5316195417475489
2192,0.6787888466549643,1.1713760939530378
2193,0.41850813863560016,1.218718109163446
2194,0.4769913205767522,1.68606830545261
2195,0.9161395028297621,1.6772820218194266
2196,0.5997685031365718,1.4337333542335637
2197,0.6893199205230028,0.884758877161868
2198,0.5870672933808797,1.2761383432339026
2199,1.0166764593731659,1.491052309625636
2200,0.7263443651549338,1.4321880237872096
2201,1.0125468310197354,0.9763615518241753
2202,0.4145168142888446,0.9200676591160468
2203,0.5573003840204243,1.6490062455012653
2204,0.35694633861186237,1.003394634310527
2205,0.38063145501522627,1.8703075407851013
2206,0.1028762043011556,1.6607457146477729
2207,0.692131315886395,1.1792847690487063
2208,0.7260116375157591,1.1861685113355103
2209,1.0585926947190074,1.4099788511624083
2210,0.5937238094673772,1.3648505313420685
2211,1.0271405695680498,1.700080811987574
2212,0.8122037992775655,0.8018130327480077
2213,0.3964009407498435,1.4897406141899765
2214,0.3712208457222269,1.0071353786941337
2215,0.300922599256394,1.5421271753824246
2216,0.5580673125053757,0.9670147634769317
2217,0.6623742827845828,1.5665061992650846
2218,1.1302679961801438,1.4064955872677776
2219,0.23900656959556643,1.503934418588412
2220,0.15662032986282615,1.561859243278528
2221,1.0770794889385362,0.9495506894095265
2222,0.3779111188133849,1.7269303769249191
2223,0.633940549391727,1.6005054073041145
2224,0.26793649433965666,1.6270901828184705
2225,0.6589926515928347,1.397444414635634
2226,0.8072809458145467,1.1367662964759844
2227,0.6417023753427493,1.552255604260085
2228,1.1260134016195118,1.4722243648839952
2229,1.0143372813809157,1.3313571287227988
2230,0.28019447346027404,1.4465963559536297
2231,0.48925701856637754,1.2387958074580023
2232,0.9822550971899707,0.9495092840747608
2233,1.4562970708501262,1.6716920412292784
2234,0.29460770399347586,1.8033638259845688
2235,0.5750862477590534,0.9019206771114694
2236,0.518089389351007,1.8087161428213312
2237,0.811229167924069,1.135040730329688
2238,0.15442495042610865,1.6795303129610717
2239,1.014981878739162,1.7463172720000582
2240,0.6066856099781257,1.6765906068427903
2241,0.22695383199457186,1.6071195549182973
2242,0.464588457147978,1.3516665609285916
2243,0.8184407018012121,1.1984790261560028
2244,0.6230980881066033,0.9804609446062171
2245,0.7220921098627614,1.3777048920665482
2246,0.10259150874457193,0.5562003853862882
2247,1.0554762711870551,1.4343818460132143
2248,0.8844244590901776,1.414139898310538
2249,0.24789019847363475,1.5227270077002109
2250,0.7554164954989813,1.56901413956809
2251,0.6792996447830704,1.544560942508741
2252,0.8271576107819932,0.63261756505572
2253,0.5648115239515831,1.670679240048663
2254,1.0707771719545789,1.0692463774695637
2255,0.5815805710316118,0.7679615989598239
2256,0.41621675786179885,1.1429799766718232
2257,0.6776117803853586,0.8439354476724334
2258,0.3436668358036414,1.518873169715014
2259,0.7928664052886135,1.5307223002874761
2260,0.49134195332497116,1.7455727567472286
2261,0.5166989698515346,0.994203821325456
2262,0.666221877126331,1.3093820109180547
2263,0.764959464644848,1.4530917292317267
2264,0.8399388400656759,1.807348610495584
2265,0.300853336639942,0.6051303173929319
2266,1.099009402455975,1.2109542540914457
2267,0.4976976370449913,1.8218161883887167
2268,1.0142587157251872,1.5647802563059638
2269,0.22702936051876552,1.269683397865959
2270,1.1518512731910635,1.339706460022136
2271,0.2987366801238584,1.3868434114300956
2272,0.3435880974926966,1.2800996135825256
2273,0.24529204013591363,1.4003780286216552
2274,0.6994030129165064,1.289944601175764
2275,0.45716934933733216,0.595501810001346
2276,0.3733192219114883,1.369456667233505
2277,0.7426114883908668,1.1581442351806461
2278,0.8926432186525924,1.0645353521989858
2279,0.8123106678093893,1.3774225877199
2280,0.9320128646211917,1.3680354841459996
2281,0.6217046024566237,1.2715632698178898
2282,0.9541911082444632,1.185904145726714
2283,0.6215837590282551,0.8242399490579895
2284,0.5777754973747257,1.6596937451659264
2285,1.066049159233468,1.147856366392606
2286,0.5671194690349199,0.7152841117468793
2287,0.34695004830310666,1.631790529247573
2288,0.6450407732407659,1.3953094067677059
2289,1.2997256803914252,0.7248148193661283
2290,0.740559630037822,0.9904719935770561
2291,1.0366362445469008,1.535563677390089
2292,0.7741789580498041,1.2953762802968964
2293,0.4881956664373531,1.4317474602089577
2294,0.24888847223263855,1.2803165487758594
2295,0.8464330319308631,1.1386659194387732
2296,1.332411294225508,1.499091066186909
2297,0.4742048482188993,1.443928385101179
2298,0.4539235506567894,1.3363280530052655
2299,1.0817423368733035,1.2391615544143821
2300,0.6676618708760501,1.7568643007616398
2301,0.9983725267947375,1.4163201567979464
2302,0.6903934158773175,1.743313842705199
2303,0.8362509776774552,1.1308877873003063
2304,0.4060004904359963,1.4517656372886525
2305,0.7157436696431201,1.8551135997933625
2306,0.5466542792324055,1.137609945564456
2307,0.4910478778286804,1.3472235928589997
2308,0.6175298214220772,0.9527499123897716
2309,1.2025502740939207,1.703863034550034
2310,0.8131412701502395,1.33031003851608
2311,0.143949824736428,1.3858129590839785
2312,0.31728173635432905,1.503818018048863
2313,0.17326355725544615,1.8365211560907286
2314,0.15228687684203726,1.3106023637893207
2315,0.381113248996775,0.9519177325021193
2316,0.5819290686088973,1.548193355183244
2317,0.48427647628096476,1.5034716998212436
2318,0.6566426752833732,1.6075394748742549
2319,0.39334197425667844,1.317760736099006
2320,0.3996142451419548,1.1760570162467938
2321,0.7612112101193762,1.7942976425658361
2322,0.3919485487491627,1.4521690878262214
2323,0.5095303077278273,0.8843670323358621
2324,0.8009038498976057,1.3015090182292037
2325,0.5933463991005963,1.4485540083449209
2326,0.8626333136490104,0.7602948281232906
2327,0.6315902707007,1.115449729934439
2328,0.4725845833915286,1.2993728155463775
2329,0.6519439984007224,1.77186123380919
2330,0.13955198760509752,1.3910159206795982
2331,0.3339536849200694,1.2318338483320972
2332,0.6380508884731863,1.6389123540561594
2333,0.5327924547746423,0.8959545429140698
2334,1.1021980313775779,1.5874556450865145
2335,0.48513005265712683,1.656908030972404
2336,0.46200730191474615,0.8956039513816076
2337,1.0966723170109478,1.0944629792051161
2338,0.44266774839587064,1.882755961419532
2339,0.42898661709620345,1.2851421811252972
2340,0.2453937280678208,1.5145632795400343
2341,0.7979938501367219,1.6549651682304554
2342,0.7444019860442711,1.8131036959786888
2343,1.3761138513911144,1.0171265189369803
2344,0.5592246287174482,1.1448890079538727
2345,0.1767538423554278,1.5030034466650368
2346,0.6264239137112269,0.9400358997411744
2347,0.9166676512600067,1.5829934958514111
2348,0.3587015949860817,1.0589188772873785
2349,0.7019710643134207,1.2481184146226831
2350,0.8851836640045053,0.6548366839553705
2351,0.796433367110216,1.1634754795042714
2352,0.33439312714929137,0.9530446110382509
2353,0.7613935832625474,1.5171436949738895
2354,0.7902886454502915,1.434725430684876
2355,1.3767996816609582,1.5897073573933553
2356,0.11276423976593566,1.4738724348954455
2357,0.9507679887493933,1.1654757377565166
2358,0.790498044611882,1.7692745601151665
2359,0.23993003087687378,0.827471757004959
2360,0.7597754206833467,1.4364016467871816
2361,0.6507268090635423,0.8229108088477082
2362,0.839340763296896,1.236187643698806
2363,0.8609543068795737,1.3729429553017862
2364,1.044217685820166,0.8964481415099164
2365,0.9423152198615985,1.4738244839102927
2366,0.48987025794756656,1.6923462139509486
2367,0.6364244756065899,1.1833720215713814
2368,0.6343633327958302,1.4365890393430463
2369,0.47198130343464845,1.6835438230305406
2370,0.4713274171890711,1.291440295040546
2371,0.8162133696224728,1.5139976585733774
2372,0.597599947101775,1.454521704940507
2373,0.4053791924614822,1.347438841307943
2374,0.4546687395294743,1.8651597414309056
2375,0.5111327255080077,1.315734659130654
2376,1.3238787767657896,1.2559278914696084
2377,0.5384175816979357,1.0857076194516235
2378,0.7063682110267456,1.3226368903913324
2379,0.28717292445481046,1.6374420687160125
2380,0.9177039562943766,0.9261398797262752
2381,0.6160712992419634,1.5848598035663202
2382,0.9258484890900961,1.5405787668606994
2383,1.2541176680781965,0.3854042642822164
2384,1.0374323755871209,1.3608639429384333
2385,0.8896908517526632,1.0526583064364092
2386,0.41902608633074623,1.2261819471186208
2387,1.2279459340662857,1.4546726288179723
2388,0.7989641581282642,1.5705097914826882
2389,0.4938279245235318,0.9491646221706129
2390,0.6543780578984374,0.8828049835524141
2391,1.0013862080847231,1.7952118560074348
2392,0.9230674116748084,1.4221398845500783
2393,0.9597911700025628,1.54675704876222
2394,1.0047918349248168,1.0414861777656395
2395,0.8129478062898154,1.6604495823770689
2396,0.8805197851294697,0.9013984817531813
2397,0.9397679925876944,1.571112281345334
2398,0.7828331508792565,1.4063239107688719
2399,0.6142658343316522,1.6827307399973455
2400,0.40518460586210525,1.5312300373428125
2401,0.7527019343586365,1.505297797027848
2402,0.3453035177516239,1.6314944514915786
2403,0.5581782550888365,1.0855461534578135
2404,1.3470577549608203,1.4959368303024685
2405,0.2757676310727055,1.5635021486712706
2406,0.5870990003637918,1.007853229710802
2407,0.33503858656001506,1.4838535716628425
2408,1.0726174315667139,1.4147719985720026
2409,1.3781500464175325,1.3604121090901518
2410,0.4681246433237664,1.5216399499721533
2411,0.6156699530152295,1.4408291162103612
2412,0.47871154028072366,1.0953606927247366
2413,0.9429063323513877,1.65247870464866
2414,0.250752027647125,1.706372063784506
2415,0.25206415621192435,0.9740405884638887
2416,1.0808992311571006,0.9076040124495646
2417,0.35704662521876884,1.4678117832189255
2418,0.4406910719574331,1.4243574085113606
2419,0.639141448454625,1.1861912643130057
2420,0.32660617120604096,1.252338922753919
2421,0.9364847181392947,1.602028843039808
2422,0.822540904660425,1.3791036487339405
2423,0.36480123899243916,0.9700593138930822
2424,0.5515724055258068,1.3991192680935396
2425,0.3402332975370385,1.5735043842891607
2426,0.11559247069131233,1.5931936639913533
2427,0.6557751831200151,0.6705905282123303
2428,0.7996422525238046,0.6841538562763843
2429,0.6991337450643312,1.5077010786858835
2430,0.4439784368731375,1.3110179314566364
2431,0.9922486828869718,1.2079235991303832
2432,0.8831570876403171,1.5923550001933815
2433,1.1420322750674594,1.5774092019154242
2434,0.5111946843658484,1.3937574535281854
2435,0.615290099927173,0.8935625938518319
2436,0.6935545078811278,0.9896003249287058
2437,0.6318005174651263,1.5652932131977535
2438,0.5612401137314623,1.1671293944873913
2439,1.111239052987859,1.178129800484544
2440,1.3901637020986413,1.2853953726889111
2441,0.8553607441248862,1.537648195142677
2442,0.6605741204813151,1.628134529317833
2443,0.5795526211991604,1.25094016585733
2444,0.4473031262038476,1.3586264701642066
2445,0.35370769036237387,0.7380358014102144
2446,0.4609097548317014,1.1363151196755235
2447,1.0684263877607891,1.5427171257519814
2448,0.47396472852763655,1.4710706608927644
2449,1.0935924134627089,1.695444031779327
2450,0.7158933647786481,1.7850794567371875
2451,0.3689841448037342,1.0976280300262153
2452,1.036595977137189,1.175648255074877
2453,0.7224057495032412,0.6862602457855898
2454,0.3122975241367468,1.6955387961927277
2455,1.0195215454202107,1.2990892325927283
2456,0.6974293242182108,1.0743627137295793
2457,0.4926533973108745,1.3627501057235358
2458,0.8201249923552371,1.6642621959340893
2459,0.4555343520068699,1.7056740849316165
2460,0.36383620794943766,0.8336716792759922
2461,0.722540097015727,0.9113776576387058
2462,0.7559008440766598,1.716421483490216
2463,0.22377201717033054,1.1582810319917591
2464,0.706388535182027,1.5375031301139126
2465,0.7095843879202794,1.3648389534879017
2466,0.20849124783346568,1.0366280597473105
2467,0.51091561204818,1.182277536399857
2468,0.5993639004192082,1.3299289778889078
2469,0.7863255023354287,1.7055412885874845
2470,0.7484933299192243,1.8074348781473537
2471,0.664670569733056,1.146337930836304
2472,0.5773503911224255,1.8189507955636075
2473,0.18200952669224615,1.7003202989644188
2474,0.47562613429581785,1.2616376829034346
2475,0.5687384682761663,1.2695178160483351
2476,0.8091061008292346,1.555741630255104
2477,0.4713462956718472,1.3369638946396738
2478,0.39154304980090454,0.9414746949523987
2479,0.5847262102330124,1.1083221769925427
2480,0.4148833156544813,1.5736104687829786
2481,1.0752368664832543,1.2778862466122194
2482,0.8203196021308794,1.5823048281193541
2483,0.6372838484209774,1.6722382909544515
2484,0.580627743314321,1.4118703499742118
2485,1.2403339217799811,1.9008937301803912
2486,0.3727406566192785,1.4715988924274626
2487,0.6779438139957209,1.5704964312472236
2488,0.3711015585436848,1.5933533863188485
2489,0.8786353234291993,0.8755581520042433
2490,0.5031502941119828,1.4522348341217417
2491,0.863861005625305,0.9331181747402781
2492,0.6244508769188791,1.4686032077507072
2493,0.27567380315662454,1.3038574456922327
2494,0.587758482368552,1.3729658665037485
2495,0.9426110711909707,0.922100741578703
2496,0.5263212306923222,0.9741970938731292
2497,0.42328644622294104,1.3473190019550478
2498,0.5549553047194122,1.4541430615089888
2499,0.728892664093984,0.8900576839488556
2500,0.4746552196851995,1.2896398949779453
2501,0.5993036812432349,1.8087887403482532
2502,0.6579622349369736,0.9696115684579218
2503,0.6789840740958961,1.086248383475505
2504,0.3590988343924364,1.3975511174403226
2505,0.2620489640563659,1.1099380264810832
2506,0.3606724672924477,1.2690320434964777
2507,0.7377042222105628,1.4488890997212662
2508,0.4928662096670561,1.5923820494694643
2509,0.5418739845900536,1.1370300878394197
2510,0.662469211192125,1.2247643980595906
2511,0.5818518155211441,1.2585287203349222
2512,0.9541811971779465,1.6050362236099778
2513,0.4022478658763458,1.6575881604227982
2514,0.5010492282406591,1.2203492927165493
2515,0.8790335218885582,0.8732205924388412
2516,0.5097953301615671,1.5906423372447924
2517,0.42204836225689973,1.197724975882471
2518,0.4875721189742383,1.1570997501408284
2519,1.4110333333230973,1.4865837730170681
2520,0.7191653037883898,1.3316716268182556
2521,1.2054702361078735,1.6106427980489624
2522,0.7338111104145734,1.1461029852828812
2523,1.381362292766976,1.675002097383894
2524,0.5730699870820347,1.0940960541929146
2525,0.7308612145411477,1.4689164490830362
2526,0.7103819065085764,1.3306188554702412
2527,0.5828589192919519,1.091005973916296
2528,0.6196428582475075,1.0420286741017817
2529,0.4711168574435566,1.7326433215727348
2530,1.0288197516966744,1.2500491601037713
2531,0.2720716140114359,1.174208467142508
2532,0.2624501068430187,1.230589069762651
2533,0.735657894112201,1.5998259692149324
2534,1.31140554133792,0.7239540134613371
2535,0.2571597599504072,1.280520390430668
2536,0.2657160599082529,1.6902595029720544
2537,0.41339594284172804,0.7816464808535002
2538,0.16117738343383992,1.2310028989392165
2539,0.6109615551126184,1.6614613049815439
2540,0.1830186118693429,1.5582374069157754
2541,0.33896236051338957,1.3036280908892806
2542,0.46586393394328846,1.3713399915486688
2543,0.9716040050225476,1.3198219755494618
2544,0.21271077755860676,1.7548992026722754
2545,0.7148229306725281,1.051867730062506
2546,0.5475049680412815,1.5021773178094981
2547,0.45024855976747263,1.591853339093187
2548,0.46113236298882637,1.3754868782585663
2549,0.5524794006448641,1.5497315054743919
2550,0.383178262491669,0.8038411870390736
2551,0.2558010318728077,1.0137831045686583
2552,1.051354315052226,0.7953569636058511
2553,0.445775649126063,1.010574488456045
2554,0.3789340614948855,1.1257368501197544
2555,0.32838744321342056,1.2803761097236892
2556,0.43639069653775975,1.6002941595903966
2557,0.6144972846376675,1.3685528914944693
2558,0.61185545247093,1.2394658204728204
2559,0.34850994162085497,0.9856971665576084
2560,0.44875864305392815,1.3871980493471716
2561,0.7987543184183247,1.5410979123936546
2562,0.558921037090864,1.2750035967525086
2563,0.3916046940241081,1.182555925416325
2564,0.32137306834801393,1.5690047996992922
2565,0.25810050027052583,1.435371676414222
2566,1.0644943000580032,1.5432107342987051
2567,0.42479818893390375,1.3087403879716522
2568,0.9590699673020474,1.1345670716333074
2569,0.5164486130547259,1.6341868565392743
2570,0.6229624946852346,1.750659351845126
2571,0.21925858452007818,1.3834727698534206
2572,0.7691673882899458,0.9951865055783264
2573,0.5401995862146354,1.3771811904692053
2574,0.5421401809678532,1.4491320359615822
2575,0.6659940471073851,1.637470452062228
2576,0.3552799736921136,1.6829506250330755
2577,0.7920297027480714,1.264438348045602
2578,1.222529567903061,0.6428763563710123
2579,1.0430068162996322,1.5435484973163518
2580,0.46919796523482155,1.1670123568018713
2581,0.5593966164584676,1.4639247931172354
2582,0.5478603188656505,1.5381221634976723
2583,0.3077041901231054,1.1606240220237831
2584,0.7301300495750781,1.5831929845834984
2585,0.6157325904098706,1.2948071711986775
2586,0.7789272732457003,1.2430027941149588
2587,0.7197857787396776,0.9120519386773862
2588,0.8267185622787556,1.7820988476441824
2589,0.9542987202858395,1.6342445339874283
2590,0.76095115971183,1.4030585224898884
2591,0.4450085220754047,1.3904648399537023
2592,0.3606433999125355,1.317104914079704
2593,0.9182740842188165,1.597508031081596
2594,0.4471699963243351,1.2927459794492508
2595,0.5667952561509952,1.5577276655448116
2596,0.7407045267727189,1.3452447244586843
2597,1.2341630756239717,1.2928563689226578
2598,0.2466575084536067,1.8378246289556581
2599,0.7339298172877363,0.9619719249144916
2600,0.8965721243548489,1.3287151472603878
2601,0.7971117202102556,1.6688283486700595
2602,1.2783978264934222,1.4194939974411729
2603,0.7596089065658848,1.4854459184611013
2604,0.32062158277497804,1.418820730633977
2605,1.015949933940671,1.6126107065278266
2606,0.6508217684890591,1.1593387728926436
2607,0.44351827944515115,1.411933381463322
2608,0.5531495705835844,1.2855826961483965
2609,0.9323051961095457,1.1030079324091795
2610,0.8413965919091297,1.549228948709151
2611,0.6177300287556613,1.841315537627204
2612,0.5535181243021092,1.4977875862361563
2613,0.8424807135768013,1.5253422609907283
2614,0.824429327889291,1.6329232044246031
2615,0.4137519562759756,1.5116868127599101
2616,1.0960965157849833,1.3717762688337207
2617,0.40356121268993184,1.1942484571644634
2618,0.6795881968964118,1.2400025167567188
2619,0.9889939212810414,0.9852376762924329
2620,0.21404997067230042,1.2887068140208
2621,0.2615290573145421,1.1879205338346863
2622,0.9213510730867679,1.6434224273241647
2623,0.7094087104474468,1.2466634864313844
2624,0.6174371891266396,1.5163531123811238
2625,0.37325292889812967,1.4279764419967886
2626,0.5429058718803645,0.9238434216965528
2627,0.7009516350321212,1.315830522705204
2628,0.3652812866991407,1.4045418444070128
2629,1.0005555378554876,1.4580154432608767
2630,0.753566069240972,1.2906386384588395
2631,0.7725595175568245,1.4374094929599037
2632,0.6590605201595159,1.277998709464104
2633,0.8599270964642971,1.541128311600299
2634,0.42282797061865196,1.2521711973283804
2635,0.9408434622696026,1.3725871190254515
2636,0.5933551339541557,1.4455202047816558
2637,0.8431460951414291,1.6463494792686428
2638,0.7581705305512729,1.704397509846023
2639,0.84754878151494,0.9963579232471163
2640,0.583672407172938,0.9219038585979913
2641,0.8614709671120611,1.447689911818927
2642,0.4595941294778812,1.3722887213737742
2643,0.5280904979927615,1.0339524692588893
2644,0.3484177013887136,0.9851847675263052
2645,1.2600585986466089,1.6025246403917248
2646,0.4881936470467549,1.5378192227961047
2647,0.2745639381828024,1.1372483172689556
2648,0.4485072612221206,1.776603722302392
2649,0.7428080678522057,1.4595392907522913
2650,0.5886002549887513,1.6037939620916188
2651,0.58306957954878,1.4974382069369163
2652,1.3969103216908223,1.430995774391318
2653,0.21872528089052154,1.4661227409731805
2654,0.4968643687596127,1.4232328360452349
2655,0.6348790395663597,1.7175527943372586
2656,0.3980664225454265,1.5546264155914113
2657,0.5637840565493142,1.8123642047851543
2658,0.5749436973254635,1.6254554026744727
2659,0.47960654914413475,1.4803378818830817
2660,0.8562047352043063,1.5110628774029862
2661,0.1464646713639158,1.3273766254855741
2662,0.7976241994688256,0.9697738147571191
2663,0.9427301887834528,1.136449890103227
2664,0.4480826545547664,1.4445922045681177
2665,0.6780303871684962,1.1325502405648782
2666,1.0413394146605088,1.7481646465074492
2667,0.5297293952745669,1.803203856545991
2668,0.8043671140086469,1.4251777558837417
2669,0.6687574667920434,1.3964961592886462
2670,0.383789554161647,1.572224582251138
2671,0.9863894203435354,1.5491400940825546
2672,0.7757780424166967,1.2164178030445634
2673,0.8717800630251383,1.5598136566709706
2674,0.843475629995428,1.2285265232550036
2675,0.30770563975715387,1.3405959458375665
2676,0.2957547259988921,1.6052702002047297
2677,1.0966193146386325,1.6480802055345363
2678,0.5085606060336233,1.4912176347768193
2679,0.5249187158541669,0.521635667413761
2680,0.5310776986509069,1.1268668317298571
2681,0.598378040872553,1.6692435726418169
2682,1.125327631099016,1.0684631131586213
2683,0.6221836744343268,1.3627117343042934
2684,0.7611363429944121,0.8671808658115461
2685,0.1905665881659633,1.4668304010262379
2686,0.5197308266038871,1.2622263238116913
2687,0.7405668678045749,1.5862436779923343
2688,0.5160785989921886,1.5483129483391345
2689,0.28326875492856035,1.6889423162456936
2690,0.5131419002441509,1.779772304703705
2691,0.5482643075854854,1.6666335459837391
2692,0.8563395008495233,1.151309956388403
2693,0.4985631784412837,1.2965967113781676
2694,0.5071657332270318,1.2924054280569326
2695,0.651264012929309,1.5034690955056076
2696,0.55063716206624,1.630840996122852
2697,0.5259305409061622,0.887561600630032
2698,1.082461821246705,1.3714484288404614
2699,0.6607438635505997,1.4421148965433324
2700,0.6983681467861472,1.3628711916457976
2701,0.3362662371285403,1.0611551702649686
2702,1.276990178839612,1.5280153170790398
2703,1.1641492652446344,1.373635467773586
2704,0.566714869906765,1.0980050804169321
2705,0.8136599625855806,1.176533825635365
2706,0.6705379008679769,1.904370422423729
2707,0.8312217120504333,1.5090735819253611
2708,0.40623228177913523,1.0406863170992338
2709,0.28547388171089916,1.8208524731781557
2710,0.7877113699011091,1.3311828256556217
2711,0.5676548561262351,1.1351663570621033
2712,0.3034929064928755,1.1936148227350092
2713,0.8253380776358252,1.497306916928046
2714,0.21123689266799134,1.12480128242381
2715,0.8900570857109125,1.0588764809366331
2716,1.0670517537898367,1.325114106017841
2717,0.4342188864897122,1.3444066322197963
2718,0.7099638062296884,1.1972099572178116
2719,0.7377846806848375,0.8176170051991343
2720,0.8407517696667551,1.6752926207661691
2721,1.2569360574361967,1.1817454228041921
2722,0.4483030764650769,1.791012087590904
2723,0.9481598513319213,1.3602441539117225
2724,1.2561330007113183,1.4844683554644575
2725,0.8582678577332501,1.4200246356400275
2726,0.3283252366274257,0.9259144460170634
2727,0.8062693239045979,0.909686555536978
2728,0.46860165363577816,1.2712858933318283
2729,0.7020920736284841,0.6801129793943819
2730,0.8431211188483139,1.5813644167795131
2731,0.43446252517020173,1.7030436064597712
2732,0.3983843864605771,1.1588342991726257
2733,0.9982945875418253,1.7882725093626661
2734,0.7706054923296307,0.8575927164501336
2735,0.7493787102455585,1.7757623555712407
2736,0.3458449255641516,1.1210670706421224
2737,0.7510840137617046,1.5149021232879558
2738,0.8869263590108689,0.43705257139180986
2739,0.947104056600007,1.0877424594952776
2740,0.46975880419040406,1.150024790277932
2741,1.0697336497519088,1.6915888028457524
2742,0.7576662119243037,0.9679840570766227
2743,1.0987895465173716,1.4630348447947983
2744,0.4234074185261015,1.5306929634489264
2745,0.28434418427079144,1.0448261270717052
2746,0.6455376991830528,1.433463515629006
2747,0.4712972268504497,1.3003723718311633
2748,0.8238304748104626,1.1890675745849708
2749,0.5445481881439205,1.5447070850564937
2750,0.8817385081835768,1.0875293742215386
2751,0.7035857820274106,1.1819613219778273
2752,0.3794474220588842,1.4982646480435808
2753,1.1953472859728989,1.2730660567271666
2754,0.848608713488676,1.1663497444412392
2755,1.540586983418961,1.348383377397199
2756,0.7868865979487212,1.588141459038917
2757,0.5859821601460357,0.6815770948946638
2758,0.6223710193611675,1.526549369730558
2759,0.8346893798047341,1.3570856827621924
2760,0.7389156100677375,1.543440840640065
2761,0.964384305860843,1.55551479741563
2762,0.44474696022102134,1.047012416929006
2763,0.7576858741682193,1.3537243642920624
2764,0.6495775597782804,1.663569614956976
2765,0.5552552798794196,1.4558746232511623
2766,0.6252219571950715,1.4795969557671427
2767,0.13710237646332973,1.059462337402068
2768,0.41470534607662507,1.3262106569504453
2769,0.5042424452861929,1.6350562477671258
2770,0.8292581971463344,1.4620400909848903
2771,0.4642476506784861,1.1043562078520877
2772,0.5083674096862884,0.8058906299360638
2773,0.20595041217097196,1.4397076608906771
2774,0.4127480904941191,1.6733495418375277
2775,0.34313544757658665,1.3405202916050554
2776,0.4237932605416469,1.3259432794804273
2777,0.1883613319302945,0.5139293807388376
2778,0.7280723723088666,1.3076489469255714
2779,0.10857991217750584,1.1900713135042864
2780,0.5608837199763429,1.2678787046571713
2781,1.1707718165784184,1.3823253614782343
2782,0.25460272615672513,1.1985707335363651
2783,0.3647493232407004,1.2198458157316658
2784,1.1701097382808991,1.3303066334791585
2785,0.26643786709033546,1.2276721383318652
2786,0.578338550367583,1.0575734316742003
2787,0.7184937939314622,1.4300314941539214
2788,1.025659920489679,1.347561572514285
2789,0.5783851500310502,0.9165593829017782
2790,1.24784817771006,1.203687053942709
2791,0.5568145058494772,1.6829507165683057
2792,0.5806789945417034,1.015126610711809
2793,0.5579387364924485,1.5702462677275775
2794,0.22579377428393652,1.2374350174890965
2795,0.823704071325724,1.4746988084108303
2796,0.5992774506777895,1.1539267386237326
2797,0.6020572538882635,1.194587227475092
2798,0.9546108828640899,0.7996456406310473
2799,0.6843369121176684,1.4668892654414778
2800,0.5488771681959074,1.2094732652632882
2801,0.3934208324077995,1.4684555123128957
2802,0.3177230897785226,1.5446757351407332
2803,0.6102488105443403,1.6227282872777895
2804,0.822026096205449,1.6728396172746114
2805,0.6508328450294084,0.9509076926160389
2806,0.49855265598406395,1.4123605340843186
2807,1.2661203123124607,1.2562395597953382
2808,0.8311042067610219,1.2857631167973615
2809,0.32387606891400333,1.410106518945071
2810,0.4455833322841521,1.1368811224099837
2811,0.182514521604912,1.4084409759039853
2812,0.7704309147617211,0.8074874433903085
2813,0.5759506894804987,1.2718813511910643
2814,0.6786297722379278,1.3950846399266297
2815,0.32318656125069756,1.1601020948892222
2816,0.9486387925068099,1.2986761899949089
2817,0.7567345582586588,1.3492576857967378
2818,1.1708414670591374,0.4835229779133867
2819,0.5504423991327243,1.5015582779714172
2820,0.4528035908334741,0.9472479012683854
2821,0.47589433043956625,0.9998986252891149
2822,0.7376780238681193,1.3673188883842924
2823,0.27657804179681056,1.3000750034316058
2824,1.038108328756062,1.206248189125465
2825,0.5516732111321273,1.0935820272426244
2826,1.1753838198146955,1.1006284586971127
2827,0.5042295821089748,1.2753872965753574
2828,0.5417383420164307,1.8590737593628333
2829,1.2223945364844202,1.1057842073706583
2830,0.32931906878004796,1.487145708019412
2831,0.6514659785912833,0.940254895795761
2832,0.6427286318631477,1.2234143666377144
2833,0.7029347965364227,1.3259357436996195
2834,1.4241800501452988,1.4404838814423464
2835,0.8408833545793909,1.4708264864737006
2836,0.2709187847692977,1.3771028111824206
2837,0.3088279811638131,1.3964869935998419
2838,0.4479061585941456,1.1951381940925456
2839,0.4826868581159844,1.017300865006987
2840,0.39560336816507863,1.3303949191231252
2841,0.6073307561163933,0.9776367768312317
2842,0.3764547616110001,1.3584146650529378
2843,0.9483639728728939,1.1349547297355946
2844,0.6431075657659598,0.6843485014221888
2845,1.425954344441868,1.3477175085419866
2846,1.0552589255299503,1.4875656635907235
2847,1.1788210543689903,0.9667059084451095
2848,0.31830878754116915,1.593708634572402
2849,0.4159482370572414,1.4009702662477599
2850,0.47690430266878747,1.349765522255289
2851,0.820328920902911,1.7163425132050665
2852,0.7169815209840872,1.1793775985563026
2853,0.5585879306943891,0.9548532057710748
2854,0.37055231658140575,1.1466910044113612
2855,0.6459955331004498,1.5335662263334209
2856,1.026512606130836,1.1919027194574872
2857,1.2676437197181547,1.761766211606426
2858,0.6623582042710745,1.2282838727742849
2859,0.5345002004055991,1.2898425577120864
2860,0.4694457830266199,1.2624285378114035
2861,0.808562542757,1.4030689348119916
2862,0.406109831209769,1.4977549063832498
2863,0.5798024869039916,1.3718051736125774
2864,0.5641672193046596,1.5798030028602565
2865,1.038202233791387,1.4443434400077826
2866,1.0427317249808015,1.1722415995173878
2867,0.6338879547003994,1.4757875391076187
2868,0.71474145239037,1.2718731226121123
2869,0.48143934983438436,0.8307786999356439
2870,0.3788640890456625,1.4973191331998272
2871,0.7094788220936363,1.1661016504310395
2872,0.9646566747264632,1.3051947104926702
2873,0.7842106717414228,0.9828855438339839
2874,0.48026198815595256,1.3057087735470378
2875,0.1613313317967982,0.9433516674985178
2876,1.0815359613202362,0.7561524132755844
2877,0.32662908553248143,1.5102600416414211
2878,0.5992206556747309,0.9438802115744194
2879,0.3937174565085943,0.7554088090755819
2880,0.20119606900731618,1.8079874986946474
2881,0.5827170878560376,1.2597283824679018
2882,1.2320945750198093,1.366846556589041
2883,0.316511628112255,1.2790381169718485
2884,0.7139515293946302,1.4274694765807734
2885,0.6943105916337036,1.294534427576333
2886,0.828028078920995,0.9175991044272889
2887,0.7609991500262051,1.648871405776335
2888,0.5644920824832652,1.4752652429462172
2889,0.5937455457311615,1.4791771883117049
2890,0.6458732322865214,1.5998345828750988
2891,0.3375268175146193,1.3683035977650748
2892,0.7688905019564378,1.6722468518642462
2893,0.3741019704699717,1.2918782962194255
2894,0.5226907417745424,1.3498545793048708
2895,0.7969065685557587,1.0217608303561336
2896,1.1241084998752744,1.1748276648829483
2897,0.09644159340176933,1.1977454014897804
2898,0.5109093722834268,1.8711200157566366
2899,0.4930534842055876,1.3495733324918955
2900,0.6975798195793825,1.525770361001375
2901,0.1401203094416514,0.9814732467628089
2902,0.5288626703480134,0.18757126917950373
2903,0.909172467475737,1.1747183050413557
2904,0.33474116459708986,1.1099098793075672
2905,0.46162316588209995,1.1452553248599227
2906,1.123583929576482,0.8541050028499968
2907,0.5184080083055014,1.4449524872679387
2908,0.7403165877024365,1.1026791174837647
2909,0.7044232523518712,1.0512340838931595
2910,0.3240173534240894,1.4015151555601015
2911,0.4816439840963662,1.412960070626603
2912,0.4112554190479722,1.7314347139714723
2913,0.7617167414665282,0.8989812545788154
2914,1.1072843060120183,1.5896039233251662
2915,0.31889048259887787,1.54566648266487
2916,0.9703818948714684,1.1077258580371607
2917,1.1792203572701103,1.3994722242421833
2918,1.0884598852552367,0.9471728030367981
2919,0.8672811170190792,1.485691169135765
2920,0.2934412458668669,1.0132562743434583
2921,1.072741462582876,1.6717782703003128
2922,1.0681882593781369,1.2824191363942852
2923,1.0004451034380397,1.4978534535501986
2924,0.6884135215310374,0.9728963482477868
2925,0.8775748118581316,1.1753654230809145
2926,0.69199551408753,1.2481962368382118
2927,0.7487380207740661,1.0198682033194164
2928,0.8056816262386588,1.6388019861815057
2929,0.750362153513425,1.4908147485711496
2930,0.914937092639833,1.4052373704860506
2931,0.8587890087126838,1.4136782153972232
2932,0.3410054446151891,1.6208644102535161
2933,0.4277282980175265,1.5320698324457824
2934,0.6726965356812616,1.7269709199169607
2935,0.910526596425465,1.5026298387766626
2936,0.3504148604701499,1.1312491095318338
2937,0.11017699225188127,1.19751675134522
2938,0.9226890276903101,1.5192643297117956
2939,0.9950361497548837,1.1091014549691747
2940,0.8002245988596222,1.6110750530994535
2941,0.5356432221819988,1.5341994098295966
2942,0.8531586962821367,0.815565392678864
2943,0.48418479933480674,0.8898856491106995
2944,1.0477863533313363,1.3941631343307113
2945,0.7735019388702513,1.3886301496993
2946,0.8082200033897691,1.4341446806895553
2947,0.850437563076464,1.8210593503875048
2948,0.6413382957135524,1.2116434643575316
2949,0.4309413616121872,1.2358042976795636
2950,0.40826068516363884,1.382125885104774
2951,0.28261622116087587,1.6844545484498548
2952,0.650422250888945,1.5573200568427168
2953,0.2592756198498217,1.7447696452912629
2954,0.6354101930541818,1.0414498044974108
2955,0.7914728218924151,1.4606718400718959
2956,0.9740732999299864,1.0122015039429422
2957,0.8199682937771265,1.27181885300224
2958,0.48667579246469894,1.4821019616264537
2959,0.42459912069641825,1.501628891586589
2960,0.45363751143763037,1.739920154192551
2961,0.6278596875102085,0.7481831794474718
2962,0.7467872984157621,1.3782488559220853
2963,0.9316589877900314,1.4750966321934502
2964,0.13018479975554376,1.280797410892586
2965,0.5880226660416517,1.8263274384768222
2966,0.2457071747993479,1.8721245478614097
2967,0.7645638249033291,1.4524182063844082
2968,0.6999033815871047,1.068476324323626
2969,0.9874557299795447,1.0554048260291906
2970,0.1612381995785905,1.1169227383851994
2971,0.37747810722607916,1.542023166494957
2972,0.7768539078874186,0.7017010200896605
2973,0.39621032403788276,1.0937011029190602
2974,1.2147776553455747,1.55220648584457
2975,0.7119493114205204,1.6943307547624635
2976,0.5920688891414712,1.579972035917641
2977,0.3355944156988623,1.4502866329223683
2978,0.8156590641726232,1.4046707846083972
2979,0.2590569473329777,1.10225257988125
2980,0.7180753758696756,1.2574093209816044
2981,0.8449450763475853,1.3065869613720127
2982,0.25724614703418436,1.541774507500994
2983,0.8641554068319625,1.1997047182051461
2984,0.5350749249514064,1.1093664613829688
2985,0.6172242244084226,1.5962185665097504
2986,0.6807261331265134,1.470866690378387
2987,0.7710353558244447,1.1472087094156969
2988,0.5080897691556862,1.2810454522164632
2989,0.6648407418600288,1.905837122052153
2990,0.5724756680443895,1.0623751564713886
2991,0.8036405245930611,1.2397381823850115
2992,0.5770140795707583,1.799826814443014
2993,0.7486732885448143,1.7182912253586466
2994,0.8451171287694966,1.3671350651384033
2995,0.703274572387974,1.60713450452226
2996,0.4468868283980554,0.7315686864021458
2997,0.355600887489136,1.6003076614271612
2998,0.1277918281748513,1.7957314963097586
2999,0.4523896093049462,1.451570243349824
3000,0.30452869001776883,0.9443076321354937
3001,0.20042842306471934,1.6945071823851077
3002,0.32144332914239754,1.205206796049124
3003,0.7550406519917895,1.0696458052460334
3004,0.6567283659954529,0.8315767882176743
3005,0.22199757279628457,1.5233291094823698
3006,0.5802841568021797,1.670970831437933
3007,0.7211731412555716,1.3833632953909514
3008,0.4835143198982534,1.5033504035010459
3009,0.6598337191986193,1.1856973665423585
3010,0.9433951182642578,1.3096074369473238
3011,0.4448934434331633,1.769570285798399
3012,0.5113388951892918,1.6751824273634892
3013,0.21657088313832262,1.5278726596958712
3014,0.7077837617805227,1.2700510918857317
3015,1.1062545079391413,1.270868346414234
3016,0.8440930002152338,1.4053391632352112
3017,0.7922355536062569,1.6136123576366865
3018,0.754234418588163,1.2022467853364125
3019,1.1691937769292313,1.2168305543911035
3020,0.3802113632383105,1.3988591048584944
3021,0.7759000916503529,1.3598369059970672
3022,1.1935797960599321,1.0994897150174778
3023,0.7935316520560565,1.414234576060252
3024,0.4179382066163747,1.7774334350924734
3025,0.7697740929012986,1.4540094406499264
3026,0.5782695905971059,0.628991775977463
3027,0.5380488087042135,1.3937830552435724
3028,0.543436544267791,0.9672434358615958
3029,1.15270445829533,1.170878827515442
3030,0.7781938768462056,1.1056626335875694
3031,0.9919375808719648,1.2669291399869926
3032,1.158900753946646,0.7428592611350622
3033,0.6270742920078562,1.2847973189428452
3034,0.606552855764615,1.5536426291315308
3035,0.9007734613447084,1.5436802918954584
3036,0.8279217456936316,1.2775837610389025
3037,0.4643185551896798,1.0530222766749415
3038,0.5044878894051469,1.0178711296028335
3039,1.1102736933205628,1.4379885172165898
3040,0.628636737794209,1.4362329429860297
3041,0.11601720483663033,1.4893479212628775
3042,0.8012109908610451,1.5162098268784718
3043,0.21230932952016202,1.425316800404291
3044,0.5988636259481,1.523472030731913
3045,0.6164431398583838,1.2132019536080287
3046,0.6161556492010508,1.1297743354083583
3047,0.514612990146296,1.5289586014254022
3048,1.075602566528882,1.7341081624660264
3049,0.7704443119704585,1.0741651472063696
3050,0.6373312589494152,1.1345518727496688
3051,0.8768886062834932,1.0360410516148426
3052,0.7883979744729733,1.908414659675541
3053,0.6133447783326926,1.1009404927182884
3054,0.3554439685637039,1.748138332196678
3055,0.5249880855091098,1.301365878581024
3056,0.6253959806700307,1.4751251606017557
3057,0.4876795338528484,1.5865119217421944
3058,0.8957638901083924,1.4127100423249566
3059,0.9365886183199922,1.1863219294090572
3060,0.3667036112742572,1.5356961102811773
3061,0.8699461078445196,1.2830463333553215
3062,0.34031449297209604,1.38016274992186
3063,0.35893849814385437,0.54804688237414
3064,0.9834795355191217,1.5590868475658157
3065,0.8846355570141111,0.9449757243469963
3066,0.4944420391781705,1.827518502451321
3067,0.6454152927699595,1.286681707349842
3068,0.2296033470270305,1.2312763842738017
3069,0.4752344968213989,1.6254970019593191
3070,0.8228778141484725,1.4502056814180606
3071,0.7579291912309447,1.0950946078500303
3072,0.748440070662745,1.5572451405475025
3073,1.2342720984031372,1.6635164068426795
3074,0.5958654382223769,1.270349836493562
3075,0.8425593190505297,1.6042158615654054
3076,0.7453508648796239,1.0868020432433103
3077,0.8700099457323801,1.4484021581719042
3078,0.9169418037409408,1.5220232481708937
3079,0.5275253371231525,1.6069777011859774
3080,0.3397698079818492,1.194299940280148
3081,0.6698375809119229,1.459603128380337
3082,0.9546824460956271,0.6595704470737864
3083,0.9359024920173682,1.4274281496214156
3084,0.6182060994406143,1.2471859150827949
3085,0.7561316881175183,1.3553539866630266
3086,0.6041519001760995,1.1117730992290578
3087,0.5662398645215411,1.299227485167142
3088,0.7171182219385712,0.676615911938697
3089,1.0288597641494712,1.1217235851512997
3090,0.45480731533099045,1.086230604435157
3091,0.47218339224001993,1.5144184904736777
3092,0.8319214999168671,1.2587434402617028
3093,1.0635949418775659,1.053374223992186
3094,0.22907567230415038,1.6384826469459082
3095,0.5379469617294506,1.460537398280543
3096,0.5949429043996677,1.514907697650418
3097,0.7173264025213746,1.673969707429408
3098,0.5265139381842713,1.1490331434550503
3099,0.7679684854789247,1.2899129210922116
3100,0.5290545012384955,1.1744304549637694
3101,0.7147952961900007,1.4477521958238466
3102,0.9619272187196384,1.291426468147038
3103,0.8601917837464841,1.6104697796044172
3104,0.7166384628614447,1.070534669155614
3105,0.815373689856386,1.3536213828679042
3106,1.142787903879182,1.0095979081767967
3107,0.36175922936054294,1.1327116806630042
3108,0.6605479299339351,0.9809492080638378
3109,0.7843290169534711,1.2763384795272998
3110,0.2213281245975027,0.6616570203755305
3111,0.9396675192213002,0.9734926268304667
3112,0.6606251469758171,1.6084482986781405
3113,0.6598560152488487,1.4356203019715088
3114,1.3468942133352473,1.5665046845579538
3115,0.41095333380735305,1.3170877315551413
3116,0.8096852141319278,1.7743805269850879
3117,0.35604165688263345,1.3450414973150708
3118,0.988187091205541,1.4106414702334251
3119,0.6245151896951232,1.7087147698299499
3120,0.7341864021829503,1.1736731499197826
3121,0.6977405946933303,1.2200228952878418
3122,0.31800826919042485,1.2524739296535632
3123,0.7184593339749692,1.2653023014501033
3124,1.1882703947128943,0.9974648051061468
3125,0.8644990411432122,1.5239965300203018
3126,0.9438702686131931,1.6186073143290132
3127,0.5525781952265766,1.4452585643316769
3128,0.34142476800138827,1.2187289258406242
3129,0.34055329538988965,1.8113752210020317
3130,0.7329932493040242,1.5659859781916945
3131,0.7894304044345088,1.2726951012888619
3132,0.588899578885873,1.5563675768944534
3133,0.6384007621051503,1.631793817339317
3134,0.20690036304445716,1.6516715016969619
3135,0.912397254383934,1.2523706498717586
3136,0.6348232795356421,1.7170438203936014
3137,0.5996181805333534,1.5692325742730315
3138,0.5416356867699567,1.2444094771600005
3139,0.7454818865157422,1.1181054087728115
3140,0.27330427238702915,1.7366329263786602
3141,0.5223767160274063,1.2048177257632953
3142,0.8802196244865637,1.4537266067608332
3143,0.7381634370974411,0.8415341780782022
3144,0.7246883449709403,0.7331067408518377
3145,0.7925761580472312,1.0706247834838245
3146,0.7752767989055052,1.4724416848229458
3147,0.4435501353590377,1.5780765751477335
3148,0.6483979227238779,1.4680406456008641
3149,0.36461497943521826,0.8972717549770659
3150,1.0074695253330053,1.3609486719956625
3151,0.8373710040332715,1.17600982378731
3152,0.3794305418716877,1.353066981305273
3153,0.37117144868071117,1.398831697824035
3154,0.8735865359240239,1.5562804360358458
3155,0.3229898256550118,1.547450899792093
3156,0.9719228172673824,0.5888117845988001
3157,0.5768954095845134,1.2460056356665317
3158,0.396648277762311,1.4162085651806982
3159,0.8873971958228882,0.9488258501021978
3160,0.29980783887865586,1.3016450240465907
3161,1.222951747536178,1.0533899705301746
3162,0.7083643410104201,1.3855457281349788
3163,0.6002431458607556,1.5078345173502616
3164,0.5451678808595084,1.2795926611842292
3165,0.2957611715552457,1.1337224687517042
3166,0.4987308485657159,1.2447810878513952
3167,1.0767039801223321,1.3506791519974173
3168,0.5481279502138213,1.3537260157735274
3169,1.0668579108843534,1.4249285881737317
3170,0.3933771503506943,1.3533092499759614
3171,0.21492912420076124,1.3276469885051103
3172,0.7552382534531483,1.3721697021759578
3173,0.7485352773249269,1.6502996292741836
3174,1.030593964578338,1.1979048747385144
3175,0.8163888656576024,1.3351787471169334
3176,0.5245362709085741,1.4788657790068496
3177,0.5892421391854852,1.7504521838155667
3178,0.24537650816044082,1.5936266567251802
3179,0.30511049016909925,1.5963744251358163
3180,0.8543150838657151,1.727785131203639
3181,0.5205725640037349,1.2756267008233964
3182,0.9796167583982369,0.9983402765263003
3183,0.8074069977701283,1.4943173149640248
3184,0.5251103701294576,1.382410754721537
3185,0.6309053719514511,0.7803419334545734
3186,0.5824930377509038,1.4344107229669811
3187,1.2965072031912754,1.123550729318672
3188,1.3002122592427723,1.3177812096751758
3189,0.43288169678620037,1.4866645032824264
3190,0.21008220011198955,1.4028247726495415
3191,0.864680483122518,1.3939902946663065
3192,0.6710460530222526,1.6649900556189683
3193,0.39009799571325715,1.005892617337039
3194,0.4941377116432728,0.9668025936136364
3195,0.7825405129581788,1.8985487597761612
3196,0.4480216753289415,1.476402848795447
3197,0.5579722388117044,1.010637028561773
3198,0.9229087814310748,1.2118779116710514
3199,0.42597603015279956,1.5455840470231106
3200,1.0736956487277096,1.4208353287374527
3201,0.129166986525291,1.5122073327103045
3202,0.2871928539389296,1.107457944358814
3203,0.1634410398532797,1.1541609563966917
3204,0.41226840247913055,1.201651121217989
3205,0.5638097911765283,1.2849255741793537
3206,1.2033839736699858,1.60886848151285
3207,0.21615801840426363,1.272824810680106
3208,0.5691598558554447,1.3246902951853021
3209,0.7466530424155534,1.2160023291353876
3210,0.4847140865827914,1.0180642063146363
3211,0.23750080787966005,1.0457259473955347
3212,0.5749169737764093,1.1411233571026809
3213,0.7073204614119089,1.1201883123322907
3214,0.7554381970452055,1.2379342058840206
3215,0.7826379472121918,1.1747927404739114
3216,0.7035239546094888,1.3091034225783869
3217,0.32285438022059865,0.8594338857930659
3218,0.8824672705550431,1.5220746793903102
3219,0.3853384132037902,1.4361305106675144
3220,1.0428885740431155,1.200406728359006
3221,0.5458956460215231,1.6198678192294909
3222,0.7358459866175159,1.43695768725976
3223,0.3218808941944924,1.4314324432955865
3224,0.5689890093971824,0.7902694501778733
3225,1.2272880946159286,1.6179676223538622
3226,0.20194621344246236,1.6551470297283541
3227,0.8326153519726835,1.3895581861474107
3228,0.9613185104232138,1.4878725868796367
3229,0.48090871431963605,1.87718295001657
3230,0.20589142246906725,1.6051280203972127
3231,0.8960180031362146,1.509545999576909
3232,0.883422321564443,1.5148392405195878
3233,0.3182043755292554,0.4340241701312033
3234,1.1742837156263939,1.3701334464198616
3235,0.5856553678491568,1.5145757584854436
3236,0.699424517644472,1.4496206028941403
3237,0.27625215884667115,1.4702225783029228
3238,1.0112099540911872,1.5831516659823242
3239,0.39169601527906245,1.5213501083990792
3240,0.6105220591321702,0.4658840510698672
3241,0.5826510018903416,0.855062864928684
3242,0.6617309882834297,0.7830042447070831
3243,0.5841969643086408,1.080528466249634
3244,0.9716718194595814,0.856059227498724
3245,0.6352189604944206,1.3126538982074247
3246,0.5905478168780569,1.3057781693797277
3247,0.5630472541874567,1.6406128497273187
3248,0.7689296796150249,1.7452863495756556
3249,1.0661507507450794,1.3464603553703571
3250,0.9277625461862854,1.3118950209226412
3251,0.4386610330253838,1.2602190718636952
3252,0.8935444032715227,1.3034764108118673
3253,0.4543343006609491,1.2682581600068887
3254,0.5179851682308574,1.5917807451980717
3255,0.5231624997475312,1.5880873808376783
3256,0.5648654136314601,1.539728809828005
3257,0.4095453823787432,1.3375819574188479
3258,0.9990167258667376,1.2440522028299572
3259,0.4028906891603756,1.3365941762952334
3260,0.4065805855220822,1.2483627545816856
3261,0.7399212003343443,1.4278785260464475
3262,0.5245314465316913,1.076478799621444
3263,0.6271545471552863,1.5480890891247645
3264,0.12688096884311026,1.1097310056179952
3265,0.7910303102243188,0.8484041694133089
3266,0.34866143778129505,1.6654108565310461
3267,0.5564939937090111,1.2966754888138636
3268,0.2583117543317911,1.4948624327268998
3269,0.785077741681403,1.5025088506845274
3270,0.3559070237859793,1.403607136463786
3271,0.6202997193067926,1.2963154730324236
3272,0.8944042918893907,1.5393558389289455
3273,0.4804397160155283,1.6309147930008805
3274,0.44829134045628616,0.8843163527242035
3275,0.8490312429972057,1.0270653323335892
3276,0.6725254350633306,1.0333637915517127
3277,0.8312927744382157,1.5871810135459217
3278,0.6954567480582641,1.1626589983952842
3279,1.178067417009098,1.1425238980890002
3280,0.7808862954613057,1.2378662543255456
3281,0.7327340890677355,1.6363266361058528
3282,0.6730678129155347,1.3032021004821932
3283,0.42880153550586314,1.4684243645371788
3284,0.646264992370511,0.9465079885015049
3285,0.7418272913166531,1.4992273098291755
3286,0.6099146936207,1.6236641606009397
3287,0.6572888287685376,1.740463585135165
3288,0.7838784302750914,1.1949682759133289
3289,0.4160586477065114,0.8278980231020796
3290,0.6816850469956053,1.2048456190127927
3291,0.7530984544423543,1.4679005873086286
3292,0.6542522263000453,1.6109194671091862
3293,0.740767842950983,1.0116306109645594
3294,0.6283912280389723,1.603828759468551
3295,0.19598510472101274,1.2074259957403868
3296,0.7270616110634888,1.3228224671286086
3297,1.0111600859929104,1.8758815890026146
3298,0.6009160447130747,1.8544374800589118
3299,0.9518276222521418,1.4713345701741365
3300,0.6701514332680278,0.860259238002967
3301,0.18548451122442222,1.3476032660037214
3302,0.5695517884336028,1.7161815197590307
3303,0.9288647109100154,1.4656005072225025
3304,0.32227327732743455,1.2177027344091371
3305,0.6883436216645811,0.9073238027329482
3306,0.3011753101179146,1.2573884865086327
3307,0.3410067586813897,1.5199576647348718
3308,0.8682301971274373,1.4917168861207906
3309,0.557713097061036,1.578988114004133
3310,0.8410168065886301,1.2119187791156936
3311,0.5553502341048864,1.4404675941285454
3312,0.6613469412759705,1.2613599134636129
3313,0.9680275960954128,1.5287385303870995
3314,0.639647215267748,1.7509039575702237
3315,0.4769581778818991,1.674974371069105
3316,0.7564197785835836,1.318309491458213
3317,0.2812048748923474,1.4392927160437985
3318,0.46786556261563145,1.6522199690437407
3319,0.8149293000204187,1.60022020767889
3320,0.7531032427293606,0.9877055207826779
3321,1.0183611106642951,0.7883671401195806
3322,0.9274692722662946,1.7885164098811317
3323,0.42676660879879297,0.6670221038409421
3324,0.7409023589816619,1.7038969897812384
3325,0.3973151009256645,1.473672384208749
3326,0.7003020222426876,1.550131772030267
3327,0.9397220553368585,0.9190504303923237
3328,0.6227756873403951,1.2931221707211038
3329,0.8454531169088698,1.4931508733564072
3330,0.6618477258781006,1.216732160450445
3331,0.5289424163245352,1.3398396523638882
3332,0.3932665237683212,1.5786008538030085
3333,0.28662276737682774,0.8881618227386248
3334,0.18685230881574402,1.3984961828724387
3335,0.5422834286256951,1.5896317301141807
3336,0.7025657007010664,1.716252923825037
3337,0.7494216749009286,1.3429427700760184
3338,0.588466674387509,1.6671911605267977
3339,0.3900023541896146,1.2747094390560472
3340,0.8576640435589012,0.8992828638200736
3341,0.8911499908681837,1.725316122453466
3342,0.536524507371114,1.5882217729265986
3343,0.4832403486055491,1.5254184306412137
3344,0.8395486207269878,1.440008969211462
3345,0.2828736148763897,1.3025556703266852
3346,0.7949518501033485,1.5324275856230316
3347,0.8948136966128727,1.7865820908572356
3348,0.8179778406762168,1.4876422300255767
3349,0.6024991548901572,1.4692267531743342
3350,0.32343571590620607,1.7815685199715876
3351,0.6517853314831844,1.0905072933334963
3352,0.5027403925504876,1.2754175076295176
3353,0.5239305967775182,1.4821030904320291
3354,0.8850747687774078,1.4881478559738324
3355,0.6019033385614954,1.7335533351289258
3356,0.6269119048404729,0.7450984048814062
3357,0.3241550755453227,1.0882602920957605
3358,0.8466206916709527,1.4083512754744396
3359,0.8068781445503117,1.451110716235592
3360,0.7066113155280919,1.6306237648552153
3361,0.3759846772655459,1.1838581283967273
3362,1.1439971754458444,1.49883662897021
3363,0.4702926151387377,0.9608879517837494
3364,0.26901748507915146,1.1258474417164992
3365,0.311271656817615,0.9727821689534131
3366,0.44445508637352193,1.5034813344019966
3367,0.6259165896462064,1.634094342212653
3368,1.1033241154729332,0.6277877584870983
3369,0.5633613466984096,1.3714471083494184
3370,0.6593100124623784,1.346025206169771
3371,0.44689167100995264,1.4020556371705943
3372,0.6997961658895603,1.6924907967956684
3373,0.5536120872236172,0.8692612490200406
3374,0.5217654002760902,1.1268536308421924
3375,0.8649076169486882,1.5662194762909882
3376,0.12612323399349365,1.363551763908406
3377,0.7184003332058119,1.37371628136738
3378,1.4807293398943768,1.3679095229526839
3379,0.4054434155423766,1.1256306257133821
3380,1.0102466260817913,1.612629605725579
3381,0.28551570826395756,1.5466219334471878
3382,0.1040986502297296,1.300192205038753
3383,0.3162793934791045,0.8247294900834596
3384,0.6230477993458231,0.8614954657944693
3385,0.4962269745717541,1.5094736938363025
3386,0.4623358856557192,1.395649736675165
3387,1.0915377277575902,1.5114191283230083
3388,0.34791622651205045,1.3896017158430372
3389,0.33952345300817927,1.3527636869406776
3390,0.44449361591851,1.541276584650173
3391,0.5080627085962897,1.1647594422906808
3392,0.6025969075112138,1.2515116583856853
3393,0.32464384238837163,1.6811335128177995
3394,0.6511985494862057,1.1615241380563517
3395,1.038434096078163,1.2185051380039131
3396,0.9557911953331985,1.0365225909466123
3397,0.49256568219806307,1.6197841055013802
3398,0.7321834501323642,1.0978523935119813
3399,0.5229016606253392,1.4562710459447126
3400,0.5764391294738553,1.798851243799487
3401,1.3061390692336108,0.5900267464439022
3402,0.6392113507577273,1.3424277309853596
3403,0.31585114133761066,1.212550279427746
3404,0.8748101284820962,0.9305857321647795
3405,0.29135565514888356,1.5052665523204563
3406,0.9509977052206905,1.2086376858944887
3407,0.9496075484747865,0.8726350464353776
3408,0.4488660763550331,0.789262217768903
3409,0.423474936213824,1.367988723620458
3410,0.5778920042066014,1.485510855197147
3411,0.28487303182565477,1.3701838077580815
3412,0.7850505623856481,1.4450975697848158
3413,0.6813056417537061,1.1119134111068187
3414,0.5418352007918555,1.1355971135470426
3415,0.5639931767624559,1.5581525522363457
3416,0.7158003314265006,1.599360184552365
3417,0.4469839510888919,1.1220426371053813
3418,0.34712303706248715,1.500241572109722
3419,0.7256930756708769,1.5185463864691053
3420,0.5141330962204964,0.9960102341492867
3421,0.538328992928816,1.5091500089029293
3422,0.8843564732119353,1.5234865785875549
3423,0.7723355997017087,1.6851866611299233
3424,0.583193643309255,1.2868823202592874
3425,0.5027761427320359,1.6464421668692888
3426,0.46541403912301116,1.4070143029029878
3427,0.28042102638638017,1.3916911044686842
3428,1.133282545542906,1.0203876957046
3429,0.9292636980777225,1.2632913429741648
3430,0.4139315799347881,1.1991908524150228
3431,0.6637146270383678,1.0838083770253322
3432,0.3913790917949835,1.1702533016750136
3433,0.25452496938691044,1.6421630414315778
3434,0.7074856061330886,1.6720590627301495
3435,0.7351029281906216,1.0516955986392167
3436,0.30740844049358346,1.1335314356396167
3437,1.246435193742199,1.3535407719141577
3438,0.4862991246867491,1.0301186483460385
3439,0.7717920283758128,1.7395963990291612
3440,1.0327658729852267,1.6326896767951948
3441,0.588022569148854,1.1672361504631428
3442,0.5913835534348681,1.5853827790068056
3443,0.4221392714601794,1.059617103795146
3444,0.44690565716121194,1.323178732789156
3445,0.891949097483881,1.3520250678690897
3446,0.4502308390430673,1.696826073202516
3447,0.7086038520482447,1.0469319193645021
3448,0.8699221189413059,0.8933597872455921
3449,1.1318166871462112,1.5732936278500413
3450,0.985880835647371,1.425351646157276
3451,0.2066946523780588,1.3290915688599272
3452,0.8702090518751576,1.6204369870647808
3453,1.2470037065561226,1.3763409564689282
3454,1.107434221610471,1.4507242955412372
3455,0.5239647997721794,1.4431245594579463
3456,0.6962773468838993,1.6230533960266094
3457,1.3259313951533669,1.1219113448995932
3458,0.20297545496311864,1.0902960951286076
3459,0.9934726846507259,1.6144093358195706
3460,0.9564679931108272,1.2829839626710828
3461,0.6561523082410076,1.727339627282448
3462,0.8794584742872621,1.7675232780327113
3463,0.6895832735270622,1.1814812815387183
3464,0.6964119795282427,1.5907238675184963
3465,0.8090318771053154,1.1763070568693936
3466,0.5870029505208643,1.3693212159947972
3467,0.25909124771759345,1.1757176321565361
3468,0.5920731029074189,1.0775292305003639
3469,0.6543779466877105,1.1865675344631774
3470,0.9553094465540253,1.5594095495517255
3471,0.8020654339419474,1.1454890783425817
3472,0.6307021247405478,1.28633482212225
3473,0.812959832249084,1.139068642215235
3474,0.8972636381318262,1.099964959172497
3475,0.5012541089641487,1.3217950615183764
3476,0.5880405341934848,1.1068502618667662
3477,0.4735471738992598,1.3401228017567504
3478,0.45438562508822383,1.6526702232897756
3479,0.4881291100275544,1.355782342899778
3480,0.398966958033791,0.8301209770849138
3481,0.41812461706606396,0.6322837778595161
3482,0.6813155907620632,1.2690688439968563
3483,0.6133930447358878,0.9869360344258515
3484,0.20370520265886308,0.9826853871333268
3485,0.22200045338977734,0.7673288665682703
3486,0.5232187650437186,0.4599358537961906
3487,0.5099113591904803,1.6240883074944596
3488,0.8052748601412272,1.4898482873199759
3489,0.44608400343047927,1.36064529574412
3490,0.22233585228008934,1.2879235032846639
3491,0.9544510408786047,1.2372517706840962
3492,1.0000072889070506,1.7123361985924919
3493,0.6979094372909392,1.87530839485993
3494,0.8648753361402726,1.2716118623881316
3495,0.359161515330721,1.3321431527179453
3496,0.2972374532275164,1.1645017987298933
3497,0.8303926845324346,1.442943623881353
3498,1.093009191936457,1.5852194049936374
3499,0.5841190465524069,1.022801585384086
3500,0.765701044580064,1.473012243477585
3501,0.6345737306665952,0.8793147812280249
3502,0.6222243488715192,0.9186166001387961
3503,0.9273573903259668,1.1912488047511829
3504,1.1510496911469468,1.4536505044825865
3505,0.9075184848109084,1.1246164684628808
3506,0.45795094322900703,0.655383537823182
3507,0.5593308898591478,1.1553965559221626
3508,0.8860377295686336,1.1471310769712726
3509,1.1501013016433017,1.132996732055549
3510,1.0202331391851818,0.9050403466757304
3511,0.5025878665369332,1.4693636808267667
3512,0.9126454474889089,1.182519919780039
3513,0.4517576017538135,1.49859907585109
3514,0.9463792468582314,1.7109388950417057
3515,0.6566986129995235,0.939695902263989
3516,0.7063218045950143,1.4414873323056825
3517,0.9497784237337464,1.3728331718697664
3518,1.084635533057923,1.5356515004561748
3519,0.6362433893773876,1.2545813188712804
3520,0.4215268769385203,1.2704008968131029
3521,0.7953471033089259,1.1431696228497192
3522,0.19519919848048317,0.985194177995282
3523,0.25805780098050757,0.6493927611739019
3524,0.5604916107737262,1.525621079997766
3525,0.5641305879672568,1.4182647316420156
3526,0.5220839632616543,1.5390095393700391
3527,0.9334569511768948,1.272646674223732
3528,0.6011553330540976,1.436729929882676
3529,0.42974573297498037,1.803707748581381
3530,0.921822840802633,0.9915104067187577
3531,0.49605929616189715,1.1367294843008726
3532,0.8513787004723249,1.6264772796318465
3533,0.9948999165667008,1.3904150074493653
3534,0.7185009158532506,1.086685059239557
3535,0.7623425188085012,1.1585191619905193
3536,0.43947085474489356,1.4686140711689326
3537,0.2507700338371745,1.6031089911498044
3538,0.41224420813287316,0.7831884354366534
3539,0.7180473305176005,1.3589614708346245
3540,0.7893099674176018,1.2890566754547403
3541,0.5932250883633984,1.6626134149430918
3542,0.4319763653340817,1.0541688120117976
3543,0.9721899737443138,1.7241853691493656
3544,0.28832411598851837,1.2418177930156453
3545,0.9945826220047519,1.4086347664719665
3546,0.5965438391621406,1.4396561519021795
3547,1.1787937407624702,1.3270747917459358
3548,0.409679609167858,1.8871112018689267
3549,0.9496261584918588,1.528528735162493
3550,1.2552852168670803,0.7127359535292059
3551,0.30840793469431904,1.5004651762624204
3552,0.6025409242971069,0.9607850476314135
3553,0.7832614755809744,1.2559295278501788
3554,0.7312954231078517,1.371548990741028
3555,0.37169868542961726,1.4817770436645241
3556,0.8018357389736088,1.6342540117723077
3557,0.336004067896555,1.7511150592556868
3558,0.8704058917254306,1.1829926514581257
3559,0.8566822857080262,1.4439382289902114
3560,0.7010765430492384,1.503536573609229
3561,0.7750075321998603,1.5517163618116359
3562,0.6169828397045629,1.7620341324092572
3563,0.3303929005801381,1.5705305832224696
3564,0.7277449418262382,0.925017477998505
3565,0.5244398785686896,1.257531750843471
3566,0.7117492650393934,1.3498896372566085
3567,0.2769958555869643,1.4183424066740637
3568,0.5535137775558567,1.6720465879838065
3569,0.8342154956241867,1.5659682679037579
3570,0.7765295755696603,1.6262860790095
3571,0.6057539635352254,0.4234232700031204
3572,0.7773888994072056,1.7538868184032903
3573,0.62793384048028,0.8888718501621606
3574,0.6755104599459957,1.4404740834375316
3575,0.38641359927341856,1.3251712943834164
3576,1.4015990150578732,1.2320971962973921
3577,0.6158940363855966,1.6820416654629569
3578,0.5312187499075383,1.3485617890483974
3579,0.45474257367424953,1.496359470844251
3580,0.3474174846351028,1.3361025701191356
3581,0.5263585162069662,1.494882127114231
3582,1.0729930764816666,0.8847616060014121
3583,0.6687270288645069,1.4745173529178746
3584,0.6316440790187159,1.7691945215868854
3585,0.5730080548616273,1.5887107235505236
3586,0.23950649032212834,1.2669502040513434
3587,0.5237224840629716,1.0952543637926677
3588,0.8304931057006044,1.8192425234032858
3589,1.1300643750410508,0.7827559082623252
3590,0.5680576165319834,1.0193593213381686
3591,0.6984816702084269,0.8923485066364012
3592,1.3871139714665999,1.7102396583298423
3593,0.3558601221686172,1.1727546778671374
3594,0.9826082615970788,1.231029946665325
3595,0.6267284123710178,1.489749191504832
3596,0.4324637248988653,1.4943831326975616
3597,0.6923022601089425,1.1825293801636159
3598,0.9349158880575409,1.1094830329141259
3599,0.2370708000574318,0.790313342665782
3600,0.6198610435135066,1.4168499403424821
3601,0.7817806634085068,1.6554421409468114
3602,0.4573770996363826,1.7367426879893597
3603,1.0542279318687828,1.6014955073799122
3604,0.388031655900271,1.3435159142360624
3605,0.9588714423585314,1.1570685417572233
3606,1.2572825145249098,1.2140448338926626
3607,0.5332872836003176,0.6735451946923061
3608,0.2817477988111678,1.5234472143941278
3609,0.6207290287207456,0.554704258471032
3610,0.30594121013881254,1.6306481952337575
3611,0.898675382470591,1.4642573412917779
3612,0.24304762931280935,1.4799297396881053
3613,0.36353538022888765,0.9513144441907648
3614,0.6306896448931513,1.4588845223335294
3615,1.5385526991902552,0.8967085373606258
3616,0.31266087896315,1.4250459595600449
3617,0.5939218705979263,1.1116355130532622
3618,0.3494196153479995,1.5066320450677402
3619,0.6176122243800981,1.2026698980365689
3620,0.42331353800394017,1.0124910829422828
3621,0.6991437751807235,1.2449845901483703
3622,1.1481850229258839,1.5892972329637531
3623,0.6719943483334414,0.9296381922039436
3624,0.6205664397326429,1.0789489289782837
3625,1.1223153246321524,1.6462173661061572
3626,0.2863972326505154,1.0255545134692619
3627,0.5297310600541406,1.2887099455042814
3628,0.33558124951714297,1.3618198441359757
3629,0.5620161724513352,1.4133710568318323
3630,0.9576494365989907,1.5426437244523712
3631,0.41348371001969003,1.3523665910528826
3632,0.9191623936092169,1.5152554054781566
3633,0.607324292105732,1.226987745374513
3634,0.41315255361960845,1.671806364953028
3635,0.22368587264077164,1.4794042174656197
3636,0.7296431435961832,1.2642702552830618
3637,0.44960911591974406,1.4778189474868755
3638,0.4851472487149652,1.373902988992231
3639,0.5459441316943862,1.5801256065406686
3640,0.4597774535807069,0.9994757237702494
3641,0.4688826984863356,1.1321599085000353
3642,0.830775772400988,1.0198081084064654
3643,0.5263754602865273,0.8488365354677481
3644,0.5007577202604135,1.7140980123618461
3645,0.717335005456356,1.5307087994302169
3646,0.7371064372472023,1.7109139842676395
3647,0.592451855384667,0.6545543823240629
3648,0.7818418671119146,1.3095242106613658
3649,0.22849353710530917,1.489416614848782
3650,0.5062198057689284,1.4044368566908036
3651,0.8093464514604933,0.795069663366925
3652,0.9619171408340189,0.876547088474998
3653,0.9246903950055443,1.3946725542571075
3654,0.837027636912769,1.2474288848970856
3655,0.47633569032532697,1.4468535704535364
3656,1.1483985865260204,1.0063735316434328
3657,0.5847317130608193,1.436533621643382
3658,0.6842292412803189,1.0391402299535217
3659,0.8953001944878711,1.303395463376317
3660,0.42166391445893486,1.596233061892982
3661,0.7387736154602604,1.6506441605276176
3662,0.8436293426396944,1.4268528245234378
3663,1.1404604985802438,1.4512643619108694
3664,0.43784060065805636,0.772269095381309
3665,1.1328129053584253,1.519321206961932
3666,1.1351527355814992,1.4183626210692766
3667,0.6843089017590088,1.5639523835446072
3668,0.7919797479141442,1.1758611226638598
3669,0.7412930814002265,1.4845649730564996
3670,0.9347723116743311,0.4860760367875183
3671,0.8669894148159024,1.8133987139749743
3672,1.0321275664077185,1.3842349735010904
3673,1.2746266058502345,1.2311904799985176
3674,0.7961967316258517,1.272096258265469
3675,0.8661713702996903,1.5469882390050382
3676,0.9772006532802328,1.294152435904386
3677,0.8731463415678312,1.414800306058722
3678,0.8297845748382211,1.4050471787802228
3679,1.0907399243349232,1.1033685812409904
3680,0.29327854548268983,1.4496871079772495
3681,0.17071331106906334,1.1122614779195836
3682,0.5422169541851728,1.3324537462041222
3683,0.5339116848532797,1.5704780654138224
3684,0.4766584305150774,0.856203466801073
3685,0.17985082045643638,1.525232157666869
3686,1.0968724878036733,1.5683880876095955
3687,1.0082838508276233,1.4084783039032844
3688,0.7934373803899356,1.8568871107741542
3689,0.8857359542357777,1.1429350435050667
3690,0.22202694208939458,1.0891216672662116
3691,0.44749006487674814,1.7314340252546854
3692,0.4050206212698647,0.9161812764816393
3693,0.6069676398386813,1.3723055024677784
3694,0.7453674646174381,1.6999704037791346
3695,0.4778097889859,0.8045536136947
3696,0.6588723500448335,1.797521661470379
3697,0.6472888865686147,1.5586023730123943
3698,1.0706168134168577,1.3755965622641395
3699,0.8660839930567662,1.0220471152797053
3700,0.5107971302475247,1.4947025097579885
3701,0.3259724253236125,1.3399627962764677
3702,0.46870195132060677,1.4362772340609036
3703,0.2529106415415535,0.7696909499802713
3704,0.46579724033179043,1.2524923393683642
3705,1.0281970793247257,1.5313967724558921
3706,0.527408480823103,1.8504433032066034
3707,0.6052894949910941,1.5756726852359535
3708,0.8461782965278231,1.3293992305163795
3709,0.9170560103104018,1.3819111930448598
3710,1.2122930021520093,1.0678516582951603
3711,1.0433368114102541,1.0225443311933118
3712,0.5488840265662598,0.9218847736880531
3713,0.5661919514023435,1.4482495449504795
3714,0.6976467023381646,1.1422036423323516
3715,0.6180083826541233,1.1062312413075523
3716,0.5493367927354533,1.142532966856252
3717,0.6295873232515102,1.1478174140205986
3718,0.49914440950619793,1.7239925749570029
3719,1.4100526284708195,1.5575205322653543
3720,0.5179358686054076,1.730308306778388
3721,0.6810362419732242,1.040818121851523
3722,0.8747300817093697,0.9593990050589212
3723,1.2327601796818954,1.6012594713572383
3724,1.0960997026120032,0.9276155268102373
3725,0.5299240050892272,1.3607176291765963
3726,1.1245402000276992,1.101146449233715
3727,0.31997509992051787,1.3394314515749257
3728,0.7640135224674084,1.5907014099512087
3729,0.7575474399754818,1.2584099375440627
3730,0.5553560039154876,1.6552438715166105
3731,1.338208105456853,1.5036512344455197
3732,0.6127640963908397,1.2550192439163173
3733,0.4002018553694738,1.0876777562156479
3734,0.8694877134211094,0.9733886605095381
3735,1.0001294039471014,0.6898324953864625
3736,0.34612478334064156,1.013294078019235
3737,0.41144779403635107,1.4045477610933959
3738,0.45969000930087084,1.1837919899896499
3739,0.4493227039569274,1.4695282536810095
3740,0.6655132594504463,1.5150678187259106
3741,0.37116810960194807,1.7280442962483804
3742,0.3620967340366958,1.3000917993080403
3743,0.4473108653740246,1.2110702511560536
3744,0.1651881505666426,1.3205312030444785
3745,0.3150961048471805,1.6125374238790735
3746,0.5463489545029124,1.367384836770929
3747,0.3864113039619095,1.809341715540432
3748,0.8750985776544495,1.0712901089060938
3749,0.9354645124801738,1.431232975047449
3750,0.6269353507483056,1.203105640246509
3751,0.517096051402123,0.6179985852536429
3752,0.6908375251472834,1.1128084815965893
3753,1.187539979492397,1.4181529759147584
3754,0.3669968933706224,1.144748561500847
3755,0.9481561266893369,1.5526257013845242
3756,0.4621184784954879,1.6942800376513287
3757,0.5862489186072231,1.4892414457249865
3758,0.32762488321939287,1.639607850846717
3759,0.6992056514562607,1.445089411227166
3760,0.2518668274239146,1.291071410826929
3761,0.319258395002433,1.36350296469904
3762,0.6583305912548586,0.988353305661757
3763,0.7045707826685853,1.0440466223583074
3764,0.34814663125558704,1.4923717253576827
3765,1.079592331597259,1.451304786070565
3766,1.103483314537771,1.9058332046737276
3767,0.5104005917168459,1.6202338827466085
3768,0.9720037949569312,1.6613752949299192
3769,0.15570930674777378,1.5309103996704019
3770,0.4053289350181777,1.5902988088689356
3771,0.6004852517431177,1.2381398235941852
3772,0.5664496985428252,1.3558166027883272
3773,0.5111575187162558,1.3699590600211073
3774,0.44782741822712574,1.3803228156550418
3775,0.8683278070791165,1.5235519543249683
3776,0.5517921043264895,0.9534697777330687
3777,0.36618039423267185,1.2005149554721068
3778,0.6834344060034805,1.3609841418564879
3779,0.47683889993396783,1.13449386999886
3780,1.1400101714360629,1.600255920213808
3781,0.8573536342188959,0.8785906596903468
3782,0.4121764309004269,1.0802350991112588
3783,0.2782754459274937,1.3704855533607834
3784,0.7887539639331429,0.9202403338504945
3785,0.7078827706397846,1.1006824120572472
3786,0.8854343255160925,1.636806396331775
3787,0.8411711198322377,1.0715801653087902
3788,0.486739783408181,1.715664593759915
3789,0.8210483132160983,1.4300932856618849
3790,0.6786930175248931,1.4104976717772155
3791,0.09989444074079559,1.1736215274938728
3792,0.5886222671212773,1.4172159172428547
3793,0.13449577310129912,0.6142069090561697
3794,0.488626313022807,1.3977942056176373
3795,0.6780024476710232,0.7322725013566227
3796,0.4854937078252641,1.1658702740395315
3797,0.5811421657864996,1.2852020334111494
3798,0.585793105032654,1.092671061457454
3799,0.5299611753801783,1.399153094908474
3800,0.519950026141658,1.33889299263249
3801,0.7761895488881777,1.2887741393633414
3802,1.1009822467415273,1.717989504850932
3803,0.676565674480527,1.318031459159445
3804,0.3637880913102501,1.7257651953600786
3805,0.8020006153058654,1.1818750475304907
3806,1.0567440717085956,1.453757275536168
3807,0.23691977189728725,0.7802031152545532
3808,0.5411592964433576,1.5539294367687142
3809,0.9120413248936089,0.9096865745749083
3810,0.7106226063711522,1.4175051661221851
3811,0.8720650161643656,1.3707632587750669
3812,0.266174250318631,1.2907990971166223
3813,1.1614004632195494,1.0816789363895967
3814,0.3642272731882597,1.0619410329604744
3815,0.6493568502466568,1.2857575024633126
3816,0.6617640847168303,1.5904593432571752
3817,0.6590563110717187,1.4748783617223493
3818,0.3411662354933816,1.5043122050764366
3819,0.7236592684262981,1.283085452773252
3820,0.4239555035663696,1.2019077700797083
3821,0.6157002764163384,1.0798878976332422
3822,0.45824980485341305,1.4995863164937793
3823,0.6920145400862074,1.4159633332766188
3824,0.782838112871817,1.7454508284315646
3825,0.37438802660744375,1.587805570704686
3826,0.625118608647875,1.6223400531822534
3827,0.3421496771897783,1.3436025219279415
3828,0.712297477322171,1.0924829936719307
3829,0.6911572885693941,1.229918075970273
3830,0.1306818239987079,1.084288908670701
3831,0.9028004526836885,1.8332033225366535
3832,0.3674141863843664,1.283762856859615
3833,0.4514468778459043,1.3389776968063556
3834,0.47719537428970565,1.0526199345920384
3835,0.10680919103405309,0.6765191954334964
3836,0.5236059364049453,1.2068128148025892
3837,0.5434576367281413,1.3425276049976658
3838,0.879932633415897,0.41246006294622806
3839,1.2813397470676344,1.383022619557198
3840,0.45856074685591636,1.5046613143528587
3841,0.8321466361163182,1.425831375715648
3842,0.5623903377429157,1.1833225340030966
3843,0.4002405364652099,0.7166553262345263
3844,0.8614768593528641,1.2386241409991554
3845,0.8859323685653904,1.1728198435963009
3846,1.0388134945431324,1.4621213871643117
3847,1.2488603262953797,1.2470796127752584
3848,0.5107606142626352,1.2346677061085858
3849,0.9174742713205652,1.2189579277553624
3850,0.7222583129334259,0.995923295125168
3851,0.6720473616667536,1.2528653097582103
3852,1.0076104182958967,1.2353435984182526
3853,0.3841929007289629,1.2639414312039072
3854,0.35488122677797324,1.207508993995567
3855,0.3582235728083707,1.2874914872064267
3856,0.7316201426280858,1.2684774730988528
3857,1.056092786040447,1.6819304977462455
3858,0.3718663095444551,0.8104093600866571
3859,0.5709619579465355,1.551961313596782
3860,0.6836741297805958,1.5381010725092108
3861,0.850797554441875,1.6571422712919341
3862,0.4799362527741478,1.4382887130298845
3863,0.5348505388409578,1.4693476085841266
3864,0.5419256715449209,1.0911077061336982
3865,0.23250263090486084,1.637320049239401
3866,0.808026074583001,0.9782116883115042
3867,1.3473141080290745,1.21264113076439
3868,0.8351892578309411,1.788259417415826
3869,0.20811797219841693,1.269918376930038
3870,0.9249130820385465,1.4856459284194194
3871,0.5678802833859952,1.416550546733088
3872,0.586518128649162,1.7723557112102337
3873,0.25620639582422977,1.6014328462654053
3874,0.4927957895451475,1.0299227306328573
3875,0.45132385588693413,0.8821544723221451
3876,0.7200681676155487,1.4418889565486837
3877,0.5528876393283352,1.1869709465984144
3878,0.41479757085819485,1.1093142386544146
3879,0.28174052287912627,1.6930123700006454
3880,0.7945567595676362,1.618437234946387
3881,0.6344747658384935,1.8061562381104677
3882,0.3951789953436913,1.2497669814105143
3883,0.6976430402669498,1.4935586459850603
3884,0.9086104386813761,1.61426007865479
3885,0.43585982512472005,1.5733224043687055
3886,0.551364747989315,1.302002431899207
3887,0.8845785227320311,1.4508831490409788
3888,0.6123820781982766,1.3487581607477988
3889,0.8928310803865394,1.258009241489408
3890,0.5919072703002388,1.0853217058638789
3891,0.9974979327093879,1.4461061292653377
3892,0.8386826128716263,1.5104099976202212
3893,0.6954587226251715,1.6698049522272638
3894,0.8116176863455778,1.61975116518363
3895,1.3999374100166762,0.7517246363710359
3896,0.9126008420499387,0.8964216428694356
3897,0.2175368627178931,1.3045138793609408
3898,1.0981589535836234,1.2230893473616782
3899,0.7165888494276779,1.0520397430599826
3900,0.5929686604668354,1.618765038477041
3901,0.6025766632317274,1.3720192430484812
3902,0.2652004515486274,1.6144684113331749
3903,0.7550443768623584,1.6657850637550204
3904,0.4287113162420657,1.582634908917604
3905,0.6693769255915457,0.9633118050266631
3906,0.8838869915569221,1.3232904741306102
3907,1.1409408702061676,1.0670333576219726
3908,0.9916678161043605,1.2737472190303198
3909,1.3126699376601263,1.6975464765763233
3910,0.6389821363207888,0.872643125318129
3911,0.7804932170792519,1.467420005939029
3912,0.28493191298395515,0.7536760633445667
3913,0.7590010518123327,1.1461316195253692
3914,0.3625119031296733,1.551179491506038
3915,0.737467598272929,1.011405553837243
3916,0.7916565316154922,1.5149103880634003
3917,0.8339570615721482,1.0782158908342523
3918,0.9339792075387052,1.7196923619752773
3919,0.8340114560934598,1.5422653686114318
3920,0.3488605942793774,1.5964890886513388
3921,0.43605847542686743,1.1907383485538743
3922,0.6977039490020233,1.4035266978153689
3923,0.7645074007198389,1.445279030272149
3924,0.9709581827602529,0.8603744370320974
3925,0.8753393285353638,1.5536985036290725
3926,0.24312703878256176,1.431366826972948
3927,0.4627867355534509,1.0083294182389038
3928,0.5029371907690035,1.1403451179407833
3929,0.5426202700453471,1.450292222405178
3930,0.5748435817850043,1.5926867507947686
3931,0.7193043914745324,1.6177526731611511
3932,0.18368685021815873,1.2404082114719381
3933,0.9291244177502894,1.2102667762605774
3934,0.8851537512703255,0.8419098001102678
3935,0.5343164444492945,0.6423357236561069
3936,0.6710860866258642,0.975902785700492
3937,0.45617746046234714,1.6215075310418694
3938,0.4721232285768282,1.1551897944087193
3939,1.3277545143850162,1.5359179008399177
3940,1.3700545442667444,1.6085629129448942
3941,0.5757278438275267,1.3116479093462232
3942,0.9580504536337489,1.238308320646646
3943,0.32605104154203024,0.9339049596789979
3944,0.7276297009008077,1.6463445336428162
3945,0.6794729108434671,1.4681336695718934
3946,0.7467929577237932,1.502174970243376
3947,0.8507532003448794,1.6103158847302277
3948,0.5529186881160594,1.576755132705759
3949,0.7707894212756672,1.3885395486225502
3950,0.42918802037522114,1.694640377676134
3951,0.5476560083584927,1.4966437251497167
3952,0.2567632059671908,1.4973956244608353
3953,0.6161758142333158,1.6193383714481726
3954,1.078378921884371,1.378011102795499
3955,0.8387426252391039,1.5095393383201459
3956,0.8407612790133203,1.3917726788905176
3957,0.3637229941872549,0.5418650432102918
3958,0.9375734740933658,1.4568895623932767
3959,0.3265668702777155,1.0791844878687642
3960,0.4750993660526038,1.4990624628715485
3961,0.5980099849112276,1.3064976012149991
3962,0.339626589949344,1.1667755299041431
3963,0.3224726697713703,1.2636025776563673
3964,0.4548088447465339,1.102470260755337
3965,0.8142145113730312,1.5711769779234426
3966,0.5716902959929707,1.7893357235107215
3967,0.44245358855754735,1.3521484154130838
3968,0.5399034010828623,0.620647675990931
3969,0.7306685660633768,1.4664725598052943
3970,1.0085491763667573,1.4465459731618184
3971,0.28088875839327315,1.2575364595700536
3972,0.4794441534588045,1.380167305312942
3973,0.6278195293112153,1.6671348880901813
3974,0.48618874160342196,1.132396475233
3975,0.5359120907752143,1.3352882824545786
3976,0.2900971527231016,1.1756221305282768
3977,1.133253246397135,1.2916660317054884
3978,0.45698115001701994,1.2165487536949424
3979,0.31400273786584376,1.5468857748543967
3980,0.342682430139829,1.6262205618298604
3981,0.8597154678286469,1.1231395619443152
3982,0.517159842160575,1.6292685168654228
3983,0.4088277813195487,1.4376861516834287
3984,0.3357780947236514,1.5385421763663176
3985,0.35232404338522294,1.3464028301360513
3986,0.5608955045918701,1.0663773120755247
3987,0.627664850062513,0.8622308444969642
3988,0.7230224995349391,1.1411647560527756
3989,0.9249006383253103,1.556022076288488
3990,0.18761649682836343,0.9406119792908183
3991,0.6642708257922195,1.8347048417075171
3992,0.741940850741083,1.2398334069792436
3993,0.9852546071107658,1.6314465745657905
3994,0.6249766419363879,1.2099880364617164
3995,0.8830617522090506,1.277401591378432
3996,0.48382784624226777,1.0839832476618616
3997,0.7222427911195505,1.5136267420951621
3998,0.9002080775707507,1.2063399417713674
3999,0.8293610724935002,1.7198371503820071
4000,0.47151487736021613,1.1293083415528014
4001,0.5355667580524167,1.151451706696493
4002,1.0245629476304605,1.301778871901156
4003,0.9241842516998316,1.5543367939481518
4004,0.594059739916765,1.255347361197356
4005,1.2705692629984944,1.307038915828825
4006,0.510289456193364,1.1893438530181255
4007,0.4005404708580229,1.019752635646494
4008,0.5757207572015508,0.8822735142368847
4009,0.7977655516186213,1.4973408136255744
4010,0.6545813950324099,0.9529663592047262
4011,0.395147063648481,1.338446549697585
4012,0.601385245521642,1.1281468413302285
4013,0.32145499322006826,1.197910790565421
4014,0.8802732221254143,1.506829199437215
4015,0.27444455993213196,1.5898755852127002
4016,0.48211377473962796,1.5883896087885874
4017,0.41443137172654565,0.8775746946394942
4018,0.935880982436892,1.4267949526761194
4019,0.6414856577647486,1.6888150919275344
4020,0.4042024378866737,1.5884893229989454
4021,0.5723589061174885,1.5877041084474963
4022,1.050102888711044,1.5753227365602434
4023,0.689649698393552,1.3001011718754625
4024,0.4919299779998645,1.4256650433338676
4025,0.5393718192729552,1.587407801635694
4026,0.6287755600185575,1.0419990971071993
4027,0.8945666158016743,1.367603546774486
4028,0.5044209439689127,1.4168861538988105
4029,0.17688882963188093,1.298682626370123
4030,0.4909740319871864,0.6882262510432329
4031,0.502167148583828,1.6439878671862207
4032,0.44345053757751696,1.35903499719175
4033,0.395453242187802,1.2784298308526567
4034,0.3119254390792142,1.2291452494502697
4035,0.8026331368430432,1.3662429910399312
4036,0.5761371659130207,1.7806534609301536
4037,0.765963717084038,1.122781469672953
4038,0.8992504762826,1.4638202620559602
4039,0.8729768057214138,0.8555773010652827
4040,0.6558987304402438,1.5744266063861878
4041,0.6815400066478623,1.245655087826234
4042,0.5682487573452412,1.3656853949039398
4043,0.507182269908597,1.2277242457274316
4044,0.9854999343499541,1.5556021716164112
4045,0.4589462047764724,1.0394738861689072
4046,0.9496339498381356,1.4769170289994324
4047,0.5507169684147014,1.2713086543013055
4048,0.34385188597409033,0.923203918535564
4049,0.20357038833260302,1.2603287875839506
4050,1.075108898627882,1.6748086719843231
4051,0.5472903292085602,1.481938378169465
4052,0.4676216140247577,1.3149537938698348
4053,0.8685672316118147,1.5380944897469626
4054,0.2009819088489988,1.705262128780109
4055,0.455481098184061,0.9484259136733062
4056,0.2988487936272918,0.9581537655084569
4057,0.21374035948163528,0.9136732080642069
4058,0.7401253689420964,1.3956762036998347
4059,0.5285273858388874,1.794051717342626
4060,0.5917622328925242,0.914905468495151
4061,0.9931985561768738,1.2556158165864195
4062,0.4733195213659475,1.734773648941056
4063,0.6788091525943368,1.7778230426180486
4064,0.6526438784632655,1.437928538332946
4065,0.33509583360641215,1.3894609813510685
4066,1.2059736118102933,1.275189998399067
4067,0.5802263792295373,1.5029711513933393
4068,0.64203566262986,1.4977213437596202
4069,0.8187864007835183,1.6532314814028195
4070,0.36326563464082096,1.2622921874670674
4071,0.7811432332229745,1.7437012936155678
4072,0.7489764372081578,1.0864817685389687
4073,0.5976130213324105,1.0440656548123801
4074,0.7290418823790473,0.941315474508901
4075,0.6578589508145306,1.1532742096831217
4076,0.25922628289590705,1.5153073017004195
4077,0.36559827041778603,0.9333352415945448
4078,0.49017532388731333,0.687744809414526
4079,0.46603323673744484,1.4226041648919576
4080,0.41839243929112296,0.7736245211519113
4081,0.6343911263217598,0.9650146777428203
4082,1.267276973923775,1.0975116643560314
4083,0.26351803886341035,1.3132916764096536
4084,0.595330045237449,1.39310864284308
4085,0.9223977861236451,1.3621629977526384
4086,0.2463547221628512,0.974388778659065
4087,0.2856218007990807,1.245982504046152
4088,0.5601241833080288,1.6687829353434627
4089,0.6866848548339642,1.5200052487768583
4090,0.46643772222717705,1.807595265912464
4091,0.6606573817600541,1.353533379110525
4092,0.8216352310360395,1.2238895435817265
4093,0.22968131306262668,1.8106095918967293
4094,0.8003577495607058,1.5692067862623764
4095,0.1969112848363771,0.8367064133387341
4096,0.29307010548605594,1.437367955196195
4097,0.8720211390935894,1.3321487943387096
4098,0.3892497197039959,1.6043873395601975
4099,0.8736890961289562,1.0736710840703094
4100,1.4222738408082112,0.8843609478392647
4101,1.0172238086796144,1.4650408284782106
4102,0.3006734329278898,1.3618999272392496
4103,1.060102129509505,0.9409898029269619
4104,0.5342898575352444,1.1630800098729783
4105,0.5443585788617208,1.0371177894677777
4106,0.7026840092283231,1.5273363471761046
4107,0.37081690927013994,1.2318608382628566
4108,1.0849026199244811,1.4621860932077249
4109,0.36558460484799504,1.6525382487847053
4110,0.4548870128066756,0.7927374587276139
4111,1.033981726580362,1.6531025774140877
4112,0.4438389414834178,1.573328538429137
4113,0.4518152926929087,1.09844914104906
4114,0.9175447121523203,1.74757117413646
4115,0.73610795343059,1.2024783830086814
4116,0.33228532701196556,1.6876334267691337
4117,0.9014700107369532,1.1463887816605944
4118,1.1875655045473714,1.1369629363609617
4119,0.7560695218765157,1.254996124503257
4120,0.8272880033115474,1.2918051244423046
4121,0.49164135400965214,1.5200080958277793
4122,0.7420047143098182,0.8437454735257497
4123,0.340353886794476,1.3925653878591013
4124,0.2895413541065752,1.667810077633372
4125,0.6697296198147252,1.2159133042077823
4126,0.15337780965004846,0.9665171259196417
4127,0.5323567024954398,1.1479433701904678
4128,0.8055943246729732,1.2557342491921741
4129,0.6942901236968846,0.9426558126709603
4130,0.6602427312294845,1.811437911922863
4131,0.12108918602847288,1.402776152794809
4132,0.7716760826368966,1.338575924579005
4133,0.8031432127828392,1.086244610033578
4134,0.7846666764174048,1.665921174869997
4135,0.6280805993242058,1.66115982818204
4136,0.33761686945164965,1.6814658629477583
4137,1.1137266088439643,1.2007643744276253
4138,0.4566556908146056,1.6536642652642066
4139,0.36991864996697943,1.4808511677841008
4140,0.6057999508242106,1.3188546921552555
4141,0.6459737478920016,1.246629878233093
4142,0.8504607252807473,1.547103800691053
4143,0.4836362407472642,1.4167644936232435
4144,0.6664466314572407,1.0660537595094302
4145,0.5260065016640104,1.6547476264237493
4146,1.0214353892245478,0.7393722462969268
4147,0.7743562401863555,1.342675116840228
4148,1.0123674933056837,1.0437392881220267
4149,0.5004596094525721,1.5642322598169012
4150,0.9588463215417683,1.5407451126366312
4151,0.9798081593883589,1.7059475316462995
4152,0.27452742815999986,1.4539325373821503
4153,0.3974304316982188,1.3635213858745936
4154,0.5594893240193225,1.594793382467869
4155,0.8378584707005085,1.1657804205557736
4156,0.3866761042354866,1.3448565668754429
4157,0.5673870133213923,1.160986763907431
4158,0.8783916902138552,1.1495863938326296
4159,0.38391741563567117,0.7042130757125844
4160,0.5651400676880846,1.6942119112815013
4161,0.3840180772104495,1.0153140727258019
4162,0.6709772775724079,1.8291695407169875
4163,1.1165104543175732,1.3032847054686323
4164,0.8195113245189383,1.344817894393778
4165,0.5372610412136166,1.094834091220945
4166,0.5526145730828461,1.664363150773422
4167,0.15309018699107424,1.050652701232039
4168,0.913931212635718,1.0286305206832067
4169,0.5910040478393364,1.2602419373100773
4170,1.1560027067698466,1.6051716588653577
4171,0.31995662894849103,1.17243567370855
4172,0.6338313409173629,1.3482027297689392
4173,0.6805400116485096,0.5589036609895202
4174,0.612023963281422,1.2333847992071612
4175,0.7119845116035595,1.7563785274816954
4176,0.713932196857475,1.2687060197609679
4177,0.42512656247325714,1.4542011026406487
4178,1.1968600816283723,1.5891932047153015
4179,0.94272363544678,1.3711862873296738
4180,0.2609487165736535,1.0115360586402584
4181,0.5496914030942797,0.8379417677437617
4182,0.3432024958915371,1.3006333548588693
4183,0.9479897409241955,1.6803624247961064
4184,0.661376750810746,1.5406689390678763
4185,0.24205438448693012,1.2611729142524473
4186,1.0025662038711585,1.7034777067855151
4187,0.9876576278596937,1.2530011535038068
4188,0.7003767531198134,0.6702649503016673
4189,0.9758336259151286,1.6466779442939388
4190,0.9864022196154895,1.833383139476925
4191,0.554069286584958,1.7170104986614136
4192,1.157141983860515,0.9789199344968609
4193,0.6152837407424402,1.5174487821354015
4194,1.0053989337418263,0.8006210370444873
4195,0.39273693966906914,1.471855777848726
4196,0.8046335102655878,1.7476530661435992
4197,0.6589668844997889,1.7836827418207493
4198,0.3175947185426189,1.621556971238918
4199,0.5113836074326583,1.3066981402136444
4200,0.8158738673850798,1.624769407296863
4201,0.8021206451698929,1.592566740322336
4202,0.31617741743303124,1.1581718016062184
4203,0.5910153491088124,1.304904428680377
4204,0.57077775521113,1.0637741236857285
4205,0.24359508628312257,1.4678745083310014
4206,0.6613378442383543,0.9133298517392561
4207,0.5798857875741597,1.300471770527965
4208,0.6752819544068382,1.3560798674527557
4209,0.6942957253869066,1.4923019978733731
4210,0.41573974780689565,1.1611024601639799
4211,0.7164290122317278,1.1943143903998013
4212,0.75581880865682,1.216964046110191
4213,0.3984911922599007,0.7990833461330351
4214,0.40983165491234735,0.8876022958916676
4215,1.0379695870370436,1.84508322046784
4216,0.6062007776358262,0.988876221720723
4217,0.3550244819740846,1.380501471959465
4218,0.7116393020219285,1.5065754626987506
4219,0.706341681275407,1.709432636056267
4220,0.8219493186346791,1.2729804942803458
4221,0.17383877132087402,1.2575724574357543
4222,0.5557960550987869,1.5183278004319347
4223,0.6583237034194978,1.6215640081048837
4224,0.3747540609312286,1.2540590253928983
4225,0.9858562156464509,1.3323964478485462
4226,0.4922252844366563,1.683158140722746
4227,0.24899225749770532,0.9895568674534516
4228,0.8043423481567504,1.6610554699433324
4229,0.9197032542780523,0.9784743001235168
4230,0.3820578064826427,1.222393877354737
4231,0.5896780440086142,1.2202449746790507
4232,0.26472359924532446,1.3053024873504793
4233,1.0184392614229558,1.4184691054253125
4234,0.9584523044089102,0.9648201775956007
4235,0.38054532698178595,1.7240279392190399
4236,0.8560338352883523,1.4982236252926435
4237,0.6128778930818114,1.189216314861631
4238,0.9449693758558498,1.314220060938424
4239,1.2887747211324747,1.5881579089685383
4240,0.3818125802469308,0.6666649769726001
4241,0.20815296879063522,1.381593501796648
4242,0.31437646785563966,1.2914991274170402
4243,1.2860750051379337,1.2585503453483158
4244,0.5836432677881271,1.5919732492807877
4245,0.9662998118176708,0.5502685035021895
4246,1.2571459977921833,1.6051720275412462
4247,0.9289500410242143,0.3385875953748616
4248,0.4439870526776557,0.9993750828752563
4249,0.8529633311222379,1.0861405204605434
4250,0.14938170206697673,1.6094301125231465
4251,0.2887201428821878,1.1307738936977296
4252,0.9358755162071827,1.1747041773547897
4253,0.34582538558847764,1.3178302640553508
4254,0.6182349737427618,1.3008456879059578
4255,0.5790247557922859,1.7961745713098052
4256,0.1481570053017971,1.0381664173207272
4257,0.3651880629030401,1.7179035666037306
4258,0.6601450562491976,1.0130213210699872
4259,0.9231467555733357,1.3243347556888165
4260,1.1797224748808117,0.7672023193694899
4261,0.7007626609599764,1.305599969303969
4262,0.6927985175220804,1.3645455652665135
4263,0.7782508945979215,0.800358151551273
4264,0.42512656192365716,1.8998663607195574
4265,1.1867144479084342,1.3600379479805595
4266,1.074141274673207,1.3862197961724119
4267,1.1073691530506906,1.6309740937489048
4268,0.8277679003899064,1.4258070343931126
4269,1.162395379013103,1.1148266288316846
4270,0.5448215748464285,1.4563772643089798
4271,0.9256326024186382,1.1857957394177383
4272,0.6445678352760015,0.6434160170801575
4273,0.49316277942155423,1.311830452560702
4274,0.7420860913372501,1.3018314149796564
4275,0.6806826614092726,1.5198017956996117
4276,0.6810260916324776,1.4236783804914843
4277,0.2993827799669917,1.0701124853397443
4278,0.5440700438680001,1.0144280322760517
4279,0.9140574180182829,0.4987510778449622
4280,1.3249106432899291,1.648803176229257
4281,0.7817262462701864,0.8609662037979673
4282,0.24438469670560534,1.0245553940150163
4283,0.617318378684639,1.7866653318214916
4284,0.8532942884164314,1.2914119162327498
4285,0.3054831901583431,1.4246159032614134
4286,0.9866083827541541,0.9053472704997767
4287,0.765433243206128,1.497675826915236
4288,0.9105436243489706,1.0445909686952817
4289,0.7092375965664977,1.27223334302722
4290,0.8996484330825142,1.2743093698297958
4291,0.22446976584434683,1.4432858123615444
4292,0.40519806359308497,1.4869423535950097
4293,0.7309225833390605,1.434827225694045
4294,0.66840259929402,1.4549433535194534
4295,0.2895670794512106,1.2299116741859226
4296,0.6504563866774761,1.318694196511896
4297,0.8729142495994228,1.3765051641429475
4298,0.20600776296652062,1.2202528455731154
4299,0.642061287237162,1.5436791207913125
4300,1.0952331346345883,0.7994713643171327
4301,0.36864814854365024,1.1923742115160683
4302,0.7021185269887044,1.5296245139228357
4303,1.5850643627029657,1.4555236287538376
4304,0.571343690786348,1.7730906462302385
4305,0.17817464567533292,1.834914812814449
4306,0.3939420279314488,1.3575601790909522
4307,0.7259284033543678,1.312942691792327
4308,0.9030502309334376,1.7067094695291412
4309,0.3924523002228624,1.4335301465275383
4310,0.8516581347549791,1.4968822482037523
4311,0.7681813306888612,1.024481190182064
4312,0.37323287236479114,1.3193161510158722
4313,1.097797660718115,1.5319796304115911
4314,0.5456764892297118,1.1951621572430735
4315,0.6356951545253893,1.7506712142405816
4316,0.6319833426437033,1.4415372584758797
4317,0.5118069668395885,1.3338677694643648
4318,1.2981684134455271,1.183256301603218
4319,1.0232720397961936,1.2135207142132223
4320,0.3880810098171853,1.4368833806785024
4321,0.8641898897608973,1.7989852912401574
4322,0.9687400800240696,1.5123855323066209
4323,0.6756910635296848,1.370839319811183
4324,0.5560811905421693,1.6135865823176596
4325,0.24258128839473533,1.527904523571437
4326,0.7875680119312428,1.7270008920240831
4327,0.6516253302788128,1.6299068547723838
4328,0.3793910101105542,1.0571961598573671
4329,0.9422285811312519,0.5656007319095486
4330,0.5448890003736375,1.4169118420908946
4331,1.0715264764645662,1.264709077640931
4332,1.1718537259040989,1.299129618871952
4333,0.5514950135388842,1.471990649200123
4334,0.22246400725578772,1.2789951129829333
4335,1.0447336761370094,1.6449688894669094
4336,0.20878201935123988,0.9543198619557969
4337,0.4514668433352712,1.154390451914609
4338,0.36323405138536036,1.1288415507453782
4339,0.83963222730397,0.9540538443083864
4340,1.0676973992261318,1.4156171978204612
4341,0.43529040199896635,1.1740514386719598
4342,0.6536069938495385,1.8197716723286181
4343,0.40578031626922323,1.3368310064106952
4344,0.8315237768279578,1.6169408246773451
4345,0.5701222315205259,1.111619410220345
4346,0.4416181780077431,1.3362943034851158
4347,0.2539902941158339,1.77362460193023
4348,0.7027347321934552,1.513128986444392
4349,0.8989572196102428,1.7326478083038026
4350,0.5153113693422489,0.7061043961653533
4351,0.7508330784171003,0.8110470745892786
4352,0.49662487463892696,1.1495699819212468
4353,0.5778694695676944,1.6050057351988791
4354,0.8215231266925733,0.8476072868692761
4355,0.5210354268002003,1.4886503254780807
4356,0.36873309621188005,1.4985373312414694
4357,0.38270928885115657,1.258605591057068
4358,1.3940781350320535,1.5375535241240599
4359,0.8957275542299885,1.6151101536994255
4360,0.22808472000732072,1.3487518532850105
4361,0.7815006160207312,1.858513214907762
4362,0.34922240696349915,1.3519177420371813
4363,0.9596416594552996,1.6034342852894752
4364,0.5975447694813,0.7876622728599794
4365,0.8881890033688817,1.2282816825027068
4366,0.31850122597698177,1.5224612712912449
4367,0.41361873675311933,1.2093153272823174
4368,0.48252520821976663,1.2305663359810244
4369,0.5391628016251656,1.0720441603785198
4370,0.5477198854282763,1.3119343873498222
4371,0.656458441410923,1.4376035478908047
4372,1.2721223343260881,0.613123483584751
4373,0.4687557574022918,1.3144110214384161
4374,0.5918045213625813,1.5939474954069528
4375,0.8003827730217675,1.3892348208061953
4376,0.41872159935323183,1.580291634360526
4377,0.3623725625159024,1.1079935454751348
4378,0.7676470828972578,1.303749148813754
4379,0.6947389021152727,1.2125839058887617
4380,0.41031930847125647,1.095668304441471
4381,0.3232245084045201,1.0953628994413338
4382,0.7306008447327895,1.4328667971033335
4383,0.596690970835637,0.6189020608081437
4384,0.6422260747093901,1.5195526704169693
4385,0.5836579768305068,1.2201715633197936
4386,1.076307184989572,0.9481773861932468
4387,0.39839806246817006,0.9419457994217424
4388,0.8494672255164106,1.34063509383905
4389,0.4693833016900497,1.2305374042830897
4390,0.7803112461655136,1.5556596508904883
4391,0.9383258265188823,1.5933180506217295
4392,0.6131821295469585,1.2737823457205113
4393,0.4619182441622885,1.4197816505054894
4394,0.4900498003875817,1.0506707611038275
4395,0.6604367677218035,1.2611779103728096
4396,0.556074158608335,1.0913630784225279
4397,0.6757878699783448,1.6010992607573709
4398,0.4523874810991387,0.9334481195507256
4399,0.587740855291371,1.1147425081067222
4400,0.3994143717287066,1.5601432033512193
4401,0.6418118708454689,1.2908892541214976
4402,0.4327536188356085,0.9393164871958068
4403,0.5070684504863843,1.798313211836508
4404,0.6116665932980191,1.3802396065152833
4405,0.6786358139729594,1.5250702610071722
4406,0.620183259436465,0.8000189512106806
4407,0.37584884277529057,1.325044897331352
4408,0.2117194122234386,1.7390724591923092
4409,0.9918827718580302,1.3186830551689785
4410,0.6580276137849435,1.4718430868137804
4411,0.5994624487996303,1.6067707696021527
4412,0.5211142459662019,1.1860627379562847
4413,1.1145697780901107,0.9347742404695449
4414,0.7339499137174998,1.0994104661500141
4415,0.3249394984041271,1.4974933922143494
4416,0.4772853888131294,1.5766193666590356
4417,0.46755361309955845,1.3037413538557074
4418,0.4548565943158701,1.496634639822816
4419,0.9858079895228091,1.258524711950937
4420,0.8431142926717174,1.4883740335851763
4421,0.8741860323623133,1.3525412858238233
4422,0.932472161335295,1.5320673040933706
4423,1.1082408422145875,1.4643787851518564
4424,0.14821107056264196,1.3348598850463884
4425,1.2240456338204342,1.239049448075849
4426,0.14491133671831155,1.6469010574114216
4427,0.7411083650676311,1.627251663982108
4428,0.7822743690823728,1.543126306337076
4429,0.4565215268352409,1.2234436665730337
4430,0.5891237336620856,0.892655729765645
4431,0.3493930957215994,0.8013651355670595
4432,1.310844704680308,1.0310079048866987
4433,0.5580453738793348,1.438660742212367
4434,0.26854456906275764,1.596446618182903
4435,0.5271248313851368,1.5619900461280083
4436,0.6188640571104393,1.7252995811459808
4437,0.7912467459989433,1.1535672122567846
4438,0.5441860876486249,1.188618449897049
4439,0.6944466504128497,0.9075118847485735
4440,0.664253488262049,1.5796411760529023
4441,0.36221002297371313,1.6593043085432604
4442,0.9526281396095265,0.695903303806569
4443,0.35568496655902615,1.6756439467045183
4444,0.9056270400407795,1.5039732790841016
4445,0.7162371330425669,1.355659097666956
4446,1.0973692170839584,1.6323681036062654
4447,0.6128744113777618,1.6713980694779778
4448,0.2774163024634334,1.2444564067296584
4449,0.13329827906458602,1.6428532208302187
4450,0.5590833041691916,1.4616194359339063
4451,0.2880107625320147,1.3506034560721802
4452,0.18915994635713748,1.5231613422124408
4453,0.9342583048141094,1.9233963971755779
4454,1.1012578030350715,0.8196983509317317
4455,0.5398630511312231,1.496127324917277
4456,0.3395026312004696,1.5326948761267316
4457,0.13551043792952988,1.3389627642186068
4458,0.6966019010220004,1.1488733921051963
4459,0.549697739739508,1.3607541107981642
4460,1.0907145442230572,1.0859872775010821
4461,0.8433490835282238,1.0843447861861688
4462,0.7076625180145274,1.883005163188447
4463,0.3159264440241732,1.025274249782481
4464,0.6132409544950658,1.3728453727703052
4465,0.14547413684084423,1.5240799503366482
4466,0.486370250987417,0.9869114756493047
4467,0.24103325560449476,0.6009094154150776
4468,0.429618342157281,1.385160031687921
4469,0.06768844126633206,1.3754246581355638
4470,0.3761405041199536,1.4594482684022736
4471,0.7444956072579667,1.0371698022114058
4472,0.8003068656108319,1.4705116270100962
4473,0.6738298912286917,1.5120216324115874
4474,0.2529265048123151,0.700149211364242
4475,0.5651126283188823,1.6929692231568576
4476,0.4171454830843223,1.0468128485255501
4477,0.8575463546513985,1.3867383191177485
4478,1.1148012072743763,1.7666475332173364
4479,0.6652767873097533,1.7701085630480975
4480,0.5701156638791642,1.6991427994641788
4481,0.3639569992277475,1.347290973645816
4482,0.3597554076276804,1.3781278129922638
4483,0.3432497081890372,0.7762421689239702
4484,0.5321943361172708,1.0811595866907444
4485,0.4443995608771909,0.9078640017296793
4486,0.33259398987889677,1.0490393653485905
4487,0.9771289823307487,1.587143190958184
4488,0.4684408236732326,1.265104321565065
4489,0.610679266074901,0.8808478057065794
4490,1.1333965307588256,1.0287932042662375
4491,0.7006716778886639,1.1409988161142643
4492,0.3219330737059795,1.1645059932761193
4493,0.5567822931601067,1.1798889062947064
4494,0.7695253034768478,1.7087085895009642
4495,0.9318706730355713,1.7101507827398523
4496,0.6624992083902609,1.3211217826203745
4497,0.8364236715756395,1.3635346107159876
4498,0.5974635126114828,0.837783902403209
4499,0.4860637694561946,1.908211656300391
4500,1.0310719516416278,0.9288574686320148
4501,0.8356403568056305,1.7382377827146316
4502,0.9711761574246969,1.4291139515976496
4503,0.4339096449556395,1.8271139157589444
4504,0.5964728008231606,1.5809550468012117
4505,0.3200111064187343,1.5171972289154672
4506,0.5194409480121168,1.5742877218765177
4507,0.7499940200861056,1.2933624885399893
4508,0.9528696316412668,1.6752173847145615
4509,0.5404283074587325,0.8783048365099686
4510,0.5112648477352817,1.7656106070054438
4511,0.6123213541071362,1.8140514516255482
4512,0.5833090946110485,1.7143726004142725
4513,0.6391877759679082,1.1859355050421732
4514,0.5261006482151807,1.6270153684125752
4515,0.8403432153570225,0.8712528516960913
4516,0.7396077393502271,0.8924200939909206
4517,0.5813096651734967,0.7936584480784361
4518,0.4386986031136073,1.1190957400830341
4519,0.43145720179125996,1.4457559380111973
4520,0.2797753923729549,1.4668116705381715
4521,1.2724825815559508,0.8902304176875455
4522,0.4954581262649185,1.5081180048726484
4523,0.6681551884959026,1.2362486872101162
4524,0.6948281046215489,1.5782039328006725
4525,0.4669679209596034,1.65144144219332
4526,0.5029020619507115,1.282652742776164
4527,0.5263885889301652,1.3218157973126519
4528,0.5702980110721582,1.2741979878982899
4529,0.7603837757147536,1.5491291942889591
4530,0.625563338076195,1.4255992332862435
4531,0.9316517476715618,1.7002079198506714
4532,0.9012991175916371,0.9790258783392862
4533,0.7039269009308363,1.112139900551674
4534,0.4937055959975709,1.1050224408390432
4535,0.9355413273626317,0.733629149364029
4536,0.24854097006947523,1.2885395386415563
4537,1.107028878026273,1.163453553218948
4538,0.9073982569854592,1.5124307585032946
4539,0.5586176927251862,1.60271414754181
4540,0.3324213555587514,1.5252010169366648
4541,0.5899958708835985,1.3214320855595614
4542,0.1717075501424679,1.5657145455044077
4543,0.7973826038943761,1.1751867504234568
4544,1.260769523924471,1.3012395447367395
4545,0.6701914701295731,1.7949620908639987
4546,0.6546971313065523,1.49604305346417
4547,1.6799362073340305,1.1798427805176204
4548,0.37322871482300346,1.4202538386698143
4549,1.06542624446146,1.0486388570079153
4550,0.8892927234842724,1.7237825992064026
4551,0.4533154249616636,1.243623712626197
4552,0.6980751107747531,1.4634124049500201
4553,0.32807071632293583,1.4904511286848696
4554,0.7081738083611269,1.442225918723079
4555,0.805765328300438,1.7136625446581044
4556,0.8958315185547043,1.742511244237046
4557,0.4188891823206994,1.2828866125772138
4558,0.8771864428515592,1.3694669363435457
4559,0.3492041128547513,1.6159639640156471
4560,0.6860534055900874,1.191956684506989
4561,0.4966030841792869,1.7767570206236345
4562,0.5640915105408656,1.1783766173517214
4563,0.7069637028767985,1.6803128817174504
4564,0.36247549948782715,1.1512003078362074
4565,0.8578831881098503,1.1985251277466498
4566,0.3334434935285172,1.8070909006920477
4567,0.42900372665444975,1.2347776308712628
4568,0.6987433152397022,1.1951855638477071
4569,0.2653934133857502,1.330851681907338
4570,0.7198711650239501,1.0355551391935238
4571,0.6314577952588487,1.6244812541190097
4572,0.6221723707295029,1.2684759663777916
4573,0.24983381036335536,1.8331516211017354
4574,1.0858759524570725,0.8550160180685877
4575,0.5504159213241919,0.5428077954437038
4576,0.39695274694445226,1.4832605674812205
4577,0.5659817995546487,1.555883805673988
4578,0.658681288286808,1.073639926049329
4579,0.5082017554376348,1.4214717672534758
4580,0.7797058162921064,1.2476492166099469
4581,0.38856599451628787,1.8325435762008588
4582,0.4153033645076408,1.1023584901484373
4583,0.6028826638904313,1.355653850257567
4584,0.6276786423331409,0.940585731994392
4585,0.8671308189023473,1.018899882698616
4586,1.0132982291044201,0.8464805437510399
4587,0.8042313259756553,1.1532263420351905
4588,0.9094372803829108,1.1208834309244895
4589,0.7471412219342839,1.4511633512704667
4590,1.0607884835693193,1.1848182804488399
4591,1.0665436092825649,1.2612595347570288
4592,0.764910377589974,1.6390391623154825
4593,0.5986581991312658,1.1995315982246335
4594,0.5233269988032518,0.7395824418472379
4595,0.43048270594431554,1.6700304576861358
4596,0.6039290411333538,1.2346412170887389
4597,0.88910934006789,1.4927462793555915
4598,0.5227626649799265,0.9733815857609425
4599,0.5319498233955766,1.2991804986917272
4600,0.8294129784593082,1.7087964637382238
4601,0.7380287088902773,1.6790898448668043
4602,0.3465206927147592,1.2366862325806114
4603,1.0513323742428253,1.7648413026827146
4604,0.8196185519555487,1.4806397521928236
4605,0.33986292572814125,1.5481121004894227
4606,0.4926640543053347,1.7603110958056867
4607,0.459656450133416,1.6139031584509527
4608,0.7326954094512635,1.6764022535095027
4609,0.7009594463617356,0.9481903783900538
4610,0.7592312217024585,1.0327263865171683
4611,1.1355416813587864,1.0420908451146793
4612,0.7585300057076462,1.5395685411288107
4613,0.11740821696789547,1.3846272306256302
4614,0.4428101326931977,1.3305100899438727
4615,0.4734189365831483,1.3671493960521328
4616,0.7874707496148508,1.5933440406826969
4617,0.36009083258476166,1.5185408870438113
4618,0.8955984443520011,1.4284683210666023
4619,0.9132737655295193,1.4211455988510098
4620,0.519245842135149,1.6589456177655215
4621,0.2867234180046654,1.832460993952347
4622,0.8960390362065287,1.0321686031047053
4623,0.35986556101875283,1.5256237552441374
4624,0.5228421577922931,1.2736500257414072
4625,0.983317736101579,1.1532623813250873
4626,0.1109587707192033,1.5302698534788906
4627,0.5144303610752365,1.0613321150228048
4628,0.6239370714791846,1.6242887514865523
4629,1.08368863441255,1.1774731623130044
4630,0.8752940578163534,1.5033165050361046
4631,0.9630468977331403,1.6672861039071918
4632,1.066164892286562,1.7324878846886889
4633,0.7945791460322685,1.4051032229039935
4634,0.7785027814460955,1.4731768952304072
4635,0.33224379399107584,1.2055182225661971
4636,0.18545810387760234,1.2621144758568419
4637,0.40895102712629894,1.1428532611666231
4638,0.9635874268131595,1.4218615619127535
4639,0.21327638602747212,1.7547560905955808
4640,1.054523126882418,1.6719025299697805
4641,0.5859281018963588,1.3575595701034822
4642,0.4344243174721302,1.365515453972486
4643,0.2962840737431704,1.1976639553681818
4644,0.3688136030821095,1.2692157300296136
4645,0.5834762246012161,1.6921854450508276
4646,0.9595993073696686,1.0783529138372339
4647,1.0594849439519072,0.7940200854161537
4648,0.4873255965782631,1.188670891297909
4649,0.5082274910927197,1.0334275407524598
4650,0.4804716068035985,1.6373605252894667
4651,0.49601497989988985,1.2546096081805387
4652,0.30021467065941443,1.3361789791279888
4653,1.2116616326918637,1.3545142569512347
4654,0.5318562393433208,0.8592047700946281
4655,0.6481082177873464,1.5153765288817223
4656,0.4172951285374247,1.5027654237413506
4657,0.8088520129671511,1.7350781012962613
4658,0.892149822414882,1.2943094763416587
4659,0.5521180638801042,1.618280803388918
4660,0.5614033283773414,1.5469844446152743
4661,1.009146813241876,1.0756651773818289
4662,0.4924155613690993,1.530294182071216
4663,0.30991642284676235,1.534362751586003
4664,0.38058348956089566,1.279144556359873
4665,0.5974118733073966,1.3324533520422137
4666,0.6442907049435554,1.309052372512698
4667,0.4123796111804161,1.527628829860464
4668,0.573546841520175,1.0657081815028024
4669,0.47336155728589724,1.165044035688492
4670,0.42987415789204697,1.0865969950374814
4671,0.4048461704106344,1.3318875466748155
4672,0.39263789016354456,1.824823125989566
4673,0.42764833698877647,0.73705841372997
4674,1.0562678548043576,1.2031773432225665
4675,0.7856623916151741,1.1447875033501285
4676,0.9404984083809289,1.0861302872324652
4677,0.7101773711327763,1.8352198042281704
4678,0.8225656850465763,1.401929014455602
4679,0.8729114523852134,1.4281638271963784
4680,0.34334565922755267,0.8680477983844581
4681,0.44984086412790664,1.1514819090991384
4682,0.40387074215315466,1.4094649591798707
4683,0.6080801044083941,0.5773543668330006
4684,1.2912096406441544,0.9949367336200536
4685,0.588727669340091,1.303933415171072
4686,0.8963660162561422,1.0937709763187646
4687,0.37696078984948705,1.5045775424769952
4688,0.574684993816664,1.2445511100891782
4689,0.21430175528011544,1.1243485872582195
4690,0.8760158294087855,1.769525926196533
4691,0.6240497868575634,1.652734487072071
4692,0.7461055161457136,0.9447466901682524
4693,0.473783892699925,1.574368460082661
4694,0.5159867476584703,1.0581470873156418
4695,0.603639091510977,0.6369730139296395
4696,0.7041376734229862,1.492643068884918
4697,0.19988534385477086,0.8962348095143793
4698,0.6060423448580289,1.283539313113177
4699,0.6505739650829928,1.4066402009667895
4700,1.177924285041966,1.3775445855871369
4701,0.3919023497411558,1.5238813816432986
4702,0.2480803690203709,1.7913730996487842
4703,0.8056413558045008,1.5041566266035042
4704,0.3023791766939683,0.9944211831605165
4705,0.34651328750187926,1.542490957615911
4706,0.9411153173449759,1.021994235628151
4707,0.5704967490295786,1.1510841583259843
4708,0.4966981210913677,1.680155800429583
4709,0.5362631552458297,1.233772115433551
4710,1.0022339156006486,1.0739021653663074
4711,0.5550252768683501,1.3798470168120547
4712,1.0260220151219674,1.320575234375305
4713,0.6283714738655831,1.6458915287645868
4714,0.7344816103116822,1.2063992297251476
4715,0.42295551501951273,0.9159444466234039
4716,0.5929362188582353,1.5182294481645333
4717,0.637493917013367,1.1064887940612773
4718,0.5289153195844236,0.808853225975581
4719,1.2955176505740527,1.4246946540485848
4720,0.7013868512988366,0.898231544200123
4721,0.6192097181069816,0.9616570800912398
4722,0.8307252808088603,1.444812249104913
4723,0.8136937820394428,1.5234360150208084
4724,0.8917559580528319,1.6762685056642437
4725,0.7549133169285983,1.034282255508244
4726,1.0279748005670484,1.5321965782038223
4727,0.33848361666804583,1.1377786746460177
4728,0.36101744875859804,0.9422215469274886
4729,0.624616918083861,1.350918737633784
4730,0.4598785686025579,1.7263917304958725
4731,0.5328124226795816,1.1370170991932975
4732,0.2652487782137837,1.1792615325908007
4733,0.5866782162112107,1.0119084837638157
4734,0.344509962893735,1.7925583747420202
4735,0.5924870562671035,1.0926583842862068
4736,0.2828148560494558,1.2953802637337875
4737,0.6722928010765672,1.665023296590935
4738,0.9533305672900195,1.5270408187456128
4739,0.9600147718495178,0.7272969189908376
4740,0.4164802441184164,1.2356132523706105
4741,0.15331505530915956,1.312452577334437
4742,0.6292900615090645,1.1846254622007488
4743,0.34771304525537106,1.6434538701176233
4744,1.025484038337572,1.7164602214479634
4745,0.8328028348397982,1.3050189266837005
4746,0.4125762764800263,1.7962065383253913
4747,0.9709335056118853,1.1163216054833995
4748,0.5521670367095944,1.4104244850816552
4749,0.6383222024140347,1.8333401920000558
4750,0.6740968550552663,1.0535574995844077
4751,0.9036454422762418,1.1864445892343014
4752,0.6769432918622258,1.3681793328885676
4753,0.8418196853870615,1.2851346083909982
4754,0.5047744734276522,1.3689363879054177
4755,0.7958753487533842,1.0168621875622035
4756,0.5399389423261881,1.2625403855311168
4757,0.3275802171311685,1.8855840717731636
4758,0.20864562500834877,0.9803049266963471
4759,0.48614784302433917,1.525091292521473
4760,0.4770377037202301,1.227590539492387
4761,0.9999864144930832,1.6072627615358817
4762,0.6640648989966623,1.7526535743176492
4763,0.820603896466671,1.193409024796866
4764,1.209548104856358,1.6255486875299932
4765,1.4375074768825358,1.5042989444199313
4766,0.8443110604415165,1.4768307302218981
4767,0.2896446438101459,1.7726742245864984
4768,0.4946630886340402,1.7429359315616808
4769,0.9666489125797781,1.3292676203782734
4770,0.46106736885939936,1.4698229489017265
4771,0.6455452318664818,1.43619880388695
4772,0.6441453863239643,0.852598338575226
4773,0.28307036661061885,1.1548625901132947
4774,0.5490261557489567,1.5560046779983079
4775,0.947307684046331,1.3120287119789955
4776,1.055834127443362,1.074743470143704
4777,0.3711488275662711,1.5547083060271822
4778,1.0531255813414984,1.2497313356109663
4779,0.5852589183490193,1.4546284825309486
4780,1.0236362940481727,1.0669027538998392
4781,0.9815017448779789,1.3342324365480296
4782,0.6300660268703533,1.4074208489472615
4783,0.5446263130679688,1.5834108947689276
4784,0.36358861309168067,1.4221837601978984
4785,0.33395217734474353,1.5367743284691773
4786,0.7603036632900462,1.312612173531253
4787,0.3876272037116483,1.3330989944579432
4788,1.0293820988011437,1.3704943599418304
4789,0.5306784939812065,1.5900093470411372
4790,0.9095197606736785,1.0035781872510596
4791,0.22251964420709952,1.5475731372798223
4792,1.313591581104493,1.4969244466034202
4793,0.2939979025737396,1.1605045532288554
4794,0.8645722787574163,1.484754592358462
4795,0.7049148849626781,1.5407995293872465
4796,0.5871343055630005,1.4430340449247474
4797,0.7273760373531799,1.799007057951696
4798,0.9024847984931996,1.3297636873171421
4799,1.1965891380380826,1.6105719083530308
4800,0.5975992610868098,0.828450334623088
4801,0.4135060077242249,1.5208268187344514
4802,0.5791473541227183,1.7939435141372466
4803,0.6000581948901057,1.4734420551253993
4804,0.7598452439777953,1.4121372111400965
4805,0.44852118474700386,0.8359852600824014
4806,0.9159779440597708,1.4725441687995349
4807,0.32403331013287245,1.1100781029951143
4808,0.6958843654517399,0.9507605024720565
4809,0.6913466807843899,1.4571261004214366
4810,0.8027994711930736,1.1149742828210947
4811,0.49010505795531384,1.671918485397701
4812,0.7304236496726602,1.6342422844171225
4813,0.40780976380750295,1.4958698224540519
4814,1.1168373520489734,1.404921694144224
4815,0.7691174800626824,1.4202176251263388
4816,0.40570371963251556,1.5796468971838071
4817,0.8820531541729835,1.4555611580601369
4818,0.41220531323226883,1.757004511456038
4819,0.7470042663501211,0.916822336743442
4820,0.6177512609079951,1.5710229804809144
4821,1.0743723814181445,0.9011938507546402
4822,0.617396746263414,1.0480052737418946
4823,1.012638736497135,1.37826071976263
4824,0.6755501800317768,1.0907019717727855
4825,1.0042281899565197,1.3227433882401742
4826,1.1799601936869242,1.2972877067306328
4827,0.7767461914341234,1.5612322167014903
4828,0.6838725501983093,1.8052649352764705
4829,0.7656645406035489,0.7671312804277532
4830,0.6179625629222404,1.663988651174688
4831,0.4548346196905135,1.7255433756342602
4832,0.7995040546956905,0.4962954093134786
4833,0.8423912952993913,0.9877230119259397
4834,0.5110455625208299,1.3857806222426192
4835,0.28373368836567514,1.3971429574815577
4836,1.0081945884314525,1.7711038236005403
4837,0.5525403953484349,1.5898461677115183
4838,0.4116308433631062,1.2949373507787354
4839,0.6051737015408419,0.5595772266261676
4840,0.3429625569484289,1.270076813897977
4841,0.6934479012912294,1.3601629999499338
4842,0.27649961183636085,1.135420127550535
4843,0.4536092520993335,1.3096536695138503
4844,0.8541099755349636,1.313259194753429
4845,0.36786788238766444,1.4208164082845247
4846,0.5363135052611073,1.5049405971552439
4847,1.1627781311044971,1.4340387484067874
4848,0.5245220306900339,0.990982709353309
4849,0.3656908392785975,0.8787177705227773
4850,0.6932758614175333,0.8995444766293306
4851,0.7403577895768143,1.142913365544401
4852,0.5898691186922738,1.245122003350412
4853,0.5954028822153941,1.6152279777404357
4854,0.5638460346977835,1.3207478999353675
4855,0.5499921210768983,1.6748462877513752
4856,0.35351788946990115,1.301905442716771
4857,0.4836339339401387,1.6536290419342097
4858,1.0607159836558846,1.4072574987767998
4859,0.568063668790677,0.9360746987432174
4860,0.4143462940716599,1.3139031890355208
4861,0.5643626420424233,1.3678185661453028
4862,1.3547375505101475,1.078832423654224
4863,0.8446487451971509,1.3975761998180363
4864,0.5583327446644016,1.6978156290800157
4865,0.7279301128119028,1.6063607827982496
4866,0.43187883460484444,1.4688342994280448
4867,0.5998236771063715,1.6358482908332668
4868,1.0227161956633344,1.082283734215697
4869,0.35438451245196756,1.12041368886503
4870,1.2792728546592784,1.0825531291995691
4871,0.44137272029634034,1.147582385112281
4872,0.5314831410013708,1.4233602606111608
4873,0.29217624499672723,1.116350966211915
4874,0.45135885118403113,0.8700120909306905
4875,0.5077072467828131,1.0529824850394949
4876,1.204260304762747,1.59615482850472
4877,0.672318192415273,1.5633028631441364
4878,0.817890103068357,1.1328469714740725
4879,0.9024959727757242,1.462894737494567
4880,0.5514627928979595,1.319937361624513
4881,0.18679327532910325,1.4479251966942606
4882,0.2590075600099904,1.1720838762617705
4883,0.9713667029677386,1.0532642467189026
4884,0.4061354250252354,1.5278953539316387
4885,0.4038020215697128,1.2948617627059413
4886,0.6552660437727418,1.2751177363096193
4887,0.8475371224361001,1.5152022824794873
4888,0.9989394752720978,0.7258032663316099
4889,0.7182574962530456,0.9304005562740014
4890,0.35662092536541584,1.6609800515952458
4891,0.7075167146445918,1.4779670394030002
4892,0.4386846596007496,1.2555899647001487
4893,0.8223246436143475,1.4997965496010808
4894,0.6705690976405098,1.559770737668167
4895,0.647532397576005,1.1066261448402281
4896,0.7588235062889072,1.535675527574167
4897,0.4218679767944851,1.3215755647022904
4898,0.5509568565435473,1.174470882053616
4899,0.6958243559899241,1.430923835388108
4900,0.8307665967104233,1.324949801288976
4901,0.8553616089903849,1.5352891824488597
4902,0.31805325004902024,1.1788057647448251
4903,0.41430686679252443,0.9253264918522719
4904,0.9543888043691269,1.2827206079331956
4905,0.7249970573988304,1.4686948668074629
4906,0.5769286706310734,0.7382832049498531
4907,1.0270398578371074,1.5821131583443049
4908,0.15586671402316665,1.2159901407564662
4909,0.688442471170606,1.1766031827006882
4910,1.307332569979265,1.6194696570142852
4911,0.3764340244896767,1.2226958931393734
4912,0.43055211711803476,1.4145047132382256
4913,0.42806093105292464,0.9390135825316972
4914,0.7171251142416628,1.2394847122316088
4915,0.8142058012372351,1.4413901435438445
4916,1.091897819024791,1.7474567563221202
4917,0.803313246410344,1.6707077209290093
4918,0.6605539043191967,1.5675631895742774
4919,0.394748332084735,1.297790893233028
4920,0.5780708034276055,1.2613974298935327
4921,0.8551291399607742,1.6835344189293013
4922,0.7391909120387663,1.3412639876281642
4923,1.2341526041008615,1.6562171279998208
4924,0.7934689656300693,1.383863123455515
4925,0.3928163383805465,1.0516678503773857
4926,0.31217692816270015,1.2429481981971284
4927,0.6367910029297011,0.8108693523479769
4928,0.3023177538392836,0.9712143783759368
4929,0.5583118672966134,1.0799638051974991
4930,0.22682379834362032,1.3254249570390624
4931,1.0054901608064428,1.7637840740328934
4932,0.5109572310894189,1.4165957335980126
4933,0.6674165443744556,0.9559460845430805
4934,0.6821937794057505,1.4433173744162404
4935,0.623518390317673,1.3402871920113726
4936,0.5301428576501018,1.6499347767226766
4937,0.5510599071057324,1.3036077363152783
4938,0.07422923344840865,1.4025829703562531
4939,0.7145663903335321,1.721411840029938
4940,0.5812200264091313,1.4169657700770695
4941,1.1973852172228088,1.5442498980826513
4942,0.9929149874651495,0.8068316919722713
4943,0.47433565446355935,1.1048641207628944
4944,0.4469276727503614,1.5209522379740885
4945,0.6570664657390053,1.5505134085403003
4946,0.7791554617039703,0.9510636042613121
4947,0.39737860497878913,1.1851626169926457
4948,0.7310422695783209,0.6720238866629742
4949,0.6700477236152729,1.1332594306008117
4950,0.7290038299889128,1.3028692371222008
4951,0.9241313437592892,1.4283317313478312
4952,1.0573384517109334,1.085829134628349
4953,0.3762805804242649,0.7977576511106437
4954,0.14840732463845574,1.5681380824527205
4955,0.620316170239407,1.0691237433412077
4956,0.725731486973419,1.4806896303213524
4957,0.7487156843241511,0.9323053872541069
4958,0.5330512015118632,0.8221013114158042
4959,0.5260259640981054,1.948517538818966
4960,0.4837451656966319,1.5980551258730396
4961,0.7980078906513224,1.7194863880169209
4962,0.7469762563547603,1.9361248995572193
4963,1.1283069007763527,1.3395001253443493
4964,0.7036771372948563,1.2030003706642227
4965,0.31609308361487,1.2420829976793129
4966,0.7641245591834402,1.4023747425422801
4967,0.6464326979427899,0.9101493865893671
4968,1.071630243924471,1.6136078393712474
4969,0.7937894543755214,1.256750849981845
4970,0.62805844214493,1.261970689737665
4971,0.20084026965700907,0.9144672743922067
4972,0.4638916368155661,1.0432468291813008
4973,0.3622395353910326,1.5279398517455383
4974,0.6867283829691722,1.0738898148913796
4975,0.7202253040520157,1.7324791020373231
4976,0.7912858988254833,1.6183063717550585
4977,0.39892914771565313,1.6315976587131158
4978,0.8426594476548899,1.1869949660273407
4979,0.3298744532729056,1.651609330554671
4980,0.26369904784454595,1.5006912010510953
4981,0.6334042114505535,1.2205389208532162
4982,0.8037589282334036,1.0519805817049712
4983,1.2621987228258582,1.2776188819169345
4984,0.6704467385730616,1.539299634187462
4985,0.4296344379471106,0.6069164550576209
4986,1.1818988260321965,1.244685646632325
4987,1.1594712505751068,1.561681011977447
4988,0.3354458832005987,1.631624501001399
4989,0.9873037623875611,1.817258717923153
4990,0.6321453756284442,0.9667067761275654
4991,0.6917635136975092,1.3673205320938
4992,0.566834012745809,1.7248427251404388
4993,0.6526071862520089,1.2436556397423346
4994,0.5097321078015213,1.0478233582797598
4995,0.25946160112073047,1.2593818930260354
4996,0.6732458151559747,1.4089457432271137
4997,0.6780335234549211,1.407317178516245
4998,0.5979146329144083,1.559047818734579
4999,0.7058972548860762,1.7663057287707427
5000,0.49000748470597466,1.4788252932296764
5001,0.26220341405246,0.913203606490361
5002,0.3336674529951964,1.3131204768475113
5003,0.6230623406641257,1.331932999533925
5004,0.817467552590656,1.4107438140651025
5005,1.2280837595210052,1.2643098382987596
5006,0.269775349070553,1.3432301508628626
5007,0.6980780642994988,1.8476665520453686
5008,0.11410051674344869,1.3553773114530125
5009,1.0142284101188375,1.4282600874083784
5010,0.5352997666443288,1.3992641192485498
5011,0.4869583210552539,1.464988402823713
5012,0.7048884351251776,1.4568354331544673
5013,1.2087721981313835,1.8809913183938827
5014,0.24559571935659494,1.625971783907799
5015,0.5991899856165263,1.621917039992599
5016,1.0209735179729775,0.9716919155741097
5017,0.38375863684443673,1.2321457064370809
5018,1.0989404243564862,1.8378686150361832
5019,0.2714565572792172,1.7203179070990053
5020,0.45881696901041663,1.3481108223911258
5021,0.6237394873025136,1.3553831383756407
5022,0.7823879804808387,1.7123461946494836
5023,0.2564788677165574,1.3690727794205673
5024,0.09285877206944139,1.4687839685119073
5025,0.6626967741179911,1.7765518291320068
5026,0.3007553621261492,1.6085044024322288
5027,0.8105288581012423,0.6860969735962594
5028,0.5759922896184542,1.0850880187323315
5029,0.4439911674896384,1.1187649305458232
5030,0.483923993757013,1.6199805308833852
5031,1.043194279074088,1.0794165608207034
5032,1.1863419044946988,1.601158367513506
5033,0.3289630462923207,1.0266125256382108
5034,0.8965301779046869,1.1333108140905095
5035,0.6853965907539907,1.7803639076608337
5036,0.5775857405812597,1.2156560329242394
5037,0.9286744149402305,1.5877497687106892
5038,0.49552865796008744,1.2428027565275102
5039,0.18939315134561835,1.3817253173182285
5040,1.0103318385053959,1.1369026236856947
5041,0.5310841990561586,1.4956799589198786
5042,0.5292099489824731,1.8059029206459505
5043,0.8951454026733493,1.112448277590544
5044,0.6231827023567038,0.8087346685318817
5045,0.7533150010138507,1.6588024287056067
5046,0.3551771345701487,0.7788555184673083
5047,1.4505855109853036,1.7190268838127136
5048,0.3455760219932357,1.4066129686067144
5049,0.34930976816043235,0.7509120378240739
5050,0.9733488613900372,1.5301955365328244
5051,0.3951543255517541,1.4970253324374132
5052,0.8291790379752221,1.7161719592764484
5053,1.046034446438189,1.5248580343933607
5054,0.7366197864088179,1.1783599182384736
5055,0.7209074208693774,1.0764053192799485
5056,0.38279365478112914,1.3849221172686512
5057,0.625054671996881,1.5565601644173106
5058,0.5881223416555936,1.3775752288375116
5059,0.3990529464320778,1.309074484889631
5060,1.0864256603397724,1.4223729367891345
5061,0.3150291923657727,1.5851996908647725
5062,1.1189809955567613,1.4129311998513545
5063,0.96368112007101,1.8551443829012721
5064,0.5650424537513856,1.293798764846883
5065,0.9756772331415553,1.3631644934361198
5066,0.5863339847046589,1.4276499061310761
5067,0.737891254635199,1.6225448476006226
5068,0.9679379886273971,1.6874542749890984
5069,0.5017223926009141,1.3669410274561238
5070,0.7521270840132797,1.358821875575543
5071,0.43184360499945224,1.1919749821453076
5072,0.7244438658546135,1.2783294478885576
5073,0.3632663755123159,0.9887308275893973
5074,0.9572340098277268,0.6994039821925977
5075,0.5063302678928093,1.4465352447887772
5076,0.5433919587774427,1.4316759212159802
5077,0.5766897536817025,1.3686241614276535
5078,1.1818179405823515,1.767957156983101
5079,0.6341307194268797,1.674908038799754
5080,0.23973487964101972,0.9032391450290815
5081,0.6136133385575785,1.4075097746842817
5082,1.1907197304346053,1.2276330647770837
5083,0.4627461804898252,1.2990513848531984
5084,1.064269462813094,1.3020980185189575
5085,0.9222319094811025,1.537368688012628
5086,0.3660306212539076,1.3168525284991004
5087,0.7798201754540152,1.3938251444166505
5088,1.0625793819853342,1.556877514788602
5089,0.5332262936032682,1.3342864421259377
5090,0.2660745044730062,1.3432343114582845
5091,0.9196927255877756,0.6679352215627605
5092,0.43157362332219057,1.6882085523872785
5093,0.9352460620881052,1.287840572650109
5094,0.7090449821716057,1.3540377219995925
5095,0.6899303815086029,1.8191561463172623
5096,0.8127768089233449,1.6973996954236492
5097,0.6463897276302857,1.5501743214824604
5098,0.6308523333972589,1.572386233158446
5099,0.5839271432593056,1.4211476051812322
5100,0.46408494680895185,1.2465731728467342
5101,0.3561952011353751,1.5237036624716347
5102,0.46548173291445,1.490565315217822
5103,0.38790679823819524,1.1298987143708679
5104,0.5098808315371871,1.7817904158850693
5105,0.5637682792033452,1.649524309971939
5106,0.2621143029192545,1.8478745182787408
5107,0.38946194507095794,1.326582196819548
5108,0.6606058672767655,1.4362995752976508
5109,0.5483144480987355,1.6129461508035525
5110,0.4918319603933428,1.088991490078397
5111,0.5893829925579634,1.28425487039548
5112,0.5171982874974174,1.4441264993522984
5113,0.6771293176634481,0.9960517126059418
5114,0.5786862840726035,1.380359621066022
5115,0.6114481971430258,1.049328985293469
5116,0.7232039048114007,1.1905519118169985
5117,0.9356848301084221,1.1557915070835278
5118,0.5047379724449303,1.758384017124123
5119,0.8986114319429349,1.4434595027998172
5120,0.7117391832365535,1.6264955685322167
5121,0.3845633993543714,1.1380757195734932
5122,0.807297421629041,1.5480566217007132
5123,0.5034917624300466,1.0813857257007773
5124,0.5027882410725543,1.0615145339023009
5125,0.7038887789577715,1.3716810155822134
5126,0.8555431612878021,1.3722579828071566
5127,1.5222312663676854,1.3433883657536891
5128,0.4787645521815919,1.2389545291416781
5129,1.2213528176980184,1.4535058490782466
5130,0.6330890394274591,1.603956783394088
5131,0.6272571955203021,1.1474536569540619
5132,0.48126745874652943,1.5695742716513885
5133,0.4640300062539243,0.8769946540725926
5134,0.7089012925967194,1.2079696161130495
5135,0.7344134429644069,1.797271177898876
5136,0.9953635823444028,1.1324585391098774
5137,0.6314639404721244,1.768140335450708
5138,0.702942224080776,1.4424423723442958
5139,0.6658538825159996,1.4977175705912047
5140,1.3390223769988172,1.3935640921336168
5141,0.7730383825330158,1.3093247522630014
5142,0.23302438924193505,1.3213530564505516
5143,0.4104583063432612,1.24205778193511
5144,0.970433351148535,1.7085791923528744
5145,1.200560505571473,0.9144159649794099
5146,0.33355412790433725,1.4547143846889785
5147,0.29763858130334847,1.4479055496433109
5148,0.6336286595751218,1.4269257806980655
5149,0.35324817446447515,1.2141731815848678
5150,0.8259862104728168,1.4009832275030438
5151,0.4423767159030833,1.564571514594091
5152,0.4357062758237608,0.9313754261905027
5153,1.282308818178228,1.2461937268392782
5154,0.24836698221248182,1.5992757777060325
5155,0.5798990381570436,1.3705177317851749
5156,0.5941767870153971,1.3289658044204151
5157,0.7597016726591519,1.4131115017098121
5158,0.25500364948985926,1.837040176829067
5159,0.5195788359909966,0.8229080520824272
5160,0.46488525489794624,0.8288204653382494
5161,0.17045560106588806,1.3668762003621409
5162,0.20344103821048973,0.9547424240953934
5163,0.5584341367346152,0.9864424543043004
5164,0.5933291703315577,1.379428764595299
5165,0.7238293019748935,1.6739840260801504
5166,0.6147965703538598,1.4604702459203538
5167,0.22795797766172113,1.0489591050068348
5168,0.6829727743498295,1.4780942918764852
5169,0.6341050941007841,1.4302466528465598
5170,0.35969892849659285,0.9245599355593754
5171,0.7315489034112462,1.5138585182760613
5172,1.091352892775133,1.0848978685135193
5173,0.1134450782301185,1.8240014855415678
5174,0.3208557680399272,1.5207655802846705
5175,0.7168970770510812,1.4549960112755698
5176,0.5224685730819537,1.1797048283524378
5177,0.5981443370864313,1.5840940222878224
5178,0.6184578125572056,1.4708757452358383
5179,0.06039916489989414,1.2947563445304335
5180,0.4175616679562401,1.3404426703928272
5181,0.5506825475603582,1.382541465075163
5182,1.2270502955192417,1.2115649369194967
5183,0.7908097039476498,1.47991885737899
5184,0.785705105178688,1.405611878785932
5185,0.8758898650783331,0.9887957619397527
5186,0.687505437067939,1.3734048469302134
5187,0.42473105637744013,1.146589325816632
5188,0.5362520884342691,1.1026512247005884
5189,0.8773780751940297,1.3186581650970777
5190,0.66402315816907,1.1440614697523184
5191,0.5545467542451297,1.1255904801587162
5192,0.3307938000837298,1.2132903291602113
5193,0.6301696951485694,0.9794110000014999
5194,0.7724628240527428,0.9708953503704829
5195,0.7649079303531162,1.3923895044274857
5196,1.007443730041125,1.5151116520992278
5197,0.3673773422743887,1.2854634272067906
5198,0.4341498821708117,1.073536266954544
5199,0.9585543632299375,1.1144685596876593
5200,0.483687962071185,1.4843030410654325
5201,0.7030732586173082,1.6077287453048004
5202,0.41014331764065604,1.562725606335012
5203,0.9881143619242373,1.4826266600837485
5204,0.9266176299584619,1.0166021632189173
5205,0.41197451971900717,1.351802308807339
5206,0.7943801967125096,0.4009715953382873
5207,0.809159213162614,1.3872287680340545
5208,0.48086764245816715,1.3247592431224873
5209,0.7252410896205129,1.3612919743475205
5210,0.803763964442438,0.7376762488639552
5211,1.1280256296487503,1.3585731720247836
5212,0.5044589946591745,1.342208378656617
5213,1.0418352000051292,1.5418712017393612
5214,0.8850755531485865,1.1680814442734864
5215,0.5468875369002787,1.5162026345052981
5216,0.7294065241870451,1.1127118005296057
5217,0.15569967610033067,1.0632892221114505
5218,0.4603860135176583,1.3959084929791423
5219,0.9417812997045482,1.1025064152420947
5220,0.6305482308116768,1.560407197210409
5221,0.5398259545191024,0.9099448358180846
5222,1.1152258068459602,1.0021030014543877
5223,0.5433732047583932,0.9096707204568508
5224,0.9299173272793925,1.1063044618252391
5225,0.752441209960709,1.3059345923182728
5226,0.6778354532872278,0.8149126557409947
5227,0.5421077706336367,0.8705422604018784
5228,0.4537840408146507,1.3018027550531563
5229,0.4217001369676504,1.8717213033936597
5230,0.8588824339964167,0.6764256624521745
5231,0.3041711586789201,0.8716457230487398
5232,0.6830496653044641,1.6594107287273774
5233,0.9379495960369821,1.0756522965071738
5234,1.0156829288478288,1.5606565317694472
5235,0.2789276112344443,1.008534626258606
5236,1.1478604272933894,1.334223783229163
5237,0.8244015848332772,1.6120985575929696
5238,0.4271486645478597,1.5424562160125708
5239,0.9020149894077494,1.2312966413032571
5240,0.8490450567322526,1.5209217403944488
5241,0.4602994915924613,1.5517086265760267
5242,0.8312827263810799,1.285842607407701
5243,0.9745871004146077,1.4884039204015203
5244,0.3628239514615222,1.1819576422260427
5245,0.28388632889003973,1.6373584557931906
5246,0.5941999056326679,0.8239436080131546
5247,0.5476581760099941,1.6055174817410034
5248,0.5729479775574187,0.9807626332252481
5249,0.2370219893008587,1.6390994708368352
5250,0.34735023238548574,0.9611827884326405
5251,0.7688629193985906,1.013872893471084
5252,1.012042041371568,1.1899319440580234
5253,0.028699605650320623,1.7459289024063143
5254,0.5817868210577701,1.8038434810433708
5255,0.7953718559066842,1.5067470587628105
5256,1.0872065263216877,1.6060548709415179
5257,0.6547422138668024,1.2000205441360645
5258,0.2174389209079146,1.4299820123559916
5259,0.9383086172821725,1.3584334100916082
5260,0.501327058163622,1.9078122172933143
5261,0.5301611168394225,1.377093642926988
5262,0.22629194571595826,1.670698835311092
5263,0.7276707209497293,1.578213149822151
5264,0.24333578467934155,1.2904065486998868
5265,0.6626903554496458,1.5187627619398936
5266,0.6819879379154293,0.9728841764021514
5267,0.7144418126573296,1.392323990787665
5268,0.5844133039942891,1.6990342317441267
5269,0.9390694794596691,1.2556162707971859
5270,0.6038700259955978,1.4276341572752898
5271,0.9073113245522616,1.7310240747750942
5272,1.0518702341562747,1.577197707297097
5273,0.5528901849489829,0.9701555629447189
5274,0.983395382904389,1.1216320335531687
5275,0.6538141955552197,1.0379078559128119
5276,0.5300899663511442,1.431476929854889
5277,0.40864804167896973,1.4856638051052942
5278,0.5262122174875837,1.3771900823993402
5279,1.2707959791072063,1.2678383191425544
5280,0.7332375931553001,1.4696771017081112
5281,0.5942417059498253,1.433970257145079
5282,0.4879257430147885,1.7533927275910592
5283,1.2532967759165385,1.6118395867939603
5284,0.9824462093589472,1.7290977794849798
5285,0.5441865515849797,1.1490759950398615
5286,0.7721817135541762,1.406719933840193
5287,0.21600762717628957,0.6441454621833196
5288,1.487489592411212,1.5710057427302007
5289,0.8872849656541908,1.0501306191208992
5290,1.1545722659878714,0.999174571077005
5291,0.1517299423581674,1.2509984975333892
5292,0.9739508391459345,1.886272944225196
5293,0.8293646235609029,1.6412392454953766
5294,0.7357472123038492,0.7735149036999929
5295,0.5477677156027432,1.0839120897678407
5296,0.6095144600905497,1.4138926435502102
5297,0.28428946623319706,1.4750106619765058
5298,0.5929636328775584,1.5517055368221637
5299,0.6069134543802553,1.3857220937994668
5300,0.7507344656584142,1.640695344393257
5301,0.3282102044614987,1.347572460782397
5302,0.2280090516159735,1.297810546992134
5303,0.5551087906569416,1.2523743346102123
5304,0.8403335468009488,0.7926101580071732
5305,0.9528858572065778,1.1688525048788543
5306,0.5193327190112967,1.3523826575860904
5307,0.6472471741295425,1.2124585033046382
5308,0.5315340589675821,1.0389429033467295
5309,0.987968606794121,1.7004245265679354
5310,0.8290702920440635,1.5716826016751826
5311,0.5467716531860894,1.6448467477407256
5312,0.1516982932448762,1.196090211655119
5313,0.24228996653683607,1.5003971462836443
5314,0.8121743885239702,1.257610729965395
5315,1.0666731085786854,1.3561330348118625
5316,0.40650066766659165,1.1564044406728495
5317,0.8677803852148174,1.6746395795981521
5318,0.2556155144837706,1.4726942625414725
5319,1.3817215505299478,1.1690329016044265
5320,0.6814566824232875,1.0555350220146011
5321,0.36123613804023086,0.9215564816449402
5322,0.7559216160669595,1.162154981222963
5323,0.3222101479711182,1.1760694989003198
5324,1.1618555037260168,0.661099070548306
5325,0.5286334881606118,1.7919119378404726
5326,0.6767198074524696,1.7061710822971419
5327,0.5682640304667336,1.6569421730048148
5328,0.7771907305748522,1.2566399099433267
5329,0.8089516675551512,1.0893021189977488
5330,0.6060810986821314,1.3217069867660374
5331,0.8762185646509335,1.4140043106347273
5332,0.11301071156045138,0.7143835243571666
5333,1.006926316590071,0.5315922126620869
5334,0.4958806918601086,1.5971855384842817
5335,0.5240179228412115,1.5906730784741365
5336,0.2900832351848182,1.4262472698532935
5337,0.7147986185124889,1.6505564896736162
5338,0.7106332286484065,1.3801594177904972
5339,0.7991557285090607,1.4153457969332042
5340,0.750623872073488,1.5910257743589202
5341,1.1254495534178235,1.4476665927052204
5342,0.5820771807743689,1.491509131219212
5343,0.5907491676271838,1.5582991883457915
5344,0.8975251072580475,1.500182053929496
5345,0.4818848654014901,1.1524275889099007
5346,1.0994759539384737,1.1135586381144702
5347,0.6689147321454338,1.2994918714201473
5348,0.5450575555478372,1.1458016227131198
5349,0.3462665794015602,0.9009870077106668
5350,0.5567562085608972,1.6630054497788636
5351,1.1208398953307712,1.3726066418936256
5352,0.5035881914557206,1.0932710378352457
5353,0.9532374809695493,1.3304913139732566
5354,0.8302467413255872,1.2839768763950383
5355,0.40773339435874884,1.1880770818997899
5356,0.8563376808366906,0.8571197430864652
5357,0.3981703609231351,1.6961038213400397
5358,0.48343306400123354,1.1034621334231878
5359,0.4641434301817984,1.288435142144226
5360,0.7089162215347762,1.4407309726330821
5361,0.9576960321554816,1.3107081039828363
5362,1.00407567752426,0.9235926135518138
5363,0.9945271493184044,1.5137000190484502
5364,0.6745158901262921,1.0481564286121634
5365,1.0434997862474038,1.5207362229260988
5366,0.9834460623817388,1.1644266071086182
5367,0.9583966543435288,1.5508833800884099
5368,1.1150231924358167,0.9248430596987971
5369,1.012669821771226,1.601040226311538
5370,1.1506989120589048,1.6243090759814056
5371,0.602330306653288,1.2974008962618786
5372,0.6898266022928586,0.9318824768621874
5373,0.7876958567417036,1.3882221520407607
5374,0.7953864856241539,1.5252377123760548
5375,0.8579134563834431,1.403901724267259
5376,0.6242467820041351,1.5932133760256408
5377,0.7910838800564876,1.1251510425986901
5378,0.6400273236733445,1.791563293566136
5379,1.4678098692078634,1.217777498829856
5380,0.8602103991701645,0.67613357211239
5381,0.5691564427911708,1.5470810202724794
5382,0.7380879870778495,0.8811434566738547
5383,0.8829940894657078,1.6094877906777323
5384,0.40755177176654284,1.1563114935300063
5385,0.5524017684505106,1.1993594255485533
5386,0.5801250260879941,1.1994363340747227
5387,0.4945014921174367,1.5074670532217143
5388,0.04351416738808349,1.3104122822515112
5389,0.6507199742649312,1.2791382760521506
5390,0.40000652759817584,1.3221439971187856
5391,0.42893207690264895,1.6437060725731343
5392,1.017407469381172,1.1726154085892257
5393,1.0251555296590218,1.4713752233699984
5394,0.8975336769487098,1.4922585584060681
5395,0.6257192292220558,1.7737151757451144
5396,0.9440874013276894,1.7746750836930416
5397,0.720016860268629,1.354519995661902
5398,0.6704894327875274,1.521045999474958
5399,0.9772292667055815,1.2201839311083802
5400,0.6407564543789325,1.0489314219542927
5401,0.3191551542961677,1.184595865904827
5402,0.826073925737347,1.740825377764179
5403,0.8810650608684278,1.2766759137513355
5404,0.38396919232934296,1.309286039160742
5405,0.7054824444287507,0.8145029627114424
5406,1.236133124754558,1.4750249393917574
5407,0.7020232996041781,1.1812348011673577
5408,0.5723600998728827,0.9909791663697367
5409,0.6087441171343835,1.6190888721049246
5410,0.6545746789579278,1.5702587641326131
5411,0.5627816225042432,0.45055645631699104
5412,0.696633983714792,0.8455999681879645
5413,0.3508054822580348,1.306730726136808
5414,0.5876043011928948,1.2428920930848637
5415,0.6294470703503424,1.777780460845362
5416,0.8428449459712432,1.3544506576604471
5417,0.47579533206546865,1.5111660135279628
5418,0.9106680191884889,1.3141039405158634
5419,0.9356236239808415,1.5289254230743712
5420,0.8791704141930732,1.0574998745377027
5421,0.443840934241084,1.7547981308148157
5422,0.5820710837026887,1.119119598616059
5423,1.4478649114367594,0.8262629585239198
5424,0.7461660287464447,1.4110406994202886
5425,1.033303189975052,1.3870007261766422
5426,0.7031872632423009,1.6640437256165606
5427,1.0270770991133498,1.1646227845090147
5428,0.6763874333952041,1.6628126717814926
5429,0.6146442907655791,1.672230280565256
5430,0.603595404197726,1.466547633750117
5431,0.7615387465223941,0.537460319358025
5432,0.5976393480376969,1.6382198047720484
5433,1.0113433028180665,1.4327608367517457
5434,0.9471345748463793,1.6244715275132218
5435,0.8221934252855932,1.7130897148946906
5436,0.4122494078105076,0.9074615118375655
5437,1.0931168373288551,1.2179089920407076
5438,0.5305985972088645,1.3885219055071518
5439,0.4976047965626253,1.4312463859900366
5440,0.5754886966532378,0.9906763904556537
5441,0.8847129441695668,1.0060386227017846
5442,0.33459564786492935,1.3251485467982644
5443,0.7825560294886915,1.0385232421317871
5444,0.5524092776533661,1.5721712520786155
5445,0.6590757492315729,1.2752374676855718
5446,0.8048023006378477,1.8721782000456173
5447,1.353936491760069,1.8230112874002158
5448,1.1223587149645973,1.5983840984841935
5449,0.9356063805180406,1.281661460469243
5450,0.4300477325841082,1.304389943950462
5451,0.09189461204927905,1.3807104471916314
5452,0.9757999255101583,0.68628863114889
5453,0.9707102133532011,0.9385560510892963
5454,0.77096377500496,1.1531173884966603
5455,0.8415066829145704,1.7321163675587496
5456,0.330402938426988,1.1942105098267966
5457,0.8215039572330499,1.3723459889657819
5458,0.4492682509426346,1.2774730080787147
5459,0.818187490939622,1.0551053201415608
5460,0.48599013636232724,1.712129653536936
5461,0.15250459482286802,1.4655154029006285
5462,0.7429935524053103,0.8679737454752716
5463,1.1798261936619334,1.2134748326931524
5464,1.0445128132047867,1.5856764265860752
5465,0.6655443933781497,1.29211279942789
5466,0.24548675069496692,1.5765577489920573
5467,0.6225064452953261,1.2118300474524757
5468,0.29186374867865217,1.3715288256002167
5469,1.1790842316033434,1.3558542021987878
5470,0.5941875455658728,1.352155268057058
5471,0.8088601175703074,1.0706001772840286
5472,0.7838505805622019,1.4687183583492975
5473,0.4601899791502386,0.9712596407625569
5474,0.4646092925111911,1.4933311502388573
5475,0.355991664025479,1.4031583705392714
5476,1.2666346313635628,1.448416630438448
5477,0.5207053879451727,1.281086314022263
5478,0.420935860427746,1.559495259125291
5479,0.2836406164697002,1.804561641848101
5480,0.8202444076397433,1.5743487030258436
5481,0.6097496619863354,1.5445912268995756
5482,0.33029357532966863,0.7795452662124307
5483,0.5297873658545696,1.3922644682912624
5484,0.7138486216901032,1.0876264232360104
5485,0.596519690471598,1.5341442510124106
5486,0.6678253927478582,1.3411537706486887
5487,0.6214675001020814,1.605135936427367
5488,0.8614104196387169,1.5015321198202094
5489,0.6189112747602311,1.3525285219246421
5490,0.3570999989715749,1.2085452305467361
5491,0.6169739220294989,0.63692961700708
5492,0.694727456587426,1.220057805440672
5493,1.3698518600845309,1.5170607158543898
5494,1.1973333971835556,0.8469806788543754
5495,0.7867566373383043,1.8292237459316096
5496,0.5178350025700574,1.0713706423307983
5497,0.3010192714064467,1.408089741710139
5498,1.0383572313441563,1.5724553042408982
5499,0.8609258214599628,0.9289160196985176
5500,1.0312852383328195,1.0138503606052514
5501,0.5107361711064689,1.6912248921594455
5502,1.040921581465184,1.6970897337670072
5503,0.9490971073271471,1.5345933682156345
5504,0.5730892972331967,1.4524301041538767
5505,0.7498326700614634,1.0712471900147542
5506,0.7955225820444255,1.265105203603965
5507,0.6857754214458803,1.193604846014339
5508,0.9133140685685934,1.1303765187379633
5509,0.6551735829771516,0.6444494589332623
5510,0.835452497689828,1.8612084204185113
5511,0.3102686532846268,1.6918343088709555
5512,0.29836212549026436,1.2759121120157877
5513,0.7458124355289849,0.7652241648543507
5514,0.3201583732776687,0.8230322422344127
5515,0.9470940260540804,0.6161238328157554
5516,0.4333643466262377,1.5400219055464737
5517,0.3992374281499686,1.126477163898782
5518,0.3273607647291821,1.3632090626939166
5519,0.7539049799086519,0.9234056357860534
5520,0.4880815865841046,1.595382684142489
5521,1.6656384352848757,1.3479906173179854
5522,0.359877519845157,1.4136701393236217
5523,0.9841272510408087,1.427433605840371
5524,0.7228782017572423,1.2828661893228732
5525,0.440280814549177,1.2207001005299911
5526,0.9769723640171355,1.5738424217253126
5527,1.1110245554269615,1.417374347498897
5528,0.5298208098039894,1.2915593641936378
5529,0.8584094941599848,1.2692356047984672
5530,1.0921661477032927,1.3159232082819405
5531,0.8379274287899872,1.7507747365924342
5532,0.9051024224929366,1.182994061769483
5533,1.0854445622472984,1.0572788892983271
5534,0.337995534790774,1.0938413886887175
5535,0.8504610374040504,1.7321944281082289
5536,0.2771401095944803,1.3627813908229927
5537,0.9081392674957932,1.7950855213081476
5538,0.6602164500212476,1.7201795484352087
5539,0.5131653881107182,0.9946750381445904
5540,0.3793629291961528,1.7845712813711165
5541,0.5656363915238332,1.0162215253580706
5542,0.23752500567693344,1.8976185432515964
5543,0.5527434942884782,0.7510422353340387
5544,0.31054213174373846,0.8822027768828367
5545,0.22973305016771903,1.3673622886310515
5546,0.5504224683628405,1.6160927785805557
5547,0.9568334097663342,1.6205659196695759
5548,0.7683565410304951,1.2560126829786467
5549,0.9687156038841994,1.4400895127264386
5550,0.5449796661185523,0.5232627863090786
5551,0.5275684309340494,1.321261468057439
5552,0.8539511511332715,1.0143870172366913
5553,0.33044899169526426,1.557296976439929
5554,0.7328337819274706,1.1024652916668831
5555,0.7466227310080547,1.6291722248986866
5556,0.25463091605071464,1.2053446706155797
5557,0.5518812530365047,1.5271656192943381
5558,0.6137046169126918,1.4285546699753207
5559,0.5900959792569298,1.5824727790318835
5560,0.2268325282856309,1.3563628941397925
5561,0.636975906288142,1.1894274628929793
5562,0.8656935079034601,0.8603657751016223
5563,0.4955434937352276,1.4737336189789119
5564,0.43765178318756864,1.0841629207284353
5565,0.2419541519028776,1.0769055736007793
5566,0.6027876946284964,1.1660146208184763
5567,0.16744522568453102,1.6431323595303136
5568,0.6382521683692239,1.316637246096903
5569,0.6965233682935965,1.3661108382347225
5570,0.5761359106594338,1.6073426701188755
5571,0.7302023777048171,1.7921723781631962
5572,0.4781575541823886,1.6961590053402529
5573,0.3199909694249355,0.9677744185926986
5574,0.823510613654275,1.2936208601429835
5575,0.6090613403022207,1.6538662323151359
5576,0.31498899306327477,0.8682709584774566
5577,0.21952613738466456,1.547479487965345
5578,0.7577672805270482,1.2346604151265486
5579,1.0165252792353756,1.3637410097498859
5580,0.6262999011704237,1.062554981130103
5581,0.3641263158249654,1.6373501975844642
5582,0.7507711533529078,1.328199327061502
5583,1.051109080854478,1.0784862577672114
5584,0.3015609062482266,1.4189643648839607
5585,0.25302971106818295,0.890647541434928
5586,0.681960590700281,0.8279007807739804
5587,0.30411606091131566,1.5645667020503065
5588,0.8598427021947205,1.5365798014314969
5589,1.207531609073904,1.326333861052822
5590,0.5893822957304725,1.5318796609978118
5591,0.6933520188294273,1.4453436649769285
5592,0.9745481411361036,1.3677757787878635
5593,0.5406125129406667,1.2365203294703182
5594,1.294242169743854,1.3639779147455857
5595,0.42144524187189325,1.7893693534761326
5596,1.0595286047506556,1.3618316061059224
5597,0.4994385901584101,1.3378402528242554
5598,1.1824818618726698,1.5662035475022162
5599,0.44089203524498066,1.0458240531855287
5600,0.7651817349526596,1.3570288514166915
5601,0.9621170505028093,1.4269201777000158
5602,0.797760590246666,1.2195258672411522
5603,0.9183133267564282,1.143920958445087
5604,1.0168893331605993,1.0237243215606067
5605,0.5022812485687159,1.5722903427688826
5606,0.5301826513022793,1.242596581329703
5607,0.8016845892703363,1.4710011714996551
5608,0.2914469875589046,1.354305241011817
5609,0.4844429096102177,1.412651530049547
5610,1.2006802336095956,0.8102833604415021
5611,0.6321829226234961,1.1173667924592126
5612,0.5843332544192152,1.5841516048147106
5613,0.7341737296182975,1.8869917467117456
5614,0.219200178421039,1.7042130596911236
5615,0.6503495673253313,1.1716225685596986
5616,0.8820893915121927,1.53729304974825
5617,0.7934256891892496,1.656041736034521
5618,0.5503749376449294,1.6253726240854927
5619,0.9334859001533669,0.9272198181580438
5620,0.7698577625013663,1.5953024241252605
5621,0.3148088156881684,1.480263954417202
5622,0.44611897164761427,1.4889527430843692
5623,0.6001212852774972,1.2582159434348927
5624,0.2919481118072948,1.2953864963419432
5625,0.9078364620537307,0.8898681883346362
5626,1.2801677594751482,0.5427372675110331
5627,0.7241377182741404,1.359566828177812
5628,0.28653514462263036,1.2004887959516963
5629,0.3349448076222378,1.480740917651107
5630,0.2931060273720751,1.4330855287819737
5631,0.5598480547412341,1.4565463942601413
5632,1.2171422919466472,1.128915682350903
5633,0.5318598496878882,1.4496967526878937
5634,0.6152670757182926,0.56737226371002
5635,0.5250899421177866,1.37883686379539
5636,0.9359356045386201,1.4048721903631218
5637,0.41102139002200655,1.4407616398948342
5638,0.45086147620704903,1.399707172560079
5639,0.28546260663199086,1.2996737793935438
5640,0.2610884466403549,1.3159996159633813
5641,0.8869529837361513,1.148499200525464
5642,0.23527549668182324,1.8851819913251502
5643,0.2993545319264786,1.2121344177797386
5644,0.5304608845163215,1.4157767359091704
5645,1.505155740590318,1.5159100544873372
5646,0.3695268389704466,1.1409000784697283
5647,0.8091400854002748,1.3920314669470066
5648,0.5315116145526467,1.2922455576385787
5649,0.51806412196621,1.3841449037626958
5650,1.2814288284148307,1.4498563503235284
5651,1.0298076462709294,1.276980774713862
5652,0.9779242559804602,1.0835589759581534
5653,1.162650175371844,1.4949895200083403
5654,0.29696360972592484,1.6988668254576231
5655,0.7826300148926252,1.5414264922238168
5656,0.7779070021914504,0.8359814193301995
5657,0.47878543323490946,1.4857692564400469
5658,0.8753752961949266,0.8505788035492192
5659,0.2725678078127807,1.2051585603604646
5660,0.2858693600583686,1.0591580339925764
5661,0.740623228395856,1.0020497811763882
5662,0.9772244916630574,0.964645502483009
5663,0.9724241663514269,1.421550312393038
5664,0.6992800381866109,1.5208048707889108
5665,0.7496044224620875,1.4633055865829059
5666,0.37335774418470447,1.5133609757031767
5667,0.7160788511477992,0.9191575305159396
5668,0.5027482314781372,1.4208429775229798
5669,0.7807443613974002,1.5287161530985485
5670,0.922356047102141,1.5179750178024662
5671,0.49744149375436286,1.1257191098567743
5672,0.4113403481984808,1.2759822289267357
5673,0.33174928202717946,1.521662524191353
5674,0.25242273205168725,1.1550237326173796
5675,0.536520552869446,1.07067165662186
5676,0.9989692073276608,1.0664828751977216
5677,0.7531052635396366,0.9050247887840139
5678,0.5809156258944627,1.3446201461727467
5679,0.7979306361043161,0.9215761270737577
5680,0.5648104010587918,1.2507908574647189
5681,0.6191229859173086,1.2691072200019065
5682,0.9247606619321627,1.28799035003325
5683,0.3467800669081474,1.4053464017826598
5684,0.937739764880309,1.8564896821243502
5685,0.67443293537039,1.1424121773844145
5686,0.7864736271076556,1.2306959673154436
5687,0.34344969863654684,1.0665635080453928
5688,0.45488705657144096,1.6377189384555977
5689,0.5643979597944134,1.3815788393407187
5690,0.1298046034702678,1.4159694718411664
5691,0.2932440950510004,1.7195818294480234
5692,0.7369037509744698,1.3316293837359687
5693,0.5171217305227047,1.0484937554955982
5694,0.6388115207845271,1.3350362143634138
5695,1.165747901346637,0.6628631377687189
5696,0.46080899789777574,1.117274063609691
5697,0.5114341830348665,0.6934859697769704
5698,0.2704948743697348,1.1913109894036609
5699,0.610001889364462,1.3172435978793038
5700,0.33049670533719383,1.3539406319972704
5701,0.40790194850772116,1.6529704303306572
5702,0.5344874268482852,1.2751552288867387
5703,0.1878422297052587,1.580274523115753
5704,0.7572619598732078,1.328990634767962
5705,0.6459312175324313,1.2795648023344444
5706,0.5829818770474515,1.5356920739874707
5707,0.4392173823543854,1.0702907832214135
5708,0.7311580171002433,1.411567072109333
5709,0.7359548939281066,1.0780068161354444
5710,0.6494237049417055,1.0904220785701784
5711,0.4819025730969972,1.471303639708455
5712,0.4566209956514876,1.4259789343956562
5713,0.806770950785717,0.952536671476278
5714,0.8231796122558138,1.4129428371563162
5715,0.7095242256962112,1.5840001101220542
5716,1.3693977157804564,1.6012604401006185
5717,0.9330713014865125,1.4339486725985178
5718,0.8634089829853245,1.3299294246862154
5719,0.5460632811103472,1.6646742229609142
5720,0.6500689068829699,1.4406104963199549
5721,0.8835175835531476,1.3568702535107684
5722,0.4696178772845753,1.419277748649915
5723,0.6493234572899557,0.9872312291918481
5724,0.273670128396748,1.911831943451068
5725,0.48243118683591224,1.0553132959411655
5726,0.7849276210778652,1.400300299319662
5727,0.8723345990662873,1.2100584543723116
5728,0.16715365577562974,1.1881281547932037
5729,0.9528052431438577,1.1179449308422966
5730,0.3191930207297984,1.3235883984581447
5731,0.3408141865571164,1.4857082556632255
5732,0.8686738076712155,1.2582529242634306
5733,0.7644797099676224,1.1557100877242767
5734,1.4376907422204028,1.3718320876398753
5735,0.711422394973197,1.4888195854653308
5736,0.3976557027906123,1.5149074805670613
5737,0.7730284975872715,1.0893331700421767
5738,0.4527519126995658,1.8002841890745307
5739,0.6506044534181107,1.3549294748505112
5740,0.6624042724971888,1.5788067252420774
5741,1.4934909625195907,0.7428761525288385
5742,0.6863183498085125,1.3319689505058763
5743,0.7944533153670829,0.21521314192303298
5744,0.7400657172206814,1.2398344317659258
5745,0.9565935325713142,1.1968777790835832
5746,0.6766416605415868,1.6648009724031132
5747,0.2831917369357775,1.2213281392945226
5748,1.0050817864915773,1.5422261992823334
5749,0.14807587534620562,1.6345399949567994
5750,0.5800613427517229,1.647404172330306
5751,0.9250343884999567,0.6452769283562543
5752,0.5278268908883313,1.2245362085618918
5753,0.4703608749039578,1.1817243719974564
5754,0.8958291940781137,1.487835946418231
5755,0.7123885585434473,1.4509610205775147
5756,0.6809692001843607,1.1822872084418314
5757,0.6770467133068055,1.2221954789873575
5758,0.7083641426511131,1.47645218105035
5759,0.45392456913807705,1.6926559418695846
5760,0.4849704064812806,1.3083892274512152
5761,0.5729809947816755,1.7208411800321652
5762,0.7854041367101714,1.8144189119554757
5763,0.7415364837646303,1.3155460834277821
5764,0.3094489775801574,1.3844176080687949
5765,0.7052807374401936,1.350746649359578
5766,0.6089467333007946,1.0478625602251204
5767,0.6067220590464614,1.1774029092267018
5768,0.49264326571345907,0.7356772599528281
5769,0.5906333517379758,1.4363347432061286
5770,0.8140043044030763,1.1006332600576623
5771,0.32974577482813877,0.6684290540216724
5772,0.7880553861531474,1.537877354996551
5773,1.208375761221866,1.3492878727876678
5774,0.7537258115828698,1.295683248879831
5775,0.9969632296452112,1.2403173133078773
5776,1.1882457676880473,1.3969894029430547
5777,0.8689295430750711,1.4081191210236113
5778,0.4710897308172171,1.4362102570395274
5779,0.4142323109910385,1.1237438982373842
5780,0.3857323531764957,1.5314522462485651
5781,0.6904157023170667,1.504563092488218
5782,1.1507186271925764,1.6703240301766549
5783,0.713086149159084,0.9713968654467464
5784,0.4333961524992722,0.9720759309986369
5785,0.9035203085149836,1.6060596588789315
5786,0.2519862169788439,1.093476976593162
5787,0.5888677256279863,0.9464217420663728
5788,0.4476275332490724,1.5437865549146774
5789,0.36448956534313454,1.141038634699047
5790,0.16366645703856522,1.1493582797717354
5791,0.5220959913754274,1.7508731488128593
5792,0.3571511742113118,1.0705018957918604
5793,0.5724899947155925,1.5258863594427812
5794,0.35347477801034266,1.532546455753982
5795,0.232085777067089,1.4348207121458354
5796,0.494932519104292,1.7236403127548312
5797,0.6363497398074037,0.951727691472114
5798,0.3675347943834063,1.5287086657427718
5799,0.5859195117228035,1.4949454809800309
5800,0.2727032421895198,1.380556903533242
5801,0.4298069942429861,1.505902682323903
5802,0.19048428838885703,1.3927165822880774
5803,0.5717600382708693,1.129733274317495
5804,0.17193824676236022,1.6061298189116293
5805,0.8837162233785938,1.019031514925492
5806,0.3306255600693315,1.3959637245757004
5807,0.6037594161745768,1.6082836063893269
5808,0.5903873003380938,1.6598334123781429
5809,0.7628177763124464,1.1893006912249309
5810,0.44261923461082897,1.5523765951188733
5811,0.5448828721760776,1.0261489682554474
5812,0.6168693511271426,0.7901222985491145
5813,0.31276154243484533,1.5464029664264733
5814,0.6689825775139068,1.586468115601131
5815,1.0037219744800006,0.9229553242445581
5816,0.9700966026220831,1.4395676127682984
5817,0.6158427833583932,1.6220929385289642
5818,0.8343695174958844,1.5457055654546492
5819,0.5936276277291763,1.6484932053634662
5820,1.049560001635544,1.751428315993498
5821,0.6491063684669017,1.6913950391660797
5822,0.3665599929512727,1.1815077654821131
5823,0.6144583229907282,0.9256470809015307
5824,0.7256080779092168,1.648857237578189
5825,0.5440942484739426,1.1946389107538913
5826,0.9812996445958544,1.4515082553937133
5827,0.4887962103333003,1.2271489321547953
5828,1.0566668529406493,1.0318457572332949
5829,0.69049580756171,1.437643906059849
5830,0.5125881168988423,0.9587954161111949
5831,1.4829203040076921,1.2470836483565684
5832,0.9478546265442617,0.7445878241475838
5833,0.5143313405827373,1.6440583277674423
5834,0.34979522168909705,1.4761069490899195
5835,0.1884481879057404,1.2654905311928377
5836,0.40944772400901697,1.1506517516831085
5837,0.819543896861703,0.9971888004476865
5838,1.0834225456185096,1.450654932094645
5839,1.097758632500129,1.2154425422834427
5840,0.6957270258445754,1.6321896293954792
5841,0.6095460195067381,1.4228108355715277
5842,0.7671299387738464,1.8657637535072569
5843,0.82374563081219,1.7779937202223122
5844,0.6881279823147367,1.6988601576561768
5845,0.49290885944008445,1.403537594360328
5846,0.27340135937977683,1.3182471374907
5847,0.43132895910837177,0.9943239172673606
5848,0.5866033912343078,1.1294538062466084
5849,0.6485562147048408,1.5012417409751655
5850,1.074738138814478,1.3742815544625957
5851,0.40851914195171307,1.3733450049019964
5852,0.8148370555922262,0.9928829010128106
5853,1.0282634268786441,1.4983371753831938
5854,0.24951751359379512,1.6116851472134455
5855,0.6709289115634823,1.2483224791900533
5856,0.6053081346361062,1.7860060437579524
5857,0.5335382565924717,1.844749831446093
5858,0.3584827624872442,0.7282268365011386
5859,0.4898963460856901,1.5020985037266776
5860,0.3833716363192527,1.067883281553021
5861,0.3354111732673831,1.1628683994231488
5862,0.41142296654269417,1.307050337978624
5863,1.1117788458463869,1.2354713850581134
5864,0.48805428847276366,1.4882733059860276
5865,0.7842264989422454,1.322177494474699
5866,1.1808657339353112,1.199565668624539
5867,0.5262613237129876,1.4155867528750337
5868,0.8624285351073966,1.2548612651177584
5869,0.8544108856028052,1.7426964488371146
5870,0.4647843183874298,0.603307763354519
5871,0.5477289838435759,1.3505794322421707
5872,0.471952543463587,1.3853177571136386
5873,0.7858265570034352,1.8153378012429284
5874,1.1289301662129105,1.2367781041925068
5875,0.7678180560995246,1.10726829604772
5876,0.5503798237283531,1.9300037169295445
5877,0.2941995387885079,1.5968119348448244
5878,0.7876013345797279,0.24346596867181702
5879,0.7789349213238171,1.702222275409207
5880,0.3223908479642692,1.4051214050611351
5881,0.8618868924740813,1.1870598289527476
5882,0.5700922251204098,1.1735491769426853
5883,1.2630583904959787,1.8186902286210236
5884,0.8417552361176244,1.4321731771375608
5885,0.9156887351259709,1.4288210094264566
5886,1.1316097673249863,1.3370445134314601
5887,0.8373690279195456,1.3678702442843034
5888,0.9252934541109753,1.2037404486550836
5889,0.9897671856120587,1.695057036834939
5890,0.568522926484369,1.3608609677399601
5891,0.44997186828852,1.3261904332404684
5892,0.35508234741263284,1.4104084962196666
5893,0.6485017340723978,1.5348770567184866
5894,0.7566605359716244,0.7312710228229293
5895,0.6123510591320258,0.9956966073213755
5896,0.5809266418795738,1.3139645881641666
5897,0.4326142137841153,0.9798053561640303
5898,0.25282877214063976,1.521680224593669
5899,0.899386857543222,1.5981567764242015
5900,0.3793678890574525,1.3758752154796299
5901,0.6907483938270825,1.6949883785273807
5902,1.1655990678075578,1.5303269572051077
5903,0.7350109569156456,1.3423576596956304
5904,1.0508273648887574,1.1965071071506617
5905,1.0758321759256169,0.6578100809621914
5906,0.5014496463731438,1.5252402804231902
5907,0.47032454387264366,1.6846421963729323
5908,0.7316460884274811,1.2346083117755833
5909,0.7161495814599763,1.736867040656624
5910,0.7748294983715752,1.0266361948863498
5911,1.7018264068092444,1.1986048019100708
5912,0.5953465358041099,1.0111955367747643
5913,0.3559284895086792,1.2026287672182854
5914,0.6565280137617687,1.5436531541186498
5915,0.8133694996698666,1.7482506350121358
5916,0.4897078905315436,1.4112186428521045
5917,1.288514039694139,1.2354530748509378
5918,0.5221059903535793,1.1284087631868172
5919,0.6597924373529855,1.552115018976196
5920,0.7653977336612209,1.35509541054437
5921,0.6032790413917684,1.418356628559414
5922,0.5602082699902929,1.79158413426329
5923,0.6827113755566896,0.5289650499794154
5924,1.0568124506632697,1.4381954502211396
5925,0.6920125022837471,1.5628874379979742
5926,0.7086678402817528,0.9093192787877331
5927,0.5753362308078451,1.185831995253165
5928,0.43130420858137813,1.8304904602644418
5929,0.49653103317706243,1.6751298346725871
5930,0.5086335671373234,1.073062315140453
5931,1.1479522432822507,0.9545482881110843
5932,0.48354650175946806,1.5932174663657501
5933,0.5320613057832321,0.9243121663193181
5934,0.3736205386064165,1.511971910955224
5935,0.9220821489384974,1.1619990507563258
5936,0.4822159264508533,1.428983349042689
5937,0.8540118703021761,1.603346642209463
5938,0.9159477193346927,1.3698492035378294
5939,0.4547314955372603,1.546563725898811
5940,1.1531937772026932,1.5383197015444816
5941,0.6810621337659547,1.2606330893171347
5942,0.8500562408322095,1.5999996951423885
5943,0.5225883357286537,1.4138338882112542
5944,0.790737715566453,1.3958811159220073
5945,1.4792009425488515,1.457318832923937
5946,0.5987918398957436,1.5082342602775651
5947,0.9164289374434859,1.1342571412850324
5948,0.5419215737598269,1.664930088973128
5949,0.443047107408332,1.3052330358929036
5950,0.4080793303423672,1.0268874470079372
5951,0.3470691182745009,1.5401719429454073
5952,0.5808243465493231,0.8971349336864063
5953,0.7496557507800732,1.0799820871052694
5954,0.9467214784033781,1.556929971170813
5955,0.7816494937882812,1.8529957973175744
5956,0.7250110614284062,1.2893965418919544
5957,0.9536225459349326,1.5922635883077663
5958,0.9235956003485722,0.9921892432820958
5959,0.4346161711815082,1.3851352301157442
5960,0.47912710282835247,1.1262040429641829
5961,0.46375210267628064,1.0101579997642673
5962,0.39466178852802836,1.4720563825680923
5963,0.28203304021829906,1.4496551996911862
5964,0.502269801987517,1.1135126438296175
5965,0.6713990846884362,1.4969882851059655
5966,1.1092923939326107,1.8181188618081996
5967,0.37847475207522524,1.4279966532408377
5968,0.26427320175569907,1.2900855545640906
5969,0.8711075577637722,1.093216057225385
5970,0.3265414350902991,1.3721667293935522
5971,0.6778841655569657,1.1734040231354905
5972,0.8059940254204279,1.4541900325026884
5973,0.23779719249590076,1.4656872572009145
5974,0.7988377652702645,1.3771581479202797
5975,0.20814479745496867,1.323119520148497
5976,0.4989656780821934,1.2785473402302516
5977,0.6132438115232547,1.5405755190816948
5978,0.38203392847142065,1.5249903376057334
5979,0.5687184464159107,1.3913349109507323
5980,0.3089075083207349,1.0970388899457677
5981,0.43006125792077976,1.0188692158520647
5982,0.5706659738053741,1.4066916025373875
5983,0.4228175941619753,1.2932115276506
5984,0.7418899973522723,1.5565192027421642
5985,0.5459520792162005,1.3942917726084871
5986,0.3884807311547259,1.6598766190335934
5987,0.5801820601262142,1.193856104268722
5988,0.5812874649010055,1.0830954096562408
5989,0.32795718507308347,1.2695571559900092
5990,0.7614055701339771,1.418463145221779
5991,0.6923863915601727,0.9175516093003362
5992,0.4105109184787195,1.6328090533066688
5993,0.9414393180842542,1.1008710550284584
5994,0.8626543672961182,1.5079546796237393
5995,0.7185220432382308,1.1009821364594212
5996,0.5393383475413591,1.5587245146913915
5997,1.247760188825069,1.678556928651902
5998,0.5907423619782246,1.520463070610091
5999,0.3561012864004451,1.648643755404204
6000,0.7683164381418536,1.6214165486592034
6001,0.9933697709772964,0.9144912145378046
6002,0.3055347549367991,1.1607519020359112
6003,1.1651156652417554,1.5234586875088163
6004,0.2550234065118605,1.1197920681942088
6005,0.5858514937649603,1.0561950366524657
6006,0.6712272406465554,1.8039262625049206
6007,1.1900204124425855,1.0128016578558006
6008,0.3044307226153123,1.003264484973283
6009,0.8931282492076722,1.5363285010375534
6010,0.7683280461954624,0.9354349837021709
6011,0.45961008925120567,1.9209182809320344
6012,0.5224982314077725,1.4716472634099371
6013,0.6437294629964376,1.449053269620694
6014,0.5085729185183161,0.9437383149334544
6015,0.1902231935734109,1.3253012538586544
6016,0.4426683462392461,1.3107084779028648
6017,0.4997396324218785,1.3214591088881025
6018,0.45921591616120816,1.2272799718137009
6019,0.46079121226854824,1.0452285130763912
6020,0.600261487507678,1.615184304854482
6021,0.6618542671802347,1.6004027109244805
6022,0.7525042812782253,1.6542012914629418
6023,0.46363228986443566,1.1969734216506471
6024,0.6413764785002565,1.7924457206672244
6025,0.49235714922548074,1.1685231230789914
6026,1.3150433243773596,1.7392531258234114
6027,0.4735446987954204,1.2408095928405047
6028,0.49440021267246037,1.5746053248320904
6029,1.0344965471245526,1.1253049571221854
6030,0.5129532203431553,1.6150037693425379
6031,0.4041383849537811,1.1754774060824937
6032,0.7002222022056926,1.5093365690870792
6033,0.9446865964723128,1.3596972710517004
6034,0.5965877779923716,0.6829444672280192
6035,1.4146680514660195,1.810710999199862
6036,0.9252002911934237,1.3481255426025336
6037,0.40935716365802743,1.4595262383156622
6038,0.6321211128560564,1.5550500890243606
6039,0.9962935247433556,0.9370575816732742
6040,0.4700566503282944,1.2356909811683314
6041,0.6550414624044282,1.452038900915598
6042,0.6201293544068803,1.503464437612096
6043,0.2992283674907376,0.9797024600880715
6044,0.7654722826372403,1.081468979620527
6045,0.7961108227600856,1.4347914365904484
6046,1.461566643737507,1.4297529240250118
6047,0.6098695228274464,1.6819647443041195
6048,1.0295137917280703,1.5422377446203317
6049,0.592014912196878,0.8353806048873511
6050,0.20039007259682434,1.515087027232443
6051,0.7352125021316271,1.4439789625987784
6052,0.6924258297347429,0.7089727958244241
6053,0.577427729803632,1.4159467580555505
6054,0.6092132528165296,1.1816467301750868
6055,0.7947795708559491,1.0105696891027147
6056,0.5647120784404871,1.5933120484391392
6057,0.7322843267003715,1.1306938814406913
6058,0.5243308077878123,1.5269341992290084
6059,0.5983440079042861,1.2821894954957327
6060,0.28512588165240604,1.5812635233467058
6061,0.14119849086232525,1.3459436701682779
6062,0.09676092583663957,1.5809674250736319
6063,0.6956764792202926,1.5879632701750754
6064,0.5822589923832477,1.61440376876984
6065,0.9700757785737832,1.8829809417239958
6066,0.6432170800268601,1.5496363459763995
6067,0.8657432863507156,1.0646246890531121
6068,0.4560129675660304,0.7205563054136523
6069,0.6729150276026621,1.2942575152265792
6070,0.9283653268428277,1.4362225207986568
6071,0.7437583759081234,1.1754262036190566
6072,0.7076433902400068,1.659294592789172
6073,0.5575107314910988,0.5973783639046393
6074,1.1254306373951806,1.5511446261977202
6075,0.5525416944571744,1.5483090885346098
6076,0.4233409678767422,1.648572412972451
6077,0.7109704052339743,1.5328746350345317
6078,0.8221769764452985,1.4669893848229778
6079,0.45808735636331005,1.3576094384692332
6080,0.32315705995851013,1.4026818953611957
6081,1.002342686294632,1.459406597898529
6082,0.650971719838538,1.6172485981925369
6083,0.731256013380037,1.1463716591017419
6084,1.0984424927195413,1.8733055642201144
6085,0.8237897342374124,1.1753594994834864
6086,0.3183485611718824,1.5301681688919169
6087,0.7377522471589412,0.962300561497722
6088,0.3549624385169181,1.4311401414018674
6089,0.4225464416811102,1.5512514323584106
6090,0.301677073131284,1.2058535475478411
6091,0.8691695925312781,1.2851074094992025
6092,0.436120978728471,0.6562280988299685
6093,0.6525698354082845,0.9275792363590754
6094,0.1778452640612303,1.7122628850754944
6095,0.34203963833799006,0.7952542951148873
6096,0.8486971711237276,1.8521261871524017
6097,0.4200180449226238,1.1063541589059978
6098,0.2513252880846199,1.2886493448770144
6099,0.3807724168976882,1.2521992404176645
6100,0.2627648238151413,0.6319712690450177
6101,0.7350078157589456,1.4053223744142833
6102,0.9451592671057814,1.5311371592203238
6103,0.6561498594642426,1.4197911351940564
6104,1.2989570283701881,1.5102159863018838
6105,0.559109297040951,1.3397764240472767
6106,0.899098484001061,1.4044124911639813
6107,0.5470984211763558,1.6879903747553762
6108,0.586534613480865,1.0947438266412024
6109,0.6163045941793449,1.7249762181485648
6110,0.7197087510565409,1.4251772390289696
6111,0.67937576407447,1.1476946592342583
6112,0.4918401935051522,0.3312644890504479
6113,1.334013978277207,1.5001995978829386
6114,0.1422742408223528,1.3803414164834962
6115,1.038188733238515,1.43597965484113
6116,0.13924503665497723,1.6594146117244406
6117,0.8670860912678702,1.063189435584849
6118,0.7922499305823894,1.0644826767109243
6119,0.39624045360476373,1.234016295330771
6120,0.42906264044411535,1.5109088789787348
6121,0.6287718286091204,1.338874932073411
6122,0.32332352590546337,0.9889416608655419
6123,0.3573266631465579,1.4939394659183531
6124,0.6778799845901726,1.3925878331029087
6125,0.5115188654703207,1.533986936404447
6126,1.3007722934345962,1.773620676469695
6127,0.5920526628099182,1.518388409950546
6128,0.8000484262318788,1.2083831543753591
6129,0.5651449153486788,1.3176744995402
6130,0.5284504192368854,0.916396205074588
6131,0.6043460339298626,1.0724856982557247
6132,0.4626234468773102,0.9363895604502048
6133,0.5521368891903295,1.1050680622754032
6134,0.7107510420525361,1.4911308426650751
6135,1.0971004988003434,1.3185576002889539
6136,0.9281751513558082,1.6488488992966275
6137,0.8429398648828877,1.8948110446635502
6138,0.5098102314600883,0.7698541567892974
6139,0.24278836858754713,1.3807471783187082
6140,0.7102303267315192,1.276276442887811
6141,0.5037188291183965,1.495320978760855
6142,0.7608454242768542,1.3808116502801302
6143,0.42547419895548866,1.3812984137662978
6144,0.6356626040250528,1.5900071597047738
6145,0.9295477204247429,1.3421399406464594
6146,1.0056311584799495,1.4863934766321139
6147,1.0622488748307537,0.7868765425742295
6148,0.4026131445820756,0.8031014909342442
6149,0.6879809070499482,1.1144988881839506
6150,0.22056657787459472,1.6124333515996383
6151,0.7358006940983176,1.6278685307991931
6152,0.7795884393932874,1.0489124957396427
6153,0.38419085706380374,1.5064394059857706
6154,0.7211156879918214,1.0070451114238042
6155,1.2170523303072085,1.3750218189420584
6156,0.8936505309722227,1.3740709884415674
6157,0.38205588601905954,0.7925174008600695
6158,0.6679891575952779,0.9756792980037705
6159,0.22709141134579858,1.1408628502702145
6160,0.9896392842714962,1.251201145487272
6161,0.8420725006972507,1.2705413093141118
6162,0.5493512811863531,1.6934330366938353
6163,0.4632761725194703,1.5248020108910332
6164,0.42198315228535316,1.338599007099376
6165,0.20073166474300008,1.1905396833665214
6166,0.4708809433081866,1.525350418329386
6167,0.7952961676285841,0.5746374279416597
6168,0.6460635961514666,1.8043990330971653
6169,1.133406054955284,1.7372416606372605
6170,0.3801257165575476,1.2361462145792688
6171,0.621914035637119,1.1477423080990552
6172,0.6199753064938628,1.344162632385557
6173,0.48220485056415463,1.499199829630922
6174,0.48221421383315316,1.095850322796442
6175,0.785978193972297,1.7282007757977877
6176,0.706210662534363,1.6815670783404246
6177,0.6953233700009044,1.3442379327830256
6178,0.5841483933404819,1.3687171362371515
6179,0.24390241835443283,1.614178534037944
6180,0.3616421148412893,1.421935747304035
6181,0.7091890684078416,1.1287023372265588
6182,0.8213702047281805,1.5221040837505317
6183,0.4265388594891153,1.4097651662661441
6184,0.4619728511087088,1.6221812010388992
6185,0.32756106897194925,1.3082260413398328
6186,0.33151897240318373,1.3959844903425644
6187,0.9150165266542132,1.299214134778845
6188,0.47880002830044466,1.67298637990918
6189,0.5673773549021425,1.4617049234988677
6190,0.8357810530990547,1.1084219363621162
6191,0.8567863400316043,1.1360099556138747
6192,0.372721968443382,1.7809714900935092
6193,0.8654921259871868,1.5702616974995833
6194,0.5188569961827518,1.4379191853089355
6195,1.3128792567042353,1.3679591632667862
6196,0.8335955043468973,1.7198230130625447
6197,0.5073163164597032,1.6472376033003246
6198,0.37923381155372604,1.3229612565954683
6199,0.5129103950266983,1.5041276659423108
6200,0.5778174643058017,1.1792875747955263
6201,0.9042367672945089,1.1891977478740579
6202,0.9521663406160881,0.9883113658292684
6203,0.39266962594511573,1.175901979641853
6204,1.0178886063674868,1.4046183684653553
6205,0.13234208638240177,1.606042295360627
6206,0.6113449320914888,1.5276848296132808
6207,0.6006318409665815,1.1677458407365313
6208,1.3623708504907048,0.9265645991708198
6209,0.5860636518970334,1.2106875629832206
6210,1.1716444760316855,1.5402649434377824
6211,0.48990135687163716,0.9801254834285242
6212,0.6251289429623603,1.3707229436337713
6213,0.7516148278422558,1.235893367338163
6214,0.6336818865488328,1.4404744589920448
6215,0.6718989738139088,1.4931497313321556
6216,0.9738449919029968,1.5180061011735932
6217,0.48773898208136524,0.7881329889010504
6218,0.6093806684165303,1.6172727369930695
6219,0.6770508795156864,0.8044316636601212
6220,0.47625035850142045,1.4679722278245473
6221,0.4521267305152633,1.1440996043812457
6222,0.6881718467169292,1.5050764113306299
6223,0.7532221904810269,1.6624408824123644
6224,0.5944898723285924,1.157017694800458
6225,0.48061712846373644,1.2374232807905767
6226,0.20217060246684218,1.1059828985815003
6227,0.47482216401732164,1.663162569652738
6228,0.6748525427946167,1.424465654106796
6229,0.29817956351385344,0.9327830284501109
6230,0.6049834749518438,0.87082163745166
6231,0.581603217664559,0.9006703581457773
6232,0.9423495746901407,1.5737294425132247
6233,0.7462841210767843,1.4967375178548403
6234,0.4228719664967042,1.8475473472222839
6235,0.8810191222549384,1.2086555146201268
6236,1.0955300497850406,1.5509998203643076
6237,0.6415935882565398,1.3981570735993731
6238,0.5096508223039051,1.197300633244478
6239,0.25260862254062183,1.2738253748552468
6240,0.06183468649699753,0.9385089207927382
6241,0.5375234396416855,1.1292162878465972
6242,0.4735027862991945,1.0661453116961925
6243,0.6020319744532001,1.2156963136309549
6244,0.4732799517258671,1.4839536065102075
6245,0.32738107046793624,1.2281829661066777
6246,0.3001939354812374,0.7472240925053304
6247,0.4238741805093208,0.8853673101865291
6248,0.5699430344088979,1.4355386789694604
6249,0.29365776307427865,1.0504369544875019
6250,1.0911521641913102,0.8979776353658211
6251,0.33964429306731814,1.6769657314243085
6252,0.7656781643012793,1.3283260888759325
6253,0.6728681524211431,1.3559062858146498
6254,0.28399031531255975,1.4099439619671674
6255,0.5042594136151677,1.592339286812908
6256,0.6609958194706352,1.1587843967092932
6257,0.4596538372314041,1.4478941652261703
6258,0.6744251780168425,1.5788897829469013
6259,0.9142577007150244,1.4438881597012725
6260,0.8102214885646175,1.3732243501342722
6261,0.7431988843776027,0.9223847892816455
6262,0.6275613290538066,0.9906708198915515
6263,0.43501731752685785,0.9274049593483804
6264,0.9970242098039317,1.6471132868367266
6265,0.9653311674096765,1.860768847498411
6266,0.7041101838111004,1.1481751534618247
6267,0.9047346017818542,1.595116067457795
6268,0.5784048011706256,1.7540193777299176
6269,0.6575793587350025,1.4234415461508534
6270,0.5723277497843816,1.4070570182922544
6271,0.6339919953141591,0.9808002632881068
6272,0.48948932193665495,1.0477877348145492
6273,0.507772469575069,1.7233799737908706
6274,0.6343325370906545,1.2844771256347318
6275,0.40971306092976195,1.600765136590255
6276,0.7030643454093449,1.3594319922179996
6277,0.686181844367898,1.7354935530865139
6278,0.8616074999632671,1.47659272408403
6279,0.6384632736879957,1.6192693097404034
6280,0.8646379115969977,1.2626655895989045
6281,0.23507239946560862,1.4937208373244482
6282,0.2801675981197578,0.9027599523322416
6283,0.6855300399000811,1.4928942567858159
6284,0.6397480064282273,1.603905853499082
6285,0.4975475895217014,1.4251755328953168
6286,0.9242023159900808,1.346592240180078
6287,0.34708867943022415,1.3530156623554526
6288,0.29421966708534636,1.3510282505034623
6289,0.8004905828165432,1.1498429720316667
6290,0.6749682873354323,1.2420137547247725
6291,1.2002731125079105,1.7935183451122634
6292,0.6494792960620777,1.418484334850298
6293,0.7194188279987699,1.7092153682262408
6294,1.3096358916838489,1.4490218135422426
6295,0.8835476299099587,1.1536611863103823
6296,0.5440687725042082,1.3994529972196137
6297,0.4893463881785257,1.63191108939647
6298,0.8885747598496386,1.279532083104211
6299,0.3599093079182285,1.4608818816797076
6300,0.14469478696267052,1.2326726317124184
6301,0.8374494157569556,1.4479407840256733
6302,0.854903415763139,1.3887424449916406
6303,0.5500455597426245,1.6903663482318692
6304,0.6515402196347196,1.2598372388022463
6305,0.39408701507578286,1.7348085129228499
6306,0.9069109157861767,1.6907219948447787
6307,0.5704812070208175,1.2779041491258905
6308,0.38459029518895044,1.2393081244184891
6309,1.0198270118599033,0.8716571403457907
6310,0.6149188700908329,1.7137817410120864
6311,1.1188735046089244,1.3442801918204612
6312,0.7189949091404694,1.4615598866872683
6313,0.8099832065628856,1.6191602782969934
6314,0.9927758430717715,1.1340446274398435
6315,1.0590908252221265,1.753367331708191
6316,0.24968130874631803,1.7904571044518875
6317,0.49430486802322343,1.3777769844581043
6318,0.4341539026518548,0.936157042009675
6319,0.8995833213668303,1.4482339298928584
6320,0.32042351359800003,1.3146100639313634
6321,0.5831645517992721,1.0611312217291253
6322,0.866381044487103,1.3961394185987004
6323,0.3086813417911724,1.3232462790059645
6324,0.5812162848507955,1.334129883432524
6325,0.42610033676174675,1.5811785646066203
6326,1.0049831713829989,0.9261583477299427
6327,0.6607466161105846,1.6791660724236257
6328,0.8775471752123039,1.6761427589426408
6329,0.821726028509655,1.7390176566599616
6330,0.7123656757571347,1.141456959312332
6331,1.1812065896710104,1.4681058592257568
6332,0.3144038216073852,1.7480854338832408
6333,0.6054456675964619,1.755746994614672
6334,0.7311108429475108,1.4589255314252494
6335,0.6660511011969714,1.3152196993969998
6336,0.6631227686172418,1.1257753744339194
6337,0.3521831378732227,1.5340155585223338
6338,0.7537236832241282,1.4166699990050944
6339,0.8173592304891361,1.3433344350686147
6340,1.1354392749708764,1.1476503386684818
6341,0.5939098133818015,1.5815957000485863
6342,0.5912625224171584,0.29929132291455796
6343,0.7677569687016511,1.312382198822104
6344,0.23902973382862774,1.6698548588534963
6345,0.3764490345103811,1.0878356215156728
6346,0.6032199360104565,1.1312920592430031
6347,0.39537717722149135,1.8114531135968728
6348,0.7430787812092762,1.4074806512348874
6349,0.551186967311633,1.8328561482495496
6350,0.4832072098817174,1.1607943188867424
6351,1.0302181648850954,1.5825501948071665
6352,1.0052503969624615,1.3149796254979236
6353,0.7357652239598796,1.3919228116887128
6354,0.4787588579654049,1.3702780846101676
6355,0.30480703961832234,1.3104117685775158
6356,0.41357133608384905,1.502830405284223
6357,1.1256343992905018,1.3366472550963837
6358,0.7249391168419425,1.3436409323871306
6359,0.8635077271114348,1.5353422321569774
6360,0.8198523067834608,1.6735366019335973
6361,0.39894882071009025,1.5591772400095538
6362,0.2604453285601307,1.3376713181457593
6363,0.6144220678288143,1.7606703953530705
6364,0.6086608398993467,0.48551547711520815
6365,0.6862906321317315,1.4853943641806375
6366,0.5479099893541717,1.2164953218086931
6367,0.49220666845708333,0.8523081728488777
6368,0.3858027134023111,1.4739575164069159
6369,0.7059398468397329,1.4462907409427788
6370,0.8620664448923704,1.0891715011504486
6371,1.0620257702321376,1.6422719983052623
6372,0.6624991736177019,1.298156255057339
6373,0.16273380765139694,1.4253768100731299
6374,0.9907757104194965,1.2965553110224337
6375,0.31069281233855434,1.6126545327512753
6376,0.6425873751116543,1.401867664371773
6377,0.5313892070591489,1.5333726256663103
6378,0.6775159797288005,1.5684224788194423
6379,0.37414031235534984,1.3386775084441336
6380,1.0481265972537952,1.9109577002372937
6381,0.206202612432083,1.5646939446855215
6382,0.49501023385525855,1.0303455318255685
6383,0.553255240411809,1.3647570011340715
6384,0.9738658941684095,1.7443297618976183
6385,0.5051760831125158,1.319273727638718
6386,0.8905475380944095,1.3871668854736319
6387,0.6337831289205842,1.5771699239364145
6388,0.4909852957328973,1.9587480559612611
6389,0.939827521866702,1.7062848377547346
6390,0.6184896257109345,1.664816485904545
6391,0.7489662463263959,1.3309746217852836
6392,0.16775138045917662,1.3472607889665325
6393,1.3208054883341243,1.5983569707377274
6394,0.770392078719675,1.2579510223104464
6395,0.6510314336955303,1.318151793655225
6396,0.6214652790580445,1.0139032171233717
6397,1.0040072800435085,1.129538828772095
6398,0.6070909380009364,1.7572732302170173
6399,1.0051556271426807,1.5997988760948958
6400,1.5540376409414973,1.2220861629194664
6401,0.8841872974887364,0.9714017931622321
6402,0.6148273964290013,1.3797688436597664
6403,0.3492870312971331,1.5035641788287883
6404,0.6749218213243594,1.57602801710468
6405,0.6734584020756041,1.6615978133794835
6406,0.8589481729560544,1.2663987010483058
6407,0.622203696063983,1.2353116696448923
6408,0.25757590874854697,1.2558548169392831
6409,0.3855926281338483,1.7601247149371142
6410,0.4176872193260097,1.7832476018291468
6411,0.5982237832586816,1.2081940340023267
6412,1.187857377894814,1.4062751094548294
6413,0.9592508867415193,1.3030644543624679
6414,0.3162076147172139,1.392472957916392
6415,0.39951429759235063,1.60777545199783
6416,0.710525366969844,1.0366186908363662
6417,0.7915412504243309,1.374711873799062
6418,0.49672608254378475,1.5720064891767984
6419,0.6566233994646673,1.2995241054734255
6420,1.094575121600212,1.371542510399115
6421,0.5967460434721616,1.176675926512218
6422,1.0086723707286533,1.4080041155991891
6423,0.9534397204630218,0.9409987050159774
6424,0.8091797033882498,1.2813126048020522
6425,0.6064912803013107,0.7689702739068016
6426,0.5058420621404771,1.711645020788953
6427,0.1993885442481469,1.7690790061675046
6428,0.6386446893163172,1.06775512602122
6429,0.2217137227948607,0.8142592031193423
6430,0.5188043605235803,1.3231629183713216
6431,0.7655414847575336,1.1762035407858573
6432,0.7099093904655832,1.5601758051485861
6433,0.5924729798019347,1.6867171349906354
6434,0.9298154707738996,1.5903160171176076
6435,0.9666032957097503,0.9305033936795895
6436,0.31847916973083457,1.5320248360114865
6437,0.8504399349544826,1.1332907748819956
6438,0.8439291626340686,1.4084139338836288
6439,0.8152887945967797,1.0178181058388605
6440,0.5340505901411559,0.9642376251851814
6441,0.34075945228758336,1.4204757400465349
6442,0.6214082761486673,1.2217675653639222
6443,0.8133081473082047,1.5775696545843645
6444,0.32481430299927117,1.4654449434936083
6445,0.9673662778671286,1.7283682792708732
6446,0.8491332747044503,1.0998785920229124
6447,0.6141055597467697,0.793763409739545
6448,0.5039862713186667,1.1168682712487987
6449,0.7569161073967207,1.375811737357748
6450,0.4385970289108724,1.4109665477113653
6451,1.0540515061402487,1.675779433214105
6452,0.6249992497160328,1.3354207766623318
6453,0.42490615643919943,1.8252056597373685
6454,0.7786358276182446,1.1411408872566322
6455,0.3586467737117633,0.9199558009836808
6456,0.5307274967530268,1.7124608666411099
6457,0.5422021240245783,1.0610789306259831
6458,0.6024968228503403,0.8732530922045674
6459,0.5440546141332925,1.2013232408258325
6460,0.6555139064565901,1.0438500111911404
6461,0.7704595396378631,0.8182015787928076
6462,0.669084264874917,1.2969288520574351
6463,0.6608059139674143,1.4610403888880539
6464,0.610294677345427,1.478302203462457
6465,0.750900022890559,1.3253935950524651
6466,0.5444346623807123,1.7530050907445383
6467,0.07551234145080503,1.5079112817969134
6468,0.4505556258947189,0.9696105348740063
6469,0.998078699224076,1.0141710712670533
6470,0.4531174179186452,1.095814217093695
6471,0.23385594037768898,1.680851930322641
6472,1.096384611068962,1.1766637839909388
6473,0.8440212494064955,1.4513214361434992
6474,0.8465914486233473,1.5290972349156717
6475,1.106981774838485,1.2998106228215818
6476,1.1658496768201416,1.2046953698493152
6477,0.21021217904958542,0.7438733514892275
6478,1.0012703847419666,1.4045541674591577
6479,0.7495094510850222,0.6749275989956429
6480,0.6631048420455675,1.6199410703142196
6481,1.284128751091332,1.3213311612329162
6482,1.2766983386207242,1.0334518668355208
6483,0.20837627002866885,1.0906978936876068
6484,0.8490307266070453,1.4696860398805136
6485,0.7215529610612901,1.1045628319953318
6486,0.8746794279203027,1.462943385880577
6487,0.45905597981541035,1.2946723250790069
6488,0.47044930193213524,1.8694638406534811
6489,0.8042505442580533,1.1098435543847252
6490,0.24149547377643887,1.1425350752408208
6491,1.107082181226309,1.4384183733003821
6492,0.10013899183188986,1.265697978087445
6493,0.9925132843178393,1.1283604720334828
6494,0.18615908592040017,1.2234745601714767
6495,0.42808898629358094,1.594995545980893
6496,0.9387939440079093,1.352746850021398
6497,0.7921119341030678,0.751506401789422
6498,0.6895705460183791,1.1569276737045824
6499,0.8178067854223019,0.6306796268176766
6500,0.4934007315248316,1.7800279340124558
6501,0.8832114928268742,1.3529402854383465
6502,0.2208492875329595,1.635423203302253
6503,0.40700091008719813,1.2485312530706394
6504,0.4984444255174366,1.582005734363951
6505,0.6138640470496111,1.1696805187362957
6506,0.6936611356580796,0.9881058782445638
6507,0.6323593921278499,1.230365481760628
6508,0.5708559571281911,1.3352529493105216
6509,1.0571543170401574,1.7062227827013758
6510,0.43036246170151027,1.3180804354359128
6511,0.4064556707136314,1.3474979400789326
6512,0.3955069050517128,1.6880985175415542
6513,0.8644621712190181,1.4999559680093055
6514,0.8265163221799117,0.8658725687359525
6515,0.4959269862584632,0.8452182325555819
6516,0.7782893501185081,1.1564214257491874
6517,0.9167677269070958,1.5209387190235109
6518,1.3899325097020225,1.3742085852309494
6519,0.8329422274574155,1.2237091521115997
6520,0.36309600545679294,1.2857364942887934
6521,0.45356423496657955,1.845353867244133
6522,0.3316324271961975,1.5303947002521756
6523,0.86757966225367,1.3427446694717964
6524,0.934297127509771,1.0699746032369646
6525,1.0164713635861269,0.9863773697184013
6526,0.6338124524627206,1.5043197083141049
6527,0.26699300591175096,1.2811773496359748
6528,1.201070945326257,1.3641058918414215
6529,0.7434695107030943,1.5044192480705025
6530,0.6786970737402662,1.3652320883333418
6531,0.828857355667468,1.1254019168369962
6532,0.5988232955558448,0.9487135712991002
6533,0.7397721789313917,1.2774768961765361
6534,0.737704782945629,1.2391633799402126
6535,0.6459634584730071,1.2408449091101827
6536,0.5764759976060132,1.292529947744422
6537,0.5948710752252203,1.088628445555859
6538,0.7032728989994981,0.9813847013551162
6539,0.2322320089597163,1.4468673763978837
6540,0.696753936790297,1.454809631031511
6541,0.6873290169052015,1.7089525286248888
6542,0.5677870721769785,1.564749207898453
6543,0.4725783386457663,1.3690337853544396
6544,0.7461448611638606,1.8338522172030385
6545,0.9097030165299509,1.5957490881337544
6546,0.49274895241084915,1.088155989924185
6547,0.4847292418079311,0.8407547133248128
6548,0.6090045296538737,1.379112082918925
6549,0.6666561487008625,0.7746316068455672
6550,0.4627814278014687,1.6243815730990168
6551,0.9747806742066879,1.670899405752638
6552,0.4634777564281236,1.242692063793016
6553,0.6074932657107797,1.586836601789484
6554,1.3198969588620169,1.1719234567674617
6555,0.47328304568519325,1.73970910394881
6556,0.7157071804924655,1.4819502867584693
6557,0.7272029230610918,1.8349852073458175
6558,0.6688277083535902,1.5985153924727282
6559,0.8577536059845647,1.6173281505667099
6560,0.5028235371879085,1.4405128106822473
6561,0.5964543629797541,0.8710335246225134
6562,0.38867997142914684,1.5098852638638716
6563,0.4650455966448284,1.747017835250092
6564,0.5194198691920893,1.3682167693839897
6565,0.44568172260496636,1.3363339152701337
6566,0.29728513561528297,1.5893555771090881
6567,0.587672566312838,1.7533109809367917
6568,0.8748182079394291,0.9611524509719669
6569,1.0739406223592491,1.321815589392973
6570,1.2047687625165675,1.7324850986944396
6571,0.9252343571532987,1.2166099467438891
6572,0.8464934838963193,1.22886243459117
6573,0.5431953894505365,1.1872526027836683
6574,0.8894331368076883,0.8426264423173395
6575,0.7226744280009426,1.040096654260793
6576,1.3977311432420696,1.2778153524973015
6577,0.5296307625575952,1.6083818785519224
6578,0.4810533701022162,0.9953206636389049
6579,0.3421912641999749,1.1348700140269645
6580,0.5320190132363951,1.691251248822247
6581,0.7507128338339273,1.023143186636926
6582,0.4621194687265284,1.6401175032701314
6583,1.1458161800101174,1.5195983442699108
6584,0.37645812837030274,1.4028870200890537
6585,0.24598598132412336,0.9648664225026167
6586,0.2260566971623262,1.0136829963990002
6587,0.7187181243672047,1.663771692186585
6588,0.6638984644778957,1.831483663616268
6589,1.2598595522453366,1.329606265328703
6590,0.31871288406217113,1.8106155280804743
6591,0.9289182700784656,1.465493760918657
6592,0.513001364595851,0.9855365217602345
6593,0.24754226031398346,1.5516342338949654
6594,0.1786860674208363,1.839832566607218
6595,0.94345915789988,1.247101827906019
6596,0.26050213327495353,1.7413458235923092
6597,0.5892888727056687,1.0400077784940036
6598,1.0151761736939395,0.903858832157854
6599,1.2484841711482801,1.22422611748348
6600,0.5867417968296669,1.184030962300643
6601,1.4984550100199263,1.24780060831175
6602,0.5185503199733109,0.9559017434837196
6603,0.4089620116487637,1.0214226826320045
6604,0.6303355816593044,0.8277296169801707
6605,0.2905731078542006,1.717924786954875
6606,0.28988374780693044,1.3390089816245767
6607,0.7747467541349727,1.2645609340407056
6608,0.6774991312951727,1.3888847427144104
6609,0.32160795286138455,1.2480643832317992
6610,0.9737555927684243,1.3762783415102384
6611,0.7325146807758591,1.3047081301594705
6612,0.7580932984769226,1.4556241344803427
6613,0.815451517241371,1.575377390922102
6614,0.5975017072561336,1.7413649245996572
6615,0.9148044760796789,1.4736877469403606
6616,0.34324536215661444,0.885783176390061
6617,0.5372904442517977,1.4651973478013853
6618,0.32148157168741903,1.2955744745411142
6619,0.21819436981440032,1.3918196320855607
6620,0.48854854157010086,1.0557571541897657
6621,0.5967831120746153,1.8212514094011862
6622,0.8214779800271533,1.0113084682865705
6623,0.6512689429425739,1.2644841117521013
6624,1.2283372078707238,1.6019922246558562
6625,0.7254619812976785,1.4059579132648121
6626,0.8875280255198671,1.1085709666467718
6627,0.6086672288171926,1.1379349575296676
6628,1.1240587664666204,1.3666113880739
6629,0.5142122290013319,1.1224953346002413
6630,0.40010832532706386,1.5978147218727443
6631,0.802021384937463,1.5903251825999627
6632,0.46370332166444206,1.7348251463821034
6633,0.7306609902357314,1.6378936130693447
6634,1.0596154884981503,1.4911744366181785
6635,0.3367839741679066,1.095660584822425
6636,0.6289478143154114,1.2186937926597494
6637,0.8903524686961206,1.083782417794128
6638,1.1738911247755979,1.1192016607197102
6639,1.0583944391950217,1.6246304990594123
6640,0.75048200816188,1.1470308691529565
6641,0.7107884298303885,1.5791017355364358
6642,0.5681897900260542,1.2223342940498494
6643,1.101899594478453,1.7174637355730584
6644,0.6142015135197989,1.2283029677296067
6645,0.8372684275888339,1.5410004382528222
6646,1.2176010725541897,1.3478812023486153
6647,0.7043596496409092,1.273366108810904
6648,0.8835157224190722,1.7412972744167565
6649,0.9353162484917684,1.3173824600248767
6650,0.19593025789150048,0.8918026010373747
6651,0.6138586803382735,1.3877433996719788
6652,0.55382937357491,1.5002023335357184
6653,0.6752669950669713,1.582252793309916
6654,0.3900221704918401,1.578557132060836
6655,0.6070146677186277,1.0626023388926695
6656,0.5094164971010802,1.1933134464599222
6657,1.0543251279334374,1.50981886720241
6658,0.3857063730158247,0.7827239067980305
6659,0.24840304788470194,1.7572606014421606
6660,0.42709630416358124,0.8952014270449922
6661,1.131522323748591,1.4961299257803737
6662,0.22234426250123698,1.3542155648034735
6663,0.39190775461475774,1.2514989021668543
6664,0.8692035950340834,1.3360268063325522
6665,0.919491769197228,1.7019080713223016
6666,0.8458143971855501,1.3808370077657943
6667,1.16333124499614,1.1966309752532307
6668,0.5497007458252375,1.2497014996834999
6669,0.6281145280022445,1.42975277251435
6670,0.6227355758826834,0.8351125875305079
6671,0.21640298944760253,1.111314233314916
6672,0.33578541767014836,1.285268059398776
6673,0.41426725592901703,1.6149655119985766
6674,1.2654958670863174,1.627410896315648
6675,0.35122779240952845,1.6921136973662914
6676,0.568993140820476,1.1774107182800448
6677,0.7565410070430413,1.4177854314840839
6678,1.0959156181067635,1.4003874825934137
6679,0.8965906916206419,1.3903179959765803
6680,0.4914809042920145,1.433535185099475
6681,0.4184633514913706,1.6172349827675483
6682,0.5686527402774133,1.3870478736780605
6683,0.6390860574231672,1.287594921343646
6684,0.6287012915870988,0.9641379708596107
6685,0.23271039745537528,1.18207077229461
6686,0.7153277221797236,1.4661400789698549
6687,0.6938607538756911,1.3344710753911793
6688,0.2255855399229053,1.4936961139211882
6689,0.8596088937519089,1.4135607895867364
6690,0.6637713713894554,1.6203461559209045
6691,0.7265579704599882,1.7424893100429906
6692,1.423790757441438,1.444675146070328
6693,0.9287867006284931,1.5645594960122586
6694,1.1349705857005654,1.5188928055557114
6695,0.25065522740120827,1.2082549428734692
6696,0.7720274579201973,1.5106362160583027
6697,0.6742206442750569,1.2815587038901084
6698,0.6171858395917659,1.2266873011250317
6699,0.6249750043590666,1.5836141813580284
6700,0.43727145768086834,1.0784494743321926
6701,0.7947505780372268,1.3812756596979208
6702,0.5559761466238597,1.6755900343009393
6703,0.7433176597055304,1.2446950515751376
6704,0.6275663134666879,1.6472246906104242
6705,0.7677823667848043,1.8538660086214747
6706,0.8035695496760213,0.6809329104232327
6707,0.3244389407365308,1.3283916225165342
6708,0.8594806108503703,1.4442315580557843
6709,0.9240139378909106,1.0540613653201611
6710,1.1033863307261589,1.512334516219346
6711,0.48737004169431714,1.1992830306496862
6712,0.9963000144985794,0.9056557541300951
6713,0.759587165778473,1.5427060290985508
6714,1.013991449596544,1.3471685015671784
6715,0.5398929138670735,1.3029204445143758
6716,0.4438931041035272,1.569090378914115
6717,0.41563383150228833,0.9297269518382878
6718,0.5849740253297239,1.3891164089122117
6719,0.38669428892432656,1.5608266242412145
6720,1.0806874186708573,1.41592485246897
6721,0.7283653553669995,1.4958539302927165
6722,0.7508816051995203,1.479271579395572
6723,0.7469034469135967,0.9926969001705583
6724,0.719573811449935,0.6632459389972176
6725,0.5736498283844221,1.3430963919053598
6726,1.0031734025757775,1.3641144660887141
6727,0.19337108051107968,1.085823322107498
6728,0.22921042654274495,1.6266926376694106
6729,0.36168419458884643,1.046090514887185
6730,1.0614700218652267,1.417914321597313
6731,0.07295213577442618,1.5014114200814068
6732,0.38538189820261487,1.4374179272533674
6733,0.45347954516262573,1.357165645659495
6734,0.8572214841018032,1.3295877108803043
6735,0.4843100478805548,1.5612300668244965
6736,0.6203814929649021,1.8184431838080817
6737,1.3761129488469137,0.9570782943067144
6738,0.5067562157581126,1.2786328728093403
6739,0.7222181407923851,1.2055996828166191
6740,1.1062540274415689,1.3587516665336516
6741,0.24922434639670243,1.0858314484142066
6742,0.8088966737061571,1.5155476040307074
6743,0.47677958456885056,1.4170628012017579
6744,0.8704828370793867,1.4534561655462155
6745,1.1406962851609777,1.892201139085661
6746,1.239072888498929,1.4705181576165707
6747,0.38525813966058065,1.2154569994847717
6748,0.6675314449429195,1.1828366558187988
6749,0.4733347824891802,1.0777626164018481
6750,0.8010131094802544,1.305114075928147
6751,0.24856203940783833,1.3874513952395784
6752,1.0645031248560084,1.391324203136067
6753,0.3835215936167464,0.9098828140799131
6754,0.6344828988723598,1.39434986296471
6755,0.682079593327365,0.8738981606192098
6756,0.39464633992525383,1.5495306331580267
6757,0.9267924830837417,1.320215950018555
6758,0.6766174388970334,1.0301660853679753
6759,0.5580465819771627,1.5345191797523103
6760,0.9929533459014334,1.546069081416252
6761,0.26351267901231523,1.4422009939421803
6762,0.3009384019647704,1.2680727213987995
6763,0.6709198118027103,1.0469267964546116
6764,0.9917190606861486,1.294272299291924
6765,0.9430234961377177,1.6193973270469098
6766,0.6531745624054576,1.2348901355707211
6767,0.726146703336142,1.2590110290169645
6768,0.635146186510881,1.5375063034800869
6769,0.9223369776795202,1.3903620664237566
6770,0.6349981072176133,1.4817548515877401
6771,0.9178038465083086,1.5019073159553074
6772,0.9781836417557481,1.210117391180195
6773,0.74155787497923,0.9823369134626341
6774,0.7199132569859185,1.232971323962643
6775,0.4407635369304825,1.107592666714249
6776,0.7113742385250731,1.788490763641944
6777,0.6165019453320086,1.826087003518846
6778,0.4859893158117995,0.5479846694489381
6779,0.5921541045985249,1.452240793372271
6780,1.0467407574050758,1.4538779496270073
6781,0.988798422007994,1.3024797249623377
6782,0.41803706993014444,1.2093579250270885
6783,0.5956777821944101,1.2597481483920936
6784,0.28111008444202773,1.551757097624043
6785,0.9965686913235486,1.5106117469708262
6786,1.0431129759196702,1.552310122808777
6787,1.0948435874724471,0.9817133518554051
6788,0.35780345506488626,0.7740860209758496
6789,0.5222233323839177,1.6152961518224154
6790,0.563392996565157,1.4765820214866907
6791,0.3644862445984164,1.1105247721756508
6792,0.922803249198278,1.5296401809724958
6793,1.0399461976519702,0.5259924347838856
6794,0.3038418834785229,0.38314404830483473
6795,0.5251452733123607,1.4328909706130235
6796,0.9322068173296647,0.7405610142557326
6797,1.2804272387248965,1.2109211809095357
6798,0.8754929663969963,1.1931046309491824
6799,0.5300834115429415,1.3922759824712485
6800,0.3824436852279568,1.2500460668016005
6801,0.43929991878406194,1.170830923237411
6802,0.6833365857593707,1.511044809285502
6803,0.8741672062933348,0.9979447615634229
6804,0.700296235631901,1.354009366447538
6805,0.5401737531118924,1.7339448589130213
6806,0.7034528602472578,1.2424334124998175
6807,1.0885071665362798,1.860007722432706
6808,0.6326536895802948,1.320229800005162
6809,0.7166561364614964,1.4207495158451873
6810,0.29208229428654275,1.2222426274471183
6811,0.8386248041092391,1.1246127192224695
6812,0.4859777566741476,1.5007075699602805
6813,0.9411616417467059,1.4935030225888535
6814,0.6694415242644052,1.1675912905189243
6815,0.7253355347807258,1.449462455534039
6816,0.7990978046001738,1.4191779573003134
6817,0.8022205971001305,1.6662929249049985
6818,0.5027865791105838,1.828617047565098
6819,0.39917224734838896,1.6544254294387484
6820,0.2954770332244919,1.651686510150392
6821,1.1094042208683061,1.40687346673738
6822,0.8773933594462012,0.9903217050687958
6823,0.46627543794877,1.6572325699823127
6824,0.39426170665280885,1.3825836970364054
6825,0.7526042930312297,1.4459547099899632
6826,0.9709587064856462,1.4456598167375834
6827,0.7949080485298751,0.4632382447422849
6828,0.6345229754732221,0.8601792783021316
6829,1.0238154110748916,1.5895505327175738
6830,1.038931520654257,1.7206623304776782
6831,0.31202624937741164,1.129719886018231
6832,0.7771084349278157,1.8223434085477628
6833,0.37240152926070336,1.655041344774438
6834,0.7842455957299233,1.4177971620940266
6835,0.9694375953782983,1.1712860394725164
6836,0.46887647662526116,1.2528789661171116
6837,0.9284352129177633,1.2969733223692077
6838,0.8380018718594517,0.9899846888152157
6839,0.8515950007715336,0.8448191683691306
6840,0.692976666841461,1.3176128651529164
6841,0.5077236871901886,1.2070997181308312
6842,0.96181097527547,1.1171070776625307
6843,0.25916213397154564,1.6362119809804347
6844,0.37318695035641686,0.6471938539407431
6845,0.8462207849578804,1.649702349924056
6846,0.8614686316166644,1.7301937915656613
6847,0.37926195056146367,0.8496265302757502
6848,0.8468450848332751,0.9746938085066887
6849,0.8890454991329785,1.4054394947423012
6850,0.27279897196406006,1.531445644143668
6851,0.81337367646138,0.9819152044461428
6852,0.8669137940230229,1.3392181037336828
6853,0.9051590262658445,1.589478591766842
6854,0.6197369973647275,0.9517149279441222
6855,1.0398639427336551,1.5215089684580616
6856,0.4184211521322398,1.1095825388513236
6857,0.8776437322686095,1.2899032414871203
6858,0.472598530349235,1.1449393669725565
6859,0.9430027800842847,1.386170999015179
6860,0.8067997273249397,1.3353542812613437
6861,0.4787532743369759,1.5697639860761017
6862,0.4209712479977841,1.2087500538148221
6863,0.4289157688996577,1.4773829466777397
6864,0.5098566803842454,1.3251291080224212
6865,0.7076829608802753,1.1225982964773993
6866,0.32450141544239836,1.7721608899944041
6867,0.7369570916878267,1.5160888660912786
6868,0.4502062179578816,1.2325918446251705
6869,0.49618987652367325,1.384975011934767
6870,0.44813277911758115,1.1752415519056107
6871,0.942784389121183,1.6057789560820317
6872,0.48475312896194134,1.4481245890416052
6873,1.2056181074119112,1.2406906281975267
6874,0.4099073654152077,1.4049150408303253
6875,0.4156743606257919,1.4914697444542133
6876,0.7022697327862438,1.414240663578379
6877,0.7770129499519733,1.6466509570518149
6878,1.2324456500051395,1.1289314658041871
6879,0.9983594071531359,1.1179157435933962
6880,0.45746610121799164,0.9857711062725207
6881,0.6887267875910797,1.1206322615345936
6882,1.1683375538463663,1.3802825908355423
6883,0.4319179465605268,1.6969857315320942
6884,0.5933738517058316,1.4720370939965133
6885,0.5599308856925809,0.8674313422643929
6886,0.9569171181658427,1.3525153337375753
6887,0.305765234027372,1.3830977569689207
6888,0.23958795635815797,1.678337987952974
6889,0.7954781559856635,1.1729970583641416
6890,0.3876243599492978,0.5994352735948527
6891,0.5089661982148063,1.1405505797174296
6892,0.8182997998702395,1.5543128810952775
6893,0.8093324676436241,0.9165546324268339
6894,0.595451349116303,1.7508643462886042
6895,0.33878641277737015,0.8392018357890834
6896,1.0274327739380937,0.9292710927837375
6897,1.1209366844290727,1.26544169655329
6898,1.0654251487519517,1.2318764708796146
6899,0.6746433865283221,1.516034175974952
6900,0.4595418548753689,1.8166999903162828
6901,0.5271835278175143,1.2187657450009932
6902,0.703834284810559,1.7001250580721696
6903,0.7697131302629054,1.2395984779343532
6904,0.9650508254986986,1.4049491739552957
6905,1.1452146810160497,0.8583202362032294
6906,0.8841951456973042,1.3006666008361636
6907,0.33444802626088405,1.6326426655406174
6908,0.416087415336041,1.4679319453426438
6909,0.5128307467272469,1.3401748948935386
6910,1.5506813272775521,1.1423865285919659
6911,0.9981379504983483,1.4971102776095693
6912,1.3512168647121219,1.3884672297205767
6913,1.1834002991760733,1.6156183447656784
6914,0.5357516918550441,1.6611164616457845
6915,0.2336467909894734,1.6948672740637445
6916,1.0691179965643212,1.4509065856981178
6917,0.5683099660119476,1.1920838097264022
6918,0.6618957832737143,1.5685758097120657
6919,0.7289514150133088,1.1002223271154046
6920,0.24034621673906578,0.964892797769789
6921,0.9200803385477367,1.3712883689047377
6922,1.0126021001833685,1.0093637792337877
6923,0.4531833311636031,1.2256129686996515
6924,0.34630567257988637,1.4323047020853974
6925,0.3912579683592133,1.472361522551992
6926,0.5378034044588892,0.5757887984402275
6927,1.0275581646634189,1.656034595499239
6928,1.1113966408996259,1.0431218475897972
6929,0.9236433277956656,1.3147937614146685
6930,0.19033845880093903,1.488875201951737
6931,0.6594762626718844,1.0269026214380248
6932,0.8451888402487547,1.295440617811026
6933,0.8117748688339966,1.7864076902255774
6934,0.7402559270405562,1.4863883526450161
6935,0.27875022658982496,1.347692400680633
6936,0.5093943642479237,1.787661295494869
6937,0.9494346863277159,1.2541007659685537
6938,0.5258446990090696,1.3496937907378266
6939,0.7268986687343063,1.4041287396429212
6940,0.5734291056680954,1.530882540582319
6941,0.8743683250578166,0.808711978878351
6942,0.7634032670760215,0.7715644224710443
6943,0.4077544644393211,1.1969326021425823
6944,0.6172524132076578,1.3979138032139509
6945,1.1041520600669836,1.3251066283981279
6946,0.5536623513036237,1.774567036908114
6947,1.0969601325082086,1.2893063577109882
6948,0.5054453487470028,1.5555240258915795
6949,0.6195145713052095,1.0503395834924254
6950,0.5076961882561883,1.5151232051332926
6951,0.6451919153632949,0.6512396763439681
6952,0.874343032467269,1.1977007840986782
6953,0.4593467719320541,1.0544128788153206
6954,0.7895093879141339,1.4642668830001795
6955,0.9187062912500321,1.5184605490538958
6956,0.6495776669892012,1.1856617966791145
6957,0.9831816733460995,1.303754353235541
6958,0.8266806127023715,0.9863002856836129
6959,0.8919796182175519,1.5613143225716426
6960,0.6444514824794371,1.2281941443252258
6961,0.9627339364725722,1.3871770566903492
6962,0.7970558012681376,1.4892261463207102
6963,0.2346928480409988,1.4962121659278615
6964,0.7063429132115319,0.8833776958487913
6965,0.8489748542336878,1.401394743490496
6966,0.32086974040056526,1.2331828515066992
6967,0.6539864652841981,1.4257390652251152
6968,0.5009764850979251,1.5199105679887883
6969,1.3497887984355625,1.3752583168967805
6970,0.6033862944770361,1.4120982171338181
6971,0.938074935544876,0.6243093950603187
6972,0.7899036668067073,1.3223400379719594
6973,0.8744359937024785,0.9287874382784576
6974,0.4245455002434992,1.3652598113231198
6975,0.8810826845206136,1.2892520042232563
6976,0.3343614525252245,1.254910047874001
6977,0.5573075895340585,1.3052779487779294
6978,1.168438499538757,1.478698889804222
6979,0.6954501017098143,1.3062442895746549
6980,0.39616560220476954,1.3580272786648349
6981,0.46779075245276713,1.2783623821182584
6982,0.27409587186091405,1.1906296797324605
6983,0.8384566264678845,1.4808316131272785
6984,0.5144515143571262,1.0745031139452363
6985,0.3107180167829282,1.7486155714339038
6986,0.6339874369043449,1.1702411699194153
6987,0.45995916320153934,1.232363890907912
6988,0.7984866934208795,1.6275557587440956
6989,0.45167133980245633,1.2095573602379428
6990,0.6666574600469736,1.6435660778764816
6991,0.5715710908295292,1.2122654683722445
6992,1.0438936898479947,1.3337158364404238
6993,1.0170908184341443,1.277355830802426
6994,0.7745075002544294,1.6571627883156663
6995,0.708952949172851,1.64469203563491
6996,1.2998780649212005,1.1026963342605463
6997,0.49340206642130346,1.324188309804926
6998,0.6391154638374421,1.2381610979248165
6999,0.3422530368350495,0.7751299417728834
7000,0.6003022583232074,1.8343943924504718
7001,0.825855519236531,1.5423213552067372
7002,0.6012004577794102,1.847441844130902
7003,0.8885117811873517,1.6510467635017938
7004,0.8379382225442118,1.319847105965234
7005,0.4615002378077113,1.5026814861831213
7006,0.7290425557595568,1.4668971655307317
7007,0.8503183942882445,1.6501899971487994
7008,1.0501743609109353,1.5187433548044995
7009,0.8519754161983225,1.1150572425246832
7010,0.4419208897920404,1.5755677186293755
7011,0.9762600055867444,1.39184758385353
7012,0.5964139052313204,1.1495953482193895
7013,0.8608930605512206,1.3987583283296445
7014,0.22721194989361015,1.8012093753497116
7015,0.5731323043389439,1.1177349296100774
7016,0.668325810666421,1.62801013606719
7017,0.9025058463203816,1.4131046573226953
7018,0.7170826327299775,1.548199013485813
7019,0.5813649039562597,0.7860793667437749
7020,0.7823344934790557,0.8151218736444508
7021,0.27995594045244115,1.554539655045581
7022,0.46544352662427063,1.3720729623631862
7023,0.7681440113839426,1.2394664138612315
7024,0.8666728282587017,1.3883435503604107
7025,0.19570684761592072,1.2392438946180724
7026,0.7827655018646815,1.4753301236877765
7027,0.8039403225225668,1.2950559273726925
7028,0.7536619276440925,1.5256100779100137
7029,0.6082889143636152,1.2020019676912828
7030,0.5211191523199881,1.4289737319621398
7031,0.9125495312754595,1.0620716727440247
7032,0.6392887329031735,1.5667967308237758
7033,0.4440228236609392,1.4352805493683305
7034,0.502815928544123,1.0038591461594817
7035,0.7762451955495476,1.3692958824961927
7036,0.7183702017919014,1.009312426439692
7037,1.010652383967631,1.6370386970396427
7038,1.028620454868364,1.363587828481434
7039,0.3999060949307606,1.2699958846437436
7040,1.0996003220876804,1.3241451063069047
7041,0.7227030493108649,1.5689188569042651
7042,0.5795752900629432,1.2733506706505082
7043,0.4588997722036163,1.5671656293714418
7044,0.5034451955121313,1.0635646160160317
7045,0.5535342008926197,1.5509106263946693
7046,0.9708490235446776,1.7479656196306828
7047,0.9914518793104038,1.1559544163160194
7048,0.37262070280118953,1.194522734254316
7049,0.7048733735715674,1.519926887531983
7050,0.31934330284725815,1.776480590575284
7051,0.17628912636735644,1.5473268905044895
7052,0.42586668390864785,1.4262049925839095
7053,0.9529283630651756,1.1106215606553864
7054,0.7405602327628339,1.8663121589642553
7055,1.021006250909285,1.5125532555167078
7056,0.8408422186755989,1.1486514625673487
7057,0.275106653874425,1.0489398291798309
7058,0.8256032346942073,1.603948752410655
7059,0.6246978961628887,1.0702910938610386
7060,0.2459985510272143,1.576133567804292
7061,0.40535500271452984,1.306845416655066
7062,0.6471625805113824,1.4574973970982255
7063,0.49981635081714065,1.2912961316907683
7064,0.5686461878564981,0.9399970848613537
7065,0.1788403154454062,1.4459621132358782
7066,0.3484325107908764,1.0257892261379409
7067,0.5295684850626665,1.1691991321009678
7068,0.25517041917762995,1.2200078840395274
7069,1.2256083935066966,1.5316113367018922
7070,0.7822475874145394,1.6176814985809056
7071,0.6529154760342597,1.4609663138091569
7072,0.5472609894028411,1.1190015371065096
7073,1.0671386226840216,1.2707653879684762
7074,0.8124868121920874,1.2707918402575318
7075,0.4967919475001347,1.6724554826896332
7076,0.799006489547334,1.4797109242825845
7077,0.8552284368974397,1.4098827244989285
7078,0.4950794635973495,1.2411435118946788
7079,0.5432791109769659,1.3353479207209416
7080,0.30096368143386143,1.6601072597146027
7081,0.6050395435117313,1.8374338249933029
7082,0.22125384705161696,1.5685598366294509
7083,0.36864319256727646,0.9883024609551347
7084,0.77133645928399,1.6089028787752915
7085,1.1799236845873295,0.34039754480761575
7086,0.472644505253326,1.1107516191998819
7087,0.5842302624031463,1.2126153671997062
7088,0.37657382749567936,1.053471383946849
7089,0.26314930364305517,1.0886478041992746
7090,0.3359099580357924,1.589674226758623
7091,0.8224191983883805,1.4980848034242629
7092,0.765839298657747,1.6441967717164372
7093,1.0182699746170263,1.159433906388479
7094,1.0430106634222698,1.7531996629093636
7095,0.581134943610541,1.2284387840826483
7096,0.5414201418077449,0.8830933361740745
7097,0.8285590448858718,1.7078227690291827
7098,0.6030165375224832,1.2439813062273364
7099,1.032178908947555,1.080222376991866
7100,0.7612967879186937,1.0225925252133248
7101,0.33347225033944317,1.783921954891662
7102,0.4832938954572116,0.9266956470947274
7103,0.4323280116896462,1.5633651522462595
7104,0.7370899349354568,1.3289838977934916
7105,0.5447980215203837,1.0726332758468549
7106,0.8267599422135022,1.755033060356742
7107,1.023629384224739,0.8413742153884651
7108,0.5685775354738124,1.8129261003031594
7109,0.5000997019794703,1.4861284648624107
7110,0.18190219854514403,1.1331044004021833
7111,0.3724064001520383,1.0295191800964356
7112,0.538512730146448,1.0528145900263322
7113,0.49207802863738886,1.2606604585801335
7114,0.42110284339976306,1.0275260676889413
7115,0.28412108580421835,1.2861631907823567
7116,0.7591361626473894,1.3412227549677973
7117,0.6618791580274244,1.007605561652657
7118,0.7487205718811016,1.9133849635730695
7119,0.7448605944229586,1.7178958288439445
7120,0.5824929690166987,1.1544674076380854
7121,0.9333797676725154,1.3853824409097584
7122,0.6081639803441661,1.7005463410470467
7123,0.6451996635563475,0.8484807853401124
7124,0.7068932363549744,1.3783846284339412
7125,0.9174404434804925,1.7641567348488554
7126,0.7277862874308589,1.1652414321218738
7127,1.0642348206115562,1.46678984076933
7128,0.7128393890247606,1.5884829550131156
7129,0.69171396653669,1.4897857956604859
7130,1.0447103193643075,1.227381731239644
7131,0.5353455798311372,1.1321746687935277
7132,0.552744795669115,1.316934559412426
7133,0.9764771803446075,1.5138668479072215
7134,0.3440716455651852,1.5363698796032588
7135,0.5884757884987157,1.2868694940324732
7136,0.5419832453017317,0.635870804169395
7137,0.7491194748442923,1.0948661921343519
7138,0.9308481317262332,1.7736272954738836
7139,0.6694820601013525,1.1503600446545847
7140,0.4255332244943258,1.1429379889389129
7141,1.0524684889242877,1.3254208059813881
7142,0.5011113887770531,1.045292521219445
7143,0.44809873324536115,1.6005825135835177
7144,0.8987696436095161,1.3061707074441142
7145,0.772379832389501,1.4116953456475678
7146,0.8775376173107987,1.4018811126149262
7147,0.8388298577867597,0.7498973429436884
7148,0.6530869689510247,1.3726971384015736
7149,0.5132147330940489,1.1774747514780937
7150,0.48578164566561965,1.7902130374518885
7151,0.46308056944721726,1.1663802330766562
7152,0.2595600310911548,1.6531535878040031
7153,0.3776041059720725,1.35896289071402
7154,0.6429233547444327,1.4573337529885793
7155,1.1534449303296157,1.1726111790756462
7156,0.47946315000483974,1.2448910252030574
7157,0.44918670036780534,1.2595554914733103
7158,0.9983328820838919,0.9920212876219858
7159,0.8178435252648318,1.77797439641843
7160,1.1370555701778011,1.254662912216447
7161,0.44552832324630853,1.417889018366186
7162,1.5474513004583246,1.6662545531346744
7163,0.8487159877218312,1.5602325790421634
7164,0.8347758408942768,1.6048190481888989
7165,1.291209378725829,1.518380242627571
7166,0.6965143969603962,1.6371462672113424
7167,0.293274296292877,1.4805396987844646
7168,1.1087244859274197,1.2253395729921825
7169,0.7926511096441929,1.4987584306115087
7170,0.6070936331096384,1.639591373041932
7171,0.5696208867020023,1.3756137652266986
7172,0.694858220528468,1.5549689898747552
7173,0.17792654854901482,0.6974289959268054
7174,1.0709500506265506,1.3392817984526577
7175,0.5706070569700893,1.6073743115837307
7176,1.2773138406089535,1.1916245685471727
7177,0.7592723705829008,1.435309640334733
7178,0.4128333671243416,1.131747328498588
7179,0.8455375243474978,1.8784008888038763
7180,0.5137301750634932,1.0081373114822165
7181,0.8192330418971197,1.1918393738459843
7182,0.523951632332517,1.4424132008651185
7183,0.6893918814299724,0.8938886996565427
7184,1.0734821756715276,1.2265783754752069
7185,0.658156105864761,0.9219276991994152
7186,0.6957283482644412,1.7892436175249187
7187,0.7084512885181086,1.5488607876152645
7188,0.477054625149536,1.5277089438957994
7189,0.5246381806569279,1.5090547890595143
7190,0.7063332408616652,1.1677237312955984
7191,1.0864581734729855,0.8676865350691485
7192,0.5979807767026162,1.5050227526788382
7193,0.5557896693961781,1.582645440573148
7194,0.5411877512953642,1.4208848417432658
7195,0.7525059261725924,1.411395999925276
7196,0.26467609811270043,1.326893277757464
7197,0.8799871022884241,1.3551682672856233
7198,0.21142741177460256,1.3627904524986016
7199,0.5697473573039717,1.1305108349534585
7200,0.4938470867625324,1.2920128657493926
7201,0.8840041837376966,1.366667941568882
7202,0.9324749569996302,1.664429739538361
7203,0.6259491987322646,1.6730103469378785
7204,0.5329114988780931,1.5645577512777586
7205,0.5163049603729764,0.9810776847680225
7206,0.2586623793021299,1.5736964587166211
7207,0.5266596213110123,1.075307189580049
7208,0.18585927716962394,1.044264277010845
7209,0.1980862968791681,1.81975061573362
7210,0.5254206219330813,0.6902920230236758
7211,0.6948405430320149,0.992831170998483
7212,0.5997891018482115,1.491143851259536
7213,1.0214780239608758,1.535146544737656
7214,0.408813437581913,1.3829133344667226
7215,0.7489952482707883,0.99046884102304
7216,0.41699786903602976,1.401732022401161
7217,1.134068892767956,1.5632479165319761
7218,0.5287793188394574,1.7836342451879068
7219,0.7212569980580159,1.4027971299695863
7220,0.5517766293974291,1.6312234430355692
7221,0.6181331254104047,1.2371021730641303
7222,0.09300555267372954,0.7882134410304478
7223,0.7300961271517965,1.4209931014110353
7224,0.36174847259243115,1.3859120459057706
7225,0.4091266245434539,1.2378238431043742
7226,0.7343877233280643,1.724862423753641
7227,0.7206658898073419,1.5378657819786306
7228,0.4158098670074905,1.47432440388381
7229,0.42517218585041056,1.630899443966085
7230,1.031365102640062,0.8917988084702679
7231,0.4147301691662386,1.1831021672435342
7232,0.7521548383772265,1.5567133873577652
7233,1.5008416666297644,1.308504877944284
7234,0.41318948413959644,1.4710435660953505
7235,0.7328579685387084,1.7218831607030154
7236,0.6370694174199695,1.4094254536359292
7237,0.7240676377015235,1.800093466414134
7238,0.2165222713174267,1.437541118075368
7239,0.5933625625445526,1.6660659432728815
7240,0.5931224039588497,1.5246911621614527
7241,0.35598677150070435,1.0026523612338045
7242,0.5437643811434555,1.457756604653734
7243,0.4426480960251721,1.679917800027445
7244,0.48903475466468654,0.8426532688790096
7245,0.967458487837321,0.6785812163812244
7246,0.6096436853036467,1.1870279629294576
7247,0.96490812125469,1.5733778151770839
7248,1.2684852037856822,0.878424378318013
7249,0.476990307271652,1.4513580283412189
7250,0.9365894742349878,1.4510424627191998
7251,0.5132404370400075,1.0077308704229573
7252,0.6624340210429503,1.4438655793727637
7253,0.627939421941858,1.4705617526562507
7254,0.2830992519381339,1.7018194531612
7255,0.19128115631928858,1.19843992950676
7256,0.639578359344555,1.6010443659131237
7257,0.9786988896683518,1.4781011571399554
7258,1.1497859686537404,1.381817328288289
7259,0.7314201005538152,1.0828836478004522
7260,0.4143376759257524,1.744767759577416
7261,1.0832103430928686,1.394570821730768
7262,0.5173296905670272,1.568738447085478
7263,0.8076689361299021,1.7045444072742488
7264,0.4324331550471323,1.8566525152132478
7265,0.7279867858135344,1.137865406743058
7266,1.2260064175531955,1.197342632735207
7267,0.941408704737087,1.1394425641039767
7268,0.3124339278415927,0.7345420268737
7269,0.8680196069645014,1.3904533062539561
7270,0.37644386614778647,1.5468679258053513
7271,0.6183925267741338,0.7912720731305929
7272,0.745750881932717,1.8709537275358965
7273,0.6746617132473126,1.8329709914908796
7274,0.6822807674820386,1.770197609648927
7275,0.5892123039806881,1.7070213715056708
7276,0.4478561048668849,1.1343528622635715
7277,0.35133213768851657,1.256143539326977
7278,0.3231393104835176,1.5109309247184366
7279,0.48903033492230596,1.6173813446129763
7280,0.7607836003644843,1.5784335211791511
7281,0.6280449509278269,0.8993285929315165
7282,0.8168254059471067,1.1440284763263864
7283,0.48987575075125955,1.6925778660088022
7284,0.9248113403423233,1.5906599219688748
7285,1.054690555381406,1.3943894716670382
7286,0.26951530143568975,1.3280528100831095
7287,0.9786544100948404,1.3846972468864642
7288,0.3749045232696421,1.5512537643532953
7289,1.0742990170764724,1.6276418711865808
7290,1.3567920485583134,1.395200901216286
7291,0.5923484981034663,1.089944551957384
7292,0.6707826733208528,1.2801225982852378
7293,0.6117765857050156,1.3599968081110412
7294,0.9820590542583227,1.2542930180157208
7295,0.513253635975712,1.5563532008542598
7296,0.5132811270084157,1.7589531273045917
7297,0.2758980726906227,1.3253286946926974
7298,0.8083400014222858,1.5882590253951205
7299,0.5032111995480061,1.5696163239497836
7300,0.6703925898910073,1.3422038863757315
7301,0.7113878438396771,1.0063249312916585
7302,0.2815428793999668,1.2488984145832749
7303,1.121181739503728,1.6994556042306017
7304,0.3858558997803079,1.0576556864051105
7305,0.8688316263405182,1.15168538414201
7306,0.9539341089116907,1.1148643830856102
7307,1.1248891898400106,0.38457118887745234
7308,0.3390135482751171,1.4221321102966393
7309,0.8673805021945943,1.7274608301790366
7310,0.4334810389970489,1.5258610264032006
7311,0.3995464938492203,1.6140364426842642
7312,0.8515456105252202,0.8082487263416538
7313,0.5208379607279131,1.7466477710760508
7314,0.7690859557689951,1.130293415994919
7315,0.7050433587414688,1.3777116353556407
7316,0.6422598606496756,1.539719475120406
7317,0.566169999537605,1.557748031014939
7318,0.7381768514840288,1.3251107040314218
7319,1.0660214818546756,0.7931036287789179
7320,0.5541915960001339,1.5332981101433971
7321,0.5402210546749906,1.3230616509373094
7322,0.5739124606043076,1.6471045349535873
7323,0.8808612558709861,1.3122612789344132
7324,1.0032557839278402,1.5155245219589528
7325,0.4432836146967093,1.2149323775519565
7326,0.7281889840222934,1.5293839408618488
7327,1.2657288322828288,1.044392887612418
7328,0.4278357114352401,1.1257675406321739
7329,1.1109752433697164,1.4402582225761726
7330,1.1921709952855013,1.2179749888106284
7331,0.362652027509302,1.4375234499040432
7332,0.38923664654125756,0.7401285701172244
7333,1.085989263553432,1.2222620631341732
7334,0.9562893081074229,1.6074096928668795
7335,0.26891688752849274,1.4872281627844373
7336,0.33877827288685214,1.503742764559946
7337,0.8629303799330417,1.321560846869192
7338,0.8668855452442569,1.0446009330731054
7339,0.9896350070573293,1.2663151038206217
7340,0.5452358331923134,1.0604299687898981
7341,0.5184569796474583,1.6092048316894143
7342,1.1091444267208226,1.033183992579515
7343,0.8497144423265123,1.5903748986993465
7344,0.6801648473968539,0.9569325932091979
7345,0.3464080354614156,1.5692855154649379
7346,0.5602563754310969,0.922253478728666
7347,0.8512469598305432,1.695231261762385
7348,0.7616432555959273,1.3292244257338262
7349,0.7634770453792596,1.0947295293671617
7350,0.9236247234252372,1.4290852087036692
7351,0.48325622285294423,1.0253542477141244
7352,0.8746528026337024,1.651526998155869
7353,0.4362130973379678,0.8697302880156912
7354,0.61171016109633,1.541993517070122
7355,0.5708040657216743,1.3957123768838677
7356,1.0665230888485548,1.3067032202277398
7357,0.6187631939161409,0.9941136050322108
7358,0.954123218672888,1.4187018327966148
7359,0.5161151789784107,0.8611363627730511
7360,0.7372767638176123,1.0496888367042776
7361,0.6099321945123224,1.4866907529390687
7362,0.814637453122294,1.5516389195890572
7363,0.25132991967323076,1.4300693283138468
7364,0.636839499879928,1.4997890905944753
7365,0.7723860270075789,1.583015970282038
7366,0.9083741548058599,1.0195431845744372
7367,0.42700747328753125,1.3381315355278054
7368,0.3915849365677936,1.46121468747346
7369,0.6227389467565988,1.2046091016190004
7370,0.4514723889897492,1.108711656024834
7371,0.3072358872458687,1.474113321149244
7372,0.7817159050129405,1.3958198177759384
7373,0.42340815630121686,0.8458659346353008
7374,1.0535451865477798,1.9342909752370445
7375,0.5391319222293125,1.541587402329177
7376,0.6516762361288341,1.1599988864815027
7377,0.37701101500346557,1.0082785569044301
7378,0.8415842517623252,1.5185180212153555
7379,0.7882927380240272,1.6392114189991627
7380,0.6025274058425895,1.2839230210267223
7381,0.9732981799952821,1.397572901117591
7382,0.36476047386289834,1.3664224988174862
7383,1.2133348273869287,0.6976243672326723
7384,0.6322489052170108,1.908064823934232
7385,0.7396416972507162,1.5509946282758853
7386,1.2080263854618642,0.9108523922012506
7387,0.43422919303549984,1.8444869989129429
7388,0.6726158403305889,1.2395473611676877
7389,0.8421620240390832,1.2299831659666685
7390,0.30073803248380754,1.5734163808332082
7391,0.48624218445962847,1.128815345175426
7392,1.1203672635605595,1.4853992832440872
7393,0.4829437648238261,1.0434181721914189
7394,0.4684404217345881,1.3064575024370755
7395,0.15559738374129847,1.063299307783713
7396,1.0952366955172874,1.2624007121116827
7397,1.1532620606923274,0.8700629436125766
7398,0.5581188554228419,1.6587362137970163
7399,0.4153387864292816,1.1248438645838443
7400,0.4601219091121211,1.2221855818210698
7401,0.4208658299071642,1.50536109749472
7402,0.7283385746182558,1.1026806632796244
7403,0.90792993987935,1.3395837480644164
7404,0.5707605138025106,1.5802315220980305
7405,0.5438244193022039,1.1004813256683412
7406,0.35586479643897434,1.469945128048804
7407,0.49718625303007313,1.2565441145383955
7408,0.3946672043697546,0.9031602136814052
7409,0.5943782252087522,1.6324607626879757
7410,0.7127801130078678,1.1467935472159374
7411,0.5143482254010373,0.8786466498030765
7412,1.1322816657776233,1.2928184246726817
7413,0.7317870322331069,1.1745755366722443
7414,0.3480358461690046,1.033084121612055
7415,1.0883397247535822,1.4057157764453914
7416,0.6398908890220393,1.4339734927271393
7417,0.6304220682030984,0.9396896884312476
7418,0.5633754869939483,1.2355575989587115
7419,0.8629342099667586,1.2848842945321615
7420,0.8642971967369437,1.742011856678908
7421,0.2938723246548981,1.7014741650065277
7422,0.5359435138464643,1.4264079434929147
7423,0.7770002413067079,1.6772947133136362
7424,0.7808705608788905,1.5789261770350693
7425,0.8963841866929366,0.9055365757111986
7426,0.512288079455839,1.0815663920235576
7427,0.5256691695395718,1.0988948116248611
7428,0.41851138531473336,0.7504485001142789
7429,0.4115543646095759,1.633621608493504
7430,0.512260560032694,1.7091193311449484
7431,0.8541559512433479,1.3842940393806655
7432,0.40279552075157443,1.2961219288095935
7433,0.293779254161687,1.5598054962771373
7434,0.7346855404866367,1.131694626576949
7435,0.7264390606751343,1.4353166046461956
7436,0.42179153746510156,1.16477623556162
7437,0.6700762135938896,1.2774656741848007
7438,1.2579206707129085,1.0624397523374722
7439,0.2883697635011034,0.8638623850090488
7440,0.48358223579212484,1.533037668482464
7441,0.45525010117270237,1.183959395544781
7442,0.5821202441549065,1.1482371124154067
7443,0.8213080073639746,1.563143727284685
7444,0.7319906709898818,1.8254209006160562
7445,0.6002451545939532,1.6518983475514557
7446,0.6901268355563684,1.1993116941197348
7447,0.4211993947209754,1.5005468770660864
7448,0.8834958697186613,1.2871738509535198
7449,0.3537961451791054,1.180736249568485
7450,0.5698518026610451,1.3090943916051587
7451,0.505027216877275,1.3592443351415608
7452,0.43544176412801927,0.9169899544549642
7453,0.925818689012352,1.4528544022266345
7454,1.1314914722170883,1.2441564671917942
7455,0.5774987008246596,1.535930122012207
7456,0.624608362864269,1.2552778992551603
7457,0.48616469209051005,1.7382320338774029
7458,0.9055088229375936,1.1627110587185125
7459,0.36323417415727527,1.1199186791476614
7460,0.5994970135390743,1.3825770905423012
7461,0.669978780424065,1.200121348204994
7462,1.0439692771851856,1.417392231392005
7463,0.6773336814348764,1.6968034396799816
7464,0.3172990453641042,1.359007335881687
7465,0.6731556174213599,1.310263003698251
7466,0.32147170087840976,0.9685129760293987
7467,0.6947373823004361,1.2765205921820137
7468,0.6846775672671672,1.29339529706761
7469,0.8588373461414349,1.2427365387346834
7470,1.127277051707668,1.5714717900002304
7471,0.6266544537826053,1.5013853042992418
7472,0.6344953904009932,1.8434479074032268
7473,0.7042167145886611,1.4372128397228652
7474,0.3483668399451916,1.0086299424738285
7475,0.4486321860841716,1.3766575685623255
7476,0.7686737693697521,1.6017515676987797
7477,1.151726330530434,1.0322056934111994
7478,0.7342208228010859,1.7913547157332683
7479,0.31644342404532494,1.378006241513519
7480,0.3905143446123342,1.164348871230836
7481,0.688477418426478,1.4019231774129213
7482,0.829779512874204,1.555957210127062
7483,1.2256139308636036,1.6270448472266064
7484,0.8745389086222243,1.2379643504736957
7485,0.6817938847386397,1.5852524031137118
7486,0.5174273317707979,1.6902641750872183
7487,0.7452409324858402,1.1025846202038423
7488,1.2203879132900932,1.1257621923900953
7489,0.6198046756682338,1.6083211468751637
7490,0.816343344153485,1.3492470755367612
7491,0.755220221097526,1.1731730173241581
7492,0.6140522104151176,1.4564810316018668
7493,0.5997837581396126,0.9991107394784959
7494,0.9467489143495085,1.1149579063548587
7495,0.718630917788099,1.5367013288657814
7496,0.5170850090550246,1.280317905260398
7497,0.7940938126734345,1.3370286308955728
7498,0.5591287986709045,1.658430839952735
7499,1.2678944889772865,1.2322995476683385
7500,0.6323163059508048,1.4999595528071548
7501,0.8108826592417527,0.9568583587158457
7502,0.4506424486874697,1.5348440650062276
7503,0.6663966553743693,1.0178767394132173
7504,1.0078706373358721,1.3113525468319631
7505,0.6951991450534739,1.2327297042996976
7506,0.8805314637454745,1.48441214709531
7507,0.5291917375494032,1.0850822097067785
7508,0.611024648319992,0.9279860184582416
7509,0.3352986024522054,1.601905531223636
7510,0.6430956542400289,1.3074282004227151
7511,0.36327165614057916,1.3170944557323492
7512,0.8878484372771495,1.5293397886797255
7513,0.46701321440694843,1.427288951419892
7514,0.7822411178874905,1.2345650943511148
7515,0.7599735805443304,1.4711692600107962
7516,0.7711237885698535,1.175699488584772
7517,1.0772928744099985,1.457562495721348
7518,0.7208064350548279,1.2398265512124813
7519,0.5559728145578375,1.222643349870621
7520,0.7049298654711083,1.4851131048399577
7521,0.9684905525277817,1.4400187558869924
7522,0.5867410637020701,1.6916646127052437
7523,0.5169910055532432,1.4303450472107446
7524,0.4663129121421106,1.7349791761940725
7525,0.6494718802486281,1.0008943875499972
7526,0.6530148261183322,1.183125549987134
7527,0.38990159724284523,0.9507146786391072
7528,0.619067258109738,1.2247650841086055
7529,0.6091615218426694,1.1910096857335801
7530,0.4837028001905697,0.8318453199326359
7531,0.9364836747372611,1.4927320842503513
7532,0.48061062009027006,1.3067117984292485
7533,1.1054221520635417,1.5462485114784883
7534,0.14400218081137503,1.227260135409046
7535,0.20552549912805235,1.3545662330996064
7536,0.6208474312494708,1.3982351900704653
7537,0.7272176526028049,1.7014301901780875
7538,0.37026074066761333,1.8183821500155544
7539,0.7421171698609125,1.259355849203217
7540,0.3828604431228473,1.7793860248834932
7541,0.63814396908695,0.8904200849000514
7542,0.8279723289323822,1.6515606788403443
7543,0.17606955129370266,1.2599000884205946
7544,0.7897693826209516,0.9923231527191017
7545,1.3537452876448373,1.09869011190144
7546,1.0976400537975848,1.4846269479244696
7547,0.713124411092066,1.1142403799934815
7548,0.6574115399438671,1.4560727155638276
7549,0.9780333086201933,1.1932039706281765
7550,0.7241113542422275,1.4786112436919938
7551,0.9147846320937267,1.541812230924406
7552,0.2568042427803468,1.7801144296620313
7553,0.9197398864325537,1.4974230127643318
7554,1.3276084626432363,1.5973372921747728
7555,0.7017888684678955,0.678801457970325
7556,0.7212036661801742,1.3317792887184585
7557,0.5993513744888195,1.1822139510923084
7558,1.059099389638954,1.6379007703271529
7559,0.795071498861276,0.5947542102372423
7560,0.87409825779519,1.2514576845656866
7561,0.44924058436669817,1.5741267569998596
7562,0.12197177270978385,1.0127713740568
7563,0.4642543963602602,0.8914733692098364
7564,1.1164520173118617,1.3119254060161338
7565,0.4373897578425133,1.12393265947131
7566,0.7449073492293024,1.5200702441923297
7567,0.8835887403697862,1.2130435237640156
7568,0.8435581616295368,1.2810303215114265
7569,0.5262508214771489,0.9335347977567809
7570,0.5511011499390279,1.3314440733274124
7571,1.1370442412542672,1.2007785035742353
7572,0.41368258690448867,1.312540554651557
7573,0.9757837575098373,0.5113795630432001
7574,0.7883119317743957,0.93109761559794
7575,1.0416302251509648,1.1411603349409978
7576,0.8372946662836503,1.2635720883788863
7577,0.41105788373407565,0.8351802000981434
7578,1.0852068242150468,1.0556889768616637
7579,0.5827950878145699,1.1949376979768813
7580,0.7621036293491803,1.2698867002306762
7581,0.9372691577015858,1.3215742029139674
7582,0.6412994479589744,1.8413411514686682
7583,0.7312068647262598,1.7074804679740436
7584,0.37148780314530205,1.1157848895532185
7585,1.0258829816545045,1.3445644001849528
7586,0.5787581148580432,1.4573195097099494
7587,0.5690580670288924,1.6344568621521878
7588,0.5878254356640851,0.49613805405982614
7589,0.416985559649406,1.4531567872814417
7590,1.1406838012508294,1.2520881396590264
7591,0.6597016162366307,0.9024008643297838
7592,0.4368860178422886,1.1657291176564728
7593,0.42156011961012263,1.4899327609866302
7594,0.9534730298572496,1.310841902545795
7595,0.6575764200821842,0.9063684183785876
7596,0.7346074810457057,1.1004486701888996
7597,0.7134633149284579,1.2431850920609615
7598,0.5403196766738441,1.1449966576321309
7599,0.42090825431701606,1.139303730584257
7600,0.5306696038143315,1.6953152297074359
7601,1.1823647410397267,1.2870369271115323
7602,0.42778096505065644,1.0747038259580453
7603,0.6942367752716736,1.437634745065457
7604,1.0972524664002326,1.3860555887691202
7605,0.5607197712563274,1.3150095574827412
7606,0.6371933889865448,1.1334402603399991
7607,0.79069260654532,1.505790910086986
7608,0.27776585133344944,1.0758233790097196
7609,0.8278863654254215,1.5213422336674278
7610,0.12789041388378014,1.682723911600688
7611,0.7784112022790614,1.3215441542113417
7612,0.17131934541403482,1.3240241333939067
7613,0.4742844198632548,1.5453652819678019
7614,0.594512319371496,1.4827479406990673
7615,0.33329884528224984,1.666852183477386
7616,0.9567414327124492,1.672014098948642
7617,1.2681367027296735,1.708315842371668
7618,0.5267004040538444,1.5312519875722663
7619,0.3223401976122736,0.8954647097293638
7620,0.4900674959705364,1.535064077382195
7621,0.5434866801729679,0.9140670254689942
7622,0.6528717790624483,1.626115625904981
7623,0.49346259139210813,1.6817390074562466
7624,0.3715352735088158,0.8186433535778599
7625,1.2554795224373179,1.523006928249826
7626,0.7415539944701616,1.0840137582642546
7627,1.434896642608599,0.9823185552231122
7628,0.48072448093548564,0.9419199002158689
7629,1.0922283022061845,1.5463768548736414
7630,0.9584729825053033,1.1868971109892983
7631,0.4004294056866629,1.9785478192022696
7632,0.25233626588018,1.5618340487777704
7633,0.3276027136641994,1.3655410443831497
7634,0.6000568877667786,1.4303053335288576
7635,0.3243639876921618,1.7330682277879867
7636,0.552860763335582,1.5236403373769494
7637,0.6182211597127926,0.4523553636358133
7638,0.5458489327419325,1.712155726780315
7639,0.728088068170886,1.1175507322689628
7640,1.108734830328189,1.4766892268889777
7641,0.44847012628352256,0.8695560016056443
7642,0.43244290388584383,1.0339086649981313
7643,0.6483327259999004,1.5343499653200894
7644,0.6456534376285245,1.3476631017660208
7645,0.5403606436316439,1.5364886976991463
7646,0.49764608395034615,0.9490328759776392
7647,0.7953512096555283,1.5145193802726211
7648,0.4414718626481817,0.8461824972344176
7649,0.952679078076781,1.0888731929803348
7650,0.45849434705459463,1.3128777991448621
7651,0.4827799686832778,1.8551051523927833
7652,0.6013181107653534,0.7711947124363028
7653,0.5532091741391024,1.4349380298156618
7654,0.8084180680646459,1.4290425115171541
7655,1.0792366038004553,1.5871182731005566
7656,0.6434651247007389,1.7040221366414023
7657,0.49608789130485287,0.9827421938381338
7658,0.6547815162587792,1.4301460425887735
7659,0.8643093347735928,0.8310856007818952
7660,0.6937318771037421,1.345889240785275
7661,0.35541595754508615,1.1476282421543367
7662,0.6599366936079311,1.4043983455421407
7663,1.150903149976699,1.6198244197836638
7664,0.23103941213855797,1.553201339807608
7665,0.9843084400516936,1.485848800429309
7666,0.8968247656513532,1.2348921719379118
7667,1.17606097271759,1.4967253346564307
7668,0.5255786541568644,0.40881205178066127
7669,0.30312992595794486,0.9014172040094739
7670,0.7080714847510171,1.2089800987169417
7671,0.2819358880871135,1.3242124397940607
7672,0.28273574863222584,1.205422735549456
7673,1.2039888073761638,1.7917132560681963
7674,0.42522476713566937,1.6251963632983406
7675,0.5402644278295773,1.5661416949274962
7676,0.7009109984932397,1.4878583855567058
7677,0.982782770347655,1.370383864301806
7678,0.4934843248928797,1.0018249622482074
7679,0.19340942329900157,1.5281066687478286
7680,0.8583819082355146,0.8260457216296877
7681,0.4605760031317909,1.471436040669298
7682,0.7008762516582628,1.1249519255117741
7683,0.9417774718922349,1.3169072601381377
7684,0.8272606681595485,1.535441747341752
7685,0.43805915817456953,1.6610943913687874
7686,0.6144775935925774,1.5606909202565031
7687,0.7257181662308976,1.6114670430150173
7688,1.0081200296441069,1.38079101369743
7689,0.7378977666352475,1.2612807713461185
7690,0.6533989811063656,1.4617166283563336
7691,0.25441068882075174,1.6536069887087268
7692,1.1913647377874776,1.4026909560160086
7693,0.6545147197833092,1.233705915688577
7694,0.3749824680506252,0.7752836072905114
7695,0.3690959959680103,1.1164031859247225
7696,0.7549791788199165,1.5778248993137534
7697,1.1110142821244315,1.613146798296221
7698,0.8869815383696587,0.9752682796875052
7699,0.34022360945547064,1.0234796318370187
7700,0.5595152232882181,0.9884144240675854
7701,0.2688491568220815,1.7405911779436054
7702,0.7989003318328651,1.0143559018067907
7703,0.7173618985911742,1.1864378459813947
7704,0.6463166272745702,1.7669486795557379
7705,0.49420186963162155,1.4625507961284243
7706,0.734846553801274,1.603611193538664
7707,1.4582082803045104,1.8010936983242603
7708,0.8694391517122911,1.6322055813408354
7709,0.3597988333878753,1.0598837997695876
7710,0.2534036962596057,1.0898223160002636
7711,1.280757801054458,1.8106927564921784
7712,0.9354372697789066,1.440130389783168
7713,0.8534804170396274,1.66400293328928
7714,0.45729125572275386,1.6933559003682976
7715,0.2789513315102347,1.7638967405706723
7716,0.9286495684895443,1.0160757528127946
7717,0.44719245631774474,1.2904546950004403
7718,0.6680064791794372,1.1568132160410505
7719,0.6894957544875475,1.4127894378390575
7720,0.38433503215783527,1.1583501282465791
7721,0.7011550974955183,1.132104509995128
7722,0.36043458744062296,1.4863685543761664
7723,0.5196953121367961,1.481840647779745
7724,0.8849742701105059,1.2552225096451037
7725,0.4951392617397017,1.3000188866897089
7726,0.5253850159562837,0.9533704431323591
7727,0.8768663466738851,1.4320155464040194
7728,0.7303218188452312,0.8825248525955014
7729,0.5153975476154788,1.752828695599588
7730,0.8294674826278301,1.5548760881975894
7731,0.26082897057804977,1.5570548354120428
7732,0.23096692755714365,1.2447300621948036
7733,0.4835845670232608,1.5768981550982983
7734,0.36657325867994933,1.2776911270070592
7735,0.403936066302581,1.1556543095667418
7736,0.8612477041029702,1.3297818169624314
7737,0.789187144120464,1.5116250301787948
7738,0.5418467760809638,1.4253226917347137
7739,0.5415494102363898,1.5636089199740606
7740,0.5708240155964655,1.3682932955986291
7741,0.5842129444381131,1.4177867120213503
7742,0.18548188734349386,1.0255112606612515
7743,0.38765704336972134,1.4531817082706016
7744,0.6405482927590597,1.155791982377566
7745,0.7030632234188873,1.3313298566555265
7746,0.6329989137807621,1.5331796550689534
7747,0.9423219629743761,0.9206363522913903
7748,0.5312059606224272,1.6982564129114843
7749,0.19347501641220788,1.74458470740723
7750,0.685738387856237,1.4841243577431147
7751,0.8789384431963829,1.4419648646416
7752,0.788858344724685,1.1616544482039066
7753,0.7562846771552921,1.4205037544804606
7754,1.2078720070232203,1.1490100852478227
7755,0.9405560710266954,1.2606271744347
7756,0.4605250642890973,1.0397756545168815
7757,0.4098619594267763,1.2530944282423562
7758,0.8426208001016285,1.1449873529375587
7759,0.6156238739496545,1.8091711771490022
7760,0.9799396553530877,0.9210038632950006
7761,0.28348854500980425,1.3738187792018874
7762,0.3220154617606567,1.3804756568959329
7763,1.0511397132820857,1.6768612150084419
7764,0.7979566658194952,1.2655263110274
7765,0.6972197508431414,1.6318370052560036
7766,1.2864188607654652,1.7487165779107585
7767,0.5355026239104098,1.2548734745910979
7768,0.2754464278681193,1.5882146928901446
7769,0.663519882248603,1.226683285482237
7770,0.48045639469178064,1.530463033710029
7771,0.7906033584619829,1.338072910065832
7772,0.9245668451936936,1.1276231456022123
7773,1.350845072228676,1.6008429027459365
7774,0.6201792392675546,1.5155006872480108
7775,0.48557051228681153,1.4687139115060064
7776,0.4307730837257213,1.8340570290039968
7777,0.2012524446949665,1.0141690057540782
7778,0.3651588131431049,1.4730531494323476
7779,0.45981273272480144,1.4325933989158668
7780,0.24070683576015606,1.4037984258155491
7781,0.18525696894840088,1.0658674460751714
7782,1.3672769981998023,1.2508574063834526
7783,0.6014876391782176,1.561347607284601
7784,0.5909136534813783,0.8486046680578925
7785,0.570336500922843,1.5594483742356713
7786,0.2896121524656099,1.8227439846674176
7787,0.8766379752190412,1.25546687748575
7788,0.5551460035387248,1.798210045834635
7789,0.5286799823538935,1.2858203796498153
7790,0.4984955399922368,1.5855060277711681
7791,0.3470819713306053,1.120855434192223
7792,0.6876042647522721,1.2589758955955286
7793,0.4472599017911899,0.8109759308800979
7794,0.5747589775435358,1.4756503368026597
7795,0.35773760552626954,1.516200708172652
7796,0.8144847006262648,1.1983985216402657
7797,0.5344120569771514,1.2861583124984737
7798,0.7510418047167291,1.2917411860888046
7799,0.8114938220634785,1.6801369967996167
7800,0.44459385511127625,1.7747007519573554
7801,0.7003751847765269,1.0997989138030537
7802,0.33178927809803355,1.4271619603354115
7803,0.6549636769513877,0.926749395475224
7804,0.6147040904790428,1.4529111072394956
7805,0.41701721001745473,1.3889125535998412
7806,0.6209574085485566,1.364385010282846
7807,0.8188459908706126,1.6520842253640768
7808,0.30652097814284873,1.2824082160504169
7809,0.5390061029205993,1.288510202000908
7810,0.27322785702565366,1.508393241568496
7811,1.0197583888232606,1.784658832511455
7812,0.7787539863495966,1.691714954357238
7813,0.8156254645009811,1.3628153649940518
7814,0.4123376183909346,0.8578082882280216
7815,0.7563423171060778,1.7078105246045152
7816,0.051284034320468914,0.7394538111030629
7817,0.43579669916742403,1.5105169702952197
7818,0.3601153514900247,0.9517327435569647
7819,0.9058222313287012,1.2032312891783488
7820,0.14278580139338118,1.385037423582573
7821,0.5771291786407062,1.3123846185341006
7822,1.0869932023592728,1.2235572852984415
7823,1.1235100306309191,1.4929151110443528
7824,0.47591057326955793,0.8405285549728607
7825,0.5764991063108306,1.6926661333167534
7826,0.24888064651757794,1.5942200811379115
7827,0.30723212826517204,1.174467726252976
7828,0.4396811109303285,1.5511583310147754
7829,0.29841718606038903,1.1795698115886648
7830,0.68579747954347,1.2288011208791536
7831,0.4714206723352827,1.4962385558558657
7832,1.1319583561049875,1.5351196229311552
7833,0.5365767176098527,1.3457505593751486
7834,1.3024240192964376,1.4968280988004654
7835,0.4288944984238738,1.2050474508722993
7836,0.5847095552475177,1.3173168248974751
7837,0.6548700258130906,1.1872897600397834
7838,0.7672296709561718,1.3336324872286287
7839,0.3228515139919727,1.3297084811267492
7840,1.2479047314681735,1.738731160881597
7841,0.224998550672333,1.6151519356883197
7842,0.7225826557086009,0.9936296398954549
7843,0.3848880500506875,1.5109920806372308
7844,0.9047162184257127,1.3995927493539808
7845,0.5240841281982564,1.5755628340624983
7846,0.5468734662219409,0.7789374040049499
7847,0.7796730895223464,1.5097312623817125
7848,0.40010520300386293,0.8294359399200883
7849,0.6616680135361267,1.4082046484958661
7850,0.6423740291811606,0.5456668333132486
7851,0.52454077706676,1.561331201928213
7852,0.3867918040059758,1.6345784729441926
7853,0.2963686049362918,1.9384212260712659
7854,0.6988265391380084,1.5046986676612075
7855,0.5286161900727379,0.9690329104378528
7856,0.07644415530313858,1.5174890882278116
7857,0.5028651012133475,1.3016671083436373
7858,0.7099880134032837,1.322850425840877
7859,0.6373154394954552,0.755396886872369
7860,0.33242438050084666,1.5352502940979404
7861,0.7302215894678658,1.1846534001754505
7862,0.5722300544209713,1.4887413802073977
7863,0.33668677037596373,1.44007503221695
7864,0.6117223370029021,1.5202542723859327
7865,0.6778071174125132,1.2256256185423033
7866,0.5579608205181702,0.876019787424088
7867,0.6523741256953742,0.973562474524613
7868,0.35037677229124,1.477282012893906
7869,0.6165204429878479,1.4360738786501397
7870,0.4927559028227354,1.2046359441204495
7871,0.9417597449213974,0.8967147634133474
7872,0.4155695552521088,1.4386052154086437
7873,0.6678723423832432,1.1611339394266325
7874,0.7376059088081298,1.4491981562976095
7875,0.674571279900447,1.3944875382747028
7876,0.7619715176417468,1.5694560520900784
7877,0.40420682390181883,1.5127731613061859
7878,0.7082486342747631,1.7375070738952352
7879,1.0456892549587946,1.243054465675108
7880,0.43467000120522586,1.2330055030257283
7881,0.6164817867592716,1.2371162403636937
7882,0.46170108913194396,1.4644679697438683
7883,0.7682081480611904,1.0106923789824482
7884,1.0345077711832085,1.538306726738616
7885,0.6122562316965439,1.0617227131143703
7886,0.9943916319029509,1.565428825652383
7887,0.3705315781239851,1.485604464530471
7888,0.38884608288645295,1.510300741140284
7889,0.7358879846341594,1.5862464696924767
7890,0.826693377141295,1.894903604615447
7891,0.5363708372692362,1.7895667331632286
7892,0.7820531847597625,1.1582757010787923
7893,0.4653185220557767,1.54491682460467
7894,0.7677878945084793,1.5796406713742612
7895,0.21132604872349323,1.0989085014694309
7896,0.8344462686952067,1.1163223830054596
7897,1.0340007322917026,1.2366710058338595
7898,0.8507214308496638,1.5387019919729275
7899,0.6931213447674968,1.1228032031464903
7900,0.4485116201902659,1.1456236316329118
7901,0.5072695088890424,1.4713908443666137
7902,0.4142890170642162,1.629068831171784
7903,0.4274051666526674,0.8550049077871769
7904,0.7974187291178014,1.0705132048292822
7905,1.0923452894309054,1.6473163203984187
7906,0.5350164149555134,1.3516325278231824
7907,0.5402115384347158,1.4394038226226578
7908,0.1480952878140942,1.5591391907080052
7909,0.5112513803151271,1.0124022982728083
7910,0.7120244851447526,1.3505411051472214
7911,0.3610361352540024,0.8314844879177292
7912,0.8896546866678742,0.8147208361371472
7913,0.8311683061146083,1.231537942657103
7914,1.286169813545654,1.61413648967414
7915,0.45015960932164306,0.9661139698412669
7916,0.36477194934958823,1.1020258784322192
7917,0.8986280901864492,1.4842980074843077
7918,0.7823430790277452,1.276150707747742
7919,0.9728098024240232,1.203452670401302
7920,0.5772253592983166,1.3496881598913206
7921,0.7642364792690436,1.0262359477665086
7922,0.5412250640182905,1.168371290484406
7923,0.378406067814986,1.2037162708782176
7924,0.5511972287056145,1.614035520279609
7925,0.7827169227952124,1.3060616791041753
7926,0.49296469299713636,1.6234744915989334
7927,0.22072076472197388,1.057571479576564
7928,0.9150359254096178,1.3541847526167272
7929,0.9590526377604405,0.8826023611011282
7930,0.7658909669724873,1.2089253252163907
7931,0.82342397939385,1.3803520736694892
7932,0.44319545917820935,1.20400283367941
7933,0.7058350643811643,1.3892792960596614
7934,1.2207265544884442,1.5856010251782957
7935,0.7104190478041597,0.8635640720682414
7936,0.8847275753472966,1.6942747641608582
7937,0.432897181339536,1.6372376134447408
7938,1.1494838853409626,1.4657947222843033
7939,0.6331864398034441,1.4924682715466688
7940,0.3774128346487758,1.283070568469852
7941,0.7507519227971617,1.1330573035421243
7942,0.37168339108613,1.3444870777103493
7943,1.4094248974864108,1.6028306833676118
7944,0.4328263082940293,1.590553528175273
7945,0.7669438366268734,1.5939426152027647
7946,0.2442140448815008,1.3599303119729993
7947,0.5272796314399493,1.4341462199678725
7948,0.3330529661717077,1.3389153710376416
7949,1.4458379325850053,0.9115522986986615
7950,0.2848500953882857,0.9114382581722476
7951,0.40911315947341326,1.6726809511570915
7952,0.40838472158012734,1.4777863289004676
7953,0.25941573843288884,0.9605819922538761
7954,0.8362870135307221,0.6782111172661731
7955,0.6642484081318011,0.9706192635866528
7956,0.8277755249743248,1.5030257865187477
7957,1.163820146015274,1.298350843600516
7958,0.22546109244336224,1.4290217486853076
7959,0.6235835258765359,1.3286229435162173
7960,0.9891775474653105,1.042760479814893
7961,0.6896753542618902,1.4967993733354645
7962,0.2700853098537754,1.319357997775192
7963,0.3112175569118178,0.23951025930928282
7964,0.5418466722487313,1.1896987203375078
7965,0.2949954080715507,1.5041029857453387
7966,0.636641461444912,1.1418777860616496
7967,0.6852490126836612,1.3972153115866597
7968,0.9156511188813453,1.5895307049164038
7969,0.6342193099100238,1.8362643170778281
7970,0.39717638078110884,1.5993819792252044
7971,0.3823650207698375,1.1003192675535107
7972,0.5545201254154251,1.61432295407613
7973,1.015920750446734,0.8162653982211816
7974,0.3258333194751174,1.3406777532472258
7975,0.8561661552256685,1.5435400188874304
7976,1.0272129652420134,1.2929447607843234
7977,0.4599342034463216,1.3226096518388786
7978,0.4419675353423028,1.3801348885311806
7979,0.4368581062000516,1.2707177090277568
7980,0.48486882400930686,1.80347268873313
7981,0.6269866502467762,1.374596004818439
7982,0.31361168388210026,1.379086909543668
7983,0.8860547466804657,0.9798924239703815
7984,0.5385991892390526,1.5417782173545072
7985,1.1386226811730829,1.7464718179097147
7986,0.5707985620483721,1.5152435779483726
7987,0.29693234882331404,1.1269557405885529
7988,0.9482295318081555,1.8200457823628278
7989,1.0011350213329369,0.7560260023503729
7990,0.147235718593078,1.7234548718476774
7991,1.0377620279012538,1.2419433154562265
7992,0.20194094419624883,1.3041310653010134
7993,0.878186543676196,1.287442254872272
7994,0.3970482811970364,1.7414650568465708
7995,0.6003868492710464,1.810491869148838
7996,0.48726089113009935,1.3678469553504646
7997,1.048495357643725,1.6168762986428407
7998,0.41240274279433936,1.3976163988019707
7999,0.5232632217147603,1.1317526264265303
8000,0.6840387854851617,1.329121617778108
8001,0.36336472531630576,0.8788664701510323
8002,0.3689494055068876,1.102679003275843
8003,1.12880810183272,1.8046171459383515
8004,0.690712923917018,0.5606483952725194
8005,0.4068251330169111,1.132305918193443
8006,0.4124896123238097,1.7897545767172376
8007,0.9302327580373898,1.7568140036328308
8008,0.6745171912298469,1.4788797499004647
8009,0.4925618005483987,1.411639804318798
8010,0.9026771898965498,1.1295950913448045
8011,0.628307133713785,1.6490139504770653
8012,0.5570766321759522,1.0793388167022493
8013,0.3017633670762621,1.6168839891722757
8014,0.41758226242786545,1.2530600994343395
8015,0.37074588538161607,1.332816186810041
8016,1.022335391578239,1.231698783205994
8017,0.31920390684552674,1.5603126651446433
8018,0.4541659770653662,1.1030428129911563
8019,0.7226325963988321,1.6436247003129083
8020,0.9252124607896208,1.151902207580513
8021,0.3928593211404756,0.9885755718162297
8022,0.38586027310459187,1.3972749806342524
8023,0.7697606527939019,1.244723965188244
8024,0.701415994741845,1.2819112788799947
8025,0.4002940123338234,1.3039322295126918
8026,0.5756660034339738,1.0930787987924773
8027,0.6401868152715623,1.3927001417651472
8028,0.6710384305101682,1.090904070935515
8029,0.5514290348040918,1.7016126860719831
8030,0.6653247639108909,0.8644908916567096
8031,0.204960190902475,1.6617952521746944
8032,0.4474760465815626,1.5756742947495153
8033,0.6961088591440355,1.2533998539500917
8034,0.49774993829446584,1.1505097322491369
8035,0.2902934904907125,1.2829648885975025
8036,0.804883818673681,0.5989827515359984
8037,0.7174029058822339,1.164962748971604
8038,0.5791036466430706,1.2509893182514462
8039,0.5401727513356974,1.2066197214540386
8040,1.164721771215174,0.7734980524475532
8041,0.40455432464187935,1.2359469118931319
8042,0.17209915934679806,0.9862150373840946
8043,0.48902071737684294,1.3906575476745724
8044,0.988331599293458,1.7293684196956791
8045,0.9229952530439818,1.6586751869570044
8046,1.1012425825865122,1.5767672263856807
8047,0.6184228641576024,1.794158219439966
8048,0.3785131543419549,1.3274765979235228
8049,0.6823864201795854,1.272936251965882
8050,0.6787685937095851,1.4297997571805188
8051,0.8328786661151715,1.4393582981104442
8052,1.3518504123878603,0.8063733854517052
8053,0.4322352807176787,0.9729632362560954
8054,0.6446918489606205,1.1746556456842794
8055,0.44792447945344444,1.4619596921116802
8056,0.45932853866753764,1.5300349769933024
8057,1.0948255860612404,1.4635087284095811
8058,0.8386689406362284,1.260024049572701
8059,0.578491346104492,1.4009212627093324
8060,0.7974280067187298,1.35600631011866
8061,0.8908390856697557,1.190493945712313
8062,0.6020419095832602,0.9372100672527561
8063,0.42978878943528853,1.3989159326472551
8064,0.7745623904387737,0.8419929663406798
8065,0.743213477419015,1.1707681862400587
8066,0.7829042839110201,0.9363939895100977
8067,1.298114235943039,1.6587720019190026
8068,1.1580077850195758,1.2153577174103487
8069,0.5609230792071426,1.2509975767592163
8070,0.6425717813076923,1.6467546707910272
8071,1.2087791405047212,1.4307774329316327
8072,0.4352958786868304,1.4316572914206875
8073,0.48037007876165483,1.4610863734446942
8074,0.7325700856867237,1.1257768144432263
8075,1.0497937343286592,1.2054919141934783
8076,1.1675212509698791,1.1288298311034117
8077,0.4841533590147185,1.3210307192100594
8078,0.5795683896049018,1.1631137619276786
8079,0.43852296907986377,1.460573099127517
8080,0.4309732396729076,1.1872086948526204
8081,0.11747434631707024,1.9332063745987302
8082,0.6056524354548265,0.7305329228731028
8083,0.945461393487101,1.125614125916643
8084,0.4189383803171101,1.679788345531966
8085,0.8582952677309637,0.46046866924225127
8086,0.8654436361650216,1.6258711677425997
8087,0.25489180456638494,1.5296272020118356
8088,0.4166369188672972,1.6062619517504073
8089,0.37375895531494785,1.6616851389177758
8090,0.6263044094331907,1.170457223957449
8091,0.6026592813215945,1.1675214265184888
8092,0.7132990440484797,1.497770905870424
8093,0.8939908018330972,1.2118358865837715
8094,0.8139949951092099,1.3688682524206168
8095,0.5642443379345479,1.641731367216121
8096,0.6761069659937717,1.5864336191941601
8097,0.5058200381262099,1.66190366862838
8098,0.7746357784058009,1.409169397973647
8099,1.0008411926212326,1.6483173911873048
8100,0.3871967052108576,1.1320964171199164
8101,0.7378253698651456,1.336803057412336
8102,1.481792426314931,1.120132905814634
8103,0.5547697778675975,0.8018006933662785
8104,0.7148999857011212,1.5835901166461908
8105,0.4575852687608789,1.453850795965098
8106,0.8531308746976335,1.112703824867955
8107,0.45956862503999235,1.4358820319974994
8108,1.242071834743002,0.9244381959660519
8109,0.6324715981227723,1.5842724972912121
8110,1.0241639859067442,1.1608975963410881
8111,1.1398894010797724,0.8041685388166511
8112,0.5922635395546514,1.0021107447616804
8113,0.4584923232284417,1.3849904624438785
8114,0.6999323270069162,1.286507415242991
8115,0.8472061969587067,1.0175434962767156
8116,0.5072533337194016,1.1329775636271813
8117,0.5997345099545836,1.306649930011376
8118,0.7080543978525509,1.2919818523129432
8119,0.9467477725115567,1.0484823136275294
8120,1.0689215924136743,1.2703065503991626
8121,0.61185177633905,1.525111557581712
8122,1.1282079967894343,1.3018933828347272
8123,0.9824266187806783,1.017561045623114
8124,0.9061358109663171,1.5767130879833613
8125,0.8603765675898493,1.647968124026032
8126,0.4808683646691182,1.5847949094326992
8127,0.6072497989192077,0.9781667397718754
8128,1.0966515329304691,1.2090922166954157
8129,0.9313284590835172,1.501004577621666
8130,1.0627365385306402,1.447675685956923
8131,0.47718376704509274,1.3581606342094887
8132,0.5923743160062324,1.4558440799246912
8133,0.5420392473475102,1.2585537271013414
8134,0.32755781425374586,0.7947744403683021
8135,0.5340307684764983,1.0530794239682626
8136,0.49278793322952774,0.7124906538529803
8137,0.9039046918154471,1.3772887910018659
8138,0.33547635015999294,1.071410531254529
8139,0.4999580197507194,1.5499997063119437
8140,0.42544432251530245,1.4140190777776556
8141,0.3411265887603099,1.1990796802530934
8142,0.4046860408566803,1.2712676410675516
8143,0.4104752061511127,1.525023581722974
8144,0.5534750649030575,1.3867090337091978
8145,0.17725169264781668,1.6286292060665941
8146,0.5915335350744766,1.3672474961632874
8147,1.2250567146847833,1.2702003651350693
8148,0.335081767788834,1.3780639315089713
8149,0.6683914784794678,1.1497388158080368
8150,0.6500993069213288,1.111030458291135
8151,0.6406780632166881,1.3426273583959527
8152,0.5373143205885844,1.3767117322574514
8153,0.6964917304353971,1.8160713630735468
8154,0.6861697407068238,1.7259025283420681
8155,0.9000013040368349,1.4783700897626486
8156,0.7016249591762463,1.0261523427182477
8157,1.127073838546123,1.262026592055701
8158,0.7367665097869512,1.2985399963142816
8159,0.7514320160138618,1.630298302329171
8160,0.30335361531890054,1.5418224653002681
8161,0.5784502067022042,1.5130014617044365
8162,1.1785661229622117,1.7121488039548012
8163,0.6610953416839602,1.335617260854753
8164,0.8820046731484056,1.1803775109469123
8165,0.6025200241193116,1.4000500436414858
8166,1.3584839464844187,1.0361715184787443
8167,1.0178434617996703,1.4001540870196512
8168,0.8427518122489227,1.1431179046288444
8169,0.38852423346132264,1.2700472101448461
8170,0.7656139385906111,1.3667698027863435
8171,0.9476214615513786,1.514633854415226
8172,0.8535187264285922,1.4028853904487684
8173,0.6091888099660071,1.371200115394001
8174,0.31573658838926344,1.6670510274230084
8175,1.1984406865781214,1.8337345862201513
8176,0.4983313515333861,1.282657165053724
8177,0.5068827894659204,0.9239796485442533
8178,1.0839344724851898,1.5169985368734462
8179,0.5647357132082547,1.0098140916262803
8180,0.8917248709303802,1.3017083596352577
8181,0.4621588560893678,0.9996374910277297
8182,0.6213334830187129,1.6857079354518363
8183,0.4386606436922644,1.7776420567565285
8184,0.7240807957963872,1.3105142575120226
8185,0.5653840432267894,1.7921451347805544
8186,0.9468992097149501,1.4460119917137035
8187,0.6999898713674882,1.6112639622312936
8188,0.3934511261040302,1.0620839488487162
8189,0.3503331582554598,1.6374424418481517
8190,0.40382505925597456,1.5477889305262176
8191,0.47982206556959456,1.2457477659839196
8192,0.6704936959675474,1.6205904977735677
8193,0.14831423254061338,1.6535526089159038
8194,0.7785839264366324,1.1137536519403024
8195,1.0276706166528842,1.240232075575634
8196,0.836351906521843,1.0780363349499043
8197,0.806940652950069,1.583911657938757
8198,0.7508967762872968,1.091570648928071
8199,1.0408513558859909,1.4619664175188476
8200,0.657412026330741,1.7227526295374633
8201,1.0726843138023419,1.456668930173851
8202,0.42804524315851855,1.1063795225951218
8203,0.7594551957653585,1.0177349083840754
8204,0.46555882377588476,1.858317145585397
8205,1.2237765954258446,1.0809910343402351
8206,0.2763330933616773,1.1182342579466666
8207,0.7863130390006253,1.6757752580869654
8208,0.2420422166179347,1.6691202499752
8209,0.8446528484313056,1.4770451595050522
8210,0.3791568793560632,1.5947330559691195
8211,0.9756390881191028,1.6085699061114276
8212,0.8282301535704111,1.7326749522459948
8213,0.6613676994608151,0.8723307371427811
8214,0.6311118317576634,1.6737916068442869
8215,0.7301909388960467,1.5267869421925035
8216,0.4966721786678739,1.5198176102948557
8217,0.23583536304922606,1.433571278497856
8218,0.8279286793257459,1.2388717351174514
8219,1.3575822994936124,1.0349234400470384
8220,0.09796318052338508,1.2437168413020256
8221,0.21036760837387053,1.1637767377832766
8222,0.9732613949860549,1.4960226370120049
8223,0.49788130992550406,1.4034199071897135
8224,0.7053372193469931,1.1955407277516215
8225,0.8904696613070349,1.2280885991288177
8226,0.5749888661093796,1.3137428034157987
8227,0.6852915830831061,1.3406282286171485
8228,0.6092192388014233,1.147340908851825
8229,0.08738920942181884,1.8253297402809487
8230,0.8473942631278737,1.4247212400316323
8231,0.5215247400676916,1.0591178521220008
8232,0.7015261911577302,1.686344104672484
8233,0.813646051805329,1.8049313663063975
8234,0.4277309945084094,1.72779673431907
8235,0.8818793639389699,1.6236716913458893
8236,0.585764743973779,1.3442777392130698
8237,0.6458077391975627,1.339068602429117
8238,0.5840439480577984,0.6401298059162608
8239,0.3850498546090278,1.140396039199099
8240,0.39772479002326844,1.6837933605671314
8241,0.8119384014225336,0.48117574370926053
8242,0.775061936545999,1.8244320770084586
8243,0.8356047053804821,1.247163988233458
8244,0.8873446525084274,1.1063240215746744
8245,0.7871851457257228,1.561280712425091
8246,0.8421842771793084,1.5162690010400057
8247,0.41417632687183664,1.5322001834026393
8248,0.9668322321658259,0.884167796315315
8249,0.6132795847411869,1.8297522556993262
8250,0.6915444870070198,1.5778913675100408
8251,0.6694867148034346,1.5011447092902872
8252,0.8585582020162237,1.1524975146135858
8253,0.480576560988249,1.2915667621352647
8254,0.253056653033675,1.1794188780773345
8255,0.6826048013967939,1.4186477001618245
8256,0.6987801862582115,0.8690930540352528
8257,0.5498083720390341,1.201894781451426
8258,0.5992440792718373,0.9512176567982058
8259,0.22604421118160828,1.6865648842727832
8260,0.4763377619977369,1.1551611816185545
8261,0.8928360606022328,1.6460924272313044
8262,1.1653542575783409,1.3514407037980831
8263,0.547161262424207,1.4629616619595112
8264,0.9220947638761654,1.549680144548422
8265,0.49632427838984683,1.4099846003689902
8266,0.3527911621384947,1.2713049479090346
8267,0.8620268178241093,1.467000469962553
8268,0.9311460015790833,1.3535480460072231
8269,0.29923379196365135,1.5035748467225312
8270,0.7589662797067057,1.1738391991736923
8271,1.3273570644671369,1.3096633070510662
8272,0.38186076011556824,1.387531704695816
8273,0.6783846170743643,1.4689322618931264
8274,0.4926192811243944,1.4904630727421222
8275,0.4524799772947119,1.1513466854208798
8276,0.09159607740447472,1.3674041263751846
8277,0.6115052474412908,1.4415514061854244
8278,0.40842906491054043,1.1842137014596537
8279,0.33745061229977535,1.3286104999193453
8280,0.5746035142448722,1.8526850208249306
8281,0.24466373977270117,1.3680773813523044
8282,0.5558683544972168,0.7375341221612819
8283,0.8073714671461509,1.4275716199331847
8284,0.22159208041132916,0.6366269044050805
8285,0.17005866655377863,1.5559896761960847
8286,0.4664423728661415,0.8535939839247548
8287,0.264618874144646,1.6241668273896288
8288,1.1221720727925741,1.735996343547594
8289,0.4997877262966222,1.8437262393127252
8290,1.1041679265361626,1.3083126509368024
8291,0.5968808405766799,1.3273138934260618
8292,0.5291786346639545,1.1796971392828821
8293,0.9389844852372142,1.6744966312424252
8294,1.1579576968903158,1.0730932722272088
8295,0.8416534672941275,1.6272915259735279
8296,0.5647872762871755,1.3375446881346913
8297,0.35899188547326893,1.7483423467077281
8298,0.5316335429262543,1.0956272719493052
8299,0.6762695228161762,1.3825672611601973
8300,0.7176404731767404,1.3667597663142599
8301,0.7436007063300315,1.1199238076067508
8302,0.9661471678702265,1.3837582122562293
8303,0.642437340530942,1.1026876092100812
8304,0.7838387050649508,0.5361731263585201
8305,0.14554293527026743,1.6055364269627703
8306,0.6623881499402557,1.2598119557127339
8307,0.29382192274023633,0.4059139184409841
8308,0.8380440473871815,0.9609687466331611
8309,0.6475384491243124,1.3182474900512886
8310,0.9756052258504901,1.8210714691473457
8311,0.8993676921680921,0.7924858742392558
8312,1.1362914834487703,0.616760519381145
8313,0.8165534967898007,0.789589519141185
8314,0.48591411498807835,1.5290350219121245
8315,0.6044215007964375,0.8246733806868203
8316,0.40011509713517923,1.2957784571332163
8317,1.2560142767004034,1.3333136894241369
8318,0.29999696782732477,1.597412403009876
8319,0.589761722660388,1.2017845904722715
8320,1.0715108734835435,1.2286451495681372
8321,0.15345239223548057,1.3092003011611313
8322,0.4700068422422693,1.2703275336552595
8323,0.8718701858613642,1.8057065223995263
8324,0.9548217308742373,0.7585650014011587
8325,0.7504183662276399,0.6591312351822662
8326,0.27173606807778594,1.3758927195909874
8327,0.7532669024652017,1.3993193839439164
8328,0.5147827803919146,1.7745199282917337
8329,0.6240798530607197,1.5294319983972495
8330,0.3672139837597478,0.9304950064032345
8331,0.5809638656270201,1.1936521896445873
8332,1.289442476547361,1.6288171012632247
8333,0.8762162265538257,1.0959365192033457
8334,0.5184088905235731,1.4487312486679973
8335,0.6009596757411677,1.4753964082408242
8336,0.5753929538687876,1.5640564394617602
8337,0.3626690714723255,1.4499444372610975
8338,0.8215458098727699,1.3710803845330508
8339,0.7569353435669486,1.6730879043080094
8340,0.4663068028392017,1.1165043234552383
8341,0.3976071485774126,1.2668224955664322
8342,1.0771384736894658,1.5303076997892606
8343,0.8271763984037712,1.723173863389254
8344,0.34332455550102137,1.6633664557776286
8345,1.0586699646325857,1.3499208470816433
8346,0.3271372168211011,1.665412183835353
8347,0.7183031074531447,1.4948123451604913
8348,0.1910035126975366,0.5482759367676946
8349,1.316477740308991,1.3547034647524714
8350,0.5568073310832102,1.6054492709301753
8351,0.6882365764381108,1.1388357903455675
8352,0.4344921287804958,1.8021846656225584
8353,1.184847096795203,1.610529182918331
8354,1.0896801124509132,1.253442715291527
8355,0.2259677416027211,1.0340811001759784
8356,0.7840099895316374,1.0888151478424462
8357,0.21705834468506982,1.4317372670224078
8358,0.8393684664578334,1.387341489375229
8359,0.7751991327199437,1.3325484517359651
8360,0.7680089174035801,1.445727191856499
8361,0.6854290205427714,1.483749455758279
8362,0.8123285940218677,1.2397388616477834
8363,0.24371090618973928,1.1701566509120083
8364,0.9305584524681741,1.5666570381199694
8365,0.7929341242656724,0.7920495918081998
8366,0.8078852151948842,1.5061037275043263
8367,0.47065922750908484,1.6585229446280747
8368,0.6322559659327655,1.0874894651025766
8369,0.3681830589962059,0.8513273429396446
8370,0.43237887594950497,1.5597793569710652
8371,0.9021820956223934,1.4340512642392529
8372,1.3630431406099532,1.6102337157955373
8373,0.8224560242429488,1.317228974192005
8374,1.0273483608231533,0.7606967019972313
8375,0.6411949044213413,1.0942173863211422
8376,0.8514914429736828,1.3617796268788922
8377,0.43045740637080837,0.860559587607933
8378,0.5065435014791211,0.9415827929102292
8379,0.9703545639862932,1.624935840224078
8380,0.48873634702067426,1.5417464660809355
8381,0.5541693279357506,1.488001456344869
8382,0.9796752131421509,1.807410794929625
8383,0.5190994645724667,1.0226588951252957
8384,0.6500523170046622,1.6652402233967303
8385,0.9571311841548482,1.5066832304629392
8386,0.5452939719420151,0.970554392544628
8387,0.6963463080983188,0.7911107981830274
8388,0.5615925656266871,0.9510369435490094
8389,0.25905389161892883,1.553981163168183
8390,0.49283730791812735,1.4069822876759859
8391,0.4118745119135072,1.818636747102192
8392,0.291207308453199,1.4603941699030996
8393,0.6971549881672755,1.8568567446386226
8394,0.6891831746429833,1.7026830011861076
8395,1.2011739930439755,1.4056893660980707
8396,0.3871347563389226,1.723582771389276
8397,0.5037513577525803,1.6443511714252474
8398,0.9931028169504075,1.7578708299002392
8399,0.8188989981748214,1.118647553055374
8400,0.2987051023833571,1.198454530857866
8401,0.3492401194752965,0.8304462448037555
8402,0.8688114818865217,1.0977441732842337
8403,0.7428290494221244,1.2210608475009728
8404,0.6524488635180118,1.2096463795897248
8405,0.4948488009545796,1.4492402746407909
8406,0.836671412563163,1.4931251242435386
8407,0.6738085938773236,1.4847087823735143
8408,0.6042016979139687,1.174004674116726
8409,0.9146251821955926,0.4147182848302975
8410,1.021344493165498,1.8228879683120989
8411,0.6533151285667006,1.1919653522590057
8412,0.5139993523126418,1.5543912987380173
8413,0.7816727484518861,0.9736172636994187
8414,0.3455826300984323,1.5642320147414273
8415,1.045907667036453,1.7160832370651944
8416,0.27501897928198676,1.5342390472630623
8417,0.4702083004084325,1.7687040374450034
8418,0.6496825690952845,1.1042523865235383
8419,0.9038709438152398,1.2578372787100427
8420,0.6884408611512287,1.4862923179661653
8421,0.3745636230669079,1.1239494498956197
8422,0.27712550791930785,1.883116450593182
8423,0.4326944124327538,1.4242444929627565
8424,0.5760913673016345,1.8389555484758158
8425,0.4969258088949232,1.3168852738813281
8426,1.0157877313194752,1.448977934567952
8427,0.5366111690728076,1.594568825746884
8428,0.5011249244249985,1.3935031292773497
8429,1.1381120296824285,1.3351927087837958
8430,0.5543852789998047,1.255318060183527
8431,0.6854795014843473,1.587580447118638
8432,0.551581410453856,1.0852113921388722
8433,0.3062799035510241,1.0092166020446585
8434,0.6835114325795817,1.3818467930452378
8435,0.19844684299170157,1.3954488987047338
8436,1.267388660880721,1.1624465665584782
8437,0.5823584775658754,1.690779591054693
8438,0.4766057002893857,0.46684236296568327
8439,0.7520371324668839,1.2742657833634077
8440,0.45673463561816663,1.1180827398896416
8441,0.6611560151111127,1.4882383879838297
8442,0.6151660385536386,1.4210299918176057
8443,0.522763064557752,1.135446759750259
8444,0.628955538043543,1.6794391172294987
8445,0.36486512307542945,1.5813732535027674
8446,0.23599246617169187,1.299774722865596
8447,0.556758018647142,1.4114672332045228
8448,0.2655624303744377,1.4688704148030425
8449,0.6944563450195018,1.172185866070294
8450,0.8370386601227418,1.59834818869617
8451,0.49014145508865153,1.5380310574088003
8452,1.1668003370035978,1.3046403631053192
8453,0.5502844044962877,1.445051429078859
8454,0.5855394254932045,1.2976241270001878
8455,0.20199441786397845,1.2529790999352677
8456,0.5597796794563012,1.2560990814967674
8457,0.5768098292713051,1.7649074137268939
8458,1.0925372421858952,1.213863784243887
8459,0.5340073262819154,1.2172694976445437
8460,0.7677477156788829,0.9162130160419488
8461,0.742886625396277,1.3630388996464669
8462,0.7534920150861024,1.106090301643972
8463,0.2701770388768415,1.8092612535258612
8464,0.5808668197248762,1.2704139290750964
8465,1.3447979186211407,1.5775596224158046
8466,1.0198021526620977,1.545588537743413
8467,0.8734402576879929,1.2964834376691756
8468,0.8111830289369182,1.1577292629810998
8469,0.7818152166566934,1.696165623241375
8470,1.0788403055845095,1.8590676918745503
8471,0.5578226979526207,1.774941619587544
8472,0.46739978727954457,1.0073059428679594
8473,0.7230071757335755,0.8255370480848669
8474,0.8948751291884521,1.7251218398824237
8475,0.6362846988443523,1.3251895914779626
8476,0.6777453834685214,1.20789245062891
8477,0.6042685023269415,1.2688274714542649
8478,0.519622297452921,1.4525487047891716
8479,0.525689867525101,1.1043658304862862
8480,0.6417288663171438,1.10672933932123
8481,1.1410333321565795,1.2754531940184433
8482,0.6462090681363005,1.428113247127061
8483,0.2500242347894734,0.9001100831999946
8484,0.3159119682267634,1.4681678282381219
8485,0.4435984312101076,1.1345663672244535
8486,0.9454377363464836,1.247670630847233
8487,0.776241041635038,1.6357385404500562
8488,1.1361457265577717,1.2659491856670306
8489,0.6406849227368557,1.5236721630649814
8490,0.5792176605341519,1.2571396500381378
8491,0.6984731305949033,1.3745176344835373
8492,1.090411208835852,0.34413852949095447
8493,0.8786573907094277,1.5505092879883007
8494,0.24486639469284144,1.2554990042645722
8495,0.30212067001758125,1.8510035466657861
8496,0.5871466623911462,1.2492809122928434
8497,0.3756972101208895,1.2719507263197518
8498,0.5458076772201084,1.376422630088407
8499,0.9793144245638079,1.5406022710423952
8500,0.5877975206835457,0.915319637635785
8501,0.5915624412380515,1.5065596885020214
8502,0.5300278520009023,1.152239908278498
8503,0.6789677601154416,1.341403151802921
8504,0.7489898507261549,1.4911196669857953
8505,0.4088662050027126,1.4218582342471773
8506,0.6735433514167668,1.087029231284595
8507,0.8996014440515444,0.7972954147165474
8508,0.44726826421544746,1.499942214047155
8509,0.8588894236778147,1.5980401151927965
8510,0.7775734522308368,1.2573673519477455
8511,0.7884037564672199,1.6500415418777234
8512,0.7789709183143065,0.8236285358161577
8513,0.9554827588786527,1.1522346090095752
8514,1.0780620976192896,1.7092802995098566
8515,0.8715918234211407,1.2944582246839949
8516,0.5362783892991075,1.4881823084452384
8517,1.0652841136305082,1.3758239801100478
8518,0.3686594457760969,1.7442353639397608
8519,0.6952983621278052,1.421851694217727
8520,0.795050023374254,1.8256058057265825
8521,0.335877992383594,1.3629485554238734
8522,0.5565286116115188,1.2199655761293986
8523,0.7040385236781027,1.4880523661833256
8524,0.5138682545898449,1.3992283381024244
8525,0.4874525781690146,0.9748804410684222
8526,0.9068687233507242,1.8788135733614861
8527,0.6003686858065647,1.7899800991775845
8528,0.16154706711640063,1.4069564853954688
8529,0.8137625563509823,1.9000621800680597
8530,0.6327799664209911,1.102548839243817
8531,0.9723014461126677,1.1168267040490867
8532,0.5588594609671743,1.472362229610542
8533,0.5443714399858589,0.9354381376799039
8534,1.0982946447652484,1.6599058745910609
8535,0.4764826865444752,1.2911909015132177
8536,0.7208833472143377,1.347944096644988
8537,0.6778789544875989,1.1244441208997082
8538,0.990647591197017,1.2623677873222396
8539,0.5445052191042467,1.540458589947663
8540,0.6895257751959752,1.4181188474161042
8541,0.7281168413332669,1.3852005766001225
8542,0.4425692486313977,1.2540873009139908
8543,0.6934415351292131,1.1156757258767929
8544,0.36388359403917664,1.5866180035382251
8545,1.0180603384281375,1.6960145930352613
8546,0.8257998141412705,1.1268383408390057
8547,0.17926023016956738,0.8307159735179994
8548,0.9635426623899609,1.2873863395315175
8549,0.7553028737952995,1.2033475576085069
8550,0.19725531725771084,1.6197070473326642
8551,1.0578675765060108,1.07702140645792
8552,0.8178550920387389,0.8905401778117481
8553,0.7640859766964087,1.0424972681818825
8554,0.6126254615040915,1.4249192105434119
8555,0.41204320550332163,1.2154170152903183
8556,1.0008801828382092,0.9901137256779886
8557,0.8390620857083388,1.5665837053130696
8558,0.6303450360916047,1.4855528159095233
8559,0.7843459824256165,1.4845000370674781
8560,0.8611971360451954,1.5129756667573904
8561,0.790692552712826,1.136955260368652
8562,0.534636662385646,1.1119886845281242
8563,0.3369609486748071,1.1439845686806263
8564,0.5736846560462576,1.0051936324750654
8565,0.4237732517113139,1.2168007909371186
8566,0.5501326799117754,1.539377640598858
8567,0.9065564841811429,1.4990893851092708
8568,0.2128680529781983,1.8275098302945039
8569,0.5324384760437376,1.2859602073318115
8570,0.9656989936529509,1.329611314374379
8571,0.5388079429491079,1.0408670446002337
8572,0.9096118885012197,1.7776401709214396
8573,0.5832207193162063,1.4898932138814978
8574,1.1770717489385407,1.380447153747907
8575,0.6934222324213793,1.2285524829362122
8576,1.0042377431162806,0.7987186052031343
8577,0.5526982466238014,1.5166917910404312
8578,0.6146121235934714,1.2804731402062095
8579,0.7926967637801373,1.215897544761829
8580,0.27307757510253694,1.4686270815466447
8581,0.4672416168975415,1.577036149069401
8582,0.46399173150103007,0.9868876793990988
8583,1.1972033288696409,1.5516929051159898
8584,0.36386215676648753,1.6638618103928997
8585,0.7010000799043458,1.4890647208560228
8586,0.7409598541043774,1.3224655513025358
8587,0.8250678802062327,1.0560895509249972
8588,0.753787742638889,1.238267637327037
8589,0.4048438088492927,1.046052436981439
8590,0.4772034140395736,1.9449738266145253
8591,0.6691937878133787,1.278652628962357
8592,0.6066624478679987,1.2456717438831855
8593,0.19091866717933229,1.5420946109756486
8594,0.5744044324382065,1.623324416947164
8595,0.31772580267764045,1.0934697539604885
8596,0.8980647815717285,1.6998174946250049
8597,0.9407429049517839,1.4377648705590147
8598,0.2797674942625443,0.961689489494802
8599,0.5504237632238917,1.3241063087138176
8600,0.6477379590745582,1.190154260090039
8601,0.33895716830839134,1.7849211917437293
8602,0.5337955095049152,1.3621518460416455
8603,0.6428508735797098,1.215489031224401
8604,0.800736031810908,1.368221243298691
8605,0.6477962679666381,1.3484578902785358
8606,0.26719536644914205,1.7463553078800773
8607,0.8952468973426875,1.7170544227508446
8608,0.9269141189133394,1.0581063852135708
8609,0.6437385645698805,1.137140635379659
8610,0.5965677321277537,1.120824644902859
8611,0.45768320129052575,1.5221293181727311
8612,0.2645179633927782,1.0049336134386595
8613,0.542425118706009,0.894880768436346
8614,1.2211104135641557,1.412879873205131
8615,0.4108993624264798,1.3890440386116762
8616,0.940916530394421,0.523352165024223
8617,0.11435839563991881,1.8219499386474851
8618,0.5570353096550867,1.2811182855104115
8619,0.6246445096010225,1.2401915133677464
8620,0.5192314818174113,1.2124131165770615
8621,1.2005756212946441,1.0236657075261721
8622,0.6598403835613733,1.342011417097932
8623,0.7674504714421447,1.7118293881022524
8624,0.7082065363903091,1.2235934898010212
8625,0.8110920912572386,1.543764514909779
8626,0.13671959009398565,0.9230381921835884
8627,0.6725992591157475,1.3803202487835204
8628,0.3956872571345342,1.4460791258253853
8629,0.5975577063907055,1.1009570160732918
8630,0.8480400313856818,1.4283591818542247
8631,0.7749038756375874,1.8659192857690898
8632,0.9665346617776673,1.201367393794389
8633,0.5665797519581263,0.9709533605175802
8634,0.8052753527794314,1.746971972202282
8635,0.20467601326435184,1.3043393352538124
8636,0.8198684105939715,1.5537822878134357
8637,0.555007151399751,1.273821504416682
8638,0.362215447915077,1.7394199749805073
8639,0.6046975241533126,1.2321331350185172
8640,0.5774783229839409,1.2981286958155605
8641,0.4005822250297111,1.0971878940337798
8642,0.8517272637227158,1.6039002639426023
8643,0.9927525824590051,1.4403437637149556
8644,0.5525637525218204,1.216926691212241
8645,0.6112708872039662,0.8541712527754881
8646,1.1188573156431143,0.9935542831083282
8647,0.18870503574653755,1.1701374339157629
8648,0.4349327088622874,1.3444336503684573
8649,0.4669086744780887,1.4595272616799873
8650,0.43225523029038243,0.6682760028188861
8651,0.6987156691182991,1.240077400882715
8652,0.42708308971343484,1.4655327595104348
8653,0.34914743085264305,1.217990007478156
8654,0.6642381022584665,1.5211752766634739
8655,0.6714546666144134,1.401295629507314
8656,0.6933383543382897,0.9817270868786849
8657,0.7592745732014605,1.3693126945346346
8658,0.6897510165159008,1.4909159276987696
8659,0.8331532756852364,1.2220263903424693
8660,0.893765973315217,1.1513228916354148
8661,1.0000021985501215,1.505297691176715
8662,0.3089944297058388,1.0972530315866873
8663,0.9254036562445365,0.7825063783345028
8664,0.24200446895542024,0.863410179319217
8665,0.6504046175620337,1.2772961536065441
8666,0.6518153476501237,0.6718294150031325
8667,0.6782763360134487,1.006118562557373
8668,0.7345278434186094,1.0826745000991096
8669,0.963368158296794,0.8667307603183163
8670,0.6023980093650031,1.1513691432045352
8671,0.5571707612886865,1.1825972025258702
8672,1.3154154021681201,1.6541235106131449
8673,0.6980925326120807,1.7517246656047019
8674,0.48573171411516175,1.5253946009154404
8675,0.5641766193427675,0.8188576506895702
8676,0.23541078578202826,1.5592595464637826
8677,0.8323968746259905,1.0633326925288173
8678,0.28274065527656556,1.541169704806806
8679,0.8565171474599439,1.5917497835883938
8680,0.45025945535577916,1.4121893477864997
8681,0.6566775822395766,0.6015243321640784
8682,0.7817899571641345,1.6118350708410798
8683,0.5708245627216799,0.8139895134776713
8684,0.8277707667899082,1.3205851417710899
8685,0.25640900709663544,1.2865072367525943
8686,0.6031691922090238,0.9516883929308209
8687,1.2270293060774426,1.463974281210551
8688,0.34419218862106965,1.373246115168735
8689,1.156497232257838,1.49489388045217
8690,0.7884618728352503,1.2609904701832537
8691,0.5751002898707617,0.9675663057174613
8692,0.5932890239048498,1.2104977149735563
8693,0.3014067680230037,0.882705868749506
8694,0.42394476522495067,1.4553896670722035
8695,0.4258464334226744,1.2114934018536
8696,0.8276927648790511,1.0087226833917058
8697,0.31232788709413456,1.2306153550053036
8698,0.7726142387034337,1.4082086788305412
8699,1.2106204941623884,1.5538371444375871
8700,0.49754636436136246,1.5818569303485006
8701,0.2912606629549843,1.000043766594524
8702,1.036667815755854,1.1598170335440872
8703,0.8259514224632662,1.4579878404606788
8704,0.5443093394017722,1.4974362620366257
8705,0.25026074436313267,1.145901127801456
8706,0.6646072967728468,1.0187019909715205
8707,1.1755053384360425,1.0865545900703208
8708,0.6827939042584313,1.571069776204307
8709,0.5232541886379936,1.301312613420279
8710,0.8758838870648497,1.5473070552295487
8711,0.28521414854838006,0.9987303621511174
8712,1.0009981731467192,1.8250887306433494
8713,0.7143216878465699,1.3046575156224787
8714,0.8039407890963528,1.1980502216708069
8715,0.7820827981432187,0.7026812713515924
8716,0.8438604040643592,1.4558168536913727
8717,0.7263684638036909,1.72872542261666
8718,1.1358298206210853,1.1071026626701572
8719,0.4383552619370513,1.1961313914259009
8720,0.48247658619304135,1.0991569692373795
8721,0.527924349872673,1.260971290401998
8722,0.5782228670032974,1.411376879326615
8723,1.07331001752551,1.2317657125751094
8724,1.1010372085964426,1.4086541196630324
8725,0.42630023508218096,0.9289340324995923
8726,0.6702901457658171,1.1094577523826372
8727,0.67386259496917,1.5507471387694434
8728,0.8360172702997618,1.6893259983886555
8729,0.3115574162270764,1.156715160726237
8730,0.3056352724922392,0.7277405729052167
8731,0.15462224846172176,1.1318622450213016
8732,0.6723973313839945,1.6018609212603383
8733,0.6026460234311226,1.6486075583016602
8734,0.8088383080223198,0.9287351490454874
8735,0.6654628236800801,1.4656695733272893
8736,0.725224712660765,1.3544242532119717
8737,0.5301205713474585,1.3201377993262868
8738,0.40882641651878354,1.1525802081295795
8739,0.4690018696104402,1.537504316232862
8740,0.5200561517326368,1.2271136142594667
8741,0.5935221181419372,1.6053116716131632
8742,0.3495610245146893,0.9942363403672725
8743,0.10314520518443392,1.3679017448518036
8744,0.5617755878908064,1.3498049899647406
8745,0.47651537212720224,1.8985632403425237
8746,0.5910475450805677,1.710000790690862
8747,0.9992440186797986,1.0940946295561105
8748,0.7914659624602411,1.6404910032395479
8749,0.2138840025946062,1.0829559108597708
8750,0.8485241042663944,1.5464861324295287
8751,0.7231507941886611,1.8108217841592305
8752,0.737611847279702,1.5267465506198081
8753,0.20424055094479615,1.1666464078494667
8754,0.9685944332404605,1.5266045120853353
8755,0.5241068090130261,1.2392870924169554
8756,0.5190052593485079,1.312619596952492
8757,0.39826484509847054,1.3973608538718065
8758,0.6570331608378379,1.377669693784945
8759,0.6157992361078334,1.1217081346061746
8760,0.9333853753214088,1.4018622904424394
8761,0.8730914241952907,0.9852523194967997
8762,0.5411458576581082,1.404368873976623
8763,0.3563783738487559,0.7686590494843681
8764,1.000379138994226,1.0400563524771862
8765,0.43602056008999296,1.3420628332923779
8766,0.2801844198209427,0.9469106032451724
8767,0.3868012081554766,1.3393406131129058
8768,0.7939043714440787,1.623781666142384
8769,0.3165466920777803,1.7804135976381807
8770,0.5718121252518736,1.1948343243537298
8771,0.2912385599418316,1.5277256795901741
8772,0.7140627240302719,1.5732591774435347
8773,0.317351627358711,0.5857155064766943
8774,0.5490766521497702,1.5962582399736527
8775,1.4196183035784067,0.8716498736058114
8776,0.445552684923366,1.0880193907474593
8777,0.8902548478927478,1.6161684168374788
8778,0.6263432529251854,1.3080265193116059
8779,0.7057994913575659,1.323608755887062
8780,0.6887999236675981,1.6383838103154806
8781,1.3445174195407528,0.7689587492960479
8782,0.6571557665390063,1.557108928962307
8783,0.6246611151292383,1.0223877355759123
8784,0.5671442484922588,0.9939751364414358
8785,0.3582420832951361,0.9692786691978164
8786,0.41587291379287883,1.0339539053336015
8787,0.6485992545016439,1.6056851210101852
8788,0.6937485988754859,1.161279301357602
8789,0.5352051794204853,1.0695915583214755
8790,0.052796750967667866,1.8862527521304358
8791,0.7762830472590736,1.4783646542659707
8792,0.7824485820673313,1.24250126124757
8793,0.31567471511200457,1.3617497922809672
8794,0.903569583421374,1.114319626181119
8795,0.2811040830910867,1.8156447480270843
8796,0.958620142488921,0.8641190606884743
8797,0.6776051081662973,0.9139362853293611
8798,1.0118933441470759,1.6370784778716894
8799,0.7430586704266284,0.9959177254203626
8800,0.9499603026272513,1.6710825241737421
8801,0.6012725585322909,1.5147241705809675
8802,0.3691687505757275,1.6676526037080963
8803,0.3639879595276004,0.7910747503492508
8804,0.920319778269926,1.5472740607005708
8805,1.1938870747294885,1.8358084015113707
8806,0.8917613939652002,0.5378048163595641
8807,0.6655919621861844,1.6586013143193723
8808,0.9014931521231021,1.6895510950515893
8809,0.37763964960582164,1.3377369448070207
8810,0.99461227852814,1.5653512446702251
8811,1.0429876631228898,1.030356278750616
8812,0.4613044441641554,1.383173919183526
8813,1.0282474866052775,1.6315408044099309
8814,0.7242187505673826,1.3860954342926703
8815,0.7896668411035442,1.5872008853317658
8816,0.40493559363775833,1.4802176999620658
8817,0.393871455973555,1.2556164308448927
8818,0.893471814280224,1.3326187422960616
8819,0.851293746304873,1.451383571465133
8820,0.9406595361330338,1.473309820768718
8821,0.48672887819489147,1.0989267538101528
8822,0.7215997240903086,1.323991191929749
8823,1.4786623583618839,0.9776472791006878
8824,0.5522455801552615,1.378993235094101
8825,1.0298132555058104,1.295384765115957
8826,0.6462919193799173,1.591393358911345
8827,0.9158425914976873,1.5208316670181061
8828,0.35767723789045375,1.524185542391697
8829,0.6260939535423525,1.3914886596815084
8830,1.2323081229231954,1.5638140291392724
8831,0.8111447018113555,1.5682392046133833
8832,1.0321485798044234,1.5247786509356611
8833,1.204688153639969,1.152735627471666
8834,0.8171839667301544,1.3871160090685826
8835,1.3355178539310495,1.1193823917284522
8836,0.46834012113789225,1.3943015237693261
8837,0.737034679787361,1.1966572218934544
8838,0.3320045217058799,1.6501588572079335
8839,0.7702169678459564,1.6511417719549875
8840,0.8496979377458033,0.9183639188928097
8841,0.3196083175626518,1.6332804304873147
8842,0.7777831383579692,1.2064439838290126
8843,0.8951260274436426,1.6287508073400117
8844,0.16188804004900914,0.7323553214623026
8845,0.4536011683652957,1.452052902593209
8846,0.3820646595855635,1.795637405054528
8847,1.1316325957598017,1.7079311247565818
8848,1.0388973541060613,0.8200444839254393
8849,0.18854578571842853,1.065236301477173
8850,1.0388184461234657,1.1749808459272049
8851,0.3791911644972329,1.4162926328442278
8852,1.0840530991055486,1.5156149622730568
8853,0.4108038026860353,1.723141281042475
8854,0.5454015825286277,1.2253827632050673
8855,0.5133698280398381,1.226640057185716
8856,0.6473197984108353,1.29399721334648
8857,0.7810953477221332,1.1668578297307062
8858,0.7614248518031839,1.5439655238683572
8859,0.9146262640309212,1.7886153163173304
8860,0.7342195051513964,1.5342029947657458
8861,0.5459462249811452,1.3802584339738648
8862,0.7681640183592593,1.576808132978438
8863,0.7672222804633448,1.11511045625671
8864,0.684533262222568,1.4103379090773878
8865,0.5896007354625681,1.172740850467661
8866,0.8370716428269841,1.0900828022342322
8867,1.186239929093322,1.7501097532062448
8868,0.4079521973562415,1.4000600294483534
8869,0.7997902652012742,1.5386426709232197
8870,0.655885359844057,1.444603810092163
8871,0.2987286698600329,1.5452424210803726
8872,0.9820176222870545,1.2052347084712538
8873,0.2170071241580708,1.1952966864603773
8874,0.632177309272223,1.5590208412134205
8875,0.6317608298917311,1.027806486426558
8876,0.6524955234810029,1.600466090889086
8877,0.8729189183688937,1.3373155735881102
8878,0.3353494477325432,1.2826310640151046
8879,0.8705525011663385,1.0340226550276574
8880,0.8119775270261269,1.146341769660923
8881,0.380095243307445,0.6318879771093391
8882,0.7910786090575314,1.4276489880346848
8883,0.2942287688476801,1.8636442848838604
8884,0.7486054780195857,1.309057581683105
8885,0.934266407293264,1.186577443876465
8886,0.8520621642978046,1.436349802428386
8887,0.46831099708292717,1.499987408080351
8888,0.8243162179705025,1.1099694563790785
8889,0.36272611041805125,1.7209594453677974
8890,0.28836186878204134,1.4902120216673156
8891,0.5258621624107308,1.0772369271890887
8892,0.7253310848731752,1.4899893857435558
8893,0.8456414081397473,1.3292202139022309
8894,0.6120989722989475,1.515601416000165
8895,0.709181836488891,1.2165817125278935
8896,0.3713068117348418,1.6352075605080572
8897,0.6530297774419778,1.421545515867603
8898,0.6710100449271065,0.8878341582040106
8899,0.5229509265468687,1.4101008581793237
8900,0.21297423526797674,1.564792476987021
8901,0.579857686705923,1.4813470065770327
8902,1.40795892421507,1.27250390874394
8903,0.6068792984943197,1.6118948343129351
8904,0.28147748526792793,1.6003986203940188
8905,0.44862241441427697,1.5268150762226091
8906,0.6958789075180837,1.563889525666897
8907,0.5727674572079811,1.152359922868981
8908,1.229195733332231,0.9953122377853316
8909,0.5374847533330109,1.7633431832494784
8910,0.7072213546179391,1.3084726757492686
8911,0.35278384899393195,1.6165697160199106
8912,0.6070011003103633,1.6650101205732626
8913,0.4351494508972161,1.3425755719278882
8914,0.9240173653592949,0.8436146070568
8915,0.7385411478910306,1.3514723521309517
8916,0.8467770699810659,1.3645014433767706
8917,0.5930655167041349,1.5712625023107032
8918,0.8210329603774018,1.17515158383931
8919,0.6302962401867793,1.4634236438803345
8920,0.7594790798534586,1.322293976263416
8921,0.7078101817967157,1.7607231835591597
8922,0.6087372481579111,1.5953331781634172
8923,1.2723159574414598,1.7065941705935594
8924,1.016026564663195,0.5332283506771787
8925,0.2920468812555613,1.26276758079061
8926,0.4232265239063581,1.1576488403246685
8927,1.6636874556264267,1.5697779545532229
8928,0.6201959778251558,1.1038737364538775
8929,0.3831003174077629,1.2664799462699055
8930,0.9114815779762407,1.6020201572105957
8931,0.36818688637157515,1.019911863942439
8932,0.5679832796655363,1.2144606904557234
8933,0.9070105093367545,0.8590864847108457
8934,0.9294888515319766,0.922125437920402
8935,0.5677651065191444,1.5121567469520756
8936,0.4684675681062117,1.1967104939415294
8937,0.9897709499302604,1.01796478277366
8938,0.4377727558602718,1.155914195269209
8939,0.5346232956812417,1.4738104181946396
8940,0.18565574690045578,1.0918742845794138
8941,1.001352021780771,1.4629178800506257
8942,1.3565024146627789,1.1185461265363936
8943,1.1876492197835933,1.3520451435413083
8944,0.8303178591683562,1.3227263970832595
8945,0.796377279364634,1.5737857208535848
8946,0.8931185843248889,1.012107150158981
8947,0.6992316135180108,1.4402194457120734
8948,0.8586715779582655,1.7239733338463328
8949,0.5069746287307142,1.6410586362804978
8950,0.4596250790878344,1.4425897126570595
8951,0.6812643438984929,1.7171609752739778
8952,1.246034367062331,1.3354957226965025
8953,0.8164061470366832,1.7600196723615604
8954,0.8047370419247378,0.8101728449105572
8955,0.8381476650654559,1.4763859587106234
8956,0.412224029793473,1.1199267672010778
8957,0.7576212981398587,1.618340866812918
8958,0.43952667072100493,1.4658740575831903
8959,1.018277993437828,1.3192262619844832
8960,0.6927344139765332,1.4196215113967838
8961,0.7007416542394883,1.6711399055960683
8962,0.8211912855376866,1.6469853230017208
8963,1.068596848188781,1.650087337009802
8964,0.37090219316126205,1.4945023509496382
8965,0.5783358804827757,1.3625413376292501
8966,0.23041751456966775,1.5729146230302686
8967,0.6048812555091004,1.6274225581370816
8968,0.7000874435532303,1.6363991058044993
8969,0.7298969307020304,1.182454016233673
8970,0.9609206633468943,1.589335149934326
8971,0.5150574834752764,1.1320931786730093
8972,0.7225630813646066,1.4638810081337787
8973,0.6063619999323389,1.2266761354659512
8974,0.330396605358011,1.343748061199657
8975,0.4398753840144982,0.8700631527656466
8976,0.5444942805194843,1.2348867936133048
8977,0.3669563853257494,1.061166912779456
8978,0.6153068430015687,1.0061211254217588
8979,0.6383823482290331,1.4541972370054004
8980,0.8466609070687275,1.424808845733603
8981,0.9701036672204215,1.2158718758200302
8982,0.6735879416733227,1.190572572426333
8983,0.8232060034919653,1.2051139992244841
8984,0.4189795206486811,1.151328345035009
8985,0.4285265347124362,1.2273266448010791
8986,0.6009269251426196,1.7111105540712148
8987,0.5541982602382959,1.6185698773856867
8988,0.550401949096707,1.8246477887041643
8989,0.5429756042471741,1.5655585851877194
8990,0.3676717397510584,1.4514121333577044
8991,0.5743364937404866,1.5440082555916699
8992,0.7580310836669902,1.092101073209065
8993,0.46077616772151336,1.236325887281204
8994,1.0934331263491595,1.3245354109380028
8995,0.6712874735564579,0.9141046058363957
8996,0.4348318132955709,1.2104504229551853
8997,0.5694242190081347,1.5683485256891165
8998,0.4074237110808659,1.4922740912810752
8999,0.6167164608899948,1.3462190881187355
9000,0.38304166032682085,1.2424963435969472
9001,0.8041021162824223,1.8836161387603312
9002,0.32939259773459134,1.1615731110741825
9003,0.3581027219393927,1.5807779363825016
9004,1.0732113747729168,1.6489717346005548
9005,0.36466858841089345,1.407201814119969
9006,0.5045794601961713,1.4146538078543114
9007,0.11871868222826419,1.3715862786252337
9008,0.651836684615215,1.09464737144569
9009,1.1598810210397528,1.7283882250668605
9010,0.6716991931647669,1.1724826402733954
9011,0.7441538908309135,1.108030939680122
9012,0.7833944755178399,1.2929761631243548
9013,0.8829783068164139,1.2321992031873066
9014,1.071272743205244,0.8507007511346036
9015,0.6772805603400801,1.158456352465321
9016,1.1225836524736996,1.464844535037888
9017,0.8865727130502344,1.3202161193108481
9018,0.28293477305511244,1.4738925749682767
9019,0.48816267918672623,1.1937966222426557
9020,1.2981528102399238,1.0982068022298703
9021,0.4815064332379041,1.4861013839524086
9022,1.2422648269958727,1.548845686178339
9023,0.6833980757957656,1.4395286381487278
9024,0.2826526548533056,1.475513606768551
9025,0.3691148722473636,1.2230368570020032
9026,0.5918714507570281,1.546335931937949
9027,0.23185455925642517,1.5137475677874614
9028,0.5612649136358334,1.536268136766307
9029,0.21423043640241862,1.1150437847617614
9030,0.6552214464037912,1.7616243772108335
9031,0.6787670415986219,1.205771184171702
9032,0.6631731299592758,1.6860928736127667
9033,0.5636530546264839,1.3449960893500514
9034,0.7487243570424246,1.4886672370425047
9035,0.6175681875502864,1.0340556699701908
9036,0.9885408123993654,1.0486040623360402
9037,0.3142329836484894,0.9488189832208489
9038,0.8788070056528581,1.0935881866500576
9039,0.7235184205246462,1.8207851584343842
9040,0.5920544292357051,1.5255085017873886
9041,0.6062967129391456,1.6015886452756427
9042,0.15811107697941307,0.9827831107870844
9043,0.4538944654142807,1.629884356635812
9044,0.7831695031975237,1.0878413388909838
9045,0.575139118863872,1.2142946060750242
9046,0.904132926518238,1.2896006296161777
9047,0.6577433804153554,1.3713121358729006
9048,0.19788200353236618,1.6042919410751568
9049,0.5679918598140116,1.4681515692222353
9050,0.47442382619347145,1.2690840834014816
9051,0.6107014149930117,0.5669256590308489
9052,0.17512965963638275,1.5889421995823063
9053,1.2156991360657117,1.377810767749212
9054,0.4232206031341979,1.6012499756873808
9055,1.0741558629234556,1.6874177890116293
9056,0.8007993363583807,0.7357186461594234
9057,0.5426245221636445,1.8222995323198075
9058,0.9131662759337079,1.4066609384753126
9059,0.5924883887103983,0.4097179612824664
9060,0.5434868351378865,1.4870853025763662
9061,0.9022109809719201,1.160099489036438
9062,0.6092703206351451,1.1057099734896445
9063,0.6591350176683747,1.8425863512553518
9064,0.732675373681197,1.7133900754423967
9065,0.3549498228873296,1.7085140036394229
9066,0.5336322961110384,0.5970946124135834
9067,0.7352693941805619,1.7516913119275694
9068,0.14310996168341897,1.6188133744396278
9069,0.4749939043154241,1.0985699171717092
9070,0.5754500768858799,1.3147828463561735
9071,0.6788774489189074,0.9291116548132625
9072,1.0883497633001802,1.2206499010409153
9073,0.44871186322975143,1.3053204573642303
9074,0.4885793961315605,1.1391010114345115
9075,0.6606468563213646,1.659880913142191
9076,0.6418251268254654,1.5946822144695403
9077,0.33606914314063757,1.3972271198366026
9078,0.4233946509994229,1.4074464226311245
9079,0.212472717702716,0.9791583335534455
9080,0.7769062754435642,0.9211145491397199
9081,0.9337322676229797,1.590842372621788
9082,0.5701438428687097,1.5357195871194007
9083,1.1321888534025475,0.8401823057749529
9084,0.3750778227093771,1.596699409124949
9085,0.21427928450142325,0.88005862457518
9086,1.0497550196506447,0.8663872222572087
9087,1.2667126636269903,1.117034106112321
9088,0.6570182528050875,1.4839808871811961
9089,1.303904482953725,1.6056222824674105
9090,0.8463185390851263,1.8307724796038276
9091,1.2044026460904362,1.034122702464392
9092,0.48257090843828115,1.5013142669595596
9093,0.9191861426400747,1.7047225655246376
9094,0.4471386338166493,1.1743987025156122
9095,0.2891627044141013,1.5982103029414576
9096,0.5998645009960702,1.2569773706155054
9097,1.0900475254562103,0.9215477070154858
9098,0.23620860286998469,1.3572284603753753
9099,0.4219637490719325,1.0010152886102652
9100,0.8223775312546001,1.5529099446696373
9101,0.5700060489781229,1.282086865705974
9102,0.6659888583643541,0.889083396568839
9103,0.7198079988805502,1.6957363088341246
9104,0.584298427580386,1.8241789886937851
9105,1.164431566037137,1.6360312556276129
9106,0.6350360439373038,1.4210264394689265
9107,1.0886612364433634,0.7919354819218745
9108,0.6215512468594518,1.2973723413697695
9109,1.3251532235680679,1.6921815286815656
9110,0.1509699551662081,0.8411599580764024
9111,0.2984966827216579,0.8855265934860237
9112,0.5799195368405743,1.594811395013493
9113,0.22565566529727385,1.7085668372096459
9114,0.8353266452894216,1.2398866065567766
9115,0.3578943848051856,1.029231721256778
9116,0.3981421602651923,1.6286383135902307
9117,0.8508235201064202,1.3087048408138084
9118,0.8570718246097118,1.0407397496081066
9119,0.24367346437523058,1.4844718678601865
9120,0.5578176151125527,1.6089188642377783
9121,0.6633242985869047,1.5492055563409606
9122,0.3746131609062845,1.1458978048800037
9123,0.68804820980755,1.4655592324720121
9124,0.8184315520040816,1.3002315716945931
9125,0.663761328697991,0.9626457704893452
9126,0.888499966352831,1.4195752127354933
9127,0.6676064120410812,1.1499725590157146
9128,0.9071403603305417,1.415340178559564
9129,0.37855063806088296,1.3076183777603125
9130,0.8938865919876844,1.3578996474858633
9131,0.5655565359515233,1.2612604364921176
9132,0.7780798372912484,1.4498965933894794
9133,0.5684376917176629,1.4961452979362804
9134,0.7380463832199307,1.6043076900313562
9135,0.8161235178883905,1.278274059681693
9136,0.765392847045833,1.3662871256227396
9137,0.3102019986124856,1.3205208426225643
9138,0.6259190674219771,1.3184177944989026
9139,0.5501635612833337,1.3793223538007195
9140,0.27333722705746777,1.6182535359605956
9141,0.8456719247922562,1.2205368355395025
9142,0.856989579771259,1.1284666303563773
9143,0.5155316753533183,1.2410196938382971
9144,0.8190906575421057,1.429261264227609
9145,0.4820683954792837,1.5054946599100534
9146,0.31700123311003636,1.671199836615863
9147,0.24020027378292363,1.5975119273097516
9148,0.3966282719866916,1.1390228412001178
9149,0.4692326322049526,1.002991354713566
9150,0.48985655721624866,1.290363965828788
9151,0.795851447981232,1.3190879795469048
9152,0.7231150760833849,1.5501224090121541
9153,0.6733974763036541,1.8421185622878968
9154,0.30627172120497315,1.3729114184020794
9155,0.5026033125168373,1.5452766582936923
9156,0.6322841659069254,1.278004637961535
9157,1.0438584158923037,1.6794630366235515
9158,0.9052619630642158,1.4877201869313674
9159,0.45524078535897705,0.8200392569987942
9160,0.8983379882584503,1.1522665300718944
9161,0.533618836483708,1.6826679991719427
9162,0.32841937608882527,1.791304829629104
9163,0.93947783230375,1.3662588679618355
9164,0.5471330867099178,1.0738456609677616
9165,0.7699052371557441,1.7496430256242117
9166,0.7429860690978146,1.1628210973231106
9167,0.571002003400075,1.1133308483231494
9168,0.6687440693382483,1.8752045079079638
9169,0.4027035455663539,1.0225606671476197
9170,0.9621588388681895,1.4780380631144996
9171,0.684973472093568,1.574304479640925
9172,0.5891128288516256,1.2917620506235923
9173,0.9142485601745753,1.2040595472880236
9174,0.5619083572957563,1.8251205795282186
9175,0.3249896056915885,1.770494099474786
9176,0.46908108148335986,1.7794715546371564
9177,0.7600835469568873,0.8165964759532496
9178,0.2874763296314456,1.5375886382130273
9179,0.8646572208996884,1.679408428364734
9180,0.24928191173835834,0.7318029315821459
9181,1.006439384678634,1.2479192359653588
9182,0.8195320968256309,1.4271117822679864
9183,0.2584924549707247,1.7458477671292207
9184,0.3227765494372542,1.328315705840271
9185,1.262879848173653,1.2852051161658586
9186,0.777863075578505,1.6736295502975813
9187,0.5315508709653601,1.2887896343125482
9188,0.605489906972164,1.451223614372188
9189,0.46545666292919236,0.6152596851148904
9190,0.6418527674508663,1.6714600783027584
9191,0.38324794069876894,1.7481416932970153
9192,0.6494510961637256,0.9347684280521222
9193,0.1810598837246345,1.8466962625718661
9194,0.7825581222995,1.6523831024219897
9195,0.6082572734452301,1.584797295586166
9196,0.6099700296092034,1.3369842552811395
9197,0.12285501730651806,1.532588601900028
9198,0.5648972929116987,1.8666240275661763
9199,0.7109258224699708,1.5635830718347938
9200,0.32470084593312354,1.580338771032455
9201,0.6791826568003904,1.3005248453145808
9202,0.6170614443066367,1.3202391604006825
9203,0.8716129358146292,1.7189492198256264
9204,0.7494933080052124,1.0427224271069049
9205,0.6747205283782001,1.525492039378224
9206,0.3847893458938461,1.405841239066926
9207,0.4317984895499793,1.4250274838940857
9208,0.8671932381191939,1.244554713968611
9209,0.9118690982475463,1.248142418111204
9210,1.0368964215691168,1.0826939287367865
9211,0.4419377315763324,1.476217564111273
9212,0.582888213882549,1.363538083922763
9213,0.9952432955074996,1.6255978243147835
9214,1.5917940787341456,1.4626444141907546
9215,0.29219954643084184,1.6059645345901459
9216,0.7865257324581273,1.226172189039128
9217,0.9921228235790734,1.3100526925667668
9218,0.7776775916784219,1.609731649028104
9219,0.5667318888463737,0.6679062407354004
9220,0.9477032281793195,0.8004354546662347
9221,0.38715323222673204,1.4920069932186089
9222,0.847119134121154,1.0872958862000544
9223,0.8660481939439291,1.5253605064548652
9224,1.1174228693899784,1.2552427846145675
9225,0.7499207933739355,1.2862100864042978
9226,0.5587689008907475,0.593989049202738
9227,0.5965372105923751,1.511716584563422
9228,0.545879759020805,1.5152017344359319
9229,1.2100853525225566,1.0656014930747524
9230,0.8253198211875504,1.5228070096084585
9231,0.7424083089018793,1.8030323789978737
9232,0.3048239796389544,1.3356570746768814
9233,0.3781657324226283,1.1879217957778985
9234,0.5356397853099376,1.0288814982734351
9235,0.5329047604615791,0.9524688401236854
9236,0.10912404573988607,1.8339508957068644
9237,0.7279187087064123,1.2877417764824814
9238,1.0731736894172443,1.7295262350726328
9239,0.27004086115055315,0.9311138410345132
9240,1.0698418473722566,1.2191870225056576
9241,0.8566547300777434,1.42512453439804
9242,0.9597822043054595,1.582612840245951
9243,0.8162422488128039,1.4760101190031956
9244,0.8718872385754518,0.6287431968075279
9245,0.9631254687515297,1.6201466022321238
9246,0.8017813874637,1.039698961567987
9247,0.505706493412335,0.9018196727064507
9248,0.5310138950267163,1.7672776981920475
9249,0.45384274751598597,1.1284009738277674
9250,0.5476139012727037,1.2100396700269087
9251,1.2986536528072734,1.1595954972171165
9252,0.33825220296454156,1.2102405033892165
9253,0.6952641372391912,1.2379562716004777
9254,0.5351407292826548,1.3135234796717628
9255,0.6727858011088979,1.6137383352486576
9256,0.46652846159540745,1.1475834887608136
9257,0.5679366884210506,0.8588861331283533
9258,0.5298371597089544,1.6007637189747905
9259,0.48569516172263716,1.680358774290566
9260,1.0478777526219623,1.6027773302984782
9261,1.0186076372495858,1.547090757786377
9262,0.32436440912849884,1.574182214926157
9263,0.6202543348054612,1.50439245615174
9264,1.2814762603150904,1.1398954578751488
9265,0.3865860167637443,1.6012874003455118
9266,0.3297027390498588,0.8569787541164033
9267,0.45410398454976386,1.0467624638287432
9268,1.0583490535583784,1.620143773301129
9269,0.7695601941274189,1.3016601737889806
9270,0.3121044251772408,1.5041176141887183
9271,0.507200291373486,1.6031597329160543
9272,0.563477476990696,1.5084965718921692
9273,1.1265608725763663,1.324516078980483
9274,0.4721957001191921,1.1577997889115923
9275,0.2773807585998233,1.3887284569096503
9276,1.3193568245848124,0.9740327974294916
9277,0.5184891779269196,1.1276749671672484
9278,0.5576557399358139,1.1330970718369866
9279,0.6833174125871211,1.54338642077209
9280,0.7701374090154405,1.335844884242607
9281,0.9880474312749572,1.3815099580835701
9282,0.5364732643118404,1.413042781680779
9283,0.8602299224382356,1.2784510197455865
9284,0.1610559865465451,0.49540074237013654
9285,1.0073351426054278,1.248929047019895
9286,0.9003744499694077,1.3464845848846143
9287,0.7548783749535777,1.2828064555545067
9288,0.45856554939486877,1.6117379661480038
9289,0.4047582213327126,1.3439032763132945
9290,0.8310457574718887,1.1180498357262798
9291,0.47908849824160493,1.1576068618444273
9292,0.7929785189176128,1.6422571814154638
9293,0.3988119546861059,1.9335290644680434
9294,0.36073131141913223,1.1588157053699537
9295,0.7335401368946604,1.021811557674693
9296,0.19185871461026927,0.9374902069371553
9297,0.9347955615395679,1.12600540180626
9298,0.5392985018387665,1.4573416327530535
9299,0.41482669010872053,1.590518724138498
9300,0.7086729166149641,1.0732292057510133
9301,0.5128732232618952,1.2043014166899482
9302,0.9909412416310541,1.3388941429294885
9303,0.33704851764834287,1.3616537710351757
9304,0.07832059009217082,1.0912936282332573
9305,0.5615243778340555,1.4284960087685716
9306,0.9258600982564249,1.2939917847749416
9307,0.373888560699278,1.6296745796773378
9308,0.5378957125605148,0.9201634106299821
9309,0.9032898591439037,1.716511252676716
9310,0.47007751587908286,1.377093102846935
9311,0.4278144615727806,1.6076250509906902
9312,0.42520909077355773,1.4457410179208081
9313,0.6970755474579572,1.1629898385590072
9314,0.3308528941352723,1.0917838983803039
9315,0.4151725722953988,1.5726995354674198
9316,1.0396159475574276,1.1879913897504442
9317,0.40275658152348504,1.7019728120628592
9318,0.8543963413585728,1.2058959892007926
9319,0.38952794818846226,1.2742812839988145
9320,1.2337339802492775,1.5180384617793976
9321,0.7436939397218102,1.5887561716880125
9322,0.21619012410574512,1.5231558387181565
9323,0.45043561294607787,1.278671058331597
9324,0.5420706125518548,1.515760558350648
9325,1.043079335341031,1.2317700371656375
9326,0.6741141288956403,1.230641169434283
9327,0.6317175216678718,1.626932809165605
9328,0.9356971843968661,1.1645083086577914
9329,1.2097623826518935,1.1594062117499464
9330,0.4861903253390994,1.247819065476476
9331,0.6742537412554537,1.5872225590184303
9332,0.537066925731576,0.6295683878589347
9333,0.45890971578087203,1.4593037216196847
9334,0.4944489263058149,1.3574131066803987
9335,0.6513274857332777,1.4574676646429459
9336,0.9154237122317668,1.6556914924400494
9337,0.8179593455651235,1.4690768677978554
9338,0.4904666972224435,1.2086583962713051
9339,0.35180933555654087,1.5256869997595657
9340,0.7974476300821388,1.5750187748354083
9341,1.1039017083529532,0.8765761155532772
9342,0.638423007205967,1.6872019563561915
9343,0.7032135915311722,1.53126295798423
9344,0.494541493880785,1.4466862009921535
9345,0.39589617935132965,1.528101381887467
9346,0.6660306379194767,0.5332219609526134
9347,0.5479998885591905,1.3090617853895559
9348,0.9623035460437152,1.492837100490548
9349,0.6328880912027106,1.6875047641591525
9350,0.3380606807117841,1.4091980839683478
9351,0.5122314154919348,1.200936762665941
9352,1.246744649304336,1.239976288809761
9353,0.3572759278976351,1.3414695174846791
9354,0.4090031100292,1.1729793578928391
9355,0.6417453346613905,1.5031182802281293
9356,0.8181996832701949,1.3141115046732068
9357,0.4670302640509009,1.2161600513012907
9358,0.1959745960805197,1.5440813903908068
9359,0.26102814009703956,1.208917121364271
9360,0.7811082951816744,1.5705861478945544
9361,0.9260211626447772,1.33858827340591
9362,0.45866207484987426,1.4965924667667807
9363,1.0524044734462243,1.6389274898182127
9364,0.7742473338992154,1.0487999283174274
9365,0.9780936493335692,1.5663901121686767
9366,0.7686839908769633,1.5762386371768744
9367,0.8724515699792369,1.8708895525493576
9368,0.693462919119946,0.9301659121595711
9369,0.7339449327594801,0.910222923299999
9370,0.2931813489982487,1.4568278925650406
9371,1.0158149855363725,1.2976925972393671
9372,0.8681293114667169,1.428561433520726
9373,0.7174891034131413,1.5927221513597067
9374,0.3932130497037131,1.863746368467643
9375,1.0613505021127676,1.7227085322364646
9376,0.33824506516442043,0.8463223645404112
9377,0.7406464537648857,0.606829415384285
9378,0.9946798617034378,1.4270594783865045
9379,1.0051415619168225,1.2512731727519388
9380,0.4938520243644061,1.7303839154634406
9381,0.5475666070439202,1.0698984196090642
9382,0.484937093372299,1.5625704961313809
9383,0.8297447494751796,1.8706454844846743
9384,0.5080917108697571,1.4348496794105219
9385,0.8603108391117067,1.6875449614058224
9386,1.5433227364158049,1.281163683436188
9387,0.2679400444740665,1.5528402508780426
9388,0.45777421210383096,0.8604101569120783
9389,0.5624185120603113,1.316950008491993
9390,0.4811514338198618,1.6385627160073584
9391,0.6447779381153841,1.4573166664481128
9392,0.5689985306228551,1.1946974550271556
9393,0.7707094702665066,0.5426775503450454
9394,0.20399074923807872,1.4455732123771337
9395,0.6559717007509516,1.3639078596055945
9396,0.6072620585723186,1.474133633692757
9397,0.43334832299123044,1.373429846132391
9398,0.632855264948088,1.2530720945931755
9399,0.9470239939301006,1.1079721456506584
9400,1.0841221469057556,1.5480347533652359
9401,0.3038000253643731,1.4839671760979702
9402,0.20566230687448264,1.5572280169459023
9403,0.5586759712694015,1.6200401408541782
9404,0.7850252342206658,1.4225418835395471
9405,1.0625465148030842,1.1272033010542886
9406,0.390905602343852,1.4336765775533125
9407,0.28789093874618843,1.739561970514956
9408,0.5910710678114414,1.363602058343798
9409,0.6466669812574195,1.634861407874021
9410,0.7827513718208687,0.8295936141308735
9411,0.3549655963517984,1.417189517024676
9412,0.942826828022582,1.7044617768052115
9413,0.6845894908403487,1.4919776739977304
9414,0.5769166586210707,1.473696510848257
9415,0.22636541376503794,0.7015829365339366
9416,0.3688269060720556,1.0447190084904223
9417,0.5174768755818454,1.6633060169063596
9418,0.9541806425968598,1.015505393574462
9419,0.8355782642924028,1.3006833137460367
9420,0.9073236417164033,1.6468236841670651
9421,0.4577344401841962,1.497740627506712
9422,0.23070422100543495,1.024603688847865
9423,0.6738374322125782,1.582544834814843
9424,0.5225384889963727,1.119606275218361
9425,0.5923794993389951,1.4719817778468924
9426,0.2452513355821296,0.7669051089708296
9427,0.3439518845202482,1.5220584484649335
9428,0.8712882869862776,1.6663439265536357
9429,1.138561770651763,1.364218189279447
9430,1.1970604907898135,1.8249146404433805
9431,1.2384760298196973,1.4833944849122196
9432,0.7311021501708002,1.0490339303798424
9433,0.3845322675336292,1.6151415683551265
9434,0.7673977682281496,1.3591200140832624
9435,0.5792219842401143,1.4509310418959807
9436,0.23131137877987235,1.8284093359236921
9437,1.0573052446460056,1.1452855015942756
9438,0.5077825622011811,0.9649575492013436
9439,0.66063419302804,1.109387194620425
9440,0.6725697565731005,0.9650756183653244
9441,0.4964393438408389,1.251247994625352
9442,0.3413590200004945,1.3374462099550657
9443,0.6114858021945818,1.5715666046890702
9444,1.0007635289840522,1.3538901406870716
9445,0.8098365872116571,1.6996239409213914
9446,0.8176287148219233,0.9379143954305791
9447,0.7190971216534072,1.060934287612601
9448,0.6191799956845012,1.7251965945725236
9449,0.4977635273994904,1.7841941835990278
9450,0.6854829950761215,1.5907672224400633
9451,1.2235286570086397,1.1051875015253667
9452,0.5575718170341739,1.3507687127246832
9453,0.8082713268343737,1.583523977247284
9454,0.7375935201338923,1.6048256538089964
9455,0.3570516019984489,1.6186916900372215
9456,1.123273191356105,1.0715255121438032
9457,0.8830384572083366,1.4430585050262965
9458,0.5343753325323223,1.5585055698974846
9459,0.818810150049794,0.9933457181935439
9460,0.44917596738938786,1.3370030348876947
9461,0.6782475763814924,1.6376161055806246
9462,0.8645772723799997,0.9321665710828868
9463,1.0825112326684356,1.0456588575587191
9464,0.6070177951136901,1.0744628239944691
9465,0.6250936685512347,1.033834837510133
9466,1.077338952374109,1.2911689245791322
9467,0.9547644755042854,1.1316659696584588
9468,0.9312622415330031,1.165901585584421
9469,0.9225602830802995,1.3895872659492259
9470,0.4829221108235211,1.0907934163221777
9471,0.9268853393571094,0.7326596593369992
9472,0.6089318394284954,1.4231425379046023
9473,0.8066049521495813,1.4140978229457621
9474,0.5239250669420215,1.8460409159228206
9475,0.5795283624597118,1.0767359406296304
9476,0.9528040855783004,1.5507694244417838
9477,0.5139660205626638,1.343775164535759
9478,0.3543189125435865,1.0902903747335375
9479,0.2316037491518377,1.4110232198998265
9480,0.4159514550211444,1.66995352035568
9481,0.2872419704360251,1.2380385657259008
9482,0.9334353451558179,1.7815120496286527
9483,1.1250354336156767,1.115075303865756
9484,0.504259890792127,0.7685603542742341
9485,0.31222607110474687,1.6990609479998804
9486,1.0096486015168211,1.6974797678333193
9487,0.8046554788024448,1.6038398525904578
9488,0.6174073960510328,1.6531624184196407
9489,0.4980727894916716,1.5969131388644597
9490,0.38674454453885326,1.655266280583175
9491,0.48974115692547815,0.9307977203752416
9492,0.5300308508147887,0.9599176940056395
9493,0.7384619633628146,1.3292541255282861
9494,0.9856980252597208,1.1367613316150966
9495,0.5533179675313611,1.7043829289568826
9496,0.5766292631996078,1.5996348696782594
9497,0.9067200535990521,1.6453875859382237
9498,0.42736875321718987,0.8336395995518566
9499,0.6819918127756822,1.3541294363930443
9500,1.055671245129051,1.5055684916005865
9501,0.5031408970233324,1.7936887616567263
9502,0.1974784671110396,1.5117498996328147
9503,0.41707078005695436,0.9256231518765461
9504,0.3827439163260518,1.450252925789668
9505,1.103188391450574,1.7524435168469354
9506,0.2630719043541177,1.1019931641292184
9507,1.1053502798238095,0.9793026405132317
9508,0.6019241779283891,1.6548260938836687
9509,0.9798773243927413,1.6141929858554183
9510,0.7128398442818645,1.0055654471391413
9511,0.9983492888750154,1.5095521870407156
9512,0.7865671751611345,1.4519945508052243
9513,0.24669575630608936,1.4439247143687097
9514,0.728737179121754,1.1669852091978783
9515,0.6501149787638527,1.4306662555309622
9516,0.7076646244658226,0.8650760814341565
9517,0.9963478650446607,1.386908977905759
9518,0.5950046372132932,1.6000708009082671
9519,0.35997696663968676,0.8744390137332363
9520,0.8002056958956062,0.7798992628885024
9521,0.4108544542542396,1.2315660842995517
9522,0.5066253879563444,1.7704649339449903
9523,1.3580319793588251,1.12357931740399
9524,1.2618757084282952,1.481383380780743
9525,1.0013869747189437,1.3009302484374357
9526,0.7567897198233037,1.2319866875688286
9527,0.6214320207510718,1.571313051990552
9528,0.806776355098635,1.5235368513690222
9529,0.34023126066019665,1.1800053980199148
9530,0.5201013298864182,1.347255679815305
9531,0.6814298174088769,1.5535607017472308
9532,0.8243367415520106,1.190117686960292
9533,0.8079459659102799,1.2192151821717419
9534,0.5716130133517362,1.522797189544175
9535,0.4240890831830523,1.4333952848267026
9536,0.21142244523603868,0.9703140591125572
9537,0.8444498891602235,1.8749727474320104
9538,0.8111596719047054,1.5974678480381888
9539,0.4239358769299737,1.4426093405779299
9540,0.7078756016813705,1.203494292623628
9541,0.8269643105695985,0.9941909335796628
9542,0.9901757631152092,1.3501392598707866
9543,0.8957647925112804,0.8421499072336949
9544,0.5891429402083777,1.7193589174341588
9545,0.7456963681617205,0.6614295575284745
9546,0.9514713331531898,1.2974532330270099
9547,0.3637177492268615,1.419110367743748
9548,0.7323781389566103,0.9847477810539342
9549,0.879169338095229,1.2100189903072107
9550,1.061962734343631,0.977940977124846
9551,0.577301391451866,1.3242265021621047
9552,0.9284511071328263,0.5314485832943356
9553,0.5488500397138311,1.1051687040368836
9554,1.3093777168681286,1.3024868162703616
9555,0.7527311391797585,1.7326406119264715
9556,1.05836983597695,1.5603010145128633
9557,0.5300041954561532,1.5908852273496377
9558,0.8614012224263762,1.2506812501062712
9559,0.9806825715323246,1.2922815382733153
9560,0.7356947458221313,1.3844180668547623
9561,0.5781918523871532,0.8789249120691562
9562,0.8709884031887675,0.9840978653558037
9563,0.7174672514202638,1.4536949028259296
9564,0.657851125152151,1.1883657755106256
9565,0.71357786365923,1.166763426577647
9566,0.6088095485236104,0.8455166191814187
9567,0.9004468558321544,1.2384459145890272
9568,0.5364354006096039,1.808993753591169
9569,0.2757685962507131,1.7610183679911713
9570,0.7474824604607998,1.6189289328738419
9571,0.756503048571493,1.0339109026706037
9572,0.9768580705682127,1.3329935182990182
9573,0.6195919284465914,1.062538204413173
9574,0.49157333080183824,1.4198772252608372
9575,0.517266402460367,1.0144825062638436
9576,1.0221379089594802,1.4867370047031168
9577,1.0740817780347969,1.5754416415039443
9578,0.9844874782165831,0.7452168441547786
9579,0.7582228033490683,0.8960608220643278
9580,0.45698985565798306,0.8620799998370041
9581,0.691386049420012,1.1767619854073241
9582,0.6087002420995834,1.5326727347966353
9583,0.7879098053406511,1.609983081825753
9584,0.9731818858631207,1.53533266647654
9585,0.7066205014189447,1.728969258294066
9586,0.5978406936728974,1.7250433813114479
9587,0.40012837946912333,1.2358032295827988
9588,0.5587873909676915,1.2594231071338278
9589,0.23067975114945416,1.2663603747745904
9590,0.34525653002134316,1.5228073280560346
9591,0.10936468656279245,1.7249252395616654
9592,1.2656060142907697,1.3831185089816889
9593,0.3350510660593051,1.3608614174785751
9594,0.6773022038636527,1.2151522584083483
9595,0.4244899949062201,1.7214359535425134
9596,0.7039095753285738,1.2594049083100178
9597,0.6781087169460313,1.3642810573707447
9598,0.8981421825213806,1.600972932513198
9599,0.8911394992523697,1.2524488207198772
9600,0.8087883815414748,1.4111145506357163
9601,0.8253359595715177,1.4695821947263346
9602,0.33818452561892837,1.0068435503145206
9603,0.9585468354116424,1.5609197121543605
9604,0.9405093337423527,1.2051385373414303
9605,0.6336165696639519,1.8501581955561361
9606,1.2291214677149347,1.2560613812576022
9607,0.2771509366239218,1.441531896103958
9608,0.7258055421873951,1.3180986185750938
9609,1.2680292069892696,1.6462051978023529
9610,0.41336712088038374,1.7126195529608323
9611,0.7268831246509837,1.589783425096285
9612,0.6452681615131601,1.1720536445535443
9613,0.24192785114913648,1.4854648051996344
9614,0.42180348695661984,1.2124107191996327
9615,0.7158870330421483,1.1648176463268767
9616,0.19604145173260634,1.2053225522209177
9617,1.0260220229999593,1.423797233529467
9618,0.5555213518304707,1.0287069645566351
9619,0.5549292607778129,1.175790301525164
9620,0.2780765850494679,1.0340456509535063
9621,0.9074400330781437,1.5018659519456472
9622,0.5706540599687562,1.4606118217954762
9623,0.42023246076862486,0.9494460720886897
9624,0.6389522388596826,1.5465778677766497
9625,0.4080190017172119,1.44396023171727
9626,0.5366354421342063,0.8118309339383765
9627,0.8003275078468949,1.328098361343475
9628,0.753317570133393,1.17166358356992
9629,0.7587899252167176,0.8640616891767259
9630,0.8098733782088409,0.7526059190417362
9631,0.7259307292853859,1.4798920931442319
9632,0.6363416665993364,1.0411447061455288
9633,0.6283410186853049,0.9234534457261083
9634,0.353056050644108,1.1105470836389673
9635,1.4154989750956544,0.9094516856055559
9636,0.20313342639168663,1.3545903355320044
9637,0.6918023937921137,1.4304545088930354
9638,0.32321080011004105,1.3301345843350525
9639,1.034724255476183,1.349629304411873
9640,0.13672129860568608,1.2481069136178102
9641,1.154137077521697,0.940523492454481
9642,0.7184275565063568,1.0993532776370816
9643,0.6969355150998057,1.2879047106090267
9644,0.749233192681279,1.4393214438815756
9645,0.7884420387629174,1.425570719680941
9646,0.46115817117806535,1.633340641578096
9647,0.28130986360096805,1.2701690734576396
9648,1.0795991712282094,1.4885205722675372
9649,0.5413784410219675,1.0417781278888378
9650,0.7091390247092402,1.307433578294888
9651,0.7442421375558933,1.2068491333923113
9652,0.3917384431181466,1.4077062499650335
9653,0.3904509914011179,1.5821041466427035
9654,1.0845665327388903,0.8686798254721866
9655,0.5311412034167575,1.0759519518129983
9656,0.7012202861186408,1.2787052094259002
9657,0.9060879074170493,1.3081071920066976
9658,0.7899662820572404,1.654641646250134
9659,0.8439323792065302,1.4839570281144385
9660,0.35716286353134075,1.0834065999533977
9661,0.48061395774089205,1.118765611533215
9662,1.2160132547505769,1.2840126974045325
9663,0.8534834589588468,1.3792611769747425
9664,0.7099652033452865,1.4905559422297008
9665,1.163734897028217,1.319816459649159
9666,0.8497470814299839,1.3083598571742399
9667,0.5836774770377801,1.6975581949269538
9668,0.2566980977345892,1.407069846308261
9669,0.9645986998925109,1.0169460739884535
9670,0.19993562406638024,1.180991048393242
9671,1.0640716676569522,1.1361921673326032
9672,0.7636310882772867,1.5734201779393349
9673,0.41616346334070237,1.72360874574765
9674,0.48627273425262185,0.9204951615252022
9675,0.657810306381543,1.3447832516003833
9676,1.150447418522611,1.7185323316515737
9677,1.179698789721943,1.1305301207704508
9678,0.7524864476929475,1.4869406416166508
9679,0.9791966657226729,1.5515992381859272
9680,0.6671095525103757,1.339006304951536
9681,0.7225898619325051,1.6013740575785045
9682,0.731817848222274,0.8296254091724333
9683,0.8591991162968393,1.476937304257643
9684,0.48368602104980507,1.2689259589162716
9685,0.12172231288154377,1.6798435379135657
9686,0.7107980376938443,1.1446921213871741
9687,0.4076719504833587,1.571623784875792
9688,0.596903044758673,1.4700374094540676
9689,0.5438705551842145,1.684394891084809
9690,0.41775740770952186,1.552685144933775
9691,0.273378667203981,1.3827167446129907
9692,0.4725719333977541,1.1675570020799728
9693,0.15665582351651083,1.0656628801462498
9694,0.13544687975369926,1.3273931433215735
9695,0.9422045785230753,1.219905183709134
9696,0.8956179487624361,1.093454490080275
9697,1.010329041037194,1.1628297397645921
9698,0.4732570564538358,1.2548731706075182
9699,0.7846127865966198,1.2151930137210338
9700,0.2845039767662357,1.567092546038061
9701,0.4024866665636879,1.5065609795112542
9702,0.5829712594183392,1.5198855941681
9703,1.0130855444795643,1.3139751284386816
9704,0.7697298234841463,1.147943493727829
9705,0.8827065475920578,1.2116573467572151
9706,0.7916101161126436,1.3767723583200695
9707,0.40830623814342226,1.5077414449224935
9708,1.2517851738610832,1.6741020867351615
9709,0.6933223552759995,1.0073421156926514
9710,0.6464824033047863,1.268082857819608
9711,1.086233300897145,1.688165763427414
9712,0.8986796796672677,1.0987982750087149
9713,0.3821082132744205,1.1627921680717566
9714,0.873887880657389,1.4013821129623913
9715,0.8502558321300838,1.7125349593987118
9716,0.2200721078007355,1.1654582183991287
9717,0.39823136624759675,1.332698162075513
9718,0.5027685337396368,1.6649644196769315
9719,0.17071074149470908,1.282810805349856
9720,0.31590533162134693,1.4938544174756636
9721,0.5581703868720623,1.4203228544460256
9722,0.6595142077367974,1.1908331099240452
9723,0.6246832798015655,1.4876711557991316
9724,0.1661969556906806,0.9055433831930022
9725,0.7615994686631057,0.976041971314008
9726,0.5191400281765165,1.162785663420164
9727,1.2517446356783493,1.6482073533270691
9728,0.9276938924992205,1.7040515993986967
9729,0.6588526360006235,1.5792891952886083
9730,0.4968808402689824,1.1673453410040175
9731,0.34552760987960573,1.1347111429155106
9732,0.775641441031772,1.4934839145794283
9733,0.457959956587978,1.1709417679998064
9734,0.6572412077241692,1.6680851646083341
9735,0.2208281008122667,1.175823156639766
9736,0.24152480203150375,1.449440592577795
9737,0.6931481290982143,1.603909161636595
9738,0.34929422727287734,1.4285794132103922
9739,0.6819945326776706,1.4412461593129469
9740,0.7361861121693684,1.4975151339913013
9741,0.7510489846249935,0.9392092780676304
9742,0.7092837707382992,1.7640975252900193
9743,0.5512287121042859,1.7579697733320483
9744,0.5395763534534329,1.0578484047042287
9745,0.4896825191763591,1.4572909801053087
9746,0.46673958554911144,1.789594244467467
9747,0.7558205150996619,1.350348425881656
9748,0.313852622583829,1.8035294642673638
9749,0.8661006348648593,1.3219545336343521
9750,0.5188298738901403,1.0061021112776967
9751,1.3075482033854595,1.8126783353070965
9752,0.5198659545999854,1.194589949664937
9753,0.6814111425612297,1.5401109612268682
9754,0.6519237153391643,1.439200171485018
9755,0.5167614509245876,0.8858979011748573
9756,0.8860366790427036,0.8270671798902101
9757,0.75443738564688,1.5430266437040885
9758,0.9584954286028425,1.7568938755699963
9759,0.18398948893670464,1.6750389701430028
9760,0.4119585336850988,1.4980628739269835
9761,0.9032532059989496,1.3230164216250357
9762,0.6298094542131001,1.7637766093520655
9763,0.8823728602660633,1.2859879009336947
9764,0.7941950153459462,1.4654398905322776
9765,0.4607834178005763,1.177967635996676
9766,0.919299188239926,0.9828288093771282
9767,0.4745905335520394,0.8682511081800719
9768,0.5482136919691019,1.6816137250442673
9769,0.6798410903851639,1.1814509299589293
9770,0.3931567301075424,1.2876290138595845
9771,0.7655822634865146,1.1703404310083463
9772,0.2372659158959836,1.6281490588022973
9773,1.0242034206813226,0.8826987217886795
9774,0.796854875040864,1.511859491475914
9775,0.5540455780856742,1.8110103462559812
9776,0.9233534470447097,1.4055447466149031
9777,0.7878526586625269,1.7472948504428225
9778,0.5002669611071657,1.26839347359454
9779,0.8920651046280735,1.4439205884256783
9780,0.5401654720063725,1.3986411644538947
9781,0.9162697220848316,1.463747572262795
9782,0.6356239760672225,1.1335395634400418
9783,0.34682404007290424,1.1922371238750074
9784,0.49830259882641226,1.6295009970672627
9785,0.6754250862671405,1.5872069076819213
9786,0.9719704833965777,1.3840327952844365
9787,0.903863496700116,0.8173820104211209
9788,0.7634448975901648,1.4021721886814542
9789,0.45125436273859315,1.5232755899924515
9790,0.9448728541252894,1.1041238685249808
9791,0.9385001286979492,1.8982913807992479
9792,0.6673087972494998,1.7618445612742821
9793,0.45241980355969114,1.407915424685514
9794,0.6509910016567151,1.6672042083887155
9795,0.5649255185386292,1.2368288287045277
9796,0.4672769820808902,1.5075474888735942
9797,0.8610065929068892,1.8238034921690418
9798,1.2291741351236958,1.1940863862887197
9799,0.6898316361498625,1.4132680637149937
9800,1.4253700639257936,1.351176293780745
9801,0.9769336356918188,1.328102945336913
9802,0.7951257257451665,1.5316345703622396
9803,0.41488623555324183,1.7127978270268214
9804,0.8186610753433827,1.3513906062213652
9805,0.848143783764574,1.3384434344052978
9806,0.2128626498734871,1.4964567161748343
9807,0.4592988515636502,1.2022843303125839
9808,0.49724248356997347,1.3165243527685933
9809,0.44904794530089337,0.8342989486259713
9810,0.39723391936482055,1.5396943896145856
9811,0.5384083677676896,1.5323513719191864
9812,0.48865172589359984,1.278472788878981
9813,0.522025711926434,1.3989162695495454
9814,1.0536448568550707,1.5778332863588171
9815,1.1874650654361019,1.0120704994261522
9816,0.5466230691391754,1.5469179413112504
9817,0.47166734334791116,1.2689081737782928
9818,0.4584983288726901,1.7913274856604282
9819,1.2001291611599034,1.6557953566570158
9820,0.9800716572042876,1.316040414562339
9821,0.33261545402086884,1.2613818836713284
9822,0.31038352922191126,1.2874440303777737
9823,0.8746406168607193,1.3511792623946297
9824,0.6394442077990643,1.1933974571823909
9825,0.49167792709777003,1.2682314627975408
9826,0.8353538851083293,0.9189753983398248
9827,0.7940511922253303,1.1545780759782127
9828,0.624743761028835,1.5979386106050197
9829,0.848854532361352,1.7891731165190081
9830,0.45121382352643663,1.192884470434675
9831,0.8033064766481574,1.388593829940536
9832,0.9019495122317462,1.2310907113588123
9833,0.46524980149709877,1.6917878398799107
9834,0.7635426010519513,1.080337917515957
9835,0.7523477891311647,1.2668397289490896
9836,0.747623094951083,1.752735051771326
9837,0.2975303372691684,1.6507140386440238
9838,0.4708756080259273,0.9636058961547889
9839,0.5245241460468727,1.307030441717707
9840,0.749208459756188,1.4035589163001472
9841,0.31917836905317215,1.1944245206868702
9842,0.916257721609653,1.7051997079920398
9843,1.306071650407331,1.107096229451098
9844,0.5754805543481094,1.3639442250575482
9845,0.4278345372807105,1.443598377752554
9846,0.8279830770694926,0.8326805969395648
9847,0.5775110271949738,1.3051179036708316
9848,0.3449058993979512,1.1993853489414263
9849,0.6289397400713774,1.0389383113302229
9850,0.6301551172312737,1.6624343577649987
9851,0.4898902030851571,1.228371496177203
9852,0.9318502912850009,1.3538550641570075
9853,0.7147683361875751,1.0575801596236274
9854,0.5334217870704867,1.666082127933907
9855,0.7046748247236014,1.10838973204377
9856,0.3887808315193418,1.4572674460431934
9857,0.48894716118793835,0.9642716842069676
9858,0.9639830531501887,1.2176063563048554
9859,0.9113115299141962,1.5146090619881556
9860,0.81791089496093,1.1139805434442949
9861,0.32467391328664713,1.1822529759905676
9862,1.1014534661601658,0.8576375854952545
9863,0.8109539595773313,1.1633543082300082
9864,0.24675077590037053,1.6363546416484596
9865,0.22553880140497617,1.5591893767321852
9866,0.6419982094635285,1.532549415285146
9867,0.7212014280962852,1.5366998469078301
9868,0.7198829579421918,1.484995794307923
9869,0.48254392733354534,1.376472512402362
9870,0.49813711884830164,1.5053667093698022
9871,0.5217556671458315,1.5125693116895842
9872,0.7513073233433064,1.2633015010014863
9873,0.859648794740385,1.2858783236318378
9874,0.5259147652018595,1.3251115172305288
9875,0.865833934755288,1.1704812142189116
9876,0.6998358646158601,1.1680944783356129
9877,0.547155788797596,1.6856623327937652
9878,0.3171571878997745,1.679680740246652
9879,0.389213209236558,1.5661430533671654
9880,1.0854700014663536,1.330151553038079
9881,1.4838016909617922,1.6344829358295832
9882,0.4592830045589155,1.3900535423945866
9883,1.0218223106360202,1.4207619195800905
9884,0.9535697138123882,0.8646710460149638
9885,0.2696284915784233,1.3464728782730018
9886,0.5046243731845017,1.5105464425660635
9887,0.565545056638964,1.6389725775309036
9888,0.6199085684768768,1.4146436581645818
9889,0.1938844211091013,1.5136638121584696
9890,0.5288466102748998,1.0337482351915224
9891,0.800654289001199,1.0683381200200366
9892,0.2829167561009242,1.2033014144827625
9893,0.6630597045840055,1.3738579818369643
9894,0.27763842016438006,1.3708793981653553
9895,0.6750310417164777,1.571547708103672
9896,0.1719312486496296,1.4165486022812595
9897,0.27074768347394296,0.7440482915840876
9898,0.3572659545114904,0.9698144583441206
9899,0.7193774461328651,1.1270902788471164
9900,0.2994798034751845,1.7815074864963532
9901,0.2505892143375567,1.6442357809654196
9902,0.7725533637606197,1.345657021152904
9903,0.949463121954589,0.8073346023772869
9904,0.3084747729027751,1.28671330765949
9905,0.31503394975186627,1.145077149153563
9906,0.4255704510516698,0.9350856791273807
9907,0.5890615163999599,0.44164127925120455
9908,0.9360330688739394,1.5356648996957925
9909,0.46878331021447717,1.504564318818869
9910,0.341036614082717,1.1311185476850292
9911,0.9807963633548571,1.2603477578987565
9912,1.0283173352536095,1.4085781178303112
9913,0.14266236314636319,1.7338494944720104
9914,0.4186359199243918,1.5022947556391273
9915,0.2891166275490941,1.5066371016364897
9916,0.5141166347565158,1.071182760504137
9917,0.5575577881829965,1.0564845759658752
9918,0.5716924934940566,1.7301825031394842
9919,1.15547582891938,1.4993970996414157
9920,0.2903564531028844,1.1378641228020199
9921,0.5354539292344073,1.5232470211620175
9922,0.9674987393769872,1.7649473264213629
9923,0.9145257000827461,1.4187115749008066
9924,0.3055527140415026,1.4809783234116252
9925,0.8844616694191499,1.5751952435925105
9926,0.7634443036211369,1.3551636874534
9927,0.5088019606054454,1.0365915803810553
9928,0.660335511322085,1.3663990649375137
9929,0.5064912802110971,1.2793783461674246
9930,0.4314615342452508,0.6519274782627085
9931,0.2523531173762694,1.6423970426725
9932,0.9723551554383437,1.3965142824772632
9933,0.828794059975449,1.4467834068410315
9934,0.4020700607318406,1.1894626703764635
9935,1.010908211451736,1.0087028217457887
9936,0.78117896205941,1.685736386282952
9937,0.7992153290473415,1.1880763394171994
9938,0.9165257027815558,1.0002062152652478
9939,0.9983180637278242,1.0944743547422897
9940,1.0284553830626741,1.2095012681261759
9941,0.43442345920079,1.131783611674856
9942,0.7554181664992015,1.2134790496654513
9943,0.12450832929560149,1.2645551046486017
9944,0.28486643844835596,1.2772321024826787
9945,0.4369445508407168,1.1740717059854977
9946,0.5455955762803213,1.59841047973315
9947,0.6763739009347822,1.40735559074024
9948,0.3569824419414315,1.353981085919218
9949,0.4729102914909408,1.064803981963762
9950,0.8005954579760249,1.2269715267103374
9951,0.3879724712190808,1.4480067735973212
9952,0.7915350289508106,1.4699618178987186
9953,0.2978738819636337,1.3396454599694352
9954,0.4303814619375375,1.7239949345639123
9955,0.6887687580478594,1.7953256850535206
9956,0.8283234051053838,1.869323897808407
9957,1.2141847371941659,1.4238798590436619
9958,0.7124401577322302,1.6871692876631414
9959,1.2682427996566474,1.7248265789191568
9960,0.9314882074218894,1.0509394204826132
9961,1.3805891148319152,1.3231461694975075
9962,0.7231429765795262,1.4569446092555707
9963,0.6182684092489783,1.1441064324046533
9964,0.5920321973892141,1.4489964860719011
9965,1.1104507056829438,0.8034897898381295
9966,0.716101180152168,1.53158390378469
9967,0.43002765522560815,1.162294863562382
9968,0.8870985931875576,0.8596977249886022
9969,0.4810804756972802,1.1770679560244202
9970,0.7199602393895874,1.3473343832616451
9971,0.31440706888826675,1.7257948603179427
9972,0.8726050190094793,1.180195919493292
9973,0.9764095578499744,1.6405046038766664
9974,0.5524996581009924,1.6720145448398251
9975,1.037131834492153,1.290851681803404
9976,0.8499971320835799,1.193167280625135
9977,0.5762300323092284,1.2411581898668356
9978,0.4456215424533001,1.5278890402257763
9979,0.9005473124445337,1.2405228743319405
9980,0.5309629120592613,1.5612409998178456
9981,0.1954147460989014,1.1701809651502433
9982,0.7108076483180563,0.9277681396507935
9983,0.9574316797507972,1.73252270483417
9984,0.9666985937955231,0.9124827352689828
9985,1.1500066609579627,0.9473152516050394
9986,0.34718882255207073,1.6352638956261905
9987,0.6722649898597426,1.6440898732669047
9988,0.6704748387614368,0.9088350352996766
9989,0.604049398290096,1.3396661185333842
9990,1.0655115041163714,1.4012189540003712
9991,0.47178580080062027,1.3445637746682795
9992,1.1205968772186086,1.010877342189839
9993,0.8899160604503084,1.3051465041956045
9994,0.9886702512516033,1.531142510739575
9995,0.42383518045909074,1.2090825319224874
9996,0.6457805070434814,1.4742416190636547
9997,0.9679546303061539,1.639906952883527
9998,0.9050872700947088,0.9794547492540826
9999,0.9567106384238553,1.2928721944801584
10000,0.9618097120743883,0.7099271682806898
