draw,y_t1,y_t2
1,1.0499545024276287,1.1965798483473615
2,1.0686701036514896,1.3172729009750181
3,0.6611588892849225,1.313700154782648
4,0.810797719070543,1.4177029015220124
5,0.39699649765644435,1.644843842580885
6,0.7104918568437204,0.8464346617092009
7,0.7567087440971167,1.4361492151746171
8,0.6374955958685407,1.0520274603857485
9,1.5886102836796316,0.8253736247436563
10,0.6698240152282848,0.9866905677818356
11,1.2722367606686709,1.6475567208957227
12,0.3316590769801304,1.208416479520833
13,0.78568191161467,1.3484721630214163
14,0.38471062702741166,1.570355084311207
15,1.328176322448208,1.1160698355865084
16,0.8770452821675891,1.061729005823914
17,0.5079837239440659,1.6390248265116643
18,0.6993198158452337,1.3575012691003712
19,1.0489620155984254,1.3135233261358605
20,0.9882355820981029,1.4232466898047922
21,1.3405954453790845,1.4563921418389305
22,0.5752188261991963,1.3233763455639456
23,1.0348790627794109,1.2537306468173597
24,0.6239068818658992,1.06219081302574
25,0.5149994845268508,1.1539388784659037
26,0.6698980631679674,1.673425307149026
27,0.5427969105730808,1.0461304332477541
28,0.9889150502196813,0.6667709329279674
29,0.628518783681114,1.0229347516383265
30,0.4307575283721363,1.5551519415875315
31,0.4790018868150346,1.4509274038136888
32,0.2788646672525122,1.8415413795485345
33,0.653428524264683,1.6571220541871168
34,1.006474985916128,1.1136658843716463
35,0.9288924917026781,1.1597520418547487
36,0.8596506276479715,0.9293622827268848
37,1.2140143315388516,1.3656907582093667
38,0.6081898680118126,1.8352113568041
39,0.5667476593701015,1.384944586956692
40,0.7656528270893134,1.458534483151631
41,0.3039460557264972,1.679376886882448
42,0.9533007718602956,1.1761527326711727
43,1.0901687674091665,1.0489365461593478
44,0.7094863115316019,1.4699233514964805
45,0.7058547106391379,1.3262880768666763
46,1.1639983529340645,1.0703212390624874
47,1.3659591516207994,1.3737689577610785
48,1.3845844093022337,0.7816563386414932
49,0.9787575726669321,1.3247301467772221
50,0.6988243398106168,1.3403517293906542
51,0.318412902692967,1.1732320147193511
52,1.0504487042505808,1.6633588723256543
53,1.3441815978913094,1.3880276517328172
54,0.4596304721632686,1.6722054449733914
55,0.549954206774055,1.3224967129487892
56,0.575690915324269,1.567212712969123
57,1.4023081557511186,0.8718846946045844
58,0.9210427798752583,1.6707007110983907
59,0.9054737017064095,1.7082800110964462
60,0.8895413826277588,1.136539768620364
61,0.8361416056409232,1.5868193673584963
62,1.2726198996529825,1.6847749752590402
63,1.0320233134687113,1.0804737170621657
64,0.772909107793082,1.5454329584868443
65,0.5592937893349249,0.9639463405947835
66,0.7556338091770289,1.4628933830859272
67,1.1612908182591266,1.1947023627146431
68,1.1409089323858137,1.6155246349789083
69,0.6433675901555347,1.4362754746507007
70,0.711782930426724,1.6315164531322937
71,0.5621090560176275,1.3949725063747112
72,0.7574615786496105,1.4453967906077059
73,0.6158239227667729,1.3208736555777099
74,0.7883603027019361,1.2532059099739463
75,0.5764742645622264,1.3767966595403096
76,0.5219735458338433,1.5343144425847661
77,0.7195298819815468,1.7389736043391506
78,0.7136740992446963,1.5548698196927393
79,0.9567629548171217,1.357864519488008
80,0.7880138456047564,1.8606780909610598
81,1.2478630412154825,1.1684503864322242
82,0.8998350669823314,1.7760546348532649
83,0.9279412759657116,1.59859652081594
84,1.0155078446588743,1.2451704186953019
85,0.6369177962194955,1.2832608794680456
86,0.6380112905885934,1.1311519709978013
87,0.6787967500207485,1.7448733253108673
88,0.35297606455630165,1.340477185394102
89,0.882499997495156,1.3440188999373774
90,0.5725843669137585,1.0454850452752353
91,0.6526639459129845,1.575852331498471
92,0.17757247372020868,1.6914390468322251
93,0.6904204877470563,1.3613868029575231
94,0.8455524196729952,1.497195280726678
95,0.30885360588204314,1.147524233230861
96,0.4574865632274063,0.8801753990715819
97,0.8179331598365622,1.0131251210409533
98,0.8268445203666039,1.5426821494616556
99,0.4296270086546412,1.7610907387948074
100,0.2133060133567372,1.552992346517539
101,1.0020156511235752,0.8732910301875858
102,0.5335826722883731,1.1127420748013592
103,1.30894223398437,1.1098048937405638
104,0.8953810964031778,1.3317613922799514
105,0.9175156805683982,1.3911926788072557
106,0.7572265628071216,1.1362544838515043
107,0.5053436129103784,1.5879080542012658
108,0.920646893672378,1.4227137223493067
109,0.9211265789594228,1.3952178825271306
110,0.9421075603046791,1.7051711776574372
111,1.0924484004476371,1.27893631931553
112,0.6127016402703773,0.9432691198786345
113,0.5231243629756331,1.4651165883512536
114,0.8243892082761086,1.1567216740095572
115,0.9749743563974381,1.8314252603720784
116,0.7313959328044953,1.718962178340074
117,0.7753912265094546,1.6726669030258459
118,0.5932658859405053,1.4688148382617032
119,1.1843747460293839,1.473094747964749
120,1.1057513110083244,1.4227125638327291
121,0.3711784714756052,1.2316713487467312
122,0.7415008975113161,1.7793716854526354
123,0.392694914020775,1.3784363625270184
124,0.7295375238545267,1.063782553492365
125,0.7579755994710596,1.7571357865752435
126,0.27524802686759553,1.261504606642621
127,0.5465939159057116,1.6711758870801037
128,0.6024660768802813,0.9072599388839402
129,0.734543478659861,1.367103800954836
130,0.5658152307498819,0.9158237250207109
131,0.78585743290651,1.731422928616983
132,0.8683873224828202,1.7473545756907543
133,0.5746245327009852,1.4442426319156243
134,0.7139603207575734,1.242860479478392
135,0.7986026752429644,1.3650110808840359
136,0.7087210261864867,1.134559118204197
137,0.5852680622444045,1.4223619112079158
138,1.0421965761360565,1.1962808081747283
139,0.29387410116573126,1.5555989859008714
140,0.5508018117806752,1.7048136697846306
141,0.27898892251346696,1.706594985401729
142,0.8334535832905678,1.409417211091248
143,1.7461007289039687,1.7132925138370276
144,0.6972543408037927,1.3508340194790707
145,0.4901760420032176,1.5296720403510453
146,0.9652919965939363,1.1655650995710563
147,0.3960166327336468,1.5667046453667413
148,0.5608210413937618,1.0850964996706534
149,0.9452519102711492,0.9913232077746943
150,0.49007113439965866,0.8864621139620037
151,0.8079540358075803,1.1022750752368506
152,0.7982006651243491,1.389717149493054
153,0.9813640201712799,0.975398890539422
154,1.2743705455627778,1.726390418041854
155,0.5292039269686192,1.5349888419955509
156,0.9619324884331135,1.325929797956617
157,1.1208853944426949,1.0485909352978078
158,0.8985834734003598,1.2687083384060887
159,0.5610431079822918,1.6137335945880058
160,0.8536622698493329,1.2330862324514968
161,0.3999103898138357,1.6575892320104242
162,0.9604533858702062,1.2001860176899124
163,0.895034125338275,1.5116088266314198
164,0.8733982323807398,1.7354829839577295
165,0.7073115327090881,1.2024192793874877
166,0.4569093649415451,0.9271007139664864
167,0.47210288686090285,1.881734745870078
168,0.619429703983176,1.1973645712599787
169,1.2637591482292407,1.546926998381038
170,1.3433289301293718,1.4947623019656768
171,0.9030344175731713,1.1315256713734367
172,0.08528252043853407,0.9254769699033478
173,0.6900217633652875,1.4046674763170408
174,0.6800511340935196,1.0902237243739061
175,1.427930303179519,1.2178563902261668
176,0.6134850180935245,1.3154973359989488
177,0.7928318108337807,1.2151694800170874
178,0.5312935993461505,1.2044570288088994
179,0.6343931360030192,1.5429605895413725
180,0.639622790013504,1.5354076669134833
181,0.9341481600441455,1.2024597515505346
182,1.140726222713173,1.4284157937187856
183,0.3666424908461571,1.4247243851636138
184,0.5151008584712331,1.0559588498901074
185,0.9478223020839137,1.519784609931062
186,1.3279441801068732,1.6778505861664668
187,0.8189806936773968,1.2869041617321366
188,0.569977910007885,0.931819651046542
189,0.6278094890224099,1.1704658079819326
190,0.5497373764377139,1.60405041851488
191,0.5460413542563276,0.9838574692286302
192,0.6799627747433247,1.007432301120911
193,0.7650293482384126,1.2678856303387946
194,0.6698934947765357,1.455488712019323
195,0.6067683254464467,1.7444395695075163
196,1.1885698888666338,1.3101194407296415
197,0.71807138112503,1.405016747639065
198,0.47011399476349736,1.6678324105960234
199,0.9411300526626022,0.6759284223582405
200,0.8311311058400502,1.42106388998829
201,0.5329154443489778,0.9679510111528289
202,0.3173074893377659,0.9209564841823934
203,1.1730352533356223,1.622529076678022
204,0.9518189598494661,0.8658520811119375
205,1.1478953899466968,1.282488597692012
206,0.7187615707707251,1.2985167528499584
207,0.6480252914474768,1.4435848872419408
208,0.3310617712010885,1.2834103075304868
209,0.8367373572551764,1.487840195781184
210,0.3359177593148332,0.8233749953086389
211,0.2086141837874989,1.3522384879476772
212,1.1062580115485736,1.3875891605736326
213,1.1378720640398263,1.6195888214830134
214,1.1590693322778123,0.9916281805557114
215,0.5777994747771722,1.5012307959770188
216,0.9609174103843543,1.5789574633211578
217,0.638324867334095,1.6518917755271922
218,0.873154585906933,0.9482303595143973
219,0.49240203138609645,1.2047703314526288
220,0.30203553809860056,1.6956582121039445
221,0.5718332876497845,1.2172892996163436
222,0.48292227412586836,1.2661875024758253
223,0.3547991737306881,1.4565969179063682
224,0.6674932810679257,1.4787382816281598
225,0.3931671764807727,1.0934844151249514
226,0.6328820057196192,1.1621306200491794
227,0.9627604959918761,0.8267460134698483
228,0.5908713221856098,1.4074630535981294
229,0.7188502124989117,1.600080267124592
230,0.5683565013103368,0.9419588481299717
231,0.7874309086254756,1.065555973474198
232,0.6086721156609193,1.2871794299049069
233,1.4608003596913552,1.5419305687008937
234,0.6535211774088318,1.0281418659136263
235,0.785657434865174,1.3062248985550542
236,0.34965200763234294,1.612479538218533
237,0.9989660705524467,1.1526803988194527
238,0.5328048681827392,1.5032182612795384
239,0.4477869717082337,1.4350792846212426
240,0.988519234512706,1.4277712843908195
241,1.1373956688081053,0.9610970153870115
242,1.0064490056223814,1.5910274167719105
243,0.7446505787615336,1.5956491054711888
244,0.4912192883823819,1.0298571819249194
245,0.333097520036845,1.763782367524854
246,0.7739210052050483,1.0611655259387414
247,0.9424546442100389,1.6632695324011322
248,0.6836128634758862,1.468867407400738
249,1.4394857053140813,1.5152646695783083
250,0.3756591179057033,1.5305398606809621
251,1.0467747434290977,1.7617701537773705
252,0.14507401419624727,1.7112010959163793
253,0.26745930198990303,1.4431804716046628
254,1.0976769531481971,1.6967466038674865
255,0.7114042635926552,1.5968192560311116
256,0.5208576049124746,1.1512671952512483
257,1.0789672701047053,0.9926812030903862
258,0.9030336124051691,0.9144636390223086
259,0.7990023197285792,0.7699866244066462
260,0.420485617231966,1.4407397962681296
261,1.0680000200117932,1.0536279928048442
262,0.6106450514702549,1.0635159201410556
263,1.1089929472991469,1.0518577045269875
264,1.0909288664103667,1.6163887523123173
265,1.3065647563063016,1.5599032816776575
266,1.129847034376182,1.6803200485898875
267,0.6173953368776921,1.5035448108236025
268,0.4105989743524527,1.469664404365449
269,0.7351321250488447,1.2356488085402435
270,1.4711223650179734,1.5438920511612069
271,0.6202271320839512,1.4028349676875216
272,0.8937194186152784,1.2117058835213976
273,0.9355534779132793,1.628480449998879
274,0.6794788624700299,1.3441857777134087
275,0.8359797429922706,1.0921627965613934
276,1.2381599429954355,0.7078175775840625
277,0.736398246006894,1.432172191868815
278,0.5049283569122028,1.236494393125834
279,0.4137812944273779,1.1451683613087802
280,0.5008123777872923,1.088627216096043
281,0.6225584571937435,0.9490973485734693
282,0.14905834358326644,1.1606360085890486
283,1.0055086619525548,1.3128464961830677
284,0.9625378196563753,1.498790704257543
285,0.2176400496321286,1.0868523479437444
286,0.7970788636533538,1.3795636051676998
287,0.6394277572714631,1.3256457409872782
288,0.3989274518874122,1.3751292191578242
289,0.6027739465147093,1.2077233264959606
290,0.41282766538708787,0.9567572249987895
291,0.6908639839268531,1.250341257501125
292,0.3397292506274561,1.5890253078830088
293,0.6486780799543067,1.3531796553289581
294,0.7092349931842468,1.198907106523313
295,0.3768454083403532,1.4791713055296642
296,0.7564036451865492,1.5465565605533813
297,0.2953020150891077,1.5384552148276254
298,0.6284928097008473,1.1760028248022234
299,1.2602779969891287,1.2154627753638498
300,0.47128622029548417,1.489498386713635
301,0.6286745297873164,1.6717744663983585
302,0.36284731814046134,1.4829791624383257
303,0.9117195849301393,1.2648161381840102
304,0.6290848272392521,1.4445749064914897
305,0.48097508088297375,0.8998685845545147
306,0.46740763052689005,1.1475708525744097
307,0.7734773270740337,1.1157232662755325
308,1.0473278773420545,1.6058479258792853
309,0.8980826895667082,1.4557672640879002
310,1.3680622332128358,1.3244157795507103
311,0.8977690160466656,1.5368149607595458
312,0.7548262018300758,1.5792479649623892
313,0.5058342646448294,1.5543745054514677
314,0.5705470968906334,1.3983348376112994
315,0.5393845748171067,1.2405049731263786
316,0.6814831567297658,0.8844333109337206
317,1.4800735010403654,1.7916268092939514
318,1.0343556863999332,1.1811539636699553
319,0.7748574199818948,0.8608576541293376
320,0.6864465620510309,1.4113546921854203
321,0.6648619162410747,0.957544034071895
322,0.6899236690700713,1.5282243860506814
323,0.8383741220467089,1.2014604826772741
324,0.3537437835097983,1.5915328173918613
325,0.19271529835115508,1.1853974238692873
326,0.43100791735910077,1.1095524104272727
327,0.3567441761245805,1.471302160651291
328,0.5396881812330261,1.4903299666798375
329,0.3521743883090459,1.5421289831182046
330,0.5741861174286427,0.9453974337778888
331,0.6358173594896911,1.385089203769069
332,0.859033145257276,0.8489432274589557
333,0.8531511194409519,1.5299817808075569
334,0.4244870257976278,0.9271075472363326
335,0.8773791245784919,0.9176200421868115
336,1.0796621238847401,1.3955463052743555
337,0.5724310366440754,1.434483908801892
338,0.38393899410792776,1.54782997105757
339,0.6711515890846869,1.3875119336813913
340,0.7118488064642352,1.008112514151753
341,0.9254446644557032,0.9550248014972169
342,0.8610056797657292,1.0104109967683663
343,0.893598136428582,0.8859421080451222
344,0.9028352810832905,1.370931062919859
345,0.8301501899134847,1.2514473492551685
346,0.6953577323334849,0.6940060956912328
347,0.828062162493398,1.592919765629542
348,0.7215909455931766,1.8820463265259815
349,1.1943943835661412,1.0360116439942058
350,0.7639833753415726,1.783743961315916
351,0.5772695672280647,1.2319920994269093
352,0.2983881587532726,1.1391682964792198
353,0.5262374735918254,1.39929374822036
354,0.3687608865300325,1.097576550730968
355,0.7514374565270383,1.7030091867252155
356,0.6292498213043154,1.141592072060039
357,0.9926780579016511,0.5356752553999475
358,0.4400447740389743,1.7180431024861467
359,1.075248251767089,1.7505047037770058
360,1.076840831609232,1.5839491550100138
361,0.9597771438826277,0.7041102955295881
362,0.7310102209942648,1.5480473764357225
363,0.49859165357885976,1.3598294375746174
364,0.2501366522168655,1.186442551639186
365,0.5457768749297155,1.5413838149422943
366,1.0636407923017077,1.3485591878831715
367,0.870230938385851,1.5732968395027733
368,0.6706560679900752,1.7686136039249492
369,0.7888089632387254,1.0688303863259212
370,1.2906736573511226,1.4454162636787715
371,0.6995828840585815,1.5477418572732067
372,0.6975098036557696,1.691298925664686
373,0.576071081081164,1.5165868184053835
374,0.8130230122618765,1.492856969378363
375,0.7244592027387988,1.163467393172654
376,1.3676159218825914,1.4456992984199108
377,0.59104441029813,1.6303323184371528
378,0.7809169875325477,1.448682664836467
379,1.3743229741989265,1.0250311415362747
380,0.33618911895081244,1.5511217185059962
381,1.3029321767902697,1.0101183418539978
382,0.15188997070259255,1.563387836870289
383,0.7777234828179311,1.7183038078808464
384,0.6669191463961088,1.0827270490066643
385,0.7729196774625859,1.2129412369452366
386,0.9007036804407721,0.8746191496708908
387,0.8693576949640373,1.4520925555735202
388,0.8004392731913146,1.684944310853642
389,0.7836055420593806,1.2177220266245299
390,0.957206100456661,1.6327243558122801
391,0.5274205618025039,0.9075008355229692
392,0.5365447307875107,1.385271445773147
393,0.7816330815310725,1.5339786696622144
394,0.731203337738776,1.5659846521557532
395,0.5515056256852844,1.6003622870727863
396,0.6577016697474695,1.5161144976934018
397,0.8297917470469656,1.0700710152474038
398,0.8617811546748575,1.6694643137148857
399,0.6533872886498027,1.6352785563976555
400,0.7036014636281808,1.2601165864508541
401,0.8767555160790202,1.0087652343624458
402,0.6600436404613447,1.2343566029288016
403,0.7922604740599632,1.5155945583704535
404,1.00623235285896,1.1526388174100504
405,0.4251870387564612,1.1337648607407629
406,0.15806659369596765,0.9609794410302155
407,0.6084360672865944,1.2796652298254119
408,0.6100541231724708,1.4232961314467645
409,0.8584438488017135,1.151374734048027
410,0.7045927627389131,1.2882361567118488
411,0.8596917953227339,1.5473715311823837
412,0.5505868585933863,1.2298079658299097
413,0.8914124851193916,1.6002805110298803
414,0.674905003366013,1.2590265741027196
415,1.0023883116135694,1.5223688256648251
416,0.5905184378964569,1.1969287200962289
417,0.9770882457374507,1.5673345350288324
418,0.6252952374102673,1.6094796197142887
419,0.8794931616751217,1.4937168981945694
420,0.8362681959484255,1.0574241268739026
421,1.1953734000687655,1.4899069029830079
422,1.0900276205900454,1.616708695252858
423,0.6109203273562858,1.4945580227224922
424,0.21136159346821085,1.4228314113677638
425,0.41494100746672846,1.5889502617744744
426,0.39496998731585065,1.189186822730992
427,0.8889534640261711,0.8597629233384145
428,1.538389611262076,1.4206271054201767
429,0.7560563028335796,0.942728757328201
430,0.3416526416752628,1.4539448765763552
431,0.3748670572949889,1.2194865173052625
432,0.8416169242594026,1.4096015197145026
433,0.6807392462911892,1.6639639620571463
434,0.2463201316349058,1.875145648871336
435,1.055178008290612,0.9057994669938523
436,1.2764185057814914,1.0630846930159819
437,0.8968039364816223,1.5525860971570937
438,0.7412283152436702,1.80485990695506
439,0.585164924282531,1.1480877804072198
440,0.8750247973165144,1.5053606554334427
441,0.6567610058857384,0.7214918881553605
442,0.6427406225525254,1.2193832712154367
443,0.7987806166961093,1.1922025793041087
444,0.8895117169392063,1.703489340524896
445,0.5076710033523365,1.1113706571255435
446,1.0136692910692997,1.0324875520019516
447,1.253102839996632,1.0551549430920295
448,0.9162709063986398,1.556243244632022
449,0.6994620088026867,1.2602445333973558
450,0.5438687313535359,1.934132186198115
451,0.4016167702869238,1.075670776458931
452,1.2746228510574618,1.6050655382178756
453,0.48589149092867895,1.3024406331383598
454,1.0614609187038286,1.1155804816424109
455,0.8107806456529439,1.7226006064737476
456,0.2524061530378586,1.5299936841431687
457,0.3002418089781152,1.2094198107550227
458,0.783721998718502,1.6501213360783795
459,0.5427653257868199,1.8784136712950719
460,0.7109819163773551,1.4251833032871608
461,0.411860152585951,1.586236510837125
462,0.9124744556124899,1.5717091155718586
463,0.8243637816530603,1.3786388862103904
464,1.724152712227887,1.0377094706411945
465,1.1382954808131573,1.7405372332229663
466,0.5634234350184977,1.6592953418668546
467,0.3495728689386979,1.7163835384658905
468,1.3162626439063678,1.5407794106286468
469,1.3987623535497822,1.3789571656690809
470,1.1305114259677052,1.624654648477699
471,0.8108132180017205,1.0902673616856853
472,0.9128105795426303,1.2181660062040929
473,0.8180671027006771,0.9740818175582435
474,0.5978087541179797,1.0455974650368236
475,0.5659106565023945,1.091605725370576
476,0.6412217247350873,1.5626883843785384
477,0.9326839193019576,1.3466949984155896
478,0.920836980035886,1.3616519395247382
479,0.3072998596081856,1.654565236040112
480,0.855081074040432,1.212866898476042
481,0.8779708721119852,1.4905155196233937
482,0.6536536353952291,1.7670963836066635
483,0.7059069463502627,0.6269186730116159
484,0.5040530090395461,1.2152142850360992
485,0.5139172451971937,1.227721928917596
486,0.38296242171555245,1.4401144635974092
487,0.6675166408362104,1.3407737843825749
488,0.7860426433428832,1.4320473760105459
489,0.5143308889928959,1.4023725602132422
490,0.7686712491488134,1.2261500278573745
491,0.714387126931384,1.3433596506597798
492,0.6065839021643012,1.1283878244368313
493,0.6574213368109183,1.1617889200241522
494,0.5184048162996436,1.09889780213515
495,0.828309561328654,1.3574812191235273
496,0.8002710387036912,1.5623722109555622
497,0.9407587049755867,1.341284600081583
498,1.5732636297416835,1.2150411160445596
499,0.5658474021160887,1.6731502124876294
500,0.4592030136229476,1.34778604586026
501,0.5777302348422486,1.6603466801375475
502,0.23580557307220118,1.5764943005451442
503,0.8723295211331387,1.2134413881330133
504,0.1584198074277805,1.3345749140663856
505,0.24260001536919332,1.266804512350097
506,1.3879008579555128,1.1898050965555842
507,0.6655311231987557,1.6181833115862945
508,0.7380808026065035,1.3261827749824526
509,1.1312373957782698,1.5204054762644321
510,0.4856571307316776,1.1096674448640993
511,0.8765419847321771,1.4090921459456267
512,1.277967860333073,1.0544570613110824
513,0.3714622406988922,1.2275983163170894
514,0.18712838476219731,1.40914711630908
515,0.4479433474862892,1.0746616728415197
516,0.8278597422863067,1.353457686956734
517,1.1290744511332347,1.2528735864543319
518,0.9863241080817792,1.1710320468537263
519,0.48559540973352316,1.3508231672819377
520,1.2922759452209913,1.3726804569530717
521,1.0784361691036368,1.4620961300565776
522,0.7585697647110754,1.4399674845341677
523,0.5148646825000667,1.437778151691564
524,0.2561568290855886,1.4821376978691028
525,1.4675804766615987,1.5796166488376817
526,0.48984581603236754,1.6107529159712242
527,0.5268249089916688,1.122328311038581
528,0.47217742740378377,1.5521848716556996
529,0.4334812758274436,1.757488213662421
530,0.4955519053989042,1.1569831797846009
531,0.18936509562854678,1.3229148953201533
532,1.1648947375149756,1.3636823144690051
533,0.5776147102541984,1.4723604988611347
534,1.005668130281053,1.3945572805593252
535,0.7364228011213197,1.1141392629638731
536,0.8946727833545808,1.2520809515195719
537,1.0149302795999318,1.4516345364495364
538,0.7725007840492717,1.275976912428956
539,0.30454307422182497,1.6953279234881284
540,0.9177093591986735,1.1066110614153146
541,0.6001275977522865,1.2723428401189054
542,0.7114980392211933,1.7398676180927293
543,0.43417378020185676,1.506737562086775
544,1.1014831812161205,1.3807951542591037
545,0.23600703331889336,1.721021170141696
546,1.1740592780767174,1.4687474459072858
547,0.7051292297805939,0.47364028403389047
548,0.7230305640580256,1.5370586092788405
549,0.8463450793439461,1.366856579661016
550,0.7028975181082713,0.7481676097966374
551,0.20372831429123733,1.7368837510419712
552,0.46000051916333234,1.0352455801794407
553,1.3492736291900844,1.6795741449163737
554,0.5926304137692466,1.4326794693896159
555,0.677831079376826,1.3230994159485947
556,0.6831725805308373,1.6647379478862498
557,0.3789307634786005,1.4121944695622188
558,0.5921302757137533,1.241010004485608
559,1.1830478252427725,1.5277490314598827
560,0.104406329017654,1.5489367407621821
561,0.9608623627109322,1.391090339953654
562,0.5284098766454568,1.083361150928336
563,0.8389578486950579,1.5920750547021771
564,0.5271462291788179,1.5478854274854947
565,0.8282638728188274,1.6208850468335976
566,0.49852118912641935,1.5829017507313103
567,0.7690298699625382,1.4781098840089049
568,1.1591514240910525,1.1489155380234202
569,0.7176607635456143,1.2086038734010387
570,0.7566356307373352,1.8909621300633135
571,0.30300280092681364,0.9002282044275258
572,1.058957539910038,1.49003737711451
573,0.6673267570088716,0.7857774981063987
574,0.8456414997106968,0.7429435553373194
575,0.8066957103945595,1.737731842708778
576,0.9181922045716752,1.0474125342849985
577,1.2420292315850106,1.4904744709586948
578,0.5222180896229428,1.5864283090968632
579,1.1728902281910556,0.9721001831946361
580,0.7069255441129098,1.1495192912493546
581,1.0815905435182627,1.7922652193170576
582,0.29114055098021635,1.3294008770430499
583,1.1264344179489525,1.7832046524090055
584,0.5607124683977496,1.1975134407979358
585,1.2554198252999922,1.5007867049959578
586,0.5576449314881368,1.2044718264074008
587,0.559470343184935,1.0441407795917859
588,1.1138747037733496,1.4550554454142666
589,0.5558629983100648,1.0325618596194373
590,0.6282379677109661,1.6157313262822044
591,0.6939491747051384,1.131222386907559
592,1.4486389064404308,1.4412972228317573
593,1.290444475505913,1.00609568311391
594,0.8762019843989679,1.8150763331932336
595,0.8231908253109266,0.9880827437282909
596,1.280438163884452,1.4876755291064725
597,0.7427425796243985,1.3700616946737734
598,0.43317930538622257,1.4859152979744619
599,0.7183531499126404,1.6961971442871187
600,0.5764742092258517,1.1662915156281364
601,1.2628983094196997,1.3692597517447198
602,0.772029735152546,1.4886975950176056
603,0.8691932078092492,0.8640957604673656
604,1.0317655084123367,1.4496955664331796
605,0.23359270531204004,1.1327377454777392
606,0.7958477559080456,1.2998825771996758
607,1.1630735843350353,1.445415095580145
608,0.5530935787985384,1.4168798700958456
609,0.5402870033111372,1.1416073962447064
610,0.49403753239008197,1.8725029178966237
611,0.493274645683392,0.9979291224173439
612,0.2630366872070643,1.3552019314059176
613,0.41777454018334625,1.7002151420534173
614,0.7507174262915145,0.9254749317635134
615,0.845777959512415,1.6205704871842697
616,0.1474454522405189,0.6569542798716275
617,0.30383138220232825,1.411591023245521
618,1.0017048992613422,1.3884905573767843
619,0.8788767261696143,1.3800844982676228
620,0.6505057241476404,0.5556598482843749
621,0.46738226120999404,0.8246941996859203
622,0.562378950260772,1.3758744434902583
623,1.1359863519391848,1.3908881653206433
624,0.2642153402526975,1.4204122500823262
625,0.8992165202483671,1.4759688251379175
626,0.5424671655823861,0.9941323835557037
627,1.001310205355107,1.4130882770342228
628,0.440839171217373,1.291860701779179
629,0.5672374506450771,0.9071842010219693
630,1.274116978070898,1.6952717383473759
631,0.4300408969633397,1.8123417116814577
632,0.9582456990126108,1.524627066193318
633,0.3333270594871767,1.7492453416100715
634,0.5143858310520416,1.6272843344627757
635,0.8942450212080748,0.9351252411530095
636,0.8578706555255167,1.4858747759920514
637,0.8300669386200854,1.519060432811513
638,0.41210317158690646,1.3033104919767768
639,0.5761523611886337,1.5147496765980395
640,1.1418515684886967,1.2092149694152505
641,0.8270935360945592,1.135426541270868
642,1.0368587836260081,1.8033418134238635
643,0.7574433607548372,1.3311230702648638
644,0.8606963795610638,1.5173949884636206
645,0.8229759195057891,1.113027973028299
646,0.8042620710379415,1.5615872792713459
647,0.8114946995539445,1.700399675566108
648,0.8808479204987499,1.2691114074764829
649,0.46413063309807717,1.4408807574138458
650,1.1307996926071633,1.3081412602364215
651,0.5909649492823804,1.4244698545037442
652,0.6251377743109396,1.5428678590917844
653,1.0391261382452357,1.2384795418451962
654,0.5156252688366167,1.3427613747856983
655,0.5586891447989225,1.06428302240698
656,0.311837939543487,1.4103065910389345
657,0.815293500108013,1.4086377402599544
658,0.751718169945868,1.1728347689056084
659,1.3169605470795729,1.4956074626108962
660,1.040700704483975,1.2361419371811562
661,1.5165165163718888,1.426661563094843
662,0.8347857086260962,1.6680007960780145
663,1.1664535181948168,1.2265673354485918
664,0.9245617390064429,1.0527332902987863
665,0.9278044966685245,1.2284077605699792
666,0.29914097528289463,0.9808285141249993
667,0.509938741411811,1.5768725407258037
668,0.9273269953903832,1.5649509498191645
669,0.7875958288521915,1.3704364136639313
670,0.3806261065134162,1.4273421152167693
671,0.6233724812508148,1.2986632523555504
672,0.5135292409393079,1.2362782672601078
673,0.6477743191321902,1.6616117068365512
674,1.025210991257178,1.0044480296452196
675,0.5621025484439146,1.3706646912807643
676,0.8043368311038153,1.3997210679757663
677,1.343911650950433,1.7893900842425632
678,0.653892790426932,1.6899359056103844
679,1.7749254508781123,1.0373919193028847
680,0.22744142815079416,1.057658097784545
681,0.7315907118381595,1.331752211451076
682,1.0288146735261976,1.9310748626608765
683,0.8293562097935236,1.45254980601044
684,0.21574951537928524,1.1597105112397281
685,1.2198645439391846,1.159264986459867
686,0.4770884792878145,1.3341022461520717
687,0.42048375872845234,1.3577221158044026
688,1.3274955394258117,1.7383331788188048
689,0.32462712500778995,1.3389550007445
690,1.0863094301748204,1.268868537259182
691,0.8827500262357655,1.4728367622906609
692,0.9402872162781695,1.695529822334168
693,0.9345240247054757,0.8124721913963557
694,0.8601191897189252,1.53619105151865
695,0.8166357074225672,1.5310255059163325
696,0.6908198419260426,1.0808022272170574
697,0.9368925243826215,1.2145350803493704
698,0.5837248082360617,1.390220768041585
699,0.8734505840340504,0.935587091015674
700,1.279754122166605,1.1650578077950997
701,0.2936324546050816,1.5488653012998976
702,0.8995786154647598,1.1425697276662605
703,1.2517986387100672,0.9241090102881588
704,0.5525268014789384,1.0712343142545868
705,0.3038044947175825,1.5131897370654597
706,0.9385940787134607,0.9085135686776797
707,1.1248672890897655,1.1248751219956663
708,0.2016630164626814,1.7603741644331468
709,0.7995019554297402,1.035612954499499
710,0.3756816711055345,1.3205544017877402
711,0.6165872132634344,1.5963286788606115
712,0.23487868233081552,0.9432555459706105
713,0.7858682871803793,1.5597956569287428
714,0.7237258011068533,1.332197845120366
715,0.8539915608771925,1.216461584089568
716,0.8315329064656745,1.2305310652511658
717,1.2410949950198944,1.1008269323037752
718,0.9758183391586838,1.4211588038916196
719,0.472315320253694,1.60827154112923
720,0.7438414001256333,1.5543823920136925
721,1.2021437827121189,0.9033861603042654
722,1.2095053857161684,1.238536184564536
723,0.3427837524239084,1.7063274564882747
724,0.4636551453340799,1.6555034306744245
725,0.6669820046389048,1.46425361865316
726,0.7520149806870583,1.356667974733542
727,0.7927231323928431,1.3470775103928472
728,0.6713838982287212,1.6975779677276224
729,0.2699268418067966,1.2326749466094098
730,0.5674703000466718,1.6370808142495537
731,0.7837537953283467,1.3789023942520247
732,1.1066495055774566,1.7893714310413305
733,0.7516494542116656,1.7385495146297494
734,0.48261244292382194,1.241161431443488
735,0.8835775262196834,1.7411952972354032
736,0.2766382440023372,1.4154904795464778
737,0.4055761746528374,1.5389754405663023
738,1.2057309383512351,1.1819676915130284
739,0.7404697209829387,1.5055328088302777
740,0.9127129241819475,1.8478109245932683
741,0.6450466602173719,1.6303684803999936
742,1.207973418231593,1.329857907940474
743,0.45331365859779615,1.3941323238504064
744,0.9059213467698061,1.2456234841969223
745,0.8177962288509285,1.438512914609856
746,0.21241281148326166,1.2480455991046855
747,0.21435320866330929,1.104201924050054
748,1.4036116023261829,1.571070610214143
749,0.47371184377509123,1.5721289606972215
750,1.303589351795264,1.5679152439606427
751,0.8417733185690874,1.6627070003992617
752,0.7265872697268226,1.635481012413695
753,0.5349016576945469,1.099776945998495
754,0.4617002133783518,1.7422151646285382
755,1.0517537087805746,1.6112480113741292
756,0.7214721961144682,1.5360726145177668
757,0.7447285743088088,1.323735199842754
758,0.8285912361140154,1.8032062939550064
759,0.6083021678515799,1.364457059413728
760,0.8659704071346734,0.6958403849751447
761,0.978537800559889,1.3859219040143786
762,0.9724384047078897,1.4223494168879651
763,0.6495105378536841,1.4927109564574177
764,0.9294786358254196,1.604285186778343
765,0.6326163642632292,1.2198563961201334
766,0.5098367761009378,0.9041123532453301
767,1.1051837509526188,1.52534730853841
768,0.7109981380841697,1.32286499052524
769,1.0355892155644042,1.4807013704021954
770,0.5274784485914191,1.188771248980247
771,0.7232347348304696,1.788304629903371
772,1.0042148672794924,1.70530450281229
773,0.28326899768874736,1.2353742872454114
774,1.0604164386785353,1.3649050631261908
775,0.5889881119621663,1.6849705180696382
776,0.9123624885561918,1.004221953817539
777,0.5155559970833328,1.4119262583466634
778,1.1908448108629426,1.2212779612524565
779,0.9168719184848327,1.2738393934667427
780,0.8830666914311665,1.1215253690540763
781,0.3576592760707949,1.1952643691196725
782,0.5306932236603261,1.4454258107465805
783,0.9036565351454194,0.874069890044433
784,0.4151534289208141,1.386722988734133
785,0.7795234228249418,1.5942710888496268
786,0.9901340155512687,1.165484515487952
787,1.2814044910380804,1.13424188844037
788,0.7660234834489775,1.4378616203454442
789,0.687278219796841,1.100119821177448
790,0.817345591588102,1.296358858923303
791,0.3806098854749755,1.3546752658839505
792,0.3802974656203838,1.298810814350342
793,0.5212892861119175,0.9307703590678658
794,1.1221555642506793,1.5484962930362436
795,0.43847452476396076,1.668202240297405
796,1.5233062580641257,1.4842382168751094
797,0.33235063333391834,1.7618682967129378
798,0.8436389790796445,1.6107192758827868
799,0.41446302682527314,1.2447641577213702
800,1.153241238934899,0.7352938117836396
801,0.4254011603408599,1.7341330851696222
802,0.6112091242709163,1.901672144221078
803,0.2620393951603066,1.478406476718226
804,0.7321884183584463,1.3778400783043212
805,1.1823694372768812,1.4440474320582504
806,0.6359828805521129,1.5750425367899488
807,0.66911907379901,1.5492944926344283
808,0.3980706872633717,1.2967246027604662
809,0.8790539284688031,0.7434106977634343
810,0.8896136943283125,1.5687799629965349
811,0.5891723600993486,1.6271831114130506
812,0.8880163599570176,1.616156481464941
813,1.0070958069772569,1.1842497301621402
814,0.230127682028833,1.4660733379500543
815,0.8360359972925878,0.9032031224991957
816,1.5137671840089342,1.4654256495477305
817,0.8901456580226036,1.243312894961051
818,0.9193512001482865,1.2713502460515065
819,0.96754880022023,0.895263158310933
820,0.5415897195354711,1.8047962819784766
821,0.1386101757269361,1.5796196123720592
822,0.791985338853995,1.3595915598039743
823,1.4216858540278083,1.6023198901448759
824,0.41303664955083613,1.5100703378541849
825,1.247053304250673,1.3989611792762693
826,0.8576823754042159,1.6052235060242888
827,1.5820336371497337,1.6386076998131824
828,0.8793018348544411,1.50425709630901
829,0.6059039189017564,1.1632584403700017
830,0.3962338667745803,1.4528326937167122
831,0.8987719480391566,1.2571721658302484
832,1.089327814714715,1.176300361333149
833,0.6299472964102572,1.4405625267378968
834,0.9548002537502268,1.477329123744378
835,0.5126110823301214,1.8066507181496143
836,0.2238543541839423,0.7942607462559783
837,0.49581182805645063,1.6221477669378475
838,0.5012738111200615,1.2270006325079987
839,0.6431986626230524,1.1789375739860288
840,0.6220281842806068,1.5566250490252758
841,0.7155096243732672,1.3358264435570795
842,0.7038318299628827,1.1436707999729612
843,0.4532927726314533,1.337765340311429
844,0.9256760499337333,1.2022220133849504
845,0.23679568603564705,1.2596125113972527
846,1.1698193424366816,1.6204907073369186
847,0.5309987072459034,1.2306554018826823
848,1.4125962398509724,1.407598225547979
849,1.079052259341364,1.6425912202082387
850,0.8252203228031086,1.2236739780724124
851,0.9826575799451344,1.492186018817212
852,0.670654458512634,1.2555357579036888
853,0.7587719687366888,1.3539170093498627
854,0.14751629639940422,1.4494890194357275
855,0.4264191608960728,0.9422969896038931
856,1.275069526427614,1.3815097112170265
857,0.48706280561692705,1.613341592009595
858,1.086088178174246,1.1116035195917666
859,0.6625724979105979,1.3298160344359764
860,1.0871536124886678,1.4033631543428218
861,0.7813834741518347,1.2959067278825898
862,1.4176041737745952,0.7358605488143248
863,0.8839554284940999,1.1688535761487513
864,0.7278767901583552,1.52722332810424
865,0.8114947323933037,1.1384558240169897
866,0.833124396316019,1.24314499459049
867,0.4773866971295495,1.43435582853202
868,0.45324854372239554,0.7882323608355852
869,0.3714939037866802,1.5554691244083463
870,0.6293317861165048,1.4386003353944272
871,1.0579231080141378,1.581401103220766
872,0.352384804707717,1.4180618799017832
873,0.49271468766259674,1.139439259082544
874,0.8228240587077799,1.6865902746863202
875,0.7039904910828668,1.184310540372088
876,0.9345831955109235,1.8547532705461054
877,0.427783126956394,1.0639435789530491
878,1.098874500435482,1.2018039184041376
879,0.589190389624982,1.215486936823716
880,1.1660276321956533,1.4421690380469965
881,1.0585587833035404,1.0441386724996031
882,0.8409574209960975,1.355408206047882
883,0.4927387273496167,1.0496497802338105
884,0.890545836266292,1.8215906149285157
885,0.7878662049200267,1.6307031657784257
886,1.248733704061894,1.1179191220831237
887,0.7706283771060569,1.1249616296524323
888,0.25460479966648025,1.0079191738672393
889,0.4215452619129136,1.3046926655029714
890,0.5073513189481668,1.452472670216012
891,0.8189456359548879,1.4759108576556728
892,0.6499800593986981,1.0657215410495904
893,0.7921826726927185,1.4361457411756122
894,0.7403425299143571,1.5356601500469362
895,0.6283432109225,1.260839867698118
896,0.3777983143714342,1.2757852720409586
897,0.6846525551320473,0.9839917137064029
898,1.0077755459584954,1.1890892840989469
899,0.9208279174332042,1.5483981065019308
900,0.8677817033771906,1.2035540729608587
901,0.7398298135188571,1.4668104714546493
902,0.32827015978008783,1.680101197704758
903,0.9185311915016386,0.9775558430864537
904,0.8421650250133647,1.2294041757620222
905,1.011036887013445,1.157438043838066
906,0.823910656523539,1.0331683153394513
907,0.6971137366842333,1.1940348513718135
908,0.6567096796794166,1.1722302772142998
909,0.6628686566835061,1.0404733013267853
910,0.9901374911558729,1.2809609550600816
911,0.7398965447129123,1.1685224847489244
912,0.4934520225030985,1.727162603579397
913,0.697881772326439,1.3505357142900412
914,0.641216037851698,1.178522466186168
915,0.16097734441970815,1.0818394374472338
916,1.2414428038590541,1.8126804889781873
917,0.3741298773412191,0.9811251509827559
918,0.65249302081273,0.9857469211826393
919,0.9860128103487937,1.0944701621925947
920,0.40801879253253004,1.343026142157796
921,0.7459445012913374,1.5161457972246404
922,0.7872050208401191,1.322620794201224
923,0.39673653701054495,1.1849809720677595
924,0.2602995697836593,1.7967034402760982
925,0.6119565803560685,1.4110376054151574
926,1.0727801307824092,1.0436019993894983
927,0.6884312372980301,0.9001284500349724
928,0.4508248813808861,1.726204179852803
929,0.8346652956679224,1.8801006123902064
930,0.6617878836250041,1.4776664302942484
931,1.162722684742906,1.2760228292712645
932,0.7394448566764379,1.2935384346228251
933,0.5364856244612491,1.3373275230279407
934,0.7720407740692912,0.9794790212445916
935,0.7760376284400091,1.2867129470869083
936,0.6885450766913805,1.0371558386011621
937,0.9398161378164077,1.4500514574799452
938,0.7570737693752492,1.2370338519453061
939,0.4891286015121115,1.2993851616605934
940,0.7429843005022835,0.9550176382958706
941,0.2556429707435024,1.3929870682334524
942,1.0259855653890628,1.4872204413768004
943,0.7061251979090865,1.4507469664611286
944,0.46241211273552957,1.4093229098899291
945,0.6191391222019806,1.5962870971212897
946,1.202137337792374,1.2987248319015379
947,1.1361212036104351,0.6051465630350832
948,0.7652112711597304,1.1095165104205233
949,0.7400640807617056,1.0639957050739617
950,0.607259111298627,1.4892884938772515
951,0.6394106459385859,1.1385164705238153
952,0.5813232938182493,1.3270359721974194
953,1.3292137929326513,1.6412620869622443
954,0.7037182184058639,1.4720293310290868
955,0.6243484917812768,1.2924318581674323
956,0.8698472744011775,0.9229148004593819
957,0.5870659610324027,1.0266281318916954
958,1.1851193149620618,0.7970482250982585
959,0.7442994269636408,1.2024301213571802
960,0.7471098488104887,1.6462150100934232
961,1.0875555605791414,1.542107463708166
962,0.4939408592285285,1.1085501690090211
963,1.2093488687376275,1.3100487230717728
964,0.727626922648332,1.2928494161697124
965,0.1376333999035774,1.4746434332448728
966,0.23319833143206045,1.3943135714345778
967,1.089739304189438,1.3817505846259275
968,0.33489935888261824,1.4358404829513904
969,0.3506094299985956,1.2470337414649038
970,1.276320900968433,1.6067237235266816
971,1.2515104204501124,1.4167293442684934
972,0.9154939482288172,1.5516855285392914
973,0.2731282694175302,1.2613638356746955
974,0.8610074570745585,1.2296073490176957
975,0.8806342562113305,0.9253842810059512
976,1.3759946702602626,1.3162712658199647
977,0.3022835891265538,1.675127472140153
978,1.300695717264845,1.3325620280461603
979,0.7784224587674526,1.3869400461207109
980,0.5348566035898602,0.9313911654603948
981,0.6561623270525594,1.7504766448937539
982,0.861141956637766,1.0748946711672223
983,0.7792544332770398,0.8685646840004337
984,0.7495111477175441,1.5034830996844033
985,0.37113473978200656,1.2782682926592888
986,0.5921846511291711,1.3720204892284484
987,0.9253236695583658,1.276976742326595
988,0.9707098503391764,1.1341410983779672
989,0.9454529746200945,1.0111407065984652
990,0.9614177138881046,1.4642988188760782
991,0.43481465578062256,0.7622880933559355
992,0.5166957218384427,1.2140719684860146
993,1.0309800750511713,1.3112067482834284
994,0.3431060107231191,1.5300483317366322
995,1.480318596040817,1.326574877426098
996,1.1142092148126324,1.116389347895676
997,0.751883405614225,1.807640093440234
998,0.8700570819529986,0.954910128238956
999,1.0008275897272358,1.532645667422043
1000,0.8314462639886204,1.36389546060332
1001,0.6059770607716011,0.7836845291454475
1002,0.8941366367672371,1.2784311855075294
1003,0.9350198799031522,1.0833108976106418
1004,1.52167600835879,1.5002333659565765
1005,1.2089558049140618,1.288404218155076
1006,0.6307641557416931,1.724548440610491
1007,0.3321274122476635,0.9075298380449459
1008,0.921087451289715,1.5260711776250921
1009,0.8925594846898571,1.7890602711370773
1010,0.49760736910035436,1.7412329288303892
1011,0.8363948643464258,1.1779486572465807
1012,0.8043847741834255,1.5090291867637229
1013,0.870165880716033,1.3529486447068142
1014,1.1543757630024323,1.512963038933595
1015,1.167463544593415,1.373730170386215
1016,1.2685453477081892,1.4538679861252652
1017,0.965202282751147,1.4967404804269
1018,0.6096007125867895,1.402228489440314
1019,0.6770924434019396,0.7166256388495218
1020,0.5396129403637311,1.209682092702038
1021,0.2983128161442786,0.987633356095267
1022,1.013346634029956,1.838960570989327
1023,1.0018697628413462,1.5470438915720195
1024,0.6164599355433583,1.5561287993345123
1025,1.1035332522001993,1.3861509590412546
1026,0.5865847760677938,0.9250396475432232
1027,1.7514226311170091,1.152108236962755
1028,0.6963871676969378,1.3833338034718299
1029,0.9630146753109564,1.146501563650201
1030,0.22194049705787378,1.5064423695324254
1031,0.7435092571413124,1.6315295053955958
1032,0.9956738962828141,0.6666544180884155
1033,0.6424582829129871,1.4618002920331419
1034,1.2366047018457842,1.1774663440811703
1035,0.7390406565813427,1.5625807518909773
1036,0.2745940762398318,1.523482929619317
1037,0.6475728089360622,1.5121036248554127
1038,0.8208149798581866,1.166108063726848
1039,0.738560838015511,1.8615832800848815
1040,0.6048418125963461,1.019958451306966
1041,0.6573954919390959,1.4221700517906466
1042,0.5030504750291516,1.3961911491642383
1043,0.3895426932121276,1.7520765407841312
1044,1.0295636032392428,1.4811954451249942
1045,1.089351823566936,1.6311208487696713
1046,0.571956512070693,1.2705963942534106
1047,0.8363172488458949,0.7190232413156927
1048,0.8491715143142458,1.1207308955050634
1049,0.581081695997345,1.4997974867607708
1050,1.1460711210447683,1.6812155870465182
1051,0.9428838661050714,1.7765412532771676
1052,0.9159705798018399,1.4595793081255015
1053,1.0441038856310938,1.1420981924981395
1054,0.6752713235757285,1.6552003285674564
1055,1.3513943727264686,1.4491348788519538
1056,0.5903419176742856,0.9996446826655623
1057,1.0494799657807445,1.749196905271346
1058,1.0330441230204297,1.5060333246940267
1059,0.5929080532023455,1.6786777619553095
1060,1.4688146798272945,1.5416343916551172
1061,0.3238779072543432,1.8258795021359178
1062,0.6265339295558352,1.5157350258492954
1063,0.9764252205508058,1.52657399643489
1064,0.4734906182871141,1.726379795614367
1065,0.6849684382735938,1.1663159773705631
1066,0.8494075834256274,1.3788575250857544
1067,0.361554386634905,1.4155666707389614
1068,0.35622951211327847,0.8751548431986782
1069,0.5922576908380545,1.8043543946535807
1070,0.4449740739587655,0.8915071040487648
1071,0.8381497796002996,1.525763585738134
1072,0.9005522638536436,1.6439484351501108
1073,1.0389929313001418,1.6499409226901631
1074,1.3215756488999397,1.2972239716609475
1075,0.3925042845022921,0.8679116562879512
1076,0.5884650641822321,1.450044879407513
1077,1.0636919200959687,1.551978728704383
1078,0.4355106142936078,1.3482917048493053
1079,1.2438527703273916,1.579083772039585
1080,0.7261283262819516,1.5281286599378894
1081,1.002340254386744,1.1816659737487762
1082,0.7149657456024031,1.2880423852362357
1083,0.17599357121712678,1.3074411464798659
1084,0.6618561864517386,1.1905616620713684
1085,0.6578788468523221,1.5544947651398018
1086,1.1043568025054944,1.7298244589169596
1087,0.7911604422308759,1.4366701323680224
1088,0.9733665843539034,1.800451810429117
1089,0.7368947942944529,1.4843629990073484
1090,0.6124971281244999,1.3549828187414283
1091,0.9339307163810207,1.408148324219154
1092,0.7451111249180474,1.096375677093679
1093,0.9751614850842595,1.4196027460747036
1094,0.5158315663010351,1.6016098660511489
1095,0.3032339614749441,1.1982355891370315
1096,0.22257790424306756,1.1950324873172384
1097,0.4478468680651333,1.1616389128003055
1098,0.5747389145368094,1.3427018708475433
1099,1.1029915839437856,1.5487531092386244
1100,0.7214042355317353,1.4187273211088862
1101,0.897967357013607,1.4082613589408426
1102,0.6750503271134132,1.7037379043742493
1103,0.30349282604311406,0.9364587041683179
1104,1.0221104767295905,0.9588817221568084
1105,0.7781201491194801,1.358134376712607
1106,0.859055663817484,1.0582268204777276
1107,1.432244959528314,1.1148038106359075
1108,0.5567353707074258,1.3567551950049561
1109,1.1592772898865566,1.2781377462265917
1110,0.8845069070382112,1.409197608592256
1111,0.7606146621528331,1.1470575910760274
1112,0.8826666855682986,1.2846146789445287
1113,0.5073995058815743,1.5728265065565374
1114,0.4894041224135223,1.3552526789970545
1115,0.9731436800577995,1.2825883503947937
1116,1.0517252689116565,1.4157032807737355
1117,0.46614463499260694,1.1330642388265777
1118,1.0250143985059776,1.2781666081796659
1119,0.3544739720748969,1.3382384439670023
1120,0.9103625147694155,1.0617074281276273
1121,0.780512906845485,1.1854274025535219
1122,0.979357520514345,1.805092019314574
1123,0.3649333562265189,1.029252891064492
1124,0.5798056137802513,1.5640254737695738
1125,0.6823355867670324,1.371812547446241
1126,0.8374881100332764,1.405852339698725
1127,1.373167777058825,1.143728828420121
1128,0.7018265743808553,1.4341053510220005
1129,0.8610772310404813,0.9049958680885986
1130,0.6294554766374857,1.5426006508739611
1131,0.5141111406307138,1.1223150946791802
1132,0.5223108948632341,1.6201419687195346
1133,0.29948188470166104,1.0792912445889304
1134,1.2871553266063491,0.8736919910651235
1135,1.0127510485190423,1.629417320740365
1136,0.8184871508374435,0.7284651826367403
1137,0.858002635543787,1.5716106170137083
1138,0.784727143274097,1.3846234811643146
1139,0.6448793131250935,1.0439149503942793
1140,0.7516080798377889,1.8791347111283976
1141,0.5907777774032142,1.1453508849639489
1142,0.7634982157425949,0.7404295521612738
1143,1.0817953266239098,1.2224532229243128
1144,0.4745397022862887,1.1861611074608747
1145,0.889225144190201,1.307968179366395
1146,1.2995050078925885,1.1829482545242453
1147,0.9075277467760996,1.40863738206089
1148,1.0490634085217005,1.4015967850961986
1149,0.9106584090219532,1.371243842275606
1150,0.43091634423792596,1.607380818745068
1151,0.8563581805822768,0.9888297854685859
1152,0.5941286890436414,1.2954446243990827
1153,0.49498105206636056,0.9468835734637999
1154,0.4637875653551194,1.4177107913889995
1155,0.7543611257380426,1.3468741894017737
1156,0.5794705025083314,1.5974009951388117
1157,0.7672748032976335,1.2265509936594066
1158,0.5146575832840647,1.5651830414960957
1159,0.7092398067170577,1.3709106968918032
1160,0.9797175702776747,1.4247907395786
1161,1.0521217443405944,1.378623853454608
1162,1.0789277650336397,1.4189430706660726
1163,0.746374565648468,1.7517675851785017
1164,0.786190849794484,1.2751070358632497
1165,1.3654076860755455,1.2983150724557473
1166,0.74321270313811,1.5326364210490055
1167,0.5746648517474042,1.5507315872437188
1168,1.1504038639570313,1.1978793828949397
1169,0.6008335225124657,1.6112634694735042
1170,0.48414316847024,0.9506681813272793
1171,0.4994059423122894,1.2550621550639562
1172,1.1600286959051687,1.6161977964419432
1173,0.9976464851978438,1.095718330533013
1174,0.5151204451984592,1.0774701232209671
1175,1.3616930357939638,0.901005004328816
1176,0.5266331653723484,1.8474429474636087
1177,1.4237074202190516,0.5106960704498116
1178,1.1968354714818044,1.4943386916031316
1179,0.906550147308312,1.5701024144755478
1180,0.48810356282890033,1.3512988150811356
1181,0.7030605138271433,1.7129768791943893
1182,0.7693288310326392,1.2723917767597102
1183,0.5839327138468516,1.513567616875988
1184,0.6080223004999094,1.7979229555752105
1185,0.9881595521100507,1.3476073160224709
1186,0.2603466195355929,1.1550012377779262
1187,0.7773540603395489,1.773541403524382
1188,1.407163041159455,1.2711555309079774
1189,0.7015767474625076,1.324603359042503
1190,0.681505236181001,1.342684790884228
1191,0.9570380163284253,0.8916486102184566
1192,0.7932828906141177,1.5796516178985087
1193,0.9059289864188699,1.3409342868886804
1194,1.2504229041470079,1.1813844660720743
1195,1.0550592272450563,1.9254739135509138
1196,1.5645107736425958,1.6737840114524185
1197,0.3755450893607682,1.444342638902738
1198,0.3492478976849342,1.3234218556863422
1199,0.7740001734630714,1.6466251258106757
1200,0.18450315615964513,1.7434918485436293
1201,1.2773542051172773,1.491278028706212
1202,0.3380871220166662,1.4568216942333572
1203,0.3035051936204084,1.2432256592212367
1204,0.499040501766725,1.5235350067536146
1205,0.8013305656568952,1.7498278182515759
1206,0.6854965827671098,0.7375509731294656
1207,0.5786969664677539,1.4022794492054331
1208,0.4038944267204067,1.0436332174420269
1209,0.7151008254925895,0.7158988053830104
1210,0.7246609200379908,1.5531099402043775
1211,0.9783029020842532,0.8292533044300261
1212,1.0036041433370622,1.25323849351047
1213,0.44409038528862593,1.3741325319852156
1214,0.8449422532766264,1.3732879430858833
1215,0.5472189812870263,1.553037341330257
1216,0.6779754304888035,1.2803127359893476
1217,0.7137439871366208,1.3347803973103085
1218,0.6665621362321024,1.3714893811921431
1219,0.7674532681410945,1.6209838987395209
1220,0.49710820220324065,1.454418323565346
1221,0.5667435091497379,1.162660297200235
1222,0.15055093163580763,1.412549664763025
1223,1.507685642661399,1.268181593564077
1224,0.8956985479891506,1.3801687529688642
1225,1.2020595748877154,1.696310814153777
1226,0.369051409939139,1.173492715728271
1227,0.5167763756485216,1.9088566188733986
1228,1.1224437128477884,1.251448104644805
1229,0.7657233417125355,1.5678542929017836
1230,0.6296802185478942,1.5929985663089181
1231,0.1619027033771698,1.1649907266623174
1232,0.33577335551501186,1.1588121626755314
1233,0.4425510898698909,1.3138025590446643
1234,0.5954407261786848,1.5764642569722538
1235,0.8119500412430474,1.5172446947954525
1236,0.9975540519145666,1.5981290709603608
1237,0.6385964882269766,1.5002061974990464
1238,0.5146366217174716,1.7517303252901204
1239,0.9575715675309573,1.1021332955897825
1240,0.4233789076584185,1.3946031804760102
1241,1.2085851293914054,1.1617721212604537
1242,0.9470496240912148,1.5085796123481388
1243,1.064757820789035,1.5890998937822047
1244,0.76635627471431,1.1788227511395704
1245,0.4920067533210673,1.2865316767999402
1246,0.684670917951392,1.0808613314606608
1247,0.6797894405637175,1.1998054623442866
1248,0.6109798870413337,1.6404004965295158
1249,0.6921412715589013,1.4838754465852122
1250,0.9078768874978831,1.3970596087264127
1251,0.5129342563947403,1.1138218923880572
1252,1.5536738099613165,1.2191186692975124
1253,0.5405605272331013,1.2170377665072718
1254,0.08867553306757883,1.3594308142918212
1255,0.48631853858358975,1.155564166067484
1256,1.1069309094826532,1.1463799943673276
1257,0.4818469482878521,1.4708098303818316
1258,0.4075659924611015,0.9800100977645541
1259,0.7339280686052861,1.840418688877635
1260,0.15828632594811778,1.6005054382221873
1261,0.3917302273927791,1.0047297782930285
1262,0.6467085219071207,1.302852346430417
1263,1.2889488935596676,1.5267851563497923
1264,0.8656949948312642,1.1996450956392577
1265,1.0737783104467835,1.4491266172558768
1266,1.039782235279236,0.9271487915802865
1267,0.4961485469894468,1.2054996431745744
1268,0.7502910844319955,1.7079139650231498
1269,0.4540822278039896,1.4106501479769613
1270,0.8134051308788511,1.7182933070912836
1271,1.3017585247504055,1.1366511857489063
1272,0.6161037970803493,1.2581396474755058
1273,0.8145231252400811,1.691528083532954
1274,1.1114391890025146,1.2596004976909663
1275,0.6063330183171259,1.4998637694461503
1276,1.4000874089838908,1.341324080858173
1277,0.4905745566897716,1.3640066766505412
1278,0.3623031580713729,1.7918582523898354
1279,0.8790750811049015,0.9432766624667568
1280,0.28969313494583954,1.3855041637225631
1281,0.6066150785661075,1.1596205215536228
1282,0.8760640628137256,1.6141177033466307
1283,1.3014519409709222,1.1789157853445467
1284,0.4365522039456812,1.1630270323618794
1285,0.6695212942990867,1.5639186443757587
1286,0.5949852932621748,1.5349114102044608
1287,0.438604499008961,1.5214537166963722
1288,0.6882590239250318,1.8208351418994873
1289,0.6546655659828537,1.0372985883982353
1290,1.0965940508149992,1.1108909463635008
1291,0.7164572821904913,1.229190679914038
1292,0.4949265903420251,1.4259926149337434
1293,0.7071924540713878,1.2259980191246647
1294,0.39456196628559675,1.4919183069881226
1295,0.6568087877301657,1.5463496240984658
1296,0.9784526493284363,0.9301862200126194
1297,0.5848515753189288,1.4166459447257849
1298,0.32703918603725407,1.4772774064525027
1299,0.6622270644363393,1.3122387030378202
1300,1.061472124967981,1.08438159087756
1301,1.110014420230136,1.5010787493225997
1302,0.3571178171068848,1.2233581492165797
1303,0.7168512515964923,1.377384778365089
1304,0.7970845737055148,1.1657901818274352
1305,0.518374467409577,1.0556591985954185
1306,0.6943061661087415,0.7634067236820352
1307,0.6082332151281414,1.8471036029221288
1308,0.7246903539639149,1.0251012247587519
1309,0.5755408067158789,1.184779248277335
1310,0.490489416521334,1.6414274591031726
1311,0.44539296830443187,0.9247039580435836
1312,0.6546998511006118,1.2748577390284677
1313,0.9098782611899479,0.7514823250619886
1314,1.1104283640054882,1.3273282505352855
1315,0.7347801212070393,1.425387435411293
1316,0.7469609883385258,1.0715166944856196
1317,0.7443842757675002,1.2559114904435416
1318,1.1163137616389525,1.1171267140858032
1319,0.619605132615551,1.468988136911024
1320,0.7603942051368917,1.256112057751547
1321,0.8174583122604371,1.6337057361655378
1322,0.2868327832038296,1.3214104154564623
1323,0.4534513701770686,1.1823857713735877
1324,0.9477602573752766,1.435071802613317
1325,0.7503334040326795,1.3583977928467181
1326,0.8093449105632327,1.3850941115492432
1327,0.8745247752556208,1.4204058253147782
1328,0.7845686949378176,1.824637598861467
1329,0.7197261000086992,1.4886049083034016
1330,0.644746849846103,1.4802409709838145
1331,0.5371123872217356,1.05903488880025
1332,0.4579082774847959,1.7261256551257884
1333,0.3071314172720246,1.6286628325919739
1334,1.0251111880206965,1.2922868123297586
1335,0.9083984434677724,1.4421016381820224
1336,0.8391260017667712,1.1945132924983048
1337,1.133959455661387,1.0849897087446692
1338,0.4853180025558809,1.3633569412846118
1339,0.6453268156388002,1.3238928717994622
1340,1.0810368542155748,1.8804160089012356
1341,0.43503493299432383,1.3187027859255867
1342,0.428826417506396,1.3173835629440307
1343,0.7283640780231889,1.1294533340235695
1344,0.488076308989571,1.6384393078700434
1345,0.5517561156905331,1.3357787900296159
1346,0.9065422045216439,0.7820882662286952
1347,0.924142684106158,1.3651306692035687
1348,0.6742071424125491,1.6858519396478826
1349,1.1762777266498803,1.2684765558404614
1350,0.553000654898296,1.5462708981667501
1351,0.3467569754287395,1.4832138654967397
1352,0.6939663343582053,1.8770446772222267
1353,1.079456943310971,1.3697652770419098
1354,0.7456978772188245,1.3558134896402712
1355,0.787504854822409,1.2182729642849823
1356,0.6722790880112536,1.1975208782578601
1357,0.8475239434469675,1.3013232942245465
1358,0.23821018505073022,1.1175111816073608
1359,1.0966963583019993,0.9505413584496039
1360,0.5855007358455598,1.6011651186770728
1361,1.1921455289846175,1.4436154808909416
1362,1.0779446553519727,1.5120493176369871
1363,0.8313698714073284,1.5874821906509338
1364,0.2689583160858583,1.0954947709083593
1365,1.0705643549609456,1.1348157687856677
1366,0.77383231295962,0.9193771255489316
1367,0.3875044259001483,1.166582798935584
1368,0.6986716613344783,1.6620587638634252
1369,0.7860059055892509,1.6482654042501672
1370,0.4077595902794911,1.6076268495325596
1371,0.8713987304232735,1.0298321238866088
1372,0.4005192760693931,1.69898559097593
1373,0.49108521030440366,1.5846820568040028
1374,0.7974081180459197,1.159359604226228
1375,1.3122469156136636,1.7896000364915938
1376,1.1681376635115217,1.4859026906952457
1377,0.7427613982939107,1.2328290354057092
1378,0.39430115960508216,1.4375442467988988
1379,0.7994443005092265,1.376814773394198
1380,0.8620431730241777,1.3450139521586744
1381,0.3192719948743534,1.1115667834843785
1382,0.9226905874724256,1.5319722787818542
1383,0.2880388141029644,1.1587278927194902
1384,0.5887946686277428,1.2578981962994475
1385,0.7593233217009758,1.2248796114679346
1386,0.43887488431025434,1.422699174345421
1387,0.5168585248249005,1.2299886645290528
1388,0.6795999430480172,0.9524760843495643
1389,0.5928493684557141,1.2350964652642187
1390,0.8939327699752968,1.7955066095503396
1391,1.442291204708757,1.3720179723272898
1392,0.3648411858975607,1.1507913535974892
1393,0.28557248513143757,1.736494741853846
1394,0.5768165296750002,1.3244908889658502
1395,0.9527353022994478,1.3116799246888915
1396,0.7255694589040339,1.4680628510515175
1397,0.672657968853324,1.5530624685208985
1398,1.183227269490014,1.081474596986271
1399,0.6448291732984059,1.6811595010373281
1400,0.4975064726300467,0.7020985253776091
1401,0.7073079688688035,0.985875257560743
1402,0.5917384239651389,1.6794558491744467
1403,1.3359307787036347,1.3598528022035725
1404,0.8761194398352545,1.2610260876702073
1405,1.0402320655684285,1.813904972513138
1406,1.3441391992045446,1.616765697192425
1407,0.5355763088391559,1.446485401560718
1408,0.7110249770398989,1.6491115243916117
1409,0.6912026209387001,1.5784156763357
1410,0.35644370254167673,0.7769980040911426
1411,1.1871498456676617,1.0562653360649772
1412,0.8024157747839551,1.1851014989139723
1413,0.6587259258041278,1.126642262732032
1414,0.8101824687552299,0.6220394153786108
1415,0.05328010887510104,1.2409571567723712
1416,0.5182854907504626,0.9781417412955515
1417,0.6355342341787278,1.5870316016845967
1418,0.7979244239282693,1.7612478837351733
1419,0.5401193636529397,1.5424166130135206
1420,0.32352126070200476,1.4936389296310422
1421,1.1185248758938489,1.1360397537625624
1422,0.7617543861137848,1.5400884010448905
1423,0.6359240644749653,1.4024830925334038
1424,1.1365395390453419,1.566878974982078
1425,0.7428493761580711,1.1313767425464163
1426,0.719671564962673,1.319392272311575
1427,0.5077991291178227,0.8884292522852233
1428,1.1449607535113482,1.3829820486113742
1429,0.8909449421929612,0.8478626916263248
1430,0.5815975675806342,1.7152321054208102
1431,0.8567898341792785,0.912489412658561
1432,1.0833793389660173,1.498534645489881
1433,0.6036904994885358,1.4901853412954595
1434,0.6373560570534655,1.425578633435876
1435,1.072085480743237,1.4525985459460355
1436,0.4507345815379337,1.830724770349352
1437,0.755942071058098,1.5670957221195314
1438,0.9404690577927093,1.2052586875481262
1439,0.319487887149603,1.510743486860283
1440,0.5300357382892004,1.3184176511907766
1441,0.8979205873367636,1.409196423102495
1442,0.807402166687977,1.6342253495428753
1443,1.2074502991156633,0.6363318654161705
1444,0.505934401742019,1.0564451950200895
1445,0.6963072372265453,1.3854724220790895
1446,1.0397724763526088,1.2666074314966638
1447,0.16192778511228573,1.5881273287056494
1448,0.9931093441435378,1.7841112779273667
1449,1.0580275795408953,1.8686703576011936
1450,1.2330827549756023,1.0099681402451681
1451,0.8476722071673621,1.7855177523760755
1452,0.9067573303322459,1.2121854224921702
1453,0.4056380321573442,1.5391009641470075
1454,0.9215846402356219,1.7720730805225884
1455,0.6036833681155369,1.431015376634217
1456,0.7314370852210975,1.1886725798979563
1457,0.4856312592004996,0.8738421974809887
1458,0.6978399454622483,1.7247467508413152
1459,0.9105493866402248,1.4395754775368084
1460,0.6340938075286512,1.35220678239373
1461,1.0940435631713394,1.3502670952675544
1462,0.7111229201737721,1.5965616442941282
1463,0.5952076679586417,1.5432646690283263
1464,0.545227614004267,1.6247503891583825
1465,0.8998011897706767,1.32883261768733
1466,0.6293372049820776,1.2842414226077614
1467,0.8532158675375723,0.8564296162081619
1468,0.6679702333447273,1.5907023554100217
1469,0.7947101216271293,1.229196171942875
1470,0.8470944153164244,1.3588571068338458
1471,1.018223150056027,1.5090128513306988
1472,1.2710991390115864,1.1117705809062755
1473,0.8408262149405097,1.450835111873135
1474,0.6242726948810586,1.610068674226821
1475,0.4857444254607826,1.7294730536533292
1476,1.1969831844985848,1.2891469069046124
1477,0.5219746680461158,1.307532833659386
1478,0.5973804892741735,1.3844427057371123
1479,0.742941210396545,1.0644112392054008
1480,0.7079780770364239,1.0426749126468358
1481,1.1438568262688573,1.5037941541104294
1482,0.8279518702519091,1.5610622508427103
1483,1.0661765054503562,0.9866405535780609
1484,0.2058397763801172,1.641196052084557
1485,0.8336701790071321,1.0209712653373595
1486,0.28886372848581926,1.4530709560803245
1487,0.6664145022980849,1.6729433180571887
1488,0.7005458365980888,1.6416025392521634
1489,0.5512488740113938,1.1660318803664174
1490,0.34017477932039153,1.3026877503501886
1491,0.8963133964852031,1.46368987643011
1492,0.615329054243761,1.7684727931104534
1493,0.6659049675673064,1.5614660843483519
1494,0.7058192287848943,1.1040829152890907
1495,0.9966871208994182,0.9516063078496901
1496,0.5109372396311151,1.8792617300996175
1497,1.1035388353116102,1.4995086183878406
1498,0.9662654913794094,1.7947798490622706
1499,1.3577368519896653,1.8347506622942125
1500,0.3414405081103716,1.4950084129676777
1501,0.6349578056679583,1.1729786420837
1502,0.6803712615807451,1.2869096686364205
1503,0.4377420217919295,1.2400529693203572
1504,0.5130117506714534,1.4234090652936586
1505,0.573393636978768,1.7168676658288144
1506,0.856907616597344,1.5206719437822764
1507,0.39439572073336543,1.2545438095764325
1508,1.4398053438348188,1.1511951339389213
1509,0.6793843338944021,1.481307004082375
1510,0.9507740744010895,1.2698568996513684
1511,1.274357276121386,1.189409468775052
1512,0.5976562231117512,1.4808015053750647
1513,1.070594095789329,1.23417795402787
1514,0.7912855889471988,1.308973469999768
1515,0.6547955800085641,1.4585804797441293
1516,0.871189195833442,1.4125043913941995
1517,0.8727133935982588,1.1683242030138907
1518,0.607888157288652,1.7183683507104317
1519,0.31674262136165027,1.6041408629989045
1520,1.3975734619130673,1.8541108020033006
1521,0.49798129918345896,1.297249871716339
1522,0.8239100731113163,1.3238604007177641
1523,0.8019062343110339,0.8733117193702802
1524,0.4988436636282662,1.7341296621262845
1525,0.39393318346015543,1.5568391381500841
1526,0.815262358899947,1.4227908148056383
1527,0.717057480443968,1.1764259232892864
1528,0.6713429395217896,1.6975305585397726
1529,1.2600000022173994,1.3033384467821016
1530,0.6972597074209138,1.0149282512328743
1531,1.237084626457459,1.6549470377313096
1532,0.7131697441316511,1.6077176698280682
1533,0.7553570639099741,1.4924191313269404
1534,1.1071168977730523,1.3554074809995336
1535,0.8474847679987693,1.2245074570990855
1536,0.7268695102018158,1.6975385092424773
1537,0.9824973088331859,1.108677616257007
1538,0.8485515582497929,1.4366336215627602
1539,0.6188315890070144,1.0376142508517003
1540,1.459059274852518,1.3795101205256421
1541,0.41291523938188673,1.356979601503617
1542,1.1564783759692805,1.2554980925517754
1543,1.4361764651675293,0.9398233400086955
1544,0.7176196924000948,1.204772988663413
1545,0.9662171776552824,1.5459264503070103
1546,0.5826821562290667,1.0363065837434684
1547,0.4918377270690342,1.4804113579303886
1548,0.37249569759472323,1.073136916403285
1549,0.619607960230553,1.59318877008062
1550,0.3143043614946555,1.4295825546872525
1551,0.7726515137989343,1.632816778767783
1552,0.8067226352967025,1.3975527742182163
1553,1.1112608828146264,1.5199599714732024
1554,1.4530973892329815,1.8434617246234484
1555,0.4137987698052686,1.27386747285022
1556,0.6980668419759936,1.153416416820527
1557,0.6477895553583017,1.230208106507264
1558,0.6853462829496751,1.144441266929322
1559,0.5234150968750713,1.2713988853650244
1560,0.5097656720817806,1.602133653177578
1561,0.6776566130598568,1.044244841761728
1562,0.7228234936201082,1.3933675046346488
1563,0.9467743745663644,1.3509382082816799
1564,0.2589368700358132,1.3712910525538486
1565,1.2241355288576714,0.890576360738806
1566,0.3255651377138788,1.1121450164958038
1567,1.1921454562074878,1.2298247973332848
1568,1.3513225422262718,1.7406263763950864
1569,0.6266246020659363,1.224956357620627
1570,0.4603871232706046,1.2029997766457987
1571,0.6394028706219589,1.4572291384412677
1572,0.15721850929239456,1.3705093584560293
1573,0.23094704028693527,0.8535667046008872
1574,0.11298411520350704,1.2015696784720415
1575,0.7276439927825223,1.5256420515980065
1576,1.0414500455444435,1.3069326841177897
1577,0.37585179588870127,1.8039872813600781
1578,0.40602762358039146,1.2087985602728084
1579,0.41922396653567706,1.3646356516143152
1580,0.7361211274694456,1.4977240745610914
1581,1.2956177560999682,1.024737165935509
1582,0.5644736698617394,1.010266891329504
1583,0.5380428185150106,1.3452543853363355
1584,0.9059066165542204,1.3650903269127967
1585,0.942609983674431,1.8183950437927734
1586,1.1781712931236181,1.718165932869222
1587,0.29659813254951306,1.7461711679015175
1588,0.8014629044112895,1.4950934747312512
1589,0.8830979134222133,1.1932831878950851
1590,0.8906788560602977,1.364943006938962
1591,0.7411456101956369,0.9491274843573339
1592,1.0244343935047182,1.6786744259546933
1593,0.5094933860755411,1.2990452807687203
1594,0.6408351912077473,0.9233491527573723
1595,0.6214880191292875,1.4595288025418194
1596,0.6941413385197325,1.1032139476829872
1597,1.3645129658300073,1.4280683581012246
1598,0.5152103611904055,1.276373862321404
1599,0.20176950017854325,1.1864013004248326
1600,0.4706279441436152,1.6036143140239711
1601,0.4620953949898556,1.3944307842043897
1602,0.37837715309085307,1.8356968997128318
1603,0.8042090519789736,1.0326395312860952
1604,0.5500002708198675,1.2805475593292326
1605,0.6002931080783006,1.5622249229993723
1606,1.3816165327208516,1.1491138195605362
1607,0.7681522623831561,1.4162011441134457
1608,0.6849324781512739,1.2416110790769121
1609,1.2387679107981302,1.1208785011061726
1610,0.6635352031298727,1.1539993556387436
1611,0.7655032409300614,1.398448330062707
1612,0.49230689252998927,1.2399199648623802
1613,1.0674144391907392,1.5011448182591223
1614,1.0316895515030824,1.5851409456994607
1615,0.6873126808553548,1.3219314617367437
1616,0.5301544810608704,1.4995515195263867
1617,1.0111638562341134,1.7209945531003399
1618,1.166044468560868,1.3532465729257166
1619,0.57911921677875,1.2667046609181658
1620,0.8494046555670235,1.0263039090093
1621,0.352644078645754,1.1771220199554322
1622,0.8040396019116829,1.5304691634128664
1623,0.8166037389905825,0.954996480666868
1624,0.7855320579609835,1.2106230477985824
1625,0.8185949984536065,1.8633015425687938
1626,0.7233253899017523,1.3766186658612285
1627,0.8333061188347742,1.6544021146656787
1628,0.7865960058608761,0.9908549837708855
1629,1.0226869461462915,1.0532965171392972
1630,0.5849579930110004,1.583109402301529
1631,0.9092626853310011,1.620408755818275
1632,0.36854250667522787,1.0769868373884492
1633,0.9282773482575615,1.1746556339863
1634,0.7432305898760416,0.7360348224457935
1635,0.48176387919921376,1.0080605445119821
1636,1.0011279731657978,1.3459295305827867
1637,0.6409048963757173,1.4060987110029632
1638,0.24824884792102306,1.4950641133584037
1639,1.0406291870052606,1.3966392684002278
1640,0.4466776611114255,0.5777767894588015
1641,0.9791482378992054,1.917055565095889
1642,0.3109481595089011,1.303189721098584
1643,0.7071521095045938,1.3696157615082094
1644,1.2505258387685039,1.611565928795439
1645,0.577984288129166,1.1961368716144065
1646,0.7425978250590364,1.0522538973930649
1647,0.37284641078631237,0.9626796126424786
1648,0.9630037173274479,1.1707584419234396
1649,0.6886381564865659,1.265997378870992
1650,0.8204588824924338,1.650990986936887
1651,0.15913382715500246,1.6032346742373353
1652,0.9040498339469977,1.3532065512408602
1653,0.5272390644232892,1.5134631811066566
1654,0.7105215116522616,1.638914583781921
1655,0.5500934789621638,1.4753593357321042
1656,0.15824887201516932,1.1887282354442719
1657,0.3328790802525136,1.512284833622966
1658,1.2304905122032486,1.5395925904888597
1659,0.6489981333282804,1.3834595909933132
1660,0.47171757738104464,1.3317227195087984
1661,0.47814730640713365,0.9605030490861708
1662,1.080419197552218,1.0206842851162272
1663,0.594736961084538,1.4439174360470328
1664,0.7892067492703189,1.6743242584324571
1665,1.25890244651332,1.1814214828521863
1666,0.8658366301534993,1.2806968087096284
1667,1.1950720040582512,1.1193200175798457
1668,0.631489197776214,1.8409319882847683
1669,1.204592386774712,1.4383919901533186
1670,0.8147180469713352,1.1106030976125045
1671,0.9593019263537765,1.6325228750553524
1672,1.337912610655599,1.4498552723264773
1673,0.5128694420899348,1.3377850336653379
1674,0.46543198655611817,1.4086092036795321
1675,1.2483571030935823,1.4656710690817425
1676,1.19411492978761,1.3380917524223948
1677,1.0690712275172298,1.208638463377992
1678,0.4719483510460991,1.2775572939002406
1679,0.9557211137947231,1.4391705107735002
1680,1.0162189100648182,1.0439873182614083
1681,1.0472041774869636,1.2802530085446016
1682,0.5316000255430507,1.5496714996119876
1683,0.7056024116181083,0.684191080390036
1684,1.0655007957549139,1.4976394416653038
1685,0.7738461009762377,1.2581498971757985
1686,1.3968558178811543,1.0756791962509382
1687,1.5074484105866128,0.9041072920465065
1688,0.819824015708632,1.5387601630406227
1689,1.1662947689423317,1.2131907971929508
1690,0.32421462432804304,1.482048470563041
1691,0.5192647224036249,1.5803372759404368
1692,0.7816947561535259,1.4378618915907335
1693,1.115096590361953,1.8691255477056297
1694,0.6504191171687244,0.7825017858347043
1695,0.4980522009312788,1.515530586160402
1696,0.8539667749644622,1.1796141119694035
1697,0.45434756892934525,1.5182756860421684
1698,0.6439111038459145,1.45708877341785
1699,1.4886425448528993,1.3935386854250484
1700,0.5699382088388099,1.3623961332767285
1701,0.6997376957562811,1.5410017516179715
1702,0.7284275770858496,1.123603656053695
1703,0.4946860004099088,1.4456735619818533
1704,0.7354748115859784,1.0075861422332568
1705,0.902323995476221,1.4064815407113578
1706,1.530018586353005,0.8524650113481786
1707,0.4476747209019385,1.3754358104252673
1708,0.3070184414795155,1.099621251456285
1709,1.1050119529948013,1.5813787064123206
1710,0.26996512336834405,1.404392312642151
1711,0.5979011713404887,1.4802582580396264
1712,0.45677317486292496,1.3710656721620986
1713,0.3982681447954141,1.0322406957416825
1714,0.6597439230589757,1.5392442204095673
1715,0.4387095031269677,1.2056419939427236
1716,0.47190105218718925,1.1408415593144752
1717,0.7349271809722346,1.164900567134669
1718,1.1673872218795467,1.1543989877657603
1719,0.8295649664848043,0.973955168098926
1720,0.5867960220172637,1.1394262174689265
1721,0.7718536095200965,1.3977854303677666
1722,0.7526907767752246,1.4056767923590479
1723,0.2983772045948039,0.6821574005047237
1724,0.8215611854815197,1.2155525225227306
1725,0.3111316897615946,1.0901564549150151
1726,0.7279776443504252,1.0340288601659617
1727,0.8326489662486477,1.3760986147522964
1728,0.6479664474579079,1.006747340260469
1729,1.0550820991621264,1.332075033330494
1730,0.7333572197514268,0.8794240500009454
1731,0.700123068351549,0.8229025110235484
1732,0.9331596871485052,1.6352369110109288
1733,0.6938865795939295,1.3417162846944795
1734,0.3961793563727575,1.291715100225335
1735,1.3646426327286791,1.4701767635008278
1736,0.18626943266735707,1.2568778574352173
1737,0.8400381985114389,0.9368364703849894
1738,0.5010452635071339,1.4554135704344136
1739,1.3168253889611599,1.2334049049118045
1740,0.7700260897549328,1.4764669772287229
1741,1.2643200040459828,1.6325248133032422
1742,0.6356311485988256,1.4695431492957427
1743,0.8660301921763229,0.9325464877500849
1744,1.0795281938879546,1.0880810818728477
1745,0.3813577311146936,1.0206212556257948
1746,0.36423646711089314,1.6755578557554234
1747,0.31595715002467767,1.6665477384424272
1748,0.5074973674384436,1.0286616111446825
1749,0.8854413556939964,1.8283294279861646
1750,0.8511646367728776,1.3681830173540106
1751,0.8507880312594428,1.7255887732741222
1752,0.46030426753473697,1.1273546310767393
1753,0.8836890488344962,1.114647208661667
1754,0.8136988432290008,1.5016482876368749
1755,1.0988574624891294,1.5846600065100644
1756,1.3839994270150253,1.3735494377700244
1757,1.2189579999411477,1.7417703906355895
1758,0.5305427359514004,1.5332148531806868
1759,0.37802537735168384,1.5726112232070442
1760,0.944153402296872,1.35212965443567
1761,0.7436596827306419,1.537201246869364
1762,0.9926035100539672,1.5169322188301786
1763,0.7782508199065462,1.0526443076489418
1764,0.517894586926688,1.4107017459098787
1765,0.43441554202755056,1.6669614371177572
1766,0.45569167340859656,1.0181855584872905
1767,0.8703661244682588,0.6859010672104064
1768,0.8683155694204088,1.0842135420089214
1769,1.4038039688228139,1.6432988892122655
1770,0.691569901780767,1.3869264590748818
1771,0.805818590887968,1.4738310176987488
1772,0.35043753350020485,1.698028256838746
1773,0.5410620650237039,1.6288852430175031
1774,0.5265647203752005,1.669233569513321
1775,1.4795614428700907,1.2613301117334696
1776,0.2907035443373009,1.040962235421509
1777,0.6616780653687709,1.4948469778694324
1778,0.41107079622904985,1.1467743643478583
1779,0.904876173013963,1.2468295779896574
1780,0.6858424944683909,1.4915941377871347
1781,0.4226837173552464,1.5574685164374942
1782,1.440136690057924,1.368778702180244
1783,1.5269568732594874,1.2379688805853677
1784,0.4298304919931726,1.6537936220685332
1785,0.48154653381243445,1.8392197787573017
1786,1.3844725064301657,1.4212216181982327
1787,1.3632333281120723,0.9189934011951086
1788,1.1024327819111728,1.5507186569868683
1789,0.7635423328941593,1.5010116864230048
1790,1.083971445270309,1.2961002634942933
1791,0.5176142065689042,1.233586335100374
1792,0.8154612253712098,1.4807677531030143
1793,1.0203055030306325,1.4752160122748292
1794,0.8816466115360502,1.3012073082020932
1795,0.6095547180459256,1.040102028686876
1796,1.106333649887166,1.6673000899098511
1797,1.0074481129983432,1.1759768690534411
1798,0.5826102573213251,0.6677810866894149
1799,0.41536440705215844,1.6103237389852791
1800,0.5505722763881872,1.6175737154145466
1801,1.2130032257309005,1.2489423615161757
1802,0.7173673644598351,1.5806308745633624
1803,0.5973960706529245,1.558818634243611
1804,0.9049789398192196,1.5786481400361114
1805,0.9031033946807164,1.4522437365550949
1806,1.1317338943253836,1.4563179907861807
1807,0.8503295145752799,1.2892625569010032
1808,0.7909277044942997,1.5186953631084366
1809,0.7998229439088838,1.5594540873172578
1810,0.5833229983745504,1.1404810816009099
1811,1.035224163272612,0.6186775737825325
1812,1.1862208735816562,1.0084462975746376
1813,0.9868891764721833,1.2043142932568796
1814,0.6754287035404202,1.4541966172724374
1815,0.8574701532977393,1.7266744811364394
1816,1.3811159701024665,1.5654526598180616
1817,0.11615667801753636,1.0063506141513625
1818,1.0265716229330442,1.6354170017992387
1819,0.6417700857880879,1.4498418353038243
1820,0.6831713463251233,1.3697395895265596
1821,0.9469609060805712,1.3359094850522792
1822,0.938061906480852,1.258974074735434
1823,0.8586606520258239,1.1957145943601328
1824,0.5973689580527602,1.2646584091423196
1825,1.1065098452017235,0.9029825274513872
1826,0.5017138965142427,1.4540133876857646
1827,0.7428115229571963,1.0493729144277595
1828,0.7953944824752717,1.4852964448404422
1829,1.0525584111520412,1.512518532353175
1830,0.8395747776835967,1.220031767124703
1831,0.7986271397817445,1.4603615834915504
1832,0.5081202048930007,1.5351069519732232
1833,0.5935358728886485,1.0645852038838957
1834,0.4634303255285708,1.4072250419979189
1835,0.9412681998767097,1.174516535676185
1836,0.9880553492268761,1.284444802710857
1837,0.4297443633290949,1.5962494856151315
1838,0.9395557233873449,1.4259161431135512
1839,0.6210641704440112,1.029788249128179
1840,0.2185961707090941,1.422430284893745
1841,0.34118758948469047,0.9843532378650841
1842,0.9051659250960059,1.281375985407046
1843,1.1431751193712345,1.2955713872988703
1844,0.5324525302960815,1.1572772094605956
1845,0.4812478719252741,1.3884530160482138
1846,0.4983805260125495,1.3264368673255607
1847,0.31534288355556545,0.9961920139787637
1848,0.3789317540690412,1.0908508933484242
1849,0.9507525976567521,1.361994382545673
1850,0.5405954073261249,1.158341298528435
1851,0.9970765584803687,1.2786417148785305
1852,0.9958561750640592,1.00015975686591
1853,1.1990209444321374,1.8484643063915938
1854,1.2952900562049137,1.4504227883962637
1855,0.8543026823242135,1.1796225056172491
1856,1.0503877770368084,1.2134693512711423
1857,0.40707767711169723,1.0026058121704744
1858,0.8861748132074279,1.2106659502276562
1859,0.8957855065808064,1.079449149411317
1860,0.9909610148213013,1.0104823583036286
1861,0.22058452157336167,1.3763138039726832
1862,0.08656065999601012,1.1530061438825383
1863,0.3490816882362235,1.0917425421127382
1864,0.7251800463138667,1.351419660588408
1865,1.2022424997860928,1.2662909128368407
1866,0.6808532416059879,1.0410196598338428
1867,1.24854200116163,1.392185626228927
1868,1.0454902817889924,1.7465647563556495
1869,0.2713018410299717,1.4389068676554446
1870,0.6645990620547416,1.502564554659864
1871,0.34545675969485995,1.3618882800122138
1872,0.7964333857215937,1.1887894388598572
1873,0.6886792352980339,1.3928426112267622
1874,0.7375265213240408,1.3317504861088743
1875,1.07599204454792,0.656495623442414
1876,0.1270091857923542,1.5556799875609713
1877,1.3061408202492948,0.8813613982932087
1878,0.3395999048416465,1.074342322453662
1879,0.7144805462725344,1.7470116974922956
1880,0.9817518109314148,1.7232069606037745
1881,0.6174880016513065,1.4835935766188229
1882,0.8127449327744822,1.0403934427482335
1883,1.1022812573730787,1.1132614338224434
1884,0.3117028632389707,1.2901544667551528
1885,1.1001389569988753,0.8828534069983462
1886,0.5133925590393434,1.640077801787867
1887,0.659935910678917,1.347177011071761
1888,0.6725199562117505,1.6079919929279827
1889,0.39865467805964383,1.4447048570934045
1890,0.9170501957654859,1.6077514602386227
1891,0.7893676007908449,1.1667174633835509
1892,0.9769262104230416,0.6916918607238056
1893,0.6514797917214635,1.3618802985495353
1894,0.9152025303821304,1.011212828209704
1895,0.4426862124302903,1.5656971708183836
1896,0.3929838378770458,1.3731110668298248
1897,0.44872352333057597,1.4650569296285214
1898,1.107314892199179,1.7822716053533698
1899,0.4988295954805798,0.6091344183668741
1900,0.5690270164372369,1.2605240792794237
1901,0.7238647848705096,1.3262719539727146
1902,1.2058676593535302,0.9893195627608637
1903,0.43622943572793554,1.1670396379280967
1904,0.8544401025534245,0.875420968978373
1905,0.9705750930622524,1.5325844312167036
1906,1.070878011364877,0.9254473829593568
1907,0.6800576778039416,1.4853521056055237
1908,0.5409040968994999,1.2793441213574566
1909,0.9378634286369167,1.5463297069874054
1910,1.231091315316886,1.4966413397018425
1911,0.6012086699793371,1.1522242096709343
1912,0.9430755312924666,1.186885536671072
1913,1.1604429283086433,1.0572408120079377
1914,0.6559798915357941,1.1770527688884735
1915,0.9669393428366027,1.724718977906754
1916,0.544478282599001,1.281167197414417
1917,0.5248295915072064,0.9977045813444894
1918,0.8823130974081513,1.8523275425079226
1919,0.34585673323048594,1.1871818309739828
1920,1.19731010622812,1.2442240963204043
1921,0.5442621153385451,0.9723610242014837
1922,0.7100446577424415,1.263405673376266
1923,1.0420240796143947,1.3107950337102356
1924,0.6160315769309161,1.2403329363997098
1925,1.010630938707786,1.0322665453235953
1926,0.4678572166352716,1.4590151459615897
1927,0.8478554623761829,1.7707845281823997
1928,0.8010911870150937,1.5345748488502662
1929,0.5233075504431619,1.466277768770944
1930,0.5557235324570131,1.418600709620596
1931,0.9630688559523891,1.3846278716696103
1932,0.31306521487622263,1.6222386022838653
1933,1.1474180143975143,1.4619809560519328
1934,0.23975938729640434,1.6341054376695152
1935,0.5860712860519193,1.4430235122081831
1936,0.3184279411889673,1.1853980432313718
1937,0.5363967621347232,1.4368917520467865
1938,1.0861981268244838,1.324721677115888
1939,0.8373145335708528,0.877107186688667
1940,0.8471163938309936,1.4064193091925947
1941,0.6802823862639823,1.3099294138900917
1942,0.929382819909925,1.1663087467700373
1943,0.5115017700997748,1.5708742248696768
1944,0.7044008559780061,1.2672398969669252
1945,0.2509066173347194,1.484412047716516
1946,0.813508987341034,1.3806476926510638
1947,0.4079437451315795,1.704897017639527
1948,0.945212447720951,1.2833843409514536
1949,0.4588868057574917,1.684347721195008
1950,0.801494567659889,1.6296040851653364
1951,0.4191617732667955,1.3799762846148462
1952,1.1667377169824318,1.6773680200411543
1953,0.9407651036067208,1.4411084581215579
1954,1.1041957478304494,1.2474000151005393
1955,0.7233934321529658,1.406208808519481
1956,0.9477977263041159,1.6971167890478032
1957,0.8237877168163054,0.9175531653436799
1958,0.8439109137512915,1.3086759405344326
1959,0.33902876914484936,1.6859332667276417
1960,0.6352152339854055,1.5116808266916801
1961,0.71435402480391,1.3778065553877363
1962,0.7331053801973965,0.9729138831256832
1963,0.5965280707842398,1.0678950311936077
1964,0.746939686212943,1.6107341372472188
1965,0.8846455692831902,1.3720848346894594
1966,1.4541391394409895,1.0927209027887836
1967,1.1535862371843235,1.6686160885758397
1968,0.3890737082534647,1.0056417887671238
1969,0.5613976648777299,1.5152306170602783
1970,0.775772725675017,1.0986541425835468
1971,0.9200119206033378,1.0048064505846448
1972,0.9595458472132985,1.179914508313918
1973,0.6093790808530998,1.5224657558486292
1974,0.1270360707428311,1.356003759367169
1975,1.0651282616930335,1.5409146824929978
1976,0.4219413236701504,1.9258803154788344
1977,1.0157224775890106,0.5705338890536777
1978,0.9343814077438084,1.348495064086236
1979,0.7262567224380978,1.1797276519874607
1980,0.6942361092081486,1.1576310252031998
1981,0.5397978454200958,1.0656869432056215
1982,0.855584975889997,1.2371071009955326
1983,1.0445581407777504,1.5397175465718327
1984,0.42974855641250037,1.1151547206251577
1985,1.241009651926771,1.0996100796226407
1986,0.8521636101499254,1.4146306878194306
1987,0.6823616284669212,1.354066264592972
1988,0.4346407707237969,1.6797646787309921
1989,0.7821844157980801,1.2722180666079872
1990,0.41332483048890445,1.487020119216075
1991,0.3707366011928275,1.341268684610581
1992,0.7601090665217455,0.8494680892859041
1993,0.755069388525567,1.1815131300778416
1994,0.32000287898472535,1.422642982492631
1995,0.6860111009083031,1.6886290086487996
1996,0.6784566246755521,1.2306526652716447
1997,0.7248026938959643,1.3489941998985775
1998,0.28026737642516214,0.7063095012522909
1999,0.2903699387756698,1.5671886935372408
2000,0.40940633679601307,1.4203422204672165
2001,0.7666233736433641,0.9073091073041608
2002,0.9551064194673111,1.205139031859138
2003,0.24237911928014746,1.809341148481474
2004,0.5332270282501371,1.5004672687926468
2005,0.8593320646196884,1.104782877281019
2006,0.8220789355440098,1.4953914633850067
2007,1.0583029269899016,0.9746876935359179
2008,0.7399718878146996,1.53855342238672
2009,0.9326791650445235,1.3306694403478887
2010,0.5170085812460183,1.3493455108176362
2011,0.46394347558052185,1.4628663506681256
2012,0.8204943644873427,1.601050638096258
2013,0.5172587245699988,1.3086107319197813
2014,0.7176788654088908,1.4776687052790762
2015,0.4955451584052949,0.9927758073556632
2016,0.5851231080265377,1.4620064629740264
2017,0.1807179666922092,1.5978521079906847
2018,1.0974092087870264,1.7873467199262971
2019,0.5657755483195659,1.3837892647611727
2020,1.265858782363677,1.1153507402584673
2021,0.7054842051924829,1.0355790011971062
2022,0.3411887557625244,1.4591339932656904
2023,0.7256765731876058,1.6179204924036827
2024,0.8528310206340863,1.6292011928193795
2025,0.8014125153902721,1.533428960279653
2026,0.5970790263490675,0.7316108811560083
2027,0.9905555936386529,1.5019945077663261
2028,0.7979756998013141,1.8228920865459353
2029,0.6274210812595472,1.579299626334648
2030,0.25909553595702745,1.5944769703099837
2031,0.8057192387354506,1.1090084957820578
2032,0.43863404757490393,1.809678272149741
2033,1.15232912962908,1.5722513753669463
2034,0.722284113752117,1.5592345134486822
2035,1.1883421849078724,1.1634654809745424
2036,0.6574398075762986,1.2887428046765206
2037,0.595903984498227,1.3798459946889574
2038,1.0669599281301694,1.5207893865366233
2039,0.8715739565273544,0.839890850018014
2040,0.8642726026602074,1.201579262292079
2041,0.7561725274859757,1.4880855430623827
2042,0.9952199122856105,1.4375726698054643
2043,1.1496170706455227,1.830138363680382
2044,0.7549395890332159,0.9567179886447021
2045,1.1326762948985931,0.9972816598884298
2046,0.7389115337330694,1.653444467530789
2047,1.4416925127572073,1.49752558422686
2048,0.8358814221427578,1.1810721074852355
2049,1.131957109921626,1.2988028110005927
2050,0.3164289480649301,1.359212511736808
2051,0.9311086013234386,1.6818231925277691
2052,0.9773794875513934,1.5345200956964318
2053,0.9720671582520045,1.4723041233154335
2054,0.10525249318076359,1.2602788291419635
2055,1.1342068097084232,1.7443592438274904
2056,0.9194241266530917,1.5196811642586194
2057,0.6196188029091423,1.2806927616696864
2058,0.5367864000772097,0.8160259874481566
2059,0.3009486692698215,1.4587409102139146
2060,0.6846000303809046,1.0620382927146097
2061,0.8295610545113606,0.8558483336188956
2062,0.8521070888434424,1.4849083685234574
2063,0.7405350912766329,1.0772780396174437
2064,1.0683010944993276,1.3701221995530526
2065,1.1739256076141,1.0766693870252144
2066,0.26219703632088187,1.7844448851543286
2067,1.1478572910356273,1.8257386872958512
2068,0.46613709332087927,1.370991564652847
2069,0.9044004247811442,1.2517889579319172
2070,0.8555495087790154,1.40203965869955
2071,0.5932391478121012,1.8828617593324617
2072,0.567716466226475,1.131976646678471
2073,0.9593242480544982,1.5204040968773485
2074,1.125680811220426,1.3618542650854912
2075,0.5203647531151198,1.3725496164605562
2076,0.9826431719191312,0.9828765168236044
2077,0.6754070440232472,1.2434207291862935
2078,0.24382093245986924,1.8165842530617013
2079,0.9462076917789272,1.561929037184192
2080,0.784579859206393,1.111202937767029
2081,0.4395453094643351,0.8307383504815544
2082,0.7392024275830975,1.3021281517272545
2083,0.8134165960800173,1.7138542488407238
2084,0.44524310894771557,1.588975694900645
2085,1.1590363109136117,1.3609936573258552
2086,0.6023389156355599,1.463625487083346
2087,0.5248308353276642,0.6990627953695878
2088,0.8455102164471211,1.676145270291977
2089,0.4686160548590456,1.181213336141429
2090,0.4041662811457242,1.7582425606744507
2091,1.1361282403565132,1.366299415400515
2092,1.1078587132274353,1.2084956957391486
2093,0.617679416436366,1.6482687623835357
2094,0.8564460924481089,1.5646169980624058
2095,0.4188902147261147,0.7818376908805282
2096,0.3172419120246511,1.3712033299139512
2097,0.3693684298875712,1.299521989721921
2098,0.30432206434049747,0.9841844586161792
2099,0.9015156135872227,1.8396233118654304
2100,0.7650314226537689,1.2944042114431742
2101,0.7937292634836401,1.5952093129342393
2102,0.7276627885539175,1.3494203164605723
2103,0.7746320126151726,1.032649923528878
2104,0.2803453079582943,1.5752682693628755
2105,1.2073155204366157,1.1161762159331161
2106,0.713770681523462,1.6707511074353105
2107,1.0495296772812566,1.4124176388284517
2108,0.9148077753319169,1.835014213322961
2109,0.9011236774319917,1.1722243446543783
2110,0.7305315716892539,1.2986442314892166
2111,0.5793393149621185,1.560031824398536
2112,1.1717563739465855,1.4835130717091733
2113,0.6364660424003608,1.5767793750303278
2114,0.6654283719927193,0.9957507518477349
2115,0.728979355081598,1.6336777351279754
2116,0.4701243446799702,1.6579887954959145
2117,0.6221876775332288,0.8041843484991222
2118,0.2802003029091182,0.9136175392635433
2119,1.0621620534243497,1.3390717414813031
2120,0.25420007327806105,1.5297066139644682
2121,0.5336579670271282,1.0794337301235406
2122,1.1309236704280612,1.4879817494300975
2123,0.5028823157567704,0.8963296896126354
2124,1.4780539162846464,1.786594212486699
2125,0.5378334994664687,1.5851998912322423
2126,0.5117788386489969,1.6874242462691837
2127,0.37730278602070394,1.3714561691762075
2128,0.26572158297666343,1.460534457303063
2129,0.6532467034996804,1.414309176754792
2130,0.5259984586321746,0.9658632106649596
2131,0.6614131959934766,1.451664315329466
2132,0.7282619304408474,1.5266019608580863
2133,0.7989146131415422,1.475692401033586
2134,0.9589395644626519,1.467415048176654
2135,1.2098083875000067,1.6162220855606462
2136,0.6420868503653104,1.0019100851244096
2137,0.4261192206202289,1.857183258319878
2138,0.8709009704498868,1.42531072619447
2139,1.407386604065208,1.2327310613881823
2140,0.7361338439357724,1.4151157151338902
2141,0.41221342087289925,0.9646707053881383
2142,0.9273275990659958,1.2109001899489773
2143,0.6874001795135766,1.238533730626613
2144,1.1359499716773978,1.67951347287676
2145,0.12406540585702751,1.113385331016697
2146,0.8411233225806377,1.3657955105366857
2147,0.28343232417018377,1.0188686252760437
2148,0.5382910752589923,1.543562804230627
2149,0.7264903878194169,1.2254470046266932
2150,1.3970411290769809,1.3862277134384153
2151,0.4996241275083538,1.2094538374450508
2152,1.0905606921749114,1.1765385373830415
2153,0.5087171046252704,1.2458897074538915
2154,0.7853031726349612,0.7832695545789565
2155,0.19242137683502883,1.1123319980365203
2156,0.5126331654784085,1.7123753319898325
2157,0.7830909288300429,1.2193794003450786
2158,0.4855380682614139,1.029333500743628
2159,0.9179397180096793,1.258313520092647
2160,0.7916056471402336,1.1328473131267023
2161,0.7952738160927001,1.6905268265860272
2162,0.7776385798139436,0.7162227767294536
2163,1.0646143683683114,1.4214396145148458
2164,1.15581921060123,1.4417484303909447
2165,0.9393385386396533,1.1542789316844924
2166,0.6626110650133727,1.9225564113303424
2167,1.0738381959533487,1.2889569143117683
2168,0.5202461490753506,1.33393780607572
2169,0.4035163409076892,1.2816642714434767
2170,0.4277816940363903,1.5554114404427342
2171,0.7876465287342518,0.8967539187437077
2172,1.2121429729933546,1.0433502770025824
2173,0.5852101499832492,1.8352186728438171
2174,0.26390853988541646,1.7254371647671545
2175,1.3806068774974425,1.6253647231566426
2176,0.6180370722012967,1.2657263139231014
2177,0.8600719085498097,1.62443686412969
2178,0.6621809713420592,1.3876581912277448
2179,0.9337304741349604,1.5190680915542174
2180,1.1509981024192983,1.2956667153819184
2181,1.2793894743405942,1.1245038550865984
2182,0.9130724637374782,1.5670493240908328
2183,0.2719274533074363,1.1770833256612514
2184,0.7140458001905441,1.2347220445118061
2185,0.9373783634448237,1.3799918918500012
2186,0.7910338670528118,1.2569985925791896
2187,0.7931357440836391,1.0686828168517675
2188,0.8292940140816369,1.4846512228162
2189,0.8595593039991347,1.4167416675363669
2190,0.8417363984562802,1.4913769588266803
2191,0.17902378815471282,1.3883966730393693
2192,0.4063621280957247,1.4336326451256143
2193,0.6883881891304229,1.8386155012471916
2194,0.5726767393933705,1.386990757052001
2195,0.34071271767748096,0.8864150062388882
2196,1.4499773037439176,1.0951586549304895
2197,1.2325638541461827,1.6566034616197507
2198,0.15064354018390477,1.4195714589146715
2199,1.0703028886963555,1.4315835339624086
2200,0.3234791191331982,0.9502185613207759
2201,1.3383438425298528,1.7140008911250484
2202,1.194082226696326,0.999178461032195
2203,0.48203099726169785,1.3255434215152726
2204,0.9415357848421528,1.7488331597302542
2205,0.5203101216572286,1.6872048904693786
2206,0.6294395381406395,1.1738189092164972
2207,0.6177260596729106,1.8660501791829363
2208,0.9003114742486532,1.7576897929350146
2209,0.903405975449326,1.2519317625223232
2210,0.6526710694200926,1.4917587661299418
2211,0.7587783561575708,1.2468950430556744
2212,0.4675612712996639,1.1459877218172383
2213,0.9044004690911758,1.328447257936248
2214,0.8384736966763109,1.6847747799145845
2215,0.9504548275225498,1.0638967024412573
2216,0.9743680260036301,1.1772339281553
2217,0.9435797249184831,1.4722851116735343
2218,1.1084081119343687,1.4692369075228604
2219,0.7425453030975939,1.4698261395815526
2220,0.5809442029933751,1.8361477633288226
2221,0.6806391178650264,1.3230961963846948
2222,0.8425868319217327,1.4215367543197088
2223,0.8087589161383253,1.5721953226235532
2224,0.1590150034506882,1.7486715501599914
2225,0.4642241206714873,0.7973840475780529
2226,0.503285040601224,1.514332391936875
2227,0.79914559262527,1.6708726725981378
2228,1.2433686241305348,1.153917482585144
2229,0.3566435622244536,1.2202478656642501
2230,0.7471848150441972,1.4611878313999855
2231,0.5433172068912805,1.5237748615784954
2232,0.7701487759541272,1.6904169375688232
2233,0.7356129555039681,1.7078426071762212
2234,0.8504296286303843,1.3329385999071266
2235,1.1267588264103203,0.8914793754720982
2236,0.6527353004718958,1.4733856552399145
2237,0.8717838816885212,1.8008170462757573
2238,0.3374192739708731,1.5480666113268986
2239,0.36863677877389034,1.3357597040130509
2240,0.553903796100743,0.9259935541023998
2241,0.876611180469797,1.1847122996140875
2242,0.589685229189007,1.3503734572497776
2243,1.0241961037268246,1.21342574161494
2244,0.5221171987550867,1.2404399389562708
2245,0.5033808875542941,1.563271247332803
2246,0.49961427844234496,1.4352803566146997
2247,1.4051736910289054,1.304684961616815
2248,0.4236450505108942,1.225890752285855
2249,0.6055594022076948,1.1253767169034115
2250,0.5399579766101287,0.873127306164609
2251,0.6571716778781101,1.8670005857652436
2252,0.836471799363766,1.0415560694948778
2253,0.7945872967125817,1.5452481899189632
2254,0.9398397265429054,1.3226014263598496
2255,0.5070942127542699,1.6851764113671939
2256,0.669491234334551,0.43636020394959796
2257,0.8643226616736848,1.4734437981297375
2258,0.11794427952209305,0.7402005454456155
2259,0.4928950722925069,1.529733973893685
2260,0.5926778646951639,1.543252832428629
2261,1.301008731485608,1.621401489673094
2262,0.7631772387068789,0.9055996493714413
2263,0.42867424690288797,1.0634098190229353
2264,1.221760969277928,1.0730766252911774
2265,1.198160307230857,1.0896978418813337
2266,0.7876579657570366,1.717172495887354
2267,0.8300475885394478,1.7919530564628208
2268,0.4733566934061774,1.8677269654782738
2269,0.36495789367163695,0.8116262176448954
2270,1.0925104276077462,1.0636935626003319
2271,0.7763631999711575,0.950828385638814
2272,0.7245231663542891,1.3377310888189267
2273,0.9788658907745709,1.4422091250308529
2274,0.4720355716674924,1.9020291490697416
2275,0.6953263717657435,1.43374285385653
2276,0.19951229256429065,1.309131558105288
2277,0.998555713852288,1.1559936088474787
2278,0.6255638402375345,1.2141167251178637
2279,1.1089123826879828,1.0417994098026266
2280,0.30838777919526333,1.170231426626135
2281,0.6875216533567606,1.3626095084102443
2282,0.9774888705722082,1.7399332004370036
2283,0.4295250676492965,1.1623441709510334
2284,0.5762416853116584,1.5144081400207892
2285,0.7596549655000584,1.1899856128503765
2286,0.31787452697868146,1.050813968626489
2287,1.1560487955817031,1.765885551485027
2288,0.7328954411021716,0.9635898418117619
2289,0.8325895040727235,1.1804211152248252
2290,0.36842143029868135,1.2717410055214668
2291,1.4449203098730763,1.1632357161210038
2292,0.46066445817407004,1.3519625668916242
2293,1.073861826785818,1.4622983933248883
2294,0.467447756641424,1.0935410075409528
2295,0.8122377842799292,1.2640792952389732
2296,0.5693526256651714,1.0425038517499259
2297,0.8718034304487907,1.7089218648327895
2298,1.0294214784085267,1.4978618884840693
2299,0.991718246257099,1.2260947349798292
2300,0.9423995364038696,1.2446580079344756
2301,0.7957565841973496,1.5754046391623262
2302,0.8821799454045505,1.4338282337056356
2303,0.5943545050770483,1.025486375626452
2304,0.5183777400825874,1.13093316187177
2305,1.161834445553276,1.45808310940216
2306,1.2201010554649083,1.2058789230471492
2307,0.9674107982984751,1.0173744452484001
2308,0.49656146001416185,1.8535097891754233
2309,0.4128403934045629,1.050146431744761
2310,0.846438281225542,1.767524677160255
2311,0.18707039548380322,1.1868815223019176
2312,0.8356740378635306,1.722092362271278
2313,1.5131250063671042,0.8463765835387516
2314,0.8850205828594446,1.3663553338409875
2315,0.48010019081112465,1.499020005399979
2316,0.8526789893391609,1.3812823042935136
2317,0.494602085102096,1.2999448290773135
2318,1.3113958195105078,1.5044511937695164
2319,1.0573636521374412,1.347877620466693
2320,0.8039219868170409,1.3747800040180949
2321,1.0295152850957836,1.6189674628505715
2322,0.2783428373673169,1.031873692021261
2323,0.6167767240635244,1.3815283669009606
2324,0.39340820544313754,1.538887856803091
2325,0.7326595835450217,1.4637039957002111
2326,0.47188963958602825,1.628230622415125
2327,0.4802797447336124,1.5510138527029937
2328,0.567988151295436,1.766604215746729
2329,0.15863266571305576,1.516493413495881
2330,0.5349631958872163,1.2468667268389484
2331,0.9684840250823664,0.9996608591650069
2332,0.9717240413245735,1.250400416671348
2333,0.9179525506226374,1.307739916338612
2334,1.0027693645966818,1.495580031468433
2335,0.5965671767645064,0.8639532369183995
2336,0.6732831349064728,0.8154120365723838
2337,1.00310274122006,1.446725950619358
2338,0.9755161724796583,1.2337419254928803
2339,0.5741257700104835,1.4292821334670267
2340,0.6513616847909104,1.4071805445706744
2341,0.513346362340346,1.1824805318735427
2342,0.8484920335157796,1.6822824947767017
2343,0.6990844745755566,1.2615041904052484
2344,0.8435095343423376,1.287233799205027
2345,0.8844332719317394,1.4720441338298327
2346,0.7142433918408954,1.633835452696628
2347,0.8271646823393363,1.4946973114323572
2348,0.8322359710977962,0.9022735683815959
2349,0.7236758705348584,1.4997526324633068
2350,0.5520249836352408,1.4785172536525986
2351,0.8364706446402516,1.3284127490877284
2352,0.47777392035506616,1.4621068210023969
2353,0.19402894537019635,0.9456475711238188
2354,0.6278780424595642,1.3724331480047338
2355,0.8129557526662509,1.0870133385971483
2356,0.6838078216431943,1.4946384241912285
2357,0.6199747669625024,0.9949784672099748
2358,0.588287793441058,1.186518642325035
2359,0.5771550013850969,1.137713417441653
2360,0.6807480102370769,1.2427582089626084
2361,0.7941340544330324,1.1934322351460418
2362,1.135231004988952,1.1173640160100917
2363,0.8442487062384197,1.612845685491068
2364,0.7687513920485163,1.0906195982431068
2365,0.486944414566239,1.7178722503723574
2366,0.4722256985307539,1.1355610373570049
2367,1.0649680087911622,1.4830590542564348
2368,0.8668412423730494,1.6245196037455867
2369,0.7067432080411734,1.0641543243009193
2370,0.674375017506574,1.3625266389555872
2371,0.9777389287667441,1.2088063523202295
2372,0.4009551516511661,1.678199692545149
2373,0.45443457867334514,1.2914506459067714
2374,0.9688202767346552,1.2180405188198065
2375,0.5210954657678433,1.7371711666382184
2376,0.44121360230236006,1.1457913029748727
2377,0.5077739926764844,1.3938533809033702
2378,0.31418797393457465,1.568888645221393
2379,0.7397774491311397,1.0941939542398291
2380,0.7141081032863436,1.6036314758583257
2381,0.38450833612072327,1.8484416168388096
2382,0.9314842071130728,1.206591032752935
2383,0.44707936756665934,0.9945769778003968
2384,0.9666106479153711,0.993205066541184
2385,0.6013308100073665,1.2989951057705427
2386,0.5185106718419369,1.294137984051671
2387,0.47538358426321575,1.8228252945965944
2388,0.5132516770500095,0.8690212303968909
2389,0.590115991880943,1.4333324780428403
2390,0.7950657007714571,1.6090887385302353
2391,0.2799006662041453,1.5319016729247312
2392,1.589043711822039,0.8988462034988016
2393,0.31665754621199005,1.3679767970825067
2394,0.7714145551223741,1.006304510878194
2395,0.7811456700371654,1.0390378309484634
2396,0.7927832799652806,1.2974585734106834
2397,0.9267154367979267,1.3634257938849155
2398,0.5303489627824977,1.719826702566376
2399,0.5581943731964097,1.6411244363615163
2400,0.6818045156077627,1.2697515735766713
2401,0.25812311862374687,1.2106376917023032
2402,0.6295838061232806,1.5817542826973723
2403,1.0133063476737934,1.2810462653595103
2404,1.202264608315613,1.3525890370245928
2405,1.1486360055242957,1.573788547595673
2406,0.8472256402494599,1.0844007442887893
2407,0.8849213816355147,1.63800495571671
2408,0.8484471061886892,1.1107140369257427
2409,0.913585425372686,1.7182342246175137
2410,0.38928928455473216,1.0324194934235076
2411,0.5167576366170576,1.5325806371860209
2412,0.8453969398923405,1.481137542594242
2413,0.609663197300215,1.5567178702755955
2414,0.8076805378951589,1.2058720547466188
2415,0.8178177266353523,1.2186828934096297
2416,0.6829466040983423,1.286380588423957
2417,0.5166419842354885,1.433700714247993
2418,0.919931542002662,1.0159291835381037
2419,0.7915817036467253,1.6982179898976315
2420,0.2490104517106855,1.7209041080939491
2421,0.8968425446263024,1.4960706944328162
2422,0.4001253464400276,1.3010818619395677
2423,0.20630959706272928,1.5664772189474072
2424,0.6793548386096387,1.2197970363830373
2425,1.1451477093372964,1.5761946847412442
2426,0.877733541374989,1.516626934186908
2427,0.7266017734665109,1.6908610029723699
2428,0.8348696270704892,1.3749983533161951
2429,1.0736500203316823,0.912722582287617
2430,0.904962078386033,1.3527712267872358
2431,0.3669491754304027,1.386154926972595
2432,0.6628426745733318,1.7620278690376034
2433,0.7655694187362283,1.7627082312841358
2434,1.2341431762450512,1.7073176487917057
2435,0.5077594567076625,1.7265653469567883
2436,1.180111674763128,1.2958647476512224
2437,0.5908865135729419,1.6181877887562144
2438,0.9140465921609671,0.9356910579990081
2439,0.378328971802567,1.1397526236963658
2440,0.8488020371895938,1.6266662308910773
2441,0.9278961813034342,1.0664342125798263
2442,1.0165722584742156,1.2275642538672584
2443,1.0830934927053926,0.982987379775913
2444,0.6928543616461824,1.6689344817158942
2445,0.9281277527398464,1.495924789822579
2446,0.47110209443973633,1.3625475334042614
2447,0.9279965849680994,1.5255970237064698
2448,0.6576618596713081,0.860971049259476
2449,0.9815326980963545,1.2431973099817224
2450,1.036869401881256,1.3844801082822937
2451,0.8462367951582184,1.4943163140341131
2452,0.21688707941348578,1.6151890147425363
2453,0.39435140131399804,1.4236753960908803
2454,0.6515453759774488,1.5301021179599177
2455,0.3800135957204677,1.229232854854855
2456,0.6878020765683686,1.332175961291558
2457,0.4197044328687417,1.735983184095234
2458,1.0300260968685995,1.5691967064983776
2459,1.05317924653621,1.2065986314239932
2460,0.5021226918630222,1.320149537404753
2461,0.9411629854660076,1.2535165162458677
2462,0.9032356070938805,1.2307615979427786
2463,0.9863460938844191,1.3316551076261531
2464,0.8794026210495727,1.3150120896774058
2465,0.7546518070041084,1.4611055501650476
2466,1.0159482478434667,1.423196324431615
2467,0.8792183612233107,1.0393850561782767
2468,0.2635262007098755,1.579834371838196
2469,1.1843974250142184,1.45067797912877
2470,0.8711426989603105,1.0138208950652734
2471,1.3635137840345883,1.8225373306240849
2472,0.9173188276752972,1.068249407099221
2473,1.1793428654086846,1.0708643049768547
2474,0.6356065316037113,0.6463041627578523
2475,0.5808544626219465,1.4034844917433953
2476,0.22130810598328768,1.4188153762379834
2477,0.6576406933592702,1.5272397989481528
2478,0.9813982232016124,1.445326180252708
2479,1.1445951651789907,1.7453009451115156
2480,0.4530688001520649,1.1632077299426498
2481,0.6430901872597554,1.2808642179764973
2482,1.079776339178252,1.646545061505447
2483,0.5783741005267923,1.4303792043078956
2484,0.9022562329975858,1.312006279864105
2485,0.8348251449549989,1.2919655138959785
2486,0.9277442790726887,1.2603607435798554
2487,0.5807820143501037,1.339474179705108
2488,0.5120443885956456,1.6139085883367303
2489,1.1007083546303513,1.4229744561742683
2490,1.046082212270198,1.5955942877628555
2491,1.3435848664553534,1.0590104339625244
2492,0.647012864935458,1.1058843088632582
2493,0.43765280204226814,0.9093824172505527
2494,0.6682810489179692,1.3435668983111477
2495,0.645357880303005,1.1872601348362353
2496,0.09418288819839452,1.5059965794476695
2497,0.4134228069755262,1.3168669569046323
2498,1.2876501075848992,0.9650953448754267
2499,0.5182988625798729,1.3325102080828177
2500,0.3720743981522899,1.4860824232154402
2501,0.6144286284527053,1.4131600978029586
2502,0.9457091777910956,1.2439610162816375
2503,0.4708370202241079,1.2265825051585906
2504,0.8859027793610487,1.11706880110909
2505,0.5454920202848406,1.0251617095510288
2506,0.6203320037746166,0.8322897345373106
2507,0.3571376190717996,1.205442810054349
2508,0.6336571297608128,1.3307744840255122
2509,0.9646449150922916,1.4496196372916537
2510,0.8353777240777155,1.3011419837624976
2511,0.7760734468432927,1.5095753954631042
2512,0.38741177345439787,1.4352397869395674
2513,0.218351530021808,1.460327742545953
2514,1.0469967683732164,1.396494648870911
2515,0.7363614044893674,1.7736162717314974
2516,0.636555011819514,1.633070815038936
2517,0.4816420397082768,1.6182478000589269
2518,0.7072936155745935,0.9200965671422923
2519,1.0654127468372123,1.5338773693410424
2520,0.761777725506597,1.680186313103306
2521,0.9482890065236227,1.5971872453899942
2522,1.3664532879432516,1.4528965358003598
2523,0.7168786014590429,1.6692324427737497
2524,1.3825313534054782,1.4557808982746132
2525,0.4934599103371411,1.8013979941256995
2526,0.9244420283558841,0.8144338568987453
2527,0.6556985710885678,1.2755471906199816
2528,0.45272536047856143,0.8445033515465408
2529,0.8592816168183643,1.544401686407769
2530,0.7042700227972994,1.7801937433592492
2531,0.5529324864476103,1.6822912177339548
2532,0.6474960967628108,1.1969620870713267
2533,1.3321895367749583,1.167605648598775
2534,1.3182463326386862,1.4437210082461065
2535,0.8165518332880809,1.2640716220870192
2536,0.773161084202567,1.2363190158535082
2537,0.8308936790547015,1.0009110451491805
2538,0.7665895326568666,1.317141667805247
2539,0.7854724188804836,1.322856303409641
2540,0.9275011430725113,0.8193708371565955
2541,1.2505402923951845,0.8702814382326072
2542,1.314308949056804,1.6696788894717405
2543,0.4745031777006003,1.2539580713017373
2544,1.0206073565118394,1.5216903758797946
2545,1.5522757574352422,1.322513599995652
2546,0.6478196959747071,1.8549437712371806
2547,0.6517476417598109,0.8992982236401101
2548,1.412037838450141,1.3576599068056918
2549,0.2790205307661041,1.780262906232268
2550,0.5905615305788552,1.505890209077277
2551,0.7936937951074237,1.179325336969074
2552,0.4577169686717279,1.1060147258625193
2553,0.594258869129688,1.5150752290065026
2554,0.2865091868965254,1.3734971091530181
2555,0.8523244804122903,1.5712401425019706
2556,0.6581701299800783,1.3866453184490997
2557,0.7205601866299491,1.4393899452986354
2558,0.4269429364572934,1.4676532537892406
2559,0.8441819873780466,1.2136631846993664
2560,0.4227182461508953,1.0877867196391393
2561,1.0763536885904892,1.0656418618672037
2562,0.8627001762044842,1.0614757737326013
2563,0.8244181341223429,1.0607327061109992
2564,1.3127883794431618,1.4853145262363827
2565,0.9120680364439085,0.9848426631604021
2566,0.6516698019455005,0.8326171409567056
2567,0.4580088375429568,1.213208891913236
2568,0.7845363228673001,1.536193440192042
2569,0.7603555685558968,1.6501219111406007
2570,0.646728717187143,1.484054820386322
2571,0.5482889808193357,1.250170012406402
2572,0.6319076642881083,1.6186815503377323
2573,0.7817139571409156,1.1349070845672964
2574,0.5178620729265886,1.3878155723537307
2575,0.9899382088990386,1.186975376159708
2576,0.40176476344699685,1.1732291042465062
2577,0.5140292858046228,1.7400675285172884
2578,0.9855629296236673,1.5206254601310902
2579,0.3164453320715061,1.054729439357321
2580,0.7839309100096707,1.0300976593800835
2581,1.218888964627264,0.803535445299842
2582,0.41885386957023374,1.1649253369158672
2583,0.4120673667600604,1.17590981640928
2584,0.5654380199796457,1.0613591855346327
2585,0.7216201925540383,1.288055969320956
2586,0.5367809330624317,1.0654178681520863
2587,1.1762213598432192,1.3716021608308795
2588,0.6559265450274437,1.655861363184888
2589,0.675176661790024,1.9088152402387233
2590,0.685460016711112,1.6666924428788423
2591,0.7033501637853724,0.6805493636986761
2592,1.3897947608502534,1.5268525107245925
2593,0.5184169105897974,0.9217591176133437
2594,0.6610295492721902,1.1692991981624283
2595,0.47065536398531044,1.2274789905945909
2596,0.40242367737843227,1.5330986121319001
2597,0.6718162420613387,1.089456372677692
2598,1.2301143935437178,1.4019034390851202
2599,0.8883999507683208,1.468164851884326
2600,0.7032433039547319,1.5135796926485707
2601,0.9300833012081688,0.6143455336431292
2602,0.7391071435905497,0.8354812915498908
2603,0.45946166158731183,1.3054879187016761
2604,0.9003943394272407,1.0931236356108671
2605,0.5798313591417388,1.4506827831314089
2606,1.3368127189059023,1.194727293322801
2607,0.5509941682611259,1.5387033021896321
2608,0.5238958926944011,1.5861151509569926
2609,0.4867202185865811,1.0703236085447057
2610,1.2192963110159456,1.5600236004809027
2611,0.7646816235240537,1.5158402888702733
2612,1.3855622006040607,1.8918610782364038
2613,0.32493161091499,1.1424521610663896
2614,0.5447770265627034,1.3921957878140125
2615,0.6409090772284304,1.3040984912216844
2616,0.9682851716154905,1.7468156894473743
2617,1.070421711821025,1.0993150775769425
2618,0.4159683793865346,1.0742636664816922
2619,0.8363675473811873,1.8301219792111032
2620,0.9327916734127085,0.7870114743102274
2621,0.789566627194485,1.4300965294941732
2622,0.5000391994576528,1.639164285799851
2623,0.8178027311633737,1.7742457604519697
2624,1.2501576404722632,1.4425681212379131
2625,0.8346684514081442,1.5570068974831848
2626,0.6822664880998004,1.631388242771447
2627,0.5687829655578257,1.811456540772165
2628,1.3649394537369632,1.6672446042257196
2629,0.16960734409382858,1.1616683034680282
2630,0.6118334435964015,1.0438237128152048
2631,0.9378072641346602,1.5997042771283403
2632,1.102959392428349,1.305214870571929
2633,1.0215252005994024,1.2488799319303234
2634,1.35935379330122,1.5708094989056705
2635,1.3824803307391567,1.4307439509033437
2636,1.1264178884131704,1.4281928961576775
2637,0.712166136145282,1.4711582568503752
2638,0.4776017483297538,1.3119192832864095
2639,0.6480530126605255,1.6791007682983778
2640,0.4776187247038075,0.9056160463406775
2641,0.2724595048321128,1.5020013616725978
2642,0.9918982712704169,1.0248987869344697
2643,0.4644604912639875,1.3336867204728278
2644,0.26819452727114385,1.3736336919816372
2645,0.6004169697916765,0.8008525163981102
2646,0.9771485744059337,1.0412035578677128
2647,0.12299291618333157,1.5588863881530095
2648,1.2066899307613277,1.6638217721094408
2649,1.4557011094919214,1.3914555467976952
2650,0.2329341991723976,1.7713020143781106
2651,0.4955326492236536,1.1882003736860427
2652,0.7935651453900054,1.6651852703643677
2653,0.384572549682977,1.5513566365216853
2654,0.20553258573181304,1.075997885788486
2655,1.2272932398850276,1.4810434718601524
2656,0.8935919516801181,1.238997582766514
2657,0.1550031341091976,1.2064442020077235
2658,0.6986365306850123,1.5708133790294085
2659,1.234342871275701,1.3656375356378903
2660,0.5279721455721785,1.3314107452078545
2661,0.9003036548483082,0.7234291595090101
2662,0.8352218512671147,1.305322560026054
2663,0.632220737510349,1.7656694979549363
2664,0.996496683808766,1.3720930272380347
2665,0.15030501960019904,1.5351539461895203
2666,0.5913806312453271,1.3801697898637597
2667,0.5733981324478717,1.682370119751392
2668,0.7857757732033805,0.8502151397315998
2669,0.8255052176986989,1.6295967494693429
2670,0.2791308510131142,0.8697248898602972
2671,0.9551782012773936,1.2942571431603742
2672,1.3594771136844028,0.925630802173218
2673,1.6267164776584633,1.2515954869565173
2674,0.6222619333200238,1.4059635883865653
2675,0.798654809658395,1.07939697323667
2676,1.0347821066146121,1.2813681374015626
2677,0.7590367134442725,1.4619603365094118
2678,0.34469129063061416,1.4720442336374298
2679,0.767643241458375,1.3300199586477064
2680,0.48359654378893946,1.3218746656355826
2681,0.44498355592342387,1.551045086587488
2682,0.7598377808319717,0.8070728340164879
2683,1.2614981247485921,1.457937383429866
2684,0.4316781848339353,1.3864657150435469
2685,0.05765891243141084,1.368826972417502
2686,0.6746545879317821,1.3964792799850643
2687,0.7619503931707203,1.132475451921489
2688,1.1721766495722268,1.3083343437138284
2689,1.2160314183092373,1.2742172602338462
2690,0.6848800144318656,0.9377124686129998
2691,0.5119339863076967,0.9583758068503392
2692,0.9477619496474374,1.2031828455106333
2693,1.2705183656480754,1.337391636182177
2694,0.4135267506663867,1.3856147504770089
2695,0.4573922879195881,0.7357016154888882
2696,0.9001598924503947,1.3572287113562214
2697,0.7079936672117411,1.6717644772842206
2698,1.3459328439412868,1.7202133588191861
2699,0.6019898058560317,1.8050838770025692
2700,0.4340711629981535,1.3240813168007772
2701,0.9306669874158404,1.0354228257840132
2702,0.9613695583615908,1.6854014164236877
2703,0.8558065656922983,1.440152441710896
2704,0.12892315210768665,1.6797029661887428
2705,1.1809753681068786,1.39015570777091
2706,0.5505208774434783,1.5295238481342806
2707,1.0165889493007907,1.710304403622692
2708,0.4852222333722,1.399119148863162
2709,0.8968748756003603,0.6966476009940288
2710,1.122639622779768,1.2826028550067907
2711,0.5187126511252819,0.8974282699973211
2712,1.1650718893346779,1.1038209770861949
2713,0.5673284736553867,0.8503098688294615
2714,1.0815551455409993,1.298902356957264
2715,0.22800923677218196,1.3624059642726873
2716,0.4983583759850227,1.2606856943319042
2717,0.8832748006625961,1.2121555206592156
2718,0.73338203866134,1.5983973093867785
2719,0.9281183690227166,1.264272920683942
2720,0.6552490985636367,1.5830613978782209
2721,0.5883394805402207,1.4286171785845765
2722,0.32594588870868213,1.5781497996996359
2723,1.2143833866131266,1.7562728106489494
2724,0.24778569009403656,1.1941325105510403
2725,1.0032568803061053,1.4019732456774336
2726,0.5414832213274859,1.5392033389267017
2727,0.6459630823646312,1.640452957171858
2728,0.8261925782328392,1.5502949590501947
2729,0.9121035325264262,1.332677134351969
2730,1.0706899916478907,1.1636788634085309
2731,0.6737695941933571,1.6917923518892852
2732,0.9602054039355815,1.5624752749396014
2733,0.6223851756121316,1.358715218183463
2734,1.0223727480477671,1.0243514625009023
2735,1.1215995653230622,1.1833541026884329
2736,0.9053268680379608,1.318750678932994
2737,0.706091430135357,1.5123375673239072
2738,0.6619640844842336,1.0949961037290987
2739,0.5565096976409569,1.3104719386619021
2740,1.1255358744535542,1.7406790973507587
2741,1.0053108584968553,1.6867821023962632
2742,0.5364570726590141,1.6035978270616666
2743,1.2870347655210133,1.2646164267991158
2744,1.0586204309097857,1.5313177001704112
2745,1.2480959637501448,0.6836036957950586
2746,0.43850378052303984,1.5000873686774847
2747,0.2489951839511713,1.3123363055693789
2748,1.0215233468141023,1.231634801929005
2749,0.7598448048175777,0.9358643865111311
2750,0.9829640949694698,1.5948663464410042
2751,0.16403706306917804,0.6749595412011173
2752,0.3945653918240046,1.364882638632922
2753,1.176990368978179,1.382026872621594
2754,0.3137148651289242,0.8616436484627326
2755,0.5824257472735985,1.9061068887104378
2756,0.6982461037421919,1.2358810958175779
2757,0.5932612605943055,1.2651469195941916
2758,1.132802700181547,1.521627777881587
2759,0.5302660157119641,1.3890624301276389
2760,0.5065184319599814,1.1074167638082417
2761,0.8952730151290691,1.5556313893323988
2762,1.0774216543647672,1.083288065094647
2763,0.760228972403027,1.510370537681629
2764,1.1132761831647613,1.7814141786766196
2765,0.16960659038805892,1.771554775332728
2766,1.0887187882680645,1.4201066233616682
2767,0.8684085998149558,1.267098038218093
2768,1.2752828308358188,1.4442664141396926
2769,0.10321516202691093,1.7213718721124418
2770,0.6097536406947655,0.9547578068564277
2771,0.7871025052481301,1.0347985897899727
2772,0.33946037321948136,0.9568128729011134
2773,0.8340422758666822,1.3737131080828868
2774,0.535877540275092,1.2448066369999815
2775,0.7732904468935468,1.4872231078696674
2776,0.7434947166897897,1.3597854776174614
2777,1.1198136217822174,1.2783844834063547
2778,0.6603513864046343,1.3719683680361867
2779,0.5006346240217981,1.1105273934367834
2780,1.1386992485897642,1.3723186046492142
2781,0.6137770511490489,1.4548543992690592
2782,0.4855684506343958,1.222161073673569
2783,0.7894100891355694,1.0066339246932494
2784,0.6700721598996687,1.5020419596044785
2785,0.5812987093433912,1.296699475771095
2786,0.43605291766571785,1.5987276729746687
2787,0.9835798821815798,1.6260632896832776
2788,0.6138289104994928,1.4948158447441404
2789,1.029604279636823,1.2691324348743085
2790,1.0928866064996383,1.0815112493678887
2791,0.9289632442397205,1.3198497049976412
2792,0.852820711387989,1.5325946798280703
2793,1.2870609525382426,1.2155902558409961
2794,0.9728314879438038,1.0731001909116635
2795,0.3362807101125419,1.5419612114034604
2796,0.49078681269946534,1.5938283412873175
2797,0.41195260475341616,1.3720238112006706
2798,0.41879674385234916,1.6800581663626672
2799,0.6070805425278419,1.3134823577609143
2800,0.6825312211356523,0.923851557370345
2801,0.9442149021556564,0.9895058142924944
2802,0.23923869445395377,1.3057913031346093
2803,0.5008054912095051,1.203715920508567
2804,1.0630665695116372,1.4259618119089401
2805,0.08953937797996678,1.3185290147604625
2806,0.6035447534382614,0.9586681703365014
2807,0.40169201290411405,1.4255314423344643
2808,0.9551619792676094,1.2431285153028262
2809,0.7314572210083978,1.3923816289940627
2810,0.772719479582502,1.656162394986664
2811,1.0656917258180267,1.4293972121788923
2812,1.0143001494374537,1.1023283426218793
2813,0.5720300499961525,1.1566738032995318
2814,0.834949007869713,1.3802376905202272
2815,0.5523141305908922,1.1918748431645327
2816,1.0420877276829208,1.799172540920711
2817,0.9538276874572306,0.8121916924682919
2818,0.3694618524251242,0.8910253336945226
2819,0.5703109940995754,1.3390193534801318
2820,0.512329143948113,1.8069331561299384
2821,0.3090669472975588,0.6300436041938446
2822,0.5966720702223405,1.4435173813130187
2823,0.5546497357653172,0.9632503353207711
2824,0.3011428062077778,1.8206515818367992
2825,0.6908465477428308,1.4942634135747317
2826,1.410335951449803,1.7723118191712166
2827,0.7775317716334722,1.7345569746695573
2828,0.967607658240487,1.2197691056165847
2829,0.3942586712014349,1.775325354992676
2830,0.9743885702728672,0.8493949021820695
2831,0.6247847954676354,1.2593147896708567
2832,0.6008523442230039,1.3842756813667645
2833,0.9431408554552072,1.3247737013212175
2834,0.7090533153284262,1.491676539989471
2835,0.8142643010856975,1.3802168785211997
2836,0.7481147215467866,1.1553749332340462
2837,0.2639210354260773,1.5798278862036543
2838,0.2890356687196198,0.8951592365563501
2839,0.6003248658106156,1.5020454535117616
2840,1.0468637869424624,1.1538498323901167
2841,0.4575781877025244,0.9706817321970524
2842,0.5375019957737192,0.5681210727319694
2843,0.46416337780129296,1.307317902797538
2844,0.8782205411915073,1.4401517047171883
2845,0.6140837797301932,1.3205587289793574
2846,0.6864750406761636,1.3082546467814797
2847,1.3858635311456482,1.2733367429682403
2848,0.3664890131708513,1.3550309789527035
2849,0.9925008253397377,0.8646642103731148
2850,0.6934095538305289,1.0808959108283738
2851,0.9462217114122877,1.1611719397930758
2852,0.5668856624254142,0.5593652339037236
2853,0.38495713798741504,1.8520075303672614
2854,1.241978951061655,1.2664878831374902
2855,0.4855333852702161,1.3728583057002752
2856,0.5158970476735292,1.0398648543717013
2857,1.0362767662521106,1.2712349506625622
2858,0.45201649515156755,1.5665046129339586
2859,0.8169771713052291,1.4589089502933072
2860,0.7701376355040301,1.2042124833632266
2861,0.8585117264323684,1.437293073574617
2862,0.13654298920484514,1.9079020625171703
2863,0.6636310789101699,1.5629401133678975
2864,0.6550031340960605,1.1566822711387106
2865,0.8008283651079505,1.2703503740477582
2866,0.3973848086005336,1.417372801811326
2867,0.7616565527534858,1.4715098081034055
2868,0.8216436415988864,1.611557474505107
2869,0.36305605754112774,1.2616005607814442
2870,0.44542662183091086,0.5039979907752874
2871,0.31677152222400007,1.508515991295223
2872,1.4127399017003213,1.1272891265179532
2873,1.300578196023225,1.0251049423471315
2874,0.43938295085263485,1.4505128124525533
2875,0.6418944658071766,1.0720287955479655
2876,0.5848306139817457,0.8065052363811676
2877,0.3624929182662445,1.774356719522308
2878,0.9072925292813226,0.9125118643655925
2879,0.5009462698107119,1.6022136987884297
2880,0.8841792643876208,1.2641324199746473
2881,1.1384158304899707,1.5549643572083338
2882,0.9498176267708148,1.426209109044578
2883,0.8882945653330414,1.0666359127544862
2884,1.2886056704661206,1.0959470257497257
2885,1.1604559117448299,1.6127638234168595
2886,0.9392081074661132,1.5184682845602553
2887,1.2391750308242895,1.7823817406828923
2888,0.8016674197733753,0.4563587342101021
2889,0.5431184656325773,1.5594536969924415
2890,0.7722049418219121,1.380639234027456
2891,0.42766190754801364,1.3465338357279273
2892,0.7281474452637688,0.8172648015522743
2893,0.9554057884031238,1.4054567924718069
2894,1.43793075040969,1.7415104068699039
2895,0.7614744183308749,1.0056423681976656
2896,0.7937387783844794,1.546582528180819
2897,0.4865892609141668,1.352980551306505
2898,0.3383500821839653,1.5296106754677485
2899,0.6407376936243602,1.5480854828037536
2900,0.8667450641215414,0.8939976506034135
2901,0.8344893594168759,1.2465536461934
2902,0.9457887442365983,1.2934711766527642
2903,0.2076508797591854,1.2334417097410166
2904,0.8379850808446933,0.8543524770417372
2905,0.7871509742339532,1.5748732611524483
2906,0.605162928588806,1.706504720731553
2907,0.9802912607160346,1.5003746195963759
2908,0.36532870551274543,1.483614886099022
2909,0.5952016499584422,1.540408367272175
2910,0.6075621101827627,1.4206130604899472
2911,0.5648783014700497,1.6406252057506254
2912,0.5584933349583572,1.6015419823340002
2913,1.1289420645701274,1.2098748719767105
2914,1.1987314860505134,1.4930843021448628
2915,0.5701555211309047,1.2471847032910546
2916,0.6458789876502171,1.1298456517692905
2917,0.4962980514351973,1.6823251891101618
2918,1.101419424060728,1.4580390941826042
2919,0.556047847753565,1.6533742822620887
2920,0.6648679836764011,0.993528420408738
2921,0.9761205113258781,1.4539159698424808
2922,0.5684912710090834,0.6754960358665207
2923,0.6574522740294195,1.5256546354766205
2924,1.3100824234455049,1.4950313477398405
2925,0.4794579998831776,0.9234231402890973
2926,0.7857162786586503,1.0051465495471712
2927,0.8731635742552126,1.3350408706788572
2928,0.8020680957163319,1.6030079532359691
2929,0.7205579598568534,1.4849987628350338
2930,0.6436221229492383,1.2866937485574073
2931,0.8986557605882787,1.3979724019270785
2932,0.6010861342622084,1.7772577213774918
2933,1.1500339457239712,1.1728282765151148
2934,0.6681366530082666,1.48808776635768
2935,0.6517895307312555,1.7215588846063432
2936,0.5933315597394478,1.2903308457299576
2937,0.6186417580583138,1.48257992899374
2938,0.9309769720669167,1.1458875217336053
2939,0.8082352362810653,1.067070614290952
2940,0.7714112660043001,1.4537417448490308
2941,1.1273831759028716,1.6407023922172963
2942,0.48461143529907674,1.0023980272872102
2943,0.4135768144902909,1.258848107871867
2944,0.32057994666486384,1.7503135147228575
2945,0.5663726126763937,0.9235452479410271
2946,1.4279826369865833,1.3594396531400146
2947,0.780441712881151,1.5997552053211974
2948,0.8586768763552587,1.8290000345775326
2949,0.9223730231729668,1.4796526412783386
2950,0.9135528673141062,0.3990874749935578
2951,0.4523151084547877,1.4173842242698291
2952,1.3549235243296744,1.8359510638630927
2953,0.9959516858576559,1.440504220437822
2954,1.1152650857316648,1.2676266180420754
2955,0.5875665881888329,1.192331332460337
2956,0.5068029786740724,1.6518225350319955
2957,0.9172293053232256,1.798205497652736
2958,0.7179815080975788,1.4289934556836923
2959,0.32446400023864874,0.704521704521955
2960,0.7176229998178649,1.5936526816718817
2961,0.1342974620838372,1.4059929628326704
2962,0.8505395121253646,1.5202993830257086
2963,1.1209286788359116,0.600593443293733
2964,0.3302908113481557,1.4126383141502221
2965,0.7945097910709507,1.675636166234384
2966,0.5645496471066616,1.3446221705584653
2967,0.37180351426538927,1.635106723058829
2968,0.7608490583155688,1.8290498733459284
2969,1.282883018416114,0.6137682053961468
2970,0.8392821841559949,1.7012008121625488
2971,0.6981363167319327,1.165364553141048
2972,0.6007286684667066,1.3684640183305432
2973,1.0152773515899238,1.3302385553375093
2974,0.7378020616146327,1.328820712660988
2975,1.1618510270600644,1.1391096996471268
2976,0.18644393960177189,1.6683962948439297
2977,0.7686817386656973,1.2738663876139493
2978,0.5341083089540967,1.5564503047155442
2979,1.3263138225312445,1.2468037736695625
2980,0.8819601307876189,0.8329843001387203
2981,0.7399714443450185,1.773894405491636
2982,0.2926817989962096,1.1626570798855274
2983,0.9008752603076857,1.5257494348098135
2984,0.7634527428674724,1.2440763142391587
2985,0.5407644401883678,1.7392435563660529
2986,0.4684927355339538,1.4211449668337668
2987,0.31780267955598657,1.7537575105810048
2988,1.0290082792621007,1.5652867932448484
2989,1.0514622261414637,1.387113278617401
2990,1.290946458685811,1.5610607652059318
2991,1.094361343847991,0.9819426244558902
2992,0.21873267347732858,0.9947636737613197
2993,0.24420165300772448,1.2914210902112984
2994,1.1300345695555927,1.2808456156693353
2995,0.6072950732038972,0.7191990990389359
2996,0.8427009395448485,1.8611530252409325
2997,0.24266310009374217,1.4765179127425507
2998,0.80516862479851,1.5390862060912296
2999,0.9642942943467578,1.561760069768943
3000,0.6609026876547457,1.0459785215994442
3001,0.8350177807806748,1.7534317619564987
3002,0.43320500988293326,1.379585734836918
3003,0.6855556421028236,1.0100093548614715
3004,1.0973075580792697,1.375835281357995
3005,0.519758999893772,1.4886420413150487
3006,0.6060815303130397,1.417839843489158
3007,0.386852246252711,1.2012244320911671
3008,0.36610250837454694,1.5878153753988964
3009,1.1120903681001675,1.4933166366188506
3010,1.1658984236438532,1.3197589126698115
3011,1.078118621568412,1.0189528276208049
3012,0.7856255646282654,1.312144600641345
3013,0.8428521409211737,1.3360159144935801
3014,1.2765816228566875,1.337753323276757
3015,0.825324219467516,0.889988540522979
3016,0.6410513874208459,1.4486599258422963
3017,0.6719888699840979,1.7173745685138786
3018,0.8796120576294707,1.3379148138242924
3019,1.0388802140809612,1.4878538309248142
3020,1.0707656636308822,1.2924378380396884
3021,1.253126609325961,1.2870015819619698
3022,0.7693107570416976,1.288527149710784
3023,0.6711198449886226,1.1795807111957504
3024,0.854682038619143,1.8354648212161677
3025,0.2908710965805666,1.5725249205188632
3026,1.2087949237931717,1.668244622224911
3027,0.5383153953214936,1.0539420626972862
3028,1.177386826903625,1.4991543815998343
3029,1.1502823349715854,1.3138518317497034
3030,1.0085802413830485,1.3086280983434684
3031,0.973803475772896,1.7306746386974852
3032,0.5970297957547499,1.2000056474747574
3033,0.1866212592309359,1.6126033655203542
3034,0.6815078428662346,1.290528088030595
3035,0.47281157474509317,0.8779525162335229
3036,0.37551182656040455,1.300767965197162
3037,0.8897003726202706,1.4524004625341367
3038,0.7571262358145753,1.2632616093957396
3039,0.33384886403944924,0.7502633710389317
3040,0.6606417031729669,0.9126338640923048
3041,0.6096416947152598,0.6081059808246356
3042,0.36478837947523424,1.2049295357334606
3043,1.0514927940845338,1.3104942124247714
3044,1.0427855006054971,1.2184604035956403
3045,0.6541997441214094,1.354300833922875
3046,0.8121459407423105,1.2553893190383048
3047,1.0915659667514634,0.9928747642833993
3048,0.867669495733112,1.832200329412354
3049,0.5589715369343717,1.2659899621198716
3050,0.4956454175167302,1.1114614791735669
3051,0.551198758345379,1.5171326299741756
3052,0.6399154238572279,1.4133074594230983
3053,0.3595536519768258,1.1836009255800326
3054,0.7760238213363438,1.2076055836092394
3055,0.8173862225905626,1.6405882726204737
3056,1.0108701548940355,1.4261703143241227
3057,0.9745478733179942,1.2819076111497412
3058,0.7385660303915994,1.0121477402810701
3059,1.3047785694295473,1.2890713652990584
3060,1.3292915036368218,1.3286083308574184
3061,1.0514050202032037,0.7541412019104352
3062,1.14955123127232,1.3814804302800132
3063,0.7230204745890896,1.6210681303164012
3064,0.6083708154229859,1.3371459587010617
3065,0.7153624058328016,1.2665320280179495
3066,0.33997957583962773,1.485568129667473
3067,0.7480957202600563,1.5153418853915384
3068,0.4295189168271114,1.4860527906568743
3069,0.46776328304480547,1.435956085317465
3070,0.881190772297111,1.1124000526801927
3071,0.8210941365726778,1.0386833639323498
3072,0.758047232085607,1.6403425618133511
3073,0.6272395573856738,1.5587678032161343
3074,0.5988340256924021,1.7363210938062037
3075,0.7903774832824789,1.3754768884006698
3076,0.6883007929368052,1.2141910292313236
3077,0.48041403376817965,1.4247051204473449
3078,1.0125088540000402,1.5016688514875571
3079,0.6804760790224275,1.3898953279780175
3080,0.4607299241179664,1.158233348994039
3081,1.2498323117016945,1.5504628439185697
3082,0.7573442164754695,1.5642972863395421
3083,1.4632113031933385,1.175807820982822
3084,0.8943253267012744,1.2415308721427245
3085,0.8172068781823598,1.5774622295403018
3086,0.7459293150438128,1.1907341029476508
3087,0.7529389476579355,1.8307973452353374
3088,1.1737057148082903,1.2763144794833536
3089,0.5460961274039033,1.63298546791036
3090,0.7232099181173876,1.726352307688934
3091,0.7650613740320564,1.4329979012897425
3092,0.770560112083873,1.4249183068144666
3093,0.9948430057018507,0.9314631182640876
3094,0.2924577671055318,1.375999161461713
3095,0.34021861257336167,1.7285187602354952
3096,0.6019301693834157,1.2068249750049456
3097,0.15325728727997967,1.194733348073537
3098,0.22277924445144887,1.0200557717303491
3099,0.7185983921252663,1.2299800810451034
3100,0.14406915781503776,1.2549747889102143
3101,1.178353204266827,1.4082492435409826
3102,0.9261429843004779,0.7540971054305468
3103,1.3549811615862584,1.2896996854710965
3104,0.9808773432989769,1.6004966790604207
3105,1.009994043225054,1.6836485575972087
3106,0.762383807056816,1.177476491403136
3107,1.1440282996517102,1.4759537155123605
3108,0.4533947001291076,1.5474629276307945
3109,0.8323882444123505,1.3194043808154254
3110,0.794205194019716,1.0288636389291714
3111,1.1072321129852012,1.3301620425138618
3112,1.0824606720504013,1.5584874518126468
3113,0.9384159433005406,1.234630062384203
3114,0.9173024778977138,0.9614479504420836
3115,0.5306925129352645,1.3375616508213817
3116,0.3312026394206534,1.7932565244698535
3117,0.42674673099543387,0.7977611759159535
3118,0.48899330487396264,1.3857487368173542
3119,0.27775377298565146,1.200183776201488
3120,1.198193141303836,0.8514906395145165
3121,1.2709581993245505,1.4466800730911107
3122,0.6119542404179408,1.2886605767112957
3123,0.7564403397609771,1.3851382978611912
3124,0.6807953462489253,1.469041631252179
3125,0.6468426975328383,1.6523239735671869
3126,0.7486766897266106,1.7315177068141197
3127,0.5363780216064166,1.6088334996764362
3128,1.2228812322840905,1.5243602591482461
3129,0.7347607507004168,1.6829118326572614
3130,1.141272439880623,1.2052699546034538
3131,1.0196253391503476,1.3561609230319496
3132,0.3964786864080173,1.7613914038090557
3133,1.0584317540733539,1.4851886297970742
3134,0.588953421983839,1.5763287691017478
3135,0.4304769635317648,1.5389990973535475
3136,1.0220007728796088,1.1077862334240833
3137,0.06227253046580196,1.3014169598542584
3138,0.9621553916179526,1.6037237473746266
3139,1.1836435338788738,1.472195801901726
3140,1.0410514182453747,1.361139561231847
3141,0.9545571046678798,1.3862633261336446
3142,0.5746943645252461,1.259946281085694
3143,0.2467273701838463,1.5542517132990379
3144,0.27090947477567184,1.6439372513247896
3145,0.7097812210955773,1.482492241100993
3146,0.7548213827741088,1.8508681848760176
3147,0.8834561467725474,1.0112942550729533
3148,0.37653298274297736,0.8718605965764905
3149,0.9379325095148284,0.5699594139769675
3150,0.35180589622513986,1.4301871017509673
3151,0.6348055205611006,1.5921159973934054
3152,0.38310842887899793,1.1190458292366896
3153,0.7432847940429612,1.1119513220632664
3154,0.7243903517289986,1.290206112944705
3155,0.1630806807815003,1.3682857813818234
3156,0.5830006172038207,1.293584098733588
3157,0.9434543325514982,1.3826612487736556
3158,0.9113789043780377,1.3185590079721905
3159,0.4941035966677348,1.3016311493811634
3160,0.9410927924714186,1.4480749037594065
3161,0.5075463766577174,1.3335436170280153
3162,0.8473856750079404,1.2185309683431567
3163,0.7650481483984328,1.5305479858160624
3164,0.4352651969140689,1.3864693219926267
3165,1.3117542195292158,1.3878943195643065
3166,1.5084194158981268,1.1783070534738158
3167,0.9377833907413752,1.1989881667557785
3168,0.5283601894095952,1.2956946195536312
3169,1.3202188673526132,1.043157875134479
3170,0.926003624482696,1.507928923693002
3171,0.5017621272252162,1.662875077053386
3172,0.4316063851666073,1.211303796815547
3173,0.29608897415620045,1.6704177403578808
3174,0.733955891346201,1.5928673593392033
3175,0.8233673266456603,1.4274678942117123
3176,1.0753282824683015,0.8946528246602687
3177,0.8496484206452216,1.0009014290666125
3178,0.4118669173269424,1.5554044963341909
3179,0.8188700236657224,1.212108323141257
3180,0.2396830828192035,1.0513919133959355
3181,0.5547387648494271,1.2044320941697682
3182,0.8018549432468975,0.9214536838831839
3183,0.6577513434689818,1.5947718614543485
3184,0.7989385873488868,1.441249567389093
3185,0.8699073339960034,1.7012138789523052
3186,0.278463478599224,1.3581762105984616
3187,0.733760866876579,1.570608343999755
3188,1.1384096447967307,1.4108172096333718
3189,0.7581424755968167,1.8160660735285932
3190,0.8311284318698209,1.4050253039215899
3191,1.5572878735854505,1.2615213451101766
3192,0.5457209970098266,1.36661772916364
3193,1.6514478408790658,1.3412632266407543
3194,0.8643757226391096,1.4454372345009847
3195,0.8295558039470543,1.3644958591039678
3196,0.7487784477291268,1.573427121594465
3197,1.1663838558650255,1.4765564674315632
3198,0.8078790916872526,1.4062393468735768
3199,1.4144729904414646,0.9218817232010059
3200,1.225538463985499,1.6071368064531009
3201,1.0124238666484062,1.5644207004791746
3202,0.46367767043153296,1.3620257727363045
3203,0.865950365166111,1.5176221808694168
3204,0.6936097673228018,1.349986427415006
3205,0.9036800179514821,1.2471435411627858
3206,1.1105811687128826,1.2267256222025242
3207,1.012380885410777,1.3574452910163415
3208,0.8437897415908935,1.4915911243741673
3209,1.3271317292293998,1.305307927782939
3210,0.3425060521637329,1.657734327332422
3211,0.8647086492190317,1.453800496525956
3212,0.998836734942008,1.4164178655834911
3213,0.9610889458920654,1.6373140773366357
3214,0.8887275779812254,1.6948707677710897
3215,1.7603270029205058,1.5101672209219983
3216,0.40364512409208625,1.4411644069948268
3217,1.0163212566706172,1.6417305593202958
3218,0.639924865084746,0.7326552703609117
3219,1.2029637746604218,1.5249099243465172
3220,0.3410368633777797,1.361783451171557
3221,1.0450463647865667,1.3982074563375586
3222,0.6489442863088973,1.4641116505319214
3223,0.4951012092497196,1.4645634398305378
3224,0.22747741080238545,1.3000702271848814
3225,0.9399467138887364,1.0029945599570278
3226,1.1300137539562876,1.1251160129523876
3227,1.4012610001872519,1.5786266942415037
3228,1.24041463113526,1.3972816243134962
3229,0.5422361676808128,1.6634578310127057
3230,1.1310620788655565,1.293349631103517
3231,1.3841352589884275,1.571672466470557
3232,0.9597056407121518,1.8208504129745997
3233,0.6341263810607299,1.5129737824623926
3234,1.348145880406352,1.4096065869025955
3235,0.3077010535309189,1.5041399036210545
3236,0.9147406432549468,1.0757104999282663
3237,0.8599497059148224,1.457644936952338
3238,1.069994565190592,1.2356087336715684
3239,1.0504566218266256,1.5469806269874316
3240,0.8363000129064138,1.2650525888639852
3241,0.9718668446636085,0.9358909596977276
3242,0.9563621199472556,1.1325276878999162
3243,0.8849207324577103,1.4567089537372444
3244,1.1593207491553126,1.2776865771861874
3245,0.24669942705899112,1.8362259859160872
3246,1.0042032968524763,1.5103775812925635
3247,0.5067809997671276,1.800194468281909
3248,0.49156184599864333,1.2610532005805604
3249,0.49971343915788285,0.94883702213306
3250,0.43626948480129424,1.4210037975889953
3251,0.9020554336404714,0.9008779620003975
3252,1.6056019433871798,1.179676072859976
3253,0.9320130722399051,1.0079832765261172
3254,0.731931228136642,1.072236605833353
3255,0.7635147168739211,1.281845533687906
3256,0.6507216486829809,1.18705836427339
3257,1.250409684333247,1.4054494691534019
3258,0.6739333632674283,1.4821026310107428
3259,0.5400429737669202,1.2586185347595125
3260,0.6705204840385347,0.9213492250703854
3261,0.3659832908030691,1.264473486187686
3262,0.9605919679310818,1.7025363476171664
3263,0.5356477738983954,1.4748029214287661
3264,1.591459811115215,1.257723313617477
3265,1.1770262327543255,1.113582852251958
3266,0.685061375363627,1.2220472346747102
3267,1.1823419956246408,1.2566167390811587
3268,0.6257638868521571,0.4275131258254128
3269,1.0067143552876217,1.4881646390754821
3270,0.4714961254554175,0.9868376258691223
3271,0.406886917046543,1.0721728892269082
3272,0.7070025407230532,1.386366748746453
3273,0.913352104201023,1.0314462879314508
3274,1.2538009361892701,1.0935087247358775
3275,0.9747618599811713,1.4569563839192452
3276,0.9062850638157538,1.277460393198497
3277,0.9844280327617294,1.1426247655433999
3278,0.9950746098218284,0.979437882695323
3279,1.2073673092614754,1.399720708593161
3280,0.24040418219657214,1.7244491679734972
3281,1.2874223362559767,1.7551014998093681
3282,0.5348729831358839,1.2531616730981145
3283,0.4819701746294926,0.988541445384636
3284,1.2788374171538137,1.0767001539431402
3285,0.16834562002428627,1.5065455712706624
3286,0.9647797589354348,1.697244008452014
3287,0.6910931027982525,0.9472478847546448
3288,0.4715093638282081,1.55484328470561
3289,0.6320179759234282,1.5039673219018845
3290,0.31095097865198185,1.5467078101097056
3291,0.9138744043126142,1.630690854816505
3292,0.9684986988750508,1.6704521735590956
3293,0.5684553829139304,0.795350090746715
3294,0.45116566364479077,1.7450026922196624
3295,0.5335834151678326,0.9013343486939547
3296,0.18850640055487367,1.211511204399261
3297,0.38816861409102515,1.8141454244585324
3298,0.5471420649099203,1.1502179678507962
3299,0.5707384278630414,1.5547592368589518
3300,0.5755573405728799,1.3246160916698808
3301,1.053393757255682,1.8723637136946465
3302,1.1003333476296382,1.7137797234149097
3303,0.7090802216161534,1.3016318626603025
3304,1.0445585156253827,1.3103791739526174
3305,0.5172276390582617,0.8405897344170838
3306,0.9877163918795727,1.2550275760205925
3307,0.6914320281314105,1.408715939218358
3308,0.6485582058477908,1.5838337168489685
3309,0.5168351112857211,1.3782030630116844
3310,0.9833719987537185,1.5483377443508128
3311,0.6879557483307035,1.511958192780089
3312,0.6066741389082692,1.2076129542221476
3313,0.45143495907730613,1.445932748177685
3314,0.7462330799684758,1.0873805525424851
3315,0.6182879704345416,1.3547865465058226
3316,1.0768864092306154,1.1708892362551433
3317,1.1004805646308122,1.7356242216673645
3318,1.381212126826154,1.5574182685182119
3319,0.5406592947777525,1.5603595067317217
3320,0.6256498379467381,0.9462910501704118
3321,1.1380034134854253,1.3237339296447503
3322,0.938448330144465,1.5846795986259266
3323,0.6076571060117004,1.3033277069519777
3324,0.15737328486483507,1.2076443888620783
3325,1.4369173194658234,1.0756837420956855
3326,0.8491491378787804,1.5812873422377298
3327,0.4521071556783099,1.4034042779397158
3328,0.10648248118741538,1.3894540750612316
3329,0.9348186328526162,1.710565516621319
3330,1.4047534226105436,1.7679623126115052
3331,1.0302787077517916,1.5689169718807578
3332,0.4229308113503666,1.4283175227556644
3333,1.3444886541968057,1.8238748314561555
3334,0.7475938885213106,1.1584980544926964
3335,0.6562410438759386,1.307822662998356
3336,1.2035422757621004,1.7448044029356127
3337,0.1459964957446873,1.7288422449090315
3338,0.5776379346332129,1.8342204638248554
3339,0.6711721454056373,1.3850089547493698
3340,0.8407391387688304,1.7165577314432003
3341,1.4333629229238667,1.717268769608538
3342,1.0599725111721034,1.68285688030118
3343,0.7490394180151688,1.8197365595265222
3344,1.2731086163655492,1.7380203780077386
3345,0.8734795874026386,1.335429599991899
3346,1.1402688459372534,1.3221423354453137
3347,0.5416659229363366,1.381162408776839
3348,1.019664470000267,1.2496796067182667
3349,1.1022606347031965,1.176822717450857
3350,1.165179886538978,1.639765704526909
3351,0.624750665489022,1.8091389723774571
3352,0.9882229477801853,0.7323719457868134
3353,0.4291733356835495,1.5184010425019205
3354,0.5815620420362968,1.234257876739175
3355,0.5628967564754922,1.0988395310453656
3356,0.9744583711625022,1.1834919446284298
3357,0.5770311190933238,1.5237841580613987
3358,0.44420797278698004,1.4098831087864272
3359,0.7370829709496808,0.9454909775494869
3360,0.434170285343006,1.5236841602946927
3361,1.1967286547508436,1.2279144325813816
3362,1.1708710413109724,1.2254485035102376
3363,1.0264278127223436,1.310152879081783
3364,1.4166930459490692,1.0560013953466467
3365,1.2377332693177587,1.0801316116365558
3366,0.7756796532247666,0.9653764279550145
3367,0.7752330727020751,1.257586851575672
3368,0.6034205947396256,1.1457779638083032
3369,0.3453151031449211,1.6503257155759428
3370,0.5659989280424541,1.431993123325555
3371,0.4312447589492421,1.5499256475368495
3372,0.9791262719569531,1.2645169736099713
3373,1.2005241113269431,1.5066123526540687
3374,1.1693043173001336,1.5856036136391238
3375,1.0197297946910555,1.5088171695070471
3376,0.5870157128432063,0.9725463284270912
3377,0.8194987774129219,0.9435631910984155
3378,0.7469350509962778,1.7260860273094467
3379,0.5916417558735227,1.4252919504163954
3380,0.7059001509688072,1.8198865883868884
3381,0.30651421600975287,1.575559380158789
3382,0.9118457530718796,1.5993930001971446
3383,0.7907016708053692,1.1900783382176015
3384,0.4187209144016651,0.9925086011845445
3385,0.8844576203479123,0.8711991634165679
3386,0.4070192473536362,1.8103751909557049
3387,0.772337534126211,1.2315610243544612
3388,0.5656884733662128,1.1937845686949653
3389,0.25819309875089197,1.6489080695807952
3390,0.4707483802342553,1.5609753109379367
3391,1.0809886826344486,1.632375905047224
3392,1.064008242618192,1.4590193475976188
3393,1.0019526318853567,1.7871134259542933
3394,1.009530601296524,1.3073911443850856
3395,0.2782536968455158,1.4111773291634548
3396,0.786843667000415,1.3374911853085658
3397,0.4293091480417163,1.5783962632623407
3398,0.36968558017267633,1.516685063316579
3399,0.4965566210040728,1.283086191110316
3400,0.2631694212377596,1.840652248164498
3401,0.8453603262155251,1.6340904202474857
3402,1.4006890541307393,1.5867523877342173
3403,0.6284017967932336,1.3254769479675526
3404,1.0356236809113368,1.2738571668628849
3405,0.5355957302871894,1.3254416005582983
3406,1.3215196125293918,1.368252832894537
3407,1.033597653565499,1.262072001940148
3408,1.457288792574191,1.4358411552628771
3409,0.8265979402670467,1.1651958469310466
3410,0.6149280263695667,1.4687013288387598
3411,0.9384491228979621,0.77510960364942
3412,0.35687430992399527,0.968195451850556
3413,1.0014117199407497,1.5534367023622715
3414,0.5253695305845117,0.8964904050126534
3415,0.7147697742691993,0.8928449771682343
3416,0.7180897667963971,1.3538254783130506
3417,1.101457871066284,1.279328286859216
3418,0.7609650105632844,1.332433352273405
3419,0.5129404701067286,1.377622149693475
3420,0.9427304361159375,1.5885925406759336
3421,0.8502727850022304,1.569889828891731
3422,1.0338783930683009,1.5151532415555993
3423,0.7954422976823649,1.30016101470772
3424,1.0256336723058392,1.611994015764708
3425,1.1525288241841705,0.8536734098821552
3426,0.31223341351359335,1.3884190127268052
3427,1.3635137362058882,1.0350909194443543
3428,0.8373088615148632,0.6231319889441078
3429,0.5833438049581966,1.6834307159593196
3430,0.8711415489577913,1.026547718916972
3431,0.991838425928352,1.3702514476965737
3432,0.46363395215809716,1.1700623167068076
3433,0.4389858317084907,1.3137530426580537
3434,0.6891644384258175,1.6243665758846122
3435,1.2217328995405896,0.3975249809546091
3436,0.6603566328526246,1.3632005971399719
3437,0.5250709669927166,1.245545951409394
3438,0.29875545043722723,1.2393451642068785
3439,0.8172669661195032,1.3285184224694848
3440,0.3267241915019955,0.6271632717497466
3441,0.7245534389517261,1.3061358388354536
3442,1.011450522098722,1.3179445657938431
3443,1.1677202026096793,1.4370147607772203
3444,0.17440736587895486,1.8262817435092848
3445,1.0431550689357023,1.6347602339594893
3446,0.4941991279126288,1.6005373892880899
3447,1.1877056622110063,1.1108660615761625
3448,1.1561026087506328,1.4277131694188177
3449,1.2785816833171337,0.9597692447917217
3450,0.39649893845237066,1.3188168931469395
3451,0.31579247353518725,1.4001908673357955
3452,0.3716832126220885,1.2501563272301248
3453,0.3572067152173217,1.7118014482837314
3454,0.35230916446955496,1.4606181376237273
3455,1.4624533472709007,1.8410238689541156
3456,1.1183064239007066,1.3502611778054834
3457,1.3572174928707672,1.2549627123654212
3458,1.150003511218974,1.6314528337476086
3459,0.7127062451867093,1.7368004587031916
3460,1.4009548924443198,1.0454539210869966
3461,0.32156182142562456,1.1430954105696265
3462,0.9016960660916028,1.3501066717462158
3463,1.4693695099482726,1.2460162469461553
3464,0.7832327246019674,1.3682940099989356
3465,0.7444834841926301,1.3453912666738475
3466,0.9422613524413721,0.5459550070263557
3467,0.8368317465778352,1.2037365567257732
3468,0.19195258364745124,1.3437716500861627
3469,0.4991954880009778,1.4553737195978216
3470,0.5910806069037023,1.3334691839799242
3471,0.9116603028382448,1.4542363070783635
3472,0.6444485039392878,1.2923919595835267
3473,0.13065971720234096,1.1467008073913478
3474,0.569380934091734,1.2755540045127463
3475,0.4675189344363205,1.6170966386902599
3476,0.8963143392063372,1.0820747630513292
3477,0.7396372495874785,1.14277759821221
3478,0.24054569228462594,1.711336421374957
3479,1.1762745963222803,1.4585094198826258
3480,0.24070530336074253,1.159060693335994
3481,1.0805265138221234,1.5399957155947992
3482,0.32453078389187584,1.2367050027821387
3483,0.8296503364599489,1.0891469835377425
3484,0.4657903716212988,1.282111645104258
3485,0.3009511783785692,1.303731393193233
3486,1.3154335988034012,1.3987263117096411
3487,1.1109955185178413,1.2978955318037069
3488,0.8729125340089283,1.9039469496055008
3489,1.2510864811779319,1.0384385781679593
3490,0.646688005497301,1.4501010650878101
3491,1.201629704373728,1.6611893933364639
3492,0.8847758131984939,1.3650648625587158
3493,0.5892641711460437,1.4315732086610469
3494,0.7989340921863803,1.0654038955222713
3495,0.785730761462789,1.5113491891409385
3496,0.9823953976037523,0.9096430540412384
3497,0.6367243038806263,1.280693393513265
3498,0.3782685440983672,1.97100967934325
3499,0.9722612300740899,0.5766527736003395
3500,0.684317014423721,1.5725366947376465
3501,0.808520033466682,1.0797112277966079
3502,0.5848902420930536,0.49976815390520946
3503,0.34780058469082714,1.2135979393507512
3504,1.1292233775392018,1.4363531021079057
3505,0.9309171973632607,1.5174554569811507
3506,0.6213410682050419,1.4161666493022622
3507,0.8699878653978761,1.2727211073782367
3508,0.8857633053088211,1.3566622649905664
3509,0.26762999515785063,1.70152580355035
3510,0.7196548674234374,1.1032149784558225
3511,0.8949659090319977,1.4265412170952634
3512,0.6543977655774309,1.386248394252943
3513,0.5821431527198918,1.6456228616621436
3514,0.42280799710958883,1.7682474616832362
3515,0.6118556327632299,1.115671541875713
3516,0.3518205037156619,1.6750078667921398
3517,0.5359638809370121,1.5727604071035648
3518,0.8004775285429979,1.0960597994117403
3519,0.4616760405216467,0.9393560311548639
3520,1.3238990581665733,0.9840831035534514
3521,0.8731888382236048,0.5852044414345081
3522,0.2105728598097959,1.619056824097988
3523,0.5117821119122206,1.3295292848248952
3524,0.33213101823662705,0.9379178372180459
3525,0.6072319176869406,1.3851098306038914
3526,0.5385396658101819,1.0409236510497126
3527,0.8384884635118411,1.6205688097734876
3528,0.39114608128748946,1.3699512498264501
3529,1.176577204012454,1.4348589426055138
3530,0.589874419728877,1.7563846219085935
3531,0.6529611737215305,1.636728298135531
3532,0.5410101458125522,1.2484750280766412
3533,0.6680918195981187,1.6717462036762105
3534,1.1663183779105226,1.4692701696119383
3535,0.574527650693105,1.5982099153161833
3536,0.5503489489267789,1.4190389004347903
3537,0.954527839847741,1.5400112158974637
3538,0.5017212541743441,1.791884828150413
3539,0.9171629718965776,1.5501827433534578
3540,0.9362661172254328,1.2672883933572332
3541,0.6061385539636228,1.3382675187192214
3542,0.7046954558264403,1.1566728880147943
3543,1.2514127286936771,1.6924236467496865
3544,0.7533795812816871,1.048000447585292
3545,1.1351329527669847,1.9035704954610462
3546,0.7213518387922989,1.343906140340193
3547,0.5921616384654936,1.6622825402908605
3548,0.3499661541451929,1.4292799542690937
3549,0.3021353703463935,0.930174046531457
3550,0.4333709345112944,0.8506929197706323
3551,0.8234316400973878,1.0788977038235372
3552,1.5159304458844025,1.2441359451927623
3553,0.9231557403390329,1.8589638204990107
3554,0.5127358195026751,1.3113317607772186
3555,0.8290384399389046,1.0897108206246635
3556,0.3157845912422024,1.4818898519972292
3557,0.42118613058394816,1.0671702156009397
3558,0.8312157955640764,1.5405742201155868
3559,0.6752166446779934,1.215860731044649
3560,0.9441967928596114,1.162896345645425
3561,0.6545050533835267,1.2674767029187761
3562,1.0280220144800336,1.523099343192346
3563,0.5733017097932261,1.1962472889173128
3564,0.1333612741112178,1.382419198699747
3565,0.6729891450254994,1.3523096334349365
3566,0.5736173766078453,1.654709585785995
3567,1.0655262318909065,1.266398019120174
3568,0.6207055830398025,1.6896403223336574
3569,0.3556100809900861,0.7471515373698263
3570,0.8030999272547917,1.493225448845054
3571,0.8476538261430401,1.123934195342415
3572,0.8645744157794535,0.8770596253174658
3573,0.4397301886663435,1.2362427697259393
3574,0.9278616991257669,1.1006605333666946
3575,0.9659506595561047,1.7843160168172782
3576,0.6156942225245139,1.38786391800096
3577,1.2617420897307172,1.6957367225199433
3578,0.6934841730135355,1.5574067005204943
3579,0.6665258462565685,1.4858529203851343
3580,0.6439505125469134,1.700475905450751
3581,0.7803055472635175,1.297620041927146
3582,0.7880175788710703,1.2730008696598558
3583,0.9805229347368019,1.6387139427825055
3584,0.5943887677378583,0.6275094092969054
3585,1.1293722251602363,1.2280774420204237
3586,1.0263217144924424,0.951669351332648
3587,0.7431849706737125,1.6148867729341982
3588,1.2332189530144546,1.1877767587520256
3589,1.073929285708002,1.5572379877384797
3590,0.5736854002758569,1.4851989165455188
3591,0.8332616183447565,1.424376403331114
3592,0.9518595818610067,1.7993836275589965
3593,0.6845538364035197,1.2671039156823798
3594,1.1040080107778178,1.1092924429026174
3595,1.109122150432384,1.510886062231536
3596,1.3307459923475402,1.4056792675813576
3597,1.0049781333561942,1.4574205323841865
3598,0.41040665320636754,1.5090362644821786
3599,0.7888378742816333,1.116114414408929
3600,1.022097866271615,1.2691876308730936
3601,0.6923428861648416,1.1126956441071183
3602,0.9426932661112519,1.626852913756097
3603,0.3786402236858777,1.490208096378612
3604,0.4175857025549484,1.2369110105429288
3605,0.5270884780615569,1.3246680176621675
3606,1.2301503445676898,1.823068528197163
3607,0.7920354864217372,1.53602586278154
3608,0.514162971455924,1.6987308260034601
3609,0.3767099101496656,1.2504077536942264
3610,1.4311055804993909,0.9803871116702647
3611,0.7962338668376764,1.2952594142666958
3612,0.10920059767455899,0.8039569644223552
3613,0.7752374105627801,1.1630950460557847
3614,0.12680593968920023,1.6903534405354261
3615,0.6433401356270462,0.9463565420727882
3616,0.6512941404008218,1.3157004579266207
3617,0.8476989576113597,1.515044756397776
3618,0.8078502328385053,0.21091448291329318
3619,0.4021549063064153,1.0718639957045055
3620,0.6818569092982809,1.1702214402694275
3621,0.9816818923560459,1.3939920734495574
3622,1.2387683267930898,1.6118500318000337
3623,0.08451096739373781,1.3315467498598546
3624,0.9185704457850693,1.2338084044418247
3625,0.770924240973782,1.7841959570070305
3626,0.715399843609643,1.466751824701026
3627,0.7345475597164963,1.3044238362593186
3628,0.8067039193312461,1.0321618891571407
3629,0.6361074718577178,1.126123768895412
3630,0.5615196386551661,1.2487004759079403
3631,1.52546380553094,0.5865030660834083
3632,0.9073454749302821,1.6269845888249799
3633,0.8044495391360854,1.1017222680860934
3634,0.8714634729732041,1.0713249146221298
3635,0.9389456042235373,1.5427647394948427
3636,1.101761547701429,1.004571071440294
3637,0.7823249055328494,1.7550307473816789
3638,0.7412057054168628,1.16241962052413
3639,1.108922889439616,1.154210772156678
3640,1.1234676119707756,1.0887978731855634
3641,0.7863528180604414,1.1165091048191307
3642,1.2112979235204873,1.578491395974317
3643,0.6911926508587714,1.793311064476046
3644,0.6194266970575293,1.4929597336835991
3645,0.6743657648195279,1.2219992204558474
3646,0.9587607836370047,1.5238030150907242
3647,0.4919343632332385,0.8925980443825605
3648,0.3673322930416259,1.6012754280724004
3649,0.5485843494892331,0.6184002745613009
3650,0.9475559178700657,1.3473373958633812
3651,0.5271263697946594,1.4807796287885957
3652,0.6336601687821948,1.3375633527489519
3653,1.3422901032066261,1.2951347760528455
3654,0.7670261022737282,0.8478493011283368
3655,0.8678375525732697,1.433792847179173
3656,0.717758775001461,1.3535730682651868
3657,0.5771083957865871,1.318127454492133
3658,0.35186548275022095,1.3276856169941715
3659,1.1130337605275997,1.5239502957208841
3660,1.1124857774199954,1.3934317338095434
3661,0.7420101897925215,1.5408583116777401
3662,0.3541871544211122,1.400451708221747
3663,0.850716223245845,1.4756168336212043
3664,0.5993304362217894,1.5893687934066008
3665,0.31015518796037317,1.295398145429744
3666,0.30783954634128713,1.5566576927716937
3667,0.5723179885807657,0.9153409746940537
3668,1.094962173401962,1.4672522892249389
3669,1.5277109116379035,0.6576732537362266
3670,0.04783783458218685,1.4362048093753326
3671,0.5359365988500683,1.4288455485079403
3672,0.40042516670019423,1.4277884464708295
3673,0.938957489068805,1.5615354435241624
3674,0.7728762002802994,1.3132301107124547
3675,0.7803330091587997,1.970359378452364
3676,1.0020614493401325,1.5985564538228456
3677,0.540563189753989,1.109234930607771
3678,0.6790318930704956,1.3767654098283681
3679,0.3374094964549291,1.0870338402766326
3680,0.294673041100598,1.5581366730941024
3681,1.0083644960043787,0.9448384389914675
3682,0.45172408786980434,1.6152272135157757
3683,0.5864630627553146,1.2455617101158478
3684,0.6180541997372377,1.3198867576924591
3685,0.6107964085022234,1.470031084163527
3686,0.5214715142200437,1.6183151212158335
3687,0.9473277961246861,1.6099519664490045
3688,0.4354373198526539,1.638122145852756
3689,0.35601213334677617,1.5391516943541108
3690,1.013400200191855,1.114903609440534
3691,0.24501297848826067,1.715511376771703
3692,0.4355034741622928,0.8498869904201138
3693,1.2966034908603685,0.8908719742027809
3694,0.7956158145267943,0.6137766986833988
3695,0.08418662081536736,1.2984800225364912
3696,0.6143146045164214,1.2497811202238314
3697,0.48931836754464686,1.6107253600409577
3698,0.5050387803666049,1.3563919319820927
3699,0.5472562452029407,1.4978834594330617
3700,0.9210493104266304,1.2683141687216888
3701,0.6069394442499413,1.63824714936315
3702,0.9051330595104919,1.3726744176601815
3703,0.37494178531133293,1.158819630049952
3704,0.7159618621004352,1.5466338019824233
3705,0.6524279905009038,1.3192121071589313
3706,0.7836166321682629,1.1715343290419367
3707,0.3653017744765574,0.9415457825951776
3708,0.8540535514457743,1.1652661056971148
3709,0.08447069305473573,1.304506580349196
3710,0.6176659948773886,1.447459226751505
3711,0.6642940676163425,1.3542125662680538
3712,0.8646715108250463,1.4085949651511456
3713,1.1970599632913395,1.3893684510607658
3714,0.3521935010697492,0.9556708149777786
3715,0.7952954998687509,1.6817303665375323
3716,1.0196149080296706,1.223800185356359
3717,1.460970552421702,1.1082813057666485
3718,0.4038064154831311,1.0236834326685094
3719,0.870724007064334,1.0283256597571127
3720,0.5404240696277426,1.1266556057830217
3721,0.2744030607229006,1.4664423121938563
3722,0.856885121901408,1.5431544797497168
3723,0.6366534016466523,1.5274543997996908
3724,1.1901350411382672,0.6201113094193411
3725,0.2561757950728523,1.031339674546453
3726,1.11150680973809,1.3870775337191765
3727,0.8761283250696701,1.3313937575392378
3728,0.7682178231342012,1.8470528175045973
3729,0.7293755493103614,1.479300198673318
3730,0.24689850245241682,1.1983161249120364
3731,0.7372404220995508,1.5730289097270644
3732,1.2018864831256297,1.086322346949308
3733,0.9265778516085706,1.5975097620757972
3734,0.9740274113398952,1.7226272333782582
3735,0.727680273739759,1.0417683451234705
3736,0.3448884118555059,1.3723788754821284
3737,0.4580477411272812,1.0270687441274546
3738,0.8687149235875803,1.4940099052022748
3739,0.5253660460058138,1.326929804185636
3740,0.5039185033679504,1.418312645747997
3741,0.4714857435589452,1.4679118301731575
3742,0.8831944739127008,1.1654859987604655
3743,0.5401868252906439,1.1022231169711496
3744,0.6973540889056543,1.1725739787521432
3745,0.4937015779418051,1.4047352496323593
3746,0.6271084125264048,1.3702646540147887
3747,0.624120518860347,1.390026924391455
3748,0.3617880799991419,1.3184862280925786
3749,0.5214847365289693,1.100883346199832
3750,0.35731571198846307,1.1554885264381856
3751,0.9821102029474171,0.9310348197688187
3752,0.37312926197033913,1.2965621473405338
3753,0.7733646523612564,1.761131747818168
3754,0.6312653023457061,1.3748657900765722
3755,0.30068180982030657,1.624525971915228
3756,1.2273231977842831,1.1663650736098299
3757,0.8747305577343163,1.444844266755708
3758,1.0676274898087346,0.8953034400618403
3759,0.9663199641711568,1.4810825338368485
3760,0.7903718883524125,1.0716830133628679
3761,0.610019494972464,1.4716091403400644
3762,0.46361639322107256,0.976834587993368
3763,0.6499680291807494,1.8244403579291537
3764,0.612521001210454,0.9526991426281612
3765,0.83919093985772,1.42440922037993
3766,1.0555228009563125,0.85653307315651
3767,0.5786217737032029,1.2121836839173352
3768,0.8306408509118264,1.3289056927994958
3769,0.9287696345712414,1.234615213147157
3770,1.2095715141803247,1.3406710556316364
3771,0.641937703488901,1.6674656692179193
3772,0.7708305745447872,1.2839312402009075
3773,0.5941037891647799,1.3290636699432348
3774,1.0760320010711655,0.9127371150113714
3775,0.6197188729232499,1.0691153558528081
3776,0.4804563604865974,1.284757662033428
3777,0.21592951510139288,1.400398605166016
3778,0.8885555071498794,1.298210586673424
3779,0.9711404112064568,1.0565075248985134
3780,0.9485267232203461,1.5836541334658112
3781,1.3228131837953376,1.4553030441816488
3782,0.29472520358756604,1.30102488768414
3783,0.3193526120340863,1.1968126106038557
3784,0.27915927909346183,1.368677441740235
3785,0.8760539201224262,1.3501100211310901
3786,0.9743194295723532,1.312885052558196
3787,0.4907548446766635,0.855074694602648
3788,0.8456078977225481,0.9260178449106693
3789,0.7152629694264647,1.504586155235123
3790,0.6867509357389383,1.3173388100222194
3791,0.6481791273428775,1.646202639722001
3792,1.1678096554253836,1.5605980110016318
3793,1.0744423559757903,1.5822432933369106
3794,0.636045498244793,1.668530251781763
3795,0.9444764749709276,1.2503070761744395
3796,0.6382054718594361,1.4496578619670761
3797,1.2317367962093428,0.9418070499369355
3798,0.5034059826799847,1.060224718781216
3799,0.9318807915121319,1.3972980339831755
3800,1.324785312576335,1.8168493797257643
3801,1.1131497040190799,1.1765966008832924
3802,0.6024828442445804,1.3191441917812168
3803,0.922076837960045,1.2832458498773724
3804,0.4814081042506894,1.4074979696256515
3805,0.797607831549166,1.1030595467417108
3806,0.8491653880695689,1.5161192480296568
3807,0.34223561495826743,1.5143391044504197
3808,0.9620938858505217,1.0303207885045342
3809,1.3610541048009575,1.0724464381314571
3810,0.7225693863554906,1.0913074136264598
3811,0.842951744289645,1.528214524043061
3812,0.9396660630648012,1.4184411974155404
3813,1.280242035342561,1.1393461206534954
3814,0.7250442916069565,0.8018427095208993
3815,0.6952496942421694,1.486468323277743
3816,1.5259564159963948,1.4750241663271038
3817,1.2137347599899855,1.5470327874365768
3818,0.7031774155607665,0.9355681634179549
3819,1.1446677238388099,1.3276270924059337
3820,1.0648167803648478,1.1814910801543235
3821,0.3891374380302001,1.5374763892500645
3822,1.0203732031663537,0.7870029708558217
3823,0.4150137008214353,1.3834590697943123
3824,1.5842853009259548,1.5584299463198343
3825,0.35679856266130533,1.3216285586885967
3826,0.6008553765861889,1.0271461990003532
3827,0.8996221769554131,0.8445950997389102
3828,0.841110688732333,1.060000146630976
3829,1.1719461002372369,1.3243129778103837
3830,0.6666274803911885,1.235974830359157
3831,0.8500526582950548,1.446994393888208
3832,0.08984061576562301,1.210363927003284
3833,1.0691264289905664,1.2598672076460078
3834,1.0711609960069732,1.1206558191321094
3835,0.41385600244442666,0.9518312613140598
3836,1.0986635263980655,1.3798149276298175
3837,0.6020806549961829,1.2571835388461197
3838,0.4214525062403922,1.4752955910150538
3839,1.3263161854467709,1.7528575412169518
3840,0.31576943090276,0.8077097002034301
3841,0.8569445315422892,0.8575152587081625
3842,0.6506974487488332,1.4492871092048452
3843,0.9993956677207781,0.9758234850034222
3844,0.5717791348813864,1.1817234972994035
3845,0.6224087784100402,1.709869257933737
3846,1.2428734143766274,1.29289186003068
3847,0.34540010586405673,1.333383538435644
3848,0.595441806907308,1.4906242527836715
3849,1.192573341874946,1.2269460764268743
3850,0.4664604144075357,1.088102825389
3851,1.3055427413800227,1.4199635011567615
3852,0.5324092237596573,1.2538137386569963
3853,0.4332044500305754,1.3559044514885121
3854,0.6624661709753733,1.518161678567001
3855,0.6053797711173884,1.7002609845185235
3856,0.4091690196454918,0.7190210121150942
3857,0.2008291435488385,1.3814761342874355
3858,0.8359643198909668,1.7276623232494637
3859,0.5461305525056604,1.4610683709586572
3860,0.9653600090613373,1.1015746771176724
3861,0.9028256600797989,1.236282377545447
3862,0.7272634945708394,1.5471694045263458
3863,0.5738281039028036,1.527670663350423
3864,0.4426134390296097,1.7186972445689104
3865,1.0583343663723117,1.373864618573573
3866,0.6896886638838079,1.5412340731513048
3867,0.589161255697439,1.311301646686877
3868,0.9739152421190378,0.8731609766779025
3869,0.39103406092018217,1.427040954736889
3870,0.7456919049748106,1.6591932907493856
3871,0.1602672215572503,0.9793086954305315
3872,1.2271862362021269,1.7692492115865885
3873,0.4920741916583723,1.3744458333190686
3874,1.1361725266414164,1.6225470232356036
3875,1.2887443760118904,1.0171338983720344
3876,1.499932889890341,1.3097104248960965
3877,0.5531784878762199,1.7041316896007017
3878,1.3608296180802257,0.9064048321465719
3879,1.3421443787426874,0.9333898428693805
3880,0.5706572429895092,1.5731974688972257
3881,0.6691001120555747,1.378307516294356
3882,0.5455647446629717,1.7183348338257385
3883,0.5338354796073063,1.344183050488296
3884,0.8750650535030999,1.310618854045154
3885,0.5788517979015044,1.5954564227966055
3886,1.254102187702428,0.8134576841407175
3887,0.8157421937493556,1.3930137180539892
3888,0.8982147784752488,1.6219664250174268
3889,1.4728043258459402,1.1969353641326224
3890,0.79619698763133,1.7618426527636029
3891,0.2403657507951692,1.3820525586132524
3892,0.4792859700551214,1.2740466154430727
3893,0.9675055319808668,1.2899148163622143
3894,0.25585494661303365,1.4306869430753906
3895,0.4427150050700879,1.6202891956180265
3896,0.6478550679700313,1.5052567159261714
3897,0.20965523554483478,1.3565888645214654
3898,1.2156653418168435,1.5586386809711854
3899,0.9750187390332237,1.344637122541603
3900,0.4692180135411239,1.7591424152952015
3901,0.25733313260268,1.245319314847999
3902,0.7459757190177112,1.4063702893668713
3903,1.3773276046786105,1.4565466689822402
3904,0.5928345272863438,1.642996401081605
3905,1.2931174617900811,1.4726615865280022
3906,0.4735094757956412,1.284469327050958
3907,0.64631049735382,1.1840374265636873
3908,0.9047566195148528,1.7936902656520588
3909,1.1211871710982322,1.5480826081068395
3910,0.9478095018873998,0.7429507225067593
3911,0.9493949504224464,1.5464343147577213
3912,0.8261149344635385,1.2909605765523353
3913,0.3326521142255429,1.7549389718339656
3914,1.0336142259216883,1.5292392369033936
3915,0.8953364600133505,0.7650012900709176
3916,1.259292800058199,1.2829859226026004
3917,0.7104189963354434,1.637393233252829
3918,1.304064468374545,1.1360925313903762
3919,0.3140306623947257,1.1067640752819323
3920,1.4052623323519418,0.9845889391164597
3921,0.25487244236995754,1.6166984406763594
3922,1.1491734158941203,1.3753223771905785
3923,0.8146516618701118,1.0544894694664313
3924,0.400882844271616,1.4819612925450565
3925,1.3060033042517194,1.717851518563564
3926,0.6157319656061174,1.3772257144890845
3927,0.6547387870185002,1.7689476910631448
3928,0.6420212236994886,0.8600007711312265
3929,0.6904859558095258,1.4253244883960474
3930,0.3155800833800908,1.177644800677728
3931,1.056228544354625,1.249665999235585
3932,1.3153216479015128,1.4241842148295754
3933,0.2185887617643717,1.5163939281452767
3934,0.8462285891265733,0.9252115528114551
3935,1.0617737853956388,0.8367623930524379
3936,0.6919506858089843,1.4574366951364635
3937,0.7444535400002744,1.2533320683594908
3938,1.0204095012610994,1.3553540255079308
3939,0.9768211828151344,1.476906998211144
3940,0.5362057705154036,1.6665447532866648
3941,0.4887564749893213,1.00575299360306
3942,0.3386799886993027,1.6381281100560598
3943,0.48387920122873784,1.0284973024303552
3944,0.44624248704267383,1.2526782002714327
3945,0.5050355634013224,1.9148682544139914
3946,0.8601567777224672,1.0333174678184185
3947,0.4823508818424843,1.6669811458644048
3948,1.1614131835208208,1.2228829168494129
3949,0.4193972498497038,1.8262806803178202
3950,1.0322446360031186,1.6872699641845736
3951,0.9904478043277697,1.4699250206836365
3952,0.8641997146795416,1.162824640328051
3953,1.2274880323929858,1.3820198342384287
3954,1.0958099710731422,1.0829239300450548
3955,0.6443156815889362,1.4973813656608925
3956,1.0349786748965548,1.3986013056896258
3957,0.8002301593003398,1.4404384427726908
3958,0.5157073026709297,1.4333413317946286
3959,0.4506729403987577,0.25895962456713306
3960,0.7307305662560403,1.3156387176170175
3961,0.7089328606723506,1.6285446772080316
3962,0.40435992677258803,1.008515102444712
3963,0.8710613506053813,1.335269385831596
3964,0.28102640213443036,1.8201503617257548
3965,1.041020413231205,1.747588629776444
3966,0.732536225565096,1.2767892083563392
3967,0.43017273510300325,1.608850263824327
3968,0.7391852945233222,1.0155511127122852
3969,1.203343393275647,1.477633876746658
3970,0.6877693508544616,1.7231071099087552
3971,0.5678317835889285,1.3048094981123257
3972,0.6489010495064529,1.7828330528588727
3973,0.7669785914215113,1.507381703732799
3974,0.6309048458608808,1.102452953340897
3975,0.9567441101494086,1.1598857570635859
3976,0.7561814912104534,1.4598906340808728
3977,0.22615805113598378,0.9938157885167405
3978,0.7865515356505214,1.3823236620941068
3979,0.7664647185183064,1.1880479489355211
3980,0.14214173999179608,1.4559319475259418
3981,0.7001075857915298,1.4662252307956307
3982,0.6238009501459426,1.3895971152553952
3983,0.5809970167904719,1.5124366861710843
3984,0.7049927429662882,1.4549090863200909
3985,0.8495258507993745,1.6560335273617952
3986,1.109267494527229,1.1393741894675302
3987,1.07464343369399,1.4508189981464918
3988,1.0697213865000903,1.7815199805372848
3989,0.4017950243442091,1.3766616423767233
3990,0.8047032937241752,1.4208035639361953
3991,0.6417946755007423,1.4508837827691192
3992,0.7049232224488999,1.6522811844347285
3993,0.7942537223138544,1.0779784888972483
3994,0.6860709586413238,1.3836255838996845
3995,1.086172479661174,1.0289424375586873
3996,1.133539064841405,1.218195202857044
3997,0.648359321963451,0.6852205252832235
3998,0.8196604179967486,1.5098431975331943
3999,0.7871662221532749,1.4839545645749066
4000,1.6107669590316442,1.1773855126930772
4001,0.7023009972764075,1.4926124373631744
4002,0.46890662787494575,0.7338980440173617
4003,0.6121079257511682,1.5621527591411337
4004,0.646013698366424,1.526334891170045
4005,1.0251377597518425,1.4193037505553285
4006,0.8610413616516295,1.1623440712926871
4007,0.7175335606054346,1.7630897749645487
4008,0.7269363173913462,1.5238853497750608
4009,1.072669205871213,1.2712855659832831
4010,0.7086112403635153,0.9788832653741424
4011,0.511711186645894,0.9604321988316369
4012,1.0463242434558966,1.5760533617782548
4013,0.6508207333419543,1.0702464554668176
4014,0.3310926182666491,1.4410549841055278
4015,0.3475428122907479,1.218071243316035
4016,1.0939505236602916,1.7295485433098836
4017,0.48636064855752037,0.9456676218560689
4018,1.1666528842576904,1.4099899587465536
4019,0.361788648364141,1.2454131048125752
4020,0.7424493096341266,1.8091044095306636
4021,0.762723087048199,1.2011128763457428
4022,0.7039507697595155,1.2922087213794078
4023,0.899431505650419,1.6446855212039548
4024,1.4447227235293898,1.5843888211438983
4025,0.39387917696221203,1.1453677583579258
4026,0.7317131309000321,0.9537187803489275
4027,0.5824248791025676,0.7019202147376193
4028,0.329517191789823,1.6947252869619138
4029,0.4348831446837306,1.697746186547823
4030,0.5352786299160819,1.5804802942333014
4031,0.9007143411038692,1.0825151960059318
4032,1.183678755492788,1.209823058308141
4033,0.9569863104206804,1.4572582367708857
4034,0.7498742370527038,1.5573177765637616
4035,0.3749554237404574,0.9367182310518467
4036,1.0485501047701968,1.2053697964574295
4037,0.5202208012714913,1.2974958677847994
4038,0.5699087299733098,1.5637861921181
4039,0.5777906319217034,1.1863175534067563
4040,1.7328314477569728,0.8554588874548754
4041,0.7842073791302376,1.2947207814388784
4042,0.456531426196987,1.7233605863970725
4043,0.8486600417626707,0.8913932438887817
4044,0.43738085490494827,0.9601426989325863
4045,0.7979500295453026,1.6493724676909864
4046,0.6783914165200207,1.048440527030142
4047,0.8448853999760648,1.5219142695922574
4048,0.719353653868318,1.4032150694900167
4049,1.0141390096897633,0.9286778159631994
4050,0.31023363081364014,1.7960056304680534
4051,0.9286360317146904,1.1787045069577036
4052,0.7589279665984545,1.5725459806808033
4053,0.9449507266465181,1.160974898074116
4054,1.2166329798565545,1.240155801763747
4055,0.8395847875566403,1.6501417814439634
4056,1.0248180517561492,1.2306645218282393
4057,0.5898133806059146,1.4364014406776024
4058,1.1167344525555873,1.5820545603021499
4059,0.8885162733138439,1.0337641054311337
4060,0.6238709682682192,1.4219769852440485
4061,0.6221670591048779,1.180449702954319
4062,0.9147709494322581,1.5110566660372209
4063,0.3430025359866647,1.5259528658678732
4064,0.6945943749768335,1.3374599900912592
4065,0.8741348040145208,1.526813522807819
4066,0.4494447843086036,1.153536175161094
4067,0.8629373491395116,1.6548589543796284
4068,0.614435001220051,1.4883251555742127
4069,0.5276931137473313,1.2292890538092671
4070,0.9382817866073146,1.4514148500739887
4071,0.49570240170919855,1.3791397347831365
4072,0.9752735724716515,1.4144644460848896
4073,0.946438127498153,0.8097168407504778
4074,0.6787645359870917,1.738549134350133
4075,0.3462394854565292,1.7363784635676516
4076,1.187231634040327,1.012371972540241
4077,0.40003317318697157,1.6526706789658965
4078,0.8895074187830578,1.5424602343127793
4079,0.7090761186176007,1.4020705689200665
4080,0.7660700617281746,1.7981579207859766
4081,0.975832317571646,1.4830359839425866
4082,0.8821370185333453,1.927043468704903
4083,1.1768793996291338,1.2862633404543247
4084,0.6128803674832785,1.5353840391098381
4085,0.7145964151673454,1.237790414473575
4086,1.4122621104748716,0.9804994913865341
4087,0.9235530381849458,1.4138134782594558
4088,0.6762890278874333,1.8062120155020822
4089,0.5036115519073644,1.483292466998135
4090,0.6084064469139154,1.705471161870306
4091,1.020800602418287,1.465924444870739
4092,0.898488231913909,1.0816010010212591
4093,0.9344890620957081,0.930564972147857
4094,0.350317581465255,1.213729708473179
4095,0.8206869145694327,1.4186379186219547
4096,0.21127870974287466,1.3339430696027306
4097,1.1159905618155495,1.6685415709596958
4098,1.277002885488236,1.3328051046729323
4099,0.7170237616411761,1.4798912396987323
4100,0.2635614650665113,1.6971184904205998
4101,0.7611858376984371,1.643847217573675
4102,0.7817480586727811,1.7354501230586377
4103,0.8056667518151733,1.2780861812656854
4104,0.4661557809791433,1.2099530430070438
4105,0.9927959896841425,1.2604991957330463
4106,1.1267128400882722,1.56071638152932
4107,1.0245257816878854,1.3779288071575895
4108,1.0017529880363867,1.2547830816060594
4109,0.7582826583314352,0.820642993392515
4110,0.7821695009709216,0.8356506674468704
4111,0.8606489183167517,1.4867825908164973
4112,0.7063633367272927,1.6503998717580068
4113,1.093582159641893,1.8032291251954604
4114,0.7149427290443892,1.3921674447784795
4115,0.8319512379016375,1.537533952914704
4116,0.2772644704892862,1.7293933994432655
4117,0.9536965853508953,1.3966823645371416
4118,0.5012309907349572,1.3873711884893964
4119,0.7653834860089873,1.5924691322122828
4120,0.4422661646289992,1.651683235548532
4121,0.8759790385348061,0.6645387453144835
4122,0.7450771635113227,1.2226976954730482
4123,0.6533907117886995,1.2359259571973464
4124,1.1201823377496245,1.3062773411368518
4125,0.5496552913268773,1.0411553166103718
4126,0.1705636940927813,1.585356016236573
4127,0.5640908079662198,1.6158736821853448
4128,0.43016382231070516,0.8808773340386147
4129,0.9966238439508219,1.270574447442888
4130,1.3643037904065511,1.3719259992401298
4131,0.8721241874976805,1.6853079914344296
4132,1.0576586966883923,1.0851204427479617
4133,1.0216852647376187,1.2834666528102676
4134,1.2875734395746876,1.133698482844435
4135,0.646568479039712,1.1939396383814072
4136,1.2709963666044684,1.3297078513658174
4137,1.0827513382642477,1.0154765875736627
4138,0.6074661293900531,1.6737492421617741
4139,0.394827207199282,1.3687309570322739
4140,0.9020372620164947,1.5554560435040674
4141,1.2616239660274249,1.4526811219166111
4142,0.788679892797014,1.6113629293089173
4143,1.0247168323706992,1.7261570947117197
4144,1.1557697639463616,0.7475887053089332
4145,0.62281678305447,1.1471880458585462
4146,1.3878954374598111,1.218140437060726
4147,0.5850991231472746,0.7680752129894346
4148,0.6710202658043928,1.2344511171890034
4149,0.47570840921087026,1.5841855915499143
4150,0.38823890484680146,1.5002682936778229
4151,0.3181946965142022,0.7290573446631823
4152,0.6768478469296394,1.2759386165025113
4153,0.5629738203202757,1.3540066220208855
4154,0.4983199705078968,1.089136948748958
4155,1.1653391004954168,1.2908076921469505
4156,0.6017501852941565,1.1040894490945021
4157,0.5322521653566494,1.4776772293390048
4158,1.0568634001088641,1.577552491517293
4159,0.5882759129217271,1.417228278594723
4160,0.45044239551992254,1.552352959008126
4161,0.21409246351690583,1.6278619346108194
4162,0.8785570030210367,1.1935823803434231
4163,0.7252042906844439,0.8628083524329901
4164,1.0440979753581092,1.37405216304498
4165,0.1990818397584961,1.1809259294846273
4166,0.5111964920651203,1.2964467874063255
4167,0.878823839827958,1.2601526083547117
4168,0.7889037468207842,1.0398949795478476
4169,0.7888839455578301,1.1943910197290335
4170,0.652771687032235,1.4311521539222598
4171,1.0848571085678602,1.6795581802819886
4172,1.1330999386817802,0.7355785693949359
4173,0.8504581391132824,1.3197161782805962
4174,0.3610901436068648,1.9061807759271858
4175,0.7329110857890868,1.5198324642170615
4176,0.5458949052209192,1.2322654145130012
4177,0.8329058353005856,1.6239530573375538
4178,0.37103272819478583,1.4331236332838047
4179,0.40175403274605553,1.3083602203797957
4180,0.4614913948475458,1.1664851401564573
4181,0.8427295358531142,1.5398977132289384
4182,0.8535346465229963,1.5988938186999322
4183,0.3980491005041157,1.754032025869365
4184,0.9245079694069591,1.1978797418932214
4185,0.8643025615433386,0.9932505742264424
4186,0.3296526351113417,1.4927727238513522
4187,0.7291222954216499,1.6609620530608087
4188,0.8884437312958023,1.5322470880952148
4189,0.3893681653099017,1.7824999943249287
4190,0.9729541144352568,1.1736782444540799
4191,0.6502676885035512,1.465440070922321
4192,0.30721466788898477,1.7293929223077107
4193,0.5925906719967761,1.5130870486011152
4194,0.47501585243179834,1.4694727730573791
4195,0.9950011858617854,1.1652636897031692
4196,0.9003194494380157,1.7160382642298693
4197,0.46652007210976426,1.062746867494257
4198,0.5042225678558647,1.3267241963390384
4199,0.6858081630958756,1.1498819078171048
4200,0.950165329126224,1.826320570096439
4201,0.7954595840249328,1.44347547208492
4202,0.6474988564751579,0.9255680182654689
4203,0.8523219119347707,0.8066033559363242
4204,0.8098836459343955,1.6694813223530007
4205,0.38910510694402956,1.492968071304074
4206,0.47074685603599653,1.5577279880146564
4207,0.27890961617674154,1.9117672424676877
4208,0.6108517024933098,1.1177601578547662
4209,0.7564761089092944,1.579452555103978
4210,1.781927646404319,1.0256255952049425
4211,1.0624896061726818,1.3278396457142934
4212,1.0486787787368284,1.2989537475384325
4213,1.178340679618078,1.7827673074387105
4214,0.16884042401532634,1.2870419633776407
4215,1.0457649692193989,1.7350591926901087
4216,0.9895627226856796,1.3908928089604442
4217,0.47874009826149183,0.8483851228993986
4218,1.1252517558579724,1.2414937153626324
4219,1.092698154754371,0.952479576954075
4220,0.8135011157706444,1.0984654680788473
4221,0.6728670735104886,1.2990548185426625
4222,1.0882466396024248,1.403163611547428
4223,0.5189262137101345,1.7607111621024447
4224,1.1461969624039698,0.9295739354694152
4225,0.29687996951770423,1.4489978420826155
4226,1.2294330059997118,1.4425214885864919
4227,0.6822825196205575,1.7155729057199358
4228,1.1915065350086724,0.9694974135683949
4229,0.7537271613346401,1.3034567880833272
4230,1.1149510474133835,1.4487872870198157
4231,0.5428379205961995,1.3881884408651453
4232,0.5519731775008125,1.2474324521979159
4233,0.14876635586234985,1.3484222398889179
4234,0.38413590052684665,1.6406901426352223
4235,0.7672830862642314,1.7571534206481685
4236,1.3038297740670104,1.5705945153578507
4237,1.1480692341658902,1.2530013027564677
4238,0.4826743823710069,1.5488557070674118
4239,0.9090022074887804,1.7081555725119428
4240,0.4777461729321648,1.3585620861041656
4241,0.6613001354597163,1.7757498251422679
4242,0.892796066418957,1.457286770672013
4243,0.5436732972974392,1.6799625240380631
4244,0.525608765132876,1.390452938903688
4245,0.7855211590761754,1.1823451506749185
4246,0.5774481654113116,1.295690755295129
4247,0.6013605752323742,1.404841082991441
4248,0.7895013982959664,1.5219252115909447
4249,0.5276441857472743,1.5979466477466793
4250,1.4580174301793898,1.6115300401566417
4251,0.5417207021925557,1.4513445609512203
4252,0.851880243957386,1.7004883147177101
4253,1.0087702876493798,1.7205420719595583
4254,1.252833242578795,1.0336833488585442
4255,0.3481244246883159,1.697188545518739
4256,1.5702894666767517,1.1019912522743263
4257,0.41420938160298276,1.5328850598148538
4258,0.7356904386627147,1.3575599990864977
4259,0.8380220281090144,1.072184033858394
4260,0.9880400765064333,1.7233677625016635
4261,0.502782122080981,1.0708531579052147
4262,0.937333342427718,0.9683623933996803
4263,0.6960925394626944,0.7377782023878201
4264,0.49566403974866285,1.484509554284312
4265,0.9496898665451037,1.1141746706199496
4266,0.5650174309776707,1.6996958356177356
4267,0.4041169661204713,1.7002309275274414
4268,0.45447441164376884,1.3886608158147706
4269,0.7039362290765844,1.4639853435867323
4270,0.8199395512106376,1.0994440895478004
4271,0.7356365245912447,1.6736519806062011
4272,0.6878839287987661,1.5445281596599219
4273,0.8139698375714642,1.196118322646789
4274,1.2716024520573739,1.3267367452238767
4275,0.8078941019232069,1.542189577773605
4276,1.0552338111484216,1.1194958667992196
4277,1.0586097307714815,1.4493317370125056
4278,1.245161825371186,1.7539644504933256
4279,0.9695743060989703,1.5814490340861433
4280,1.1060294296374633,1.2289051005682272
4281,0.6508846917804203,1.474387216584152
4282,0.5074048046510968,1.073859118793024
4283,0.8642903905124377,1.2018970306653145
4284,0.5060121816806404,1.8407090771425771
4285,0.651240391693427,1.15012891670384
4286,1.0640383242729674,0.9337860859959064
4287,1.4114775409738267,0.6564694812042453
4288,0.9179817648851992,1.4765395573557816
4289,1.168295930902242,1.3553850076836802
4290,1.1282768379207193,1.1265861795904062
4291,0.9983929575175204,1.3335743285523973
4292,1.0760780025388275,1.8164649517749352
4293,0.7763191581095573,1.4928629146435266
4294,0.6934947566995877,0.7400040387661264
4295,0.2892111885314752,1.0076484815646265
4296,0.7358189531873784,1.3681781446247152
4297,0.46046937269633875,1.276756392888608
4298,0.8903612423000388,1.2082089138332717
4299,0.8503363090890725,1.4796655907770138
4300,0.4490674391252068,1.5870258135319628
4301,0.5841060778376223,1.827603010007149
4302,1.0210605652808153,1.4849101813381267
4303,0.7988493445027369,1.5652177109018108
4304,0.805634714781513,1.7163517459388915
4305,0.6622574190451062,1.7399184627734356
4306,0.6424457954529353,1.8555380392942014
4307,1.1280821342048368,1.595537688191671
4308,0.8750421540710627,1.5316284953665553
4309,0.3452925395738239,0.9913758302681082
4310,0.8202156283093993,1.2052041506608897
4311,0.6069122242322983,1.628512219187483
4312,0.47027340111205784,1.3285626984187382
4313,0.8791567563057672,1.3496819995191545
4314,0.933049023353845,1.3657105837730832
4315,1.631124214792974,1.5673081705266863
4316,0.340866028826263,1.5904263521967206
4317,0.6570322422480802,1.0151309868204204
4318,0.5397992937028434,1.3175075262754736
4319,0.5912723263801135,1.3894050049517719
4320,0.6236939818607682,0.6547112502057815
4321,0.8192177178333706,0.8337660295842244
4322,0.5429633512404826,1.1172578349862796
4323,0.9539867945026438,1.1941051970837253
4324,1.082611132455242,1.2837002925784389
4325,0.6196309216936963,1.3076080864432145
4326,0.6867681100001665,1.5794058249895557
4327,0.6665750577347905,1.10808609161439
4328,1.1814917716704247,1.5138016656731526
4329,0.6056494852622933,1.2592806475243374
4330,0.8590651162228189,1.0736822086954119
4331,0.6411527033677928,1.738187276129682
4332,0.8660708405159934,1.0633648039512926
4333,0.23748269996608215,1.3686354220633388
4334,0.4573044974928599,1.3888667494153535
4335,0.34478475851523516,1.717010509666189
4336,0.5615066023056989,1.5929276528801415
4337,1.1408028236660857,1.1582822413671878
4338,0.7786554425219904,1.461919872507007
4339,1.0858602837763074,1.6166305260828198
4340,1.000086504948949,1.7957545400726636
4341,0.35518928149924095,1.3182634932833492
4342,0.8992475990421335,1.1115086740275646
4343,0.7465301080001123,1.2772899876739223
4344,1.6112639095513033,1.6321897074983964
4345,0.6352654782865612,1.2717122474408917
4346,0.3637034147622377,1.373342377974562
4347,0.6214933434590993,1.296398437813195
4348,0.7016764707093375,1.502957108915547
4349,0.4506125430381477,1.2218359973079296
4350,1.0079644874600484,1.6966298209746953
4351,1.515643398510553,1.2062007188894786
4352,0.3884909076739661,1.2119144547772585
4353,0.39029927661524555,1.5550659418221917
4354,1.4674289877101951,1.1534841986566993
4355,0.7104920589181899,1.5788764497222303
4356,0.6331177382518693,1.3777247783573876
4357,0.8821326628313141,1.692333810409336
4358,0.4278232392863165,1.052593255579118
4359,0.5508744936380702,1.141282528302788
4360,0.5264958819807662,1.4265719133799326
4361,1.0840338732515578,1.211042021966002
4362,0.4172283739281509,1.5230289498298986
4363,0.3725793052756973,1.6746778032750895
4364,0.9239372781596407,1.1467577382481213
4365,1.1624445030240362,1.042448029753051
4366,0.43442107031955046,1.4070522904989748
4367,0.425307275404036,1.5295646837464194
4368,0.4088222982212526,1.7615130416529836
4369,1.1383049017792326,1.5514393125888546
4370,0.6639510087812155,1.6795827139670167
4371,0.9906579367098012,1.4700874398993564
4372,0.5645239399564522,1.1763341149005
4373,1.0606928916898468,1.4904503515685643
4374,1.2190504931076394,1.7997618807616191
4375,0.5750627556906296,1.6318717246370968
4376,0.40378004653432087,1.3440789819236532
4377,0.9339949770222171,1.626648751761314
4378,1.609942298686014,1.1482086984750657
4379,0.8441954020062291,1.2508648447235284
4380,0.7165565647810824,1.4746624992314028
4381,0.7844173493189698,1.482108249378434
4382,0.8941404262841453,1.610277055086088
4383,0.5270926638122002,0.7452015825740506
4384,0.7226010747489265,1.7710581296016623
4385,1.3140933919044788,1.8646988500695307
4386,0.7800243304931175,1.5079631800242894
4387,0.5320171982314045,1.474537441027635
4388,0.7600960379296916,1.2876913899245186
4389,1.0485602201414197,1.390688588908077
4390,0.5400865170025456,1.6628771378955418
4391,0.7002025301420669,0.9835226636768177
4392,0.9568177281128347,1.11850629937509
4393,1.1018721975781607,1.5567781578431248
4394,0.706467417788209,1.2464698023701593
4395,0.6479259689045949,1.4658825952275494
4396,0.8977344646971965,1.5112634128699551
4397,0.20783974164773586,1.2757645785615388
4398,0.696553036620357,1.5587039243804264
4399,0.22490624447675392,0.8857746210941109
4400,0.7373437037728565,1.7282698982916482
4401,0.6066767915784128,1.5403902546417865
4402,0.738669285362038,1.5982113950862815
4403,1.1185047096755352,1.6627160801550451
4404,0.6168343155340985,1.1906753565385766
4405,1.7676906273118036,1.6824544857485701
4406,0.9736269247932876,0.860013057094879
4407,0.7084346188352729,1.0969957593331936
4408,0.581989268078893,1.4989482768745117
4409,0.8096004259711552,1.3253166065777482
4410,0.9375596433575081,1.3023224315229087
4411,0.567060943221193,1.1425674684446814
4412,0.338346955141944,1.4872606503462202
4413,0.9954983323469659,1.8395917940612994
4414,0.9048525804835674,1.2776436808323108
4415,0.11353909495512327,1.8094682110290117
4416,1.0354563781525092,1.5307190425441901
4417,0.5315535120412983,1.3877938768577136
4418,0.8747108459204728,1.3523607470156747
4419,1.20935335509876,1.1809824206576598
4420,0.2557965757143615,1.430076328157683
4421,0.5703974861127814,1.5728683217515864
4422,0.9704518437392484,1.0740514665078473
4423,0.5881737333322296,0.9616415793611999
4424,0.7886354393078104,1.6223752730276948
4425,0.8532343754087518,1.5743329079933561
4426,0.7436431136087263,1.5853603775027616
4427,0.4500638771673552,1.3602262306974469
4428,0.8829730972875983,1.6449485939550874
4429,0.3550551066973363,0.9273384647026295
4430,1.1560642466341624,1.077095705475319
4431,0.7552434167532724,1.6279134312320025
4432,1.2202552289540787,1.5583973681338423
4433,0.7238813124382119,1.3146659656069266
4434,0.8189873750036126,1.3252704691387487
4435,0.48136218742128584,1.1417098633645124
4436,0.44907880633499436,1.5195927411244303
4437,0.6476628615981883,1.5278973624700691
4438,0.2747065721851552,1.458716040406156
4439,0.4148920946645669,1.0673213876983616
4440,1.0598101218997023,1.7107261967673661
4441,0.259544733976265,1.0961588714249615
4442,0.6093474385274692,1.3463158620742468
4443,0.5842996292082988,1.140192085796765
4444,0.41634285738334387,1.290670678347535
4445,0.7553591362189882,1.2696185211514448
4446,0.8706872081530111,1.5994213918626052
4447,1.1215748640584535,1.603837850744852
4448,0.8145917512797779,1.3012968373885923
4449,0.9417805734855024,1.6119760208391933
4450,0.3682549967597923,0.9792018018591382
4451,1.0365898057372447,1.4883577741802225
4452,0.6020688028918708,1.2164249671305192
4453,0.5131876186560933,1.4689487320224979
4454,0.685869611221437,1.7934203745043888
4455,1.0136626497994508,1.0919064409139336
4456,1.0440946507073667,1.0083180310718944
4457,0.5383694608892441,1.3010478832715244
4458,0.4184125732856112,1.6160854407898477
4459,0.7274140869534759,0.9283040345572418
4460,0.9504891208251198,1.3832766708725561
4461,0.687505227266539,1.1963033354903567
4462,1.570111268342689,1.3238152160382812
4463,0.773109054874838,1.708119040646248
4464,0.6116569800459555,1.1744702738084345
4465,0.7694726709623428,1.0560069452260774
4466,0.5139655461971877,1.4141738835818676
4467,0.876485460007576,1.1182649063801162
4468,0.4180366306952215,1.1058480638992383
4469,0.8468357542127121,1.3385752884191868
4470,0.8661756479979278,1.5554729619733405
4471,0.4179880551822691,1.5597557616234896
4472,0.7342945260928055,1.2406282710177419
4473,0.8582118178123223,1.5917071659960156
4474,1.0779980494836139,1.6017576452875133
4475,0.5685063119116109,1.4558224607307428
4476,0.564610178837248,1.370839409939724
4477,0.9749154936318716,1.1122169662386958
4478,0.4103804669978701,1.1364285894523238
4479,1.0414323805830834,1.1800913362578793
4480,0.6145245058132202,1.01621715909882
4481,0.6758965335041522,1.1971867415832564
4482,0.7830523494802234,1.5189723092558114
4483,0.25694323611851927,1.115476465796453
4484,0.8309577283316678,1.2588773709478465
4485,0.7704912739046844,1.2568729822025069
4486,0.9330923493066193,1.4125325281145071
4487,0.3121091081558391,1.6001531342102466
4488,1.2497311617813578,0.9165517531690786
4489,0.7571985337693431,1.2557630432955014
4490,0.6456672273247,1.0525809651409905
4491,1.6401215052920803,1.5447443281906956
4492,1.159249263495525,1.2986417868138118
4493,0.6833616555164829,1.6300366370031378
4494,0.49429872225163746,1.7342652680872104
4495,1.3741631990520602,0.9009221125971765
4496,1.4739696784728635,1.2509862465486479
4497,0.22124815386627006,1.5839228142559096
4498,1.425450327207807,1.236224418398467
4499,0.49545301681180925,0.8522692122275684
4500,0.7718569807809951,1.4707918600003191
4501,0.19261311250874025,1.4432125035185244
4502,0.950077971742537,1.7112345324735876
4503,0.885425035298177,0.6840377813096516
4504,0.6157548293042414,1.0632262298065633
4505,0.8945576839470964,1.2512293410601365
4506,1.2509052072156648,1.233440874506004
4507,0.2141683104313056,1.394143862568334
4508,1.1053844435636722,1.5047315391017355
4509,0.2920131504037671,1.5994186774656485
4510,0.10720709839807159,1.1153430115409624
4511,0.6068450677441719,1.3707326152073736
4512,0.36061747467597877,1.2482306840833077
4513,0.6704679910793326,1.443196928852062
4514,1.077699234563059,1.6311575885732008
4515,0.8713255529641286,1.55552977264153
4516,0.521524996414313,1.5865802290782443
4517,0.4704947668104394,1.4999572159321328
4518,0.5640170154852574,1.335970747355875
4519,0.8992124555568214,0.8431532530534633
4520,0.8573954655259615,1.193385535110687
4521,0.7095639047007622,1.4654269008686498
4522,0.8725571338060285,1.1334864310040558
4523,0.992014783491807,1.6138745023124061
4524,1.2944620069709352,1.5690108957057725
4525,1.0405474653437028,1.197005686028103
4526,0.35016759184051804,1.5738349328433465
4527,0.3541515894305294,1.36883085303664
4528,0.8187790174242966,1.52240701568374
4529,0.3199486388841912,1.491644705796203
4530,1.0319638909006832,1.4047058460615647
4531,0.289640669269115,1.3321437803363319
4532,0.4688950204602417,1.4777192033945088
4533,0.6923063631312002,1.3756440669243737
4534,1.1629670170919115,1.4268299558924236
4535,0.9446119091968106,1.5545044392189726
4536,1.2140737624080455,1.7410424227381556
4537,0.5063583823642626,1.4266963990988217
4538,0.190011084040515,1.0664004729095964
4539,0.6969698767666782,1.4347652746593687
4540,0.42675379274257924,1.599263185814517
4541,0.9626899866898289,1.1167622696402297
4542,1.3352764276085551,1.4698825310816854
4543,0.7787791786424829,1.4389713179671688
4544,1.1807790406281509,1.6494823356237878
4545,0.535311992781478,1.5899696193194603
4546,1.3134811336096308,1.513444192302662
4547,0.04805252721280922,1.196939963102678
4548,0.6097036811330536,0.867586127080249
4549,0.9035717983222507,0.6534810266526119
4550,0.7773290084809288,1.1272405754449681
4551,0.25733739577854076,1.7642610407737251
4552,0.8618329419870039,1.2859163816020618
4553,0.34717671854444676,1.4823822439264593
4554,0.9534871312765474,0.6617254090893465
4555,0.12210318532213528,1.853386945001346
4556,1.190277472296039,1.3136255710218165
4557,1.0882993179997569,1.2549935794115967
4558,0.8823540337224316,1.2169460946645003
4559,0.9949811998524974,1.2440185499898848
4560,0.3564473464849384,1.6736682469672859
4561,0.5631080733091386,0.8657016578969987
4562,0.3386202400402154,1.2234820815732386
4563,0.6434185428862877,1.4177125454016408
4564,0.5116852415487515,1.1827301690012149
4565,0.15743709938994765,1.1807785689021113
4566,1.094663793627733,1.3423525115529449
4567,1.1184372823823496,1.6578866578740863
4568,0.8011321983654845,1.6128958651154657
4569,0.9986516976239858,1.2851143253867545
4570,1.1395147462912438,0.7827683038886788
4571,0.808211243026025,1.4462769400816144
4572,0.33395883887981465,1.3746414234060051
4573,0.9736460626786245,1.3437030696580452
4574,1.1476555200209966,1.4072443517590636
4575,0.5708135856163965,1.1833841392269768
4576,0.7761760559546143,1.5513633783495662
4577,1.3352907879850686,1.388980727296118
4578,0.7456531593189338,1.5907126353506162
4579,0.8903913683427525,1.5547772647948794
4580,1.1322912990852445,1.1285904286686024
4581,0.5521871008260197,1.1247777484116424
4582,0.3545809808880866,1.599159894441254
4583,1.112123085935013,1.6687459058897278
4584,0.8201525443913563,1.162878449245924
4585,0.8730016761049749,1.4842340931742686
4586,1.024507885604674,1.269341472106334
4587,0.8002238466864409,0.9320887287826243
4588,0.6237799025833113,1.4048818653203554
4589,0.9991070743358048,1.7014986884100969
4590,0.65352951223633,1.3245815094742892
4591,0.9005881353931176,0.614572126170456
4592,1.1881946826475243,1.1842736975022419
4593,0.5093196185494113,1.1743212741328428
4594,0.678305233019795,1.0531251414937755
4595,0.9443143114190056,1.4671343707830182
4596,1.0318467999114658,0.9252456022434057
4597,0.790166240326529,1.5963642186987044
4598,0.9315365643084778,1.5948715519957053
4599,0.3365378368149422,1.355076272388737
4600,0.41560343251734205,1.6845644280757488
4601,0.2924709897608577,1.3763962853892537
4602,0.6990008308449128,1.5480271955004485
4603,0.4474510202243119,1.169810045636832
4604,0.3382176730603395,1.633737510578782
4605,1.029235193772716,1.008717518548662
4606,1.027940775110335,1.390312018448781
4607,0.5636793552062972,1.5080226157034713
4608,1.5247211190075851,1.6091760151483832
4609,0.5693695429125574,1.5015322532816675
4610,0.6692130406857464,1.8228929757571202
4611,0.15584326343119465,1.2389453911724548
4612,0.3114730649568822,1.4679250051145658
4613,0.7144778910496534,1.5215078606179744
4614,0.7786574075303184,1.2168153698458388
4615,1.8936445423064034,1.749138060801776
4616,0.5547890257963981,0.9239492622077974
4617,0.4686264716094274,1.3041699314431
4618,0.40301683349374584,1.142353120041078
4619,0.6032964704189723,1.6355450317728633
4620,0.4753899506748607,1.5549513083355282
4621,0.5876540736688459,1.6495506437648964
4622,0.5910671864962583,1.7344094951715223
4623,1.4140723984119745,1.3499889373032685
4624,1.6409436949973155,1.0816702717365971
4625,0.4528857121349456,1.3604457139970618
4626,0.867457046556507,0.9637288854690964
4627,0.44270712730427775,1.2358349893040486
4628,0.7882492541730302,0.8731018610589749
4629,0.3317478944807793,1.1911243390797552
4630,0.5663787366407527,1.1004221610501714
4631,0.9257232991587758,1.1389340833899326
4632,1.103453047550458,1.1490673531745517
4633,1.1005432060368312,1.3042142343594083
4634,0.7172776687973506,1.366778126532266
4635,1.1079808772847821,1.1399374447006898
4636,0.48987175424366614,1.0649019218708005
4637,0.9111594738720147,1.7216173278540357
4638,1.2868067912261565,1.1938355551214972
4639,0.31992709941568603,1.4089314235496555
4640,0.9359475978225076,1.295930697900419
4641,0.9646792082445014,1.4960393003481114
4642,0.30634656710119196,1.7329862618785876
4643,0.5886997018990998,0.7995026333141899
4644,1.1244826080963508,1.21316792263185
4645,0.2468184216147193,1.1536473236099805
4646,0.1579665559338386,1.1740372662979404
4647,0.28558863934111867,1.4648797259286503
4648,0.8877266819873747,1.2221586249133007
4649,0.639691240690882,1.7611587316145774
4650,0.6802384573268401,1.2152167014267437
4651,0.3052147479377558,1.6754296976981922
4652,0.9211404919153579,1.4644813853268976
4653,0.7750018926671629,1.1854057439968164
4654,0.722053708237332,1.5239489765010263
4655,0.8543300021754294,1.5095620132789973
4656,0.9834509075571618,1.117670444056193
4657,0.6064110061365479,0.9606416236205304
4658,0.4474981198199931,1.0628144629909317
4659,0.90157386938698,1.6530923660801276
4660,0.4608603055493663,1.7165590044377113
4661,0.6920188627213274,0.8505660404748285
4662,0.8759727817088903,1.3243910188026047
4663,0.34803367634453414,1.666162928723999
4664,0.12280274000797345,1.0089322062162416
4665,0.47248671032106065,1.346323650807744
4666,0.9751647777081976,1.043874806475175
4667,1.0211839561495804,0.9204869368485828
4668,0.7247143321890979,1.6873976023790875
4669,0.6474599623949968,0.9356249184687335
4670,0.12842005185997693,1.2538279333957458
4671,1.0994860824536123,1.1594652941668189
4672,0.8475960966864984,1.4714649474449972
4673,0.8440942039926667,1.7399695072549024
4674,1.1661091593983957,0.9916996182036237
4675,0.23158360933631167,1.063248011349459
4676,0.384726091617667,1.6803948199805745
4677,0.5930210770112965,1.5602757765384796
4678,0.6338506511957839,1.258781494488972
4679,0.8828826624115819,1.1869900956018906
4680,0.45989240907811524,0.46121469314310826
4681,1.213165711719427,1.0825699755749554
4682,0.8298019381154399,1.415994530575219
4683,0.9310302744140145,1.7722856223468453
4684,0.17283910904056451,1.3796331390949317
4685,0.5236994863698867,1.2355037341666484
4686,0.9063112594684305,1.6140403169550286
4687,0.8349447065375517,1.2078334862140159
4688,0.7512809818814382,1.2816183281826592
4689,0.5524321427363129,1.4502741452466612
4690,1.5225262266904442,1.5487933204811435
4691,0.5992904842374039,1.5451784901047267
4692,0.792311172197648,1.0291627301361506
4693,0.5211070230557172,1.468027925669071
4694,1.4879200982206198,1.214539459331337
4695,1.4115448018880685,1.2359358053383454
4696,1.2006154207262216,0.9471054127069338
4697,0.46990219578156245,1.63744328704527
4698,0.8471839100043586,1.8200543569016914
4699,0.523380448963554,1.0374095144948994
4700,0.5155994631239055,1.0005179338979437
4701,1.666515796621619,1.1663528076049348
4702,0.9262645273750812,1.6570554430119642
4703,0.5144446174623659,1.6553877447765148
4704,0.7857220094221361,1.367677303246519
4705,0.4715530328668025,1.7658452991725584
4706,0.8875902891930814,1.3214795637076673
4707,1.1224458751136765,1.3429776521258525
4708,1.253258085945065,0.8941900443050477
4709,0.937273690872469,1.2205825230506069
4710,0.5284440615500805,1.6607739705899482
4711,0.8366525444244419,1.3147728293193115
4712,0.5330639676455803,1.9614550653147558
4713,0.07355720734279562,1.4084211548037784
4714,0.6700827722653133,1.1613424333569802
4715,0.9072009173372384,1.6117446329688256
4716,0.3031559533218792,1.1011332990928266
4717,1.04650464444282,1.3519168803910997
4718,0.40949366151581923,1.466294222096084
4719,0.6318351490293682,1.944287052552955
4720,1.5275175311571438,1.691042553147172
4721,0.589796875970892,1.420338013898785
4722,0.44842224226678196,1.329474498031831
4723,0.6393967385299127,0.8745849126233347
4724,0.5718924884193438,1.6761903404970895
4725,0.7677250881135687,1.3782136090503312
4726,1.1927520756299088,1.5305038003675557
4727,0.5717926207414851,1.3224149168577684
4728,0.4470172090128602,1.2365493081932688
4729,0.816507462760428,1.0448822169764678
4730,0.4821235807653636,1.0008542312928381
4731,0.7459861028195343,1.2306716536229954
4732,1.0665496952734799,1.2686502219089217
4733,0.665869865619202,1.2168507021690713
4734,0.9732871020368907,1.4424623567675754
4735,0.6258547712210839,0.915949470501809
4736,1.057656043496767,0.6760936436863123
4737,1.1486562908625717,1.3304301408636765
4738,0.9952035327789285,0.9168549800465386
4739,0.759283620142262,1.5740352879546324
4740,0.12807452204820097,1.1399962324546806
4741,0.6913671155725123,1.5978303623676922
4742,0.8766317137139741,1.6955024286254732
4743,0.6984252870544297,1.6260111307545466
4744,0.4015202309377731,1.4046445787582327
4745,0.7238047084413342,1.1246375551998335
4746,0.5206903974681546,1.53216566327342
4747,0.6663664103761419,1.3263120507057158
4748,0.8057756786724892,1.0667130389349144
4749,0.8129139199958461,0.7932076669569399
4750,0.5695167689452346,1.5908337012904803
4751,0.44718821094198224,0.9174786297806004
4752,1.3132355217536067,1.3109942583400223
4753,0.5235514175268662,1.4359163885656305
4754,0.4493509642668105,1.6966591335642212
4755,0.4276697211911889,1.5726623135053783
4756,0.45945008216683464,1.7302096656647354
4757,0.3885396964205988,1.4190475319738254
4758,1.1196141224349296,1.2157793457842658
4759,0.7179457498798918,1.2273177430236595
4760,1.0391276000896283,1.2583655847965196
4761,0.7609566416487326,1.5091287926746388
4762,1.1372178157380441,1.5647881949271656
4763,0.2578178440873797,1.375277681742852
4764,0.6166705356178928,1.5818427208206047
4765,0.7338597062861811,1.341842315776542
4766,1.1420698412726153,0.7216777196563804
4767,0.530689060456832,1.2213760225742853
4768,1.211931476020134,0.7012360493198089
4769,0.5074048532308646,1.8486528639941702
4770,0.7269030664211888,1.4050011105249198
4771,0.8899320103729748,1.1136410910339212
4772,0.35317895047309716,1.1770163878523454
4773,0.21413793418993268,1.3815677804286088
4774,0.7097179070510581,1.2674032011039436
4775,0.8715725076806354,1.268467403357688
4776,0.7240199349634716,1.1637002040594846
4777,0.5294820238235562,1.7784779236706783
4778,0.9015856052902739,1.2036075029910331
4779,0.4081226458833439,1.2196308368729452
4780,1.2031444580626878,1.0259987905401493
4781,0.3102394070841832,1.3062736859023425
4782,1.0783339885137657,0.9610155728410628
4783,0.7053060707693153,1.3272451930322144
4784,0.553593171670123,1.6174911623870707
4785,1.13305658162372,1.0150059997512897
4786,1.1142889820567017,0.7646294444018134
4787,0.8693829014395961,1.6497761476663622
4788,0.9544284114824899,1.1123559351218613
4789,0.5620924124437529,0.9230745677820857
4790,0.31542056278299524,1.2444374576532855
4791,0.44508719441629624,0.9554832814649421
4792,0.9702974502589028,1.651013542861825
4793,0.737552934888666,1.705574874142962
4794,0.47279485806697474,1.6372078437340312
4795,0.6043840372834486,1.0530491041791747
4796,1.7428084154890935,1.3631443760644373
4797,1.0200453888419805,1.4014416914054193
4798,1.10018234475894,1.1095023158272972
4799,0.7000710527848925,1.4721946277703997
4800,0.6492499684320978,1.235857542320467
4801,0.5870473970682711,1.0567718246167321
4802,1.209049990337805,0.9821262306097447
4803,0.9429695866924099,0.6666003880609679
4804,0.3343673295918407,1.3351960149415185
4805,0.3920809724738275,0.36338362853588624
4806,0.3154340184356969,1.4355864675974468
4807,0.45270878437681616,1.500089622891903
4808,0.19726226632155672,1.158287193521387
4809,1.2162071263772425,1.2688515401545197
4810,1.2131929644872719,1.3819421965562086
4811,0.638313287902541,1.3228265938961639
4812,1.1165672722250188,1.2111675464162404
4813,0.5649420570585718,1.7391372263154348
4814,1.2770587638546282,1.3776014524474631
4815,0.4937383863799529,1.393575541740608
4816,0.5590788083030982,1.5031393936707715
4817,0.7948066039229492,1.2275005195179398
4818,0.9098179795396822,1.5497313840115658
4819,1.0876109703085102,1.1622360808057897
4820,0.3842570211241711,1.525745991398044
4821,1.0930366553322146,0.6237166797921241
4822,0.4563397918218373,1.56342948612107
4823,0.6279719855469166,1.361807777813984
4824,0.34264878074335686,0.9541818391412604
4825,0.7250164163392153,1.264254697972304
4826,0.2659100983077089,1.086498784143376
4827,1.0835828972346517,1.1633419560831666
4828,1.046849430705317,1.2844585905271777
4829,0.49483629556045844,1.2295014916604399
4830,1.3875119874005044,1.3421903042733931
4831,0.7660317800173863,1.4820887017488134
4832,0.9639602102033211,1.344749702746415
4833,0.4958970352864898,1.242885164471604
4834,1.1268217153437285,1.7592040645725113
4835,1.1217111890896236,1.2452020698345843
4836,0.7481667335200815,1.5949932698080325
4837,0.5231642851037919,1.1647848738547792
4838,0.4794660528671926,1.3272234336289928
4839,0.7552567080422475,0.9878097636347896
4840,0.7282139807763027,1.387933940162322
4841,0.6475628358442589,1.025157553987023
4842,0.6729583919074458,0.48504422544404546
4843,1.0112335296733874,1.1135704171624825
4844,0.7750332030951648,1.3543767595977783
4845,0.7146816122667464,1.2832795527292902
4846,0.5519008497319653,0.8918561978370276
4847,0.41474333746055164,1.6834694787114426
4848,0.7255754377762578,1.7093502938298237
4849,0.6758328336121499,1.22167301133344
4850,0.7969878737591125,1.6438264217449068
4851,1.0861463615277043,1.6867908352992198
4852,0.31976364394882656,1.3625663023116767
4853,0.34621274531994023,1.6658270225891585
4854,0.31776107204929327,1.5258056208484638
4855,0.290477755163766,1.4005715590238181
4856,0.38236878989995143,1.1509894060182395
4857,1.2703597351112448,1.6908773128563395
4858,0.7316922525177972,1.1678598068386519
4859,0.5854327677579549,1.4870748723581122
4860,0.41025658902375733,0.7005042126694954
4861,0.8819912370699307,1.1930933801939703
4862,1.151563168673019,1.5725696611477002
4863,0.4535581316650907,1.3124500592576718
4864,0.5835800688286193,1.1485913347647503
4865,0.6550332679025325,1.445444583591513
4866,0.6494367365869915,0.7127515205368511
4867,0.7255757891195976,1.8008964728280465
4868,0.8279887349420668,1.4784675177803783
4869,1.4010162176634682,1.313358668528728
4870,0.4246146692431178,1.9176867562451942
4871,0.7154378450501725,0.5576494151712248
4872,0.8198141053307305,1.7453590394688372
4873,0.4390861766833889,1.6683958430764583
4874,1.1574656677866941,0.9240100177652202
4875,1.4156403222298453,1.0687120255986478
4876,0.5180417073342611,1.390404064094159
4877,1.3796853155395246,1.4359847495855607
4878,0.7665054743089416,1.0083320292870686
4879,0.6476677571746874,1.0396751708184406
4880,0.7096698492783391,1.3495336078520834
4881,0.32472962382620785,1.0288628690796702
4882,0.47685971274438416,1.5406221528838118
4883,0.9226853484890891,1.4520847733722546
4884,0.3939151310015902,1.2609226711787735
4885,1.2100145122881394,1.4823288447820844
4886,0.4300785948537376,1.0745035690214189
4887,0.9062913339078527,1.642126767419941
4888,0.9839156739970154,1.0703998047027965
4889,1.148143899992025,1.6854067879679893
4890,0.9097370385523703,1.3422294171855786
4891,0.7971749385101566,1.0993398284745446
4892,0.45926162788959,0.7998677696952092
4893,0.7614920730113154,1.2341344681503448
4894,0.6691960164372227,1.4355180708404829
4895,1.1909814367018667,1.105522055623093
4896,1.1720045213473733,1.4654564413424445
4897,0.39424962485595605,1.5689212481583854
4898,1.217680606433374,1.2645800376036702
4899,0.6740987325254004,1.6107727078540413
4900,0.7306294621022348,1.5677593068898512
4901,0.6770682395107337,1.4167667327619862
4902,0.655791533307371,1.630308212907307
4903,0.91582691385683,1.2375070531546248
4904,0.7477140758298603,1.380897179571857
4905,0.3982571183464533,1.660237995085196
4906,0.5837030604964322,0.9630610612208501
4907,0.9431301955010477,1.1839971497813857
4908,0.5421011776673935,1.334770253184062
4909,0.9390358685338877,1.1010900723282657
4910,0.4412049826106118,1.4891205220700856
4911,0.3841857446038997,1.54984337438109
4912,1.0367223135054742,1.1534421133781783
4913,0.25148237116856553,1.7799863169803063
4914,0.7504000197808857,1.4707606245635159
4915,0.8288993516490942,1.3494312608772254
4916,0.5231433575616035,1.5799129640412928
4917,1.6738512895988182,1.3842164803268258
4918,0.8960240581467743,1.5577024291198396
4919,1.6481958246406434,1.6925633500126245
4920,0.8696029625789513,0.9315748482020554
4921,0.7818492832952831,1.7146200613239075
4922,0.1374319933858,1.2335064798832858
4923,1.2435692294666603,1.3533139849147422
4924,0.536153472472666,1.5515924831184253
4925,0.7795714257474441,0.7407103379903173
4926,0.46043789932387313,1.6631194989931395
4927,0.7558551627873982,1.72851261123217
4928,0.29613186057270546,1.5152677162411552
4929,0.6933525945762535,1.4444134452730735
4930,0.6527521821333844,1.4147052468235177
4931,0.589931160888374,1.6986698409369947
4932,1.0795760746985692,1.2499252635464804
4933,0.4671762156490612,1.8104614184242225
4934,0.7211443024254762,1.1871328507835832
4935,0.8159821726873778,1.648905012267182
4936,0.6266886198437491,1.5264761309641282
4937,0.45043314008075097,1.460566422936258
4938,0.4843471465526576,1.6662586789134959
4939,0.9105067959507307,1.3336839602061779
4940,0.523315009209734,1.3021737199755723
4941,0.8517814231832433,0.9707608783989803
4942,0.8567315307438391,1.4756202775580531
4943,1.0992125618126094,1.4986034490159061
4944,0.985363901038388,1.115200564129437
4945,0.4699549088527688,0.852984943081857
4946,0.6126130239186531,1.2082237946072976
4947,1.5046826344639015,0.7817929703594271
4948,0.6723196282364934,1.693021499800666
4949,0.4927368978884783,1.4401124883493899
4950,0.5170084771377459,1.8061145567071324
4951,0.7348348878350663,1.3536425723080607
4952,0.6398041208001238,1.3658118342020322
4953,1.1012267560774467,1.552621113733055
4954,0.6213398267295233,1.4956744108466875
4955,0.9044642765239175,1.4737523936347565
4956,0.3016060840581116,1.6284375887425402
4957,0.39699158286714503,1.6285888369760364
4958,1.0646012008529124,1.0274527076216025
4959,1.0890889375921289,1.3411249398283438
4960,0.8504896730049331,1.1441864979036807
4961,1.1599998124032127,1.193829683931337
4962,0.8793806543617535,1.4717416679867885
4963,1.1502568193912601,1.2553888010060053
4964,0.9017081368656125,1.554083953812599
4965,0.6921140274651548,1.6823435560728768
4966,0.2386211546554527,1.4375372816457501
4967,0.3353916346247901,1.0578337691385222
4968,0.6979792882572394,0.9171946147513013
4969,0.8836097434852225,0.7418205370748012
4970,0.673267465869114,1.6084596349733848
4971,0.12611875822316357,1.351114039942503
4972,0.8067828760040349,1.6045438666282583
4973,0.3281136389137271,0.9699934108070802
4974,0.5315579228485926,1.6379856198852734
4975,1.1459952933141913,1.4097759127853986
4976,0.8675175892789196,1.2925624298133649
4977,0.9934855217285723,1.2792310363173691
4978,0.7682828257118949,1.7570993594748225
4979,0.5231312470936114,1.4380758369189266
4980,0.6730535919017424,1.4117102872779
4981,0.5545379121587757,1.259622606526245
4982,0.872909565363124,1.1559262626451972
4983,1.1481820534522886,1.442341096896664
4984,1.4199640146614743,1.7966045680592069
4985,1.3672869258886438,1.4117884807972956
4986,1.3010398548990407,1.536370098944037
4987,1.0082250986319188,1.2374867389332862
4988,0.7105989459789338,1.7271706040939607
4989,1.0631980558878962,1.1508412946708695
4990,0.19762482765409245,1.3684549689029377
4991,0.9589612928366755,1.3286820307750893
4992,0.705787235072118,1.4985061778170188
4993,0.9242433187658713,1.74923271403348
4994,1.0051302325662501,1.4597073125518976
4995,1.0667243543227638,1.3554774332931148
4996,1.643777386127981,1.628940189331478
4997,0.5885435550270746,1.5477015256179758
4998,0.9073262538454265,0.8520668099454836
4999,0.4718906640094387,1.574565890062166
5000,0.7897167401577162,0.8465265744006576
5001,0.2857254051813104,1.6369851811740492
5002,0.5565669787374992,0.9500987163542087
5003,0.8434507017368527,1.375130325730046
5004,0.22415582963536235,1.7227710937699563
5005,0.39622568399880437,1.0738969040542203
5006,0.9410546109187757,1.5638691953157415
5007,0.8615757780318031,0.7974119853385946
5008,1.4618035324465681,1.1800958840522062
5009,0.9391268958296154,1.762665940296571
5010,0.7315480761858972,1.56684016354757
5011,0.6666669275148763,1.1079872359740213
5012,0.47294812581641044,1.2571028587233402
5013,1.119377137231828,1.4090123105140395
5014,0.2774140808761653,1.5946446909649623
5015,0.8141059822176925,1.3709834307945241
5016,0.5331193817410611,1.4256601672511722
5017,0.15446261388048171,1.2714665096845126
5018,0.5874276924804829,1.7165749910446138
5019,0.8618399105039334,1.479982847653655
5020,0.9698316515551856,1.5923357926138797
5021,0.8271159030427204,1.4038747146080799
5022,1.2826789654569266,1.7963994606189764
5023,0.47070824579629394,1.3962445876761536
5024,0.9312930641621406,0.5460121356244199
5025,0.8963713911897756,1.1894481397392136
5026,0.5636942415791045,0.4841106428252333
5027,0.8638913938942484,1.4275134247582866
5028,0.8685074530668597,1.0351559006883266
5029,0.603262431522346,1.6775899544094452
5030,0.5340272119500716,1.3177972477403768
5031,0.7778764367669123,1.3060547318127682
5032,1.077141938850965,1.0202305759800279
5033,0.6676196646653308,1.278788388631684
5034,1.1234394784405055,1.0713610693564444
5035,1.2477175509477332,1.4721541914644272
5036,0.5310359629682169,1.6661516639470226
5037,0.7373467983594273,1.467925683078796
5038,0.9941121671386431,1.55577514973551
5039,0.712769918910121,1.1657992963898973
5040,0.6645700805666178,1.1414126031389142
5041,0.56284454946472,1.3218891274031597
5042,0.3803798606946538,1.6094111616532292
5043,0.9948636990205812,1.6977873567353665
5044,0.9979077012510121,0.8316939301167368
5045,0.7272435048520511,1.7572059107017917
5046,0.22618152561593305,1.4329688939706644
5047,0.9175455032179939,1.156608863858907
5048,0.6376684302634369,1.607427662022368
5049,1.0520273114968837,1.1873835250789238
5050,1.3111204084547434,1.6223467855028697
5051,1.0147762794644244,0.9020176412701695
5052,1.1296742666348727,1.010940149326481
5053,0.6588017532071149,1.2523199058517769
5054,1.0336952145991423,1.7548361016740004
5055,0.6419733863983659,1.5836794838940662
5056,1.0854646935117105,0.8502666249584145
5057,0.7201977313845487,0.6853479989091531
5058,0.7852263617538209,1.3420515849365278
5059,0.976532693051811,1.4497513495654717
5060,0.8843742357728608,1.3167326890676807
5061,0.8352473021624764,1.3017304167492525
5062,0.6704180040538538,1.2565103326902372
5063,0.6390946545355702,1.2171987612024808
5064,1.1199077597879974,0.7068671380240823
5065,1.3637170110107897,1.5750984571527873
5066,0.46787724054310165,1.2732744842144428
5067,0.5970113013640138,1.6255030814216498
5068,0.587762413204506,1.636253878169371
5069,0.4962582589506631,1.2391638800501337
5070,0.3769573830816559,0.554842077796216
5071,0.7308650804711471,1.4078720269007476
5072,0.5462099213456826,1.1515544886632214
5073,0.6952687881726755,1.3266709812211503
5074,0.48091086275895134,1.5670968153632556
5075,0.8198785299466625,0.7459020962691643
5076,0.8871527094318279,1.0670648715322217
5077,0.9609595144550218,1.030551616869952
5078,0.7819850582342001,1.3067458794789517
5079,0.5309794752244863,1.5947951092230086
5080,0.7415359305128939,1.2197172598424266
5081,1.009885392887223,1.6960552874500097
5082,1.3489300168812741,1.1632494307206802
5083,0.7590258091518612,1.458165151820534
5084,1.0942929366128886,1.4808619032710424
5085,0.6480355750794862,1.3003214926454087
5086,0.5036125592717581,1.638065607581376
5087,1.0977758013176309,1.587207733496745
5088,0.8233680778725226,1.7698301316670508
5089,0.8122220381960094,1.518441135399894
5090,0.6454426390237176,1.0814690511279652
5091,0.2934501550612222,1.2693437364619606
5092,1.3176072917611956,1.4195910793237498
5093,0.7708868020868586,1.5000007990365893
5094,0.7751792735486717,1.2220804995255485
5095,1.0249185081314685,1.3816786364013633
5096,0.6481086061960092,1.5016838872211877
5097,0.6960702320524316,1.0251975478489805
5098,0.8149536993148567,1.5922464515424626
5099,0.3762224303182343,1.564260967380488
5100,0.3560700492466164,1.6371880971705883
5101,0.6711518207954031,1.4235140850606398
5102,0.691570892078378,1.6751101396765626
5103,0.4516556522922318,1.1095452946530662
5104,0.7866109126665938,1.4382143648651948
5105,0.2336093375323018,1.5772150760545567
5106,1.2214764790193378,1.7204875630778338
5107,0.5334260679226079,1.0470227563840022
5108,0.5637049196880164,1.2862540818656556
5109,0.363000599749039,1.316421549472542
5110,0.677626070320113,1.839528463079045
5111,0.6267934798813858,1.1828688624839403
5112,1.3772285215255393,1.0207888094820214
5113,0.7270961443226184,1.2593892114166014
5114,0.7499086076045314,1.2609830288094244
5115,1.112259891165079,1.5055717543825988
5116,0.9841625301235556,1.60864968925556
5117,0.9709966630128817,1.6205242709932812
5118,1.4986945715707507,1.3966847156441486
5119,0.46335397412171064,1.6642490992096415
5120,0.5883453490406008,1.319310763219574
5121,0.9233306192415572,0.9589406519151886
5122,0.9833333999415078,1.4428696429483088
5123,1.0456112059778033,1.2290489274900844
5124,0.9286829986091097,1.5183607346695482
5125,0.5210628539092521,0.8737592503063873
5126,0.6918471706654151,1.559751432274018
5127,0.4431817329870529,0.822662410275548
5128,0.6330362587606808,1.4920574633967125
5129,0.8735911175824042,1.5946576666305454
5130,0.508901757592353,1.4326344203807182
5131,0.5291212920232227,1.0930932437924041
5132,0.8315634395278287,1.255271554585315
5133,0.9889309446123229,1.4426630145763388
5134,0.39815382371334357,1.6735981652745773
5135,0.7319772534598249,0.8694164750942075
5136,0.6912288629488331,1.3286305034187982
5137,0.5532102864756602,1.3847420946378706
5138,0.9141916153166271,1.5222450063390447
5139,0.8834426168495644,1.5049757626673492
5140,0.6145780145443928,1.4717415361433934
5141,0.9794211320995627,1.2553368083739915
5142,0.3365760421762413,1.1519351226841132
5143,0.4996894187030984,1.7423365592578728
5144,0.8893735823142023,1.756728958874613
5145,0.6803957698175647,1.0954642610279908
5146,0.7398874790569663,1.2116297176371553
5147,0.571928049439292,1.5716161903377492
5148,0.8421759718326469,1.2178271344001699
5149,0.7058251117718307,1.6549716247629642
5150,0.8305710461974214,1.4472554248590295
5151,1.2194531514440217,1.4798010836153002
5152,0.5838208312127918,1.4931944942334803
5153,0.40538294503277333,1.1708733819143327
5154,0.7590546568365018,1.5127308165555728
5155,0.7189717814216713,1.4707447717700277
5156,0.9028063914389938,1.052404728167292
5157,1.722403170954136,1.627106479142382
5158,1.038842975158685,0.5740034505764402
5159,0.6823114640262956,1.6001176832777977
5160,0.8179169107058625,1.5117178774688211
5161,1.0862587658236873,1.0406161665556168
5162,0.6742622022136148,1.3050821116384008
5163,0.7636614975318513,1.493563375998337
5164,0.841474144373265,1.4186479022540859
5165,0.5686040227855144,1.2690059347535236
5166,0.41961582491881594,1.8585016632178923
5167,0.9673935308613411,1.3939656430138858
5168,0.8781079278718756,1.8574685073221542
5169,0.3500429388823816,1.6907256914952895
5170,0.4306351916204964,1.2084360723814294
5171,0.9242147359473788,1.7001265617882941
5172,0.5651052003286801,1.034979521002615
5173,0.9443333267782179,1.521064972932597
5174,0.3167361750002506,1.2432532760783896
5175,1.2236621377319816,1.4789976591145078
5176,0.6352004694818244,1.3068297909952995
5177,1.1081937566398972,1.7925282125435416
5178,0.9133460161887206,1.5022191995044838
5179,0.8592439411579629,1.471181958166759
5180,0.6785449530598824,1.6203943782419707
5181,0.6417491701475593,0.8144926963015071
5182,0.9126011922485137,0.9767582681717162
5183,0.3501053175962992,1.291788249062793
5184,0.4950019917028872,1.4935193994720728
5185,0.7056262599305118,0.9509427043484049
5186,0.4553197740936765,1.6527094039813581
5187,1.0643312438366765,1.3539641726322325
5188,0.31390213776560777,1.5738095772677592
5189,0.6926761491060542,1.5106596405870327
5190,0.6401950352722154,0.9461164213410325
5191,0.6120959708754752,1.7671813033462271
5192,0.5850921795977415,1.4637539830426922
5193,0.18565669607897606,1.3724371248670886
5194,0.6796153140825488,1.2614522104227914
5195,0.5836968424264338,1.7120388933383746
5196,0.6991362150183322,1.4042616461602968
5197,0.7227646737434836,1.3319765136754163
5198,0.8626198866325775,1.5765123619937298
5199,0.9689478053439055,1.259298526769666
5200,0.15107198644397832,1.2886067422579852
5201,0.3337056946622062,0.677948200469974
5202,0.34477723649976966,1.5611673436246554
5203,1.1304099840243857,1.1325480117198694
5204,0.24551226990099764,1.696729961810917
5205,0.8995800194286032,1.4320839479509582
5206,0.8129613279102128,1.5775499083861275
5207,0.9182028705669992,1.758677057438204
5208,1.1629420944639013,1.61898800702684
5209,0.9528901955057875,1.7009454598820641
5210,0.9956035380248504,1.3078530641717652
5211,0.8849059369371908,1.5744274492890464
5212,0.9502976841227198,1.367930680983134
5213,0.9929504003438415,0.8495417968555832
5214,0.8738158609688781,1.819424601266097
5215,0.41720280075916294,1.5066867235030608
5216,1.1430065165981464,0.9821067534594339
5217,0.5113332771432347,1.930165048343705
5218,0.9084483143885282,1.053676479068726
5219,0.7401826102805175,1.416185982071585
5220,1.1343732521415704,1.73049638768027
5221,0.8370596106787099,1.6170816574024292
5222,0.9155017019593891,1.321549299095917
5223,0.6874838443319722,1.429197844249125
5224,0.8224618790463507,1.4002148099456082
5225,0.7903916401304555,1.3160858095432255
5226,0.3340867849261008,1.4338772553273158
5227,0.7597493498035836,0.5148553151310207
5228,0.42265271200098575,1.4017637179956834
5229,0.1381759173806527,1.3484241813509112
5230,0.6398454570958528,1.3677904186684775
5231,0.8373129328195169,1.4932697833061228
5232,1.3449434029068776,1.0230178174066793
5233,1.0043684290334038,1.3778921973738743
5234,0.7568046759930777,1.4297119448729996
5235,0.509914355544878,1.1903057796509138
5236,0.5339096006515363,1.130195627895389
5237,0.778602757296047,1.1144504978665926
5238,1.4280998591382685,1.5613742348804875
5239,0.5851204207337009,1.042136991808702
5240,1.186305933159122,0.8321376005323435
5241,1.356537736493324,1.2347865090379857
5242,0.7862831791788605,1.5027665564432766
5243,0.5470278972723086,1.8253748152257858
5244,1.0149563030267208,1.3970039419416431
5245,1.2965317643321033,1.6586287101470774
5246,0.7995870343593122,1.7428655532335589
5247,0.6469105133827322,1.3456877096306323
5248,0.321981666613306,1.2891840417985896
5249,0.15684540150439935,1.3096842299926679
5250,0.37525178341960225,1.4614794865145324
5251,0.5731259187300547,1.5802062313489147
5252,0.4611561507260718,1.3499846265644035
5253,0.9752403213780739,1.3574251909862545
5254,0.8070756935286191,1.4617100373900476
5255,0.731733461324602,1.3680747595882972
5256,0.4809495416117092,1.0199958259614315
5257,0.9914798135158627,1.534091251407112
5258,0.6164450998096063,1.4815147467895224
5259,0.7517762515060316,0.9805460459310524
5260,0.33647425699969963,1.0184226061924777
5261,0.8228403823751463,1.138801382047123
5262,1.2128790603324306,1.709657963288914
5263,0.9830092594867141,1.6480400901181786
5264,1.10710164911885,1.2559924820752721
5265,0.9498066783111604,1.0415435977601883
5266,0.8853352919222715,1.7307786390989401
5267,0.7105149679981125,1.669171876183003
5268,0.6883831278463696,0.8821081977893652
5269,1.3021727072509208,1.4214235971431564
5270,0.8657673099405704,1.4555372006275957
5271,1.3066379763314464,1.156449729603839
5272,0.6287575831113981,1.6723283971582719
5273,1.013545797663285,1.5855337722370213
5274,0.7236464953853274,1.665871778412335
5275,0.9825110600698446,1.6419524549355937
5276,0.2921854391075414,1.7593343939179875
5277,0.519652151131719,1.513735665327561
5278,1.101513390914778,1.8323543369690949
5279,0.32875716521100806,1.152162983367882
5280,0.5775795155640209,1.5406499113194052
5281,0.5675338249947571,1.2911678225568428
5282,0.8624677446497807,1.1151300360645133
5283,0.8605323156673024,1.354027239342905
5284,0.6714801994249397,0.9896544976366195
5285,0.24910138563242282,1.4148558726012657
5286,0.7098530188052282,1.2375001451902121
5287,0.7370881897365501,1.5384806916034033
5288,0.6568157002424457,1.3622113838863492
5289,0.7279150792031547,1.5577970380753476
5290,0.8894482780170788,1.553726878908181
5291,0.44639444657325095,0.8797933858814868
5292,0.5127539352619909,1.2236615581540953
5293,0.18311231428616978,1.4592047309783043
5294,0.6415784395598841,1.5189264743706887
5295,0.9836799787449356,1.1642809940714256
5296,0.49692571819934334,1.3410609938475806
5297,0.43271274240586943,1.4279765350616211
5298,0.6684611363987006,1.4111084080108918
5299,1.0132299393958217,1.0969369743341848
5300,0.7084117905474778,1.3559387169191366
5301,0.7838459809606737,1.4390024529982903
5302,0.6216328170441153,1.1533033620610746
5303,0.9695122728479619,1.2055054025062182
5304,0.37948788690022006,1.617311464259103
5305,0.6390140872038858,1.0000656039844376
5306,1.2202794080871722,1.3119427182685806
5307,0.7588561403908056,1.122563940279084
5308,0.9814249692400624,1.5770266136844904
5309,0.6392634681433936,1.0007719628792415
5310,0.471460301702784,1.2200301639881705
5311,0.7076748603794784,0.920708900402472
5312,0.7944329032399413,0.9516983237239114
5313,0.5460135651869952,1.361405667011407
5314,0.7818049143180718,1.1638485321386987
5315,0.5024585256998659,1.4786847291743044
5316,0.6684454700725284,1.501050022496666
5317,0.9132590105217219,1.404050433227972
5318,0.5294936981384616,1.2694847191987297
5319,0.9587049726353231,0.65049336847864
5320,0.674877972665764,1.3885800842140648
5321,0.6852526417142872,1.2943376253120107
5322,0.2017291908057981,0.8571193101298407
5323,0.5326577138639756,1.6577080923098113
5324,0.2748003161943553,1.7048376758931596
5325,0.9465266168000949,1.0892725310588705
5326,0.6512315798752614,1.3301598950331743
5327,0.5036073854926266,1.454172723911189
5328,0.8737264196132533,1.6784597504520458
5329,0.8294913376188617,1.1712197850903445
5330,1.1328571604072215,0.8340661393689532
5331,0.7424653295428669,1.6145685210902587
5332,1.2513154761899379,1.3699636588369644
5333,1.425113553056197,1.622018988558587
5334,0.4003431269077391,1.3335810730848197
5335,1.1195050929660102,1.2521855383853513
5336,0.5267259808623054,0.8578761315758718
5337,0.9358804059346288,1.2029907542668106
5338,0.3823658977884115,1.0233536198783546
5339,0.9989297852136048,0.8533097456505305
5340,0.4345507310354683,1.4895514277477322
5341,0.6110727631432282,1.6652990029147487
5342,0.48879117839876396,1.4561880677165222
5343,0.7394099388217195,1.4420735577655934
5344,0.3986559152828021,1.6425968416392442
5345,0.9486884140557216,0.4379233999215737
5346,0.897748463405459,1.1599784640561686
5347,0.8952736284972944,1.531766662706648
5348,0.515867719536172,0.8272345952864251
5349,0.35944255224181443,1.0167669170876885
5350,0.9794130040224766,1.0987324617934797
5351,0.9184650724713568,1.6964120735727821
5352,0.9114358466584699,1.3829256046860787
5353,0.5898939266588603,0.7839785676953002
5354,0.502730152103005,1.293788994483064
5355,1.551875152815418,1.2455071084108549
5356,0.6791705214940791,1.7456149875800095
5357,0.505919487392481,1.5492099301625775
5358,0.9499382173058235,0.8562006621390568
5359,0.7002859400484541,1.5319269122135517
5360,0.21775702133954775,1.3705480437557522
5361,1.1115164155339898,1.2687705206175488
5362,0.5907016470641244,1.3840240470160996
5363,0.8636944714936007,1.183792803354282
5364,0.5768025591217988,0.8649885998879918
5365,1.2275933975777031,1.4086041184580922
5366,0.5470153952187587,1.399885922262396
5367,1.1154124382411335,0.9947575160486692
5368,1.0118868870008049,1.2075339757371786
5369,0.8506509888404186,1.2830567589408532
5370,1.2716252389793279,1.4021087960386316
5371,0.7105833792574288,1.461238440033168
5372,1.261313777487037,1.5048728380749026
5373,1.009026678563866,1.7052740125996513
5374,1.0348844187517563,1.6495289176424062
5375,0.9100889561433017,1.556810105763235
5376,0.7566177314975553,1.0380464988207732
5377,0.6903505856173014,1.5340677895559498
5378,0.7583576783851264,1.433528254572924
5379,0.8532873357558424,1.0112371638209234
5380,0.373298794754794,1.2991770090307744
5381,0.533972839705887,1.156661863315673
5382,1.1446962123712243,0.8579628248392241
5383,0.5948268923431139,1.5975839663364697
5384,1.1473663158180756,1.523093653269714
5385,0.9133524003373391,1.205916780943879
5386,0.5694054020099171,1.5851204304075996
5387,0.6077462538841364,1.4286296470481665
5388,0.35993157255136776,1.207126180146842
5389,1.0860634314360367,1.0131891999078304
5390,1.1435394813759094,1.582617122447385
5391,0.7485371886916278,1.2759547147385397
5392,0.7210080991795828,1.4413503552065423
5393,1.1290168754074883,1.5831106408908866
5394,0.906757939513849,1.23775079793979
5395,0.5712700574897589,1.3850292145139536
5396,1.1229175119529107,1.623147678477903
5397,0.9839254850768511,1.602289323419716
5398,0.7665666169054387,1.5076399342077853
5399,0.6099078258395718,1.0412867696956623
5400,0.8532147083272019,1.3266185466895408
5401,1.2280101617462695,1.3342190809784675
5402,1.023304999461132,1.0940356260246735
5403,0.39954733846485,1.2806354781107951
5404,0.8295689054345992,1.1950657411711654
5405,0.19619103605059623,1.3256951185060202
5406,0.4709193611188143,1.326131111019146
5407,0.3560359694693156,1.152693708048735
5408,0.7716569221244113,1.2804646205864456
5409,0.6655353717767439,1.5867737791393406
5410,0.610217430646961,1.234803280886521
5411,0.4014102233152149,1.3498683350091154
5412,0.30156067658317215,1.075380854210298
5413,0.7620273273261214,1.0093145619617296
5414,0.8248777348569322,1.4360477699009064
5415,0.5874989719864356,1.313002721210721
5416,0.9358145570457277,1.8366718971526717
5417,0.9594916409111192,1.517856246391587
5418,0.8604281056315789,1.2984840730456035
5419,0.2859174656594189,1.2492341753760943
5420,0.5626034924960492,1.3799110956895042
5421,0.8445640136554045,1.3549801649865254
5422,1.2985122897711192,1.4659601712046457
5423,0.8725209457130693,1.7986914333791963
5424,0.4882308686233126,1.3182033452096418
5425,0.5834546918933085,1.287398484574198
5426,0.21134897486036738,1.3701669002194092
5427,0.8645641355894598,1.2036456811222809
5428,0.9532924245911036,1.4948366990461894
5429,1.1698771652806887,1.8061038101618685
5430,1.1469310224860763,1.5956730658534624
5431,0.7836166316420302,1.440856927675711
5432,1.0478840897878798,0.836729776664781
5433,0.6091888333717623,1.2471044544178613
5434,0.7551093328216582,1.1894551694093334
5435,1.3433286913366007,1.0515853587008823
5436,1.1092721698758405,1.3783688336468511
5437,1.0372544403471513,1.1864882720339658
5438,0.8374970157111327,1.5941961970248308
5439,1.0687008803768725,0.8677067436838113
5440,0.7264418765450726,1.5075008686417042
5441,0.5717513186978371,1.4197909491551233
5442,0.5816403954988454,1.386714148425293
5443,0.3967642739593539,1.0238147368091481
5444,0.33573469659360106,1.7024618241917888
5445,1.3990220988652495,1.287606397990317
5446,1.0705700847092827,1.1349854835469264
5447,1.4476987580166847,1.582996918245639
5448,0.6126132726517743,1.225186682154671
5449,0.9431280002903464,1.3534211889988312
5450,0.5743954206517474,1.6643442171865348
5451,0.43465285208866106,1.2143788490663714
5452,0.9387709841325201,1.562041643073215
5453,1.0264101719717573,1.5746709637739271
5454,0.806795460162717,1.0129056645569512
5455,1.1696394988643175,1.5272370283508327
5456,0.7752061475778161,1.4791010810490475
5457,0.5172386114547934,1.2235401909426014
5458,1.017740993095181,1.6079922278841057
5459,0.761061823485279,1.099211827703543
5460,0.3910173808574487,1.4563256772630837
5461,0.6567242150548234,1.3717421229526021
5462,0.6807807161321456,1.337096995583161
5463,0.5394658843083313,1.1025206572660435
5464,1.319242617400896,1.7029054850726673
5465,0.48477046410404717,1.5874803769158443
5466,1.0190978458475042,1.5439406643638638
5467,1.2142741117022042,1.4815419061203063
5468,0.4324685096569752,1.2772496309198296
5469,0.18649429911024928,1.0468511692527813
5470,1.321052374199088,1.5581501574772083
5471,0.7155948365104,0.32189722834004564
5472,0.9447433708503337,1.375010264151726
5473,0.5866618588156264,1.5016439861483386
5474,1.1287789954822185,1.1553858106380652
5475,0.3466727237822731,1.6990286889744697
5476,0.5836562468990839,0.7053348968202175
5477,0.5441975671257244,1.1901901166562885
5478,0.39803165388767814,1.1504599920225285
5479,0.21099182838557132,1.2990378659270394
5480,0.6996510912030216,1.7604598778595526
5481,1.4144606657922283,1.7352136979063222
5482,0.9872479373818408,1.0771820109458028
5483,0.32563573438500226,1.6421362461409572
5484,0.6530373602918327,0.9458399751406863
5485,0.22794777467093438,1.6992980852452404
5486,0.16685725226100723,1.6865620793986655
5487,0.9947099161120837,1.3931961126613954
5488,1.229164216722608,0.9515040590915607
5489,0.3537405374739948,1.2790214540837956
5490,0.934192019577022,1.5533518546892509
5491,0.2540208224083889,1.6232360484231518
5492,0.6105149674696604,0.9653297143038895
5493,0.550056968892415,1.5990229073140894
5494,0.5460421239209442,1.6763454687842025
5495,0.27696896688087314,1.1435898805707363
5496,1.093719089122585,1.166530851004909
5497,0.7378445696292311,1.482237540169606
5498,0.7630522826861196,1.521614983674955
5499,0.28387230833928656,1.4460873589208805
5500,0.5350784589615385,1.7090531622249987
5501,0.9143009205643248,1.0856872605879824
5502,0.8572144853507006,1.343771673337865
5503,1.0129158967561913,0.9532075825051984
5504,0.7022587278952256,1.373659691853796
5505,1.0715110565860198,1.4558845962687168
5506,0.4983436125492116,1.6586918708112743
5507,0.5201171335971255,0.9850781889985176
5508,0.9613593855510516,1.4838513298240876
5509,0.5532844497500188,1.1784843288675009
5510,0.5483006950515192,1.4718442557543154
5511,0.6467800158113105,1.6587030237771057
5512,1.4365369183893708,1.5184318041114693
5513,0.6016389666798336,1.546888528223638
5514,1.3063289099900306,0.557729524380872
5515,0.4163720343777004,1.5239927760592071
5516,1.1002773000005113,1.7177048211064405
5517,0.7486932937751426,1.2619727907963423
5518,0.6186978046349868,1.0964815855516599
5519,0.5646798535828229,1.4913336393531385
5520,0.5652485432148454,1.4370453688966802
5521,0.5193524202457461,1.734001794638543
5522,0.8865855480302166,1.6004264613659795
5523,0.42208563495560525,1.4296464528327473
5524,0.643277986053082,1.0788215317748866
5525,1.0141938751204524,0.6620830646412856
5526,0.27699730513383275,1.5319699934211055
5527,1.074069498814058,1.1459912919878468
5528,0.5506369825376557,1.408159208227831
5529,0.6037660366968927,1.4852000372500902
5530,0.6779054205367157,1.612381586615076
5531,0.8461010131928195,1.781304732761084
5532,0.7304629776031092,1.1655746488040215
5533,1.035469362090737,0.7355023529040767
5534,0.7962747331337366,1.3567569398044297
5535,0.9922117886609922,1.5501760434226637
5536,1.0292481417917216,1.7314110060476293
5537,0.6406188473266965,1.542219581440851
5538,0.7024500962722334,1.6950486264263858
5539,0.6535317060232191,1.4553245677241518
5540,0.9040273961375695,1.755600020453164
5541,0.5724870984458723,1.6235270262268284
5542,0.5175489621327521,1.7457073229093556
5543,0.906121060581022,1.4665423788098013
5544,0.45224476785270074,1.1667958583343176
5545,0.5883671653362291,1.3501977214385326
5546,0.9980399095857837,0.8382808092405558
5547,0.5116626300967986,1.5671317924163422
5548,0.7683654628123545,1.4730160457042512
5549,0.8768390470506854,1.2455414568993477
5550,0.6426967663573634,0.961855315565388
5551,0.7232899686799037,1.0622644066145714
5552,0.8752414761289801,1.593292198651292
5553,0.5255532842985898,1.7575150492918394
5554,0.8108131712549467,1.579790498524125
5555,0.8300560866282969,1.4713109459193503
5556,0.39484097202128976,1.0173704957265297
5557,0.7100334939255026,1.5170180042823802
5558,1.2249563491629814,1.3054836207303042
5559,0.3692700840660875,1.6314470697649555
5560,0.9630217541733066,0.8088014160166359
5561,0.723982684774279,1.8014156195816198
5562,0.8748182505040787,0.7677447047881685
5563,0.49948504305936575,1.4394657341113204
5564,0.6066435320475206,1.4764997112965892
5565,1.1374567335210497,1.1475947032596432
5566,1.4258849878850814,1.3687628454249081
5567,0.8142634740570197,1.363841837255782
5568,0.8160119639027775,0.9833232302096171
5569,0.3686955532097431,0.7752799734048996
5570,0.32824346071087124,1.1730498036024968
5571,1.1364309992702923,1.0958301329776972
5572,1.2599159551645744,1.7033865380680817
5573,0.4962372264993981,1.3070162076281773
5574,1.0215150823073926,1.6564524519972201
5575,0.8139623142702423,1.343569225525517
5576,0.8977954890059691,1.3331485474387312
5577,0.9993641935611479,1.6277894226557232
5578,0.561991432317588,1.4525198075484902
5579,0.23226345056192074,1.1468829092712798
5580,0.45442080921130273,1.4497837558286464
5581,0.6498369187344888,1.6218774483282257
5582,0.3641918968492989,1.2622356862286646
5583,0.9014099921047176,1.9533835195502205
5584,0.7490421035012925,1.305082703325413
5585,0.906801074538989,1.395296874118718
5586,0.3734362520988713,1.2863888559421697
5587,0.6392757206573622,0.9243548102694925
5588,0.45407612509143497,1.7152369392097557
5589,0.8917230797958803,1.2970550782309327
5590,0.8590742562985684,1.5157693502749443
5591,0.7890892862837985,0.915802944157847
5592,0.9623811612123775,1.3888308049442526
5593,0.8122246566430472,1.7016005144059025
5594,0.6126956949927975,1.062368735530846
5595,1.132098179966349,1.5569507238558533
5596,0.6834580766671714,1.7017537806830894
5597,0.7554572541792213,1.3617012952951153
5598,0.7016521380542844,1.4034491167339844
5599,0.30515632267242654,0.9268782582514858
5600,0.7468826375653801,1.596283593153073
5601,0.8282868468501485,1.0058015482507452
5602,0.5551005261121589,1.21211914992415
5603,0.4590918155927058,1.3339246940367808
5604,0.8394716115788202,1.3989049418672712
5605,0.2502194739729949,1.282716637404758
5606,0.3592750363480306,0.9870013473283599
5607,0.9944585075989255,0.9624619756312722
5608,0.6564698087460207,1.3085007115892122
5609,1.0928613816206827,1.5355843890877865
5610,0.9151856795551807,1.0942877393186148
5611,0.6122712271447273,1.5368786854156415
5612,1.1890420966085784,1.3362403272214487
5613,1.4658521341253945,1.834423288584227
5614,0.7235747715507823,1.1819103918397862
5615,0.9184351860947517,1.4634278313131655
5616,0.9698682444952239,1.2024815559622422
5617,0.5618072545671303,1.5055009756668756
5618,1.0908973803271331,1.4561247346149462
5619,1.155863557441399,1.1272396088892749
5620,1.2845846052972436,0.785085564158897
5621,0.5580956680791346,1.668518081750895
5622,0.364830762787614,1.2045864112494278
5623,0.3106420439462129,1.21430359581896
5624,1.1782146353074767,1.0511747690071314
5625,0.8658287698890894,1.3898739363879886
5626,0.7242527439645526,0.6374044551937741
5627,0.3233790913355688,1.145612294945686
5628,0.7224676146280763,1.6087900959178407
5629,0.5858176015455804,0.9732988479593851
5630,1.2338726399918571,1.187560803287821
5631,1.21330884241918,1.3852060722841872
5632,0.8586352807878392,1.0603074667956318
5633,0.6574463632263287,1.5176604669459626
5634,0.5089677013591697,1.175971379010314
5635,0.30172131042157174,1.2164080886448014
5636,0.9549279388614917,1.257523710999929
5637,0.5430631918535325,1.7215788509391545
5638,1.0954179655773466,1.3927996100191238
5639,1.0189965993005434,1.1771252472217406
5640,0.5497844837470716,1.6569442351297279
5641,0.7092827474779804,1.237616605514106
5642,0.21826458507474447,1.5585927063589344
5643,0.3409326256864296,1.4461238795646105
5644,0.7126249019281926,1.6726592580415802
5645,0.7915914664161489,1.1050767857436448
5646,1.2069780152284184,1.7269401847902033
5647,0.6380541233971135,1.5646443127205458
5648,1.0214807170096316,1.4266467542471848
5649,0.5254906531183705,1.563104967411431
5650,0.8140230851732796,1.3146383498225223
5651,1.3572416563988006,0.9846651431318114
5652,0.6318138056616884,0.914619600690848
5653,0.5619113884772285,1.390713339930702
5654,0.6686430188195203,1.1345451334084786
5655,0.32347565880459245,1.7857882293617964
5656,0.3765975458592222,0.8539899720589552
5657,0.687645720738821,1.015706764964829
5658,0.6290601882424067,0.9363501168736679
5659,0.7202847403047895,1.1616705423334839
5660,1.1556790604485396,1.313591536159858
5661,0.3170102857511663,1.4082872810038447
5662,0.7025250389133948,1.2893368317139702
5663,0.27611437799591676,1.242298671770038
5664,0.9833267984226465,1.055779223783749
5665,0.4383990962816814,1.7110998836928928
5666,1.1384962903642104,1.5273370930695305
5667,0.6430554698622556,1.3334552445759666
5668,0.5503946617116212,1.5697217825084615
5669,0.8195604951495212,1.4155746100654336
5670,0.7525695679047829,1.5526106940368063
5671,0.5149202619215053,0.9021272703388774
5672,0.6971600997972422,1.092525671897084
5673,1.05727769289385,1.5601608570312364
5674,0.4669154434754962,1.1706494063869948
5675,0.520420390492935,1.7708595444618074
5676,0.3634498855442168,1.3214682453686206
5677,0.8490395757079874,1.705782728824223
5678,0.7402625247288454,1.0803121508327513
5679,0.3733537765529152,1.5843582034774562
5680,0.7226126021784431,1.4821213144978853
5681,0.9857385462307939,1.3155449703470126
5682,0.9097236954838831,0.8271667464896884
5683,0.5097390319636369,1.6386126366006617
5684,0.38130071128751203,1.7239035395526543
5685,0.591762309375777,0.9706487591416659
5686,1.067324379894401,1.1289771555874921
5687,0.7901606956150038,1.142338380629126
5688,0.649446599465761,1.6573914584646392
5689,0.6568138751934826,1.5115720106144361
5690,0.7877305177316124,1.5692290350255391
5691,1.0369139438397807,1.5098229522568105
5692,0.8301374270901932,0.710762168671476
5693,0.21966478889570473,1.2304137240441917
5694,1.0894672231115567,1.407825256931701
5695,0.4051016607467002,1.1759568725586877
5696,1.4650671090220695,1.298256256988799
5697,0.3202450227046009,0.8813621898913861
5698,0.7168101175263873,0.7985116849558174
5699,0.2380871547113977,1.6157283457278402
5700,0.5441402653163075,1.4676638601849241
5701,0.8425822175640084,1.6133983800923781
5702,0.9994948228849713,1.6742038285753682
5703,0.3308260634595413,0.7103984733233792
5704,0.511453944781482,1.6302950731416819
5705,0.3356138643810752,1.2610507419406054
5706,1.1519738766429193,0.7824660407142356
5707,1.069295201321987,1.0743259602070867
5708,0.5705017887828538,1.2813417236547857
5709,0.7256288284706008,1.6224967947201603
5710,0.6131246897730964,1.7975210119328255
5711,1.2874223926395267,0.9301420157527307
5712,0.8148209687804968,1.1230247400590954
5713,0.7043651980953056,1.0192638549541888
5714,1.1133636626330923,1.1115095534962636
5715,0.7102889280037156,1.470361726839071
5716,0.8077401348868516,1.2517211845974514
5717,0.39924732687341924,1.8780994365316697
5718,0.6817690373257861,1.6549597662771232
5719,0.5136030641198001,1.3791784052735778
5720,1.1528977004564365,1.4123599509465303
5721,1.1219817940989398,1.5742158332664697
5722,0.38341525167412016,1.0354080953827227
5723,0.6768394997452041,1.266711040651485
5724,1.740500104408948,1.306620553556844
5725,0.44335018420960703,1.3911349550570253
5726,1.0416821757153047,0.7375780170862383
5727,0.5844549641817535,1.5386148460814346
5728,0.8110576299939619,0.8103944849298055
5729,0.805604264395272,1.688830328347254
5730,0.5038566674498224,1.5192421898053223
5731,1.1539858884662657,1.695032082138336
5732,0.9947017967469769,1.3094923488101826
5733,1.1102052223854222,1.063869572607138
5734,0.7865637396380708,1.1615699681614577
5735,0.7263430880929509,1.5735505532777851
5736,0.6424080999594534,1.3261743917829563
5737,0.7084698087834237,1.3693876343028917
5738,0.9054923455792813,0.9677080588373483
5739,0.9556480754378974,1.1336690736651978
5740,1.3812430814229233,1.5031928553112714
5741,0.7970344635045902,1.4210465187534709
5742,0.6909353772180373,1.3235376037039481
5743,0.2410640638619719,1.3820460540137975
5744,0.622958035604051,1.3147843298300859
5745,0.5602104714400226,1.499924145162938
5746,0.4578701642005523,0.7234634560432132
5747,0.3154431639489614,1.4534585039673296
5748,0.4050763575527398,0.663250213650689
5749,1.130181727158895,1.3335651666520603
5750,0.659028189296367,1.2597795486537127
5751,0.9071620214596096,1.4592910246960331
5752,0.4781373652753307,1.7516438182527154
5753,0.5275514617774062,1.184654617334516
5754,1.0241974157165916,1.4032493917040376
5755,0.8000429122021208,1.6727642451966198
5756,1.070414656667101,1.3166137906325457
5757,0.580592911173568,1.0826900402723938
5758,1.2557718619332785,1.2868687943247101
5759,1.0342307142950353,0.9054532519997098
5760,0.2983255017943307,0.8461000192413421
5761,0.802207372827659,1.3983889407392849
5762,0.28729655912166513,1.8426566244512899
5763,0.4568752023010388,0.7673558316078777
5764,0.3637972408434526,1.3329456697023745
5765,0.6768293854075897,1.49120198325905
5766,0.25680395442704795,1.7645718325595248
5767,0.8008506549440131,1.4016361424518364
5768,0.5067670736293657,1.4823082211099567
5769,0.44463069711660197,1.6715252261535238
5770,1.2428442735641072,1.690126825645244
5771,0.42083565202317913,1.065323452691515
5772,1.0365183309279336,1.3968847395877715
5773,0.7727226714425935,1.298624404572688
5774,0.6568581827052894,0.8757995082850238
5775,0.5880434822993679,1.466429820277702
5776,1.2410547192724775,1.1840959446024006
5777,0.21952246889812457,1.7821550760783993
5778,0.6611736659978643,1.1433586943942142
5779,0.8352346361556157,0.9693215352323097
5780,0.33878357766085604,1.476067451873154
5781,0.7398288594581474,1.3546425592431393
5782,0.8441178331485137,1.0912542848013127
5783,0.6248881254263836,1.6488813959437647
5784,1.4576849463612145,1.4502394930107827
5785,0.3314479571182324,1.4157093369024571
5786,0.35267138949332894,0.8160743152290186
5787,1.1776621688862843,1.1258990908853377
5788,0.4780337059589572,1.436319784966335
5789,0.5828350406098928,1.121534283076747
5790,0.5767707328151761,1.2490203681874397
5791,0.4196445789434403,1.573444853111266
5792,0.6247466389384473,1.1296614566382193
5793,0.47256095095171863,1.6985870086622876
5794,0.44430633981917655,1.6907804164504519
5795,0.7378439313308339,1.0666945049974
5796,0.6083810176966885,1.2581817266347777
5797,1.085220716203961,1.4461315004419006
5798,0.5379484759944213,1.5941952980117944
5799,0.8449053810020335,1.6315566476062018
5800,0.5674521584108182,1.338007847451465
5801,1.1273375295675392,1.2829091883549038
5802,0.8611813767924715,1.7019776701138356
5803,0.48602689117815817,1.3610126315367093
5804,0.6229708782687798,1.062686699837604
5805,0.5164290459585075,1.8427710732859433
5806,0.4100181576239994,1.6227673883858715
5807,0.5202879827660718,1.2274740555312462
5808,0.43299441932843535,1.3049460588615935
5809,0.15649781423379916,1.7236557125392085
5810,0.9210461622763552,1.4983828504166987
5811,1.3648040586016201,0.9506801453024538
5812,0.4646304970932517,1.3936838015820656
5813,1.2074309051977723,1.1756346758459189
5814,0.469122864881271,1.174683337242914
5815,1.3520059012772305,1.2650902872469478
5816,0.879713855286594,1.4393452860852745
5817,0.6880423460262257,0.9436557370995102
5818,0.9350858734734915,0.8812053334839829
5819,0.5848694735972956,1.5427247412469396
5820,0.6577052910967708,1.5216674018988154
5821,0.7267299853964456,1.5517870989932814
5822,0.49894325023500063,1.6466256314290795
5823,1.7018217587665145,1.0203123228348314
5824,1.0583082318176886,1.6099851158012903
5825,0.9272838831826432,0.7901674679291808
5826,0.6649404088628219,1.3691060630017002
5827,0.9673343328597088,0.8892454384127091
5828,0.5670780423653251,1.0215946631668036
5829,0.28295768820937367,1.1594307871685956
5830,0.9363057060180865,1.6589614258900656
5831,0.8762606195677929,1.3223173667330892
5832,0.6545078369376022,0.915236681765119
5833,1.5171833617965707,1.5131351117846015
5834,0.3119467865094418,1.1366283417762206
5835,0.6610493046497873,1.3915190536846889
5836,0.6815519281194783,1.542590996704107
5837,0.5067551053719551,1.4288648832889734
5838,0.7546685379234288,1.0745674726375518
5839,0.9216006872849636,0.9741667239801548
5840,0.40030980954030293,1.468323833978519
5841,0.3899518481647692,1.3030259180690615
5842,0.7752187346958623,1.60116711387301
5843,0.24875022043085912,0.9476533894771504
5844,0.9843080219754984,1.4083227007211114
5845,1.1251146855351657,1.2033537574592184
5846,0.714145554154229,1.5560445125641886
5847,0.2593058978197042,1.214395271301186
5848,0.32843147855638954,1.6065952888929038
5849,0.3156330788296811,0.9804703673571546
5850,0.9855302577569746,1.6637745517453062
5851,0.6477356815781996,1.057932282741937
5852,0.7859223757824958,1.5998171171316302
5853,0.48904569268732273,0.9444095163129698
5854,0.7757979181308637,1.2475787619243528
5855,0.4769381686007233,1.5317721169182845
5856,1.4035465719148708,1.359370886311898
5857,0.7216571070688307,1.173447593300983
5858,0.9536418718590902,1.0869144960942423
5859,0.986270879314795,1.4384531813746544
5860,0.3641244053320409,1.1600147044553306
5861,0.8408998514243643,1.409267556073886
5862,1.0117109176788952,1.3916856607557015
5863,0.4915512663424692,1.283340129519218
5864,0.7915809544198307,1.5083966127230692
5865,0.9000024681773958,1.6084723402195293
5866,0.715187724922108,1.165513585510658
5867,0.712865121321731,1.1163910114921785
5868,0.7072214829876251,0.6179108273263709
5869,1.2036166414469687,1.6259204242152778
5870,0.8138658471046742,0.780374437381306
5871,0.9593087364843611,1.7027428044282913
5872,0.3227904862731434,1.0383610527782818
5873,1.0148698262206264,0.9918538302621074
5874,1.6784453318012675,1.7884961084886097
5875,1.162014605476766,1.3260935182419593
5876,0.7057300482195364,1.0477164573749702
5877,1.0044846670071121,1.177672828033836
5878,0.6763387358325208,1.5801023212838494
5879,0.6521937270735818,1.587841835383355
5880,0.9868611561069528,1.3887045232447262
5881,0.9960295663281767,1.7550393289313502
5882,0.7828550332673067,0.8746440994071867
5883,0.8067579256119369,1.1207768278308023
5884,0.7127956502681234,1.4963203768777178
5885,0.6298587678586733,0.9161250370229836
5886,0.9090341107578633,1.365878459740449
5887,1.3941053157269316,1.3562932459197183
5888,0.5472275971286442,1.6105106481175842
5889,0.9392876578725804,1.2898925684336207
5890,0.9752331003193485,1.1547791923799666
5891,1.0250213066911416,1.5360686316591239
5892,1.3093501996764143,1.7753560716980634
5893,0.8935008172641444,1.582171631547648
5894,1.3797754290485222,1.599412135754854
5895,0.3271665488715657,1.3404362672284673
5896,0.7834818768502112,1.2100580392003408
5897,0.8122712291260665,0.9211920752604739
5898,0.1922969516185279,1.2514330973348726
5899,1.0711138957373498,0.8412963428023092
5900,0.8287001312284905,1.5099373694471219
5901,0.514119477172833,1.5181747648373647
5902,0.39168301141812145,1.6897491643461058
5903,0.8363270835542945,1.8530471220125042
5904,0.662227618920531,1.5398321810879931
5905,0.7447717988686883,1.4686888128305877
5906,0.8940382367367925,1.1994526411531339
5907,0.92392832259319,1.547359774061841
5908,0.40453970917040966,1.0626261442166058
5909,0.6138120373298572,1.7671453819131342
5910,0.8902355625133593,1.1720194678964546
5911,1.2544956085678098,1.2723392153569089
5912,0.475955633962692,1.0840996356221901
5913,1.1206786885394382,1.3358975079055155
5914,0.9194534107258833,1.2032002594989284
5915,0.7220059565796806,1.3328783864664286
5916,0.2727786367186527,1.0656426719301084
5917,0.22485171460654368,1.6240725243158276
5918,1.160246021537519,1.5042544285891697
5919,0.47516141687286695,1.7281456889202738
5920,0.9780536601013694,1.757722563421979
5921,0.7646885186459211,1.8044309331215984
5922,1.1108840411808225,1.5686339651121655
5923,1.0009132332699153,1.2796747187845048
5924,0.5632655299048535,1.3951690925692608
5925,1.3093927145748594,1.4390749937270577
5926,1.3277258884441059,1.3846312172524013
5927,0.1608228671824691,1.5912723261992943
5928,0.8926513942901609,1.0713280674833552
5929,1.0354293486349617,1.7726318209727407
5930,0.635253766147559,1.3164471451603348
5931,0.6760891631407091,1.627116454994849
5932,1.3265303825174977,1.7431384835986359
5933,0.6534228401913763,0.971295429427129
5934,0.7311675454524819,1.1545670526922631
5935,1.021210145357997,1.297154114313006
5936,0.4106811243238164,1.1377295557929323
5937,0.5465157752256907,1.545582909655299
5938,0.3090153491534527,1.7069959776925696
5939,0.21966201707244995,1.7265462599483707
5940,1.2481481687672045,1.5781637342479815
5941,0.865193460119211,0.6422574281494378
5942,0.8834601226659569,1.1683633631802441
5943,0.8365306932122106,0.8567789908145518
5944,0.5185548677416103,1.3388641725789592
5945,0.7427114044263208,1.6122575500058298
5946,0.2919110023090231,1.4845708742141845
5947,0.6509965979553354,1.7643308073498356
5948,0.7063180242972326,1.2808794012087605
5949,1.0500626123050545,1.0080063333041882
5950,0.3381744075577712,1.2025619845790767
5951,0.5007599626891389,1.090136953575386
5952,0.5752927772637367,1.1243797267343767
5953,1.031262098016833,1.2635618489416491
5954,0.9656099092059217,1.224504749911987
5955,0.7890092985079186,1.5500912970314635
5956,0.45805546615942466,0.8230317572622539
5957,1.2881073522754183,1.4064880248316483
5958,0.2411188598407345,1.0212416764820433
5959,0.5207136827542446,0.42978077714322716
5960,0.9743143931213385,1.5340329794792074
5961,0.6683424766497551,1.0206910214389657
5962,1.1247882800025404,1.26530197257707
5963,0.8593830135420102,0.8370714243516428
5964,0.7298892038313504,1.4841134837203742
5965,1.064716588984166,1.4614686653344697
5966,0.5174663314781786,1.2465814812648195
5967,1.3664546256666381,1.3346231542429914
5968,0.3646387858038209,0.48774176682949344
5969,0.43297901624726265,0.8618937875345369
5970,0.5495932664343725,1.3394197220661752
5971,0.8161207967743564,1.8873993464642043
5972,0.9653712645670972,1.5195144015151012
5973,0.8782310039442932,1.4581259273284386
5974,1.464056534338599,1.354975612397416
5975,0.9108447801523785,1.4792424046327992
5976,0.6314970940019098,1.5999860997042745
5977,1.2495593242939997,1.251646159466415
5978,0.37254055074984893,1.4045655821316494
5979,0.7350935532185442,1.5245581572390299
5980,0.5659473565044357,0.9794965670644769
5981,0.8128877889542485,1.7174717752359752
5982,0.6010880904313746,1.4686914890508822
5983,0.7964459490162696,1.2331302782619389
5984,0.8271793958856168,1.269361346096665
5985,0.47573466233596096,1.6662487984495575
5986,0.9956688958937425,1.4087037939067386
5987,1.2820889406654012,1.294323843528185
5988,0.6963547556875112,1.8749684362819832
5989,0.7017010455204256,1.2623820291122176
5990,0.4949951576697769,1.61489687907509
5991,0.09051158702046858,1.5327808634653117
5992,0.8869793673479397,0.7772114945133601
5993,1.0408795789093706,1.307988320704609
5994,0.1897717669288334,1.0211570894532855
5995,0.7252476678140224,0.7607284438756949
5996,0.3350648356501461,1.4586524002016956
5997,0.8619491344078336,1.406159047754675
5998,0.4494889714044418,1.7545004791886791
5999,0.556946830075993,0.8973546152170302
6000,0.4252720429270696,1.4320377226095538
6001,0.6062343353037237,1.461248557499304
6002,0.7501201722459954,1.80320251901209
6003,0.6753376523682298,1.905518921060371
6004,0.982428301820078,1.0837382027519853
6005,0.27199478716610065,1.7275284448053405
6006,1.2168695689591875,0.9391657098216459
6007,1.0402312713059256,1.4322734486909976
6008,0.9625990008749518,1.1810351386754343
6009,0.5085468173802318,1.0581334011291852
6010,0.4273872234803507,0.8796682352837535
6011,0.23930452726167192,1.3985690124120183
6012,0.8243424705456225,1.5304894855984392
6013,0.6276849421499886,1.263320735437385
6014,0.5267172570834562,1.6937623701270945
6015,0.5194732444622466,1.5182253423419951
6016,0.6838389275936132,1.3898259929714316
6017,0.6700646019332569,1.0673372998575612
6018,0.8853592948135532,1.5753623419820564
6019,1.0675143315215103,1.3312676529451881
6020,0.457322693352296,0.807389613924284
6021,0.5420733027881299,1.3231827949088362
6022,0.740478441786856,1.6574024619602954
6023,0.3386814883649611,1.0390836594818111
6024,0.7287195447142412,1.5068160597370754
6025,0.9762963121330308,1.0648723364202082
6026,0.816492415105528,1.1285790192584073
6027,0.7842920192720266,1.1420222621305975
6028,0.9650433835850437,1.477132984069713
6029,1.546666078302059,1.221883513941746
6030,1.0672130337759007,1.6375087891125677
6031,0.5455700040187048,1.2945492844620328
6032,0.6578056166686522,0.6960957320836028
6033,0.959500095216062,1.4532800131236385
6034,0.3040203917229261,1.4812642069973563
6035,0.29322069313504573,1.4930104450574844
6036,0.43439635734304916,1.0725249101734562
6037,0.7793471892053807,0.963456209676083
6038,0.4044166902356282,1.5027404848708494
6039,0.9915172609727606,1.0601591846026275
6040,1.093857157813144,1.250317353429911
6041,0.5103156072227548,1.3386747943648922
6042,0.6293371672631242,1.3360645251431782
6043,0.9879457981579103,0.9198042443305361
6044,0.9900949248596957,1.107048185674687
6045,1.0057115816825137,0.9744707118851363
6046,1.2076227298750455,1.5677502356569621
6047,0.8206526258610038,1.674077104211209
6048,1.1536251373809332,1.3703356570214793
6049,0.5324113779101179,1.431103150914176
6050,0.5804119069717398,1.6410899067956644
6051,0.6009141813188786,1.468978362437662
6052,0.38829177382098723,1.4968726001231079
6053,0.6477110139790773,1.754669333784872
6054,0.4751359861624143,1.8730358728662015
6055,0.8375016286520289,1.1497785821605166
6056,0.27984221227281053,1.4995143711215486
6057,1.032033461652684,1.380325063779451
6058,0.6973380524433003,1.4106819979671248
6059,0.2241418368824433,1.1537604488384092
6060,1.2751614964423892,1.116125887766723
6061,0.7636635041150429,1.0839484438732314
6062,0.6074233390552333,0.9644133839179581
6063,1.1323952071879668,1.4862232347726048
6064,0.7839241366686018,1.5337953687421368
6065,0.5418967315762825,1.0854843895833912
6066,0.46914274248900995,1.2839624834316838
6067,0.7906283080339762,1.3955236116356402
6068,0.5232809738783237,0.8328343399789344
6069,0.5510427956802839,1.626100675210057
6070,0.11228084542501707,1.2437442261479472
6071,0.9709791777262595,0.7461638188287605
6072,0.7433752239910171,1.662862691197119
6073,0.2279110085086046,1.7949300083658972
6074,0.23615732747146653,1.1204788267291144
6075,0.4537677208538183,1.364874708223362
6076,1.2281582988639934,1.645802959339201
6077,0.21174081938108721,1.0744747848164606
6078,1.0208947613421682,0.7570610212482842
6079,0.9439591931095039,1.3561824444096862
6080,0.7889567653387889,1.534032399939157
6081,1.074376334139887,1.1017233651257994
6082,0.7518535369340935,1.276666316561427
6083,0.7125002718342762,1.6980829153964565
6084,1.0155004436636965,0.853748685814131
6085,1.1744409076172293,1.2799283771456136
6086,0.978996939837937,0.8442429086682721
6087,0.8644800820890638,1.7625747361948783
6088,0.9049489779410186,1.7405199594802343
6089,0.8791608964538622,1.4691597790347934
6090,0.4662121557024478,0.8188519168945156
6091,1.1210678291900364,1.2733512735026888
6092,0.6380478825241658,1.7865060764543823
6093,0.6770386655122195,1.206944107518185
6094,0.9039822866139542,1.442699223228494
6095,1.4066892833270845,1.6074801895500415
6096,0.5052758140493212,1.4890435791719954
6097,0.3959833442819173,0.7259394818328357
6098,1.1055733061353592,1.2358128524554919
6099,1.199202483018084,1.636731192545414
6100,1.1371483165978673,1.6741961232899605
6101,0.8403331819342192,0.6412625980123947
6102,0.5499282479654326,1.4259353175945724
6103,0.9470819028069992,1.391394535223032
6104,0.7448625381253449,1.0604215238872972
6105,0.7078132000612649,0.735140219666385
6106,0.899547404085388,1.1919748429489174
6107,0.8725799612104054,1.24813876131314
6108,0.6970971309344365,1.4223951541608288
6109,0.651983395604318,1.4085022263561506
6110,0.22352650740658028,1.0442895964100978
6111,0.7522900211058956,1.7158916669349469
6112,1.3134198959030992,1.4963703257727177
6113,0.8492433428673473,1.2738035288497729
6114,0.7810210543411323,1.5582371139087958
6115,0.566884385391062,1.0905014210555184
6116,0.5638173583579014,1.1125457158964132
6117,0.5287977936131919,1.3798020842078196
6118,1.4749900659289823,1.2298074042041265
6119,0.83639022289868,0.9034836651597691
6120,0.5852786828502345,1.6654392106265503
6121,0.7237360482470057,1.3904308398277725
6122,0.5073520868207709,1.7326988832778496
6123,0.13836266612201817,1.6817993573979422
6124,0.6694708324932322,1.3620846247163312
6125,1.1399617812562246,1.3637602321211109
6126,0.5567600983686235,1.562594979612569
6127,0.3501994812434085,1.4143970012629732
6128,0.31917456320237036,1.2059763132064154
6129,0.6674086423507751,1.317537987078008
6130,1.2705304207939039,1.432005889802615
6131,0.18022726227437832,1.4415446648867318
6132,0.55044344756448,1.6153876601086854
6133,0.9380891156715061,1.6849877844028753
6134,0.813600866240135,1.0457977780204568
6135,0.9832291423595745,1.459719063467331
6136,0.4709025094102372,1.1329033606878882
6137,0.271479534514308,0.9607952679218674
6138,0.8590078296199134,1.3971654623796073
6139,0.7514149632800431,1.2634187112930606
6140,0.5269097685739054,1.5255412365422607
6141,0.5259173315776946,1.460692358873085
6142,0.5627214180172739,1.4139589445894991
6143,0.8070980534685036,1.6031407411374796
6144,0.7586941714578072,1.2715837972792425
6145,0.7741199054360632,1.6453945737407265
6146,0.755028446266348,1.0974406792328588
6147,1.6004441145204573,1.4496115946817507
6148,0.6404255299484509,1.427525866187405
6149,1.1896834974458166,1.593274993117265
6150,0.6736643842422528,1.337993077450827
6151,0.5400860807556397,1.2606417883366792
6152,0.7131895297348391,1.5226241269884195
6153,0.9325337513822385,1.6475836275078661
6154,0.5733024750711757,1.7144246146902142
6155,1.3248646965965671,1.3393759197566393
6156,0.6683587535389554,1.0753810882690642
6157,0.7474084763617969,1.1331936898797585
6158,0.8592720738048868,1.4233351265845648
6159,0.17966777998472877,1.3412995594526518
6160,0.7592070809187221,0.8259390833343787
6161,0.3780046507476756,1.3166651843160109
6162,0.6805521579058129,1.1018723219010829
6163,0.6830933303184004,1.5007707146334477
6164,0.8982696189918197,1.0359531770809225
6165,0.8656091606627393,1.2825997951174224
6166,0.4123712220820207,1.5664215900198255
6167,0.7781331012333503,1.729398715908694
6168,0.6161533929737373,1.6638548211142088
6169,0.7201006840895634,1.3327724010793522
6170,0.6483939569199846,1.5137773561615349
6171,0.3934585332995167,1.0947939197138519
6172,0.796653913551697,0.842307494908112
6173,0.630974784574101,1.0114048056593585
6174,0.7481319351646861,1.3478479233592684
6175,0.27517183635429054,1.6971093289767902
6176,1.3597595164365868,0.9536446292476741
6177,1.1831793824184373,0.9512620999998249
6178,0.7964447762732929,1.5293165482986604
6179,1.4127594669714627,1.454261272734148
6180,1.0029136759839437,0.8332466568781587
6181,0.47495322372188453,1.5165560503152882
6182,0.6437365690580226,1.46469380472764
6183,0.9917964006788739,1.72697996549614
6184,0.752347836286069,1.503961500881994
6185,0.3693492274340095,0.9717912901329138
6186,0.6064037275330172,1.332745258505574
6187,0.5722012789368536,1.5857873915232492
6188,0.8643239491730152,1.4607579061483704
6189,0.4685122730828377,1.3351425051191943
6190,0.6547209800372195,1.390961119288618
6191,1.0564658932195634,1.4647493858656966
6192,0.76470186794027,1.085652703289541
6193,0.5609994263103489,0.7844027265633284
6194,0.747155457864044,1.65415583477331
6195,0.7777201709938583,1.4052553515267427
6196,0.5683796575737354,1.4778159033535365
6197,0.5333397686952934,0.9129441131518445
6198,1.3299701119339227,1.134673007282383
6199,0.8706757282612659,1.3959288249282031
6200,0.8440604719039344,1.2730916180152039
6201,0.36886185135364824,1.1336566049131684
6202,0.6703095271883863,1.5049211658630934
6203,0.39325524642032345,1.240316982397349
6204,1.1083157397273153,0.8759061294254813
6205,1.1902759778616738,1.1301095864716983
6206,0.7605450987887006,0.8993901554702324
6207,1.0536450844966259,1.4839753514705096
6208,1.0454808640650575,1.5664592244016293
6209,1.1760980861570254,1.4021711683081728
6210,0.7211066080275327,1.0143549569927597
6211,0.7022778711037786,1.2975003226939292
6212,0.2502255069722454,1.391246199209022
6213,0.8636488776293367,1.47430436653294
6214,1.3318404953333274,1.1015980926680484
6215,0.7042649077642977,1.3490565988420946
6216,1.3492366386918238,1.3187441271179654
6217,0.6710021466632901,1.3583639271882793
6218,0.6946626522365371,0.7332515347427275
6219,0.30617221569913317,1.3039687575409316
6220,0.7617488571771439,1.581460277622919
6221,0.5344563114016526,0.6077641794631357
6222,0.9227712450351123,1.2523497425321608
6223,0.6167631210466166,1.0661466838225064
6224,0.45539333906485174,1.2841778951152327
6225,0.706044575942733,1.3616428891429697
6226,0.2892082976370317,1.4257614164682675
6227,0.2595461791030905,1.3671260385387882
6228,0.549203728930878,1.0311695037203141
6229,0.5525783252230394,1.50598283127032
6230,1.4808494070021254,1.4429037295787688
6231,0.7715028038723372,1.1593009901528264
6232,0.5694684590878221,1.1539949527214532
6233,0.5585693191127671,1.6215544026067348
6234,0.9005086636575046,1.8348679214916206
6235,0.5628943102429286,1.6991228047756404
6236,0.38294119059559245,1.4512865502541286
6237,1.0426845873046262,1.4912567601704725
6238,0.7483686903926802,1.3412471933247492
6239,0.30058807599105325,1.1874695990271191
6240,0.18631470643875497,1.6416541760271341
6241,1.2219866809008224,0.9479979998372448
6242,0.843450259060178,1.2704407013668977
6243,0.6740881234027306,1.616947092195055
6244,1.1244604933272622,1.22420035597449
6245,0.669084279612398,1.1902730876702905
6246,0.6336075143317599,0.8390071267037102
6247,1.1690474208309007,1.2809131252372874
6248,0.5516322406339775,1.3258532412876582
6249,0.8823984877160467,1.4105462809710003
6250,1.3483440424413102,0.9048796974971558
6251,0.806620474570063,1.7091758892258766
6252,0.7371244544594486,1.4077399013109388
6253,0.6204501326231062,0.970881375651379
6254,0.27341874062683214,1.6245759856995214
6255,0.5957810377363099,1.6603350081307258
6256,0.7750975407863272,1.7900836650458734
6257,0.37406672626562243,1.4836206780673655
6258,0.8764755635131201,1.1055076701059106
6259,0.41206427961478664,1.6050881175493763
6260,0.6189333445612912,1.2963543182173878
6261,0.815427112530004,1.0892313580752302
6262,0.687648747161807,1.62338378446146
6263,0.6063866252878997,0.8441732477287585
6264,0.6182065858179346,1.2922611667661792
6265,0.7875437009346382,1.8786639117582593
6266,0.7238057023093332,1.7360588336226916
6267,0.9352476059938075,0.8556643023607406
6268,0.8629554640043062,1.3453212751298003
6269,0.29158196538870595,0.8538197308072766
6270,0.502008462997463,1.315550201338651
6271,0.7704459647713475,1.4962407979058492
6272,1.100108540197772,1.252163447582113
6273,0.48088014895975134,1.2173785980189544
6274,0.4682989872474878,1.5613542990647065
6275,0.9714774415607046,0.9524985229358742
6276,1.2304152023499262,1.6551646853890305
6277,0.5427690668604287,1.2328167234440497
6278,0.7884411296518521,1.2758139436617453
6279,1.003394999996208,1.2881831118439944
6280,0.4643550042298494,0.8936416975700283
6281,0.3616747362016773,1.1669478401829034
6282,0.9141484734549982,1.6598777682844177
6283,0.565272624274173,1.3246154419370564
6284,0.8075908625403484,1.183565580489787
6285,0.3550329200245488,0.924893503311772
6286,0.42226725252273983,1.049123932872758
6287,0.8384153755996623,1.499508652717668
6288,0.5129967995377084,1.7655636314366818
6289,0.8829357824037577,1.7496859747368445
6290,0.625582479908789,1.3482041468683081
6291,0.598994049710686,1.2418200589457724
6292,0.8360146197270765,1.486649047192084
6293,0.5745418161165446,1.3620130019701322
6294,0.493242454635851,1.4317675525190598
6295,0.8320034984361364,1.2729290810022138
6296,1.1897357922941356,1.4084702710981942
6297,0.3320419226586051,1.1115801693100003
6298,0.8157898832846128,0.7986837782041849
6299,1.1893461366136062,1.6954675192088753
6300,0.2992173122488792,1.3600284259138065
6301,1.1345541755351531,1.048452925165756
6302,0.7575080822684871,1.2807626157438627
6303,0.3417403154377923,1.1428749676654468
6304,1.7271889060449612,1.625037565100306
6305,0.5257869894601129,0.8303081337883906
6306,0.5544159891187378,1.2628963907141433
6307,0.40507585173896404,0.8479751224358654
6308,0.9955404006529581,1.3709516507005264
6309,1.5744238768505645,1.7209251685307254
6310,0.5987259513325754,1.449002998728779
6311,0.7225150118895894,1.0532604381512123
6312,0.3306259603977804,1.2844004679837808
6313,0.6251211605324007,1.0199270440886692
6314,1.1738177209787273,1.5214387779108025
6315,0.827538357485259,1.8308791168075456
6316,0.4199739118968407,1.5535664744835138
6317,0.3827011644786894,1.0721388081763277
6318,0.5434975066906702,1.8824050497845841
6319,1.1371465044579876,1.2426341949769104
6320,0.4494437006444347,1.5821061047154426
6321,0.8089745004341954,1.7362830929295068
6322,0.9523462056764194,1.1837188022701446
6323,0.8014074985031406,1.365349687247142
6324,0.9730416590683376,1.0725308498729236
6325,0.3975418718316693,1.5244542205067093
6326,0.7507536778632528,1.3739282993671478
6327,0.3584472721556742,1.2223719352011266
6328,0.8929984085935474,1.8256287638059623
6329,0.9971002035998925,1.5780454061015416
6330,0.825044858974779,1.2043595053073402
6331,0.41715486427803794,1.2102163615609047
6332,0.9495674752493222,0.6004239547133641
6333,0.7446915731560785,0.9139954157768488
6334,0.5117110025636757,1.1322566397808362
6335,0.6040243599583129,1.18016806395479
6336,0.7200055891919191,1.6238038776578945
6337,0.7786046168664263,1.8800672694493035
6338,0.5240662486130786,1.7063848859362953
6339,0.594285272337993,1.3148462704864414
6340,1.239954063313538,1.592583212815725
6341,1.0277354314477878,1.5375770204228125
6342,0.5509410664544729,1.440742223245925
6343,0.7385129244451295,1.466502443222172
6344,1.1815608956990615,1.1822177277129398
6345,1.0118288200801018,0.9499387976205982
6346,0.21618625777153502,1.281366952534135
6347,0.679474212048649,1.2695197240041605
6348,0.7944084852872073,1.5310705592867224
6349,1.0611420896495325,1.3647602758144672
6350,0.581221719720301,1.7552914176030825
6351,0.5925057560605986,1.2892518425136914
6352,0.7737670494545774,1.7817616079305036
6353,0.5085748164679588,1.3894757417570214
6354,0.10146514161778783,1.2699497148998145
6355,0.6473418012052249,1.634547076382097
6356,0.7212086483895902,1.6000355841062348
6357,0.7534232189767882,1.499305744453478
6358,0.3671077981258268,1.7246053758295226
6359,0.5798941774594101,1.4365288879113063
6360,1.2680476709011517,1.5682141609406066
6361,0.821021899510284,1.5129397169242709
6362,1.0254815046403167,1.1882653003882484
6363,0.5691423790871837,0.976399342583421
6364,0.686254574866986,1.1995408183298304
6365,1.0052291962619082,1.1481510835558826
6366,0.8313202635851173,1.5132168164226154
6367,0.6925941287623218,1.6502185190457876
6368,1.319575416425499,1.3612485620597357
6369,0.8668597589070257,1.1376291354757022
6370,0.7709256153265345,1.302405693320333
6371,0.6971461371639337,0.7345926025515086
6372,0.9244133734414632,1.578380354074996
6373,1.1116992288991339,1.0100540446048363
6374,0.5337558683791845,1.2055845416510564
6375,0.7342593130059002,0.947637914186708
6376,0.790613298555744,1.2874055053379143
6377,1.1639531226378093,1.2457475393101085
6378,0.598688938702362,1.6033621814010701
6379,0.21723230722491552,1.6578818701574236
6380,0.7756824456944844,1.4431448707517047
6381,1.1216222367383148,1.7244325301252563
6382,0.5696016124738299,1.317069716449769
6383,0.7574874890990386,1.425012532555522
6384,0.7677994312557394,1.1195287065344954
6385,0.9164336349082145,1.6090547524806444
6386,1.236630205347118,1.118317972138645
6387,0.7764703991757802,1.4985325216913017
6388,0.7527180848471071,1.1153161199892514
6389,0.8442117440239116,1.1927137789642375
6390,0.6501854091983221,1.523836921948671
6391,0.45805392131007966,1.0335787180985867
6392,0.7734310123418972,1.432416619168781
6393,0.26988259051041286,1.3345163399552475
6394,0.5667881559112318,1.283749162848205
6395,0.5798568910248484,1.5303470189400663
6396,0.8797339511004733,1.7594811150936018
6397,0.5653324478147429,1.049753375276825
6398,0.5283236787991823,1.2988283756516266
6399,0.6384460994718314,1.483474242750615
6400,0.5485390598455423,1.589259096064505
6401,1.0750550657796452,0.6910668561965256
6402,0.7560248000026751,0.9277268344845147
6403,0.5594573758905463,1.529467974737921
6404,0.8042095550247034,0.7483332756301093
6405,0.9271619861603186,1.2377400942929677
6406,0.704313733367494,1.3093352287135196
6407,0.628399961177782,1.5216949841821206
6408,0.7630222346426745,1.6825943576865647
6409,0.7005738456442728,1.2685565952394091
6410,0.6390210101203586,0.7356660965841411
6411,0.37368174985270985,1.1885716480679998
6412,0.4459483629612137,1.3890330980931551
6413,0.773734213337019,1.23538750874688
6414,0.5683283356091192,1.5970683969801938
6415,0.9749763908604282,1.440863992747813
6416,1.242666373375979,1.22285947413771
6417,0.4978799581369598,0.7790759816507098
6418,0.24023747781326704,1.2285941885859368
6419,0.5858489441964766,1.6621709641750297
6420,0.9933496908866944,1.414679773048008
6421,0.8468242278658269,1.5292749869660631
6422,0.7203374799996285,1.6558363633944149
6423,0.3427358096159616,1.1674103827008389
6424,0.35339648549513497,0.8143360376833719
6425,0.34329957336421874,1.313218472031051
6426,0.7184473744456165,1.2585274591558462
6427,0.7121000596737342,1.5395335483999302
6428,1.0976749240292598,1.3098382366862311
6429,0.629137831940941,1.4431958455352163
6430,0.8082744786700478,1.8063404259116542
6431,0.9157782954470298,1.774801486778199
6432,0.7287889995864814,1.675107170772525
6433,1.0715868188947353,1.6000078639955566
6434,0.7417499620661226,1.3277949096400041
6435,0.8184458707476656,0.6883796812519829
6436,1.2298258524875563,0.3816375522046209
6437,0.26065409663042227,1.2665729034230935
6438,0.5562873419823098,1.0711220280986833
6439,0.7085663817143486,1.5768057178079555
6440,0.9876359807032309,1.4619144462061817
6441,1.3366564691023564,1.485199010840963
6442,0.4504786387172817,1.3357970458652346
6443,0.39244560902744235,1.4671779388313542
6444,1.0068367776779892,1.5149007915220287
6445,0.5592453429175611,0.9648010135550331
6446,0.7409253071521106,1.2914737414270843
6447,0.8159328374801148,1.2289060946267312
6448,0.42888223976767226,1.4078720192527236
6449,0.35905677161220095,1.7226489144590822
6450,0.7980973162253199,1.6883955600349634
6451,0.32330522632349135,1.5004053882082287
6452,0.9723248240217204,1.727884408295217
6453,0.682125953537255,1.4582509320152202
6454,1.2999905776397807,1.0940168721208126
6455,0.7582511322301129,1.7508344781361593
6456,0.6946809457294282,1.1189893159575905
6457,0.5166181485846069,0.8516639140625302
6458,0.7761288428087912,1.262545991138367
6459,0.42771770295064804,1.681965311599574
6460,0.7234974628225281,1.5632420042908928
6461,1.355100916753513,1.2634793127937456
6462,0.96682207209002,1.4370870075997728
6463,1.1532842184491692,1.3911205468366452
6464,1.0898828980588524,1.3990421347398498
6465,0.3514919454850659,1.3302022228133257
6466,1.0679821806339664,1.5197369316012006
6467,0.31314442376903373,1.3435341686317295
6468,1.086802988331351,0.9782380438189167
6469,0.7613028312122904,1.606764322531884
6470,0.8069352218726578,1.7565649108723345
6471,1.1654753399040803,0.8808598236196978
6472,0.25022886429285346,1.220003266085139
6473,0.5731304543084195,1.3547107421685602
6474,0.31622124965013265,0.8836231585869481
6475,0.6063471195911184,1.1027397252194033
6476,1.1664158927549568,1.738487184448044
6477,0.4684220755032082,1.2997192997261298
6478,0.6157515680408415,1.4298715770688097
6479,0.750049863822945,1.4602613838692973
6480,0.8129210023804241,1.1993428075214516
6481,0.9410086977039736,1.5486070602375848
6482,0.5514953281885094,1.4536052391393168
6483,0.6928142350209703,1.1607553629702034
6484,0.8323850132604118,0.9555534898276172
6485,0.34096735654088356,1.304096510552446
6486,0.5730669982545663,1.0472570755387158
6487,0.4254757622662336,1.2961987984063512
6488,1.3771952835000563,1.5753671101447857
6489,0.27274230399645294,1.3962361762307673
6490,0.8747309854711451,1.1596175953911874
6491,0.9958054718429691,1.244752732712022
6492,1.1699784123913077,1.1584529937684969
6493,0.9420532800783936,1.3595612738235463
6494,0.6872776254501077,1.01647055720328
6495,0.8517867887130616,1.40624608665585
6496,0.49912227315933244,1.3907384337590223
6497,1.4090279933626872,1.3985601335070195
6498,0.9250427216148935,1.42104558226415
6499,1.4332632412748183,1.2380089125522231
6500,1.069484793933402,1.720749887104096
6501,0.3612288758626977,1.8368120650068884
6502,0.9880024281769002,1.4114907879374927
6503,1.14060068716392,1.3283714479823145
6504,1.009081697594525,1.0006696962051613
6505,0.5225356897555775,1.448729298061635
6506,0.7895636888710577,1.7636277180778062
6507,0.6936924681492317,0.8014908659070294
6508,1.275382946491248,1.4334594305255508
6509,1.3283478953902534,1.2861572470379956
6510,1.0847544709354682,1.1460292604655882
6511,1.0643372458485338,1.5103236344070377
6512,0.738074331429301,1.3727008838556034
6513,0.9889633525576605,0.8935515428086129
6514,0.8557031489782085,0.8142827204573617
6515,0.2808537866365805,1.617111746889029
6516,0.9025927075041157,1.185265211071717
6517,0.30016053147075383,0.9565974404599726
6518,0.3317858914965705,1.4016867074748673
6519,0.6474067493065999,1.530543653478427
6520,1.2901573560370492,1.7670183076161166
6521,1.3288235443001204,1.2954653446244744
6522,0.7447202244242045,1.3454410186223118
6523,0.5707094486856054,1.2707409301326607
6524,1.083041605543165,1.4368722629515975
6525,0.7181807826988461,1.1956922871230304
6526,1.3878480437563712,1.4124578215222003
6527,0.5654445843147159,1.6886187694685626
6528,1.041587572581032,1.3432918476004259
6529,0.38823178412068354,1.1738888719806866
6530,0.4133143949355615,1.3380972309472912
6531,0.2739372567987008,1.6415099911340776
6532,0.5915868401487772,1.3686153939592791
6533,0.7855980559150821,1.9046260028610003
6534,1.2057271499098796,1.4612100359632905
6535,0.9537210781490001,1.6966803298832527
6536,0.17519824886094235,1.6736298372686185
6537,1.1773772480825349,1.412026803213474
6538,0.7433656163689163,1.3390528894271405
6539,0.9309451584915266,1.4247937305989793
6540,1.086962808798407,1.4998654608873507
6541,1.1183141686733988,1.4229364629727401
6542,1.1617474600356554,1.372898098061079
6543,0.563409096540464,1.5132141731638422
6544,0.6654984035841808,1.8258943629724536
6545,0.4609648690423564,1.7573281711499176
6546,0.9532247984063024,1.0962097029399276
6547,0.8449561767891358,1.7367651034826888
6548,0.6995927913800822,1.3734580669290928
6549,0.888629780493287,1.3697132481796528
6550,0.7887498007178902,1.4418554930973904
6551,0.2308089590194195,0.693779454909105
6552,1.0140211833362878,1.2605352840847477
6553,0.735522319797527,1.832349140927357
6554,0.7549446226094522,0.524407308606063
6555,1.0823194626714558,1.4102506326576956
6556,1.0354469615051338,1.5073455515793897
6557,0.5270740269455967,1.3239795847819558
6558,0.952495343907127,1.5151409506998084
6559,0.3484245010033343,1.1165520339888593
6560,0.9319538139577123,0.49122885263783633
6561,0.9928020611839301,1.0790431235967093
6562,0.8030171474095364,1.095672979637808
6563,0.7651060244299447,1.104551207860186
6564,1.0271248058736124,1.264712046622018
6565,0.47343282531154296,1.689254386169965
6566,0.5194431615423332,1.6014590713445362
6567,0.6462628470411315,1.6913393673465316
6568,0.6964613023287591,0.9017969019836354
6569,1.0002354104715447,1.0157486552456234
6570,0.6563034198856406,1.4419324527740247
6571,0.47335001728063,1.1678782498768612
6572,0.42462858848696455,1.3663112812381124
6573,0.7122328384921478,0.7366071701171253
6574,0.2918801012460083,1.8612344628065203
6575,0.04930227484224179,1.483804690008445
6576,0.48480002172166103,1.552377624330771
6577,0.4930633091884979,1.3713089211589609
6578,0.8164022659214789,1.6720842916985847
6579,0.581553282512958,1.2845630468726668
6580,1.1791256899211233,1.155373297123969
6581,0.5222594429973346,1.086170971643095
6582,1.000769131017918,0.9669936334636615
6583,0.5798757220935559,1.2015678206799973
6584,0.41686494423446796,1.689588138163848
6585,1.2875251039841122,1.300656397849741
6586,0.872746806713986,1.4908171551078229
6587,0.5694950965251169,1.2463147470889433
6588,1.0164075374249972,1.5896660521287052
6589,1.351240187431829,1.1340989179734682
6590,0.7606696182675305,1.4820443135076473
6591,0.5160030740413769,1.4865879014082153
6592,1.1570677862226961,1.5919792149597738
6593,0.6911294138725306,1.6091452253924055
6594,0.9625829300804023,1.1505211132266946
6595,1.3354787267871489,1.225335657808254
6596,0.6065911228221841,1.3696851530153822
6597,0.5316877156543952,0.8798581238477827
6598,0.874473750897683,1.3478819638695334
6599,1.2549414828703236,1.6011029309892972
6600,0.615798915123821,1.5351334503484648
6601,0.9940185816772444,1.670699900701607
6602,0.7058225685457293,1.738820599008971
6603,0.7470084827535021,1.3955815805014942
6604,0.6073241170303727,1.5355143149972164
6605,0.8673193418040689,1.4787031847166388
6606,0.8750119867126086,1.3526721629821217
6607,0.6484672751765627,1.4752357875907223
6608,0.5324833100456244,1.7443701425029439
6609,0.7808771107376646,1.254986752208386
6610,0.5603334606492474,1.6204632379363213
6611,1.0297121228332087,1.131545378125964
6612,1.0455778951353136,1.5737814437488045
6613,0.6267080861369195,1.3342802023477867
6614,1.0193272562455626,1.25841653454833
6615,1.079068157395494,1.5239860780433914
6616,0.3998584137938492,1.2661352558303838
6617,0.5100119485001129,1.1378741882137726
6618,0.23323080933392723,1.4754411724136722
6619,0.9281669049094917,1.181376599353442
6620,0.5528501982378654,1.0434165876207842
6621,0.48050352310340705,1.4771128809931726
6622,0.7950630334828395,1.2041775077038395
6623,1.1199798096507794,1.1712486094055339
6624,0.3116351565740968,1.2035647711103197
6625,1.4646401188882245,1.1893219945151996
6626,1.3673036705582422,1.3058882043240756
6627,0.23035831297398304,0.7992013740528374
6628,0.32629935103366714,1.3195542535581994
6629,0.9671374176927354,1.469989612496179
6630,0.22166999782425717,1.511486382339839
6631,0.9123951165128419,1.2327810532985355
6632,0.4704494754750922,1.1451755799931225
6633,0.6536657021914474,1.46038511477893
6634,0.6267728730984193,1.1935918031883568
6635,0.6693490931711995,1.7281556385544963
6636,0.7368530484631397,1.5792529280301166
6637,0.13962611053408844,1.4178966116033558
6638,1.0883106836245542,1.6276410000766766
6639,0.6459701820961403,1.403501074260131
6640,0.4214663906903842,1.3903373982981027
6641,1.1334680919214977,1.1588201031698162
6642,1.1125023840915411,0.9697487917527619
6643,1.3052403068580503,1.2497250066083936
6644,0.5759017377002885,1.0605799239186107
6645,0.2358996576720667,0.7452019265175007
6646,0.42652375215153915,1.479210440828663
6647,0.7502482813287596,1.2133323660377997
6648,0.3711207991607107,1.063765011666359
6649,0.7962819164346021,0.5715142590099282
6650,0.5531049343987869,1.7940712301841117
6651,0.9246640208374275,1.4581420056373884
6652,0.8993717595832869,1.262039617637793
6653,0.736476661122377,1.4133130094711106
6654,0.49396453554767206,1.782002628726572
6655,1.122385057889097,1.291279717821654
6656,0.6164294659750518,1.4448928788421815
6657,0.5361404314527728,1.749335529591451
6658,0.2876578872338756,1.3042070538077324
6659,0.8376272408439036,0.9408379135470188
6660,0.8001012151729051,1.4460957754666137
6661,0.7864307178300438,1.6403345869500652
6662,0.67386475441709,1.1752159654897754
6663,0.9434665705325724,1.6422428032647411
6664,1.424892811704046,1.1883128441149708
6665,0.5154223316072565,1.430896615493561
6666,0.806641163647816,1.4209461527784506
6667,1.7084468847011978,0.9409761958747902
6668,0.5275194488270474,1.6302585712271298
6669,1.2937959358357072,1.644875244363558
6670,0.664550842243045,1.8095521497066749
6671,0.9543789001995244,0.8344997127999989
6672,0.22337382516246598,1.5040184318570076
6673,0.43765556223360186,1.3420892393293298
6674,0.3986916447308951,1.9131798598699814
6675,0.44593519847806595,1.2747802048074652
6676,1.072787497575561,1.845060258592088
6677,1.0862224548969108,1.2884636216540017
6678,0.879129412926819,1.1379236043520526
6679,0.6623684082732776,1.4446003707240915
6680,0.8485925494189561,1.2034867993535303
6681,1.0856669074194158,1.0426894657873842
6682,0.8061187836155617,1.3602803412263005
6683,0.8151181631363794,1.5129148279821907
6684,0.456469463809381,0.9914854863321974
6685,1.3172970182149728,1.1789944279887279
6686,0.7104106912915982,1.3296809357557633
6687,0.8965293102652812,1.0520207394207537
6688,0.5274497464158535,1.312435979327794
6689,0.9356807298796499,1.3662765089690523
6690,1.143742382417626,1.5343835336347298
6691,1.070387477904658,1.138413143252245
6692,0.30904973045652756,1.1326279849361116
6693,0.4561204276433658,1.5055933285903464
6694,0.5837104747718388,0.5681140295297207
6695,0.5031087381270131,1.1914811248600623
6696,0.37192320472688684,0.9247704970928632
6697,0.942503745855536,1.602611501088832
6698,0.943461406904975,0.8199034220171393
6699,0.7400089371149601,1.6853569955513055
6700,0.5905245273847537,1.6813452436357148
6701,0.6928816590758474,1.6930122997522254
6702,0.6051420855256717,1.4109339304345045
6703,0.3647447046573174,1.4295209747223048
6704,0.6401730963064295,1.3133936903005368
6705,1.1604501036775914,1.589220285214559
6706,1.119370061456492,1.0751512927823617
6707,0.7337477092433847,1.22857965856819
6708,0.9443637126307333,1.4989146834354647
6709,0.7584784390528558,1.2128583505906698
6710,0.7555044051114328,1.4393149181609692
6711,0.7627704982650778,0.7944320435182635
6712,0.3424457214186821,1.2433436028644844
6713,0.9250853061654924,1.3804090502190385
6714,0.9612082342291617,1.3426922571530406
6715,0.7094235694128109,0.9374599457143609
6716,0.5966411086506855,1.1503475255813018
6717,1.0033896442920534,1.521271660917667
6718,0.21723239705412553,1.4209070533014458
6719,0.8287626295519938,1.1985942236725446
6720,0.6961896290122814,1.4937171309380601
6721,0.8324460806916746,0.4082764384084183
6722,0.9449173004294723,1.1756134365554223
6723,0.7348389059456052,1.18509236107454
6724,0.4110356351276567,1.1479614247529146
6725,0.5740757915634552,1.3099922206392172
6726,0.3954003721800149,1.2449491289789125
6727,0.8341188845143159,1.6263342159930858
6728,0.9486111889064396,1.4037811091939876
6729,0.40395165928460375,1.3004326982962562
6730,0.6831803549639858,1.5022152287481487
6731,0.2660319489136871,1.5089969075519392
6732,0.6174658424971369,1.5562285053107938
6733,0.8710201620004032,1.4835268183227965
6734,0.7561815257273821,1.4508932871516929
6735,0.8873404396782584,1.1220277181924776
6736,0.7617089313903215,1.5555913817918237
6737,1.1718024758436183,1.5013330253072337
6738,0.7280979700607157,1.6606931848443163
6739,0.8063093449752081,1.2332573806005946
6740,0.8816726046549509,1.4402785106667317
6741,0.8932312779661673,1.7780974920906707
6742,0.46747470438602634,1.3469813831447475
6743,0.9960320630979641,1.243687990766807
6744,0.5093540040811293,1.5537511959812762
6745,0.40006921924963806,1.309134031164188
6746,0.45933514748763415,1.3079267064279976
6747,1.0605098482099795,1.7537991625781175
6748,0.5524355575077361,1.2048094188209273
6749,0.7717527196024475,0.5273956999828784
6750,0.839945686384558,1.5538153449155303
6751,0.6883426971990563,1.075749741435684
6752,0.7282224331625092,1.4228729158796296
6753,0.8884319558355268,1.4324138795913588
6754,0.8721620623018826,1.3769551719641466
6755,1.086625102022634,1.2922742062076065
6756,0.7448762760244471,1.4693493839889564
6757,0.7255385826361443,1.0995254558673073
6758,0.9501086581325958,1.5253775571711972
6759,0.671905619506965,1.2795642821710889
6760,0.3650578881315841,1.6350750171915323
6761,0.3603358148840033,1.5701680314468005
6762,0.7654681113623648,1.318052258968422
6763,0.27124100314580313,1.195642697954336
6764,1.0053323761657051,1.3701062652627665
6765,1.1399562978703652,1.0083490511749251
6766,0.06275200678511209,0.8920483135872066
6767,0.8591134637040169,0.8642169252865395
6768,0.8646190090454662,0.9304805381825203
6769,0.8561223213753211,1.332768553906124
6770,0.49680476584502503,1.3439060214386656
6771,0.764782300503608,1.5766403960159743
6772,0.5626141577253521,1.2572191799003565
6773,0.44133110952749166,0.9254948885806413
6774,0.8241430286730492,1.362142286347466
6775,0.6981153563181596,1.306914902555129
6776,1.1160609038452174,1.1737864305814871
6777,0.8037697621625832,1.7491246685814241
6778,1.1959713124798723,1.1299303996336643
6779,0.5049726183381328,1.1603158704303151
6780,0.7073029887639015,1.3939970083765423
6781,0.8328028213768307,1.6418734515272417
6782,1.000450902878176,1.3092736953743347
6783,0.4339174482798518,1.2085996762487161
6784,0.4618526724631527,1.2253680406682308
6785,0.27784876500958583,1.7229891759536868
6786,0.9574892772624679,1.220542828355453
6787,0.7450681987079373,1.698379160422187
6788,0.9377115973389373,1.1676371697210994
6789,0.8865191464920201,0.7972122363206793
6790,0.8932146821722661,0.9013945524678979
6791,0.7619227853000881,1.2813156943579318
6792,1.32754201213111,1.5381811384673019
6793,1.0483351302975057,1.2664665410647031
6794,0.6473731998925252,1.5733816811019723
6795,1.0177305230590432,1.4098480456874105
6796,0.8247039270431709,1.0619257598927168
6797,0.645760660547292,1.2624381987157798
6798,0.3356999065959521,1.5661079666464952
6799,0.7398154628005954,0.7347535517458552
6800,1.2451040438073857,1.666050805264621
6801,0.990862909154534,1.4087998334337022
6802,1.3024988145928844,1.2549268778723341
6803,1.0258859079552536,1.323293331842463
6804,0.617865620591731,0.7359875900661401
6805,1.0159567266991383,1.474538719240169
6806,1.139353484069148,1.3103509792049166
6807,0.4268568692952918,1.1931317454431989
6808,0.6991022450440124,1.4707831446528417
6809,0.6000788612766282,1.194045816419774
6810,0.32168943077827944,1.5916258605062767
6811,0.7279171418298189,1.2683342991757725
6812,0.6476327381703249,1.0019497385831535
6813,1.1012817309735052,1.631099896001872
6814,0.21453497538953256,1.2437533901596949
6815,0.889732746036539,0.8230656570894963
6816,0.6127387795226541,1.1293890390664294
6817,0.9173666324903985,1.717641880878314
6818,0.9959421623629003,0.9183277489634272
6819,0.9948606358622171,1.3806621341064484
6820,0.4994483138705791,1.1810533114076756
6821,1.002680570586845,1.316428545496881
6822,0.7612292014315365,1.4044125859823375
6823,0.9239330043915253,1.5139228260975264
6824,0.721008761276806,1.503117555775733
6825,1.1519534403068732,1.5863943467221395
6826,0.8928592525620144,1.6473599407665191
6827,0.564357736684947,1.7607356504055638
6828,0.809691861717025,1.335606870870408
6829,0.8769212753628072,1.0941577477308875
6830,0.7183647522510934,1.1520818131478747
6831,0.8923709211689637,1.5567643438746805
6832,0.6471579691892295,1.5247395211724404
6833,0.2954727867843148,1.2802207696850871
6834,0.7504442601201318,1.1534538883912777
6835,0.2204210745783817,1.2546721471086903
6836,0.6577307640445752,1.3870921248418462
6837,0.6072041497256793,1.0662215033479003
6838,0.9985194145752582,1.770314700305464
6839,0.20720579324884073,1.3310550315847665
6840,0.34040340425268006,0.8481160682736222
6841,0.6587270215702695,1.2560698933690404
6842,0.5895825967219248,1.3793829555291963
6843,0.7742055637014138,1.49400184467417
6844,0.8846353189016883,1.7078838866312684
6845,0.5604165696764961,1.3047882503587498
6846,0.6730693794824911,0.7035043518872259
6847,0.44204203664249353,1.8872190672968767
6848,0.15871551338989923,1.32822485395668
6849,0.5742262362652703,1.4553363779139685
6850,0.43325684433888856,1.5108135646390937
6851,0.5279466941774611,1.0726648789980142
6852,0.31348606953112634,1.3532238996559245
6853,0.4433367444455712,1.1648101969480567
6854,0.8427818978336828,0.9825646375458708
6855,0.5813356393980879,1.697636053073979
6856,0.6657204251588512,1.291964665784434
6857,0.9044517925458226,1.367529769087939
6858,0.6758982105531103,1.0425063540083412
6859,0.4949483778079293,1.1177592124843567
6860,0.9270920914844472,1.6858042923459513
6861,0.8057949331295517,1.479555339472923
6862,0.7769276092271261,1.4600900165496595
6863,0.6735783302995332,1.6738481659730815
6864,0.9548457004603681,1.090401373510875
6865,1.3555411324121065,1.3350007213378507
6866,1.092165013987059,1.5469578469264054
6867,1.0421582033624182,1.3523771875710193
6868,0.7966442846467436,1.2240421783673119
6869,0.9388768721566524,1.1313219556640872
6870,0.7792309300672625,0.7736265384464032
6871,0.5878744105988021,1.3431025286668579
6872,0.826678328731468,1.1586857892812557
6873,1.1120858969988703,1.255513831306903
6874,0.6617414230914698,1.8303547981734882
6875,1.3215996566717307,1.279893461406349
6876,0.6415353698348587,1.2556575085837918
6877,0.5994085017776366,0.8859262413952034
6878,1.4178908301995796,1.1850697009513174
6879,0.713131536552927,0.7217692908239539
6880,0.631462736231068,1.4458997120184431
6881,0.8683409061224443,1.4649558241676504
6882,1.1264582503702227,1.1332518024044291
6883,1.1827216766622044,1.390424897691714
6884,0.33905259217263783,1.549231390415201
6885,0.9239537891533873,1.178949348728072
6886,0.7892014671747346,1.5337116156635533
6887,0.6709367604926616,1.54163431498233
6888,0.4218421961502381,1.1990370746962142
6889,0.4596901074193901,1.4239556665105273
6890,0.8424996636021985,0.950383596985444
6891,0.587209839623408,0.7736508237151987
6892,0.8441072190500932,1.5628088886861038
6893,0.213033955619349,1.443214954155267
6894,0.8362123844407613,1.5514832321323728
6895,0.676993895134121,1.3562174069486663
6896,0.3697287552465296,0.8370825659281669
6897,0.8419462980676576,0.8518800845978634
6898,0.815522452057552,1.1650311752841582
6899,1.0464405523949847,0.6397912046981518
6900,0.7981712005975521,1.3845378647977338
6901,0.5854849526799237,1.2168730855119547
6902,0.8310284577761085,1.1943618214888787
6903,0.8128868954958154,1.4725497036414361
6904,0.6927004975688543,1.115878520996013
6905,1.1253027654008416,0.9712542937159627
6906,0.5654209612182024,1.0392006340412308
6907,0.7815184999918496,1.5434750189244888
6908,0.1358394002738703,1.3077262879468683
6909,0.2755648229999221,1.2219981108277675
6910,1.276280559196425,1.513579878314082
6911,0.5626285459468479,0.9437512781516768
6912,0.44959309099557077,1.782269712984904
6913,1.2938699380630883,1.0180116109535664
6914,0.5292324396664273,1.0501384783756182
6915,0.6978702117335095,1.2200712148212052
6916,0.49852894184451907,1.5473925713417485
6917,0.2668549047406039,1.4875694431023638
6918,0.8835615483858065,1.6402713131114728
6919,0.8378700946235841,0.9971971621727853
6920,0.8342290687505322,1.0686690164536383
6921,0.37193871440294823,1.4022847151005025
6922,0.6808467614318587,1.2461298778263914
6923,0.6435745687542105,1.1393727084146277
6924,0.6992378960667486,1.4219344208444702
6925,1.1154222986994637,1.7502314913951744
6926,0.8228061821935967,1.403972725315254
6927,1.2515311322439475,1.1741566791662232
6928,0.9424734227091986,1.2873186546767874
6929,1.513529453797867,0.9781326381655271
6930,0.5518148937172624,0.7798866724387405
6931,1.092240615245895,1.4472880696534731
6932,1.129534650344913,1.000841075171482
6933,0.8262544050838494,1.5512839307679147
6934,0.9606334783486693,1.3876384173658038
6935,0.9065846726752738,1.065096392873706
6936,0.8789688190397795,1.648647550864812
6937,0.6404718628595379,1.4682601842601581
6938,0.7068874071302588,1.5296780829602314
6939,0.9562681582408783,1.4340914350799525
6940,0.5216102564856601,1.7640438498479245
6941,1.0376915215986977,1.2985305825729485
6942,0.48448096013130587,1.0042963117912937
6943,0.9065027481310531,1.3732239879623296
6944,0.9025488206263902,0.5852733095354539
6945,0.8748121866160912,1.590205169849704
6946,0.7622042255225385,1.539590988560212
6947,0.5810968394254041,1.7103012781207034
6948,1.0593287474003983,1.4473185189030646
6949,0.6801778437663205,0.8753568568836949
6950,0.7714842498058783,1.103874507905977
6951,0.5958001229626861,1.340564022432459
6952,1.2165728847027137,1.3396687496598565
6953,0.7080637401680014,1.0742215217066091
6954,0.6017700233902935,1.2906353019219143
6955,0.7690100982174012,1.0604969933762702
6956,1.1556955411708472,1.5560682470900171
6957,0.522948292068048,1.4678733992109998
6958,0.8967347509371104,0.9690568686767258
6959,0.6256787310004109,1.24191673663086
6960,0.6909316565931869,1.657567032699616
6961,0.7189677529686573,0.4130719993982046
6962,0.5518609883477344,1.0511504230794741
6963,0.806491076857703,1.328821036150268
6964,0.9568235609301653,1.144286686367393
6965,0.7605197475460509,1.546591098998979
6966,0.8971067185982721,1.4231550178129475
6967,0.7223452043081062,1.4922886735773928
6968,0.788379238390234,0.8315752925055437
6969,0.5022548489994131,1.7339848129697777
6970,1.3300551175186248,0.9920458613761047
6971,0.7633195067061563,1.304428883489157
6972,0.7040657887705954,1.5221243912942986
6973,0.9745216610678278,1.5185517057048108
6974,0.9964649880419889,1.4255607307488378
6975,0.609832053074139,1.462909280743585
6976,0.8781746509233688,1.49413197017692
6977,0.26665945060015966,1.6389424630074985
6978,0.7885657252144898,1.1295808822226587
6979,0.33247652722192605,1.6594675610154295
6980,1.39829575572286,1.6018448203586217
6981,0.7457273991337826,1.2227491537628654
6982,0.2725802830790909,0.9058449653349732
6983,0.8646084803368392,0.7163514216690425
6984,0.9142704886679425,1.5790839616944714
6985,0.9433616983151413,1.4784714769417526
6986,0.47934305693107176,1.532267862565281
6987,1.156697336523578,1.1473355825487408
6988,0.690207443343009,1.4936242465145917
6989,0.9115880848496984,1.2028778735763073
6990,1.0226142575357005,1.6449456061922016
6991,0.5647375159432194,1.670014494497859
6992,0.6893900209574807,1.3565680660048953
6993,0.8206592623642014,1.4361452423977537
6994,0.9604866012325279,0.937967379823577
6995,0.882756820549791,1.110099853815829
6996,0.3959134627337358,1.4592479482905922
6997,1.1124301440345108,0.7740203467893894
6998,0.5268068060347771,1.1079238996121812
6999,0.6009232270650037,1.3471019351861733
7000,0.9835059677109667,1.2784830084773184
7001,0.44742151653720846,1.5325346979231862
7002,0.26647930220721183,1.1849672832569818
7003,0.5084508427593077,1.0232283154676836
7004,1.181856634722918,1.368098816427259
7005,0.8734738519688371,1.4727724719537534
7006,0.7361312195583876,1.1651309118290207
7007,0.7131621618839524,1.6408424565392652
7008,0.7845544525151243,1.5602243620392835
7009,0.7045383332124214,1.6523844473769915
7010,0.516143239405728,1.4605247801806631
7011,1.2458463441090353,1.2004569995623537
7012,0.6222068134731845,1.558962173353314
7013,0.5530902945688445,1.581494662637659
7014,1.0647089536763095,1.4005141634009544
7015,0.728188288904085,1.1512551831969848
7016,0.8588762855832351,1.4982391032642262
7017,0.7542770293769281,1.2310087098730653
7018,1.0905295522446492,1.0132586022474408
7019,0.5469454593598306,1.1121223182644842
7020,0.5458919757320982,1.0330351572468186
7021,0.7165411348906591,1.4542616806137905
7022,0.8711298161179665,1.2810237751323896
7023,0.4237691965685671,1.5087427856155147
7024,1.0061675276324342,1.3993955291615843
7025,0.9679548426537452,1.726073034173897
7026,0.8637331421628106,0.9135234142037136
7027,1.6086715723605856,1.7039869561021392
7028,0.6050144429321985,1.4919106112412368
7029,0.6433931014772923,1.4823054606114265
7030,1.1109090078996984,1.0115741968736183
7031,0.5775777059314049,1.663535101741902
7032,0.36072082093339697,1.4242605868040195
7033,0.8690961277411325,1.20178198722249
7034,1.0118119245594919,1.4865598657532773
7035,0.857230417963332,1.5933130813962129
7036,1.0070669502713558,1.2497096459435935
7037,0.9054399507580658,1.2480666691736921
7038,1.1550986066609141,0.9427456285227096
7039,0.6217104481461817,1.3553566466406533
7040,0.58419532771395,1.7412639264979488
7041,0.44323733394993525,1.5001935014000674
7042,0.45663736461862137,1.5235785149859307
7043,0.6653590976477974,1.4816738224988897
7044,0.6741066674260721,1.1739279268063347
7045,0.5521844514399187,1.3324091690649407
7046,0.8318082235298129,1.4808177795423525
7047,1.083048111254745,1.4072793622744575
7048,0.9812657762695457,1.4926810466835492
7049,0.7571928545773398,1.44567509457556
7050,0.21388784079734285,1.5419653461633536
7051,0.7557599977794643,1.390406215821241
7052,0.5156414237821824,1.53324972739467
7053,0.4206218139012547,1.3383285063839243
7054,1.376651775136825,1.2229014431687402
7055,0.8087688204614882,1.5025678504216984
7056,1.0317926452688684,1.2239466202564748
7057,0.37639827368549944,1.268449988773007
7058,0.3341505892078726,1.5090422896312252
7059,1.1377689190803455,1.6010121272525444
7060,0.9543748214154806,1.112892855058647
7061,0.372687322901571,1.3292516588333885
7062,0.7457180465329794,1.519628040219979
7063,1.4041311159651173,1.5888906778914234
7064,0.32713337910243434,1.1809891079097505
7065,1.2478402729266063,1.1984546318845188
7066,0.5683888252622815,1.3378896243054355
7067,1.222004152101693,1.4043039132566029
7068,1.0488545393298832,1.044315091193627
7069,0.3712379825203847,1.3108700338727282
7070,1.2692278858918982,1.64710588075237
7071,0.6034545471288996,1.404579747751142
7072,0.6298127368926941,1.348582322640042
7073,0.8330870000402429,1.2965246288346322
7074,0.9333819977299113,1.5550285295276471
7075,0.9775674643572262,0.8254061649680133
7076,1.272021264989427,1.5047810098091565
7077,0.615208176476212,1.1778236903180628
7078,0.7934025969635232,1.4743299155754543
7079,0.869610532833846,1.183444956857358
7080,0.9217335497801943,1.753334683858684
7081,1.0212589820791196,0.9575931482428803
7082,0.6709183540995045,1.3620814691385368
7083,0.733059026450481,0.7991713293258726
7084,0.47100969721275704,1.6454703506852866
7085,1.5285412964001301,1.3384675620182922
7086,1.0992572588844056,1.4752115854170116
7087,0.8790838155922264,1.2002862178762317
7088,0.6625738932672015,1.5562559819085378
7089,0.9833308775538595,1.7652925884804331
7090,0.7255439245501701,1.1007324245354404
7091,0.3001730437726883,1.0916365396205983
7092,0.5477340980962463,0.8742669975638082
7093,0.15495337037998072,0.9596658941807077
7094,0.7948480535806759,0.9665391357609772
7095,0.3708383384138865,1.9209925558891514
7096,1.0526393747062428,1.3475472210679267
7097,0.8832595837160389,1.1663091733471576
7098,0.6476731250755283,1.303797385523927
7099,1.1911253660342507,1.8116925147559413
7100,0.5874269534510039,1.5322342222803584
7101,0.7862249352122544,1.3264664337685628
7102,0.5172093359141829,1.1191924806527112
7103,0.6766833941904918,1.4796365231947224
7104,0.38047718081789694,1.4343623518326147
7105,0.8107837294723542,1.4265310440672527
7106,0.7716227189617912,1.8448495593251573
7107,0.8755839961595373,1.4666818176174687
7108,0.6207112797414404,1.2725988497066671
7109,0.7706735228715159,1.5446742561386309
7110,0.39945540658474205,1.659260054502578
7111,0.8961155051236829,1.3560026956148428
7112,0.7767867438520233,1.2332598518002067
7113,0.700905682953682,1.5496290021520325
7114,0.6376942248555892,1.627213050355393
7115,0.4839061489154874,1.582148887661147
7116,0.47013246772819006,1.4680305610287414
7117,0.2821241508580838,1.0890560061099757
7118,1.0318290838877189,1.6136287210063152
7119,0.5983275022607674,1.77137933025842
7120,0.4857498541319766,1.1917761551519783
7121,0.672346563800979,1.4203104312889296
7122,0.8661331595263284,1.3859867547738245
7123,1.0846591566528048,1.4806948990684872
7124,0.611575391509472,1.457980565605145
7125,0.5654961629698119,1.5061134643733134
7126,0.9191907333729868,1.5699521370988467
7127,0.5457061377868817,1.4734508868274365
7128,0.6797730596344996,1.4909432524391302
7129,0.9088693785938544,1.2149379664039985
7130,0.8798322209156012,1.5036835350522253
7131,0.7079385281347955,1.712153726214874
7132,1.0743135058247495,1.1788831310639654
7133,0.6030913542197477,1.0146890947471023
7134,0.8354295850136138,1.3646016271740193
7135,1.0704938836233309,1.3781894209936498
7136,0.5912067258130173,1.3742734458681443
7137,0.7362421896021469,1.1537635007042693
7138,0.36711534586661626,1.2451290598978262
7139,0.7361250087591747,1.6607994322102717
7140,1.4848770767580954,1.1496584828459036
7141,0.7114828131326044,1.1583440747523628
7142,0.6111979787430898,1.6568895542314817
7143,0.5635258205201328,1.6165028685525558
7144,0.5610470751283027,1.0083187067329793
7145,1.43021793857841,1.6336900796391638
7146,0.6895381998364252,1.0167844666970676
7147,1.4178391883574724,1.1579381045928132
7148,0.9981530628367032,1.3740341259611166
7149,0.9268601369443159,1.35975668645792
7150,0.497773886253842,1.3035312696157304
7151,0.6518961619683684,1.6824626436440695
7152,0.41714208768109157,1.7179647903352264
7153,1.3465387824549413,1.0742664906846597
7154,0.34663962331251413,1.8329601421271342
7155,0.7546698693842728,1.3814232774860489
7156,0.1670787777475302,1.0411381523239172
7157,1.287694458363807,1.845353146131791
7158,0.4836629723811505,1.637051435736345
7159,0.5893607226626926,1.2211468439968542
7160,0.6356689257824747,1.3329724246171828
7161,1.1471813365749766,1.1703953202603032
7162,0.8242828488099078,1.4316703306586311
7163,0.8010469626746866,1.4230046774502458
7164,0.7124367309297841,1.2206464617126704
7165,0.686834223045772,0.9227984080612961
7166,0.8254128283094909,1.5214290095031164
7167,0.4944386072624266,1.4504070182605164
7168,1.0588896232611287,1.1622000006659676
7169,0.8745256228706603,1.4999787635202393
7170,0.8489510827544207,1.4392250058395697
7171,0.4511003628732063,1.362189481089629
7172,1.6212243861221967,1.4013604413171632
7173,1.1351045516427405,1.5777434012286569
7174,0.9570078867359426,1.2076795569239311
7175,1.4768114251346443,1.7655284921351446
7176,1.3543352356522254,1.8051912264580348
7177,0.1907633696340045,1.3274794527649791
7178,1.0702460354039216,1.588113409981048
7179,0.8764982215550856,1.616617318914769
7180,0.6176848525362169,1.6092566596120206
7181,0.4542697488928449,0.9689211829557753
7182,1.3081398619959312,1.4429113534928373
7183,0.9574430847837928,1.2090055383094889
7184,0.670434446082674,0.7798200969267075
7185,0.6236107268931487,1.4007386214877933
7186,1.2152153449928087,1.5239597053895686
7187,1.3697170709127247,1.670872597698322
7188,1.0128359032212764,1.2036192257872549
7189,0.6795981485344166,1.0905718144807368
7190,0.654725767919976,1.1743316400633308
7191,0.9863908162739058,1.2207680270178483
7192,0.8337701265966571,1.1428355430968429
7193,1.5215319809862837,1.694152344153642
7194,0.7463237180258349,0.9975003822214192
7195,0.8034087855034988,1.0255472204160703
7196,1.2193442838370017,1.2732929630269156
7197,0.8250615902441105,1.0708110178678538
7198,0.6598496641737581,1.5263957216122883
7199,0.23101070255953182,1.4927361579848393
7200,0.3274355423172445,1.3754325102948979
7201,0.9083413575452088,1.1714303734368516
7202,0.9240234526161877,1.683026619744885
7203,0.64430576743413,1.456814361505909
7204,1.2772205951318791,1.6627451405180111
7205,0.5969181955825871,1.1041377148024683
7206,0.954692702739005,1.72222684439958
7207,0.8768771960684865,1.3626069129524527
7208,0.6342109737937496,0.9949152664044285
7209,0.5685500758525245,1.3581073997074586
7210,1.2979493586008157,1.3728433278300238
7211,0.7610578352072458,0.7821885222037754
7212,1.124220057866271,1.5337994882077512
7213,0.7217153602786055,1.310613629816502
7214,0.7035327825440898,1.4019595405282346
7215,0.8778697151277838,1.408521235080884
7216,0.629832575360395,1.3615344739484732
7217,0.38528299215803424,1.182506238894339
7218,0.7544802616231872,1.3166665593793117
7219,0.4821095592662046,1.6315613058223937
7220,0.49077143142186286,1.2833688560159453
7221,0.5229678451811814,1.8228838347387792
7222,0.2243965816445213,1.6733780187122627
7223,0.8584222865500768,1.794347527968419
7224,0.813635237872935,1.552502584111108
7225,0.2915916699766009,1.4603938621314496
7226,0.9793129413934251,1.442730478912875
7227,0.9830723022446033,1.7544690265088585
7228,0.7649056448568347,1.2857903193149016
7229,0.5710534192310979,1.8145344806309556
7230,0.5981472577785767,1.1777378732822776
7231,0.22182690289968532,1.4884346693029893
7232,0.7957964080879179,1.0379055355436884
7233,1.062762040510059,1.5011142866004974
7234,0.6311555818502192,0.5596742435559052
7235,0.9702643967303523,1.0306772359036112
7236,0.6663974572983631,1.3755953830892251
7237,1.1710325235226826,1.8590199034150494
7238,0.5963774054258361,1.3942302513057847
7239,1.0294495139161715,1.3473760056544761
7240,0.5661777592459946,1.3282143775539574
7241,0.5926459640202374,0.9937877397359092
7242,0.9675860861588785,1.6833293283905932
7243,0.41199781333985946,1.328802490270593
7244,0.41151882754336117,1.168262700910227
7245,0.9790994028875916,1.3614492786326928
7246,0.5081747001708072,1.3230908697988841
7247,0.8145325606413799,1.3709102644763709
7248,0.36208038720207836,1.3986510289771572
7249,0.5879815826502383,1.289668293140227
7250,0.4152588393084476,1.4497037707085036
7251,0.26719065990143787,1.3006754802327651
7252,0.6420270056073167,1.186860817997594
7253,0.5692031640833739,1.669101221926037
7254,0.9046897226047005,1.422397501829285
7255,1.170882421315722,1.3655815152229374
7256,1.1796610830614511,0.900070562213104
7257,0.44679616779706605,0.9723949618812311
7258,0.9590552648836207,1.4281566324690584
7259,0.8238902171315885,1.9129246279223258
7260,0.850956622030272,0.844066792226918
7261,1.0318518062642261,1.06707106555535
7262,0.6023240442123172,1.2674107251923623
7263,1.1438895143142809,1.3743079075063291
7264,1.2059846308464437,1.6773491375373129
7265,1.0361179611972717,1.7394908292782159
7266,0.8867464228437518,1.22224651128057
7267,0.5604130920717983,1.3286859662316646
7268,0.3553560867385339,1.0791925656719927
7269,1.0024364890530313,1.0886849331712458
7270,0.7289929728395312,1.3169768750195996
7271,1.5348467764036382,1.343601809973663
7272,0.9677759196236093,1.6851148498605617
7273,0.12579891268226243,1.1467987429146862
7274,0.8030768941151506,1.523589435193975
7275,0.6495986750953472,1.221964400807718
7276,0.6889032891763953,0.5707230937469523
7277,0.07875092139518497,1.6000017868748238
7278,1.1453308108200788,1.7924753340282735
7279,1.5581583994715518,1.1762440458796277
7280,0.6025374440889677,1.5486384343179105
7281,0.7439189923579452,1.6180065434364872
7282,0.9108909485199637,1.3543069475938738
7283,0.7361146451631032,1.4433059145798839
7284,0.3515771073646341,0.9701407247747582
7285,1.2642040290013872,1.1655242233135543
7286,0.44006931363475993,1.028572873830838
7287,0.8745276623370045,1.1780266746940393
7288,0.569587243473243,1.329854621091406
7289,0.4987411560418098,1.3668990348368015
7290,1.2503354610216109,1.4781954399346566
7291,0.7053875724981347,1.5237597707944726
7292,0.9509376546220278,1.6586679271505198
7293,1.4466311370324125,1.318079504446457
7294,0.31172139521050934,1.3372158608941818
7295,0.6133175136087121,1.3132392521563916
7296,0.8638821284911242,1.526037338218803
7297,0.6752590541439001,1.6138646938061596
7298,0.7560896123577228,1.872655843559814
7299,0.6867166716090551,0.6434577325044435
7300,0.9815786852301644,1.0840057226120532
7301,0.7784313676444657,0.9700810671878206
7302,0.6620951481820553,1.4129889259444222
7303,0.997292270675648,1.004495344457382
7304,0.4538994650131941,1.5708902932138065
7305,0.17560742429054552,1.2616579426922623
7306,1.0782647417856448,1.4330137271589813
7307,0.45656429799163084,1.086020295500301
7308,0.543063321055263,1.5485647905623128
7309,0.6707932161976569,0.6230348074791434
7310,0.8968561421238251,1.6319785235048605
7311,0.6745867049971099,1.583359703643101
7312,0.6352405438947132,1.3910823519185957
7313,0.7546788544426006,1.0885927929884032
7314,0.6358711139313593,1.3961085443991073
7315,0.4046874252375026,1.7746280876605318
7316,0.676621273706577,1.3679813441323332
7317,1.126391092952856,1.3511215898701763
7318,1.278825869724266,1.6089572168101771
7319,0.8011803691430482,0.7591903777751772
7320,0.8835746668643584,1.6071454849804754
7321,0.5491817949423098,1.539303300191672
7322,0.5877300733297846,1.2433270810312682
7323,0.20731776381547698,1.338129745307004
7324,0.804474830374068,1.5687967906363136
7325,0.5754386216726681,1.0721994800719763
7326,0.37033812500501073,1.3630982272613958
7327,0.7919213554476283,1.7799407469910729
7328,0.2631393735409665,0.988021925226851
7329,0.747212658481617,1.6790056360417132
7330,0.6509564265991447,1.5319666375319387
7331,0.8334757878633312,1.1078932967318325
7332,0.995080818577556,1.9085370385242548
7333,1.3521938148625778,0.9270155394782538
7334,1.0170652672650389,1.6115790928865277
7335,0.6512372406978019,1.5928121495473213
7336,0.5352533485371062,1.2475933261922383
7337,0.303137303257178,1.204340066995542
7338,1.3177648416862136,1.080931569831926
7339,0.9015770215062706,1.2039903305737552
7340,0.847282037930577,1.329739790405545
7341,0.9772827934896078,1.2894883840452565
7342,0.8388669829526311,0.9433387880633595
7343,1.0119560314049405,1.7963882973707785
7344,0.3769577529791383,0.9057215686375593
7345,0.9158045825592775,1.4787198013983334
7346,0.5026934068524916,1.1073825590418163
7347,0.2211127402549425,1.5960751914473212
7348,0.9821964105660961,1.2474342828462728
7349,1.1291933900142967,1.7824060724112623
7350,0.7331860195661766,1.537517879694915
7351,1.3616583940375622,1.610496183555934
7352,0.6355449530332156,1.6920552240880102
7353,0.2892211287116012,1.873550012317101
7354,0.34947777224090587,1.1822407324989261
7355,0.8999753213956706,1.6027072911959999
7356,0.3903066899753801,1.0984367835050137
7357,0.9596667098221852,1.3828637525657905
7358,0.8364340545734001,1.6803711173282372
7359,0.5771977159732019,1.3092300371094412
7360,0.7734777980369285,1.33987680491556
7361,0.7150606875324771,0.8570212824017043
7362,0.8701423717531926,1.3743454854930173
7363,0.5851961707497452,1.585222851799112
7364,0.7980779113406781,1.0671935841598037
7365,0.9510447808867254,0.8277811678754456
7366,0.22239835387629714,1.5217478256173893
7367,0.80717323176687,1.1156085681820478
7368,1.5646853299442003,1.4112529634811923
7369,0.6443586009062418,1.0569207415576094
7370,0.41868628001091407,1.363499213667824
7371,0.3149021594995827,1.1184887586954104
7372,0.891541374284256,1.2389667327273237
7373,0.7556091343323561,1.5335711704350963
7374,0.4887313605991419,1.643898541422834
7375,0.6563791466041953,0.9097917851331463
7376,0.90896681332844,0.8140866123702974
7377,0.4905806642650172,1.1738728859815581
7378,0.46848896393542677,1.8151287970709085
7379,0.7936816232289257,1.24439792100751
7380,0.5631198365669746,1.4325266236185197
7381,0.5484367589128301,1.6845618837929224
7382,0.4639965081505136,1.4492055689859002
7383,1.0306607082373451,1.3348133388972885
7384,1.306672094872686,1.3572503535113059
7385,0.6078442261474031,0.7947160359059653
7386,1.0198049716300441,1.7002303990272494
7387,0.6734833849635107,1.5795074189596925
7388,0.5668754500373809,1.2009746535182568
7389,0.6739388650223146,1.7252080476399916
7390,0.4120752678134548,1.6160705720720197
7391,0.8269767989816024,1.2154821266131037
7392,0.6870985810709371,1.423381367195415
7393,0.8587919437106446,1.436886906568703
7394,0.38065463012747214,0.8770446825240648
7395,1.2162443004052088,0.9469728078516686
7396,1.2904405472923446,1.3533011176594996
7397,0.8409098688690897,1.4494887529191955
7398,0.7796679948530642,1.2730068883071302
7399,0.8176088725205191,1.5537238543409477
7400,0.8754151750011091,0.9027432778250764
7401,0.3166253392928687,1.7139985923590941
7402,0.8259688947741967,1.2440023102744302
7403,0.8604686091420237,1.6950779907640157
7404,0.5790900581098255,1.6238047762329546
7405,0.2806988603776823,1.4533598379073172
7406,0.543851144450447,1.2971951909720754
7407,0.4633832278727491,1.5734867734576667
7408,0.8878147129830025,1.6123006287288895
7409,1.0372233995137254,1.5330831092843098
7410,1.2698470330502922,1.3039098054258278
7411,0.9476241938325695,1.0117845159265102
7412,0.5865190268618179,1.0335947172849966
7413,0.8365362290280295,1.3531166537296686
7414,0.7963195244515142,1.1699228242897883
7415,1.2257328132620549,1.2150047494540943
7416,0.5240359729966643,1.487170487668131
7417,0.9707146217801991,0.8547335992306799
7418,0.3748992544082821,0.9603578516694735
7419,0.642269531915527,1.8239023815431334
7420,0.821312560263079,1.1659686963097264
7421,1.2341481072886138,1.2092450834866235
7422,0.5889491696192908,1.6650134111180823
7423,0.4813888437260377,1.7188566228738171
7424,0.843751643549532,1.563454358799744
7425,1.377711852229081,0.7284362060674037
7426,1.3769963422282665,0.720714076867847
7427,0.68300592018147,1.5096955800415472
7428,0.8185384202508168,1.528932859410773
7429,0.7851073468992731,1.0667694966156414
7430,0.6188281400083401,1.1987876408236429
7431,0.1698329399964404,1.2184107981580583
7432,1.140285798975486,0.5636239280889594
7433,0.6566408301210461,1.384223578735816
7434,0.45680841002634365,1.805363693897522
7435,0.5946503884158414,1.1244437180350577
7436,0.7656709381106329,0.9726736879951761
7437,0.3022502728619974,1.0937601873237148
7438,0.808393580793492,1.2321976337210048
7439,0.6787487277874981,1.1354932618996452
7440,0.9009676787334878,1.57871414880531
7441,0.8561773189494408,1.5215547433675973
7442,0.9053760043444373,1.3851821800921282
7443,1.1349861775621295,1.4338121186130792
7444,0.8116369212699657,1.0565566781733793
7445,0.9317962509323988,1.4578780345393474
7446,0.729998335193548,1.4168104708706415
7447,0.6751490501624786,0.92722787434196
7448,0.6557283551773381,1.4511125477129054
7449,1.243685678266137,1.7629198991349984
7450,0.7661362732968585,1.1461217857136874
7451,0.2593350010468825,1.4453525367143643
7452,0.20454186847956526,1.2865517299331426
7453,0.35568506650263415,1.6702213575150615
7454,0.5000392453001637,1.2665481452790806
7455,0.4724131649898021,1.149587560847037
7456,0.61106180722271,1.2710388462909128
7457,1.391218239114995,0.9696850619020918
7458,1.0313743004572118,1.1016105118542927
7459,0.5140644578384558,1.1605495128026257
7460,1.3413607950157072,1.1468492518262878
7461,0.7331492845827116,1.5018960050886743
7462,0.7171845934822642,0.5215464225674256
7463,0.8566347223141374,0.9223223888184156
7464,0.23848666202405988,1.2806310579739022
7465,0.6855999504242862,1.2564569853825245
7466,0.9530117847289707,1.6774023834136027
7467,0.33359407036241295,1.3286636508583247
7468,0.9101941519605075,1.556114818223107
7469,0.7035498931877477,1.2780299853617265
7470,1.4980308177098411,1.5490425973090383
7471,1.0108688734663174,1.3326363226544053
7472,0.6518494909739151,1.1408835114489566
7473,0.4226197711878143,1.5131048257237567
7474,1.2125597607005327,0.9312456812514263
7475,0.7873477157006799,1.3863595217334468
7476,0.2998083946262869,0.856029875946356
7477,0.892335369826463,1.2360933423589366
7478,0.7816341568647244,1.1424856523950564
7479,0.5266770621848269,1.3245987053934543
7480,1.1479030876214233,0.97943762247797
7481,0.9151865660669066,1.6396695113510753
7482,0.735322972074037,1.3260829402416174
7483,0.9585320731835608,1.0719536083350039
7484,0.9948104177516117,1.4474220121268486
7485,1.0463421963261785,1.1808973569386825
7486,0.5554659902174592,1.7887669507565833
7487,0.8976994061694256,1.2891593833261217
7488,0.8873821106665034,1.4159970350062694
7489,0.4483497849952837,1.6425636834948656
7490,0.769507945838151,0.5644077742814155
7491,1.4275996702504932,1.6102457758865736
7492,1.0862720370314765,1.5937219627143475
7493,0.46206865331270763,1.4239824411540796
7494,0.6672445907509925,0.9593282907137164
7495,1.0040011753326894,1.3228706629984193
7496,0.7009783120470972,1.4208603222549194
7497,0.653520685489381,1.359222054870431
7498,0.5909890036745623,1.2863387742964951
7499,0.2827961040155346,1.4835158449174024
7500,0.9970006333809919,1.724538004107301
7501,0.7294352985754378,1.0488472418306842
7502,0.5977183180730306,1.1309400594871595
7503,0.8328345659235695,1.3201374726127793
7504,1.1571428514159676,1.2970979491605625
7505,1.4161052988120473,1.5951258637939016
7506,0.6346343241228204,0.8797308225868736
7507,1.0461710985843915,1.8694726812039324
7508,0.7001428007548806,1.130193965396943
7509,0.4015553384875448,1.4847044742801763
7510,0.7439540905115087,1.82858786057848
7511,0.39335799189218157,1.2889857594812795
7512,0.6842359723133141,1.070827317137463
7513,0.9741951662386436,1.465651234005454
7514,1.1672812274205702,1.3026799166034264
7515,0.2793144475438385,1.3235008664656733
7516,0.16034747977491204,1.6835641254318112
7517,0.6487914583721717,1.2888626412417281
7518,0.9536094617667666,1.1336778911982308
7519,0.48215980987486856,1.604458749363319
7520,0.8556696185774453,1.2659716053779113
7521,0.7666005360869793,1.4936144256831227
7522,0.7095412271117919,0.9950152049094194
7523,0.660144550471998,1.0755432234422109
7524,0.903350889101598,1.398200841219976
7525,0.3961811564359614,1.5572982515819884
7526,0.9034197569712901,1.5281790241734945
7527,0.6027422567929124,1.4817888402874324
7528,0.6395270513143004,1.2258142186726046
7529,1.1172782201196594,1.7613176742934973
7530,0.5839951668767757,1.5388615321236414
7531,1.1807981489277266,1.4062036947465697
7532,0.43042760240096006,1.0678887878012548
7533,0.9095282194693339,1.3416096443095806
7534,0.9826137783151597,1.448245290661537
7535,0.6156571157195183,1.084720807188741
7536,0.6062889991751357,1.4192133498645636
7537,0.5071680902965925,0.9293117566547269
7538,1.3754077130330014,0.6131500560514944
7539,0.7385114817686882,1.44906836245727
7540,0.26569931494526616,1.1754485003636437
7541,0.7832242846732648,1.5519741665639304
7542,0.11893962094235015,1.6730662018210594
7543,0.36375764559049517,1.4077707688234053
7544,0.8766240474653701,1.5198831068843177
7545,1.0841211389246719,1.4982237863791594
7546,0.853468926979992,0.8848171815789636
7547,0.5991040109006104,1.7061139301397268
7548,0.7175754642758414,1.4102931339653633
7549,0.7332440651846781,1.1520587952018144
7550,0.8925784197392084,1.3472954275931088
7551,0.6268662796363825,1.624915006298228
7552,0.7901209442221643,1.5094031747045158
7553,0.989008282790284,1.7758504856133055
7554,0.7168652864913624,1.479217418465443
7555,0.6124553484341971,1.5069762050031652
7556,0.5023572165599534,1.1750491339073557
7557,0.3604783089286888,1.6082296047788927
7558,1.2471901228782434,1.610855787578358
7559,0.5083932197698606,1.0241458842546658
7560,1.193457688678446,1.3457782684869724
7561,0.7723035459182676,1.3656207811080456
7562,1.0893765075450141,0.6890019308265904
7563,0.6971798953474116,1.1569958639700348
7564,0.6932563689157833,1.7818092726415682
7565,0.6126909301968062,0.7467684484944339
7566,0.2232490086663421,1.564260543389166
7567,0.8024772959575837,0.9216908943031403
7568,0.4440800127004642,1.4402757084631976
7569,0.8576888369375801,1.4473789471372738
7570,1.1596822358102583,1.2039455100972192
7571,0.33628868861193484,1.044330826346966
7572,0.540890787534353,1.0605460179589123
7573,1.2650874464191748,0.48651080861169094
7574,0.9079889818905138,1.0719689142698885
7575,0.9565034731347088,1.3779529366591172
7576,1.0116333415256484,1.5353738710937872
7577,0.24823138688591384,0.9521487726367535
7578,0.21832946453820096,1.5911286795370483
7579,0.6318663346885603,1.3090722378733632
7580,0.5347433632281121,1.6755149122923993
7581,1.1412919482887496,1.5463339581257132
7582,0.9220152260649473,1.10128356925518
7583,1.7277713053451116,1.3516684670182986
7584,0.41312256677683107,1.2702701780432055
7585,1.0537946623365395,1.4681698011229152
7586,0.7642574175072214,1.238373685708743
7587,0.38978276766970793,1.8316949788382237
7588,0.503476856290526,1.5486400895623047
7589,0.46464137872431555,1.4703899263829747
7590,0.8492162515249727,1.4821024959417501
7591,0.5188990121619387,1.5300584784105973
7592,0.9396136866009486,1.2088797635876205
7593,0.48204049036350605,1.2190858619731428
7594,0.7094473440627646,0.9954823750039785
7595,0.7123546234377854,0.9787318214762115
7596,0.582107109969532,1.2082780145512184
7597,1.104566058176776,1.5779280892679761
7598,0.5291952524384286,1.5540450631050406
7599,0.297833633476376,1.511820525037403
7600,0.6933559102777316,1.7084339453925956
7601,0.8458316778555757,1.3111801478147975
7602,0.5823303913580222,1.3561522129507002
7603,0.2909787852958144,0.9515957838129903
7604,0.5352398685343386,1.5173589098093108
7605,0.8132356209977025,1.2312520369885576
7606,0.6376954423980725,1.7383356850049247
7607,0.604638675207141,1.5577504030845473
7608,0.37423545450369017,1.2354423862595523
7609,0.834965343867857,0.8917702762925164
7610,1.5445806190991351,1.1431658922383099
7611,0.619414252922781,1.3173475605597762
7612,0.8799316544140295,1.5500168862054717
7613,0.8164119264146322,1.5328405919893915
7614,1.034587580675765,1.6541338582065221
7615,0.6605323983531731,1.5343203241465126
7616,0.6316028685053287,1.455152219450536
7617,0.8309463433517641,1.4377691773261172
7618,1.2649670604526442,1.1716831566982597
7619,0.2534264584435803,1.0514687103278577
7620,0.7614404056826196,1.546128068548145
7621,0.6377482187471536,1.4848563080752522
7622,0.7938460234351231,1.5154042417987765
7623,0.6975539555550939,1.6332893473321752
7624,0.9127306294222077,1.4973554476774893
7625,1.2624385360306531,1.2706689704161347
7626,0.7800109754798092,1.6527631218474188
7627,0.9011088269376033,1.0111837718625833
7628,0.9615988506744422,1.5423015039904195
7629,0.9314163383111974,1.0990499779574134
7630,0.6253838436351316,1.1784365290336258
7631,0.7764592958744285,1.0408075865996376
7632,0.5967684634679203,1.4124149803932549
7633,0.5151493065906826,0.5214785986543173
7634,0.8440242129609258,1.2793231706399215
7635,0.5553168354621953,1.3718242076595013
7636,0.7114025318444877,0.922866925392474
7637,0.6313318392393523,1.1751031815166306
7638,1.2271654521268387,1.1687126497949736
7639,0.532183260198014,1.280237953534315
7640,0.850056313432745,1.4013342789696317
7641,0.5340908778864697,0.9824603450486225
7642,1.1235161706215167,1.5023801750288337
7643,0.6500875856506897,1.8447393680811852
7644,0.9321661169419923,1.5439036952239205
7645,1.1405698300258524,1.7994545154410755
7646,0.6601020170665817,1.1770451118880723
7647,0.4671381442664861,1.4068543602717676
7648,1.0986015545732308,1.4935797839820404
7649,1.117498789184817,1.3092418332763829
7650,0.3902494518977562,0.91905151056041
7651,0.3170875983144459,1.3791107277453072
7652,0.5232442683838614,1.1076666146839163
7653,0.7095206919047146,1.2986817774815151
7654,1.1522431573773637,1.244900157231485
7655,1.0855893119208335,1.4148611857625166
7656,0.8677210871040806,1.4275493205349687
7657,0.7405063437308406,1.5917782569114478
7658,0.6683375577031846,1.3185105304536364
7659,1.148790645639323,1.720134393031604
7660,0.8174013047397132,1.2264664375291707
7661,0.9996451857896133,1.0482611954982195
7662,0.2793049775399696,1.8677378811639953
7663,0.6575677764595835,0.8611646081563047
7664,1.2028326289234432,1.4799951443083996
7665,0.5774420436584069,1.8056591964435773
7666,1.14980605843687,1.2195913425268736
7667,0.5241158065548397,1.3892080064169978
7668,0.8371785533000371,1.5384618738587177
7669,0.4399145335537023,0.27034739962130416
7670,0.2081270159032759,1.1384517823340672
7671,0.31676848420909676,1.3949322537020215
7672,0.6870516871502638,1.317132759647171
7673,0.5616969570888326,1.759488391745722
7674,1.1105088792113615,1.2939205166812309
7675,0.7736986993853954,1.096317151496439
7676,0.7319494262634083,1.053049599852121
7677,0.5647250115122011,1.6647980036042689
7678,0.6138315772127558,1.821785200408625
7679,0.5592714614800737,1.6840964408414911
7680,0.2151571536334826,0.7519528137459701
7681,0.5875435388735074,1.0684944627673625
7682,0.4244411250871372,1.8329592679059608
7683,0.2906123610873812,1.131514837442186
7684,1.100764950936024,1.7303489685031699
7685,0.24243203521242546,1.6966246415149673
7686,0.8226409477553519,0.8322468186022349
7687,0.5059170626789175,1.1312046735406076
7688,0.3872950039294732,0.8676916658271081
7689,1.3063575876772728,1.2441671902863782
7690,0.18762980326649487,1.5302444454504167
7691,0.38667290140732863,1.409022421233224
7692,0.9669344787336867,1.012165502188681
7693,0.7977950511624088,1.697575572564901
7694,0.727701445071173,0.8238460684318727
7695,1.1382223241447176,1.570555476203855
7696,0.7370432331087277,1.6345285767124353
7697,0.7926250333754831,0.9343688955344258
7698,0.739336228402946,1.2538299545103722
7699,0.39867172056202094,1.0508731543661225
7700,1.5199049844529904,1.821087377331058
7701,1.116618395823935,1.3992335876187094
7702,0.5018122894964228,1.1205602384472937
7703,0.7432024540497003,1.235033333049538
7704,1.4461890805316198,1.2790636792191572
7705,0.5830860610167167,1.247777222254809
7706,0.6600584466674465,0.9561326975524118
7707,0.5895702783132953,1.4285176656654348
7708,0.8476280704364618,1.7981574997533774
7709,0.7108228328059693,1.4597095347060578
7710,0.407730844048426,1.5208285761002598
7711,0.9075413528162871,1.010556411468717
7712,0.6289662403862895,1.3093084518455287
7713,1.1254498365151628,1.7568849577273182
7714,0.17181106699506768,1.7804082416340916
7715,0.7114794930408922,1.5091469224647418
7716,0.6474255652820425,1.2368802784859478
7717,0.24962340746752426,1.5749329426516736
7718,0.5389544607952692,1.7963644211620713
7719,1.042629920952443,1.404128392181211
7720,0.7269037793651045,1.2508118194905526
7721,0.8390812019414712,1.392525699437007
7722,0.8072173959589675,1.2753690708486976
7723,0.7379502134424217,0.8522261263440525
7724,0.8011159201689393,1.400595740292581
7725,0.6512617374595399,1.3498497698519865
7726,0.9827997943339626,1.4152996800969433
7727,0.9475721563070534,1.365413064804607
7728,0.7899523411126994,1.7054175797752067
7729,0.4901677693012494,1.554761635866655
7730,0.3766183253237406,1.7458381682306923
7731,0.5367332323417392,1.2198219352821593
7732,0.9045118636352518,1.1875622041987997
7733,0.335372841653876,1.5789134944151026
7734,0.709097976121066,1.235804888821595
7735,0.8007807744013332,1.4237679513931276
7736,0.28123844608962034,1.2094253520444949
7737,1.3259575528076126,1.4945790502297411
7738,0.27501879949462377,1.8431285663809254
7739,1.2069391169801968,1.220435754964004
7740,0.1897967337496006,1.1226922474668903
7741,0.917421946975089,1.6545674214718056
7742,0.8083600657676348,1.5302711339440118
7743,0.3831331323908528,1.3002905160072964
7744,0.26362146605245584,1.6452282755868313
7745,0.29706249290346054,1.4242147788921846
7746,0.8093210338949692,1.4050406570404204
7747,0.6298694594271461,1.3846376075682107
7748,0.8025914882673005,1.1598370576079047
7749,1.1311532641291189,1.614006764996666
7750,0.45865651950217856,1.0750664730462054
7751,0.8119052966973151,1.8094264771967794
7752,0.7529775490063035,1.4970854544655645
7753,0.9340992159113785,1.1844022241917034
7754,0.8747450129977453,1.3910297927500417
7755,0.6931022936368365,1.5052801778624407
7756,1.103524433655385,0.7621818483463108
7757,0.7681800566078038,1.3461598390394784
7758,0.618584488921986,1.526470883229589
7759,0.744263703703993,1.4263765675254647
7760,0.5195414277922819,1.2340788774917912
7761,1.5606887755537868,1.4971994922169118
7762,0.71586656577584,1.0660003632626447
7763,0.826114989585713,1.4083085813567007
7764,0.560557263012285,1.3302780004852228
7765,0.6304983942914795,1.7060737696922414
7766,0.7040154312915617,1.2895937015785006
7767,0.23610385636317746,1.3657979170396197
7768,0.7129197654878905,1.684830294215577
7769,1.1414405941096644,0.9670371494135739
7770,0.5957563397330002,1.55930411129654
7771,0.2161234669816946,1.420046014629856
7772,1.1486371575760725,1.7083004214857147
7773,0.8697611562162433,1.3683475275035857
7774,0.6388316908858505,1.5792664836842383
7775,1.0166981173707619,1.7125309134611906
7776,0.7890021917346145,1.4150776820255344
7777,0.6110992249495203,1.2724598119171322
7778,0.621794998155232,1.3496322985788245
7779,0.6745927318784456,0.523623505045318
7780,0.86056445625705,1.4357428026727201
7781,0.7128460075798391,1.4342926626508357
7782,0.40672397368507174,1.5275976957444597
7783,0.8289267428049009,1.5980955595490713
7784,0.5906235945011943,1.374700814902803
7785,0.6671657397437494,1.1450937210246388
7786,1.7342337442842268,1.1128002428638828
7787,0.7560648051761375,1.3441387790864296
7788,0.6402420272979025,1.449539077290365
7789,0.6682898277089447,0.8817865649080123
7790,0.22020497154538124,0.6331159125173285
7791,1.432281242680623,0.5984967881856451
7792,1.0899863158188123,1.6084210630714098
7793,0.6289700064008419,1.2109432328566525
7794,0.5504079448891084,1.1866876069796357
7795,0.8290171311391992,1.400464037715691
7796,0.560690866225944,0.8359710008255805
7797,1.3806185202932042,1.1439263287003636
7798,0.6469370824216039,1.6448838076760102
7799,0.45371804769772117,1.6748137461734545
7800,0.7903517320887024,1.4128452046780362
7801,0.4547260813106357,0.8943438433102393
7802,1.5336882238796035,0.8911845026782954
7803,0.8449165421712189,1.4013256285857536
7804,0.29980295868630247,1.427533787434868
7805,0.2230451101349648,1.3390953128845453
7806,0.5945852037250642,1.6468950944290526
7807,0.7143752942765351,1.2583468084505496
7808,0.6810857071637703,1.7905714871163156
7809,0.7624034534275556,1.221811240857197
7810,0.9003949386918508,1.626993766306656
7811,0.7641505590391594,1.5478979021140693
7812,0.378344700481019,1.9310747092731484
7813,0.4224611364227286,0.7315572488677753
7814,1.5021409751419859,1.5090918627059067
7815,0.41900727540953125,1.5100405128917207
7816,0.9289049233227497,1.5529842859320258
7817,0.3306660700063237,1.5538549625366527
7818,0.18793330153022847,1.2679264877661445
7819,0.39835244786472623,1.5851110451622423
7820,1.2361287273676835,1.2270415777222363
7821,0.9962902273793386,1.2497169615767385
7822,0.37009787920725934,1.1259331645925117
7823,0.46357578778991404,1.5552509929077472
7824,0.7168310158003889,1.6421191153924588
7825,0.6319209161324046,1.5076765794862743
7826,0.9480251903166148,1.5604282880693805
7827,0.9328466856794405,1.2393366326464283
7828,0.9466854952131958,0.8914789471686693
7829,0.6989967932415058,0.6249574845900221
7830,0.5915780744646303,1.632629892654803
7831,0.9570560361486274,1.3012775909454772
7832,0.629721880229212,1.2256699115985312
7833,0.2533063932430818,0.8496792036064964
7834,0.92171482896795,1.2809577991719907
7835,0.5089309432885469,0.9361774929573703
7836,0.9036039461161822,1.3845254808470655
7837,0.6537289207745363,1.677557529968251
7838,1.1816537802024574,1.1278221884978792
7839,1.5131488393567212,1.27062795556045
7840,1.405855107362991,1.3760795214861496
7841,0.8853349865866827,0.713476603081219
7842,0.828068632621326,1.2938867943616112
7843,0.4614253323892987,1.102048780796296
7844,0.17899494216284936,1.5314977909169618
7845,0.267732566222858,1.2895491867240882
7846,0.8308970471278834,1.552900351557166
7847,0.5933092750191913,1.2855456450744078
7848,0.5698490590626747,1.4122891171841383
7849,0.6185062983234869,1.1258938146724016
7850,1.1270759465037052,0.9982987350764119
7851,1.0213683151422277,1.333365182537825
7852,0.46761741819866137,1.6329525120733406
7853,0.2428603703940896,1.2766203113668813
7854,0.30149189832207485,1.1183294658580152
7855,1.0075221291495597,1.6149023253825576
7856,0.663247124677725,1.7487972028573056
7857,0.2773267372513052,1.4337817942183553
7858,1.1000151312270063,1.195093239544728
7859,0.8045533853307079,1.603431260563437
7860,1.519639846262261,1.4927632166604172
7861,0.6074687920022906,1.2834661620120915
7862,0.9641270952602133,1.4814847408553378
7863,1.3470000970074816,1.5105716528703095
7864,0.6505311214274769,1.791345263217592
7865,0.686492474648097,1.0846078935165067
7866,1.3871802297498943,1.217272552541964
7867,0.7924118413515477,1.3209366193794874
7868,0.3032692887055,1.1489993554083915
7869,1.2460234626247348,1.0701114227999085
7870,1.0501291699650084,1.7234826643008996
7871,0.8624991258162702,1.1400856938269617
7872,0.8592172580338664,1.3451389296455036
7873,0.49557785811608335,0.9369941959531729
7874,0.7643129680534433,1.2579390613720896
7875,0.5946289935830372,1.5202994203374613
7876,0.366296386239754,0.9700372033827487
7877,0.49526403893401,1.221455686591928
7878,0.6422069376514372,1.0649668814268662
7879,0.5977275309215865,1.1878286759801888
7880,1.3391555690725174,1.7979884843565077
7881,0.6681279656447724,1.6239040413167913
7882,0.9427022578707439,0.8909549237866587
7883,0.8220423879059918,1.275251690176328
7884,0.7132030548081432,0.9245593647661252
7885,0.5175486201243834,1.261468271498945
7886,0.8162650591070569,1.300835625621983
7887,0.9119134222780705,1.0886312209070228
7888,1.3598433636977367,1.4087233733321647
7889,0.656168562332353,1.4620949152744036
7890,0.9517745970170889,1.6645598193606619
7891,0.8023497030338701,1.5343962817333252
7892,0.4222319758337294,1.8044080972267824
7893,0.7129885426011638,1.4559031022782256
7894,1.1856490567387281,1.2024679635848647
7895,0.9310507604614421,0.9418071125059799
7896,0.9025987493995704,1.5566488040611681
7897,0.5707110527904509,1.5109863137918076
7898,1.0960189607494841,1.7027757739981468
7899,0.4812613956649035,1.259229206483493
7900,0.8241465725754435,1.2976834617370316
7901,0.9756589538199325,1.0416878692337264
7902,0.4316548682114902,0.7502715381789433
7903,0.4011604680179937,1.5703322395131185
7904,0.7529505499356051,1.2833755970411285
7905,0.8990426290189989,1.4167317939703759
7906,0.724245587287916,1.7141359821969153
7907,1.313167985895572,1.1516442964579299
7908,1.1151338979485066,1.4315785456037071
7909,1.0642968712768046,1.564641355613452
7910,0.4176869024521159,1.2693168365035863
7911,0.6156919371965816,1.7167439363037098
7912,0.5343634920438396,1.3877385723795919
7913,0.9178777008136485,1.2523832498725909
7914,1.015662060479561,1.453782472035632
7915,0.8725889952051875,1.4534279907810799
7916,0.1805191960569787,1.6439308186821702
7917,0.9484440759293301,1.339198482404631
7918,1.0541023311658628,0.8967437429760015
7919,0.4273506928407268,1.1103467965189853
7920,0.853458620400798,1.4258609912487414
7921,0.6648008574025794,0.6613990274323753
7922,1.1878126823069484,1.16910307965352
7923,0.6519066373857619,1.4160913931943289
7924,0.6687053708185213,1.1256978115684295
7925,0.6669365947295592,1.6673028588002228
7926,0.4270424764996248,1.5535339149378227
7927,0.8332111788555224,0.9282366329631186
7928,1.0146931626194973,1.3951389502134066
7929,0.19972601949927693,1.8113601365828387
7930,0.7248274248253594,1.4459270365531338
7931,0.49348252484150856,1.4277604826897192
7932,0.5873747224746405,1.0592010362392206
7933,0.9239457200491704,1.7123152074959962
7934,0.7575013174389023,1.04611217197496
7935,0.6451780476644954,0.935753867682299
7936,0.9022331799904634,1.3695436898921352
7937,0.22893730926117678,1.5577900831573555
7938,1.1119195922215288,1.39481437979269
7939,0.6277749122886864,1.2807479017403591
7940,0.872671012282503,1.3353184695197196
7941,0.6008435065145994,1.235026010771456
7942,0.26572048556208816,1.3018122885662982
7943,0.6339461970018113,1.857126682358691
7944,1.1669243443932404,1.5485638158917343
7945,1.1038300399929015,1.354212638000619
7946,0.6917016939219137,1.5557666688740617
7947,1.0798090892976941,1.0763172788714028
7948,0.8067067294050275,1.3052129554814922
7949,0.7660551906712293,1.5013034288487745
7950,1.0814798410386635,1.1685835397579405
7951,1.0341625357773727,1.173598862441413
7952,0.8424183452667294,0.9125113246503231
7953,0.4328658037127343,1.469834134656565
7954,0.5078634523170439,1.4448266886330963
7955,1.391417676917489,1.1526604068541633
7956,0.3555454776317845,0.9589508265320035
7957,0.2587221349618191,1.3887317156142838
7958,0.6198209196411121,1.215734440537191
7959,0.5464456778214629,1.4775001117518443
7960,0.5750228288370356,1.531023123628357
7961,0.9477932008886522,1.0859695716340876
7962,0.7338394993783758,0.9581503571912768
7963,0.8936751562321993,1.226167888369038
7964,0.6702210284074132,1.7695517642496241
7965,0.7059961379868833,1.6323815509666069
7966,0.8051114777241472,1.4338967583350575
7967,0.8281925455258752,1.3528145352550747
7968,0.6295420402674826,1.486047954797038
7969,0.40377617522378717,1.0450952342056494
7970,0.2622267198403471,1.2961947037540207
7971,0.7239389903745864,1.290720107810182
7972,0.4679124896472222,1.1979240062414118
7973,0.6650720341414608,0.8793875551667958
7974,0.7874833489685902,1.603550762243315
7975,0.959849149356277,1.396785937467766
7976,0.7443041026772942,1.1507172144396252
7977,0.7127648651386349,1.280874429260959
7978,0.6607263773986394,1.6089569584443104
7979,0.9457378518770669,1.4510413446819865
7980,0.8559729890866039,1.5909882301470888
7981,0.8693207320367652,0.9206353513015377
7982,1.0039522385981332,1.5151773088667384
7983,0.3760986617129589,1.2958523389621095
7984,0.3001810115763473,1.5378501886460096
7985,0.6939691627539799,0.8193384813183036
7986,0.9203118414644479,1.2267744739510422
7987,0.7096928723727197,1.557281953713804
7988,1.056189247037315,0.6671008345800988
7989,0.9108266772036601,1.5954462322933645
7990,1.1130247673267308,1.1539294020473267
7991,0.7970346337999125,1.359032964214485
7992,0.6272437855436029,1.7922380454198195
7993,1.1076145069877024,1.4627950901885147
7994,0.9777461143322739,1.3375704336182161
7995,0.7736554763356038,1.2635169356735614
7996,1.117637890034206,1.5483582257533581
7997,0.5944990158047609,1.7436283460339959
7998,0.7638281935224474,1.434568607789985
7999,0.6961441940044715,1.1559792732939136
8000,1.0724166998699767,0.8697988923320064
8001,0.38085077521091265,1.0488044301059882
8002,1.1040442950040001,1.2138455564595905
8003,0.6591909445536116,1.5999760234838347
8004,0.6252480477636552,1.0549816997262502
8005,1.3127974780754799,0.7137850312539928
8006,0.28863407364621196,0.905641719307068
8007,0.6685503028601343,1.7161459370737353
8008,0.9188729286902074,1.6317667866255932
8009,0.817033813480031,1.7752520412031267
8010,1.073767657914074,1.4911180900807888
8011,1.3144708697044905,1.3382260573465992
8012,0.8905550776375889,1.5139661630254575
8013,0.36001847955516414,0.9538991008943933
8014,0.9235409508444253,1.1543887778160076
8015,0.8056100249583722,1.0363295911461328
8016,0.3730205991989794,1.3401487000225465
8017,0.5917067176821765,0.9611218285930894
8018,0.8026824628426292,1.8593678118380352
8019,0.43765532529964407,0.8034597535128831
8020,0.7740014247596553,1.1699262758469884
8021,1.0594494090352389,1.4907403595600908
8022,0.7931697428187726,1.4231728904945946
8023,0.6474807103673036,1.164332012150857
8024,0.11829491326120158,1.7189097393706878
8025,1.4599077951644959,1.4672539855648221
8026,1.1330841798251676,1.2624087006629285
8027,0.5980408831820637,1.2214694893460745
8028,0.8626285323472703,1.766721430793739
8029,0.7597681078149527,1.803820750171066
8030,0.9160074634571141,1.2386611822920566
8031,0.9987609793422978,1.422790638488677
8032,0.6364277976847699,1.6968226131271198
8033,0.6350540727895125,1.5543466726695496
8034,0.943074583543542,0.9933651904826934
8035,0.6918006106804836,1.260973825374915
8036,1.0639036030936533,1.1724546132332516
8037,0.6143705693338435,1.3882669594328652
8038,0.7074342314641773,1.2550967439705158
8039,1.3705903839391407,1.474547848327982
8040,0.5420358233230489,1.6867298467250393
8041,0.6321196381559853,1.164274964632014
8042,1.0268654458792368,1.1246160259475844
8043,0.46778308051935574,1.310385027032247
8044,0.745095318540102,1.819827302899726
8045,0.4196773349501806,1.542100109998374
8046,0.43315748964745215,1.1565868785127846
8047,0.37806825074429723,1.0462119997350507
8048,0.9482706052224978,1.68749764453782
8049,0.8076390097940347,1.234627426747549
8050,0.9417082594230518,1.0272961891941883
8051,0.8571120748904894,1.0721123059663753
8052,0.5858831111237544,1.5978471637014673
8053,0.5482888523536324,1.1417163974260796
8054,1.153384792284998,1.587884731046485
8055,0.7869858809228325,0.6628483379931682
8056,0.8036929077061649,1.5286420969728023
8057,1.0216652899879053,1.282250714386491
8058,0.9120627644549372,1.4488981977073587
8059,0.8338070790069391,1.1517985557338446
8060,1.0049542975029693,1.1224016038191702
8061,0.7697896769203951,1.1636025290662666
8062,0.4797926514075471,1.4562457134913422
8063,0.9707196043325916,0.8137248835293531
8064,1.044999841702977,1.135876470374602
8065,0.5786134373940329,1.8664621799066008
8066,0.48908458907679614,1.7169295697127642
8067,0.6145330298493931,1.2937305633371285
8068,0.8731140438863576,1.354393895270499
8069,0.5584400544192181,1.4748078381969871
8070,0.35017799183760895,1.3737087603185185
8071,0.8412532158376289,0.9266951664746592
8072,0.6434547938257831,0.8808871659611051
8073,1.063121026736138,1.5569551158821093
8074,0.5361993353313573,1.395294381659442
8075,0.742246962057992,1.7611543269962104
8076,0.824454158059747,1.2654675293842064
8077,0.5131705287502271,1.5596380689910605
8078,0.6901342269801161,1.3872398381508695
8079,1.5252281283405502,1.3914627498771581
8080,1.2272019552015851,1.1712714536817481
8081,0.6646574373051265,1.3232996768638077
8082,0.7417134917540319,1.3832049429737516
8083,0.7684426990639787,1.6605026162356016
8084,0.7891089060141993,1.6329683970433855
8085,0.953691312665197,0.42874781333676926
8086,0.7479240532114885,1.318274179513097
8087,0.3000407654464843,1.8651637081740147
8088,0.27521775361020917,1.545107056190794
8089,0.6417370454144345,1.1636263484277833
8090,1.186218914700968,1.5290078700679643
8091,1.215649350996543,1.8640679663902575
8092,0.8592677422023027,1.5054522000710202
8093,0.6234431590732445,1.702407318867714
8094,0.9297579605272607,1.4009697165984463
8095,1.1556240496125372,1.7318430297292284
8096,0.7648675251708584,1.4944055012580102
8097,0.4624194161191406,1.3629159903814174
8098,0.24285447065257215,1.3577703599330704
8099,0.7781355280625694,1.622663215870824
8100,0.6949833900164308,1.719094005308028
8101,1.0823681814603556,1.3441480416376859
8102,0.8644940224476415,1.4128841755402846
8103,0.7068123358510838,1.5702854051354027
8104,0.37190509262234134,1.4282410693328567
8105,0.7773282261747304,0.7135771441249354
8106,0.32694846983244774,1.6148792898170488
8107,0.877602181432322,1.3823083435326309
8108,0.4356790948687969,1.4994440728028737
8109,0.11613920317265368,1.4497226402200818
8110,0.5938951090797734,1.5677199370081512
8111,0.6985198009279974,1.1728465195199804
8112,0.35311826191619095,1.0823457325127805
8113,0.79900777302937,1.3159727165523236
8114,0.721107674191152,1.0667206299345873
8115,0.8394203971263816,1.780981032373099
8116,0.8110040828882848,0.7384002646025716
8117,0.8131504077301388,1.4893273303786012
8118,0.21285317086185712,1.5029205162180181
8119,0.4978553800093499,1.0218619190013198
8120,0.6695035620127224,1.056846333682785
8121,0.745703836926371,1.2010517457633125
8122,0.6375114767268404,1.2809627739091565
8123,0.6137229500553324,1.654327808745654
8124,0.6831969329396359,1.6589639912720666
8125,1.0362147073784762,1.302985379132885
8126,1.133631462487113,1.2711436495165769
8127,0.8034464489006339,1.4935980358810146
8128,0.4883306494731797,1.028832995901643
8129,0.764046107940252,1.5469901752990514
8130,0.8007011968638551,1.113229150674761
8131,0.9942970151137703,1.48066364898275
8132,0.5180217754466,1.2309633836381728
8133,0.3928439028048713,1.7177565444873315
8134,0.8161411104960545,1.3140627372489115
8135,0.5395942870851299,1.4577569672348676
8136,1.243086644309392,1.5081029596997935
8137,0.903912448215732,0.9445973218446597
8138,0.4971316248218296,1.4616131431721215
8139,1.154510488344684,1.160231772511413
8140,0.7258343439921823,1.2599131179642393
8141,1.04493534365973,1.2869610500707753
8142,0.26143389662812855,1.5334865711857804
8143,0.5470709363821693,1.3493382080161778
8144,0.6841076429712074,1.715192516229714
8145,1.0520079692287907,0.6805784168427835
8146,0.75473127785174,0.7631596890746031
8147,0.8499732264267044,0.8407174923767207
8148,0.5492273717731445,1.5594847223354567
8149,0.22669594104062962,1.361363278248124
8150,0.7487379586629201,1.0348566566773396
8151,0.9082951343217984,1.679640924912031
8152,0.8897534005989136,1.3076075224763062
8153,0.5274816659500433,1.57040471628865
8154,0.3532329536517995,1.449598628000363
8155,0.9108345029399566,1.0273163624084152
8156,0.9945380346944275,1.774762546639875
8157,0.5569696691199036,1.4325275672642341
8158,0.8005422440257199,1.0922388825977818
8159,0.60554433489115,1.4782011435541667
8160,0.7078253098577635,1.7794055769484565
8161,1.1904360889583976,1.0267317908227378
8162,0.8663607353169405,1.581047982638853
8163,0.6561064580102832,1.4881929079838914
8164,0.41998411026152055,1.10405201315191
8165,0.5506641760817115,1.787792367141522
8166,1.2246462659062818,1.230721302377036
8167,0.6784821412091456,1.2779802101637645
8168,0.5036061970937373,1.1025884842543872
8169,0.7021052269903746,1.4382663961261537
8170,1.0391477665609175,1.824858990507269
8171,0.6182547931186118,1.7885779162268505
8172,1.2911770245321859,1.639622545133449
8173,0.6227625638491652,1.2556430811768413
8174,1.1503657875988276,0.7966302067431612
8175,0.264425186179156,1.2426230413615413
8176,0.19233847324689599,1.4638941341479685
8177,0.9258907507550203,1.3862461311137688
8178,0.5995633276007534,1.7613233140656623
8179,0.6913301372376845,1.2539969699024436
8180,0.809749967498046,1.5685043123652975
8181,0.8191552761554826,1.4521237517639531
8182,0.5501902181806789,1.6012713402236405
8183,1.0231616226981228,0.9642722360045368
8184,0.687275724807812,1.240674921063699
8185,0.831417783734831,0.9145650886394818
8186,0.6587774501131038,1.6704773112524607
8187,0.5636377286164997,1.7836963334054157
8188,1.4938946172956757,1.2637439139294764
8189,1.2260278375856422,1.3547218585692198
8190,0.9329680060929287,1.3498806111778388
8191,0.5730387864035049,1.3624972435668092
8192,0.7109330086140616,1.422278878192847
8193,1.056759059450236,1.1811684006943208
8194,0.3068525933858672,1.476210449109813
8195,1.3274031612613197,1.471767910614937
8196,0.9193007611348568,1.5804798921254495
8197,0.37759198152264756,1.277837001041494
8198,0.875502367723249,1.4771589576372652
8199,1.005212888292575,0.7963793073794794
8200,0.8900278684962752,1.445464298867593
8201,1.0357191568636295,1.3315653097184077
8202,0.6824504611697354,1.4276745475322086
8203,0.21465788039238545,0.8641739330957123
8204,0.4435075280108127,1.7270808696929798
8205,0.4256256277312467,1.1678698728827799
8206,1.063527147775589,1.1052500047351117
8207,0.9192620180896727,1.3850651141055992
8208,0.7700682908951417,1.1992433962104836
8209,0.4741191600234542,1.4501085130600702
8210,0.5370949490945599,1.2565698955505655
8211,0.5083603266865907,1.4739783473997787
8212,0.7715267563197188,1.3922050578582703
8213,0.8625814722271049,1.69596777879411
8214,0.16544650820093795,1.1511109986143624
8215,0.8339565661844299,1.9202469427614122
8216,0.3534619668686248,0.928966780967394
8217,1.4066743257399514,1.749317095795679
8218,0.31279002839511894,1.445024110485261
8219,1.0395137387481903,0.9746696145522
8220,0.1628035397999369,1.4626892307348287
8221,0.5325958823187583,1.6493745108969915
8222,0.6957310762110119,1.7204119245549656
8223,0.9793753519295325,1.5322361183055884
8224,0.770081231339627,1.025756714503805
8225,0.773139059706058,1.4688215921351264
8226,0.7452121981214478,1.2321259934457924
8227,1.6321138024379611,1.4042796428456863
8228,0.5704171141644174,1.6033028176108528
8229,0.8188350698296494,1.4009747627457059
8230,0.7523956933954745,0.7150644288943508
8231,0.49827777201069123,1.7287818540393358
8232,0.837611526912764,1.2083074511093848
8233,0.8100851726010048,1.5614662869394325
8234,0.7999781150966963,1.5835145900411918
8235,1.0399159363607993,1.1085367910147825
8236,0.9128155287616523,1.1676974543574072
8237,0.21731838549816782,1.3879304178130312
8238,1.0481394875664587,1.7405349031116006
8239,0.9648211489181477,0.8858580351675132
8240,0.6887015819929571,1.5630187772874482
8241,0.6353435128451769,1.5965704582347306
8242,0.8120129994318042,1.5682373543986272
8243,1.0870788980651516,1.0997536980715936
8244,0.12565812652278657,1.451957434673428
8245,1.2979925381916133,1.202429071590417
8246,0.4496789820815514,1.576124803435183
8247,1.1671520137877096,1.7422536032932476
8248,0.20855583069252479,1.1239580739840838
8249,1.1871828033967258,1.2586566154059227
8250,0.6424561221629781,0.9300774795053521
8251,0.7899282479433487,1.6541460018772904
8252,0.704440772601555,1.3523738522078328
8253,0.6043612625206817,1.6133395656938991
8254,0.6067112019787635,1.6217063866668209
8255,0.5613009443100849,1.5603840569659289
8256,0.6685642950141613,1.3295285358939308
8257,0.22003380781117568,1.1460931906777982
8258,1.2512804846380599,1.2247974437941738
8259,1.0470818741677925,1.3847107690065508
8260,1.0585848280375476,1.6112359247978427
8261,0.8767762774513829,1.243586334625573
8262,0.9342405967686426,0.9722580048627456
8263,0.5723060507821799,1.4092124780613795
8264,1.0275581045684257,1.2913904669883258
8265,0.5261754879807972,1.2058419707381218
8266,0.9370762935670215,1.074950173730846
8267,1.1418323257612764,1.4999322712666707
8268,1.0915696734752265,1.0043346448153463
8269,1.1502095051207295,1.2616868704035775
8270,0.6551795493119384,1.710728961727681
8271,0.893273232911959,1.2153947266019152
8272,0.2725855204953483,1.737187562410779
8273,1.2574045504589098,1.2251506001012011
8274,0.5443225941178932,1.4951561781138802
8275,1.2271544447445646,1.5904247994302254
8276,0.36828808907273564,1.100662562534958
8277,0.5710205356202881,1.111156191869973
8278,0.8625681512978584,1.2920992764601325
8279,0.6395629271779548,1.0470231563557322
8280,0.16618853232907368,1.2054131055653565
8281,1.2155811774754228,1.7517452385468475
8282,0.7049481354763165,1.2317089210557093
8283,0.7701393151616589,1.4455190567578267
8284,1.0861036587684039,1.0516917434156687
8285,0.7695696362579229,0.941656900655629
8286,0.6932925908388513,1.4707417551529787
8287,0.4528060087255522,1.606710921172053
8288,0.8177149170241501,1.3405411366264586
8289,0.9275541838328081,1.783178537471381
8290,0.9460020576084123,1.4630384324867025
8291,0.7180734550067385,0.900448631062412
8292,0.5784659457216265,1.3490005042384514
8293,0.729280241042827,1.7750047701747982
8294,0.825254384819342,1.5401041841106247
8295,1.2767605907544366,1.4902185589794483
8296,1.1812613165783101,1.0986066222544957
8297,0.8326993074339989,1.3643067767826387
8298,0.17655512961913628,1.0637182048379366
8299,1.7397273262296722,0.7649099182855095
8300,0.7338508853967417,1.3546444967243925
8301,0.7035398483425107,1.3489903356493165
8302,1.5534397604080288,1.2033198081999092
8303,1.0064864186117959,1.3928810469862776
8304,0.8195057480007347,1.363284365138211
8305,0.8313943424110183,1.5348116434775
8306,1.131739952983327,1.604565585281029
8307,0.3552779575373062,1.2509045358079285
8308,0.7074106111921606,1.4908736042017523
8309,0.5120150064957476,1.2043436218434618
8310,0.3287863324306175,1.6555437970990872
8311,1.353876846897676,1.7632902328782996
8312,0.22677473330617678,1.4584389408551917
8313,0.46751211638906154,1.7028490688872586
8314,1.3598248115538438,1.2628878681410325
8315,0.5423776750547743,1.279465022596229
8316,0.6177211555511641,0.7962679038474254
8317,0.6397038924638776,1.6416259702668135
8318,0.4996426772311961,1.6290174108886022
8319,0.7686069625349768,1.0036980197716874
8320,0.7376581922089527,1.6989039311154475
8321,0.8046256903273513,1.591538416826373
8322,1.4156497065783025,1.1400178142522455
8323,0.48702819668875674,1.1306588890019302
8324,0.5442104726625626,1.2475212280984675
8325,1.493843370378547,0.9611980640043103
8326,0.5536432498882651,0.8964341152987372
8327,0.6993630773902408,1.1440659029155351
8328,0.7258889602369647,1.0579959528784166
8329,1.2045697831839297,1.6108628379120515
8330,0.7254648089283721,1.0498016738329154
8331,1.028626966045175,0.4278038886467226
8332,0.6099512604800028,1.2593956799660644
8333,0.6127763127069805,1.5617146150633
8334,1.0900594116588491,1.5686543854105452
8335,1.1854992158483952,1.0587849851862416
8336,0.7675615028273886,1.3740104919599387
8337,0.17196628117413867,1.3139873958894095
8338,1.3105490210743278,1.4633359417964351
8339,0.7765961487915608,1.5603588610943544
8340,0.7390494621215814,1.8641178681217851
8341,0.7273903349380374,1.732231153060033
8342,1.0769314812473072,1.1467566238681002
8343,0.8201611548515948,1.488026947529197
8344,0.8488876867826111,1.1452776946153995
8345,0.8930837986626494,1.6305528683005432
8346,0.9355226922932535,1.4586670540404398
8347,0.7122198805530499,1.7221769339138406
8348,1.0628139699213615,1.336347392701315
8349,0.6910688101311834,1.1943804582971291
8350,1.0649784732732814,0.7038808003181576
8351,0.8779385040270213,1.6189896163006035
8352,0.533280670744242,1.4012231771875099
8353,0.9024516071889438,1.4054594394390838
8354,0.9764745612721358,1.2944175055001954
8355,1.095829529175666,0.9057672747494647
8356,0.7587147141624677,1.5295527474133386
8357,0.5912223322662322,1.2557451852243209
8358,1.1149034554175679,1.421845496691787
8359,0.4957329407179529,1.6257051940214455
8360,1.0085835757627748,1.2359643318462734
8361,0.8475926496788249,1.3545871340093516
8362,0.6072309710340825,1.2952565291055853
8363,0.3701658534569175,1.3893076600373593
8364,1.2356014991301538,1.7928620601029142
8365,1.4697661737841223,1.353261485367391
8366,0.5174782984586926,1.3375745699261992
8367,0.5225544415768438,1.555031471039365
8368,0.9627567538317452,0.7258869764216709
8369,0.8903890795023173,1.6723422637232552
8370,0.1839047821800684,1.4471632049792778
8371,1.2234566833638572,1.3592184225167987
8372,0.8269641764526218,1.7273185402239872
8373,1.3029752947786422,0.9407096597612146
8374,0.9286011491353864,1.703331481974998
8375,1.1355061803278734,1.2696088123672165
8376,1.0848062027702847,1.3642302308931296
8377,1.046041929636896,1.5100629902723264
8378,0.7173847465553757,1.588420742493965
8379,1.8146285101958692,0.7995547806890841
8380,0.3948916939475917,1.5378109719123885
8381,0.5509714157601834,1.6699045076526202
8382,0.42599568235896146,1.2332849971713329
8383,0.8421002470468768,1.3368293819354582
8384,1.0683736187684485,1.493943199952184
8385,0.8153572437495619,1.3120966802675078
8386,0.4512670759372625,1.70876935405911
8387,0.6943438224392794,1.5196857139667528
8388,0.994634399391211,1.3979596025110297
8389,0.5570419601521446,0.8698858464541648
8390,0.6470366477280567,1.708786928390498
8391,0.8675573066932476,1.444475050153112
8392,0.9337508883356236,1.4966117432817563
8393,0.8548829755026296,1.5651639919864992
8394,1.4526719151488088,1.3523393669320223
8395,0.7821427981523723,1.351773371772418
8396,0.9313050870030474,1.358640286905016
8397,0.34382648765406887,1.2039249847516922
8398,0.45872359960892395,1.837320271697932
8399,0.9520173848810768,1.3280093039010146
8400,1.3410631746653507,1.034046432741649
8401,0.7769700027921229,1.16741762630507
8402,0.44523739839103693,1.2706988681148892
8403,0.1846837714892871,0.9602594556450621
8404,1.504293764583819,0.9151200935227484
8405,0.677374754064334,1.5940320383839865
8406,0.3517176560045322,1.1748555081631233
8407,0.7395847301532567,1.516548173361184
8408,0.428461115763779,1.4854360269628941
8409,0.5084376580522054,1.4487726549488285
8410,0.7270578807906846,1.04053246062566
8411,1.0424519716712999,1.2397014103338715
8412,1.0227761165103113,1.430397935387853
8413,0.3496740272734258,1.2101919866559827
8414,0.3372838202028697,1.1496174929980052
8415,1.5539396769427798,1.2894239406953905
8416,0.3559130375712916,1.2827963488997893
8417,0.8076263015986631,1.5748960531336968
8418,1.0855912387449769,1.4545546763173558
8419,0.9298751861082689,0.8512485567338346
8420,0.9139786805215282,1.2920122716630267
8421,0.6301030970590673,1.5820923462568146
8422,1.301979432297301,1.4345615694562441
8423,0.5848457731107445,1.39004318581756
8424,0.7936643683760988,1.4004317038036551
8425,1.4415931396333614,1.1175019410364582
8426,0.9529715770812264,1.212721859198302
8427,1.2907717461469415,1.5507268901582787
8428,0.6455563942138005,1.1168072127132316
8429,0.9062185476765234,1.4112205193598664
8430,0.5462150181703092,1.199066760234222
8431,1.3110972079852947,1.2531951152680918
8432,0.7048252712680556,1.5129583598186391
8433,0.48628017456999,1.5335875752510837
8434,0.628154353665239,1.231112605103283
8435,1.3146461272187087,1.3019485678132705
8436,0.5827372363701147,1.7657185214884654
8437,0.5083158011425514,1.5409322240155763
8438,0.8264616971183272,1.6287611780494486
8439,0.4921328448973633,1.67778837930459
8440,0.5155086431704385,1.383766512830241
8441,0.9079416690131399,1.4842835898058098
8442,0.614912407841394,1.4466736516613647
8443,1.396536881525008,1.5831241393893303
8444,0.3169483179244135,1.5353200011424408
8445,0.9401468463061005,1.620158553132888
8446,1.1162420467482252,1.4843193899380875
8447,0.5930989607674552,0.7069980036485652
8448,0.5519390748868856,1.4461759682047512
8449,1.3918397601800923,1.3200390624373535
8450,1.042534301021201,1.2185744739820052
8451,0.6600280889843876,1.1231667337634108
8452,0.613658524499422,1.552292404424039
8453,0.6276851827266673,1.3703522281084042
8454,0.6836348873185984,1.5799950771645572
8455,0.6387609910485896,1.1114891369556963
8456,0.3882967826080075,1.3085443400228525
8457,0.863845286352094,1.5405065994670695
8458,0.7232292775342669,1.7122195219291714
8459,0.3703453883098756,1.6545375810783902
8460,0.7471989771106249,1.6795449678323484
8461,0.5338236179079573,1.3152115908449669
8462,0.7480297074901426,1.1813461769543347
8463,0.6838143376696028,1.3120613447223566
8464,1.0450187948303686,1.5779357580574211
8465,1.0142843051581283,1.4606572182418107
8466,0.6555678819297771,1.0149986465376375
8467,1.1011201711715313,1.5288074292396239
8468,1.339056350148207,0.88794806576815
8469,1.1321691703095704,0.468361170220148
8470,0.9974895604732313,0.96037422084793
8471,1.0750026963998347,1.6007088200673256
8472,0.37656734875431763,1.3711318473280614
8473,0.6380158763546016,1.6588218956134662
8474,1.4256999637600645,1.2536360336870405
8475,0.7990096381492257,1.292957344842235
8476,1.1630257258133072,1.5341845369223273
8477,1.5294109754366891,1.7048973208869838
8478,0.9046170158924054,1.5731775625854667
8479,0.5649091150022884,1.4131587115665876
8480,0.2944685626683056,1.415036941204073
8481,0.7407361337338925,1.4773392976720587
8482,0.7259832783612875,1.511711567391386
8483,0.5551629057697225,0.7385909862235047
8484,0.8180866139867574,1.6648134555979288
8485,0.80093406918144,1.2491041429739833
8486,0.3407758003109918,1.0644925235342626
8487,0.6707199830828237,1.5479298687030485
8488,1.0541581855106488,1.7284529779109121
8489,0.6988239701257416,0.7989446411932308
8490,1.0506528779046032,1.5680124656840535
8491,0.6901412357771146,1.2695067037528784
8492,1.1382123412792788,1.493824026483632
8493,0.9707331632799252,1.3541331571184383
8494,0.9822019463614622,1.5480425903892434
8495,0.4891694902307808,1.5632788379532734
8496,0.8840896194691132,1.1737670529514639
8497,0.909846475474413,1.3350554537490225
8498,1.2611021321038098,1.503607767089052
8499,1.0628672109509207,1.688402958337099
8500,0.790475915094236,1.0650722085762632
8501,0.8007676969982661,1.6386439086315359
8502,1.1313633594182424,1.7916957969452032
8503,0.33265845362226476,1.0623246569118816
8504,0.43080507029416976,1.3157946655416017
8505,0.7740777770119718,0.9557402627667186
8506,0.4465392996530432,1.2298730749327809
8507,0.4234066275504866,1.6019040009456547
8508,0.2029114358244174,1.530770390343357
8509,0.8802130566303745,1.129126025231753
8510,0.43094799251237537,1.4469050080071355
8511,0.6927774273264062,1.7530557755958944
8512,0.5577023402543813,1.1151773546739805
8513,1.366887802711441,1.3041328349667167
8514,0.7744222388065356,1.3036186914469834
8515,0.7881341964389744,1.6994079261032202
8516,0.6012773248111348,0.5506224820826733
8517,1.0830888174721092,1.4507182218998966
8518,0.474343985919055,1.278997855743906
8519,0.6854949349507571,1.5049635550104472
8520,0.4871973408077812,1.5598879328575033
8521,0.8912427693475515,1.6202651370907903
8522,0.511954534027414,1.341548443081062
8523,0.951028891737925,1.472016587157586
8524,0.8651708409507496,1.4705632030421543
8525,0.23834331909599102,1.462066801439351
8526,0.6549083820971409,1.2100874269394588
8527,0.6058140020858552,1.194118513788828
8528,0.8775862316945819,1.2477092990604217
8529,1.2653592841453158,1.6842762079372269
8530,0.47512603732919284,1.2355362116443187
8531,0.8199408684074433,1.7173885026001299
8532,0.15202025031133962,1.8980482658262114
8533,0.8618131087142483,1.7465136763532951
8534,0.9056104100827115,1.7207153704153977
8535,1.1567063455137234,1.6762580747320803
8536,0.5079251851709095,1.8096401101366617
8537,0.3952181074222388,1.187116750182371
8538,0.1912199171785605,1.3066771880772885
8539,0.4095148521732247,1.164952884228897
8540,0.8842233017809746,0.9150161089714448
8541,0.9904207992667405,1.2396386757383966
8542,0.655377823208474,1.7447674810645655
8543,0.7599221760302948,1.1043617907754137
8544,0.8879574148064409,1.4280463778881205
8545,0.7777159635093629,0.9715884040530676
8546,0.5765929178626855,1.6989046217833972
8547,0.5513772099756566,1.1922897807910364
8548,1.4240039769130752,1.54208412309983
8549,1.128908618896113,0.8873476785765555
8550,0.29390721890007737,0.8185081677731942
8551,0.6292445608679895,1.355790956953699
8552,0.38092073886489103,1.6046938709586769
8553,0.7436229843330486,1.3816393162024598
8554,0.6365376909474668,1.2068074097528672
8555,1.1828716478934027,1.4444063548054218
8556,0.7641353223169559,1.0138060768363868
8557,0.8059926265124353,1.677117472280428
8558,0.7177197249630533,1.234540014972362
8559,0.5084459147040289,1.6560225387073262
8560,0.7367973004654084,1.042855738124784
8561,1.0172885741414308,1.3270744407515347
8562,1.008546153301351,0.9194736094941323
8563,1.2398790912577276,1.3747638439650756
8564,0.5906299753110607,1.4213464791630135
8565,0.9854833365160013,1.3251459204545146
8566,0.7134190017042985,1.5811387977724296
8567,0.5639019689487159,1.2293821264254627
8568,0.6007710578430739,1.3502936374035044
8569,1.2287639025591444,0.8065069681431514
8570,0.4585687296071007,1.272483384647919
8571,0.6304483423115063,1.5376939544122452
8572,0.8233862413077067,1.012394524863394
8573,0.5256046929771261,0.6985201554634173
8574,1.0223365291475124,1.5149446836982268
8575,0.7992025148933407,1.430763743898925
8576,1.2241893828136237,1.6029228642551663
8577,0.508327204466288,1.389662060837678
8578,0.7475527068964992,1.5242657868395812
8579,0.428866661954119,1.527236493085468
8580,0.9426047751784948,1.4494439049736372
8581,0.5426410405702988,1.1154341506240966
8582,0.8793782189331406,1.1781302571398116
8583,0.9334840897834265,1.3572793089537298
8584,0.5390515211101423,1.6539980531237828
8585,0.6536814664025086,1.5499963338774645
8586,0.457496721800436,1.3787065155142506
8587,0.5720840605567195,1.6248896556997456
8588,0.4158119772584616,1.4381924579649596
8589,0.7294694346354913,1.1912170136937617
8590,1.1305027302152215,1.6903470529080569
8591,0.7397698115522645,1.3601022390321718
8592,0.5231082922111294,0.7120724146930368
8593,1.0935050139815126,1.6999194960408077
8594,0.757921678132976,0.9033150204802167
8595,0.8212772468218071,1.5269108114264054
8596,1.2352072436962938,1.0799487760620279
8597,1.0796332248265377,1.3979741164216573
8598,0.42986728519039563,1.2733873989224587
8599,0.5274406824933772,0.9650384014874815
8600,1.1306643390329405,0.6259691395451699
8601,0.1439127299530563,1.3738793117455863
8602,0.6616129042729177,1.7215617818972375
8603,0.34256210504169404,1.4252899594107098
8604,0.8931588678899884,1.135204623959254
8605,0.6638505569707354,0.598249291643137
8606,1.1784761328374196,1.3503884199104583
8607,0.6599982999539787,1.714491335097982
8608,0.3038356138637045,1.4755605707802806
8609,0.6901703398835999,1.096602512836239
8610,0.27150248255751624,1.24063911933682
8611,0.2469182064135615,1.6199510433913187
8612,1.0339264747482275,1.2272331047632803
8613,0.5655802358188688,1.3006270020678372
8614,0.6537519534834105,1.6801279073255473
8615,1.126195502202597,1.4726715808383193
8616,0.44730774469585177,1.0061454415924769
8617,0.6169954344474226,1.5591754288938164
8618,0.8465410070930515,0.7644044032064048
8619,0.36457748434049864,1.141060582034783
8620,0.8094078528902633,1.4958355056329964
8621,0.8007754389912707,1.3989617838389448
8622,0.8210333283717686,1.4753316777809493
8623,0.3880644417268381,1.3005429726807167
8624,0.5240337737137114,1.2720346085118512
8625,1.0635780320667954,1.6233701343099998
8626,0.6600391796672872,1.3453678853583015
8627,1.3108924918969267,1.3633202878766264
8628,0.4645814018873485,1.6683015403546106
8629,0.761649745561932,1.2821436388667964
8630,0.8207923509569991,1.4301883018292776
8631,0.7120528354580264,1.8414080126679166
8632,0.16554424683252322,1.4702901944936901
8633,0.5634783158445894,1.0411281615762653
8634,0.32894627377784774,0.977232317156675
8635,0.7095957703744897,1.6183909078318068
8636,1.0612881361326132,1.726559851422976
8637,0.5728556579879218,1.5222596986925052
8638,0.25069020436381423,1.2460754002973164
8639,0.6100501625989303,1.4078275109534464
8640,1.0257551423711597,1.601129544328374
8641,1.1312243122779375,1.4426484347394233
8642,0.7499991418386732,1.3108270457827413
8643,0.5602037030939027,1.0154182452446743
8644,0.7089674306392073,1.2914824234055904
8645,0.5236666683520358,1.2188836466713737
8646,0.43451255040462805,1.3022983987927703
8647,0.516342278165157,1.4721779531686208
8648,0.6141478084084714,1.3720787129905567
8649,0.4207025326507217,1.6420837274439166
8650,0.3609571477683817,1.2673805439358932
8651,0.8282546698476893,1.5231387502605118
8652,0.9228643871663834,1.7772311464967805
8653,0.24754870409191365,1.192546057430317
8654,1.316887904202757,1.7337191022644731
8655,0.6207992261743236,1.0127169032391277
8656,1.2794503508133752,1.838915989136189
8657,0.8682574626371955,1.5037585298674798
8658,0.9400279993864771,1.7072070525273872
8659,0.9027104090206902,1.544544929552415
8660,0.2803373919914366,1.6847852309382243
8661,1.1133031180182311,0.841646981413152
8662,1.1835484875763356,1.240367650836871
8663,1.3418295994438707,1.277746573262903
8664,1.4323646346819285,1.6210529706181784
8665,0.635684112194098,1.084067125713597
8666,1.1020939462517163,1.613173068075665
8667,0.9785629571518873,1.4210987853912067
8668,0.47959557233122735,1.3313385260647983
8669,0.841327091854086,0.965577941760944
8670,0.9049794788523199,1.1765678408194464
8671,0.7814974426487193,1.264732714866767
8672,0.6919614755891449,1.1751559015143715
8673,1.16880165191775,1.0072490553985767
8674,0.8406891609554459,1.541369707237922
8675,0.5815086977984968,1.294603710313927
8676,0.6195751646772784,1.14006324478764
8677,0.6643540924675745,0.9511022114095447
8678,0.27990222870312637,1.3365491520938455
8679,0.3679464681520006,1.3777845953105576
8680,0.48663434001052996,1.4946593965843902
8681,0.49257536741865093,0.8496659295877727
8682,0.8105184385140006,1.155979564184554
8683,1.1093492554238957,1.3483932631466788
8684,0.7693678801358405,1.2480633815194688
8685,0.8253949272648929,0.9631807787834168
8686,1.3347111349107301,1.6176937478106594
8687,0.557356685761878,1.381121282575301
8688,0.9225147092529162,1.489664674318061
8689,1.3035947856930696,1.6243847006961236
8690,0.9091495252563557,1.2385842172350152
8691,1.2546090471416511,1.052755720884492
8692,0.49566033396771053,1.1687443518463272
8693,0.1928499307957282,1.4647297077655101
8694,1.5714972255551314,0.9126057936480532
8695,0.7928036183491085,1.2953935118817488
8696,0.3040486627694103,1.363253675537882
8697,0.7396023437091037,1.5379480470194173
8698,0.3212214859575815,0.9910743292097919
8699,0.15886684478406707,1.040131610116596
8700,0.5957953994426863,1.5529081562255365
8701,0.7802257717634157,1.439885107023661
8702,1.719941372276697,1.2606987816063757
8703,0.6905589336329829,1.5793000400803066
8704,0.96056260719289,1.4092758567352774
8705,0.9104944707330772,1.623431782620283
8706,0.7297731783243248,1.2655466841920582
8707,0.7004550589532105,1.6227330835326235
8708,0.648779223412333,1.4641047795037623
8709,0.4735354505005263,1.2902609412805965
8710,0.877348258772199,0.8229464514748868
8711,0.8483793100034206,1.569980846341058
8712,0.29146349810216976,1.4067116262070665
8713,0.8618297430936458,1.4052243554477881
8714,1.0587269688189134,1.5129976994619785
8715,0.5770294700197263,1.111465316872809
8716,0.669619338307988,1.7385387816895561
8717,0.6681203426491339,1.2988880386945227
8718,0.7724774079055843,1.504438202592664
8719,0.6423503096062618,1.0267797942403898
8720,0.19311081398998223,1.3950244692566645
8721,0.7047972571165241,0.7925642404902327
8722,0.9524545440192672,1.3868333325357773
8723,0.9807761848701454,1.0820289474284832
8724,1.117458166076008,1.7535649527481294
8725,0.7889415836331443,1.6723905578230052
8726,0.4934121747132352,1.6260733722258953
8727,0.9913260033028808,1.2581065930203361
8728,1.1782798497135791,1.6206236848169175
8729,0.3098759103753354,1.2657444402399851
8730,0.645111310122651,1.4101091999109832
8731,1.0666028572539996,0.9341256202210289
8732,0.4079851953470145,1.0980935925608288
8733,0.5750068749333305,0.6895384502461364
8734,0.24462457630409906,1.3088688816278058
8735,0.6836252384625536,1.3853623641938055
8736,0.6257077656666766,0.433807387967202
8737,0.7666732910580593,1.1042374393680898
8738,0.9524240090555443,1.0006642679638873
8739,1.2309234111905392,1.6779715806714652
8740,0.5553382933104888,1.5965944929831761
8741,0.8708549722883447,1.6020420797744834
8742,0.44932606113076223,1.468384384476189
8743,0.44677357438168375,1.5413026341124285
8744,1.014128107825332,1.2379662557165423
8745,1.030930669890851,1.665677578961804
8746,0.585956061042641,1.1930686817827867
8747,0.46836090148152965,0.4147314733494658
8748,0.8423473898679771,0.8305687252663818
8749,1.144158956365822,1.5048558645506047
8750,0.5023765204245048,1.4422726720126775
8751,0.4450872378622495,1.6347819802424066
8752,0.6817462327445848,1.78866658934034
8753,0.27370802755595075,1.6846223625453236
8754,0.5722844702537777,1.257901087125871
8755,0.26698061456285577,1.6147072020609663
8756,0.917698304288592,1.2821445206664739
8757,0.3920427069261599,1.0491084429947812
8758,0.39848648030438366,1.1873297585832747
8759,0.5739153522081726,1.3299200114466991
8760,0.845390585493236,1.801619147519959
8761,0.8176568590377525,1.211961112297447
8762,1.0291206633465264,1.4354529398374156
8763,1.002743177287968,1.6411317283473197
8764,0.6866773593486334,1.3061404338411018
8765,0.6804418963891773,1.1138596074436506
8766,0.6989420018617654,1.010941215741651
8767,0.36441660820691396,1.455265637921102
8768,1.178122182700945,1.598260767568025
8769,1.0325936540156408,1.2521161038868152
8770,0.9077216743875601,1.0640298691394876
8771,0.726365907054341,1.771967576304001
8772,0.5772796461405113,1.358980834228273
8773,0.42738262757568074,1.5247352185652048
8774,0.9430060041675902,1.1980432602746225
8775,0.9807427660978776,1.0767028555943652
8776,1.0962321644641413,1.6975508162823605
8777,1.2806188094982514,1.3862543477376528
8778,0.5657411628751579,0.7561485951243008
8779,0.6362616308119617,0.6082533628091094
8780,0.5619614383630971,1.4824952808250038
8781,0.6210212754828461,1.6566760423959943
8782,0.6403890484061316,1.187795530685434
8783,0.6746829866671645,1.2635287667766373
8784,1.113814712758673,0.9351479222032746
8785,0.5477269215449504,1.3152790955698905
8786,0.8052713246008221,1.0550145363021224
8787,0.5901337587310629,1.0818204178459656
8788,1.4403490531354404,1.4555362721168899
8789,0.9267277390286364,1.3403006978842809
8790,1.070295429605176,1.459413658076102
8791,0.8640688238534855,1.0514039283020482
8792,0.9990864519213778,1.2645033893407633
8793,1.027050615206286,1.4222795901383973
8794,0.8661631030670803,1.5949189771979364
8795,0.4321170545381989,1.2853487181278935
8796,0.7947700294023609,1.6085237185245425
8797,1.0106558387528524,1.8548151402451607
8798,0.8576377299396879,1.696416622222533
8799,0.6355006263415239,1.3534349611324614
8800,0.738753173505484,1.2584692637365236
8801,0.5449727843566782,1.5206227646132786
8802,1.2336738134319893,1.356180803441176
8803,0.379983176543665,1.0287732288031246
8804,0.9466196408660487,1.279097735331638
8805,0.7274731494469563,1.5471450957258392
8806,0.7920083500818562,1.465369348743198
8807,0.5655157098702168,1.4165259283677283
8808,0.7518954192534716,0.8293468326813855
8809,0.9748205653922954,1.1278678076845674
8810,0.5804047339083435,1.82751917962445
8811,0.9803765692142491,1.1427313594965023
8812,0.5767285772322948,1.381908648095479
8813,0.47432362057163396,0.8903023538868509
8814,0.5660816609219685,1.1635449679000909
8815,0.1617059217284168,1.3441605430310006
8816,0.7763331967718445,1.619153989688235
8817,0.8477266421027008,1.5200278693233265
8818,0.755772197576809,1.4831720478023844
8819,0.8546797379806167,1.7265294047441648
8820,1.254917626185435,1.281114416735328
8821,0.8660572602084051,0.721828460959433
8822,0.9695617932501452,1.5810168053496372
8823,1.1115733581742213,1.3462048827091433
8824,1.1586865131001132,1.043373380271364
8825,1.1555221565001395,1.6986399870878588
8826,1.0783551105574396,1.577414212767386
8827,0.49153179797550006,1.4638237318853018
8828,0.9246724385067586,1.6455072475572217
8829,0.36935052969269055,1.300557768415024
8830,0.7622050373552524,1.1839377078351236
8831,0.8635838292092407,1.6564625632879912
8832,0.9436528970665846,1.025005013878336
8833,0.6052191227808774,1.2246014434378378
8834,0.9020987761201327,1.5624045325456202
8835,1.045604649666712,1.3861564065803096
8836,0.8728952499961586,1.1583418326263848
8837,0.9829949235755474,1.235888066083307
8838,1.064728149058368,1.7980345800826825
8839,0.6704691311285227,0.9750657947535493
8840,0.8179125097465483,1.5348817202918204
8841,0.6703796599232833,1.4848020599353189
8842,0.8458096913054628,1.3700596616742713
8843,0.7508064821593949,1.028648492162501
8844,1.1933671633570757,1.255419435791534
8845,0.22952095023631774,0.8326256610131784
8846,0.4267241266635198,1.160221536472552
8847,0.7311988555771363,1.2386625835855203
8848,0.6292717103577704,1.6068209856828208
8849,0.44921022075785644,1.1592593364305748
8850,0.48745244604479687,1.614106603460995
8851,0.8351008681921047,1.4038121400124122
8852,0.6739012797751361,1.6582590995938757
8853,0.7611939866227814,1.262113193466155
8854,0.9859497321323142,1.7202218417253028
8855,0.1667629913220236,1.36954440736758
8856,0.5684611195118999,1.6393224193828095
8857,0.6396641910734541,1.1610411260232767
8858,0.9268549509038332,1.0089131816646235
8859,1.0206274371948871,1.092246901282889
8860,0.9623945095603503,1.5864893893978145
8861,1.276405159049728,1.7164709520721184
8862,0.4934700871259316,1.328858715607471
8863,0.7061826467961785,0.8918331870424292
8864,0.8866418121766289,1.3234799634443712
8865,0.49632557326382337,0.5852313246147336
8866,0.6805958157722283,1.3222765621923438
8867,0.7497650877201937,1.4979952063694997
8868,1.0090160521627252,1.5509991440007762
8869,0.6744380018269497,1.0309417210814829
8870,0.556860546666735,1.6579453034801943
8871,0.5485735902763372,1.230855459601084
8872,0.6128890052025061,1.7606764741295047
8873,0.3615762277407404,1.435585100414795
8874,0.9126457881614757,1.4218593677452835
8875,0.8657273615583411,1.4682417602389102
8876,0.5986106476059146,1.2711803972645677
8877,0.4280029537831659,1.0318964742619081
8878,0.7189573725834993,1.8047011719594404
8879,1.6579220862396833,1.5841847833661082
8880,0.5239380116291683,1.5281160270348542
8881,0.5079031092294977,1.131670150225748
8882,0.41857407406893715,0.9921642040140948
8883,0.7996651350516666,1.4194161091586899
8884,1.1765171550219724,1.3555521565228288
8885,1.1082618024137787,1.5284250504812968
8886,1.0668842730525283,1.6329169885283235
8887,0.2030520161298644,1.4121426441405922
8888,0.45440841582966013,1.1632172505152532
8889,0.6741203124369158,1.4010969348562001
8890,0.8518991461084022,1.6559162360378075
8891,0.31581248256544125,1.5010154855258904
8892,1.296836417229669,1.8016352166329916
8893,0.788071603548764,1.244380696174636
8894,0.6267402344518147,1.3481794597079229
8895,0.598114067901834,1.4048836872387656
8896,1.0284020687943562,1.326337744666785
8897,1.0686765060362347,0.8813466037119047
8898,0.7444751239807477,1.321664302598303
8899,0.39140346395332715,1.681584727973815
8900,0.5886597686646093,1.728107876055541
8901,1.0728966501692254,1.3878148628432143
8902,0.7615956252326977,1.486509395194346
8903,1.4495618017035279,1.4508095382739796
8904,0.9873999212972961,0.6480740450558296
8905,0.31966699510404073,0.873932528104765
8906,0.6320025900105396,1.674909033516733
8907,0.9117959294537696,1.4930531460129897
8908,0.9200473506285822,1.2119836917958158
8909,0.32439482377189477,1.5107018598389759
8910,0.704498050017592,0.922862338427884
8911,0.6549031452579485,1.6838963515021357
8912,0.6844548677474155,1.4690582648253787
8913,0.9947656554749382,1.1605705642512798
8914,0.3722495625866505,1.2384471570731768
8915,1.0455985826601772,1.5887646861255704
8916,0.8512249599191283,0.9907978876237706
8917,0.23765149857738546,1.2841019379906715
8918,0.7749953639699243,1.0612737719682133
8919,0.5761256858132355,1.6204788743083187
8920,0.481637608403505,1.587374575376138
8921,0.9713819008368608,1.6518830819075843
8922,0.7193512313140454,1.5743397775348669
8923,1.066080225977918,1.4806882027462192
8924,0.5608746582700621,1.4971547947659085
8925,1.0835689828226454,1.2798959184125556
8926,0.6640708782480128,1.4797818684916377
8927,0.6758263522973265,1.2040794841545197
8928,1.446405110959856,1.3275601865700697
8929,1.4387798675298382,1.4536678369209763
8930,0.828984803191657,1.6233657942651762
8931,0.765970890392471,0.9474333200963256
8932,0.6799379799733766,1.6172741317099382
8933,0.06349497126148333,1.6785119245095712
8934,0.6753093264025537,1.554094419789172
8935,0.9997302414172242,1.1255460591403579
8936,0.39066493463905944,1.1977199958923013
8937,0.38844586999658737,1.6381366706073097
8938,0.7198870439571473,1.725999285500802
8939,0.03711000378969579,1.1906451717447781
8940,0.7790744417490443,1.422218928063956
8941,1.0730728669209477,0.9129083190488652
8942,0.7405923416085407,1.142537723337107
8943,0.7169266696747709,1.1827742256189135
8944,0.7624238369407855,1.393097747286471
8945,0.4674789854830702,1.852795647048932
8946,0.9734503525268714,0.9196346851435948
8947,1.0290263848028853,1.4873869128352946
8948,0.853255103929842,1.5755470498087094
8949,1.052788264586422,1.19841176063334
8950,0.6350857133230536,1.2095737245189415
8951,0.7065925885187098,1.150213645232959
8952,0.9110476331549777,1.3150601989098956
8953,0.7981799253838091,1.1579898409373954
8954,0.5495168243210614,1.7724404682644528
8955,1.2036797147585476,0.9415892308751281
8956,0.624174883740602,1.7823684235263095
8957,0.7520710356087211,1.2387510944610212
8958,0.3349753128377226,1.5384625309993227
8959,0.314844557855784,1.1406941502422696
8960,1.0700299351130829,1.7263537619409142
8961,0.4759512732328216,0.957470043858603
8962,1.1532532934658861,1.0452983213040457
8963,1.1158893707261273,1.3377443074194038
8964,0.31294008370001986,1.6863689809857574
8965,0.7060530495836619,1.0623265029097766
8966,1.448958453963834,1.1338792431224425
8967,1.0570828923010713,0.9729698595152596
8968,0.5868036558446569,1.5634384409285782
8969,1.2277838905062382,1.4110756448219002
8970,0.14551598419478048,1.2510732203903754
8971,1.485359555151225,1.6718817658133758
8972,0.8278947415506115,1.385208122615687
8973,0.6210030614844184,1.39472972578064
8974,0.24155674341889616,1.259858772427366
8975,0.7203339861770685,1.6349930021519081
8976,0.6166628274127738,1.351530573857652
8977,1.1480641086208767,1.3565992666464413
8978,0.8401355407723736,1.1214694216713461
8979,0.2791915993767602,1.1884068680266187
8980,0.6123545697437794,1.2912614671658909
8981,1.0793355706396113,1.1689727347392034
8982,1.0328688667235486,1.4227214476132795
8983,0.2318752896452678,1.2765349331756637
8984,0.5640598190738536,1.1771460432787926
8985,0.3530702470559916,1.622167774832846
8986,1.3614370395421633,0.8651863710497076
8987,0.6098775398229851,1.628759764596925
8988,0.692818848841764,1.7207694126383943
8989,0.7322690610783846,1.293281684868798
8990,1.1112277428264277,1.553135142685058
8991,1.0246980175640867,1.312968189787688
8992,0.9939326722189072,1.3308002063009574
8993,1.1215667585589009,1.1352882239006639
8994,0.9127811699561766,1.2870058918841283
8995,0.3975507645364085,1.2112959412622546
8996,1.1169114270219058,1.621678044368236
8997,0.3025229344336446,1.2824906322337564
8998,0.8612807547148587,1.0753692662000804
8999,0.8084951991799533,1.7229696941675874
9000,0.7525812779589031,1.7408704819052359
9001,0.8087539680029353,1.4538313132037004
9002,1.1649399873839483,1.1483626274170626
9003,1.6959934235211018,1.327267941862427
9004,0.6348987955283089,1.5466265751957895
9005,0.8220293452099503,1.6998658227671926
9006,0.8579806560618475,1.2335750308188471
9007,0.960449545528355,1.6588337079570004
9008,0.5227034842111988,0.645813409591
9009,1.1051797134334338,1.4058914605498591
9010,0.4378636495293627,1.1513228205579955
9011,0.5106722077571741,1.368446375180371
9012,1.0694599116087713,1.3373784553998174
9013,1.030039209401758,1.1154990740147501
9014,1.1723635769701706,1.038368751167139
9015,0.8565623444443594,1.4451420947854345
9016,1.1292227304684794,1.6689743223840194
9017,1.128806366510418,1.4791488288171981
9018,1.305079562564957,1.4265848061123765
9019,0.5968885883485379,1.6099267564126807
9020,1.3070352050973992,1.5335389608389043
9021,0.8051195766276213,1.1531706970649773
9022,0.7243894270998992,1.3104697983827982
9023,0.5686092446333469,1.6568649331364085
9024,1.2787603377916232,1.139118162553054
9025,0.9260231225655633,1.6254602704659753
9026,0.553450266529231,0.8175360566186669
9027,0.39767794289169833,0.8800452090232214
9028,0.8925413701761243,1.8351253927240765
9029,0.9807640683780872,1.2281014446864076
9030,0.6064151601458191,1.4071991389297187
9031,0.7249500286920495,1.578164089364143
9032,0.46619773373309714,1.5146253048670348
9033,0.21846477953053214,1.022099356271065
9034,0.9124727849583271,0.896244253467674
9035,1.2431069702691684,1.2546847997020854
9036,0.783247467526662,1.4215150331569149
9037,0.7672224086868336,1.8469683068262561
9038,0.8853634024200032,1.6912597866562604
9039,0.8317906420706392,1.5214614691415327
9040,0.7895902188195215,1.6485984150377149
9041,0.9248591096702584,1.2950973627114462
9042,0.688831349739551,1.2437945027870783
9043,0.48752837620869177,1.430378655075386
9044,0.9125389824741807,1.5992295060643824
9045,0.5428323403483466,1.3226852325959324
9046,1.5250331189238804,0.752471815266299
9047,0.46008747155160323,0.8772543035813809
9048,0.7917074337463016,0.8197446073141075
9049,0.8425916172566449,1.3794149811192455
9050,1.0815034262682512,1.5908866030422528
9051,0.6357715684219816,1.0044359134884795
9052,0.8729688663054221,0.8010315266248307
9053,0.6765058584040514,1.1814109696627308
9054,0.29704293805603665,1.0313249912437783
9055,0.915824609597539,1.2701858810407387
9056,0.7341912719052829,1.4280978204631438
9057,1.019018966963751,1.0117722127042705
9058,0.8555123182592105,0.45888453897398174
9059,0.9133088880614848,1.5143591690462936
9060,0.8198359656520229,0.9761319017749177
9061,0.37929004134756056,1.2616331249669392
9062,0.6649637305924996,1.3687884559207086
9063,0.3799328945140395,1.5071134453155826
9064,0.526142728845462,1.2924047009842912
9065,0.7432817570156719,1.3654991385474944
9066,0.3530515809479144,1.4552009125230203
9067,0.4277894040014012,1.4083658606199103
9068,1.1034237940821705,1.5629848317377655
9069,0.724743667625954,1.5580650918542926
9070,0.7460299226118502,1.3632640450118858
9071,1.039519126638296,1.7685948742839133
9072,1.5205311749512478,0.9669272016908204
9073,0.8920067990528384,1.6134714876880905
9074,0.413479135153617,1.0781679916263416
9075,0.7445072752076757,1.6974448204462182
9076,0.7103600562623389,1.2372431216246
9077,0.7744875823457266,1.3840364098805584
9078,0.586314936434505,1.2932229393312966
9079,0.23170186352767297,1.399578682833419
9080,0.4713937924193322,0.6861952271537384
9081,0.30061504751645707,1.1148145709579154
9082,0.14082494933534068,1.1880506616196755
9083,1.214358299051495,1.7597183793544717
9084,1.1268165187506103,1.5509458888361785
9085,0.9914590766292333,1.4473791643286622
9086,0.20026544789153367,1.601781116397698
9087,0.2746140927552292,1.1915657129043207
9088,0.7398975623850642,1.6131867301251481
9089,0.39859627650036017,1.3552088397543665
9090,1.1978799140007284,1.6595800466188906
9091,1.0360713150290428,1.3739914859311309
9092,0.5817647934346816,1.5875090599217097
9093,1.462074655102846,1.0405146700335175
9094,1.2445360854683392,0.8287531772679286
9095,1.0992660193849502,1.1158402690623177
9096,0.8068936449946379,0.9183002512672531
9097,0.6204406010654853,1.7387152634823517
9098,0.5977279447646511,1.1464809460045022
9099,0.35014641336834473,1.6620947916105668
9100,0.7189233120650911,1.4609058369450003
9101,1.1131128952065352,1.2894585291605045
9102,0.5523623890241013,1.9271251920486427
9103,0.7331384211771886,1.660211630435683
9104,0.3153002493230259,1.4351332033561386
9105,0.870912203271898,1.4473226207981305
9106,0.6512622692586836,1.2380395863725564
9107,0.7819816175399482,1.0788034412998702
9108,0.620733718315436,1.62246052521736
9109,0.9032928828322188,1.4817505719127282
9110,0.7804985283295574,1.1810931342427913
9111,0.7227957793270848,1.482227912765289
9112,1.1189418819065444,1.2663395228444334
9113,0.556520158933897,1.2791152036276454
9114,0.9647492689292025,1.3604424250073577
9115,0.8461382430252133,1.4763926697307344
9116,0.378749133139626,0.7648866110661874
9117,0.38105360899297214,1.4667179701609139
9118,0.35830039125791624,0.9743294975604604
9119,0.45409448281499876,1.668898426533624
9120,0.6670054126344409,1.369952163648688
9121,0.9293675272666551,1.6248379762212317
9122,0.6983968643127167,1.2139110718664807
9123,1.0366748551569922,1.328395173709675
9124,0.7735177540065511,1.4627599435172687
9125,0.7838695251687018,1.5257691406696137
9126,0.16048754875518212,1.6420205304873172
9127,0.6397836406890104,1.2312229216707058
9128,0.4061886703230174,1.4731242307881167
9129,0.475339830401864,0.8585657607879615
9130,0.8495880585208053,1.4863444842938107
9131,1.3486507122287918,1.3535978600122105
9132,0.8639361983077812,1.4622805611758545
9133,1.1783208690903975,1.3126980329953257
9134,0.7241606081451367,0.9967188668647582
9135,0.7297388796188401,1.2656326702640581
9136,0.6720858364183963,1.3468827223104114
9137,0.7782142406782684,0.9748162763428396
9138,1.0538961739134272,1.293509533647258
9139,1.2083936942800484,1.3230649082605062
9140,0.8789211900363199,1.7702830197694
9141,1.1799650420281051,1.3442113349407918
9142,0.8091052959810339,0.9826889632833848
9143,1.2389923202349264,1.75797326914953
9144,0.8460095797801332,1.5813030760995674
9145,0.4027644469418557,1.1184604150169692
9146,0.5993159323761147,1.2279530083622652
9147,1.2629496124182578,0.8916796873127564
9148,1.1165512696119815,1.6605655767169296
9149,0.8325519948681239,1.1635661068394998
9150,0.8830030224917276,1.0425192702595114
9151,1.1978449388145893,1.3579312875296117
9152,1.0008701437855831,0.8590990818725495
9153,0.2849411153672822,1.275667252908446
9154,0.881550758824869,1.6483947849256115
9155,1.580302648018593,1.4282438912456579
9156,0.10610245934059209,1.2398986512161514
9157,0.6157155928390824,1.2515680924031432
9158,0.4661882077175758,1.4545762978735572
9159,0.29543265584041817,1.1568888279230158
9160,1.2559481456393893,1.6560141270036204
9161,0.7575920574092109,1.6483922862259646
9162,1.3106696991880245,1.2887768406812494
9163,0.5198559963622589,1.4015127666063951
9164,0.3536605401785409,1.5333953960544127
9165,0.7749692152031725,0.9288897428113372
9166,0.5949947884321336,1.1455589735253364
9167,0.6054547223197835,1.3866781679726368
9168,0.17676890323528938,1.201964610292336
9169,0.606669422490375,1.482308567065141
9170,1.431487805516407,1.557268526868894
9171,0.8077987233553343,1.476339149829488
9172,0.9181906309406476,1.6277797486759111
9173,1.1173624139787954,1.542381648600463
9174,0.29569493166371497,1.570636852143318
9175,0.5945553523964031,1.5542809817135286
9176,0.866831069479995,1.6051094619536905
9177,0.0770450483502002,1.7277850846071672
9178,0.559019063213693,1.4159970478455743
9179,0.8825368305409911,1.6513295121581892
9180,0.43491057946796097,1.2378749095602741
9181,0.8115112405362754,1.4791367610681898
9182,0.4133987854475922,1.5391921163733868
9183,1.6434268466896516,1.3339248825333927
9184,0.7793034739493463,1.378177685249366
9185,0.3605527190645002,1.2760911140423596
9186,0.8772345394662384,1.4971545582344206
9187,0.7659554009856452,1.0767883025491407
9188,1.071920934599239,1.2559444651197584
9189,0.7004810400950467,1.2488414194215316
9190,1.430644752533628,1.2978892264591462
9191,0.36037525408111404,1.4492647734137365
9192,0.8439854225550631,0.9073590912313096
9193,0.9897934452366174,1.1805589561199534
9194,0.8453831238342046,1.1402265725712923
9195,1.123817968974742,1.0693859185099028
9196,0.9898972914581713,1.6353583901966084
9197,0.8844140494494179,0.7835570677581316
9198,0.5153633084763606,1.3557441301677438
9199,1.074562849431231,1.7028129404327683
9200,0.5659111259402532,1.5238195402896202
9201,0.970460394795991,1.5082573134706276
9202,0.4806351457253792,1.5602353910503404
9203,1.1870579572967643,1.4001920562076875
9204,0.44172991178424265,1.3140783758243266
9205,0.42841100710277963,1.4097696789992824
9206,1.1057651002629205,1.310131440112491
9207,1.0470188596988277,1.2052525607774371
9208,1.2301237831336131,1.5074745325249377
9209,0.44990197162843015,1.4085320403496588
9210,1.0460387786672278,1.4481361114200857
9211,1.3338596266821365,1.6248837950226958
9212,1.1038889883055885,1.2940875192153514
9213,0.49569348536807756,1.417349380527134
9214,0.8309693900853135,1.194182363844408
9215,0.874169307063266,1.0330056125435232
9216,0.4101202894943472,1.6167793951060483
9217,0.74769109050597,0.8766173372887813
9218,0.5394759116719904,1.00085543411125
9219,0.4420901151981494,1.0672697898068715
9220,0.8684135940993104,0.9917250367147812
9221,0.8972216467712768,0.9624873865071428
9222,0.3348795876740895,1.0600795944309245
9223,0.47726780886326103,1.7818679743535706
9224,0.7365680889933794,1.2551828730556005
9225,0.7759559908272214,0.9635842832273753
9226,0.7457998319846947,1.505757582337301
9227,0.5682244764176699,1.6649928877653513
9228,0.8204346302470732,0.6413979945135548
9229,0.7466852374650603,1.6255036552346587
9230,0.7703506420694348,1.0592571717695645
9231,0.8118667616934813,1.744212243042023
9232,1.0054902755149318,1.2940761000335188
9233,0.6287437624878145,1.3248981763363488
9234,1.1412516775092987,1.5826974479584288
9235,0.8787905750440721,1.5228248622564218
9236,0.6358626477578391,1.2096496461678359
9237,1.1504423397616803,1.149178735420582
9238,0.5278724321221357,1.875954684026096
9239,0.43288984491193067,1.8303099909581784
9240,0.08723467232824789,1.6297768731938358
9241,0.2974049678525689,0.9550278126361145
9242,0.24203801304247052,1.5772731192170724
9243,0.842549705618477,1.505898375485676
9244,0.3433091998314387,1.721356665837075
9245,0.7974345792725379,1.3854585693295836
9246,1.0253173692782735,1.4012155152073333
9247,0.8817131972676759,1.6285154873978307
9248,0.6838860818037182,1.0646784329387176
9249,0.5163807795975076,1.1132687405471975
9250,1.0452907805864482,1.1488365359266062
9251,0.8198802646986653,1.7515574077532148
9252,0.8840328092798052,1.6545892732866607
9253,1.3514878345088464,1.183520251648516
9254,0.9642439422788716,1.4851427744436059
9255,1.044456916096239,1.1022995556271415
9256,0.9126234982629604,0.729503905466599
9257,0.26750621869100755,1.1639332001349374
9258,0.609336933505253,1.5318792712683122
9259,0.7153490310616701,1.137650184807878
9260,0.4259409792020812,1.6098261972020664
9261,0.42343125829397177,1.3234114817319211
9262,0.9030060749399081,1.5228002289066722
9263,0.6360208751153399,1.5859409986294994
9264,0.40610721617753315,1.3718610195493666
9265,0.6512218294070864,1.1682173132706215
9266,0.6223958666534435,1.1474381128379019
9267,0.8199380141657683,1.481413840898966
9268,0.5552966927342377,1.2717707482966363
9269,0.8588968028545383,1.6100584268148688
9270,0.5820985599540742,1.259924652567011
9271,0.8792460660070528,1.730814083308206
9272,0.23701962010875977,1.2797103325717818
9273,1.2087444672092067,1.2072305751574186
9274,0.7691373110249954,0.9568939003203598
9275,0.43800402606048555,1.2063606074707753
9276,0.9886736071259902,0.819646458881518
9277,0.3731158791030219,1.7424390875576177
9278,0.8849769914637287,1.3074931076174736
9279,0.49213288828715057,1.679438300118162
9280,0.2831712779492148,1.115441408203118
9281,0.5769949512082229,1.2057958388052321
9282,0.7691962705579221,1.4283664947815404
9283,0.9396948625124247,1.435660999439871
9284,1.2510774391547155,1.9697221397781761
9285,0.32783497758140384,1.6190401695551342
9286,0.7486399848526968,0.94018586426453
9287,0.9175806654072789,1.4068586946114772
9288,0.9836133176447567,1.6534780490828136
9289,1.0356514196913864,1.3056528526180444
9290,0.700512319225331,1.3978634422844607
9291,0.095513795969268,1.7152684933942544
9292,0.6814743535408083,0.969063322086281
9293,0.5097648247160959,1.2163785719759428
9294,0.7978353679139721,1.5976328438843717
9295,0.8223083909317138,1.7100528857583601
9296,0.5457375769950439,1.236464881356481
9297,0.9671434290110624,1.3166860731074714
9298,0.2771194160540098,0.9183813027407421
9299,1.1169170675742361,1.2948621442256498
9300,1.1784102945244108,1.2407469562664764
9301,0.6522156857559903,1.596159718756949
9302,1.1490043519181161,1.3960631782709516
9303,0.35487844290687665,1.739923996388318
9304,0.5674393864971464,1.5091452245730121
9305,0.562228119788608,1.4334893356561738
9306,0.5984362717674967,1.5694191032593374
9307,0.5823250787303434,1.7752204754829422
9308,0.4856174501779194,1.5903484809404502
9309,0.7142553667222058,1.4669312609152256
9310,1.4335728853257168,1.73200798808846
9311,0.8586592607408043,0.6181905814435698
9312,0.8637007798224627,0.867578851048501
9313,0.8174621919437218,1.787389617475899
9314,0.7471877556637664,1.4346436421102253
9315,0.36825983731792633,1.5530079772321197
9316,0.9226803674815084,0.7478366567864296
9317,0.8357100193859066,1.2121053642962027
9318,0.5527094001768663,1.4472827229768552
9319,0.5338793223234147,1.67970792809592
9320,1.3119238446423518,1.2642515876346834
9321,0.9514002100247608,1.3960746793391476
9322,0.9426745662419728,1.2345749772828452
9323,0.35566112025444907,1.0213904343267366
9324,1.0961176792751604,1.5666241615390817
9325,0.8642294873647164,1.0374036255710153
9326,0.5314447166071357,1.24437247711124
9327,0.7833587028366293,1.4593176904821954
9328,0.9839483316138298,1.4163001538794202
9329,0.7352157938980426,1.0105311044768577
9330,0.8628290758148672,0.6572498883598619
9331,0.6718178169216537,1.3362471563245495
9332,1.2009871989852412,1.374743088648689
9333,0.46198796795212155,1.674221052944072
9334,0.6977854699251961,1.3060309725760961
9335,0.7681607031108615,1.2562437688944494
9336,0.3555915361325111,1.6324481378235534
9337,1.2619182453012951,1.5550498764089358
9338,0.771406003882995,1.0499071200650796
9339,0.9784652751727532,1.2842176426394754
9340,1.0253562348501573,1.5133513771647447
9341,1.0951037213530708,0.8016591890948219
9342,0.8846565557014378,0.9961704921801997
9343,0.33780020921756604,1.6619706557070062
9344,0.6783050320075446,1.2927385792201913
9345,0.6151742203917663,1.626866429819871
9346,0.25856458878502236,1.832801916433123
9347,1.0483198016619562,1.2766751181814768
9348,0.25411964861062897,1.5274284969620175
9349,0.2952818576931789,1.6036844398086263
9350,0.2855673777967934,1.3264177953456386
9351,0.8883097532664671,1.3049197145228955
9352,0.5319165726807609,1.6970885213514195
9353,1.3182240438798878,1.2474564895060303
9354,0.811377636480999,1.5401046400948935
9355,1.2049401553162176,1.432047118089399
9356,0.378074571762248,1.3979330016790867
9357,0.9725751459211964,1.6058087554187255
9358,0.32640803558353576,1.62687744541407
9359,0.6380420598366239,1.155368007552192
9360,0.825652662854337,1.1713345260524042
9361,0.6532284674459335,1.2253012424336285
9362,0.4331010837885179,1.7429307179493068
9363,0.38963423003121556,1.2000855124972936
9364,0.6654965115064533,0.7750918918119512
9365,0.465812902628513,1.6150872189707992
9366,0.715748612951546,1.4208004977253705
9367,0.6858500733966134,1.4366091379861254
9368,0.4811639748697114,1.0417965448343824
9369,0.8163787590590795,0.5468885677803554
9370,1.021840449790459,1.7639625801299048
9371,1.380327230315442,0.9479053622112634
9372,0.9455718943543477,1.5259776252538193
9373,0.5413792104177169,1.6723835512241512
9374,0.40711888547159186,0.7622523794881948
9375,0.7413215014993721,1.056761484178136
9376,0.8536572879858373,0.9896416191824429
9377,0.8878815246556053,1.15024246155116
9378,0.674712277651465,1.4028189078845277
9379,1.2079442290437727,1.4178517213775428
9380,0.5388980141000715,1.2009712216397015
9381,1.4172069652649057,0.613553716986114
9382,1.1290819623298467,1.2118059696636814
9383,0.793328833810895,1.3439215935739113
9384,0.9218522833394349,1.2138515910827152
9385,0.4152053441859609,1.459207720711703
9386,0.6225470374370902,1.07178955631613
9387,0.4077053865756764,1.7242975623102792
9388,1.0825061007000034,1.381469413932633
9389,0.1892789237018207,1.3255508266696818
9390,0.43774368847896594,1.1604419716489875
9391,1.1055305369315973,1.2457146489504254
9392,0.873781677169966,0.8947078335587448
9393,0.21652931373388506,1.1537908398583858
9394,0.7664488031442322,1.3715040050311949
9395,0.4296665026720318,1.8498645604651198
9396,1.1774902984625082,1.346699236507099
9397,0.7856917552915449,1.1946062326780447
9398,0.531965621836963,1.4534777809524249
9399,0.7670119434573369,1.7804964323297996
9400,0.41967298575085027,1.0128736345560352
9401,1.65033819968639,1.5693802374388555
9402,0.40001029374628844,1.553485206949315
9403,0.9680732249195967,1.4772858960096587
9404,0.689210922712126,1.093842446696873
9405,1.0517619004961734,0.9965161705043926
9406,0.7662178347465581,0.6343877775211175
9407,0.9215513054143171,1.1979741757834523
9408,1.6431774375376766,1.4085677592460968
9409,0.46917208290057555,1.6780823512564464
9410,0.737002865679729,1.4692276499144872
9411,0.6494118095869699,1.389572775826758
9412,0.30990672668368446,1.3225958043850894
9413,0.3934924748261553,1.8512242319150192
9414,0.33396101601753836,1.142209191939167
9415,0.7169038435023508,1.3091399016104424
9416,1.0966126738979718,0.9354667673064585
9417,1.3372645396738698,1.1768517976016892
9418,0.7569720403687568,1.4243345788428887
9419,0.9032627793025955,1.6654988228130732
9420,0.5045514408531522,1.1616349929908956
9421,0.41240278868977626,0.9082156992974195
9422,0.6027711103228172,1.5847757374723221
9423,1.072020775558066,1.2159595618563348
9424,0.7278164197845355,1.4217942222820743
9425,0.7801083612774843,1.0824406896075514
9426,0.6419019977647166,1.5387860747749742
9427,0.27115297578844905,1.0627146474696378
9428,0.5317125408435118,1.2769347291617068
9429,0.41126943603616906,1.2429012517746032
9430,0.6348435552887524,1.4781476264713356
9431,1.1165872568903636,1.2067279874266184
9432,0.645129024000618,0.8588448867501743
9433,0.8905044806896752,1.4819580637967045
9434,0.41384080280869573,1.4394922935048733
9435,1.0660197394578432,1.3732311696271235
9436,0.6987992455703503,1.6228212917769973
9437,0.5914850341141704,0.7621262640215687
9438,0.712759464208948,1.6994973954851318
9439,0.7761210030664247,1.5366625241477874
9440,1.0746257187377921,1.3662137619531114
9441,0.9916728431599616,1.0816681708087061
9442,1.1320200018303659,1.7514921385545967
9443,0.5569773564704694,1.5705682810687154
9444,0.41871435062425805,1.2455728320117458
9445,0.35390184389455376,0.9940728129501304
9446,1.220962863094342,1.0493170421641564
9447,0.6036217905889878,1.5396672518267374
9448,0.800415132226485,1.5749890454640987
9449,0.3355838248851884,1.4671660666169712
9450,0.5896238806852775,1.5331431911653501
9451,0.683120205322584,1.6707262431466867
9452,0.662382301335353,1.3369086543181172
9453,0.7267939810381642,1.5092571551822653
9454,1.0124005502663025,1.565892226156525
9455,1.224443868061395,1.5986066811201471
9456,0.32240161280832014,1.6064012838421322
9457,0.8355775790521607,0.5868432813863413
9458,0.9274671733359023,1.2963776543596364
9459,0.7195789333062275,1.3704973533553892
9460,1.1524020783020883,1.1518505591475727
9461,0.8061914892721653,0.9132369076701619
9462,0.5384832201321583,1.3602708402316055
9463,0.5731665048045864,1.5737399329800925
9464,0.6858512141165242,0.707983474425061
9465,0.7997763934046311,0.7048249803347657
9466,0.7355538519708117,1.3840850944459024
9467,1.139652878370258,1.0038123335723221
9468,0.9813439540498047,1.4592237402711796
9469,0.5980419486318566,1.259537177732681
9470,0.7554520330156274,1.3144451221341082
9471,1.1077153204500925,1.459072377630068
9472,0.4085246297717322,1.7022694097423976
9473,0.279197972411102,1.307837625561673
9474,0.49561282106552407,1.2083321620812773
9475,1.2366116729500902,1.263692644073263
9476,0.5969823054525386,0.6785365719670495
9477,1.0981020375211326,0.9056452131505881
9478,0.6542740100262013,1.5212328745911368
9479,0.88035337807152,1.07390445797216
9480,0.3823677038679695,0.8903544842166657
9481,1.4748264158524733,1.4919027295813636
9482,0.21422338473509323,1.5523629236619563
9483,0.9308212941525761,1.4135715113653422
9484,0.3744367277997883,1.734635418373664
9485,0.8788811272781348,1.5388612773825476
9486,0.5587380425225853,1.0243944360085888
9487,1.171150814886964,1.232907256993639
9488,0.5470780001840375,1.5529388992054145
9489,0.9522179548518377,0.9852099330056614
9490,0.423769277539884,1.6346946210827658
9491,0.8742543335631862,1.005755864711412
9492,0.6954219130344779,1.4370216475448645
9493,0.4493207275428329,1.6828209063781627
9494,0.3208845436820615,1.192224739337516
9495,0.9969533468171482,1.5392836469074815
9496,1.2951324166044578,1.4107861607524634
9497,1.1878691105560533,1.6638480960659086
9498,0.8919584644968265,1.3866959026125467
9499,1.090475746799873,1.318760011751471
9500,0.6087263899213712,1.3952500432256811
9501,0.7681908345093446,0.9836656156330195
9502,0.4518671058278305,1.1314290531950921
9503,0.19493510476916018,1.1583621069188252
9504,0.870474389419483,1.5563984676097835
9505,0.49348474636628725,1.4815950479493187
9506,0.7242099494010587,1.1759942787682367
9507,0.7771153502998863,1.677906614929336
9508,0.6392417313948368,1.0658825364937043
9509,1.13473359245255,1.2229905119757094
9510,1.087521946060253,1.209856621984257
9511,0.4603027859337076,1.292785256355462
9512,1.2827459967449046,1.6023092283116176
9513,0.6028831464019672,1.7595880995501556
9514,0.6214958678106693,1.244341942106292
9515,0.5296175144206466,1.1990663529410548
9516,1.4718418906195734,1.410445386493237
9517,0.6116924952294938,1.4942493514795432
9518,0.6767533873079908,1.4101664105803229
9519,1.1049961289684502,0.8436711089644167
9520,0.707729264535434,0.9623281725044073
9521,0.8652340022568165,1.414467230582388
9522,0.9838632631905441,1.265027837953082
9523,0.6578868781149215,0.9591711829716185
9524,0.5398996545373502,1.3492643182418669
9525,1.0024503362279806,1.3759906269006605
9526,0.4214133420163301,1.2262668098876612
9527,0.6234570120491949,0.8957795731341092
9528,0.8282206459314599,1.2140110775450923
9529,1.0020586284085662,0.7840015389563311
9530,0.6762491470570798,1.5128343455193067
9531,1.0262355726028307,0.8539209637260845
9532,1.191276439486628,1.0830156506653243
9533,0.8194593536197188,1.6042908101828368
9534,0.7146244132256894,1.2728670946695222
9535,0.5660338939662148,1.2249192166724516
9536,0.66498387542399,1.4935514802049998
9537,0.7120895289829247,1.1517485088281607
9538,0.5821746964439273,1.3228382016970683
9539,0.7969897091328789,1.460926270319901
9540,0.34942012171159575,1.182511613103999
9541,0.6317914929589308,0.9785176527679509
9542,0.4196431381960795,1.2296826875952869
9543,0.5911907545895444,0.9617194518247014
9544,0.4281434186705095,1.21035662035742
9545,1.5567763996352908,1.5046227515419792
9546,0.28701712646898037,1.0426662537674876
9547,1.0212188650966878,0.9505991780201084
9548,0.9935839071222756,1.9528347101691332
9549,0.7960405426598473,1.770836114838672
9550,0.9061622757624663,1.2134753422808986
9551,0.7908142444987544,0.8920812176319612
9552,0.8025464857084422,1.6261740604425372
9553,0.48635886971860925,1.5115433285443074
9554,0.8958912045852789,1.6888826695442007
9555,0.8203923230756577,1.5951615255325353
9556,1.120317504425624,1.2012719028719219
9557,0.5143818073699022,1.7229178925548583
9558,0.26077612009108053,1.4128443502025303
9559,0.9338971218843243,1.3098755658027783
9560,0.35725548021288145,0.6406019459873287
9561,0.890326109021209,1.1715674037526087
9562,0.5579503403253944,1.0363045965905462
9563,0.4180625139305729,1.1743151593388328
9564,0.8327563280931168,1.3180741692801075
9565,0.7549101161566474,1.0478924908928828
9566,0.596787316425941,1.5956779950403464
9567,0.5926453163637606,1.5068360320876053
9568,0.712251039536128,1.9025852215959438
9569,0.9027056149133097,1.663397414478468
9570,1.1366969899929398,1.2310404832563622
9571,0.6368458755512163,1.5090632220231297
9572,0.4091815588816198,1.3481895980973202
9573,1.0161946118285856,1.526541403137502
9574,0.9013424109774849,1.2425080857330966
9575,1.074737242782771,1.2810479826272656
9576,0.6135014530043321,1.0413440155775646
9577,0.8973740946441651,1.6058170617255363
9578,0.6146234255043228,1.4633000846608688
9579,0.3027788942569984,1.2238761910606024
9580,0.1262117406422742,1.0331630607437408
9581,0.8144323085138387,1.735333807042487
9582,0.7476244075144819,0.9345856268512198
9583,0.7688860380806436,1.2291542814167258
9584,0.5941044922955258,1.5011534556921269
9585,1.2026476182278265,1.4721473046385516
9586,0.6708946302629989,1.3882555403783803
9587,0.6957694026868595,1.5496672210709668
9588,0.760853053589593,1.3951009221724
9589,0.7475214635921553,1.4630621688159469
9590,0.8010303645462473,0.979052175521254
9591,0.5001414441494771,1.0233636075100105
9592,0.9546788887487675,1.6793964781558834
9593,1.0068124093499855,1.4771637579404484
9594,0.7922630148940755,1.3336615302626045
9595,0.306495307006034,1.3430021115739166
9596,0.7159663981661015,1.1578825878597891
9597,0.5207640291836229,1.37655135387886
9598,0.5951543506877909,1.5674271689121848
9599,0.6107811030775956,1.7430373778543105
9600,0.7513159653068749,1.1804061899923481
9601,0.5759005509609625,1.569655278046104
9602,0.3012995263192812,1.3261553127070642
9603,0.642445667523917,1.427344613551612
9604,0.6264549062780581,1.2041187262000572
9605,0.12939956076835,0.7497339888493395
9606,1.3873258264582675,1.3682963231370637
9607,0.5398865848649465,1.3902396750822832
9608,1.182948049961725,1.5100912993246827
9609,0.8134212061508177,1.3279659752118618
9610,0.9347255781335602,1.5606489529283287
9611,0.2003916303155862,1.2838812427074697
9612,0.44457823925759765,1.6755615391416594
9613,0.2465577451363458,1.0838472359661475
9614,1.1645110290640168,1.0608540335334995
9615,0.6197255696231471,1.789634937318797
9616,0.23137237485019835,0.9957094819680332
9617,0.3660121660447101,0.816738632452374
9618,0.3697018962962473,1.208666337978284
9619,1.4051703882025341,1.1405416982887715
9620,0.8108759440732869,1.425948618774922
9621,1.1078027366210188,1.096384721097557
9622,0.7470933611143048,1.2739796004203245
9623,0.8190128057248262,1.8419388702602462
9624,1.0850272580385985,1.3348729784717186
9625,1.2263972008548045,1.3608347284325029
9626,0.397775234020168,0.519163302864071
9627,0.4796326880156387,1.651259905909706
9628,0.6678180290400603,1.6456942839316624
9629,0.7676104121290587,0.9876130977502526
9630,0.8579845865907315,0.3181081277225435
9631,0.4537019907924665,1.3018388041673714
9632,0.8223081978130634,1.0441151440118022
9633,0.6532174176931862,1.6675434770606943
9634,1.0396375203739898,1.4874436222369156
9635,0.9735864819559896,1.5938203334878822
9636,0.8949875350073844,1.780772904324247
9637,0.978227663977849,1.3596189314553002
9638,0.18949260865389891,1.5642133296286995
9639,0.4304076172869644,1.6318597701012238
9640,1.10681517547904,1.2307207555014226
9641,0.5630417854032689,1.5941606587945363
9642,0.36303042956296355,1.5199160279007957
9643,0.8807938135027046,1.5913297203216032
9644,0.7949278974966347,1.501529792373043
9645,0.7936744284652419,1.6135924998076354
9646,0.6861572182029222,1.0115400845930118
9647,0.478708272422382,1.4461111388831578
9648,0.7648924506588596,1.487976537560191
9649,0.8609595729206544,1.475240751606541
9650,0.47643472877467324,1.114748779113759
9651,0.861250707757333,1.6532262755603786
9652,0.3624985998997109,1.0784641697499882
9653,0.39025321794230905,1.6462810547829925
9654,0.8781043685312395,1.2849705945031196
9655,0.6147999538194412,1.1241889722967968
9656,0.6542070940967532,1.558389148919233
9657,0.30701903908220174,1.4921702992490622
9658,0.9149691784798464,1.3555258709103453
9659,0.6532084718544803,1.57600204218204
9660,0.6250678041564117,1.2747488928332935
9661,0.9403077804366516,1.4745948836756715
9662,0.43547344808157284,1.40004000309185
9663,0.2838288004508041,1.7288442835743147
9664,1.0051308086852773,1.6166979211880372
9665,1.2540666811545906,1.2175548590480358
9666,0.48990853047349847,1.225093215256272
9667,0.877377789970232,1.4513702803786437
9668,0.4972973876051536,1.6806403713009563
9669,0.7715206690770071,1.8645388074546696
9670,0.6464162034376922,1.2644236784042744
9671,0.6818030296246206,1.3117065777439176
9672,0.9280797920104581,1.193159381814846
9673,0.8872631355936229,0.8457488756781695
9674,0.25453686607329495,0.5344967575731303
9675,1.0126239872379246,1.4426665664646663
9676,1.1182333326342255,1.6534374436158517
9677,1.287960591519072,1.3464508141857503
9678,0.5603722678774399,1.8838111648206182
9679,0.6761927068485271,1.1532370405389636
9680,0.6833027407827597,1.1553544243022458
9681,0.8294719006797812,1.460276559120368
9682,0.5332790721887741,1.423672822171603
9683,0.7997647378887364,1.5256109013050005
9684,0.6925126678353928,1.5241772843900174
9685,0.558880217722589,1.174359952292419
9686,1.204676133409118,1.2616453197633954
9687,0.8909409227970152,0.8948010514349503
9688,0.6281493121241438,1.4067742368089757
9689,0.7905031706367253,1.086246503165442
9690,0.1490792102664337,1.3251253337453628
9691,0.32732538735610606,1.5554418363102704
9692,0.5900729535607621,0.9719383290560517
9693,0.5952501762770364,1.5532768633520513
9694,0.8904168098337525,0.8784545547654221
9695,0.34830522671996317,1.4624912324191746
9696,0.2981405563436131,1.0834892098551814
9697,0.4223199084250854,1.235655057860224
9698,0.6194352175527532,1.4115081853083948
9699,0.6445170179220608,1.4458586454732942
9700,0.6440445278135053,1.228815383351664
9701,0.7996824177681878,1.3582969204029436
9702,0.4415708051914965,1.3096714840641765
9703,0.7655323914120782,1.586049644746699
9704,1.0831606169814454,1.6172748865408157
9705,0.8180911151220618,1.1804686422106612
9706,0.4439587708976405,1.188363298726279
9707,1.084433727495963,1.0299571202217677
9708,0.34049668353689866,1.3096442709445757
9709,0.7162535772884546,1.332887413270996
9710,0.8346625430778625,1.3587678904634908
9711,1.1109895601623692,1.0489671100251572
9712,0.660012683304872,1.1493471035049594
9713,0.6475800369973145,1.2818824447089932
9714,0.7000516776080831,1.4683022242792472
9715,0.6391342272338233,1.1921707856934567
9716,1.0610998648148975,1.6505412016930947
9717,0.8023608419661852,1.4662345398156167
9718,0.8145199559942123,1.4864870398257248
9719,0.6047370602415117,1.3709919474755705
9720,0.7983973823945125,1.2666483316154036
9721,0.5870548601635184,1.5295658485895207
9722,0.9442350600434775,1.4901471123986467
9723,1.1636180946522585,1.125379169684682
9724,0.6176853994239919,1.265535245695391
9725,0.472183715988248,1.1281085658390055
9726,0.3800787008151487,1.278720200423363
9727,0.5268001814376512,1.066257079139368
9728,0.6325204511217738,0.887510927688546
9729,0.5806003475437745,0.9862696398374746
9730,0.23009489818210555,0.5434240122002014
9731,1.1112968550734141,1.1700439182667326
9732,0.9892129951004943,1.6559366841834664
9733,0.49954242626822626,1.4560597910236242
9734,0.27395027131194905,1.7212301302314774
9735,1.1410256519286008,1.2099232026240623
9736,0.7970997683593507,1.0486464486243747
9737,0.1655433709818539,1.6170096406156165
9738,0.8066004015851316,1.6605532510449263
9739,0.6738334675481416,1.5768223812318805
9740,0.7839560014209574,0.9923046300466849
9741,1.0051710697589726,1.3917194011737808
9742,0.7099293648140813,1.474051199435202
9743,0.7192273101275956,1.1502315906289988
9744,0.8039405039172199,1.2277512510255364
9745,0.6446588051386697,0.9271111147603304
9746,0.8308994744312724,1.2073265791721877
9747,1.4293652597883202,1.4165328683178837
9748,1.0835693912089726,1.3287330061764662
9749,0.3541974612220589,1.0591728716305782
9750,0.879540533857439,1.0020318904502097
9751,0.36004175006977984,1.1899175136587012
9752,0.5160835961490341,1.6624689075904642
9753,0.953213094460103,1.2900356473901384
9754,0.977076300635649,1.6829245607710566
9755,1.3273745980543645,1.4118910592416918
9756,0.46835447109942946,1.6041341623851277
9757,0.6150561961932826,1.581321644338636
9758,0.8774434871811931,1.7371569713184045
9759,0.8959701147594332,1.4398195178311686
9760,1.3652693528391133,1.6547027757466566
9761,0.33215025056264486,1.7489723508200046
9762,1.150222416371682,0.9974084800402376
9763,0.0704129729739051,1.2775671959289863
9764,0.6510800545739445,1.6241791878296326
9765,0.9173175809503902,1.861311687153739
9766,0.7033856729895104,1.3699652009389607
9767,0.6640591066811986,1.7059309879641142
9768,0.5108158885078747,1.7461228376480284
9769,0.9057977615777841,1.5785772620625924
9770,0.753999322047574,1.1330154239015444
9771,1.0628826329953558,1.2463026725516666
9772,0.5389950956753862,1.4406356451305828
9773,0.7501842927409648,0.9502363058486702
9774,0.9683215566240728,0.9087795961239902
9775,0.7785858011100651,1.4313081965698866
9776,0.4057348770098334,0.7837193126682285
9777,1.4422310702120196,1.664171258553025
9778,0.7589095844237279,1.2195702128126995
9779,0.4461928287797802,1.4062959015945617
9780,0.4058154374277767,1.3959818398553976
9781,1.3110989908089123,1.3480243812195214
9782,0.5469132168929549,1.4788571964943618
9783,0.6572235334650597,1.3890211955783132
9784,0.778729531093257,1.2983082522850051
9785,0.9151185830688705,1.3072135983182136
9786,1.0281004766870798,1.5590685067473062
9787,1.2399590920365633,1.8375147972230221
9788,1.3426638616859858,1.2868247143584775
9789,0.6042792967264884,1.5768107249995644
9790,0.9705921291528502,1.2535402596038843
9791,0.4405172808732498,1.5133885480809992
9792,1.306215789099705,1.2747134220553553
9793,0.9632258202281697,1.3674080330729166
9794,1.4681201636336023,0.9670556486693214
9795,0.621686850409775,1.395290311577066
9796,0.5600322329085623,1.2719426903474051
9797,0.6845635145358077,1.188406451455314
9798,0.48245092361307107,0.9345413965708385
9799,0.2752253183409029,1.6852369080893073
9800,0.4085648697370104,1.5234513836478365
9801,1.1511791078166989,1.445474124262533
9802,1.2155132410244835,0.9445772436594961
9803,0.5485844173472041,1.2872565398538356
9804,0.9269797999537599,1.7477329242395205
9805,0.5396188801533525,1.8304420216190407
9806,0.4289308305108053,1.5563009326581814
9807,0.4827652254185164,1.3691975537548837
9808,0.41995854954740414,1.2680376974750098
9809,1.301916334543896,1.5438284641839104
9810,1.1476115287106818,1.6415712986484916
9811,0.15289247479461854,1.1310986773177834
9812,0.9859500953038837,1.5287599443391753
9813,0.5628344464226823,1.4912216006860348
9814,0.5744358642111438,1.2944793414029876
9815,0.500616613442886,1.333008923538518
9816,0.8926397489998223,1.3882350856311545
9817,0.8352216329224924,1.4607042405518982
9818,0.8018256638645792,1.3439249365821984
9819,0.8922512127810532,1.4637952523494124
9820,0.7199262313603393,1.3018904693207367
9821,0.3281008155758967,1.129834890306181
9822,0.8143059911735746,1.4831312352175983
9823,0.49807437781921626,0.948491161734005
9824,0.4965568275376962,1.641639601674456
9825,0.6311673089041737,1.3711176073294804
9826,0.8192941060802542,1.3994923318506491
9827,1.115812911040817,1.177559674230979
9828,1.192405287054689,0.5796969327960739
9829,0.3092668059858738,1.35426676197915
9830,0.6407966768228608,1.3480309510441528
9831,0.6342327231152072,0.8723248979294558
9832,0.8768106866520344,0.8102313024903751
9833,0.7386989729534472,1.3254000909734436
9834,1.453520248883578,1.3802730509425145
9835,1.1148412809988806,1.6697055329793402
9836,0.6811124412973789,1.3827030258340451
9837,0.6266234628385198,1.584916801130563
9838,0.8041325963705498,1.4015904711715823
9839,0.5897456283130431,1.3709081780584347
9840,0.9214240889671689,1.01825400381632
9841,0.9638925120173016,1.1480216982685048
9842,0.885519832405668,1.2127121424748715
9843,0.3718603008210581,1.4963630448679215
9844,0.6414592625141422,1.2776011952651583
9845,0.9461850915152645,1.340611918247163
9846,1.375326724720204,1.3653261541956465
9847,0.48269037915219015,1.3105941192905446
9848,0.9915936743816324,1.7218152216107432
9849,1.115833233541277,1.6194383051357093
9850,0.7855191524012605,1.2739059478908008
9851,1.2375054026517989,1.264109296532031
9852,0.3610918818992896,1.3761486072862665
9853,0.8186260001194726,0.9392606115553872
9854,0.8497474469510689,1.222600781832885
9855,0.7867911770043737,1.50939374547383
9856,0.8741734718476306,1.4300557840715125
9857,1.409468112038605,1.4389869554511616
9858,0.7899122234569307,1.017521456359244
9859,0.7500294228969347,1.3254559236764785
9860,0.16379480975218821,1.0822061065751776
9861,0.9619693798188983,0.9400969237233547
9862,0.5116965503477836,1.618699811532017
9863,1.0087639782076914,1.8479316641603072
9864,0.6286263435770931,1.1083512856336843
9865,1.1044541541487607,1.376567959408583
9866,0.3662866040782619,1.7440238827991028
9867,0.6610130280060078,0.9602434676561711
9868,0.12533574052896526,1.2467273138747281
9869,0.5229703816152422,1.5179538466518436
9870,0.4084632725452112,1.6503131937512987
9871,0.8858263446267067,1.568511025726672
9872,0.4512169195047044,0.9935978787517916
9873,0.5498591724863198,1.6462023678339026
9874,0.6126776320974342,0.878510091273871
9875,0.8076685283665785,1.0994274853652652
9876,1.177617358928726,1.1363669851095417
9877,0.9597101096366178,1.0554377519477272
9878,0.5841002072818414,1.4990006392964221
9879,0.8551960270528624,1.2943566088874028
9880,0.6976464885953435,1.197920856564815
9881,0.37553447288955827,0.8804267231879479
9882,0.9390320971268216,1.2371741608630775
9883,1.2392023646493315,1.595459058950721
9884,0.3573408495348972,1.178906020690404
9885,0.9299180210154723,0.9055245798852432
9886,0.6366462659476408,1.6041662237443024
9887,0.6684116505226932,1.2613770824911872
9888,0.9840090070124113,1.4676587438108553
9889,0.870027253629604,1.1430907180856393
9890,0.5188233337861181,1.6376993186641269
9891,0.4710492020213962,1.1848443784203666
9892,0.49500383808252346,0.6630124244330948
9893,0.1838484482947731,1.4217577039070546
9894,0.1228428291664648,1.0604582418122828
9895,0.37915866439133333,1.0306485201592714
9896,1.1029878519297376,1.033445407342315
9897,0.9819632212114695,1.6735453348974687
9898,0.26834560790633594,1.5798241968729214
9899,0.2153592562546686,1.6386746650258153
9900,0.8388288145759851,1.4524903369466293
9901,0.6960973493308836,1.8029175515618658
9902,0.8204975827333524,1.5537865778457642
9903,1.0912985210906285,1.083676673502548
9904,0.6414973557987875,0.4627646436136197
9905,1.20717868281072,1.0838453188213928
9906,0.916319309479176,1.5989842352928907
9907,0.45507850760986984,1.3673701595499512
9908,0.6188816025215123,1.517680691154993
9909,0.7605503637872801,1.553638575885749
9910,0.5515995843628577,1.1990316365395919
9911,0.9683473403912791,0.7620953540641016
9912,0.6950654935319507,1.677047653300505
9913,0.761194193205892,1.784335429615811
9914,0.49545044379104325,1.4520605410363419
9915,0.9831509420297471,1.325765209849046
9916,0.18036700431691582,1.1562365613179162
9917,1.4810244218201567,1.4765106247124127
9918,0.45255021106459115,1.3795277286663747
9919,0.33244459544834437,0.8488848049055258
9920,0.8281586322368865,1.072823505835521
9921,1.5295427545156555,1.3542064811771009
9922,0.5598219330471026,1.243937311638112
9923,0.6192125631909526,1.5020205825357746
9924,0.7266601374402596,1.1396868028376175
9925,0.5656817976478227,1.0968402507263506
9926,1.327816944379733,0.8416536973031101
9927,0.49313285499754644,1.364315255691823
9928,0.511706402274889,1.5428971387828603
9929,0.8523197471967083,1.1148689712294726
9930,1.4006918967296498,1.3022293040976214
9931,0.43575574777398357,1.6210029431389803
9932,0.6838451599493535,1.432997738850971
9933,0.4464966551614113,0.8937227778692642
9934,0.40047702925689976,1.371089449458105
9935,0.23583230163013563,1.5875713555183393
9936,0.25830192237518607,1.2605824252512825
9937,1.0797629080201878,1.785879841256976
9938,1.0154718941363374,1.0393968722450628
9939,0.8443205780783185,1.396778355877533
9940,0.8815012371762952,1.0431695671140804
9941,1.3356046775356267,0.7496478734320182
9942,0.38224596533244276,1.2870453284579124
9943,0.876552930568262,1.156072528855099
9944,0.44914727601726023,1.3587566617481348
9945,0.589734028215972,1.5258665924645265
9946,0.8783892077475908,1.5649992554557532
9947,1.272356729888771,1.5658005735246827
9948,1.0830272240977121,1.202549815750848
9949,0.6307626419559789,1.050211621250331
9950,0.6278486031477514,1.4922800403035419
9951,0.7313582466221233,1.3894746557997744
9952,0.6173608512410718,0.5331933230738561
9953,0.7111531903980348,1.2269598537787365
9954,0.7739234487907095,1.0376420861666784
9955,0.8365706022827214,1.0744513734369034
9956,0.8046201533949583,1.4905779295222188
9957,1.0924862671257485,1.452109429440858
9958,1.204026402906226,1.0225977325197064
9959,0.2032189231206173,1.0381580293358907
9960,0.6777895678963907,1.4281749645038948
9961,0.7723460756518332,1.2440179705837489
9962,0.36872558397255434,1.3840902006194549
9963,0.8584240938837545,1.0579121859953124
9964,1.0222507407820032,1.6832764854794329
9965,0.842027577255084,1.3772154266600871
9966,0.6798491764844796,1.6344112866143101
9967,0.34996784408410614,1.5383606219133035
9968,0.8550118844387296,1.4118836188607626
9969,0.6206694046312389,1.4640661373755393
9970,0.36672853315561393,1.4212525553377828
9971,0.11745134809790264,1.3759749166757662
9972,0.9103912343306283,1.5699931131613758
9973,0.8755218985552833,1.5284253611293046
9974,0.7184034775345304,1.4952382679905654
9975,0.9765236075011238,1.0439592151026011
9976,0.7561904222341536,0.8821428510429032
9977,0.2769946489717208,1.3109440394592347
9978,0.48114855780939125,1.7224668180828728
9979,0.2447532571065443,1.4172133576130364
9980,1.4779105939079313,1.9204579071790726
9981,1.0544215545762659,1.4717418328836944
9982,1.2983656499397216,1.6639738038315115
9983,0.746857635581421,1.270904850787049
9984,0.6355383753103093,1.3209742464610708
9985,1.4530539223530985,1.1739152659961654
9986,0.537854733513578,1.4707686063911385
9987,0.2987955921236471,1.5905436520311684
9988,0.7441229638672275,1.3375917571876381
9989,0.6098650523461258,1.3233270779280075
9990,0.7412809289214783,0.9900427218253856
9991,0.9344767505292284,1.034128731990566
9992,1.3170806887240025,1.870943308432854
9993,0.8138649784726084,1.0872535903883953
9994,0.951383280555139,1.122198936792211
9995,1.102954721484621,1.3561331192591402
9996,0.944667940459779,1.176594115085439
9997,1.0722888620545235,1.2626527160544363
9998,0.7126463522254295,1.2836694825715185
9999,0.9262745572891146,1.7056349459050855
10000,0.05655163910451547,1.0521825312477542
