panel,draw,t,a,y
1,1,0.2,2.0,1.221856080800452
1,2,0.2,2.0,0.533285962802422
1,3,0.2,2.0,0.8633872121850054
1,4,0.2,2.0,0.694254338953271
1,5,0.2,2.0,0.8637962255410823
1,6,0.2,2.0,0.7141551986963671
1,7,0.2,2.0,0.2580988053732767
1,8,0.2,2.0,0.37991145643176666
1,9,0.2,2.0,1.1735442854776024
1,10,0.2,2.0,0.5669251199274393
1,11,0.2,2.0,0.923856552781944
1,12,0.2,2.0,0.15529330221747198
1,13,0.2,2.0,0.8134984502307085
1,14,0.2,2.0,0.481648743435753
1,15,0.2,2.0,0.5056843768521858
1,16,0.2,2.0,0.25837777094749664
1,17,0.2,2.0,0.5686166878394067
1,18,0.2,2.0,0.48189580839484386
1,19,0.2,2.0,0.5188850124945333
1,20,0.2,2.0,0.516373647403523
1,21,0.2,2.0,1.1390344770185616
1,22,0.2,2.0,1.0909524812009643
1,23,0.2,2.0,0.4215968311838599
1,24,0.2,2.0,0.3137480567641481
1,25,0.2,2.0,0.18642114462275852
1,26,0.2,2.0,0.5242023664553955
1,27,0.2,2.0,0.7697694417546059
1,28,0.2,2.0,1.6992972495917884
1,29,0.2,2.0,0.587243569342844
1,30,0.2,2.0,0.29535334149598724
1,31,0.2,2.0,0.6814857492739858
1,32,0.2,2.0,0.05525071940341926
1,33,0.2,2.0,0.6707108578542146
1,34,0.2,2.0,0.4767231174394047
1,35,0.2,2.0,0.11269489547581515
1,36,0.2,2.0,1.1940692842500948
1,37,0.2,2.0,1.1006037951700431
1,38,0.2,2.0,0.3322435548076095
1,39,0.2,2.0,0.33761524712296115
1,40,0.2,2.0,0.9673418731260002
1,41,0.2,2.0,0.9323038261189015
1,42,0.2,2.0,0.3892883909999034
1,43,0.2,2.0,0.5435784932020173
1,44,0.2,2.0,0.5544492632222596
1,45,0.2,2.0,0.2086454246208414
1,46,0.2,2.0,0.6191341196400204
1,47,0.2,2.0,0.5808681566990161
1,48,0.2,2.0,0.3794612107188569
1,49,0.2,2.0,0.6253383437095791
1,50,0.2,2.0,0.6133274790914315
1,51,0.2,2.0,0.6438389993293478
1,52,0.2,2.0,0.5406824671716698
1,53,0.2,2.0,0.41122722372116133
1,54,0.2,2.0,0.20362739193147927
1,55,0.2,2.0,0.23662131350158466
1,56,0.2,2.0,0.5752077231954826
1,57,0.2,2.0,1.4690081737668952
1,58,0.2,2.0,1.0790471864467743
1,59,0.2,2.0,0.7301557641933571
1,60,0.2,2.0,0.7272151265147642
1,61,0.2,2.0,0.29024151398525844
1,62,0.2,2.0,1.172521936885921
1,63,0.2,2.0,0.5648678383571047
1,64,0.2,2.0,0.3703838405948823
1,65,0.2,2.0,0.7752299467977428
1,66,0.2,2.0,0.145095935749507
1,67,0.2,2.0,0.19333491691556268
1,68,0.2,2.0,0.5769499950000885
1,69,0.2,2.0,0.5629893538798432
1,70,0.2,2.0,0.5035149758547308
1,71,0.2,2.0,0.1175479582949785
1,72,0.2,2.0,0.8700768716535352
1,73,0.2,2.0,0.4430419127369837
1,74,0.2,2.0,0.27939495510698137
1,75,0.2,2.0,0.36293539610380715
1,76,0.2,2.0,0.7611641933319421
1,77,0.2,2.0,0.29706995721284546
1,78,0.2,2.0,0.4613889263515904
1,79,0.2,2.0,0.2992884108045187
1,80,0.2,2.0,0.827987491949861
1,81,0.2,2.0,1.5135951145837698
1,82,0.2,2.0,0.5660794586608828
1,83,0.2,2.0,0.8204753726786908
1,84,0.2,2.0,0.48508129139361494
1,85,0.2,2.0,0.41776009954479026
1,86,0.2,2.0,0.4507571073727923
1,87,0.2,2.0,0.4581193456258894
1,88,0.2,2.0,0.333704132707066
1,89,0.2,2.0,1.1488973340807929
1,90,0.2,2.0,0.29665455913063704
1,91,0.2,2.0,0.10233434805743119
1,92,0.2,2.0,0.8661303817535528
1,93,0.2,2.0,0.47761822489149924
1,94,0.2,2.0,0.5335954485633092
1,95,0.2,2.0,0.8426076035091797
1,96,0.2,2.0,0.3936145488810145
1,97,0.2,2.0,0.8249655941552207
1,98,0.2,2.0,0.8981196999996404
1,99,0.2,2.0,0.5107938376025077
1,100,0.2,2.0,0.760031125377064
1,101,0.2,2.0,0.4755080828457491
1,102,0.2,2.0,0.9457696933831353
1,103,0.2,2.0,0.4789904578280501
1,104,0.2,2.0,0.6846786573703971
1,105,0.2,2.0,1.0942950954789625
1,106,0.2,2.0,0.27626642167777166
1,107,0.2,2.0,0.29340443306284975
1,108,0.2,2.0,0.4751240769922244
1,109,0.2,2.0,0.44433620203381535
1,110,0.2,2.0,0.535940752790924
1,111,0.2,2.0,0.6641696491974712
1,112,0.2,2.0,0.6270685760441137
1,113,0.2,2.0,0.6157057537019555
1,114,0.2,2.0,0.5464831265413358
1,115,0.2,2.0,0.8679603419452975
1,116,0.2,2.0,0.3527718924303319
1,117,0.2,2.0,0.2604682790514166
1,118,0.2,2.0,0.9351224055666488
1,119,0.2,2.0,0.7520100470964911
1,120,0.2,2.0,0.728907719335009
1,121,0.2,2.0,0.9516386707217364
1,122,0.2,2.0,0.4290299590425106
1,123,0.2,2.0,0.9472304877930195
1,124,0.2,2.0,0.263502532308427
1,125,0.2,2.0,1.0663021627389655
1,126,0.2,2.0,0.35742910561225927
1,127,0.2,2.0,0.6608471923701273
1,128,0.2,2.0,0.3980853713545406
1,129,0.2,2.0,0.8587769399089765
1,130,0.2,2.0,0.7324096075699014
1,131,0.2,2.0,0.7333389108814627
1,132,0.2,2.0,0.6537772446159879
1,133,0.2,2.0,0.10316321494040966
1,134,0.2,2.0,0.2223927247114717
1,135,0.2,2.0,0.559399485919924
1,136,0.2,2.0,0.7612434283127776
1,137,0.2,2.0,0.028725817547751303
1,138,0.2,2.0,0.9509440556430617
1,139,0.2,2.0,0.212422350191895
1,140,0.2,2.0,0.7472600853773512
1,141,0.2,2.0,0.2608087602441298
1,142,0.2,2.0,0.714256793900772
1,143,0.2,2.0,0.4062148774115095
1,144,0.2,2.0,0.17896716682074032
1,145,0.2,2.0,0.3955281695288468
1,146,0.2,2.0,1.0635049680740274
1,147,0.2,2.0,0.5151531875943933
1,148,0.2,2.0,0.3005003702660639
1,149,0.2,2.0,0.5216911612729118
1,150,0.2,2.0,0.7014152631548528
1,151,0.2,2.0,0.25536469152436775
1,152,0.2,2.0,0.5427197634922489
1,153,0.2,2.0,1.5223872715124398
1,154,0.2,2.0,0.5420122459740496
1,155,0.2,2.0,0.9847911156778396
1,156,0.2,2.0,0.6952453375440895
1,157,0.2,2.0,0.6834086602813969
1,158,0.2,2.0,1.0461848215041234
1,159,0.2,2.0,0.7280369021073191
1,160,0.2,2.0,0.4201909673744148
1,161,0.2,2.0,0.19559327215151068
1,162,0.2,2.0,1.1334371602882525
1,163,0.2,2.0,0.54034040307665
1,164,0.2,2.0,0.3724221084519111
1,165,0.2,2.0,0.9218738992315718
1,166,0.2,2.0,0.4598959044645391
1,167,0.2,2.0,0.6377550023698993
1,168,0.2,2.0,0.39852734352912245
1,169,0.2,2.0,0.9640890368157743
1,170,0.2,2.0,0.30649713421878294
1,171,0.2,2.0,0.7180054812333361
1,172,0.2,2.0,1.0554482724495584
1,173,0.2,2.0,0.37407302817315957
1,174,0.2,2.0,0.10488601197067111
1,175,0.2,2.0,0.18955423072545527
1,176,0.2,2.0,0.42536426518414544
1,177,0.2,2.0,1.2243829385709897
1,178,0.2,2.0,0.29634103446373794
1,179,0.2,2.0,0.6819637751375541
1,180,0.2,2.0,1.0294636572811253
1,181,0.2,2.0,0.3231021873379229
1,182,0.2,2.0,0.3360683904631376
1,183,0.2,2.0,0.2947381698113963
1,184,0.2,2.0,0.8072101647571727
1,185,0.2,2.0,0.4364370790159146
1,186,0.2,2.0,0.4056338999706424
1,187,0.2,2.0,0.6871284262466696
1,188,0.2,2.0,0.7594078695913125
1,189,0.2,2.0,0.6842178884917237
1,190,0.2,2.0,0.04287641910775885
1,191,0.2,2.0,0.19761974759958187
1,192,0.2,2.0,0.6446108421917517
1,193,0.2,2.0,0.25560575387575635
1,194,0.2,2.0,0.4573053545531113
1,195,0.2,2.0,0.6013065039485257
1,196,0.2,2.0,0.6315390256633643
1,197,0.2,2.0,0.7455065002875549
1,198,0.2,2.0,0.6503122335347129
1,199,0.2,2.0,0.5367183264715644
1,200,0.2,2.0,1.4478490407061937
1,201,0.2,2.0,1.088396062354799
1,202,0.2,2.0,1.051041629136628
1,203,0.2,2.0,0.07628900165751754
1,204,0.2,2.0,0.2157130809361741
1,205,0.2,2.0,0.49812024076357614
1,206,0.2,2.0,0.49499915092980656
1,207,0.2,2.0,0.2404331941277816
1,208,0.2,2.0,0.19973203933360317
1,209,0.2,2.0,0.535061715628106
1,210,0.2,2.0,0.3096072381591274
1,211,0.2,2.0,0.546869809676375
1,212,0.2,2.0,0.500343758976321
1,213,0.2,2.0,0.8278960753492205
1,214,0.2,2.0,0.07099689051217882
1,215,0.2,2.0,0.6968660689081334
1,216,0.2,2.0,0.2216069423154894
1,217,0.2,2.0,0.8701304218290206
1,218,0.2,2.0,0.8729685808314671
1,219,0.2,2.0,0.37729944343431676
1,220,0.2,2.0,0.7447850808962941
1,221,0.2,2.0,0.5320712687707074
1,222,0.2,2.0,0.46423489585759087
1,223,0.2,2.0,0.3059140301933551
1,224,0.2,2.0,0.3342807913765546
1,225,0.2,2.0,0.7960254288314526
1,226,0.2,2.0,0.38229839970434365
1,227,0.2,2.0,0.3433491914609279
1,228,0.2,2.0,0.3951980046972649
1,229,0.2,2.0,0.4969823671864641
1,230,0.2,2.0,0.8945150915202826
1,231,0.2,2.0,0.36584451315902333
1,232,0.2,2.0,0.6207266886436245
1,233,0.2,2.0,0.9350602044121323
1,234,0.2,2.0,0.6063247336723858
1,235,0.2,2.0,0.9950905718150322
1,236,0.2,2.0,0.5386434068266234
1,237,0.2,2.0,0.738399212149331
1,238,0.2,2.0,0.7721131774144441
1,239,0.2,2.0,0.4831607269088276
1,240,0.2,2.0,0.9248184766309888
1,241,0.2,2.0,0.8171600118055518
1,242,0.2,2.0,0.5504280398182693
1,243,0.2,2.0,0.21489368384010915
1,244,0.2,2.0,0.3591289651468838
1,245,0.2,2.0,0.6976966715573816
1,246,0.2,2.0,0.3672641176810004
1,247,0.2,2.0,0.16596867470739762
1,248,0.2,2.0,0.02468738141661612
1,249,0.2,2.0,0.8976273372303627
1,250,0.2,2.0,0.6301898471491033
1,251,0.2,2.0,0.5907580417641562
1,252,0.2,2.0,1.0883729130434827
1,253,0.2,2.0,0.7124070322583931
1,254,0.2,2.0,0.9607816781138345
1,255,0.2,2.0,0.8177189340128665
1,256,0.2,2.0,0.7093058559653139
1,257,0.2,2.0,0.03824777967943266
1,258,0.2,2.0,0.22418253529777946
1,259,0.2,2.0,0.3466078474827573
1,260,0.2,2.0,0.7786620369591564
1,261,0.2,2.0,0.596519484525015
1,262,0.2,2.0,0.781298935578476
1,263,0.2,2.0,0.6288614372239243
1,264,0.2,2.0,0.2150718434985623
1,265,0.2,2.0,0.7379340505110046
1,266,0.2,2.0,0.6489378942488491
1,267,0.2,2.0,0.14905423121407527
1,268,0.2,2.0,0.9769033926188632
1,269,0.2,2.0,0.26309742104127054
1,270,0.2,2.0,1.3006863063472947
1,271,0.2,2.0,0.612399707265039
1,272,0.2,2.0,0.05688286484467896
1,273,0.2,2.0,0.5848441024777737
1,274,0.2,2.0,0.18711338609283695
1,275,0.2,2.0,0.11068124840779896
1,276,0.2,2.0,0.2539590017527641
1,277,0.2,2.0,0.7053660082642004
1,278,0.2,2.0,0.47101254083790023
1,279,0.2,2.0,0.39632523949525145
1,280,0.2,2.0,0.4808707970647002
1,281,0.2,2.0,0.16013510799882957
1,282,0.2,2.0,0.2900319503252169
1,283,0.2,2.0,1.4811691014383763
1,284,0.2,2.0,0.4972811492151414
1,285,0.2,2.0,0.5567322448652224
1,286,0.2,2.0,0.09049729932207476
1,287,0.2,2.0,0.4396807483086855
1,288,0.2,2.0,0.17787490461526032
1,289,0.2,2.0,0.3663157265862572
1,290,0.2,2.0,0.6382762735017051
1,291,0.2,2.0,0.4544084511570717
1,292,0.2,2.0,0.5346855759185989
1,293,0.2,2.0,0.7993380389872013
1,294,0.2,2.0,0.41921425121196804
1,295,0.2,2.0,0.6905663299863306
1,296,0.2,2.0,0.7208138422583179
1,297,0.2,2.0,0.34611588902570795
1,298,0.2,2.0,0.5124979066519321
1,299,0.2,2.0,0.6190978713377565
1,300,0.2,2.0,0.4108067969374103
1,301,0.2,2.0,0.777700580499475
1,302,0.2,2.0,0.43903330815968533
1,303,0.2,2.0,0.669144985091863
1,304,0.2,2.0,1.2649816002465077
1,305,0.2,2.0,1.1668708171225588
1,306,0.2,2.0,0.3810406524767961
1,307,0.2,2.0,0.4719802150028448
1,308,0.2,2.0,0.07631455695451213
1,309,0.2,2.0,0.48776019250010394
1,310,0.2,2.0,0.3761769034878087
1,311,0.2,2.0,0.4359285634631156
1,312,0.2,2.0,1.0368531014917506
1,313,0.2,2.0,0.17639771871779666
1,314,0.2,2.0,0.31560898655555225
1,315,0.2,2.0,0.40577937386112034
1,316,0.2,2.0,0.46455278460748956
1,317,0.2,2.0,0.9180962500349945
1,318,0.2,2.0,0.7312308302782119
1,319,0.2,2.0,0.24606266612374342
1,320,0.2,2.0,0.15770468629972612
1,321,0.2,2.0,0.9549357333741926
1,322,0.2,2.0,0.6960422913051578
1,323,0.2,2.0,0.8601423860850299
1,324,0.2,2.0,0.17687903535213867
1,325,0.2,2.0,0.6347043534237952
1,326,0.2,2.0,0.9351995308843479
1,327,0.2,2.0,0.4850508855172038
1,328,0.2,2.0,1.0262472283444632
1,329,0.2,2.0,0.6684064042551835
1,330,0.2,2.0,0.3964009014705287
1,331,0.2,2.0,1.033937590023821
1,332,0.2,2.0,0.8781954737415412
1,333,0.2,2.0,0.6697944275883191
1,334,0.2,2.0,0.07483001886654776
1,335,0.2,2.0,0.35037191132066897
1,336,0.2,2.0,0.4545370110412255
1,337,0.2,2.0,0.323780539476581
1,338,0.2,2.0,0.24783410770064598
1,339,0.2,2.0,0.6388459085085874
1,340,0.2,2.0,0.1810454374210557
1,341,0.2,2.0,0.32812796941613454
1,342,0.2,2.0,0.6404193320421432
1,343,0.2,2.0,0.27392192034512847
1,344,0.2,2.0,0.2436770008735826
1,345,0.2,2.0,0.3740247725892547
1,346,0.2,2.0,0.2786531669388383
1,347,0.2,2.0,0.7779484339058906
1,348,0.2,2.0,0.23964670165647403
1,349,0.2,2.0,0.1858887564257264
1,350,0.2,2.0,0.6817446440157289
1,351,0.2,2.0,0.5328158864372402
1,352,0.2,2.0,0.8728329745233541
1,353,0.2,2.0,0.10283186039386283
1,354,0.2,2.0,0.836344538491178
1,355,0.2,2.0,0.649138405693454
1,356,0.2,2.0,0.40164626919601104
1,357,0.2,2.0,0.7268577223791836
1,358,0.2,2.0,0.7544983996726826
1,359,0.2,2.0,1.0789328415870112
1,360,0.2,2.0,0.42043792594562657
1,361,0.2,2.0,1.0176962057831316
1,362,0.2,2.0,0.5138757774996708
1,363,0.2,2.0,0.5321211985229582
1,364,0.2,2.0,0.6778779266509434
1,365,0.2,2.0,0.9273912218925234
1,366,0.2,2.0,1.882828881746911
1,367,0.2,2.0,0.33989368465755526
1,368,0.2,2.0,0.4332705921875298
1,369,0.2,2.0,0.15169496086617953
1,370,0.2,2.0,1.0192221309657268
1,371,0.2,2.0,0.5388482118244989
1,372,0.2,2.0,0.690245646417724
1,373,0.2,2.0,0.39133800501211646
1,374,0.2,2.0,0.2555426978491283
1,375,0.2,2.0,0.7202618913242009
1,376,0.2,2.0,0.29286574380729374
1,377,0.2,2.0,0.2449171344079732
1,378,0.2,2.0,0.32621235324568487
1,379,0.2,2.0,0.26389216024775264
1,380,0.2,2.0,0.3520519172249572
1,381,0.2,2.0,0.5849946322921565
1,382,0.2,2.0,0.14915088489878364
1,383,0.2,2.0,0.6002445266985196
1,384,0.2,2.0,0.8185188383112539
1,385,0.2,2.0,0.9809037007669155
1,386,0.2,2.0,0.36962896886608115
1,387,0.2,2.0,0.06717879061534304
1,388,0.2,2.0,0.8127783328263232
1,389,0.2,2.0,0.7789731916353796
1,390,0.2,2.0,0.7172687457587087
1,391,0.2,2.0,0.16215044294388237
1,392,0.2,2.0,0.6262577025195261
1,393,0.2,2.0,0.8278838334053137
1,394,0.2,2.0,0.4572069604566682
1,395,0.2,2.0,0.8937397385351564
1,396,0.2,2.0,1.274836501343373
1,397,0.2,2.0,0.5481585220732447
1,398,0.2,2.0,0.3515678567147284
1,399,0.2,2.0,0.2033688137940964
1,400,0.2,2.0,0.30368368525382855
1,401,0.2,2.0,0.21323287945071953
1,402,0.2,2.0,0.5673116655168077
1,403,0.2,2.0,0.8702162762166187
1,404,0.2,2.0,0.4955534348075352
1,405,0.2,2.0,0.6849171650997213
1,406,0.2,2.0,0.8524346700611808
1,407,0.2,2.0,0.8793051924795469
1,408,0.2,2.0,0.5296092294476277
1,409,0.2,2.0,0.9712343125809632
1,410,0.2,2.0,0.32076545445933174
1,411,0.2,2.0,0.1304735670629752
1,412,0.2,2.0,0.3266180648128007
1,413,0.2,2.0,0.32546834395928176
1,414,0.2,2.0,0.48860703213137935
1,415,0.2,2.0,0.9400317711172993
1,416,0.2,2.0,0.4735832698600811
1,417,0.2,2.0,0.9179873248478484
1,418,0.2,2.0,0.7603880687364005
1,419,0.2,2.0,0.2811475149399025
1,420,0.2,2.0,0.14485852876316527
1,421,0.2,2.0,0.5620286846538272
1,422,0.2,2.0,1.1040976585231996
1,423,0.2,2.0,0.6757838524256563
1,424,0.2,2.0,0.1717380405042159
1,425,0.2,2.0,0.11868259846589793
1,426,0.2,2.0,0.4858119436508377
1,427,0.2,2.0,0.09187918824209178
1,428,0.2,2.0,0.8311549650965951
1,429,0.2,2.0,0.6762860958291276
1,430,0.2,2.0,0.9421795803744024
1,431,0.2,2.0,0.2490977751962648
1,432,0.2,2.0,0.480798722223939
1,433,0.2,2.0,0.5236622705614106
1,434,0.2,2.0,0.09601265351556314
1,435,0.2,2.0,0.7603619112616942
1,436,0.2,2.0,0.15589883410958194
1,437,0.2,2.0,0.48546266674044153
1,438,0.2,2.0,0.45060311916370194
1,439,0.2,2.0,1.0205677401107023
1,440,0.2,2.0,1.0138559476533644
1,441,0.2,2.0,0.6522486873156017
1,442,0.2,2.0,0.5109469885929477
1,443,0.2,2.0,0.7488686272936699
1,444,0.2,2.0,1.263522691044378
1,445,0.2,2.0,0.6081176302878772
1,446,0.2,2.0,0.3874696492050244
1,447,0.2,2.0,0.8651425739000539
1,448,0.2,2.0,0.6702390053633445
1,449,0.2,2.0,0.2664781855537521
1,450,0.2,2.0,0.8272954348982027
1,451,0.2,2.0,0.4805742757963062
1,452,0.2,2.0,0.47973547772520864
1,453,0.2,2.0,0.7182497813344957
1,454,0.2,2.0,0.4133437432103169
1,455,0.2,2.0,0.36489515405334005
1,456,0.2,2.0,0.26329598319244524
1,457,0.2,2.0,0.9445783727147758
1,458,0.2,2.0,0.5162796972908293
1,459,0.2,2.0,0.3267482975888326
1,460,0.2,2.0,0.867238656644671
1,461,0.2,2.0,0.8801031072864812
1,462,0.2,2.0,0.21822362130704218
1,463,0.2,2.0,0.8042139461348432
1,464,0.2,2.0,1.0674883890975395
1,465,0.2,2.0,0.3028378668941013
1,466,0.2,2.0,0.15100757260308542
1,467,0.2,2.0,1.0270415559806312
1,468,0.2,2.0,0.8516492491429151
1,469,0.2,2.0,0.6201739679666329
1,470,0.2,2.0,0.35958464880380975
1,471,0.2,2.0,0.06400681036752744
1,472,0.2,2.0,0.34586698821929834
1,473,0.2,2.0,0.3954023706386699
1,474,0.2,2.0,0.15294110518839024
1,475,0.2,2.0,0.4203300831055541
1,476,0.2,2.0,0.4883423953863054
1,477,0.2,2.0,0.8373599853626115
1,478,0.2,2.0,0.8543022610924651
1,479,0.2,2.0,0.622747365166604
1,480,0.2,2.0,0.5343366899466394
1,481,0.2,2.0,0.3100921957228689
1,482,0.2,2.0,0.6730270339356559
1,483,0.2,2.0,0.7744975525417679
1,484,0.2,2.0,0.2636826108151003
1,485,0.2,2.0,0.57674938320338
1,486,0.2,2.0,0.5053265142062199
1,487,0.2,2.0,0.3803929531211371
1,488,0.2,2.0,0.7091354034435493
1,489,0.2,2.0,0.22966889350097985
1,490,0.2,2.0,0.6817355326578829
1,491,0.2,2.0,0.865685265586954
1,492,0.2,2.0,1.0997930397873346
1,493,0.2,2.0,0.853872280842851
1,494,0.2,2.0,0.3501346730513769
1,495,0.2,2.0,0.33347043937082027
1,496,0.2,2.0,0.7506614690302162
1,497,0.2,2.0,0.7563218023963385
1,498,0.2,2.0,0.5515538026434372
1,499,0.2,2.0,0.44784604066224765
1,500,0.2,2.0,0.4546104198909365
1,501,0.2,2.0,0.48842974752355756
1,502,0.2,2.0,0.4448109756286854
1,503,0.2,2.0,0.4059600073067053
1,504,0.2,2.0,0.6669503767398923
1,505,0.2,2.0,0.3371256994599736
1,506,0.2,2.0,0.6862643134649655
1,507,0.2,2.0,0.18566940326613685
1,508,0.2,2.0,0.6378266897893048
1,509,0.2,2.0,0.31262201932007233
1,510,0.2,2.0,0.2985897215189268
1,511,0.2,2.0,0.4100817507142178
1,512,0.2,2.0,0.43097327730235163
1,513,0.2,2.0,0.5478370600286981
1,514,0.2,2.0,1.0159324842446535
1,515,0.2,2.0,0.4954857990018186
1,516,0.2,2.0,0.4559153241446856
1,517,0.2,2.0,0.735205935930898
1,518,0.2,2.0,0.4760618644206426
1,519,0.2,2.0,0.3732142404802382
1,520,0.2,2.0,0.5869061389609608
1,521,0.2,2.0,1.2334250882652678
1,522,0.2,2.0,0.6738970562814531
1,523,0.2,2.0,0.8146189012415552
1,524,0.2,2.0,0.6136133096424002
1,525,0.2,2.0,0.4221489526630584
1,526,0.2,2.0,0.599319826513099
1,527,0.2,2.0,0.5954083935543686
1,528,0.2,2.0,0.18559580370051348
1,529,0.2,2.0,0.5135468690241952
1,530,0.2,2.0,0.5063131530664932
1,531,0.2,2.0,0.3548266929310443
1,532,0.2,2.0,0.7124735643527976
1,533,0.2,2.0,0.16806631468703015
1,534,0.2,2.0,1.1925269375262837
1,535,0.2,2.0,0.9939541571789342
1,536,0.2,2.0,0.3019802999962496
1,537,0.2,2.0,0.9285959205555403
1,538,0.2,2.0,0.20908110605431132
1,539,0.2,2.0,0.7185424870832793
1,540,0.2,2.0,0.34674047256938917
1,541,0.2,2.0,0.16686704473108907
1,542,0.2,2.0,0.615954946985524
1,543,0.2,2.0,0.5995064497444074
1,544,0.2,2.0,0.06846902685352352
1,545,0.2,2.0,0.30206843653838095
1,546,0.2,2.0,0.4527984603712851
1,547,0.2,2.0,0.6161032773214358
1,548,0.2,2.0,0.32633658854294517
1,549,0.2,2.0,0.2824948770493282
1,550,0.2,2.0,0.6293699475504376
1,551,0.2,2.0,0.7160269874780566
1,552,0.2,2.0,0.9746703631733661
1,553,0.2,2.0,0.49037101677172423
1,554,0.2,2.0,0.653474437512931
1,555,0.2,2.0,0.9767666454187377
1,556,0.2,2.0,0.5908381761939002
1,557,0.2,2.0,0.6543762198014448
1,558,0.2,2.0,0.5044670238459984
1,559,0.2,2.0,0.32498618179224725
1,560,0.2,2.0,0.43550562716784086
1,561,0.2,2.0,0.49761102964354054
1,562,0.2,2.0,1.3481575540669923
1,563,0.2,2.0,0.8999243042311619
1,564,0.2,2.0,0.879373103870046
1,565,0.2,2.0,0.30374900402607513
1,566,0.2,2.0,0.5536360997400114
1,567,0.2,2.0,0.8586628086004537
1,568,0.2,2.0,0.9736368592826165
1,569,0.2,2.0,0.8201090610634709
1,570,0.2,2.0,0.5126777111064628
1,571,0.2,2.0,0.12897793295142987
1,572,0.2,2.0,0.7081666934777007
1,573,0.2,2.0,0.21601892858085464
1,574,0.2,2.0,0.2033381004562282
1,575,0.2,2.0,0.25739428591398444
1,576,0.2,2.0,1.1787082285734056
1,577,0.2,2.0,0.7623591252555539
1,578,0.2,2.0,0.3650038009840042
1,579,0.2,2.0,0.2731894153817196
1,580,0.2,2.0,0.20166941626592086
1,581,0.2,2.0,0.9632419196764632
1,582,0.2,2.0,0.27527513127916375
1,583,0.2,2.0,1.0302691373512631
1,584,0.2,2.0,0.8894459361471038
1,585,0.2,2.0,0.2695457853585098
1,586,0.2,2.0,1.3573326137851234
1,587,0.2,2.0,1.0212538442950956
1,588,0.2,2.0,0.3117940474834777
1,589,0.2,2.0,0.4270392267077755
1,590,0.2,2.0,0.8850875350159787
1,591,0.2,2.0,0.6370696978002774
1,592,0.2,2.0,1.1521066903055437
1,593,0.2,2.0,1.546505470544498
1,594,0.2,2.0,0.5994171356921772
1,595,0.2,2.0,0.7098786079407715
1,596,0.2,2.0,0.709785854009477
1,597,0.2,2.0,0.5583400077313755
1,598,0.2,2.0,0.09195375882735325
1,599,0.2,2.0,0.4647575453488099
1,600,0.2,2.0,0.37785762120466504
1,601,0.2,2.0,0.8731016300891261
1,602,0.2,2.0,0.7564491256068504
1,603,0.2,2.0,0.004723580217571782
1,604,0.2,2.0,0.7711156007275256
1,605,0.2,2.0,0.13456936438118836
1,606,0.2,2.0,0.2817283688992802
1,607,0.2,2.0,0.9178665241042281
1,608,0.2,2.0,0.6463848073654377
1,609,0.2,2.0,0.5523310533392297
1,610,0.2,2.0,0.6111293800344052
1,611,0.2,2.0,0.7044934318061515
1,612,0.2,2.0,0.5208427071327419
1,613,0.2,2.0,0.1471590267933876
1,614,0.2,2.0,0.45864833158344775
1,615,0.2,2.0,0.8328984549365616
1,616,0.2,2.0,0.25907925800287535
1,617,0.2,2.0,0.3240561295317849
1,618,0.2,2.0,0.37967812991579797
1,619,0.2,2.0,0.3313249921007206
1,620,0.2,2.0,0.4148382697316629
1,621,0.2,2.0,0.652762944855106
1,622,0.2,2.0,0.8079728341031742
1,623,0.2,2.0,0.4064707140252383
1,624,0.2,2.0,0.38529710956553453
1,625,0.2,2.0,0.8659652213128725
1,626,0.2,2.0,0.14825178891869292
1,627,0.2,2.0,0.2750295922591606
1,628,0.2,2.0,0.8603201475314174
1,629,0.2,2.0,0.645238187971376
1,630,0.2,2.0,0.12040471068191644
1,631,0.2,2.0,0.3694482328549919
1,632,0.2,2.0,1.0182267661432778
1,633,0.2,2.0,0.11346975295031973
1,634,0.2,2.0,0.6398919712612569
1,635,0.2,2.0,0.28148205693356704
1,636,0.2,2.0,1.0872660983869158
1,637,0.2,2.0,0.49685962425826224
1,638,0.2,2.0,1.069685154284655
1,639,0.2,2.0,0.24576099275443866
1,640,0.2,2.0,0.08072601653634533
1,641,0.2,2.0,0.44713020648964663
1,642,0.2,2.0,1.0030360223077042
1,643,0.2,2.0,1.0512101990693496
1,644,0.2,2.0,0.779889203932262
1,645,0.2,2.0,0.46158719868154646
1,646,0.2,2.0,0.6188541438905608
1,647,0.2,2.0,0.488123579981829
1,648,0.2,2.0,0.08009443106261978
1,649,0.2,2.0,0.6184292334163846
1,650,0.2,2.0,0.4636834393162759
1,651,0.2,2.0,0.25992263663896653
1,652,0.2,2.0,0.48192509391481636
1,653,0.2,2.0,0.2610334022090786
1,654,0.2,2.0,0.3849652816586489
1,655,0.2,2.0,0.6485235145610766
1,656,0.2,2.0,0.11739261573801303
1,657,0.2,2.0,0.19762236354949564
1,658,0.2,2.0,0.653226081233495
1,659,0.2,2.0,0.7633472630797045
1,660,0.2,2.0,0.28599602891234716
1,661,0.2,2.0,0.715512235710681
1,662,0.2,2.0,0.11414812611209522
1,663,0.2,2.0,0.5342948086126821
1,664,0.2,2.0,0.3695878479555733
1,665,0.2,2.0,0.8528616758489364
1,666,0.2,2.0,0.26032362473802867
1,667,0.2,2.0,0.4767341781487809
1,668,0.2,2.0,0.28219372693364614
1,669,0.2,2.0,0.35168300218718096
1,670,0.2,2.0,0.975388400083352
1,671,0.2,2.0,0.12727512478850678
1,672,0.2,2.0,1.0557003162484724
1,673,0.2,2.0,0.13317316240933627
1,674,0.2,2.0,0.1824161520209857
1,675,0.2,2.0,0.5116780597357593
1,676,0.2,2.0,0.5858077777185745
1,677,0.2,2.0,0.22929373821593038
1,678,0.2,2.0,0.21908958551135205
1,679,0.2,2.0,0.2698563334894451
1,680,0.2,2.0,0.5245852201448052
1,681,0.2,2.0,0.4075857680934618
1,682,0.2,2.0,0.42831312546789463
1,683,0.2,2.0,0.42473116667558714
1,684,0.2,2.0,0.24801809586335535
1,685,0.2,2.0,1.6625184736027263
1,686,0.2,2.0,1.3704302897406526
1,687,0.2,2.0,0.7652757608245141
1,688,0.2,2.0,0.4770502147743109
1,689,0.2,2.0,0.5788393527605461
1,690,0.2,2.0,1.4475009159667125
1,691,0.2,2.0,0.9271249374487865
1,692,0.2,2.0,0.5806510758976375
1,693,0.2,2.0,0.8057721295486532
1,694,0.2,2.0,0.4742820340687068
1,695,0.2,2.0,0.9528181552005086
1,696,0.2,2.0,0.7181538767820985
1,697,0.2,2.0,0.9063227167870882
1,698,0.2,2.0,0.3858137491858544
1,699,0.2,2.0,0.3366646921259995
1,700,0.2,2.0,0.2720741204674404
1,701,0.2,2.0,1.403754876679758
1,702,0.2,2.0,0.5601086706260894
1,703,0.2,2.0,0.6234251942766519
1,704,0.2,2.0,0.19976425645395238
1,705,0.2,2.0,0.4932357257641823
1,706,0.2,2.0,0.530831425524955
1,707,0.2,2.0,0.4806109452633393
1,708,0.2,2.0,0.23778590069717084
1,709,0.2,2.0,0.9744201680142002
1,710,0.2,2.0,0.28474661188723893
1,711,0.2,2.0,0.19701462004786827
1,712,0.2,2.0,0.9714296266368613
1,713,0.2,2.0,0.5991752479692681
1,714,0.2,2.0,0.8555378821449486
1,715,0.2,2.0,0.6362240868200391
1,716,0.2,2.0,0.43362179065341366
1,717,0.2,2.0,0.5858862562112971
1,718,0.2,2.0,0.8279928826999347
1,719,0.2,2.0,0.5307281747719241
1,720,0.2,2.0,0.12176404249258718
1,721,0.2,2.0,0.26158815373753247
1,722,0.2,2.0,0.36518430832090004
1,723,0.2,2.0,0.5104800610458486
1,724,0.2,2.0,0.43843006538986035
1,725,0.2,2.0,0.6222932730868803
1,726,0.2,2.0,0.17733802817567182
1,727,0.2,2.0,0.5324399743426256
1,728,0.2,2.0,0.45166727514982274
1,729,0.2,2.0,0.3607379626338427
1,730,0.2,2.0,0.3049597948169485
1,731,0.2,2.0,0.12123216828436162
1,732,0.2,2.0,0.4490950604206176
1,733,0.2,2.0,0.4185371062613795
1,734,0.2,2.0,0.3369499136139024
1,735,0.2,2.0,0.8638718671924913
1,736,0.2,2.0,1.1119661991779046
1,737,0.2,2.0,0.7883793438680814
1,738,0.2,2.0,0.29980572277079254
1,739,0.2,2.0,0.7965634396217809
1,740,0.2,2.0,0.3666027502743854
1,741,0.2,2.0,0.730262334639363
1,742,0.2,2.0,0.6240983321325846
1,743,0.2,2.0,0.22469428413716314
1,744,0.2,2.0,0.3954230795749128
1,745,0.2,2.0,1.3996840473822458
1,746,0.2,2.0,0.4307362984417181
1,747,0.2,2.0,0.12900722448342145
1,748,0.2,2.0,0.1354543856917457
1,749,0.2,2.0,0.34423918514868346
1,750,0.2,2.0,0.8994220978401282
1,751,0.2,2.0,0.39769953313624395
1,752,0.2,2.0,0.7430336947490593
1,753,0.2,2.0,0.7419676166586037
1,754,0.2,2.0,0.3056066174764442
1,755,0.2,2.0,0.13434701065535648
1,756,0.2,2.0,0.9135361830766591
1,757,0.2,2.0,0.16559488998530467
1,758,0.2,2.0,0.2299124619800199
1,759,0.2,2.0,0.1476600930464594
1,760,0.2,2.0,0.9579714249185375
1,761,0.2,2.0,0.4275638104629566
1,762,0.2,2.0,0.3259086940328333
1,763,0.2,2.0,0.7037851771611678
1,764,0.2,2.0,0.26146940756460657
1,765,0.2,2.0,0.7048908060906389
1,766,0.2,2.0,1.154570111302246
1,767,0.2,2.0,0.5659576738586459
1,768,0.2,2.0,0.27627487799826106
1,769,0.2,2.0,0.7740640948463179
1,770,0.2,2.0,0.4216098207889702
1,771,0.2,2.0,0.41656729885615706
1,772,0.2,2.0,0.27576363634382495
1,773,0.2,2.0,0.6598138395890011
1,774,0.2,2.0,0.18483602445743985
1,775,0.2,2.0,0.4189778254484241
1,776,0.2,2.0,0.28455123536742943
1,777,0.2,2.0,0.6552812429815827
1,778,0.2,2.0,0.5270793005963863
1,779,0.2,2.0,0.3212541538064047
1,780,0.2,2.0,0.826610127972934
1,781,0.2,2.0,0.2910030831446532
1,782,0.2,2.0,0.2577908477370655
1,783,0.2,2.0,0.24930750342695443
1,784,0.2,2.0,0.48331866868598256
1,785,0.2,2.0,0.3084521878887545
1,786,0.2,2.0,0.7176490292945775
1,787,0.2,2.0,0.32423727117553214
1,788,0.2,2.0,0.6655436913386003
1,789,0.2,2.0,0.5159817505691856
1,790,0.2,2.0,0.9080735905270451
1,791,0.2,2.0,0.5931661923080401
1,792,0.2,2.0,0.1239731858167978
1,793,0.2,2.0,0.977275982223844
1,794,0.2,2.0,0.31384844482388896
1,795,0.2,2.0,0.3337070135932587
1,796,0.2,2.0,0.8792246965445927
1,797,0.2,2.0,0.4123817730307941
1,798,0.2,2.0,0.9314109740144524
1,799,0.2,2.0,0.29654245548659397
1,800,0.2,2.0,0.5134437466289578
1,801,0.2,2.0,0.7337568740037352
1,802,0.2,2.0,0.2954186758153859
1,803,0.2,2.0,0.7027902294954406
1,804,0.2,2.0,0.9568926218264536
1,805,0.2,2.0,0.5803657291982175
1,806,0.2,2.0,0.7406380304316066
1,807,0.2,2.0,0.6679114058547964
1,808,0.2,2.0,1.169797272158747
1,809,0.2,2.0,0.5696219022437035
1,810,0.2,2.0,0.4176811301218392
1,811,0.2,2.0,0.3328924584016177
1,812,0.2,2.0,0.2047408565101153
1,813,0.2,2.0,0.5595174776470798
1,814,0.2,2.0,0.46133296484008857
1,815,0.2,2.0,0.6057566953846776
1,816,0.2,2.0,0.8339795693189725
1,817,0.2,2.0,0.49286023369310034
1,818,0.2,2.0,0.6103980102662424
1,819,0.2,2.0,0.5973229385237347
1,820,0.2,2.0,0.4872281955704331
1,821,0.2,2.0,0.17268159689335208
1,822,0.2,2.0,0.5542413961316444
1,823,0.2,2.0,0.9088092039830252
1,824,0.2,2.0,0.7404888056356169
1,825,0.2,2.0,0.2816868708929554
1,826,0.2,2.0,0.11292185050928019
1,827,0.2,2.0,0.12547151364042444
1,828,0.2,2.0,1.0488841655025696
1,829,0.2,2.0,0.8108940510334487
1,830,0.2,2.0,0.49801191405924594
1,831,0.2,2.0,0.32406132295249584
1,832,0.2,2.0,0.7785247909439368
1,833,0.2,2.0,0.49980549642621475
1,834,0.2,2.0,0.2716883948299081
1,835,0.2,2.0,0.5631685643482205
1,836,0.2,2.0,0.5733825823855145
1,837,0.2,2.0,0.03319851414889204
1,838,0.2,2.0,0.3695822807657429
1,839,0.2,2.0,0.8089165384639245
1,840,0.2,2.0,0.242011030054514
1,841,0.2,2.0,0.7628450828246401
1,842,0.2,2.0,0.3612905155258973
1,843,0.2,2.0,0.37049806089491283
1,844,0.2,2.0,0.6162948151619768
1,845,0.2,2.0,0.6240377718161527
1,846,0.2,2.0,0.45663972115080365
1,847,0.2,2.0,0.2239616272197287
1,848,0.2,2.0,0.5996466836604041
1,849,0.2,2.0,0.40518630417277923
1,850,0.2,2.0,0.31276953497817156
1,851,0.2,2.0,0.3938579235668942
1,852,0.2,2.0,0.9847024987125166
1,853,0.2,2.0,0.22531274114479688
1,854,0.2,2.0,0.5501664975624944
1,855,0.2,2.0,0.8504712142870091
1,856,0.2,2.0,0.8104450277894638
1,857,0.2,2.0,0.7152594621844818
1,858,0.2,2.0,0.45988033434626646
1,859,0.2,2.0,0.42496560866513416
1,860,0.2,2.0,0.9008224101971538
1,861,0.2,2.0,0.9530518660734858
1,862,0.2,2.0,0.4119819884905441
1,863,0.2,2.0,0.12387450371849967
1,864,0.2,2.0,0.36465807172641473
1,865,0.2,2.0,0.22063206058969534
1,866,0.2,2.0,0.12559117746888787
1,867,0.2,2.0,0.11622454172523326
1,868,0.2,2.0,0.31215300731310386
1,869,0.2,2.0,0.8826949192703735
1,870,0.2,2.0,0.6406007794949915
1,871,0.2,2.0,0.4026060348110379
1,872,0.2,2.0,0.6289944240513987
1,873,0.2,2.0,0.28588666327050055
1,874,0.2,2.0,0.09788297302999666
1,875,0.2,2.0,0.28410324579934065
1,876,0.2,2.0,0.7304331956636352
1,877,0.2,2.0,0.5506246245748092
1,878,0.2,2.0,0.46119535924200117
1,879,0.2,2.0,0.291340747739648
1,880,0.2,2.0,0.3640203551411526
1,881,0.2,2.0,0.6170343223147114
1,882,0.2,2.0,0.5853983753419844
1,883,0.2,2.0,0.6840388664700197
1,884,0.2,2.0,0.7959541425149793
1,885,0.2,2.0,0.1619886517205444
1,886,0.2,2.0,0.8419366753285432
1,887,0.2,2.0,0.4998834616323771
1,888,0.2,2.0,1.0981674054110475
1,889,0.2,2.0,0.6376451268749319
1,890,0.2,2.0,0.40659357932407036
1,891,0.2,2.0,0.6685371674072766
1,892,0.2,2.0,1.1066527870104366
1,893,0.2,2.0,0.5309588330927378
1,894,0.2,2.0,0.3896379595161029
1,895,0.2,2.0,0.2481981414813858
1,896,0.2,2.0,0.9897296602794784
1,897,0.2,2.0,0.14961622757357132
1,898,0.2,2.0,0.25518044293383396
1,899,0.2,2.0,0.7196894048066522
1,900,0.2,2.0,0.46311751538151724
1,901,0.2,2.0,0.7089860697481907
1,902,0.2,2.0,0.15385676822134864
1,903,0.2,2.0,0.8851914491327909
1,904,0.2,2.0,0.2218214158598398
1,905,0.2,2.0,0.4129983309188634
1,906,0.2,2.0,0.5333586073784714
1,907,0.2,2.0,0.5030149419646014
1,908,0.2,2.0,0.9170929117654644
1,909,0.2,2.0,0.5475389495933697
1,910,0.2,2.0,0.7594857763633451
1,911,0.2,2.0,0.6045205428172117
1,912,0.2,2.0,0.8386234275610986
1,913,0.2,2.0,0.6097340940876117
1,914,0.2,2.0,0.173579337088223
1,915,0.2,2.0,0.3210005356293878
1,916,0.2,2.0,0.05069948711406568
1,917,0.2,2.0,0.3593888219906702
1,918,0.2,2.0,0.3120087588512466
1,919,0.2,2.0,0.9693519565266208
1,920,0.2,2.0,0.24181190812348996
1,921,0.2,2.0,0.5638288708521385
1,922,0.2,2.0,1.11875529797135
1,923,0.2,2.0,0.7144142745790564
1,924,0.2,2.0,0.4993581478786926
1,925,0.2,2.0,0.42367748714172265
1,926,0.2,2.0,0.18299489435599323
1,927,0.2,2.0,0.6854586802813336
1,928,0.2,2.0,0.5377652207943701
1,929,0.2,2.0,0.5705438489737749
1,930,0.2,2.0,0.9358362239308456
1,931,0.2,2.0,0.8673709976720058
1,932,0.2,2.0,0.19797948095784088
1,933,0.2,2.0,0.4249429778392007
1,934,0.2,2.0,0.20407796175135592
1,935,0.2,2.0,1.4032622335291165
1,936,0.2,2.0,0.33598802343300044
1,937,0.2,2.0,0.1982214289686651
1,938,0.2,2.0,0.028532471384509005
1,939,0.2,2.0,0.3223958088368658
1,940,0.2,2.0,0.2570367400348245
1,941,0.2,2.0,0.34034164544190143
1,942,0.2,2.0,0.9206140365083162
1,943,0.2,2.0,0.39781717271990463
1,944,0.2,2.0,0.6334588451630913
1,945,0.2,2.0,0.17011762880335354
1,946,0.2,2.0,0.665072101046332
1,947,0.2,2.0,0.5355637824438877
1,948,0.2,2.0,0.25161557936384166
1,949,0.2,2.0,0.45642901591662144
1,950,0.2,2.0,0.7592914350708663
1,951,0.2,2.0,0.40054386956145605
1,952,0.2,2.0,0.771797729035
1,953,0.2,2.0,1.1265169699396602
1,954,0.2,2.0,0.7688310766842549
1,955,0.2,2.0,1.1751989476221223
1,956,0.2,2.0,0.25490386689088024
1,957,0.2,2.0,0.7895397036440049
1,958,0.2,2.0,0.4680741005899972
1,959,0.2,2.0,1.2546065405900426
1,960,0.2,2.0,0.18609077408083732
1,961,0.2,2.0,0.5917864852313182
1,962,0.2,2.0,0.661149694033587
1,963,0.2,2.0,0.6466768772315733
1,964,0.2,2.0,0.613715396057507
1,965,0.2,2.0,0.504860157075721
1,966,0.2,2.0,0.5543393555358402
1,967,0.2,2.0,0.34840789151853974
1,968,0.2,2.0,0.5895240212953309
1,969,0.2,2.0,1.172852761188725
1,970,0.2,2.0,0.32185345592097653
1,971,0.2,2.0,0.17256411231052585
1,972,0.2,2.0,0.6974936879330245
1,973,0.2,2.0,1.3706162487125806
1,974,0.2,2.0,0.620185752128564
1,975,0.2,2.0,0.785793665660698
1,976,0.2,2.0,0.9650008187700775
1,977,0.2,2.0,0.3769689058897808
1,978,0.2,2.0,0.20221491359060328
1,979,0.2,2.0,0.7341116428132844
1,980,0.2,2.0,0.4397335437997692
1,981,0.2,2.0,0.4357536818509116
1,982,0.2,2.0,1.3474764670266968
1,983,0.2,2.0,0.996234245145413
1,984,0.2,2.0,0.6468543308869893
1,985,0.2,2.0,0.38314957244865494
1,986,0.2,2.0,0.6684077797102348
1,987,0.2,2.0,0.657232681056204
1,988,0.2,2.0,0.7289212221853509
1,989,0.2,2.0,0.4374225341835916
1,990,0.2,2.0,0.7989945028521761
1,991,0.2,2.0,1.178147527562483
1,992,0.2,2.0,0.44065786644382715
1,993,0.2,2.0,0.29521877886906955
1,994,0.2,2.0,0.45389267848570586
1,995,0.2,2.0,0.7986088996503294
1,996,0.2,2.0,0.45240076537244167
1,997,0.2,2.0,0.37482801906280316
1,998,0.2,2.0,0.28360646687509466
1,999,0.2,2.0,0.23066134515827974
1,1000,0.2,2.0,0.5875515487195515
1,1001,0.2,2.0,0.5394194158078658
1,1002,0.2,2.0,0.20305110096534748
1,1003,0.2,2.0,0.47491664421868257
1,1004,0.2,2.0,0.09440856509257593
1,1005,0.2,2.0,0.7855195714424131
1,1006,0.2,2.0,0.9231490655159832
1,1007,0.2,2.0,0.739966260348386
1,1008,0.2,2.0,0.41714124998063185
1,1009,0.2,2.0,0.3845333909131849
1,1010,0.2,2.0,0.378383719576568
1,1011,0.2,2.0,0.24390182821562514
1,1012,0.2,2.0,0.5121952240092044
1,1013,0.2,2.0,0.7207438541963727
1,1014,0.2,2.0,1.050162748925078
1,1015,0.2,2.0,1.1197445432817057
1,1016,0.2,2.0,0.7118464279726321
1,1017,0.2,2.0,0.25209867061256785
1,1018,0.2,2.0,0.4358883527786857
1,1019,0.2,2.0,0.5559028633748689
1,1020,0.2,2.0,1.0394867557761607
1,1021,0.2,2.0,0.19036197128183185
1,1022,0.2,2.0,0.1147969052330391
1,1023,0.2,2.0,0.493791959304057
1,1024,0.2,2.0,0.6029218630427519
1,1025,0.2,2.0,0.5136627693087685
1,1026,0.2,2.0,0.8941230725628391
1,1027,0.2,2.0,0.47688869515363547
1,1028,0.2,2.0,0.4783189097562107
1,1029,0.2,2.0,0.3216672075401413
1,1030,0.2,2.0,0.6965139026374566
1,1031,0.2,2.0,0.5248162898039279
1,1032,0.2,2.0,0.6498017269203009
1,1033,0.2,2.0,0.4272763036725004
1,1034,0.2,2.0,0.9256268511776655
1,1035,0.2,2.0,0.3332704349636853
1,1036,0.2,2.0,1.0357225012164257
1,1037,0.2,2.0,0.3908651516952548
1,1038,0.2,2.0,0.23061296391628605
1,1039,0.2,2.0,0.9762180511330855
1,1040,0.2,2.0,1.241370659927745
1,1041,0.2,2.0,0.45146345174162583
1,1042,0.2,2.0,0.6533782538481648
1,1043,0.2,2.0,0.5411120173465425
1,1044,0.2,2.0,0.5403712320007895
1,1045,0.2,2.0,1.2979344538446498
1,1046,0.2,2.0,1.8876628933548212
1,1047,0.2,2.0,0.3247269003105763
1,1048,0.2,2.0,0.08113677467487768
1,1049,0.2,2.0,0.5110483021667902
1,1050,0.2,2.0,0.8725716821332543
1,1051,0.2,2.0,0.5070794193203114
1,1052,0.2,2.0,1.1851023105450957
1,1053,0.2,2.0,0.09666175960378905
1,1054,0.2,2.0,0.33731359988334364
1,1055,0.2,2.0,0.16499098521002561
1,1056,0.2,2.0,1.0566645245675617
1,1057,0.2,2.0,0.5565228222996025
1,1058,0.2,2.0,0.6091367400979543
1,1059,0.2,2.0,0.3939300987867008
1,1060,0.2,2.0,0.17228693314097876
1,1061,0.2,2.0,0.6939945767222955
1,1062,0.2,2.0,0.5900445074743798
1,1063,0.2,2.0,0.11754842328471268
1,1064,0.2,2.0,1.059547784778824
1,1065,0.2,2.0,0.38232954586367895
1,1066,0.2,2.0,0.8944199736847241
1,1067,0.2,2.0,0.8229647325626837
1,1068,0.2,2.0,0.3380933207497304
1,1069,0.2,2.0,0.21779796138633803
1,1070,0.2,2.0,0.8481247360033842
1,1071,0.2,2.0,0.3175462496017777
1,1072,0.2,2.0,0.21758671977510938
1,1073,0.2,2.0,0.22923787011826519
1,1074,0.2,2.0,0.6132018821406968
1,1075,0.2,2.0,0.43338015040558675
1,1076,0.2,2.0,0.8414476713551396
1,1077,0.2,2.0,0.12597268713720206
1,1078,0.2,2.0,0.1303509252923381
1,1079,0.2,2.0,0.6401582476007256
1,1080,0.2,2.0,0.9825480809526778
1,1081,0.2,2.0,0.3284122481736232
1,1082,0.2,2.0,0.5471922794462623
1,1083,0.2,2.0,0.6645118693411264
1,1084,0.2,2.0,0.15044144766896636
1,1085,0.2,2.0,0.8249781366874914
1,1086,0.2,2.0,0.8109157988711229
1,1087,0.2,2.0,0.6895784178227208
1,1088,0.2,2.0,0.6380847323322388
1,1089,0.2,2.0,0.610835956718758
1,1090,0.2,2.0,0.692092993051582
1,1091,0.2,2.0,0.7485188657558176
1,1092,0.2,2.0,0.01884332044908641
1,1093,0.2,2.0,0.7423445881396894
1,1094,0.2,2.0,0.9023359218125865
1,1095,0.2,2.0,0.14331914362428344
1,1096,0.2,2.0,0.584515224386386
1,1097,0.2,2.0,0.8246578787045225
1,1098,0.2,2.0,0.48678109305192385
1,1099,0.2,2.0,0.9148871455795574
1,1100,0.2,2.0,0.18299414485059923
1,1101,0.2,2.0,0.7128523104040412
1,1102,0.2,2.0,0.5179831386176954
1,1103,0.2,2.0,1.0717701957818047
1,1104,0.2,2.0,0.6579154360048197
1,1105,0.2,2.0,0.657508247873207
1,1106,0.2,2.0,0.9627994037203164
1,1107,0.2,2.0,0.2475446573992962
1,1108,0.2,2.0,0.4164444212696516
1,1109,0.2,2.0,0.6249176340652017
1,1110,0.2,2.0,0.4690596461370289
1,1111,0.2,2.0,0.6718091652616682
1,1112,0.2,2.0,0.22867248590239428
1,1113,0.2,2.0,0.4953204300682275
1,1114,0.2,2.0,0.32586078347510194
1,1115,0.2,2.0,0.20213441190497441
1,1116,0.2,2.0,0.3830320870746286
1,1117,0.2,2.0,0.5360781799042945
1,1118,0.2,2.0,0.5845645138372124
1,1119,0.2,2.0,0.4546674109278321
1,1120,0.2,2.0,0.8785974036536901
1,1121,0.2,2.0,0.810913914872097
1,1122,0.2,2.0,0.3228541958281046
1,1123,0.2,2.0,0.7250842411620163
1,1124,0.2,2.0,0.8114707955761233
1,1125,0.2,2.0,0.12370875298130243
1,1126,0.2,2.0,0.49446196244292406
1,1127,0.2,2.0,0.4769718896825777
1,1128,0.2,2.0,0.7093384819725961
1,1129,0.2,2.0,0.9423855477981703
1,1130,0.2,2.0,0.2527500811839296
1,1131,0.2,2.0,0.8237093399416163
1,1132,0.2,2.0,0.820450417726579
1,1133,0.2,2.0,0.8459396792641428
1,1134,0.2,2.0,0.2981446495018685
1,1135,0.2,2.0,1.0783978666782836
1,1136,0.2,2.0,0.34377190910662286
1,1137,0.2,2.0,0.6199125860089747
1,1138,0.2,2.0,0.289177984154354
1,1139,0.2,2.0,0.8062279989520708
1,1140,0.2,2.0,0.3131994858409588
1,1141,0.2,2.0,0.40869585754529275
1,1142,0.2,2.0,0.4626511032956554
1,1143,0.2,2.0,0.026186689353245873
1,1144,0.2,2.0,0.8937756111734717
1,1145,0.2,2.0,0.6266803057217383
1,1146,0.2,2.0,0.8333963269088127
1,1147,0.2,2.0,0.7553096983053114
1,1148,0.2,2.0,1.2596041376360263
1,1149,0.2,2.0,0.4105717554843496
1,1150,0.2,2.0,0.0531197742126201
1,1151,0.2,2.0,0.24788050395879596
1,1152,0.2,2.0,0.6177249326900868
1,1153,0.2,2.0,0.669551900885814
1,1154,0.2,2.0,0.26878275117894473
1,1155,0.2,2.0,0.7005715772057677
1,1156,0.2,2.0,0.6500256135728044
1,1157,0.2,2.0,0.5109366419073482
1,1158,0.2,2.0,0.24443105617621202
1,1159,0.2,2.0,0.2100219384751218
1,1160,0.2,2.0,0.7122818942820065
1,1161,0.2,2.0,0.9286928135644695
1,1162,0.2,2.0,0.6246915055242652
1,1163,0.2,2.0,0.5211732103984094
1,1164,0.2,2.0,0.6944303958640676
1,1165,0.2,2.0,0.6315167823752447
1,1166,0.2,2.0,0.07198938873017122
1,1167,0.2,2.0,0.47847414985122305
1,1168,0.2,2.0,0.39271711723064784
1,1169,0.2,2.0,0.9710968181555799
1,1170,0.2,2.0,0.31216498369574913
1,1171,0.2,2.0,0.3142859256880881
1,1172,0.2,2.0,0.9186076189015067
1,1173,0.2,2.0,0.6527829939846667
1,1174,0.2,2.0,0.5338343329039655
1,1175,0.2,2.0,0.5199995939234601
1,1176,0.2,2.0,0.26694219872444824
1,1177,0.2,2.0,0.5441666581569384
1,1178,0.2,2.0,0.70274800814624
1,1179,0.2,2.0,0.5432283411528809
1,1180,0.2,2.0,0.8613507580007436
1,1181,0.2,2.0,0.1403617087501433
1,1182,0.2,2.0,1.0065080575896814
1,1183,0.2,2.0,0.3061754077697276
1,1184,0.2,2.0,0.6608413374057215
1,1185,0.2,2.0,0.4550855360439411
1,1186,0.2,2.0,0.699094927986329
1,1187,0.2,2.0,0.7222230971241025
1,1188,0.2,2.0,0.10197318304208268
1,1189,0.2,2.0,0.8535550118142902
1,1190,0.2,2.0,0.9693920334927933
1,1191,0.2,2.0,0.7884372419618247
1,1192,0.2,2.0,0.3395329342936155
1,1193,0.2,2.0,0.540629354177252
1,1194,0.2,2.0,0.2088339891888674
1,1195,0.2,2.0,0.1928446567762743
1,1196,0.2,2.0,0.9536345839191965
1,1197,0.2,2.0,0.5519797245665915
1,1198,0.2,2.0,1.601612259241657
1,1199,0.2,2.0,0.6948661493229337
1,1200,0.2,2.0,0.21859522365823472
1,1201,0.2,2.0,0.33224545112908593
1,1202,0.2,2.0,0.7021372166068515
1,1203,0.2,2.0,0.27845989364781093
1,1204,0.2,2.0,0.07971173624424513
1,1205,0.2,2.0,0.522408822766039
1,1206,0.2,2.0,1.080474311182205
1,1207,0.2,2.0,0.7467101893502527
1,1208,0.2,2.0,0.12169692660318883
1,1209,0.2,2.0,0.33798899473361094
1,1210,0.2,2.0,0.46345707039072975
1,1211,0.2,2.0,0.9539883996377874
1,1212,0.2,2.0,0.18177822729175358
1,1213,0.2,2.0,0.3816827801990544
1,1214,0.2,2.0,0.9940329158725983
1,1215,0.2,2.0,0.43217497924770265
1,1216,0.2,2.0,0.057545456313935095
1,1217,0.2,2.0,0.6227873998188568
1,1218,0.2,2.0,0.6106763429485073
1,1219,0.2,2.0,0.6758353754752213
1,1220,0.2,2.0,0.1823686973961404
1,1221,0.2,2.0,0.2831370113021045
1,1222,0.2,2.0,0.7890905620252793
1,1223,0.2,2.0,0.49359145210946825
1,1224,0.2,2.0,0.31961676598797445
1,1225,0.2,2.0,0.6492187841479655
1,1226,0.2,2.0,0.6984475730506671
1,1227,0.2,2.0,0.7490285803580449
1,1228,0.2,2.0,0.61489263692653
1,1229,0.2,2.0,0.04360351551400622
1,1230,0.2,2.0,0.7462707759614392
1,1231,0.2,2.0,0.1798004868292601
1,1232,0.2,2.0,0.5422490391150598
1,1233,0.2,2.0,0.6881580995225508
1,1234,0.2,2.0,0.9007174725650111
1,1235,0.2,2.0,0.3082614351672807
1,1236,0.2,2.0,0.7225085491698552
1,1237,0.2,2.0,1.1170213455999933
1,1238,0.2,2.0,0.671721843680621
1,1239,0.2,2.0,1.1506888422157846
1,1240,0.2,2.0,0.646858502199356
1,1241,0.2,2.0,0.3268029876724614
1,1242,0.2,2.0,0.2710705017807072
1,1243,0.2,2.0,0.7700704404825168
1,1244,0.2,2.0,0.6695224029880776
1,1245,0.2,2.0,0.8384301677620883
1,1246,0.2,2.0,0.262336537588325
1,1247,0.2,2.0,0.20050695711067457
1,1248,0.2,2.0,0.5282819088037338
1,1249,0.2,2.0,0.2480623336517784
1,1250,0.2,2.0,0.5355585701467016
1,1251,0.2,2.0,1.1455673863346447
1,1252,0.2,2.0,0.2336620659386074
1,1253,0.2,2.0,0.4661303114640385
1,1254,0.2,2.0,0.36101812635277214
1,1255,0.2,2.0,0.5173796008134302
1,1256,0.2,2.0,1.030839402786171
1,1257,0.2,2.0,0.4629447085851031
1,1258,0.2,2.0,0.5750071343951397
1,1259,0.2,2.0,0.2647099352036398
1,1260,0.2,2.0,0.405200676469082
1,1261,0.2,2.0,0.2631093813481928
1,1262,0.2,2.0,0.2854879714339517
1,1263,0.2,2.0,0.8191732268894559
1,1264,0.2,2.0,0.6025053752336339
1,1265,0.2,2.0,0.8386505614424385
1,1266,0.2,2.0,0.05928549695361164
1,1267,0.2,2.0,0.69357348412701
1,1268,0.2,2.0,0.5191473796601985
1,1269,0.2,2.0,0.877880608440201
1,1270,0.2,2.0,1.0169984758817427
1,1271,0.2,2.0,0.20106344538904658
1,1272,0.2,2.0,0.2754918022652985
1,1273,0.2,2.0,0.527329939605303
1,1274,0.2,2.0,0.9166218018102075
1,1275,0.2,2.0,0.29775917777582833
1,1276,0.2,2.0,1.4555562468284033
1,1277,0.2,2.0,0.3306708918572662
1,1278,0.2,2.0,1.2146630235493925
1,1279,0.2,2.0,0.24537937825425712
1,1280,0.2,2.0,0.6803450606827813
1,1281,0.2,2.0,0.6004274028104558
1,1282,0.2,2.0,0.1748777139793025
1,1283,0.2,2.0,0.06885077004914439
1,1284,0.2,2.0,0.2337575640381967
1,1285,0.2,2.0,0.41945970707596464
1,1286,0.2,2.0,0.33708066453686963
1,1287,0.2,2.0,0.2610637234907255
1,1288,0.2,2.0,0.7469593054666572
1,1289,0.2,2.0,0.4217899463579976
1,1290,0.2,2.0,0.30872741187971736
1,1291,0.2,2.0,0.6822965080387668
1,1292,0.2,2.0,0.8052286132115146
1,1293,0.2,2.0,0.4029240152394112
1,1294,0.2,2.0,0.3080638023182759
1,1295,0.2,2.0,0.34772771723047624
1,1296,0.2,2.0,0.26628120756554696
1,1297,0.2,2.0,0.21584806509386542
1,1298,0.2,2.0,0.22570130022699916
1,1299,0.2,2.0,0.740117370650909
1,1300,0.2,2.0,0.7217079481744231
1,1301,0.2,2.0,0.8932113936189269
1,1302,0.2,2.0,0.4609938135017795
1,1303,0.2,2.0,0.5517436045400892
1,1304,0.2,2.0,0.2998668754069485
1,1305,0.2,2.0,0.2922344792477147
1,1306,0.2,2.0,0.8024069265638235
1,1307,0.2,2.0,0.8052422984307658
1,1308,0.2,2.0,0.9158213466052045
1,1309,0.2,2.0,0.1064046585813585
1,1310,0.2,2.0,0.10411298575635174
1,1311,0.2,2.0,0.1127265195562618
1,1312,0.2,2.0,0.6242544095381741
1,1313,0.2,2.0,0.7443986548022584
1,1314,0.2,2.0,0.7567381241203068
1,1315,0.2,2.0,0.9647938920177725
1,1316,0.2,2.0,0.4079780704624485
1,1317,0.2,2.0,0.697116052509403
1,1318,0.2,2.0,0.13400237830439032
1,1319,0.2,2.0,0.4881598286093354
1,1320,0.2,2.0,0.3786081698028169
1,1321,0.2,2.0,0.9533115413244969
1,1322,0.2,2.0,0.2540414281905625
1,1323,0.2,2.0,1.1444111972070246
1,1324,0.2,2.0,0.7504085117889205
1,1325,0.2,2.0,0.34510772134522083
1,1326,0.2,2.0,0.9322185797037957
1,1327,0.2,2.0,0.4555649909561679
1,1328,0.2,2.0,0.2833830856612846
1,1329,0.2,2.0,0.3908823500331691
1,1330,0.2,2.0,0.6408689062189694
1,1331,0.2,2.0,0.591919887094922
1,1332,0.2,2.0,0.5427140377179667
1,1333,0.2,2.0,0.03444905222971498
1,1334,0.2,2.0,0.8531025579412369
1,1335,0.2,2.0,0.6621249019882618
1,1336,0.2,2.0,0.6519921091460595
1,1337,0.2,2.0,0.8598080146259592
1,1338,0.2,2.0,0.4137291833446263
1,1339,0.2,2.0,0.5740051148378087
1,1340,0.2,2.0,0.48982640341372463
1,1341,0.2,2.0,0.8742347599051129
1,1342,0.2,2.0,0.4454288860152261
1,1343,0.2,2.0,0.5212807332845936
1,1344,0.2,2.0,0.3673692989609187
1,1345,0.2,2.0,0.31880768218812267
1,1346,0.2,2.0,0.6256889057012074
1,1347,0.2,2.0,0.18208860476116784
1,1348,0.2,2.0,0.7236548035427555
1,1349,0.2,2.0,0.2954178546495637
1,1350,0.2,2.0,0.18910460529231188
1,1351,0.2,2.0,0.3640529575146389
1,1352,0.2,2.0,0.7962524291059827
1,1353,0.2,2.0,0.5927341339676334
1,1354,0.2,2.0,0.5687995501908839
1,1355,0.2,2.0,0.835597901955329
1,1356,0.2,2.0,0.7601271266861961
1,1357,0.2,2.0,0.45946521125812984
1,1358,0.2,2.0,0.2923480897444886
1,1359,0.2,2.0,0.5766899076835894
1,1360,0.2,2.0,0.5233080085357292
1,1361,0.2,2.0,0.5960058421534075
1,1362,0.2,2.0,0.19469464925981775
1,1363,0.2,2.0,0.8106451988928979
1,1364,0.2,2.0,0.27711357844767226
1,1365,0.2,2.0,0.5240013738556544
1,1366,0.2,2.0,0.7162404122243367
1,1367,0.2,2.0,0.550200899681572
1,1368,0.2,2.0,0.6961332338823097
1,1369,0.2,2.0,0.9921543875497852
1,1370,0.2,2.0,0.6111656465253421
1,1371,0.2,2.0,0.44198937404549465
1,1372,0.2,2.0,0.5976518618672919
1,1373,0.2,2.0,0.946674811708642
1,1374,0.2,2.0,0.87368705902117
1,1375,0.2,2.0,0.7087463962979738
1,1376,0.2,2.0,0.5868257980981273
1,1377,0.2,2.0,0.22922525702433894
1,1378,0.2,2.0,0.36331728471803554
1,1379,0.2,2.0,1.2334839879114936
1,1380,0.2,2.0,0.269220631602006
1,1381,0.2,2.0,0.42932388733208354
1,1382,0.2,2.0,0.7952409418974704
1,1383,0.2,2.0,0.6851464773922987
1,1384,0.2,2.0,0.401666633580512
1,1385,0.2,2.0,0.398321125790703
1,1386,0.2,2.0,0.5896310673482318
1,1387,0.2,2.0,0.8548063285210615
1,1388,0.2,2.0,0.11128535507534226
1,1389,0.2,2.0,0.6188463397514481
1,1390,0.2,2.0,0.857601021815127
1,1391,0.2,2.0,0.5458019082011011
1,1392,0.2,2.0,0.21091081018446783
1,1393,0.2,2.0,0.6416736881825833
1,1394,0.2,2.0,0.2859708502011075
1,1395,0.2,2.0,0.5338284256304908
1,1396,0.2,2.0,0.3037971222043652
1,1397,0.2,2.0,0.08795548271411312
1,1398,0.2,2.0,0.48148632012912007
1,1399,0.2,2.0,0.6157171140690612
1,1400,0.2,2.0,0.3171143551584294
1,1401,0.2,2.0,0.2920059848203326
1,1402,0.2,2.0,0.33233918731767215
1,1403,0.2,2.0,0.9594782368754751
1,1404,0.2,2.0,0.5259944159022478
1,1405,0.2,2.0,0.5182434748167469
1,1406,0.2,2.0,0.2727167450088051
1,1407,0.2,2.0,0.652885536901837
1,1408,0.2,2.0,0.9182369805820326
1,1409,0.2,2.0,0.6641979459435493
1,1410,0.2,2.0,0.280466645091533
1,1411,0.2,2.0,0.48946594882192257
1,1412,0.2,2.0,0.962255976815773
1,1413,0.2,2.0,0.6333037544449241
1,1414,0.2,2.0,0.19750257897062143
1,1415,0.2,2.0,0.6006919619188386
1,1416,0.2,2.0,0.6284541787881242
1,1417,0.2,2.0,0.9264596150295102
1,1418,0.2,2.0,0.5759713540417792
1,1419,0.2,2.0,0.30832521208194
1,1420,0.2,2.0,0.5681866959807444
1,1421,0.2,2.0,0.8863428955208769
1,1422,0.2,2.0,0.5626520850380513
1,1423,0.2,2.0,0.19017481317527923
1,1424,0.2,2.0,0.43599473200766536
1,1425,0.2,2.0,0.35237062175163575
1,1426,0.2,2.0,1.3255042095356127
1,1427,0.2,2.0,0.23041036839457726
1,1428,0.2,2.0,0.7690908057322313
1,1429,0.2,2.0,0.5917134311404452
1,1430,0.2,2.0,0.4759720200907053
1,1431,0.2,2.0,0.21565774533178528
1,1432,0.2,2.0,0.28373758394759135
1,1433,0.2,2.0,0.7920954818554125
1,1434,0.2,2.0,0.9553819754574921
1,1435,0.2,2.0,0.34071170169169007
1,1436,0.2,2.0,0.410773180978126
1,1437,0.2,2.0,0.9949839378782054
1,1438,0.2,2.0,1.1403283083915248
1,1439,0.2,2.0,0.5933915819072338
1,1440,0.2,2.0,0.4848173849536399
1,1441,0.2,2.0,0.34800310861840483
1,1442,0.2,2.0,0.18736838914996096
1,1443,0.2,2.0,0.30354277422589504
1,1444,0.2,2.0,0.22243429469439954
1,1445,0.2,2.0,1.237386405667518
1,1446,0.2,2.0,0.8567263576078347
1,1447,0.2,2.0,0.37816762976657853
1,1448,0.2,2.0,0.8545167436756116
1,1449,0.2,2.0,0.21863981804906335
1,1450,0.2,2.0,0.21496199334277627
1,1451,0.2,2.0,0.4934606212901178
1,1452,0.2,2.0,0.27112173810672396
1,1453,0.2,2.0,0.8594844121480575
1,1454,0.2,2.0,0.8389472859996353
1,1455,0.2,2.0,0.829177383875054
1,1456,0.2,2.0,0.8471538186923102
1,1457,0.2,2.0,0.36062094051233673
1,1458,0.2,2.0,0.9811909779404281
1,1459,0.2,2.0,0.5062839746543526
1,1460,0.2,2.0,0.485190918982602
1,1461,0.2,2.0,0.06445266718603908
1,1462,0.2,2.0,0.7081220018489605
1,1463,0.2,2.0,0.13209915124157087
1,1464,0.2,2.0,0.21377077756331472
1,1465,0.2,2.0,0.6024037841252636
1,1466,0.2,2.0,1.0546164630244699
1,1467,0.2,2.0,1.7811841861526667
1,1468,0.2,2.0,0.12191971985701484
1,1469,0.2,2.0,0.6598257575018661
1,1470,0.2,2.0,1.1084912377411964
1,1471,0.2,2.0,1.1523807934238743
1,1472,0.2,2.0,1.2674482907238585
1,1473,0.2,2.0,0.29429950712783376
1,1474,0.2,2.0,0.20096530647783015
1,1475,0.2,2.0,1.317151565869315
1,1476,0.2,2.0,0.4954852832280349
1,1477,0.2,2.0,0.11352207363197188
1,1478,0.2,2.0,0.6665738542622639
1,1479,0.2,2.0,0.6043935385168517
1,1480,0.2,2.0,0.6250809195823048
1,1481,0.2,2.0,0.18905961488830697
1,1482,0.2,2.0,0.2897557517707495
1,1483,0.2,2.0,0.5234764260761828
1,1484,0.2,2.0,0.7201299898955787
1,1485,0.2,2.0,1.2201456910621316
1,1486,0.2,2.0,0.20895661594353648
1,1487,0.2,2.0,0.8748150346441511
1,1488,0.2,2.0,0.3351375904631946
1,1489,0.2,2.0,1.487318575305709
1,1490,0.2,2.0,0.8816487837190281
1,1491,0.2,2.0,0.6881229747796997
1,1492,0.2,2.0,0.3298603159810388
1,1493,0.2,2.0,0.5574904887332983
1,1494,0.2,2.0,0.4486261548446354
1,1495,0.2,2.0,0.7604806696998376
1,1496,0.2,2.0,0.2599093580539757
1,1497,0.2,2.0,0.19738739115888312
1,1498,0.2,2.0,0.3115246461118158
1,1499,0.2,2.0,0.5350703883696134
1,1500,0.2,2.0,0.20648360016675305
1,1501,0.2,2.0,0.26228967800547415
1,1502,0.2,2.0,0.643649421705457
1,1503,0.2,2.0,0.08450235290366484
1,1504,0.2,2.0,0.30607133409976656
1,1505,0.2,2.0,0.24121665731391
1,1506,0.2,2.0,0.4808447273854293
1,1507,0.2,2.0,0.24945199058864523
1,1508,0.2,2.0,0.76158982733513
1,1509,0.2,2.0,0.3132865196079816
1,1510,0.2,2.0,0.7112303921727342
1,1511,0.2,2.0,1.0338130016212992
1,1512,0.2,2.0,0.5257477517730182
1,1513,0.2,2.0,0.4075048851132592
1,1514,0.2,2.0,0.686850064258716
1,1515,0.2,2.0,0.5615477826923395
1,1516,0.2,2.0,0.723039566397896
1,1517,0.2,2.0,0.6096617120331366
1,1518,0.2,2.0,0.3262124427609401
1,1519,0.2,2.0,0.35859312634803386
1,1520,0.2,2.0,0.21853501885759719
1,1521,0.2,2.0,0.23014631143133654
1,1522,0.2,2.0,0.45872352600274274
1,1523,0.2,2.0,0.5333797370520302
1,1524,0.2,2.0,0.3094822660215162
1,1525,0.2,2.0,0.37870189160635526
1,1526,0.2,2.0,0.39127291891394395
1,1527,0.2,2.0,0.3224733206691558
1,1528,0.2,2.0,0.24984595425448572
1,1529,0.2,2.0,1.1043921165684933
1,1530,0.2,2.0,0.6115304128695543
1,1531,0.2,2.0,0.3860137891563059
1,1532,0.2,2.0,0.521873382002373
1,1533,0.2,2.0,0.788074158000865
1,1534,0.2,2.0,0.6493732599880525
1,1535,0.2,2.0,0.6868759660697314
1,1536,0.2,2.0,1.44358882482217
1,1537,0.2,2.0,0.05526086457432428
1,1538,0.2,2.0,0.4167518167863547
1,1539,0.2,2.0,0.5342724206973782
1,1540,0.2,2.0,1.1007071549213732
1,1541,0.2,2.0,0.3374035163154471
1,1542,0.2,2.0,0.20019639501737915
1,1543,0.2,2.0,0.49890143602067394
1,1544,0.2,2.0,0.8018352291506073
1,1545,0.2,2.0,0.25176012509111645
1,1546,0.2,2.0,0.2452765665598959
1,1547,0.2,2.0,0.9321197291546024
1,1548,0.2,2.0,0.8204577293753045
1,1549,0.2,2.0,0.18314632487845386
1,1550,0.2,2.0,1.3054867944309725
1,1551,0.2,2.0,0.24791804586816488
1,1552,0.2,2.0,0.42625294254281393
1,1553,0.2,2.0,0.7974459937217541
1,1554,0.2,2.0,0.06456006106007621
1,1555,0.2,2.0,0.554710769407793
1,1556,0.2,2.0,0.6747659247930924
1,1557,0.2,2.0,0.6343539922383914
1,1558,0.2,2.0,0.06192635357717485
1,1559,0.2,2.0,0.5163580228527911
1,1560,0.2,2.0,0.5076685573306345
1,1561,0.2,2.0,0.6358411615874253
1,1562,0.2,2.0,0.21267763903816905
1,1563,0.2,2.0,0.7262355688320812
1,1564,0.2,2.0,0.2720902417039869
1,1565,0.2,2.0,0.41173876191174436
1,1566,0.2,2.0,1.0735354598112907
1,1567,0.2,2.0,0.6795378301213738
1,1568,0.2,2.0,0.37372485335536326
1,1569,0.2,2.0,0.39581822985581994
1,1570,0.2,2.0,0.5462326483374099
1,1571,0.2,2.0,0.36725182973353093
1,1572,0.2,2.0,0.8834563950201479
1,1573,0.2,2.0,0.052861437465039164
1,1574,0.2,2.0,0.5004500689721426
1,1575,0.2,2.0,0.588317141880163
1,1576,0.2,2.0,0.6972339974795058
1,1577,0.2,2.0,0.30968160292818986
1,1578,0.2,2.0,0.14807795737493912
1,1579,0.2,2.0,0.9609840384261203
1,1580,0.2,2.0,0.16209433699816717
1,1581,0.2,2.0,0.15888838968780844
1,1582,0.2,2.0,0.994187076170526
1,1583,0.2,2.0,0.7287290802712373
1,1584,0.2,2.0,0.465032575437199
1,1585,0.2,2.0,1.0285233822282924
1,1586,0.2,2.0,0.4868847954612574
1,1587,0.2,2.0,0.6434367451184464
1,1588,0.2,2.0,0.31151762246594816
1,1589,0.2,2.0,0.6298299397049189
1,1590,0.2,2.0,0.42719035608699485
1,1591,0.2,2.0,0.5611310986183713
1,1592,0.2,2.0,0.49253589004838916
1,1593,0.2,2.0,0.29898255679288194
1,1594,0.2,2.0,0.21166923267559318
1,1595,0.2,2.0,0.48797829534143194
1,1596,0.2,2.0,0.2465806969155368
1,1597,0.2,2.0,0.75912204921552
1,1598,0.2,2.0,0.45845089236467024
1,1599,0.2,2.0,0.35170615209684325
1,1600,0.2,2.0,0.28266297835896065
1,1601,0.2,2.0,0.6298033823103865
1,1602,0.2,2.0,0.19569051420801484
1,1603,0.2,2.0,0.5262346537536408
1,1604,0.2,2.0,0.5399692554978869
1,1605,0.2,2.0,0.4366151418113453
1,1606,0.2,2.0,0.414638290413008
1,1607,0.2,2.0,0.18583688065171258
1,1608,0.2,2.0,0.5896787435872372
1,1609,0.2,2.0,0.8405313619536415
1,1610,0.2,2.0,0.38388959199588535
1,1611,0.2,2.0,0.35243696615732917
1,1612,0.2,2.0,0.09269151855574224
1,1613,0.2,2.0,1.297073950117283
1,1614,0.2,2.0,0.786953724919382
1,1615,0.2,2.0,0.49761536517989197
1,1616,0.2,2.0,0.9393667606982351
1,1617,0.2,2.0,0.05185852450271129
1,1618,0.2,2.0,1.154365156773874
1,1619,0.2,2.0,0.8402434884615162
1,1620,0.2,2.0,1.0507797603553855
1,1621,0.2,2.0,0.4761345819601255
1,1622,0.2,2.0,0.23550458252805084
1,1623,0.2,2.0,0.5276230053378445
1,1624,0.2,2.0,0.24382787111506368
1,1625,0.2,2.0,0.6690296847414419
1,1626,0.2,2.0,1.4796551843190735
1,1627,0.2,2.0,0.21050118309256252
1,1628,0.2,2.0,0.4770647661187118
1,1629,0.2,2.0,0.14021052043595805
1,1630,0.2,2.0,0.6447612722637842
1,1631,0.2,2.0,0.7027941276351016
1,1632,0.2,2.0,0.5110013855460092
1,1633,0.2,2.0,0.5534719063363731
1,1634,0.2,2.0,0.6248755240921062
1,1635,0.2,2.0,0.4404855937854348
1,1636,0.2,2.0,0.989894447829417
1,1637,0.2,2.0,0.215527592329304
1,1638,0.2,2.0,0.4986203788955901
1,1639,0.2,2.0,0.5074202164467807
1,1640,0.2,2.0,0.6089037218811404
1,1641,0.2,2.0,0.5789833768661192
1,1642,0.2,2.0,0.22570258938459117
1,1643,0.2,2.0,0.7035859662200922
1,1644,0.2,2.0,0.7638340757761891
1,1645,0.2,2.0,0.5303943497644507
1,1646,0.2,2.0,0.7681742687174808
1,1647,0.2,2.0,0.3227641798033159
1,1648,0.2,2.0,1.2028630941436247
1,1649,0.2,2.0,0.26864000193995013
1,1650,0.2,2.0,0.552490482205914
1,1651,0.2,2.0,0.797434982723218
1,1652,0.2,2.0,0.9215103167165618
1,1653,0.2,2.0,0.582905280487637
1,1654,0.2,2.0,0.2072947905304519
1,1655,0.2,2.0,0.23541633004535806
1,1656,0.2,2.0,0.7787068499680839
1,1657,0.2,2.0,0.4415894173165518
1,1658,0.2,2.0,0.4205716392387395
1,1659,0.2,2.0,1.0224208883893462
1,1660,0.2,2.0,0.4915999851467299
1,1661,0.2,2.0,0.37251919012098583
1,1662,0.2,2.0,0.16253285509180923
1,1663,0.2,2.0,0.4454824824576906
1,1664,0.2,2.0,0.4986607694701372
1,1665,0.2,2.0,0.6708941537024599
1,1666,0.2,2.0,0.44865948842383596
1,1667,0.2,2.0,0.26096585567870517
1,1668,0.2,2.0,0.25200301214959253
1,1669,0.2,2.0,0.35893071583655933
1,1670,0.2,2.0,1.227111398668118
1,1671,0.2,2.0,0.45063235929478807
1,1672,0.2,2.0,0.3525868965956288
1,1673,0.2,2.0,0.3989875338808548
1,1674,0.2,2.0,0.8590892261647856
1,1675,0.2,2.0,0.47859092447570856
1,1676,0.2,2.0,0.33702358671840066
1,1677,0.2,2.0,0.18875835245686592
1,1678,0.2,2.0,0.6051074601453407
1,1679,0.2,2.0,0.2796736870785992
1,1680,0.2,2.0,0.29779607057775986
1,1681,0.2,2.0,0.5353182755646222
1,1682,0.2,2.0,0.45511234335027817
1,1683,0.2,2.0,0.7723358441596104
1,1684,0.2,2.0,0.39420099265605985
1,1685,0.2,2.0,0.29678724484468627
1,1686,0.2,2.0,0.6626220353539894
1,1687,0.2,2.0,0.6571423561252406
1,1688,0.2,2.0,0.8080667911107929
1,1689,0.2,2.0,0.8535044186008197
1,1690,0.2,2.0,0.32742694509069076
1,1691,0.2,2.0,0.7290635617713125
1,1692,0.2,2.0,0.5033877874232107
1,1693,0.2,2.0,0.6161123495671619
1,1694,0.2,2.0,0.5891253628322085
1,1695,0.2,2.0,0.5191391056115198
1,1696,0.2,2.0,0.3554784369181483
1,1697,0.2,2.0,0.7182808157893011
1,1698,0.2,2.0,0.818759197232002
1,1699,0.2,2.0,0.5436214610543233
1,1700,0.2,2.0,0.2066924513390362
1,1701,0.2,2.0,0.8506625432097413
1,1702,0.2,2.0,0.20799474427156012
1,1703,0.2,2.0,0.10291282553273355
1,1704,0.2,2.0,0.2182174227219256
1,1705,0.2,2.0,0.5635983026391095
1,1706,0.2,2.0,0.30483721654010953
1,1707,0.2,2.0,0.16281097360759267
1,1708,0.2,2.0,0.22051267004036396
1,1709,0.2,2.0,0.21810219471961756
1,1710,0.2,2.0,1.5698722168287145
1,1711,0.2,2.0,0.04885143911220919
1,1712,0.2,2.0,0.2141169171594391
1,1713,0.2,2.0,0.34467141518960087
1,1714,0.2,2.0,0.3058906289690756
1,1715,0.2,2.0,0.23646514444313313
1,1716,0.2,2.0,0.5070027481715743
1,1717,0.2,2.0,0.15887059092038697
1,1718,0.2,2.0,0.6206446344701637
1,1719,0.2,2.0,0.5005313553704875
1,1720,0.2,2.0,0.502227788726958
1,1721,0.2,2.0,0.5163263317705432
1,1722,0.2,2.0,0.518801043956325
1,1723,0.2,2.0,0.10869331863119575
1,1724,0.2,2.0,0.29568905839350573
1,1725,0.2,2.0,0.6411619667114828
1,1726,0.2,2.0,0.5543864604256582
1,1727,0.2,2.0,0.1286608727242456
1,1728,0.2,2.0,0.8766582574897637
1,1729,0.2,2.0,0.5703607008730446
1,1730,0.2,2.0,0.4023484019611601
1,1731,0.2,2.0,0.7005645790441265
1,1732,0.2,2.0,0.8234692454645366
1,1733,0.2,2.0,0.14974226163638463
1,1734,0.2,2.0,0.7014734074828344
1,1735,0.2,2.0,1.221851907621826
1,1736,0.2,2.0,0.6468837959011637
1,1737,0.2,2.0,0.5080806965466932
1,1738,0.2,2.0,0.3478237856522492
1,1739,0.2,2.0,0.4670124983247985
1,1740,0.2,2.0,0.6499102975389152
1,1741,0.2,2.0,0.8676849044326823
1,1742,0.2,2.0,0.09009213348086993
1,1743,0.2,2.0,0.4939682225004986
1,1744,0.2,2.0,0.23810599658156661
1,1745,0.2,2.0,0.7750464641074314
1,1746,0.2,2.0,0.33427335410397657
1,1747,0.2,2.0,0.6323057084672934
1,1748,0.2,2.0,0.8813993428716376
1,1749,0.2,2.0,1.1680111451485986
1,1750,0.2,2.0,0.17456475105594713
1,1751,0.2,2.0,0.6930772254227302
1,1752,0.2,2.0,0.23867526921466414
1,1753,0.2,2.0,0.5705469143394357
1,1754,0.2,2.0,0.35431514482643484
1,1755,0.2,2.0,0.6036616233254
1,1756,0.2,2.0,0.5497581827446922
1,1757,0.2,2.0,0.5414274303335741
1,1758,0.2,2.0,0.5403343017392703
1,1759,0.2,2.0,0.6631603246704906
1,1760,0.2,2.0,0.25625422278466203
1,1761,0.2,2.0,0.7246263886911232
1,1762,0.2,2.0,0.20286043998245268
1,1763,0.2,2.0,0.33668075604800896
1,1764,0.2,2.0,0.682086571305193
1,1765,0.2,2.0,0.3944874265797504
1,1766,0.2,2.0,0.3884125523101249
1,1767,0.2,2.0,0.7397403790391318
1,1768,0.2,2.0,0.5824503182902246
1,1769,0.2,2.0,0.42206227226821547
1,1770,0.2,2.0,0.31291312343317845
1,1771,0.2,2.0,0.5236299666352489
1,1772,0.2,2.0,0.5746176933808784
1,1773,0.2,2.0,0.33794863772968914
1,1774,0.2,2.0,0.4923515734601356
1,1775,0.2,2.0,0.09986681808923353
1,1776,0.2,2.0,0.5121994730855858
1,1777,0.2,2.0,0.3995371000975978
1,1778,0.2,2.0,0.11196431252559304
1,1779,0.2,2.0,0.2800904052990288
1,1780,0.2,2.0,0.08716033233491953
1,1781,0.2,2.0,1.1153103361341374
1,1782,0.2,2.0,0.42517213001543297
1,1783,0.2,2.0,0.29255376861338683
1,1784,0.2,2.0,0.6333413340437903
1,1785,0.2,2.0,0.4683192286379794
1,1786,0.2,2.0,0.4128626076895199
1,1787,0.2,2.0,1.2332081334888085
1,1788,0.2,2.0,0.7891190456495679
1,1789,0.2,2.0,0.4434180822026958
1,1790,0.2,2.0,0.6080115230727449
1,1791,0.2,2.0,1.0058520948052518
1,1792,0.2,2.0,0.36833972379328905
1,1793,0.2,2.0,0.3483455107219258
1,1794,0.2,2.0,0.8935960192375767
1,1795,0.2,2.0,0.8532826060610664
1,1796,0.2,2.0,0.540537066078659
1,1797,0.2,2.0,0.7857857607039499
1,1798,0.2,2.0,0.4541574214812385
1,1799,0.2,2.0,0.4281693742335759
1,1800,0.2,2.0,0.4282749349595501
1,1801,0.2,2.0,0.2132387564395805
1,1802,0.2,2.0,0.40785174361621335
1,1803,0.2,2.0,0.5757298049343571
1,1804,0.2,2.0,0.34193584434580687
1,1805,0.2,2.0,0.5624433162414807
1,1806,0.2,2.0,0.01677350369338149
1,1807,0.2,2.0,0.9389550283479767
1,1808,0.2,2.0,0.3427001158017808
1,1809,0.2,2.0,0.6049810860358948
1,1810,0.2,2.0,1.018750428046472
1,1811,0.2,2.0,0.3156030188587897
1,1812,0.2,2.0,0.3719142457713957
1,1813,0.2,2.0,0.795788918849825
1,1814,0.2,2.0,1.081435548835745
1,1815,0.2,2.0,0.38378493387509
1,1816,0.2,2.0,0.6209187304351527
1,1817,0.2,2.0,0.5960645012589482
1,1818,0.2,2.0,0.3867335559313096
1,1819,0.2,2.0,0.811011586405942
1,1820,0.2,2.0,0.5627227597598238
1,1821,0.2,2.0,0.4307464103480927
1,1822,0.2,2.0,0.12425531799964672
1,1823,0.2,2.0,1.239977235728729
1,1824,0.2,2.0,0.7646231408146126
1,1825,0.2,2.0,0.624979489879786
1,1826,0.2,2.0,0.9280275755702909
1,1827,0.2,2.0,0.25504224198007014
1,1828,0.2,2.0,0.921105208144505
1,1829,0.2,2.0,1.280724786372658
1,1830,0.2,2.0,0.3941022907434514
1,1831,0.2,2.0,0.8628888651214296
1,1832,0.2,2.0,0.566534028820858
1,1833,0.2,2.0,1.212208776813255
1,1834,0.2,2.0,0.7374557721719902
1,1835,0.2,2.0,0.39660839687417215
1,1836,0.2,2.0,1.0344037129527688
1,1837,0.2,2.0,0.5250849717102083
1,1838,0.2,2.0,0.7317846869254666
1,1839,0.2,2.0,0.6276570709059512
1,1840,0.2,2.0,0.6109248347625481
1,1841,0.2,2.0,0.40419611920877957
1,1842,0.2,2.0,0.9769954415547755
1,1843,0.2,2.0,0.48069908259501287
1,1844,0.2,2.0,0.49797667188890193
1,1845,0.2,2.0,0.09654216055222645
1,1846,0.2,2.0,0.9835837013218797
1,1847,0.2,2.0,0.584678884014031
1,1848,0.2,2.0,0.1384936474006805
1,1849,0.2,2.0,0.15872538701650307
1,1850,0.2,2.0,1.0099208971326037
1,1851,0.2,2.0,0.5171494823578576
1,1852,0.2,2.0,0.5188126994304428
1,1853,0.2,2.0,0.39915368417620567
1,1854,0.2,2.0,0.1425017675112139
1,1855,0.2,2.0,0.9210401895194371
1,1856,0.2,2.0,0.26620280101724303
1,1857,0.2,2.0,0.6787637086270797
1,1858,0.2,2.0,0.22620456714844323
1,1859,0.2,2.0,0.8794872428036415
1,1860,0.2,2.0,0.3340100827541064
1,1861,0.2,2.0,0.8228856172104216
1,1862,0.2,2.0,0.3079455671767136
1,1863,0.2,2.0,0.7215223733511454
1,1864,0.2,2.0,0.6430805097312202
1,1865,0.2,2.0,0.8484488153042343
1,1866,0.2,2.0,0.8067167813853588
1,1867,0.2,2.0,0.8695377026712926
1,1868,0.2,2.0,0.07506913315935972
1,1869,0.2,2.0,1.209176963676423
1,1870,0.2,2.0,0.8471466179318108
1,1871,0.2,2.0,0.3508905174764827
1,1872,0.2,2.0,0.7420743270522245
1,1873,0.2,2.0,0.6570158972794033
1,1874,0.2,2.0,0.5868794681314952
1,1875,0.2,2.0,0.7861433836198715
1,1876,0.2,2.0,0.7716541908231355
1,1877,0.2,2.0,0.33480602810099236
1,1878,0.2,2.0,0.9692639252648063
1,1879,0.2,2.0,0.6766728942094139
1,1880,0.2,2.0,0.4511139419649048
1,1881,0.2,2.0,0.9334110006724855
1,1882,0.2,2.0,0.31625795054732675
1,1883,0.2,2.0,0.3346323033104259
1,1884,0.2,2.0,0.9433239176383719
1,1885,0.2,2.0,0.8214066445055889
1,1886,0.2,2.0,0.6234302427188668
1,1887,0.2,2.0,0.37470674717604957
1,1888,0.2,2.0,1.0694602351510292
1,1889,0.2,2.0,0.7808506129616294
1,1890,0.2,2.0,0.8010037165423955
1,1891,0.2,2.0,0.48094305690015215
1,1892,0.2,2.0,0.6311795342104498
1,1893,0.2,2.0,0.767312636089016
1,1894,0.2,2.0,0.512726127689854
1,1895,0.2,2.0,0.6955867199057604
1,1896,0.2,2.0,0.6779789270288824
1,1897,0.2,2.0,0.8124760806562844
1,1898,0.2,2.0,0.5007741109836366
1,1899,0.2,2.0,0.5268851589172202
1,1900,0.2,2.0,0.2941214558410156
1,1901,0.2,2.0,0.4358282759851426
1,1902,0.2,2.0,0.822870906196276
1,1903,0.2,2.0,0.34192276221669654
1,1904,0.2,2.0,0.4544975019881215
1,1905,0.2,2.0,0.6615819110911919
1,1906,0.2,2.0,0.6966102423544199
1,1907,0.2,2.0,0.6747122948339044
1,1908,0.2,2.0,0.3929276641182101
1,1909,0.2,2.0,0.06015659836269044
1,1910,0.2,2.0,0.48495364395436485
1,1911,0.2,2.0,0.46362867712665706
1,1912,0.2,2.0,0.7261542191182632
1,1913,0.2,2.0,0.3110732568125939
1,1914,0.2,2.0,0.6107838252461125
1,1915,0.2,2.0,0.8087625557701056
1,1916,0.2,2.0,0.0868149121850729
1,1917,0.2,2.0,0.5566786918171124
1,1918,0.2,2.0,0.8279279641808419
1,1919,0.2,2.0,0.9884184564244601
1,1920,0.2,2.0,0.5354652674884445
1,1921,0.2,2.0,0.4557837147228078
1,1922,0.2,2.0,0.3050328319598838
1,1923,0.2,2.0,0.6900847620464702
1,1924,0.2,2.0,0.2783723633704767
1,1925,0.2,2.0,0.22021627602164817
1,1926,0.2,2.0,1.2953349933244303
1,1927,0.2,2.0,0.38723535772798184
1,1928,0.2,2.0,0.3081895766408027
1,1929,0.2,2.0,0.6281040426521408
1,1930,0.2,2.0,0.9578792036366347
1,1931,0.2,2.0,0.555396535818053
1,1932,0.2,2.0,1.19875942320599
1,1933,0.2,2.0,0.5323570545649174
1,1934,0.2,2.0,0.1735472111345051
1,1935,0.2,2.0,1.2789160330864962
1,1936,0.2,2.0,0.07986426893708387
1,1937,0.2,2.0,0.771564379053764
1,1938,0.2,2.0,0.6990396939568245
1,1939,0.2,2.0,0.24230489305873684
1,1940,0.2,2.0,1.1313994926337496
1,1941,0.2,2.0,0.4210719101154192
1,1942,0.2,2.0,0.20138761044776876
1,1943,0.2,2.0,0.32540038642253183
1,1944,0.2,2.0,0.508251242464604
1,1945,0.2,2.0,0.3748520983277321
1,1946,0.2,2.0,0.5578512706500306
1,1947,0.2,2.0,0.41032327666435037
1,1948,0.2,2.0,0.1483623821015437
1,1949,0.2,2.0,1.5619045349807321
1,1950,0.2,2.0,0.36565386722082377
1,1951,0.2,2.0,0.5488119618654674
1,1952,0.2,2.0,0.19046999900618747
1,1953,0.2,2.0,0.31902759540203407
1,1954,0.2,2.0,0.04163770316930104
1,1955,0.2,2.0,0.4434176414002198
1,1956,0.2,2.0,0.4199093198696083
1,1957,0.2,2.0,0.47510718242193495
1,1958,0.2,2.0,0.7918204554546746
1,1959,0.2,2.0,0.5129925319123535
1,1960,0.2,2.0,0.1498391243655236
1,1961,0.2,2.0,0.8460899002457425
1,1962,0.2,2.0,0.6842020304431367
1,1963,0.2,2.0,0.6604511744490477
1,1964,0.2,2.0,0.31645401187322675
1,1965,0.2,2.0,0.4409908204201807
1,1966,0.2,2.0,0.5171088356199125
1,1967,0.2,2.0,0.060550425063711714
1,1968,0.2,2.0,0.31441935882274913
1,1969,0.2,2.0,0.38196693729084236
1,1970,0.2,2.0,0.31830976754039225
1,1971,0.2,2.0,0.551377924250862
1,1972,0.2,2.0,0.7892122987325201
1,1973,0.2,2.0,0.5937291104320969
1,1974,0.2,2.0,0.6599645967469306
1,1975,0.2,2.0,0.7127106117012593
1,1976,0.2,2.0,0.9059894998063587
1,1977,0.2,2.0,1.2792470054363303
1,1978,0.2,2.0,0.6495333780664767
1,1979,0.2,2.0,0.8529733570200385
1,1980,0.2,2.0,0.6370831114744058
1,1981,0.2,2.0,0.4430557863038191
1,1982,0.2,2.0,0.7237002411289757
1,1983,0.2,2.0,0.20108390752575192
1,1984,0.2,2.0,0.5182552750201015
1,1985,0.2,2.0,1.1885995233487094
1,1986,0.2,2.0,0.4308551179253947
1,1987,0.2,2.0,0.02829884267217233
1,1988,0.2,2.0,0.8589379629195631
1,1989,0.2,2.0,0.554191700041241
1,1990,0.2,2.0,0.7580414456651464
1,1991,0.2,2.0,0.812821889480878
1,1992,0.2,2.0,0.44768858938291106
1,1993,0.2,2.0,0.47635271142381763
1,1994,0.2,2.0,1.0641116947235167
1,1995,0.2,2.0,0.3343708001388992
1,1996,0.2,2.0,0.4484044921196305
1,1997,0.2,2.0,0.3319941710768769
1,1998,0.2,2.0,0.2144824791421619
1,1999,0.2,2.0,0.28765690150830836
1,2000,0.2,2.0,1.177463619546932
1,2001,0.2,2.0,0.7255110316951108
1,2002,0.2,2.0,0.8544647865723252
1,2003,0.2,2.0,1.4695586388304562
1,2004,0.2,2.0,1.2100600930571646
1,2005,0.2,2.0,0.22481624720224994
1,2006,0.2,2.0,0.5502470805309232
1,2007,0.2,2.0,0.6983772325560572
1,2008,0.2,2.0,0.3905472795638234
1,2009,0.2,2.0,0.4495824033720258
1,2010,0.2,2.0,0.8251485884928249
1,2011,0.2,2.0,1.8458368876150228
1,2012,0.2,2.0,0.2928067285887611
1,2013,0.2,2.0,1.060828527633109
1,2014,0.2,2.0,0.7439760684370669
1,2015,0.2,2.0,0.131003292209999
1,2016,0.2,2.0,0.6311063064960175
1,2017,0.2,2.0,0.6697030872774858
1,2018,0.2,2.0,0.7134580451984245
1,2019,0.2,2.0,0.7242054148970644
1,2020,0.2,2.0,0.13741357975544571
1,2021,0.2,2.0,0.47721959933521396
1,2022,0.2,2.0,0.20610335526030676
1,2023,0.2,2.0,0.486197675382599
1,2024,0.2,2.0,0.6074930224679679
1,2025,0.2,2.0,0.4889465833745953
1,2026,0.2,2.0,0.5010373047492631
1,2027,0.2,2.0,0.8749656435806147
1,2028,0.2,2.0,0.529014497623721
1,2029,0.2,2.0,0.1927645548589319
1,2030,0.2,2.0,0.6427753153080596
1,2031,0.2,2.0,0.535041436017939
1,2032,0.2,2.0,0.2503715977338772
1,2033,0.2,2.0,0.509327555999167
1,2034,0.2,2.0,0.679221364329404
1,2035,0.2,2.0,0.19042807242277623
1,2036,0.2,2.0,0.14270000845514655
1,2037,0.2,2.0,0.361135982442464
1,2038,0.2,2.0,0.5199838841783835
1,2039,0.2,2.0,0.3873875558599469
1,2040,0.2,2.0,0.34911625900790744
1,2041,0.2,2.0,0.07768079433554553
1,2042,0.2,2.0,0.4303704277906163
1,2043,0.2,2.0,0.7755344713461199
1,2044,0.2,2.0,0.6643231371806517
1,2045,0.2,2.0,0.21853163259940026
1,2046,0.2,2.0,0.7398418381922566
1,2047,0.2,2.0,0.78540654877693
1,2048,0.2,2.0,0.5025177836988824
1,2049,0.2,2.0,0.9044368238386006
1,2050,0.2,2.0,1.1902138764334291
1,2051,0.2,2.0,0.6255853175895844
1,2052,0.2,2.0,1.132504081485982
1,2053,0.2,2.0,0.38409738807552607
1,2054,0.2,2.0,0.18473934639722
1,2055,0.2,2.0,0.4175792737026682
1,2056,0.2,2.0,0.6471773449449287
1,2057,0.2,2.0,0.2719506662093095
1,2058,0.2,2.0,0.7573760544993535
1,2059,0.2,2.0,0.8183945202280196
1,2060,0.2,2.0,0.5006458570623484
1,2061,0.2,2.0,1.102156121987802
1,2062,0.2,2.0,0.5782986611061776
1,2063,0.2,2.0,0.08549690207101666
1,2064,0.2,2.0,0.936929650329784
1,2065,0.2,2.0,0.46610164879531296
1,2066,0.2,2.0,0.06235875639662223
1,2067,0.2,2.0,0.287742304220445
1,2068,0.2,2.0,0.7844573785359255
1,2069,0.2,2.0,0.5719589000190847
1,2070,0.2,2.0,0.5312664250302878
1,2071,0.2,2.0,0.7444850145790086
1,2072,0.2,2.0,0.33363173929902024
1,2073,0.2,2.0,0.5062612312150204
1,2074,0.2,2.0,0.31160565324435874
1,2075,0.2,2.0,0.596270236174588
1,2076,0.2,2.0,0.31747583484938885
1,2077,0.2,2.0,0.1144219541183454
1,2078,0.2,2.0,0.3837642562731347
1,2079,0.2,2.0,0.48945103066020684
1,2080,0.2,2.0,0.40056759844605233
1,2081,0.2,2.0,0.5502860331457524
1,2082,0.2,2.0,0.3236160489655555
1,2083,0.2,2.0,0.4586823880604723
1,2084,0.2,2.0,0.5653676441855836
1,2085,0.2,2.0,0.45456317143481606
1,2086,0.2,2.0,0.715740009630228
1,2087,0.2,2.0,0.8283877245487927
1,2088,0.2,2.0,0.4340282864069515
1,2089,0.2,2.0,1.149414806807718
1,2090,0.2,2.0,0.4110734968563788
1,2091,0.2,2.0,0.548297104799766
1,2092,0.2,2.0,0.3339207478552444
1,2093,0.2,2.0,0.6086316051084711
1,2094,0.2,2.0,0.7065485570999928
1,2095,0.2,2.0,0.6674338718829727
1,2096,0.2,2.0,0.3784711472524187
1,2097,0.2,2.0,0.7463921343587815
1,2098,0.2,2.0,0.6622592265364369
1,2099,0.2,2.0,0.3513157424450655
1,2100,0.2,2.0,0.9975003583513928
1,2101,0.2,2.0,0.5283990976332126
1,2102,0.2,2.0,0.313288966246669
1,2103,0.2,2.0,0.6051973803074516
1,2104,0.2,2.0,1.0611856718792974
1,2105,0.2,2.0,0.2794033358320002
1,2106,0.2,2.0,0.44253381825039
1,2107,0.2,2.0,0.7822553544948239
1,2108,0.2,2.0,0.5341397560970857
1,2109,0.2,2.0,0.24965502721281096
1,2110,0.2,2.0,0.35166216672816747
1,2111,0.2,2.0,0.7120527785770709
1,2112,0.2,2.0,0.6699542686569613
1,2113,0.2,2.0,1.4074123561233032
1,2114,0.2,2.0,0.17990866402214717
1,2115,0.2,2.0,0.33554103879972885
1,2116,0.2,2.0,0.4812556581245498
1,2117,0.2,2.0,0.6889948326443459
1,2118,0.2,2.0,0.4177041126205405
1,2119,0.2,2.0,0.3049867863529359
1,2120,0.2,2.0,0.3322314103108583
1,2121,0.2,2.0,0.5719000640485563
1,2122,0.2,2.0,1.3871887053945644
1,2123,0.2,2.0,1.2248600791542654
1,2124,0.2,2.0,1.132191060828402
1,2125,0.2,2.0,0.39522260017209776
1,2126,0.2,2.0,0.6864375357880333
1,2127,0.2,2.0,0.2879870161503775
1,2128,0.2,2.0,0.15277446483530743
1,2129,0.2,2.0,0.34065387048772716
1,2130,0.2,2.0,0.9931616147070789
1,2131,0.2,2.0,0.29606204122837576
1,2132,0.2,2.0,0.561941385686091
1,2133,0.2,2.0,0.409912004048734
1,2134,0.2,2.0,0.7179533424508129
1,2135,0.2,2.0,0.5107927188496241
1,2136,0.2,2.0,1.2439793631111957
1,2137,0.2,2.0,0.5676322781919856
1,2138,0.2,2.0,0.6609616574225169
1,2139,0.2,2.0,0.8085316780730858
1,2140,0.2,2.0,0.8942903165806165
1,2141,0.2,2.0,0.7039492290358618
1,2142,0.2,2.0,0.6158184005120652
1,2143,0.2,2.0,0.19880229374094696
1,2144,0.2,2.0,0.5291149446364766
1,2145,0.2,2.0,0.28966583341443225
1,2146,0.2,2.0,0.6719245559192066
1,2147,0.2,2.0,0.38949165151388737
1,2148,0.2,2.0,0.3087140903479812
1,2149,0.2,2.0,1.2854068101059508
1,2150,0.2,2.0,0.43016304531306565
1,2151,0.2,2.0,0.09434792249784393
1,2152,0.2,2.0,0.5060330906131063
1,2153,0.2,2.0,0.8285652092859849
1,2154,0.2,2.0,0.5108978653532387
1,2155,0.2,2.0,0.4190304971005031
1,2156,0.2,2.0,0.6970109211239548
1,2157,0.2,2.0,0.07024054368336732
1,2158,0.2,2.0,0.6023734301307941
1,2159,0.2,2.0,0.5656354146157889
1,2160,0.2,2.0,1.0208339073569916
1,2161,0.2,2.0,0.34499881235352825
1,2162,0.2,2.0,0.7783243408390116
1,2163,0.2,2.0,0.16392899442880712
1,2164,0.2,2.0,0.7570762288661067
1,2165,0.2,2.0,0.49456342826012356
1,2166,0.2,2.0,0.3368810131907837
1,2167,0.2,2.0,0.4852477234481114
1,2168,0.2,2.0,0.4923758490570469
1,2169,0.2,2.0,0.6732038896530997
1,2170,0.2,2.0,0.32280893821599843
1,2171,0.2,2.0,1.307267726800031
1,2172,0.2,2.0,0.8550159569850576
1,2173,0.2,2.0,0.47301529490114974
1,2174,0.2,2.0,0.38741333935082384
1,2175,0.2,2.0,0.8817398791444954
1,2176,0.2,2.0,0.6069863599531145
1,2177,0.2,2.0,0.6838302441464433
1,2178,0.2,2.0,1.0226243233370138
1,2179,0.2,2.0,0.5747934602961241
1,2180,0.2,2.0,0.25838686734681854
1,2181,0.2,2.0,0.4487912233231055
1,2182,0.2,2.0,0.4482424744206708
1,2183,0.2,2.0,0.16532070629663909
1,2184,0.2,2.0,0.7307779938478538
1,2185,0.2,2.0,0.3073554441756227
1,2186,0.2,2.0,0.34643881853551434
1,2187,0.2,2.0,0.6155551787967466
1,2188,0.2,2.0,0.5095988954313373
1,2189,0.2,2.0,0.46230528333831833
1,2190,0.2,2.0,0.18170605031122922
1,2191,0.2,2.0,0.17969945433823392
1,2192,0.2,2.0,0.7067238039285877
1,2193,0.2,2.0,0.964438326081195
1,2194,0.2,2.0,0.7967571830245321
1,2195,0.2,2.0,0.7608237306444784
1,2196,0.2,2.0,1.130028435980733
1,2197,0.2,2.0,0.4717025942342347
1,2198,0.2,2.0,0.7358544767827426
1,2199,0.2,2.0,0.608671132831022
1,2200,0.2,2.0,0.21029340668842805
1,2201,0.2,2.0,1.1275965917172666
1,2202,0.2,2.0,0.5725738205893969
1,2203,0.2,2.0,0.4342170221099894
1,2204,0.2,2.0,0.6171642733683997
1,2205,0.2,2.0,0.29198123210510346
1,2206,0.2,2.0,0.3447497667187588
1,2207,0.2,2.0,0.4578341796553489
1,2208,0.2,2.0,0.21620089497685127
1,2209,0.2,2.0,0.5044329372331303
1,2210,0.2,2.0,0.5055131776094075
1,2211,0.2,2.0,0.9173485846654376
1,2212,0.2,2.0,0.3230519128915745
1,2213,0.2,2.0,0.9261696773683895
1,2214,0.2,2.0,0.7787220152560136
1,2215,0.2,2.0,0.7790426408640158
1,2216,0.2,2.0,0.7936582552428202
1,2217,0.2,2.0,0.9659485463794122
1,2218,0.2,2.0,0.3580203126384568
1,2219,0.2,2.0,0.5531701452023394
1,2220,0.2,2.0,0.6440853282869329
1,2221,0.2,2.0,0.7368396746813914
1,2222,0.2,2.0,0.5969944064559556
1,2223,0.2,2.0,0.4833812726801741
1,2224,0.2,2.0,1.1353807344997955
1,2225,0.2,2.0,1.028479696188573
1,2226,0.2,2.0,0.7656941985645594
1,2227,0.2,2.0,0.49084386432937155
1,2228,0.2,2.0,0.5072972071524421
1,2229,0.2,2.0,0.4412096580577811
1,2230,0.2,2.0,0.15176453295330775
1,2231,0.2,2.0,0.39974553699062865
1,2232,0.2,2.0,0.13945622224259052
1,2233,0.2,2.0,0.16953774042691563
1,2234,0.2,2.0,0.585141621119525
1,2235,0.2,2.0,0.7800313453051392
1,2236,0.2,2.0,0.2508374664681819
1,2237,0.2,2.0,0.718501240210704
1,2238,0.2,2.0,0.9740126304433785
1,2239,0.2,2.0,0.3186578340718451
1,2240,0.2,2.0,0.8117183235760069
1,2241,0.2,2.0,0.12457605652099962
1,2242,0.2,2.0,0.3808603674068304
1,2243,0.2,2.0,0.20724177386934958
1,2244,0.2,2.0,0.45405910113694664
1,2245,0.2,2.0,1.192295830906241
1,2246,0.2,2.0,1.0288203258325919
1,2247,0.2,2.0,0.6981674767870981
1,2248,0.2,2.0,0.24584732075092508
1,2249,0.2,2.0,0.3154558849900597
1,2250,0.2,2.0,0.7476858534544726
1,2251,0.2,2.0,0.5911050543181052
1,2252,0.2,2.0,0.37889826836141555
1,2253,0.2,2.0,1.0652903997023124
1,2254,0.2,2.0,0.7779369976872476
1,2255,0.2,2.0,0.3454012698100435
1,2256,0.2,2.0,0.33171608731615193
1,2257,0.2,2.0,1.1477427782380143
1,2258,0.2,2.0,0.18019308581548735
1,2259,0.2,2.0,0.47654461600662906
1,2260,0.2,2.0,0.3417644235168603
1,2261,0.2,2.0,0.5757570110309487
1,2262,0.2,2.0,0.5402246931454858
1,2263,0.2,2.0,0.7244148945026038
1,2264,0.2,2.0,1.1154287319350407
1,2265,0.2,2.0,0.7470813298721041
1,2266,0.2,2.0,0.7620347453299245
1,2267,0.2,2.0,0.8700286573149466
1,2268,0.2,2.0,0.04722007821040349
1,2269,0.2,2.0,0.20467130622252222
1,2270,0.2,2.0,0.9577945462788086
1,2271,0.2,2.0,0.2157889491458569
1,2272,0.2,2.0,0.26970376940513324
1,2273,0.2,2.0,0.36714590960599086
1,2274,0.2,2.0,1.020598030447283
1,2275,0.2,2.0,1.0445294033039043
1,2276,0.2,2.0,0.24879879880950986
1,2277,0.2,2.0,0.34070311532731334
1,2278,0.2,2.0,0.3926271864915712
1,2279,0.2,2.0,0.39960336989138373
1,2280,0.2,2.0,0.4535632612001373
1,2281,0.2,2.0,0.7560317098656277
1,2282,0.2,2.0,0.8528662588370562
1,2283,0.2,2.0,0.9168467794215243
1,2284,0.2,2.0,0.8355033971581926
1,2285,0.2,2.0,0.6114615055360334
1,2286,0.2,2.0,0.15931504721314108
1,2287,0.2,2.0,0.44550490543609156
1,2288,0.2,2.0,1.2391618020759605
1,2289,0.2,2.0,0.9578054103146951
1,2290,0.2,2.0,0.08064038484609831
1,2291,0.2,2.0,0.6889574903589241
1,2292,0.2,2.0,0.3404231204399125
1,2293,0.2,2.0,0.7003910249432909
1,2294,0.2,2.0,0.20901912621616653
1,2295,0.2,2.0,0.492498113476632
1,2296,0.2,2.0,0.40538059594564796
1,2297,0.2,2.0,0.10930637248297996
1,2298,0.2,2.0,0.7914162152916855
1,2299,0.2,2.0,0.6046148645997337
1,2300,0.2,2.0,0.8499360444971523
1,2301,0.2,2.0,0.07334764530171427
1,2302,0.2,2.0,0.42986875304100863
1,2303,0.2,2.0,0.7568746500426166
1,2304,0.2,2.0,0.5356738093200857
1,2305,0.2,2.0,0.6486768651621779
1,2306,0.2,2.0,0.3506238627098105
1,2307,0.2,2.0,0.42124094886918206
1,2308,0.2,2.0,0.4214814688767566
1,2309,0.2,2.0,0.1467900102937585
1,2310,0.2,2.0,0.11412109152896424
1,2311,0.2,2.0,0.7227321264926488
1,2312,0.2,2.0,0.7275699996764511
1,2313,0.2,2.0,0.6286164233461123
1,2314,0.2,2.0,0.5073505217952955
1,2315,0.2,2.0,0.13270215817917996
1,2316,0.2,2.0,0.20132636332399617
1,2317,0.2,2.0,0.2921533830092352
1,2318,0.2,2.0,0.202154225472807
1,2319,0.2,2.0,0.4500774036582501
1,2320,0.2,2.0,0.34432040596034835
1,2321,0.2,2.0,0.8251463138827652
1,2322,0.2,2.0,0.538194817765853
1,2323,0.2,2.0,0.3979832583879087
1,2324,0.2,2.0,0.35595538875274235
1,2325,0.2,2.0,0.7517326359636552
1,2326,0.2,2.0,0.19503106995660327
1,2327,0.2,2.0,1.4074548694711875
1,2328,0.2,2.0,0.47110103360625527
1,2329,0.2,2.0,1.0253938052259246
1,2330,0.2,2.0,0.6713819269338552
1,2331,0.2,2.0,1.0593714316841307
1,2332,0.2,2.0,0.11209982086114058
1,2333,0.2,2.0,0.2510863040959797
1,2334,0.2,2.0,0.5555374885397454
1,2335,0.2,2.0,0.5485571627262259
1,2336,0.2,2.0,0.2519198982329881
1,2337,0.2,2.0,1.1695502496000512
1,2338,0.2,2.0,0.41658589901567084
1,2339,0.2,2.0,1.433080545960055
1,2340,0.2,2.0,0.775411081208372
1,2341,0.2,2.0,0.22378059755787183
1,2342,0.2,2.0,0.5784847384358058
1,2343,0.2,2.0,0.1944546309494446
1,2344,0.2,2.0,0.20123613678174992
1,2345,0.2,2.0,0.4811247906063915
1,2346,0.2,2.0,0.29322204552646147
1,2347,0.2,2.0,0.38680228945152934
1,2348,0.2,2.0,0.32169281177882264
1,2349,0.2,2.0,0.7132799556886867
1,2350,0.2,2.0,0.9018604072080014
1,2351,0.2,2.0,0.30156077328638997
1,2352,0.2,2.0,0.9082154422063345
1,2353,0.2,2.0,0.24831067866911877
1,2354,0.2,2.0,0.7959843667017475
1,2355,0.2,2.0,0.2155917408705435
1,2356,0.2,2.0,0.1730093800460637
1,2357,0.2,2.0,0.7056310810046659
1,2358,0.2,2.0,0.6503183308331506
1,2359,0.2,2.0,0.4775888296305447
1,2360,0.2,2.0,0.602574109748785
1,2361,0.2,2.0,0.5231330683547328
1,2362,0.2,2.0,0.47207483607067785
1,2363,0.2,2.0,0.6088202539803614
1,2364,0.2,2.0,1.1576280037684195
1,2365,0.2,2.0,0.2637718582791547
1,2366,0.2,2.0,0.052215184236646534
1,2367,0.2,2.0,0.7818871376464321
1,2368,0.2,2.0,0.5680508055263107
1,2369,0.2,2.0,0.9633321163753555
1,2370,0.2,2.0,0.11639688850801592
1,2371,0.2,2.0,0.14604908215027373
1,2372,0.2,2.0,0.5612970762613476
1,2373,0.2,2.0,0.3419687634170051
1,2374,0.2,2.0,0.5217138908650392
1,2375,0.2,2.0,0.507515508633407
1,2376,0.2,2.0,0.4048560182508764
1,2377,0.2,2.0,0.6489920251417327
1,2378,0.2,2.0,0.7052777554425889
1,2379,0.2,2.0,0.12164814821668461
1,2380,0.2,2.0,0.3080672949954749
1,2381,0.2,2.0,0.31017906969689485
1,2382,0.2,2.0,0.6454155983626475
1,2383,0.2,2.0,0.099709677275711
1,2384,0.2,2.0,0.6043705394172725
1,2385,0.2,2.0,1.037558862225744
1,2386,0.2,2.0,0.3432509863980089
1,2387,0.2,2.0,0.7954286884753174
1,2388,0.2,2.0,0.831711716495763
1,2389,0.2,2.0,0.08006325113600861
1,2390,0.2,2.0,0.5263095898675969
1,2391,0.2,2.0,0.7901106686607889
1,2392,0.2,2.0,0.38797161672366015
1,2393,0.2,2.0,0.7981139890916116
1,2394,0.2,2.0,0.4158055137424031
1,2395,0.2,2.0,0.6131356318573484
1,2396,0.2,2.0,0.6561816329624673
1,2397,0.2,2.0,0.377112010620148
1,2398,0.2,2.0,0.3732529486702002
1,2399,0.2,2.0,0.5410428860202134
1,2400,0.2,2.0,0.833507207349651
1,2401,0.2,2.0,0.5917608073145689
1,2402,0.2,2.0,0.5823468906967588
1,2403,0.2,2.0,0.3965840580798684
1,2404,0.2,2.0,0.6217199078539695
1,2405,0.2,2.0,0.5678908905084578
1,2406,0.2,2.0,0.4099377127883432
1,2407,0.2,2.0,0.6530023182056436
1,2408,0.2,2.0,0.980226423964539
1,2409,0.2,2.0,1.3115144422436187
1,2410,0.2,2.0,0.7149921104560333
1,2411,0.2,2.0,0.6017157497161707
1,2412,0.2,2.0,0.50552036294017
1,2413,0.2,2.0,0.08432795742665518
1,2414,0.2,2.0,0.3152470665353885
1,2415,0.2,2.0,1.1549861619568897
1,2416,0.2,2.0,0.4435965435894354
1,2417,0.2,2.0,0.6188500075907524
1,2418,0.2,2.0,0.5463584816842492
1,2419,0.2,2.0,0.9753147002762607
1,2420,0.2,2.0,0.23914027499180246
1,2421,0.2,2.0,0.8461876654178431
1,2422,0.2,2.0,0.32276725185436855
1,2423,0.2,2.0,0.4804592743215601
1,2424,0.2,2.0,0.3121979352120744
1,2425,0.2,2.0,0.7694865564393061
1,2426,0.2,2.0,0.45390175480791456
1,2427,0.2,2.0,0.4840982929131472
1,2428,0.2,2.0,0.2832574739504354
1,2429,0.2,2.0,0.18840029065043137
1,2430,0.2,2.0,0.08658847063268753
1,2431,0.2,2.0,0.26001569640875904
1,2432,0.2,2.0,0.2849941023626776
1,2433,0.2,2.0,0.2656673371416729
1,2434,0.2,2.0,0.41071085452141853
1,2435,0.2,2.0,0.8882057607520095
1,2436,0.2,2.0,0.9461986135906453
1,2437,0.2,2.0,0.1918823282559457
1,2438,0.2,2.0,0.42822298190622815
1,2439,0.2,2.0,0.2730983100552022
1,2440,0.2,2.0,0.4442486732428962
1,2441,0.2,2.0,0.5208872767293987
1,2442,0.2,2.0,0.9312768714359104
1,2443,0.2,2.0,0.817563348296732
1,2444,0.2,2.0,0.20725923445934305
1,2445,0.2,2.0,0.964123561327263
1,2446,0.2,2.0,1.3185041479120694
1,2447,0.2,2.0,0.25364123383122594
1,2448,0.2,2.0,0.5628218642941358
1,2449,0.2,2.0,0.7828692237569639
1,2450,0.2,2.0,0.6759667708160181
1,2451,0.2,2.0,0.8192949902236897
1,2452,0.2,2.0,1.0881536599659347
1,2453,0.2,2.0,0.19441236650329033
1,2454,0.2,2.0,0.5789794537056658
1,2455,0.2,2.0,1.0915553834786529
1,2456,0.2,2.0,0.6106624534898873
1,2457,0.2,2.0,0.4425085141109967
1,2458,0.2,2.0,0.10928816641213299
1,2459,0.2,2.0,0.6926259219206856
1,2460,0.2,2.0,0.25310018044221766
1,2461,0.2,2.0,0.2647085350690531
1,2462,0.2,2.0,0.6041471742417227
1,2463,0.2,2.0,0.47900856651168877
1,2464,0.2,2.0,0.8746617906372262
1,2465,0.2,2.0,0.46775464319868043
1,2466,0.2,2.0,0.5455046629234156
1,2467,0.2,2.0,0.7827272048126899
1,2468,0.2,2.0,0.2886557997444069
1,2469,0.2,2.0,0.44992345067240974
1,2470,0.2,2.0,0.6529943855393012
1,2471,0.2,2.0,0.4272704229359255
1,2472,0.2,2.0,0.7390945855958773
1,2473,0.2,2.0,0.4250806448091744
1,2474,0.2,2.0,0.3269968094341664
1,2475,0.2,2.0,1.2848691884168681
1,2476,0.2,2.0,0.6934226258605078
1,2477,0.2,2.0,0.4017761734223745
1,2478,0.2,2.0,0.238497413072928
1,2479,0.2,2.0,0.315397863790063
1,2480,0.2,2.0,0.9058516088985643
1,2481,0.2,2.0,0.14843177864148582
1,2482,0.2,2.0,0.37562504398598384
1,2483,0.2,2.0,1.0100084125742594
1,2484,0.2,2.0,0.9379498449446938
1,2485,0.2,2.0,0.26846754744368634
1,2486,0.2,2.0,0.3423349280074685
1,2487,0.2,2.0,0.09888720936973065
1,2488,0.2,2.0,0.21071746668781327
1,2489,0.2,2.0,0.7274350844023206
1,2490,0.2,2.0,0.5140163231392535
1,2491,0.2,2.0,0.6612960940491421
1,2492,0.2,2.0,0.2002423355950895
1,2493,0.2,2.0,1.0637598928055876
1,2494,0.2,2.0,0.4934047649733063
1,2495,0.2,2.0,0.7348466623736783
1,2496,0.2,2.0,0.43636523170747776
1,2497,0.2,2.0,0.9414907157825655
1,2498,0.2,2.0,0.9797653748363061
1,2499,0.2,2.0,0.5942674583924537
1,2500,0.2,2.0,0.7891136717815415
1,2501,0.2,2.0,0.582242041571373
1,2502,0.2,2.0,0.20263523146827137
1,2503,0.2,2.0,0.25703907628109957
1,2504,0.2,2.0,1.2799657193878993
1,2505,0.2,2.0,0.38098682702870773
1,2506,0.2,2.0,0.9047411599803619
1,2507,0.2,2.0,0.27653279009487725
1,2508,0.2,2.0,0.3792073960013043
1,2509,0.2,2.0,0.2398614575643837
1,2510,0.2,2.0,0.829414123393421
1,2511,0.2,2.0,0.33755846702162523
1,2512,0.2,2.0,0.5934264668472176
1,2513,0.2,2.0,0.26695270570367374
1,2514,0.2,2.0,0.7522851279867198
1,2515,0.2,2.0,0.5440518085872237
1,2516,0.2,2.0,0.24569161208423523
1,2517,0.2,2.0,0.09894763641747228
1,2518,0.2,2.0,0.5261071968290021
1,2519,0.2,2.0,0.4966210863913729
1,2520,0.2,2.0,0.07851522905858392
1,2521,0.2,2.0,0.8222421287363224
1,2522,0.2,2.0,0.6886133647241689
1,2523,0.2,2.0,0.7016119945725954
1,2524,0.2,2.0,0.5964452498836209
1,2525,0.2,2.0,0.11245609856380155
1,2526,0.2,2.0,0.9264944038049003
1,2527,0.2,2.0,0.4191528331997806
1,2528,0.2,2.0,0.9418739404715991
1,2529,0.2,2.0,0.15467105678287682
1,2530,0.2,2.0,0.06005211688450717
1,2531,0.2,2.0,0.05805981460897215
1,2532,0.2,2.0,0.8221836716215372
1,2533,0.2,2.0,0.3363700212386733
1,2534,0.2,2.0,0.2265188107693237
1,2535,0.2,2.0,0.3264793455568822
1,2536,0.2,2.0,0.6226517875299281
1,2537,0.2,2.0,0.7263336166672383
1,2538,0.2,2.0,0.7727877223433389
1,2539,0.2,2.0,0.4650971954289094
1,2540,0.2,2.0,0.7948625682611544
1,2541,0.2,2.0,1.138064856627204
1,2542,0.2,2.0,0.32859730662419606
1,2543,0.2,2.0,0.37638640489152303
1,2544,0.2,2.0,0.5627815575020767
1,2545,0.2,2.0,0.4775399404097612
1,2546,0.2,2.0,0.030263742446773413
1,2547,0.2,2.0,0.5205735126362415
1,2548,0.2,2.0,0.2681692791234994
1,2549,0.2,2.0,0.2394930266714778
1,2550,0.2,2.0,0.46844686947332453
1,2551,0.2,2.0,0.8941891485885446
1,2552,0.2,2.0,0.15286904747335833
1,2553,0.2,2.0,0.6575058252947742
1,2554,0.2,2.0,0.3355590267025705
1,2555,0.2,2.0,0.8535944985242633
1,2556,0.2,2.0,0.19293166984333104
1,2557,0.2,2.0,0.23418570234297337
1,2558,0.2,2.0,0.932085108739414
1,2559,0.2,2.0,0.3227485554021316
1,2560,0.2,2.0,0.369966024740727
1,2561,0.2,2.0,0.3827399738573277
1,2562,0.2,2.0,0.3363917405047586
1,2563,0.2,2.0,0.7445650976532449
1,2564,0.2,2.0,0.9588973985838518
1,2565,0.2,2.0,1.2308223277895602
1,2566,0.2,2.0,0.17589338656786396
1,2567,0.2,2.0,0.8304038797037891
1,2568,0.2,2.0,0.6897652985421813
1,2569,0.2,2.0,1.5176970896765103
1,2570,0.2,2.0,0.38924955648853277
1,2571,0.2,2.0,0.881224339833543
1,2572,0.2,2.0,0.7736053397160174
1,2573,0.2,2.0,0.4456841144386483
1,2574,0.2,2.0,0.5109460475316971
1,2575,0.2,2.0,0.5265507472879707
1,2576,0.2,2.0,0.10815945983614267
1,2577,0.2,2.0,0.6898137526035628
1,2578,0.2,2.0,0.6050128355657701
1,2579,0.2,2.0,0.2516063032103846
1,2580,0.2,2.0,0.25187697563121464
1,2581,0.2,2.0,0.8578954053253272
1,2582,0.2,2.0,0.6386106824999894
1,2583,0.2,2.0,1.1886449767875804
1,2584,0.2,2.0,0.8769451598285696
1,2585,0.2,2.0,0.45097108829735977
1,2586,0.2,2.0,0.5021061598847033
1,2587,0.2,2.0,0.2094278214938171
1,2588,0.2,2.0,0.5600923444091707
1,2589,0.2,2.0,0.7975087031211053
1,2590,0.2,2.0,0.2828638733407463
1,2591,0.2,2.0,0.4514257205050934
1,2592,0.2,2.0,0.6818114684953992
1,2593,0.2,2.0,0.382308021428084
1,2594,0.2,2.0,0.14841920133815467
1,2595,0.2,2.0,0.5971219177215351
1,2596,0.2,2.0,1.0360627504402171
1,2597,0.2,2.0,0.21154566764609448
1,2598,0.2,2.0,0.6416152124317474
1,2599,0.2,2.0,1.0358553335648655
1,2600,0.2,2.0,0.5937581283043746
1,2601,0.2,2.0,0.34833055603837626
1,2602,0.2,2.0,0.3317758041052855
1,2603,0.2,2.0,0.4442056449758657
1,2604,0.2,2.0,0.5362926065702045
1,2605,0.2,2.0,0.43142721517395805
1,2606,0.2,2.0,0.269676633708316
1,2607,0.2,2.0,0.8983516881455181
1,2608,0.2,2.0,0.5310422606313838
1,2609,0.2,2.0,0.8290325014554453
1,2610,0.2,2.0,0.29789478772187084
1,2611,0.2,2.0,0.10797048113076417
1,2612,0.2,2.0,0.4500176645804375
1,2613,0.2,2.0,0.38810300333529274
1,2614,0.2,2.0,0.5136314867450945
1,2615,0.2,2.0,0.6170283108386261
1,2616,0.2,2.0,0.21400277370892784
1,2617,0.2,2.0,0.6428115640312089
1,2618,0.2,2.0,0.44534688448367854
1,2619,0.2,2.0,0.43352369373041594
1,2620,0.2,2.0,0.37970754693008896
1,2621,0.2,2.0,0.3966951448106666
1,2622,0.2,2.0,0.27747155588482453
1,2623,0.2,2.0,0.5499268768456493
1,2624,0.2,2.0,0.25631368224013384
1,2625,0.2,2.0,0.4058619884861941
1,2626,0.2,2.0,0.10107921682373419
1,2627,0.2,2.0,0.16804838249064472
1,2628,0.2,2.0,0.5675362831327213
1,2629,0.2,2.0,0.45128985725450194
1,2630,0.2,2.0,0.8866349092039727
1,2631,0.2,2.0,0.9837027230392691
1,2632,0.2,2.0,0.5947109205038009
1,2633,0.2,2.0,0.7818591215159107
1,2634,0.2,2.0,0.7886626029290058
1,2635,0.2,2.0,0.5357689423128617
1,2636,0.2,2.0,0.6066822625696543
1,2637,0.2,2.0,0.479152123222186
1,2638,0.2,2.0,0.39481604200912307
1,2639,0.2,2.0,0.5165588707485309
1,2640,0.2,2.0,0.9312104712922057
1,2641,0.2,2.0,0.9876088326793456
1,2642,0.2,2.0,0.06514181421534651
1,2643,0.2,2.0,0.5740529055969247
1,2644,0.2,2.0,0.6447437548143932
1,2645,0.2,2.0,0.34071096006291957
1,2646,0.2,2.0,0.3263762220775203
1,2647,0.2,2.0,1.1142129435022683
1,2648,0.2,2.0,0.7267282371170969
1,2649,0.2,2.0,0.6304608812953809
1,2650,0.2,2.0,0.6396559573249435
1,2651,0.2,2.0,1.053834310491587
1,2652,0.2,2.0,0.11044433873495747
1,2653,0.2,2.0,0.3710362251064142
1,2654,0.2,2.0,0.40019852889162844
1,2655,0.2,2.0,0.3826358978600842
1,2656,0.2,2.0,0.2062885351239653
1,2657,0.2,2.0,0.9318670745848017
1,2658,0.2,2.0,0.5070678812972939
1,2659,0.2,2.0,0.37134619064135654
1,2660,0.2,2.0,0.28100509395719314
1,2661,0.2,2.0,0.24541103359073768
1,2662,0.2,2.0,0.26157658502966874
1,2663,0.2,2.0,0.7691558255403752
1,2664,0.2,2.0,0.07073861810308416
1,2665,0.2,2.0,0.6928032640081284
1,2666,0.2,2.0,0.13995516129828547
1,2667,0.2,2.0,1.641190780550715
1,2668,0.2,2.0,0.5677112139852845
1,2669,0.2,2.0,0.1890202290181018
1,2670,0.2,2.0,0.6083433566986778
1,2671,0.2,2.0,0.4913874474443668
1,2672,0.2,2.0,0.5847616722715514
1,2673,0.2,2.0,0.846132030218896
1,2674,0.2,2.0,0.6811152102059262
1,2675,0.2,2.0,1.1776139329863613
1,2676,0.2,2.0,0.5798983991579137
1,2677,0.2,2.0,0.41581538353022446
1,2678,0.2,2.0,0.5323179099964295
1,2679,0.2,2.0,0.7196945234382096
1,2680,0.2,2.0,0.13829203050760985
1,2681,0.2,2.0,0.5199925246798953
1,2682,0.2,2.0,0.05968860581561754
1,2683,0.2,2.0,0.10604384422232878
1,2684,0.2,2.0,0.7427192987529849
1,2685,0.2,2.0,0.8332876040760325
1,2686,0.2,2.0,0.5400014261851329
1,2687,0.2,2.0,0.2513997118344846
1,2688,0.2,2.0,0.707501034425663
1,2689,0.2,2.0,0.6676544670371523
1,2690,0.2,2.0,0.8697995212785944
1,2691,0.2,2.0,0.4874589384856428
1,2692,0.2,2.0,0.8687298883531537
1,2693,0.2,2.0,0.30800150327296266
1,2694,0.2,2.0,0.4332828669402
1,2695,0.2,2.0,0.9039246971554268
1,2696,0.2,2.0,0.48004514437864715
1,2697,0.2,2.0,0.2833929382138472
1,2698,0.2,2.0,0.7267254735823461
1,2699,0.2,2.0,0.6002401662529293
1,2700,0.2,2.0,0.827819378479265
1,2701,0.2,2.0,1.1032867356988911
1,2702,0.2,2.0,0.26730029929759636
1,2703,0.2,2.0,0.4823708747670221
1,2704,0.2,2.0,0.4383034213555583
1,2705,0.2,2.0,0.09622056891892737
1,2706,0.2,2.0,0.8383061353869725
1,2707,0.2,2.0,0.912814024328439
1,2708,0.2,2.0,1.1164310637135557
1,2709,0.2,2.0,0.6370100635860486
1,2710,0.2,2.0,0.5679355718579934
1,2711,0.2,2.0,0.9208272096824524
1,2712,0.2,2.0,1.1158244080696154
1,2713,0.2,2.0,0.13539334400792477
1,2714,0.2,2.0,0.590866603680943
1,2715,0.2,2.0,0.6848694359527643
1,2716,0.2,2.0,0.3861879783996948
1,2717,0.2,2.0,0.24193221640070392
1,2718,0.2,2.0,0.4045032838270729
1,2719,0.2,2.0,0.3953038228506642
1,2720,0.2,2.0,0.3965018360389312
1,2721,0.2,2.0,0.88295629768212
1,2722,0.2,2.0,0.5994523962905923
1,2723,0.2,2.0,0.2068464183876355
1,2724,0.2,2.0,0.4484189518667024
1,2725,0.2,2.0,0.2154168808022372
1,2726,0.2,2.0,0.6683166538217151
1,2727,0.2,2.0,0.5527728320391353
1,2728,0.2,2.0,0.6239544094346847
1,2729,0.2,2.0,0.23044500873874274
1,2730,0.2,2.0,0.3391811624232426
1,2731,0.2,2.0,0.568061246438852
1,2732,0.2,2.0,1.2124198967862692
1,2733,0.2,2.0,0.7163312924802464
1,2734,0.2,2.0,1.213757327653298
1,2735,0.2,2.0,0.2641268967321188
1,2736,0.2,2.0,0.4015953117953151
1,2737,0.2,2.0,0.7137218505788203
1,2738,0.2,2.0,0.5479535045417908
1,2739,0.2,2.0,0.382534775164279
1,2740,0.2,2.0,0.021451609662333677
1,2741,0.2,2.0,0.34484369403954596
1,2742,0.2,2.0,0.6696427662919808
1,2743,0.2,2.0,0.19413844998394536
1,2744,0.2,2.0,0.5062041533160165
1,2745,0.2,2.0,0.5236135890265419
1,2746,0.2,2.0,0.3000760147773738
1,2747,0.2,2.0,0.19279900236774503
1,2748,0.2,2.0,0.9623793412696855
1,2749,0.2,2.0,0.25845690588028725
1,2750,0.2,2.0,0.5495535222424972
1,2751,0.2,2.0,1.044346778144292
1,2752,0.2,2.0,0.30568267536381366
1,2753,0.2,2.0,1.1452350385953478
1,2754,0.2,2.0,0.5959501539984889
1,2755,0.2,2.0,0.5065384871564504
1,2756,0.2,2.0,0.4365091637430522
1,2757,0.2,2.0,0.33723470632445157
1,2758,0.2,2.0,0.8529008501197552
1,2759,0.2,2.0,0.44127249842851596
1,2760,0.2,2.0,0.11504451322682165
1,2761,0.2,2.0,1.338146034817432
1,2762,0.2,2.0,1.188243063244654
1,2763,0.2,2.0,1.04163039233999
1,2764,0.2,2.0,0.47679074354927903
1,2765,0.2,2.0,0.9790422650591758
1,2766,0.2,2.0,0.4839553841668783
1,2767,0.2,2.0,0.9175634068263054
1,2768,0.2,2.0,0.49100567310044513
1,2769,0.2,2.0,0.6522944613593915
1,2770,0.2,2.0,0.4760341410210697
1,2771,0.2,2.0,0.44384603611493845
1,2772,0.2,2.0,0.18911707309150613
1,2773,0.2,2.0,0.41334088340933295
1,2774,0.2,2.0,0.8163211729105738
1,2775,0.2,2.0,0.635002407482358
1,2776,0.2,2.0,0.4597721753012503
1,2777,0.2,2.0,0.15485878075100679
1,2778,0.2,2.0,0.374383922217815
1,2779,0.2,2.0,0.33408618985937816
1,2780,0.2,2.0,0.17497806546574396
1,2781,0.2,2.0,0.8394279152384527
1,2782,0.2,2.0,0.7987884807402866
1,2783,0.2,2.0,0.20640864771478643
1,2784,0.2,2.0,0.6755839272324915
1,2785,0.2,2.0,0.33087542771811884
1,2786,0.2,2.0,0.5445988591936887
1,2787,0.2,2.0,1.2825285697600475
1,2788,0.2,2.0,0.3562971994104417
1,2789,0.2,2.0,0.5281689865824104
1,2790,0.2,2.0,0.1395266307562439
1,2791,0.2,2.0,0.9076662032608945
1,2792,0.2,2.0,0.8567989898965223
1,2793,0.2,2.0,0.5833944293519013
1,2794,0.2,2.0,0.8747877670183413
1,2795,0.2,2.0,0.22591812750133977
1,2796,0.2,2.0,1.4538265484603796
1,2797,0.2,2.0,0.3426944855931514
1,2798,0.2,2.0,0.7302831580179109
1,2799,0.2,2.0,0.437965582848111
1,2800,0.2,2.0,0.38970152025551735
1,2801,0.2,2.0,0.9178462179248128
1,2802,0.2,2.0,0.1998030174275543
1,2803,0.2,2.0,1.3603282196378368
1,2804,0.2,2.0,0.479405953307914
1,2805,0.2,2.0,0.4393232210978332
1,2806,0.2,2.0,0.47024407042079347
1,2807,0.2,2.0,0.3977965761569569
1,2808,0.2,2.0,0.35512800560288865
1,2809,0.2,2.0,0.5885685648261705
1,2810,0.2,2.0,0.5802360406400301
1,2811,0.2,2.0,0.5554404936977624
1,2812,0.2,2.0,0.4692933712365356
1,2813,0.2,2.0,0.7136936673792226
1,2814,0.2,2.0,0.2111296708362278
1,2815,0.2,2.0,0.19540497959657288
1,2816,0.2,2.0,0.16758859002016366
1,2817,0.2,2.0,0.4438406249226739
1,2818,0.2,2.0,0.4195929745463317
1,2819,0.2,2.0,0.7152493071016178
1,2820,0.2,2.0,1.090702685660431
1,2821,0.2,2.0,0.49337968908639546
1,2822,0.2,2.0,0.8004708615343289
1,2823,0.2,2.0,0.03746988175206759
1,2824,0.2,2.0,0.24683469007256661
1,2825,0.2,2.0,0.6652852616864398
1,2826,0.2,2.0,0.5681990782642224
1,2827,0.2,2.0,0.3696109786188358
1,2828,0.2,2.0,0.5631352262244028
1,2829,0.2,2.0,0.9614139296339799
1,2830,0.2,2.0,0.7416935636324141
1,2831,0.2,2.0,0.08711681930344234
1,2832,0.2,2.0,1.0739294795805692
1,2833,0.2,2.0,0.18751787530568037
1,2834,0.2,2.0,0.5967223395506461
1,2835,0.2,2.0,0.0507765099401038
1,2836,0.2,2.0,0.4849594466581382
1,2837,0.2,2.0,0.2311662462174361
1,2838,0.2,2.0,0.7811430505140393
1,2839,0.2,2.0,0.4332311711897216
1,2840,0.2,2.0,0.7136814453287078
1,2841,0.2,2.0,0.6351368914882253
1,2842,0.2,2.0,0.796806350301302
1,2843,0.2,2.0,0.45310926910031296
1,2844,0.2,2.0,0.1926449244046852
1,2845,0.2,2.0,0.6928172654872142
1,2846,0.2,2.0,0.8006319208489951
1,2847,0.2,2.0,0.24293709444664227
1,2848,0.2,2.0,0.8830551529197546
1,2849,0.2,2.0,1.016488862836561
1,2850,0.2,2.0,0.5745903647284295
1,2851,0.2,2.0,0.7846119785639342
1,2852,0.2,2.0,0.56443281129222
1,2853,0.2,2.0,0.7519947139411872
1,2854,0.2,2.0,0.4522001726799137
1,2855,0.2,2.0,0.15745883226973809
1,2856,0.2,2.0,0.7634552356548819
1,2857,0.2,2.0,0.1182610673410364
1,2858,0.2,2.0,0.8409043815654463
1,2859,0.2,2.0,0.21830165371198793
1,2860,0.2,2.0,1.0047247711193785
1,2861,0.2,2.0,0.7536501770678663
1,2862,0.2,2.0,0.23225865605019405
1,2863,0.2,2.0,0.14871755873990378
1,2864,0.2,2.0,0.19714771999474315
1,2865,0.2,2.0,0.48004740890526765
1,2866,0.2,2.0,0.8526420250872625
1,2867,0.2,2.0,0.36845193981481383
1,2868,0.2,2.0,0.11042080321530265
1,2869,0.2,2.0,0.7709832623211023
1,2870,0.2,2.0,0.2235185590482197
1,2871,0.2,2.0,1.0429450607836372
1,2872,0.2,2.0,0.3758500805390696
1,2873,0.2,2.0,0.1628261019659316
1,2874,0.2,2.0,0.6052265985895322
1,2875,0.2,2.0,0.32842581099414103
1,2876,0.2,2.0,0.5083791985219829
1,2877,0.2,2.0,0.6264788249466988
1,2878,0.2,2.0,0.3894773351724269
1,2879,0.2,2.0,1.232305520474591
1,2880,0.2,2.0,0.988688527661621
1,2881,0.2,2.0,0.35091291637697003
1,2882,0.2,2.0,0.411763394680851
1,2883,0.2,2.0,0.6716744564885818
1,2884,0.2,2.0,0.23613986087379832
1,2885,0.2,2.0,0.8949487234613889
1,2886,0.2,2.0,0.49964126990769997
1,2887,0.2,2.0,0.27573525870227666
1,2888,0.2,2.0,0.16123621869384006
1,2889,0.2,2.0,0.6541148436121575
1,2890,0.2,2.0,0.7705289097846975
1,2891,0.2,2.0,0.419183988713819
1,2892,0.2,2.0,0.728455895447425
1,2893,0.2,2.0,0.6870555238502066
1,2894,0.2,2.0,1.2856956873378453
1,2895,0.2,2.0,1.2130437236062797
1,2896,0.2,2.0,0.8386385526940938
1,2897,0.2,2.0,0.09705476055185897
1,2898,0.2,2.0,0.3588362967125488
1,2899,0.2,2.0,0.5571820851213808
1,2900,0.2,2.0,0.31243088044282197
1,2901,0.2,2.0,0.5181014925544809
1,2902,0.2,2.0,0.5377143600221264
1,2903,0.2,2.0,0.3356135042615993
1,2904,0.2,2.0,0.5197413594746072
1,2905,0.2,2.0,0.7420804150599332
1,2906,0.2,2.0,0.6553117642015235
1,2907,0.2,2.0,0.5393062846192489
1,2908,0.2,2.0,0.5331325347525891
1,2909,0.2,2.0,0.33036810939196853
1,2910,0.2,2.0,0.2852535823305634
1,2911,0.2,2.0,0.3714275643377851
1,2912,0.2,2.0,0.6471752260675777
1,2913,0.2,2.0,0.7160240907683778
1,2914,0.2,2.0,0.5487607640401854
1,2915,0.2,2.0,0.6038007477388281
1,2916,0.2,2.0,1.0331337155197549
1,2917,0.2,2.0,0.06235583320353525
1,2918,0.2,2.0,0.8832977077183846
1,2919,0.2,2.0,0.411098803548908
1,2920,0.2,2.0,0.5535439609407938
1,2921,0.2,2.0,0.584571968588695
1,2922,0.2,2.0,0.6378084404222616
1,2923,0.2,2.0,0.320317278912987
1,2924,0.2,2.0,0.6795707587834902
1,2925,0.2,2.0,1.3532073290455215
1,2926,0.2,2.0,0.42877221233345475
1,2927,0.2,2.0,0.7485883690919614
1,2928,0.2,2.0,0.6123009124414802
1,2929,0.2,2.0,1.0991247655595433
1,2930,0.2,2.0,0.1823353021453583
1,2931,0.2,2.0,0.6298696582553264
1,2932,0.2,2.0,0.8192805337086226
1,2933,0.2,2.0,0.38057838702410846
1,2934,0.2,2.0,0.34011866713551314
1,2935,0.2,2.0,0.33843148391017175
1,2936,0.2,2.0,0.6016391568020474
1,2937,0.2,2.0,0.25807525395359976
1,2938,0.2,2.0,0.5023519949825898
1,2939,0.2,2.0,0.45735575093290187
1,2940,0.2,2.0,0.9630204846345208
1,2941,0.2,2.0,0.7756550692104334
1,2942,0.2,2.0,0.7611307001580213
1,2943,0.2,2.0,1.1741197413030067
1,2944,0.2,2.0,1.4433641257527672
1,2945,0.2,2.0,0.387193094211329
1,2946,0.2,2.0,0.9665036166356359
1,2947,0.2,2.0,0.7537032730778408
1,2948,0.2,2.0,0.4755416133266308
1,2949,0.2,2.0,0.838999547632055
1,2950,0.2,2.0,0.29455005450020394
1,2951,0.2,2.0,0.5740244472740599
1,2952,0.2,2.0,0.49772735662248685
1,2953,0.2,2.0,0.5100059902865693
1,2954,0.2,2.0,0.730437875015357
1,2955,0.2,2.0,0.3920290985218103
1,2956,0.2,2.0,0.17566523470852322
1,2957,0.2,2.0,0.4525871539793295
1,2958,0.2,2.0,0.9664283452483268
1,2959,0.2,2.0,0.1772975557109409
1,2960,0.2,2.0,0.3209972630859525
1,2961,0.2,2.0,0.577240140128777
1,2962,0.2,2.0,0.6643979391545767
1,2963,0.2,2.0,0.3640472774630894
1,2964,0.2,2.0,0.6511244988281724
1,2965,0.2,2.0,0.37078582634054236
1,2966,0.2,2.0,0.4098264207154561
1,2967,0.2,2.0,0.003355243830974486
1,2968,0.2,2.0,0.90641639416657
1,2969,0.2,2.0,0.4833616130082212
1,2970,0.2,2.0,0.9010976137323666
1,2971,0.2,2.0,0.21673699478248115
1,2972,0.2,2.0,0.740380471007337
1,2973,0.2,2.0,0.2504553742596766
1,2974,0.2,2.0,0.909412595252401
1,2975,0.2,2.0,0.5965017678510408
1,2976,0.2,2.0,1.0940286845077243
1,2977,0.2,2.0,0.3400857460067737
1,2978,0.2,2.0,0.649290556724029
1,2979,0.2,2.0,0.8341713031419177
1,2980,0.2,2.0,0.37500525341066826
1,2981,0.2,2.0,0.20225230966791252
1,2982,0.2,2.0,0.9191181846031037
1,2983,0.2,2.0,0.5816044092264092
1,2984,0.2,2.0,0.40291675080525474
1,2985,0.2,2.0,1.0658755535548647
1,2986,0.2,2.0,0.313610713621609
1,2987,0.2,2.0,0.4099281356808337
1,2988,0.2,2.0,0.5476973108966764
1,2989,0.2,2.0,0.9325425451489103
1,2990,0.2,2.0,0.6042865605471519
1,2991,0.2,2.0,0.12265978603551546
1,2992,0.2,2.0,0.6900077451340061
1,2993,0.2,2.0,0.20778434393891665
1,2994,0.2,2.0,0.39411121331573357
1,2995,0.2,2.0,0.11668442524226398
1,2996,0.2,2.0,0.2992783195456561
1,2997,0.2,2.0,0.3540636833660824
1,2998,0.2,2.0,0.09069895029593313
1,2999,0.2,2.0,0.7130020218537511
1,3000,0.2,2.0,0.44858860380805116
1,3001,0.2,2.0,0.5683203845735082
1,3002,0.2,2.0,0.5425269771403468
1,3003,0.2,2.0,0.4947885029272358
1,3004,0.2,2.0,1.0659248749646513
1,3005,0.2,2.0,0.9248178528721018
1,3006,0.2,2.0,0.19076616011192196
1,3007,0.2,2.0,0.7379897633515706
1,3008,0.2,2.0,0.7368422775085769
1,3009,0.2,2.0,0.8720792095236414
1,3010,0.2,2.0,0.6626249450261645
1,3011,0.2,2.0,0.4112612052902874
1,3012,0.2,2.0,0.47997187256514834
1,3013,0.2,2.0,0.5012506018281142
1,3014,0.2,2.0,0.7266290699290026
1,3015,0.2,2.0,0.8114169817899783
1,3016,0.2,2.0,0.1746504239195889
1,3017,0.2,2.0,0.7454684605625884
1,3018,0.2,2.0,0.8733652022620645
1,3019,0.2,2.0,0.3924529975845363
1,3020,0.2,2.0,0.14619513474543122
1,3021,0.2,2.0,1.0100994152501002
1,3022,0.2,2.0,0.27042339197896154
1,3023,0.2,2.0,0.4541420134006649
1,3024,0.2,2.0,0.5090722034367132
1,3025,0.2,2.0,0.6423628684630944
1,3026,0.2,2.0,0.5688086710371667
1,3027,0.2,2.0,0.32712277933937894
1,3028,0.2,2.0,0.46360885432398435
1,3029,0.2,2.0,0.24473803951043835
1,3030,0.2,2.0,0.6006163028981722
1,3031,0.2,2.0,0.16215515036675923
1,3032,0.2,2.0,1.3095750587510873
1,3033,0.2,2.0,0.2643942377086608
1,3034,0.2,2.0,0.29249906145188675
1,3035,0.2,2.0,0.9374462623806482
1,3036,0.2,2.0,0.19976946965763992
1,3037,0.2,2.0,0.5788973245466469
1,3038,0.2,2.0,0.25043566339525847
1,3039,0.2,2.0,0.37702318663354173
1,3040,0.2,2.0,0.8014015903244376
1,3041,0.2,2.0,0.42771421390624936
1,3042,0.2,2.0,1.3250263262551372
1,3043,0.2,2.0,1.0317340293415707
1,3044,0.2,2.0,0.5943059134678073
1,3045,0.2,2.0,0.07666531120030153
1,3046,0.2,2.0,0.5685830272763248
1,3047,0.2,2.0,0.3930539152003843
1,3048,0.2,2.0,0.4407076377239494
1,3049,0.2,2.0,1.375028782318545
1,3050,0.2,2.0,0.5079515029580378
1,3051,0.2,2.0,0.8522530556683168
1,3052,0.2,2.0,0.5320237116557044
1,3053,0.2,2.0,0.7001085473806382
1,3054,0.2,2.0,0.7677187350023005
1,3055,0.2,2.0,0.6040411223745435
1,3056,0.2,2.0,0.7861398154034838
1,3057,0.2,2.0,0.9413197965888677
1,3058,0.2,2.0,1.0570209579505097
1,3059,0.2,2.0,0.42753532705214176
1,3060,0.2,2.0,0.7680534313356547
1,3061,0.2,2.0,0.1689785741695585
1,3062,0.2,2.0,0.5285826043081537
1,3063,0.2,2.0,0.34466256496750963
1,3064,0.2,2.0,0.8362040392490823
1,3065,0.2,2.0,0.9990397973059653
1,3066,0.2,2.0,0.11859646802576199
1,3067,0.2,2.0,0.5255706319665445
1,3068,0.2,2.0,0.27621446579782205
1,3069,0.2,2.0,0.2521300833521456
1,3070,0.2,2.0,1.0534114868406514
1,3071,0.2,2.0,0.2908717543526936
1,3072,0.2,2.0,0.7452414329024456
1,3073,0.2,2.0,0.505183548768945
1,3074,0.2,2.0,0.5242946756098043
1,3075,0.2,2.0,0.3034933957476325
1,3076,0.2,2.0,0.4555672471258561
1,3077,0.2,2.0,0.7204504246307107
1,3078,0.2,2.0,0.7768356656526416
1,3079,0.2,2.0,0.6474992139702747
1,3080,0.2,2.0,0.6147260256402887
1,3081,0.2,2.0,0.2701980179231759
1,3082,0.2,2.0,0.2222872962285315
1,3083,0.2,2.0,0.1618390055161238
1,3084,0.2,2.0,0.7028468893368978
1,3085,0.2,2.0,0.6987556118624209
1,3086,0.2,2.0,0.9437535710806139
1,3087,0.2,2.0,0.17593002044638983
1,3088,0.2,2.0,0.18697521001785092
1,3089,0.2,2.0,0.4945480057256148
1,3090,0.2,2.0,1.0791213563659565
1,3091,0.2,2.0,0.8196751672767961
1,3092,0.2,2.0,0.2889981884697818
1,3093,0.2,2.0,0.5340395788462303
1,3094,0.2,2.0,0.46252845796123443
1,3095,0.2,2.0,0.3324539216948171
1,3096,0.2,2.0,0.6563068802867585
1,3097,0.2,2.0,0.5043446020487724
1,3098,0.2,2.0,0.28972478296732695
1,3099,0.2,2.0,0.3697388201472255
1,3100,0.2,2.0,0.4635446486575527
1,3101,0.2,2.0,0.2880666094590801
1,3102,0.2,2.0,0.2766785229380668
1,3103,0.2,2.0,0.7366477777816691
1,3104,0.2,2.0,0.409917497960545
1,3105,0.2,2.0,0.7366430197556504
1,3106,0.2,2.0,0.3597733683283186
1,3107,0.2,2.0,0.8087898863919623
1,3108,0.2,2.0,0.9358790826884521
1,3109,0.2,2.0,0.7433230435634207
1,3110,0.2,2.0,0.4523911932133283
1,3111,0.2,2.0,0.3800598723246121
1,3112,0.2,2.0,0.36379638954237825
1,3113,0.2,2.0,0.5749385871685095
1,3114,0.2,2.0,0.8986638841880566
1,3115,0.2,2.0,1.2208733216665533
1,3116,0.2,2.0,0.665590983654423
1,3117,0.2,2.0,0.2194930452011475
1,3118,0.2,2.0,0.5149253036248314
1,3119,0.2,2.0,0.39021260580561246
1,3120,0.2,2.0,0.46622905374452184
1,3121,0.2,2.0,0.8851468604543448
1,3122,0.2,2.0,0.193471018456411
1,3123,0.2,2.0,0.509639580466715
1,3124,0.2,2.0,0.26260055690391604
1,3125,0.2,2.0,0.5252260203754207
1,3126,0.2,2.0,0.36510356654252485
1,3127,0.2,2.0,1.0358861597177518
1,3128,0.2,2.0,0.6413081915824256
1,3129,0.2,2.0,0.7849526280981387
1,3130,0.2,2.0,0.9984512059150401
1,3131,0.2,2.0,0.23970245380098795
1,3132,0.2,2.0,0.6455086701827768
1,3133,0.2,2.0,0.30924857047558457
1,3134,0.2,2.0,0.4499070989752951
1,3135,0.2,2.0,0.42762221416462104
1,3136,0.2,2.0,0.2713030262258072
1,3137,0.2,2.0,1.1055347035532852
1,3138,0.2,2.0,0.3880479829383156
1,3139,0.2,2.0,0.4580152403533886
1,3140,0.2,2.0,0.43222422061915466
1,3141,0.2,2.0,0.4702399518023404
1,3142,0.2,2.0,0.591417576471803
1,3143,0.2,2.0,0.8144647732602317
1,3144,0.2,2.0,0.5989516731084383
1,3145,0.2,2.0,0.5416982394510478
1,3146,0.2,2.0,0.3190476194500141
1,3147,0.2,2.0,0.5604898771334682
1,3148,0.2,2.0,0.19361417443834691
1,3149,0.2,2.0,0.5753848093293862
1,3150,0.2,2.0,0.28399666330969825
1,3151,0.2,2.0,0.6712072905881844
1,3152,0.2,2.0,0.4307220979345943
1,3153,0.2,2.0,0.7745043465360341
1,3154,0.2,2.0,0.3872210298261901
1,3155,0.2,2.0,0.5980330030221291
1,3156,0.2,2.0,0.342943258365011
1,3157,0.2,2.0,0.7848786111462319
1,3158,0.2,2.0,0.11946273671718849
1,3159,0.2,2.0,0.9479762569860766
1,3160,0.2,2.0,0.7915958699339204
1,3161,0.2,2.0,0.2803045016283949
1,3162,0.2,2.0,0.3834952322198339
1,3163,0.2,2.0,0.10967025416471579
1,3164,0.2,2.0,0.2979404650335908
1,3165,0.2,2.0,1.1897659120263535
1,3166,0.2,2.0,0.8092466504875209
1,3167,0.2,2.0,0.38341626209458124
1,3168,0.2,2.0,0.3357377792177315
1,3169,0.2,2.0,1.0745647141891626
1,3170,0.2,2.0,0.30224963806332517
1,3171,0.2,2.0,0.9746031426263733
1,3172,0.2,2.0,0.47237641983227363
1,3173,0.2,2.0,0.11977896100591638
1,3174,0.2,2.0,0.4726923868840634
1,3175,0.2,2.0,0.6717785111110682
1,3176,0.2,2.0,0.7376446573025129
1,3177,0.2,2.0,0.8630879521702738
1,3178,0.2,2.0,0.4271886495219794
1,3179,0.2,2.0,0.19240891136466176
1,3180,0.2,2.0,0.9628762606296443
1,3181,0.2,2.0,0.3761726017751299
1,3182,0.2,2.0,0.7836026164642309
1,3183,0.2,2.0,0.6554702605029981
1,3184,0.2,2.0,0.24634192047854372
1,3185,0.2,2.0,1.013898516654916
1,3186,0.2,2.0,1.22296976756875
1,3187,0.2,2.0,0.6185194221619795
1,3188,0.2,2.0,0.5476750625693887
1,3189,0.2,2.0,1.2492478581126885
1,3190,0.2,2.0,0.7219513286348506
1,3191,0.2,2.0,0.2190265993412191
1,3192,0.2,2.0,0.4515199775755661
1,3193,0.2,2.0,0.7215711269546455
1,3194,0.2,2.0,0.5626696074891868
1,3195,0.2,2.0,0.7581555480880956
1,3196,0.2,2.0,0.5637688466727145
1,3197,0.2,2.0,0.8717632078069176
1,3198,0.2,2.0,0.6826326586462581
1,3199,0.2,2.0,0.7324879485135695
1,3200,0.2,2.0,0.2513737988882616
1,3201,0.2,2.0,0.28388335088351185
1,3202,0.2,2.0,0.8989602575785387
1,3203,0.2,2.0,0.8465267863107061
1,3204,0.2,2.0,0.9918689762123805
1,3205,0.2,2.0,0.20573538973584785
1,3206,0.2,2.0,1.0460009791431186
1,3207,0.2,2.0,0.5994260183456862
1,3208,0.2,2.0,0.2648167276729274
1,3209,0.2,2.0,0.21279887695158903
1,3210,0.2,2.0,1.2326010959901932
1,3211,0.2,2.0,0.8360876529913239
1,3212,0.2,2.0,0.4426586887945601
1,3213,0.2,2.0,0.5960406935018788
1,3214,0.2,2.0,0.9757066468844099
1,3215,0.2,2.0,0.5736467974410073
1,3216,0.2,2.0,0.3066053080159909
1,3217,0.2,2.0,0.7132149980869766
1,3218,0.2,2.0,0.1793630140728492
1,3219,0.2,2.0,0.7465999546904629
1,3220,0.2,2.0,0.2943772814253588
1,3221,0.2,2.0,0.27060417091307526
1,3222,0.2,2.0,0.6057449694737856
1,3223,0.2,2.0,1.023748319116338
1,3224,0.2,2.0,0.7392096190731051
1,3225,0.2,2.0,0.4591544912092969
1,3226,0.2,2.0,0.29161492341530904
1,3227,0.2,2.0,0.4204168051962534
1,3228,0.2,2.0,0.6142961878068829
1,3229,0.2,2.0,0.6762039285445031
1,3230,0.2,2.0,0.6021981296727212
1,3231,0.2,2.0,0.2498222158000968
1,3232,0.2,2.0,0.8336972488203062
1,3233,0.2,2.0,0.6036056712127533
1,3234,0.2,2.0,0.18092157505397452
1,3235,0.2,2.0,0.47315442722562784
1,3236,0.2,2.0,0.37663743101058056
1,3237,0.2,2.0,0.24588191780969634
1,3238,0.2,2.0,0.35217089976461186
1,3239,0.2,2.0,0.25181345272119826
1,3240,0.2,2.0,0.7815230061973205
1,3241,0.2,2.0,0.2476613217321589
1,3242,0.2,2.0,0.946867627667069
1,3243,0.2,2.0,0.5172006916795561
1,3244,0.2,2.0,0.47033260566488566
1,3245,0.2,2.0,0.5464713152294655
1,3246,0.2,2.0,1.6986146616365632
1,3247,0.2,2.0,0.49255003423971283
1,3248,0.2,2.0,0.6640843172415076
1,3249,0.2,2.0,0.4459352389347657
1,3250,0.2,2.0,0.3752223466068476
1,3251,0.2,2.0,0.6728102134906894
1,3252,0.2,2.0,0.4077754894615215
1,3253,0.2,2.0,0.32407810478652377
1,3254,0.2,2.0,0.8441103093639347
1,3255,0.2,2.0,0.7095016541425863
1,3256,0.2,2.0,1.0235545363592615
1,3257,0.2,2.0,0.5556346837830907
1,3258,0.2,2.0,0.32615275484467543
1,3259,0.2,2.0,0.8536991354934892
1,3260,0.2,2.0,0.6047921293033723
1,3261,0.2,2.0,0.2998262471261945
1,3262,0.2,2.0,0.6185854756967396
1,3263,0.2,2.0,0.8555526846503377
1,3264,0.2,2.0,0.4799021570154758
1,3265,0.2,2.0,0.21860172617245033
1,3266,0.2,2.0,0.6270180977520939
1,3267,0.2,2.0,0.8328602987336463
1,3268,0.2,2.0,0.3050681476201074
1,3269,0.2,2.0,0.8113937071153137
1,3270,0.2,2.0,0.09939809262671365
1,3271,0.2,2.0,0.5627107030432057
1,3272,0.2,2.0,0.21212913407837242
1,3273,0.2,2.0,0.1729280474797021
1,3274,0.2,2.0,0.47198056287665335
1,3275,0.2,2.0,1.1395778379989117
1,3276,0.2,2.0,0.5884374801399049
1,3277,0.2,2.0,0.7422157512277575
1,3278,0.2,2.0,0.8581176458170666
1,3279,0.2,2.0,0.12420692801563862
1,3280,0.2,2.0,0.9629252824449611
1,3281,0.2,2.0,0.4766393409910642
1,3282,0.2,2.0,0.0755175066401307
1,3283,0.2,2.0,0.30725214750745206
1,3284,0.2,2.0,0.8540336279278816
1,3285,0.2,2.0,0.5663914843115563
1,3286,0.2,2.0,0.753466392192503
1,3287,0.2,2.0,0.9504915338257389
1,3288,0.2,2.0,0.4655952044223892
1,3289,0.2,2.0,1.3390883248659808
1,3290,0.2,2.0,0.3018279050496413
1,3291,0.2,2.0,1.2568801638659146
1,3292,0.2,2.0,0.5918412068960133
1,3293,0.2,2.0,0.13472772391574148
1,3294,0.2,2.0,0.6848526571625261
1,3295,0.2,2.0,0.5222171170099134
1,3296,0.2,2.0,1.0652255268035709
1,3297,0.2,2.0,0.17568039901228477
1,3298,0.2,2.0,0.40659052598206186
1,3299,0.2,2.0,0.4656844077996958
1,3300,0.2,2.0,0.5791509544711195
1,3301,0.2,2.0,1.3002286208660785
1,3302,0.2,2.0,0.4318479561732204
1,3303,0.2,2.0,0.49514435446735444
1,3304,0.2,2.0,0.9267726361616309
1,3305,0.2,2.0,0.3827293463816279
1,3306,0.2,2.0,0.7759128015600446
1,3307,0.2,2.0,0.6104321535041058
1,3308,0.2,2.0,0.1736529139354523
1,3309,0.2,2.0,0.6508718543423869
1,3310,0.2,2.0,0.21909599304312552
1,3311,0.2,2.0,0.18924925976654566
1,3312,0.2,2.0,0.23283681414140175
1,3313,0.2,2.0,0.9357572226980799
1,3314,0.2,2.0,0.39482043290611574
1,3315,0.2,2.0,0.1348078004748079
1,3316,0.2,2.0,0.7963962925760214
1,3317,0.2,2.0,1.1422186513638937
1,3318,0.2,2.0,0.9421706372051135
1,3319,0.2,2.0,0.2935331523959389
1,3320,0.2,2.0,0.23918889267527876
1,3321,0.2,2.0,0.6860126455012107
1,3322,0.2,2.0,0.43573302321230817
1,3323,0.2,2.0,0.9340861066901555
1,3324,0.2,2.0,1.0686300135295725
1,3325,0.2,2.0,0.2423758622658768
1,3326,0.2,2.0,0.542065520291899
1,3327,0.2,2.0,0.5257325079061298
1,3328,0.2,2.0,0.38742088869241464
1,3329,0.2,2.0,0.13017608605681155
1,3330,0.2,2.0,0.4180407451154222
1,3331,0.2,2.0,0.5390635807597359
1,3332,0.2,2.0,0.5196473338087465
1,3333,0.2,2.0,0.7239007828473801
1,3334,0.2,2.0,0.5696902798258904
1,3335,0.2,2.0,0.8690820517955118
1,3336,0.2,2.0,0.9186502090565769
1,3337,0.2,2.0,0.3926368355783383
1,3338,0.2,2.0,0.23878538544541542
1,3339,0.2,2.0,0.8821536026449462
1,3340,0.2,2.0,1.0249268010065287
1,3341,0.2,2.0,0.9521578954930009
1,3342,0.2,2.0,0.31012514739529584
1,3343,0.2,2.0,0.3514622088343391
1,3344,0.2,2.0,0.6007765408860655
1,3345,0.2,2.0,0.24850159389411713
1,3346,0.2,2.0,0.6067171809491534
1,3347,0.2,2.0,0.218872696443093
1,3348,0.2,2.0,0.27787421612552315
1,3349,0.2,2.0,0.3323394404158042
1,3350,0.2,2.0,0.6492690131189095
1,3351,0.2,2.0,0.3758216468024796
1,3352,0.2,2.0,1.0209250770740277
1,3353,0.2,2.0,1.2441690018658254
1,3354,0.2,2.0,0.5335146896445563
1,3355,0.2,2.0,0.3138596154078854
1,3356,0.2,2.0,0.5480472063385036
1,3357,0.2,2.0,0.8809901383630904
1,3358,0.2,2.0,0.12685353945287606
1,3359,0.2,2.0,1.3192803310084213
1,3360,0.2,2.0,0.5900904823680145
1,3361,0.2,2.0,0.12784600186949133
1,3362,0.2,2.0,0.6520382636410267
1,3363,0.2,2.0,0.28323132782727606
1,3364,0.2,2.0,0.19379177058146527
1,3365,0.2,2.0,0.3460021730131552
1,3366,0.2,2.0,0.16347360584682658
1,3367,0.2,2.0,0.4367043950716433
1,3368,0.2,2.0,0.03169629281278578
1,3369,0.2,2.0,0.3017014538278438
1,3370,0.2,2.0,0.5725186964927489
1,3371,0.2,2.0,0.5789871923713831
1,3372,0.2,2.0,0.3917589157420217
1,3373,0.2,2.0,0.7668652329262633
1,3374,0.2,2.0,0.8880450728138113
1,3375,0.2,2.0,0.6100911544421291
1,3376,0.2,2.0,0.5807743819021555
1,3377,0.2,2.0,0.8397294666797696
1,3378,0.2,2.0,0.4229602510492019
1,3379,0.2,2.0,0.5991674740000413
1,3380,0.2,2.0,0.38023079544535887
1,3381,0.2,2.0,0.4262814266752319
1,3382,0.2,2.0,0.703755073189265
1,3383,0.2,2.0,0.6080015128887217
1,3384,0.2,2.0,0.5599721954132865
1,3385,0.2,2.0,0.7542491216233589
1,3386,0.2,2.0,0.30703128985354283
1,3387,0.2,2.0,1.3996438593997385
1,3388,0.2,2.0,0.648154267321759
1,3389,0.2,2.0,0.5268424190025236
1,3390,0.2,2.0,0.4925898664580458
1,3391,0.2,2.0,1.197901936742499
1,3392,0.2,2.0,0.637670220904653
1,3393,0.2,2.0,0.3507351000782572
1,3394,0.2,2.0,0.16513635707568
1,3395,0.2,2.0,0.810478600477533
1,3396,0.2,2.0,0.39343852904820203
1,3397,0.2,2.0,0.5179970548069356
1,3398,0.2,2.0,0.6838820984294716
1,3399,0.2,2.0,0.6569798145464775
1,3400,0.2,2.0,0.8683515352400663
1,3401,0.2,2.0,0.7632853483023607
1,3402,0.2,2.0,0.7280041285630856
1,3403,0.2,2.0,0.45280004937519214
1,3404,0.2,2.0,0.7706802031168629
1,3405,0.2,2.0,0.3246321102633471
1,3406,0.2,2.0,0.11617955522823253
1,3407,0.2,2.0,1.1043901044660607
1,3408,0.2,2.0,0.5107947451163831
1,3409,0.2,2.0,1.0832175576867877
1,3410,0.2,2.0,0.9236580121428134
1,3411,0.2,2.0,0.308064299918983
1,3412,0.2,2.0,0.6944557126405156
1,3413,0.2,2.0,0.6327572490012461
1,3414,0.2,2.0,0.5102072870870333
1,3415,0.2,2.0,0.22975572315248463
1,3416,0.2,2.0,0.12433800942276192
1,3417,0.2,2.0,1.224789518897438
1,3418,0.2,2.0,0.7217784981695415
1,3419,0.2,2.0,1.3511119386070385
1,3420,0.2,2.0,0.5395824776166491
1,3421,0.2,2.0,0.5954926191217307
1,3422,0.2,2.0,0.5975291789647913
1,3423,0.2,2.0,0.5135758474054773
1,3424,0.2,2.0,0.32212588758902133
1,3425,0.2,2.0,0.6325343674650643
1,3426,0.2,2.0,0.774347325511387
1,3427,0.2,2.0,0.44642507064164344
1,3428,0.2,2.0,0.5373567565761243
1,3429,0.2,2.0,0.8187126970329911
1,3430,0.2,2.0,0.8788008118960037
1,3431,0.2,2.0,0.9072450858724882
1,3432,0.2,2.0,0.22289705832209794
1,3433,0.2,2.0,0.4882634996678292
1,3434,0.2,2.0,0.5297188611716989
1,3435,0.2,2.0,0.21181472066368148
1,3436,0.2,2.0,0.23035228852619727
1,3437,0.2,2.0,0.4262526001988207
1,3438,0.2,2.0,0.9077819563159731
1,3439,0.2,2.0,0.4751252674337804
1,3440,0.2,2.0,0.48294604791377405
1,3441,0.2,2.0,0.13325215651210381
1,3442,0.2,2.0,0.8626522535392671
1,3443,0.2,2.0,0.16373557028934493
1,3444,0.2,2.0,0.540028659397508
1,3445,0.2,2.0,0.9168311694588515
1,3446,0.2,2.0,0.062024833857799465
1,3447,0.2,2.0,0.08060485640097054
1,3448,0.2,2.0,0.6087461434023601
1,3449,0.2,2.0,0.7445001850742049
1,3450,0.2,2.0,0.6811762386954537
1,3451,0.2,2.0,0.46463487824118704
1,3452,0.2,2.0,0.32219241195561144
1,3453,0.2,2.0,0.4093438716688182
1,3454,0.2,2.0,0.1493656852928914
1,3455,0.2,2.0,0.1874235936521776
1,3456,0.2,2.0,0.5278273885655257
1,3457,0.2,2.0,0.31632775341698693
1,3458,0.2,2.0,0.10442127283635995
1,3459,0.2,2.0,1.371989145149414
1,3460,0.2,2.0,0.19228926346932929
1,3461,0.2,2.0,0.3939714736081399
1,3462,0.2,2.0,0.5276884434846887
1,3463,0.2,2.0,0.11110863898404533
1,3464,0.2,2.0,0.44172210672121626
1,3465,0.2,2.0,0.20325864315263095
1,3466,0.2,2.0,0.3728961774275679
1,3467,0.2,2.0,0.2318478290813452
1,3468,0.2,2.0,0.4158515349580709
1,3469,0.2,2.0,0.6231026052683863
1,3470,0.2,2.0,0.16586652188971077
1,3471,0.2,2.0,0.9412765642808255
1,3472,0.2,2.0,0.5401858603667289
1,3473,0.2,2.0,0.4196574591715265
1,3474,0.2,2.0,0.6799828068390655
1,3475,0.2,2.0,0.42396053122788496
1,3476,0.2,2.0,0.47866030004829285
1,3477,0.2,2.0,1.1283928692319058
1,3478,0.2,2.0,0.9420857395767614
1,3479,0.2,2.0,0.3928630446210547
1,3480,0.2,2.0,0.22169977509825306
1,3481,0.2,2.0,0.3480588637394332
1,3482,0.2,2.0,0.4830600392691735
1,3483,0.2,2.0,0.20154337668836134
1,3484,0.2,2.0,0.17511439342335763
1,3485,0.2,2.0,0.5582928780175869
1,3486,0.2,2.0,0.2992146889877158
1,3487,0.2,2.0,0.08749155165049043
1,3488,0.2,2.0,0.454459433983494
1,3489,0.2,2.0,1.1472886615028248
1,3490,0.2,2.0,0.49718897275186635
1,3491,0.2,2.0,0.7146104872323858
1,3492,0.2,2.0,0.14346318822909604
1,3493,0.2,2.0,0.47499789346675353
1,3494,0.2,2.0,0.7088987399863012
1,3495,0.2,2.0,0.8263393887984841
1,3496,0.2,2.0,0.3478070192209391
1,3497,0.2,2.0,0.19515199437438724
1,3498,0.2,2.0,0.2503942981318649
1,3499,0.2,2.0,0.46812906639909585
1,3500,0.2,2.0,0.743611233389871
1,3501,0.2,2.0,0.7320079275108617
1,3502,0.2,2.0,1.2324774862186794
1,3503,0.2,2.0,0.6610530119641554
1,3504,0.2,2.0,0.5902299217811507
1,3505,0.2,2.0,0.5500346265759714
1,3506,0.2,2.0,0.5900416093080065
1,3507,0.2,2.0,0.3138674513299459
1,3508,0.2,2.0,0.5577771852610944
1,3509,0.2,2.0,0.6710427020984965
1,3510,0.2,2.0,0.7340073732820293
1,3511,0.2,2.0,0.8390490939115127
1,3512,0.2,2.0,0.5844325902156298
1,3513,0.2,2.0,0.06864127369527329
1,3514,0.2,2.0,0.7345184560606669
1,3515,0.2,2.0,0.7781891952407353
1,3516,0.2,2.0,1.5890382000323438
1,3517,0.2,2.0,0.4471705219196017
1,3518,0.2,2.0,0.4184130804322528
1,3519,0.2,2.0,0.33351057040287574
1,3520,0.2,2.0,0.6678757680767287
1,3521,0.2,2.0,0.3973999063746604
1,3522,0.2,2.0,0.6840923506296379
1,3523,0.2,2.0,0.8644703040444625
1,3524,0.2,2.0,0.4792658306959988
1,3525,0.2,2.0,0.44300166026676724
1,3526,0.2,2.0,0.7216888619670951
1,3527,0.2,2.0,0.6873251510985396
1,3528,0.2,2.0,0.3916104668211648
1,3529,0.2,2.0,0.558530552839912
1,3530,0.2,2.0,0.16085497786854772
1,3531,0.2,2.0,0.8359810949768709
1,3532,0.2,2.0,1.082227561574799
1,3533,0.2,2.0,0.7323229550068249
1,3534,0.2,2.0,0.3063326858507667
1,3535,0.2,2.0,0.397027803090941
1,3536,0.2,2.0,0.35229340134081716
1,3537,0.2,2.0,0.4983321397811692
1,3538,0.2,2.0,0.9130529944108899
1,3539,0.2,2.0,0.7899805878329885
1,3540,0.2,2.0,0.531994112136918
1,3541,0.2,2.0,0.8559557947208574
1,3542,0.2,2.0,0.6324233481412534
1,3543,0.2,2.0,0.28973720091057464
1,3544,0.2,2.0,0.5278654458156149
1,3545,0.2,2.0,0.3579475331831141
1,3546,0.2,2.0,0.08901122796209247
1,3547,0.2,2.0,0.599328298553232
1,3548,0.2,2.0,0.6322304176265563
1,3549,0.2,2.0,1.2311501567158074
1,3550,0.2,2.0,0.7063262271287513
1,3551,0.2,2.0,0.5202972226239468
1,3552,0.2,2.0,0.40714647455824343
1,3553,0.2,2.0,0.08073177069606173
1,3554,0.2,2.0,0.2303256091663707
1,3555,0.2,2.0,0.11596350005698854
1,3556,0.2,2.0,0.45102954850175003
1,3557,0.2,2.0,0.5491564293916694
1,3558,0.2,2.0,1.0721096209948349
1,3559,0.2,2.0,0.5464709106895846
1,3560,0.2,2.0,0.35724297339905137
1,3561,0.2,2.0,0.5288764970517077
1,3562,0.2,2.0,1.1396589865420408
1,3563,0.2,2.0,0.15980520102479473
1,3564,0.2,2.0,0.40199750330891226
1,3565,0.2,2.0,0.19296844898316637
1,3566,0.2,2.0,0.5173532560952553
1,3567,0.2,2.0,0.6638315738076964
1,3568,0.2,2.0,0.38434371951442575
1,3569,0.2,2.0,0.3497526806274835
1,3570,0.2,2.0,0.13325553009233632
1,3571,0.2,2.0,0.6353974765883709
1,3572,0.2,2.0,0.3317947004228546
1,3573,0.2,2.0,0.6561645360415884
1,3574,0.2,2.0,0.23073587275831212
1,3575,0.2,2.0,0.8789418975244592
1,3576,0.2,2.0,0.6199818758975606
1,3577,0.2,2.0,0.5063833634279609
1,3578,0.2,2.0,0.6017452726819972
1,3579,0.2,2.0,0.5692411760983903
1,3580,0.2,2.0,1.052023033792958
1,3581,0.2,2.0,0.37342711286280594
1,3582,0.2,2.0,0.30685449599536646
1,3583,0.2,2.0,0.33664708899889006
1,3584,0.2,2.0,0.2568843710601901
1,3585,0.2,2.0,0.17609667513904687
1,3586,0.2,2.0,0.04464313110874488
1,3587,0.2,2.0,0.7210043999138235
1,3588,0.2,2.0,0.6892173724578047
1,3589,0.2,2.0,0.7216336981831878
1,3590,0.2,2.0,0.4365360314687126
1,3591,0.2,2.0,0.6527177421503234
1,3592,0.2,2.0,0.6581589163319906
1,3593,0.2,2.0,1.1650878237728655
1,3594,0.2,2.0,0.14462523333175062
1,3595,0.2,2.0,0.4189013905403964
1,3596,0.2,2.0,0.2515401547791847
1,3597,0.2,2.0,0.3754351391808468
1,3598,0.2,2.0,0.31149640111013555
1,3599,0.2,2.0,0.27336962802455245
1,3600,0.2,2.0,0.10090359719427121
1,3601,0.2,2.0,1.1076859318511014
1,3602,0.2,2.0,0.3105632062107761
1,3603,0.2,2.0,0.5169427486468849
1,3604,0.2,2.0,0.9304968006934892
1,3605,0.2,2.0,0.5246741111110966
1,3606,0.2,2.0,0.4557587106716622
1,3607,0.2,2.0,0.6269216221719989
1,3608,0.2,2.0,0.7604833951523032
1,3609,0.2,2.0,0.8464137175647466
1,3610,0.2,2.0,0.4911184529603085
1,3611,0.2,2.0,0.9884712818729279
1,3612,0.2,2.0,0.9895432163956552
1,3613,0.2,2.0,0.5529520390067415
1,3614,0.2,2.0,0.16352402504945815
1,3615,0.2,2.0,0.5812787463535253
1,3616,0.2,2.0,0.6052096411289399
1,3617,0.2,2.0,0.8280717540905268
1,3618,0.2,2.0,0.20564089048861667
1,3619,0.2,2.0,0.7994605661083989
1,3620,0.2,2.0,0.871982418476275
1,3621,0.2,2.0,0.4081366196538818
1,3622,0.2,2.0,0.45499131580749147
1,3623,0.2,2.0,0.42336726128889735
1,3624,0.2,2.0,0.41676271805720344
1,3625,0.2,2.0,0.8680812123562636
1,3626,0.2,2.0,0.6874205703178665
1,3627,0.2,2.0,0.38510228179996714
1,3628,0.2,2.0,0.23932083944202742
1,3629,0.2,2.0,0.7043436144099529
1,3630,0.2,2.0,0.4908008260973892
1,3631,0.2,2.0,0.45201113143739724
1,3632,0.2,2.0,0.6288151980531026
1,3633,0.2,2.0,0.8175604160730364
1,3634,0.2,2.0,1.191690950758849
1,3635,0.2,2.0,0.49866502434188437
1,3636,0.2,2.0,0.7397227910999551
1,3637,0.2,2.0,1.012103441363432
1,3638,0.2,2.0,0.7079163588287336
1,3639,0.2,2.0,1.042067530315509
1,3640,0.2,2.0,0.7061393395711857
1,3641,0.2,2.0,0.05786363674339632
1,3642,0.2,2.0,0.593117297531232
1,3643,0.2,2.0,0.8584485906369623
1,3644,0.2,2.0,0.4641857938580712
1,3645,0.2,2.0,1.001990542302333
1,3646,0.2,2.0,0.653962758013125
1,3647,0.2,2.0,0.8715514473205903
1,3648,0.2,2.0,0.10585791218797844
1,3649,0.2,2.0,0.22531179009584426
1,3650,0.2,2.0,0.727586584123282
1,3651,0.2,2.0,0.1884386414821403
1,3652,0.2,2.0,0.8339563303471806
1,3653,0.2,2.0,0.05973240440729938
1,3654,0.2,2.0,0.1794709041517057
1,3655,0.2,2.0,0.952454196700412
1,3656,0.2,2.0,0.9082927196700474
1,3657,0.2,2.0,1.1386089509523232
1,3658,0.2,2.0,0.1991300209277453
1,3659,0.2,2.0,0.4015218251822019
1,3660,0.2,2.0,1.0405675253248547
1,3661,0.2,2.0,0.15449545623757888
1,3662,0.2,2.0,0.3260861015587131
1,3663,0.2,2.0,0.4506840236752412
1,3664,0.2,2.0,0.7629066874578053
1,3665,0.2,2.0,0.7013996663819687
1,3666,0.2,2.0,0.8127821676667026
1,3667,0.2,2.0,0.8311516457315719
1,3668,0.2,2.0,0.6930709953202214
1,3669,0.2,2.0,0.2659202300045423
1,3670,0.2,2.0,0.4491931250968978
1,3671,0.2,2.0,0.25363720902489667
1,3672,0.2,2.0,0.5754890239244214
1,3673,0.2,2.0,0.6594687833977086
1,3674,0.2,2.0,0.2748513483031861
1,3675,0.2,2.0,0.11414204823541325
1,3676,0.2,2.0,0.33360589885439956
1,3677,0.2,2.0,0.8124559993313494
1,3678,0.2,2.0,0.4260482367372376
1,3679,0.2,2.0,0.8023159282487565
1,3680,0.2,2.0,0.2491088834306424
1,3681,0.2,2.0,0.35912849915812406
1,3682,0.2,2.0,0.48915463547379984
1,3683,0.2,2.0,0.8584174365202232
1,3684,0.2,2.0,0.34153199840845844
1,3685,0.2,2.0,1.1003527680436385
1,3686,0.2,2.0,1.0271967930691466
1,3687,0.2,2.0,0.36607137309626203
1,3688,0.2,2.0,0.5781241486073365
1,3689,0.2,2.0,0.4410534750504772
1,3690,0.2,2.0,0.3530063724046828
1,3691,0.2,2.0,0.5104465354357166
1,3692,0.2,2.0,0.5662280554724659
1,3693,0.2,2.0,0.4935807098455714
1,3694,0.2,2.0,1.0113875787024704
1,3695,0.2,2.0,0.6981477900694262
1,3696,0.2,2.0,0.7921279348196152
1,3697,0.2,2.0,0.8866602473283378
1,3698,0.2,2.0,0.9335304455417066
1,3699,0.2,2.0,0.4275853318137163
1,3700,0.2,2.0,0.8184530539058982
1,3701,0.2,2.0,0.5232760980557117
1,3702,0.2,2.0,0.8606677425504203
1,3703,0.2,2.0,0.41907638960590754
1,3704,0.2,2.0,0.7606305480192
1,3705,0.2,2.0,0.29731257789178533
1,3706,0.2,2.0,0.053353510142995796
1,3707,0.2,2.0,0.6507871920759485
1,3708,0.2,2.0,0.32140311864511073
1,3709,0.2,2.0,0.15129314803500826
1,3710,0.2,2.0,0.5377250693418238
1,3711,0.2,2.0,1.1825331328552202
1,3712,0.2,2.0,0.30178622056052246
1,3713,0.2,2.0,0.27886031133863504
1,3714,0.2,2.0,0.18301968273770747
1,3715,0.2,2.0,0.49649246354417725
1,3716,0.2,2.0,0.8890290257593806
1,3717,0.2,2.0,0.6490158520186113
1,3718,0.2,2.0,0.30492158923592044
1,3719,0.2,2.0,0.5522398330381382
1,3720,0.2,2.0,0.20881521296350755
1,3721,0.2,2.0,1.3607333812664741
1,3722,0.2,2.0,0.829509999634988
1,3723,0.2,2.0,0.8210674934988246
1,3724,0.2,2.0,0.2751364105518894
1,3725,0.2,2.0,0.7775005707571246
1,3726,0.2,2.0,0.7990647104182518
1,3727,0.2,2.0,0.9138485404805918
1,3728,0.2,2.0,0.8514243296056019
1,3729,0.2,2.0,0.5512230422725328
1,3730,0.2,2.0,0.48681105037117445
1,3731,0.2,2.0,0.733685200052286
1,3732,0.2,2.0,0.3263792752449721
1,3733,0.2,2.0,0.9683614709283327
1,3734,0.2,2.0,0.37856373695200674
1,3735,0.2,2.0,0.030207270207475226
1,3736,0.2,2.0,0.15984967470215686
1,3737,0.2,2.0,0.6259094925709608
1,3738,0.2,2.0,0.374803160600593
1,3739,0.2,2.0,0.2600725691983683
1,3740,0.2,2.0,0.8482262067574418
1,3741,0.2,2.0,0.5865497226814611
1,3742,0.2,2.0,0.26887076718904207
1,3743,0.2,2.0,0.3494388030612249
1,3744,0.2,2.0,1.1410227553156345
1,3745,0.2,2.0,0.20609450931434334
1,3746,0.2,2.0,0.23630466023381988
1,3747,0.2,2.0,0.711958901173354
1,3748,0.2,2.0,0.8035616343598169
1,3749,0.2,2.0,0.5270185969884035
1,3750,0.2,2.0,0.6028502427578435
1,3751,0.2,2.0,0.8488823079036877
1,3752,0.2,2.0,0.1616103412708165
1,3753,0.2,2.0,0.11936363845437045
1,3754,0.2,2.0,0.9726105679635496
1,3755,0.2,2.0,0.6263819947717703
1,3756,0.2,2.0,0.2954256231228903
1,3757,0.2,2.0,0.4276408274767447
1,3758,0.2,2.0,0.22515221689292442
1,3759,0.2,2.0,0.3244263934985318
1,3760,0.2,2.0,0.5253548106538637
1,3761,0.2,2.0,1.0359753873249316
1,3762,0.2,2.0,0.2446181946664819
1,3763,0.2,2.0,0.6350570573928839
1,3764,0.2,2.0,0.6763444664225223
1,3765,0.2,2.0,0.3640674087172569
1,3766,0.2,2.0,0.8136230707254695
1,3767,0.2,2.0,0.3088580448401864
1,3768,0.2,2.0,0.2895476868077598
1,3769,0.2,2.0,0.4623306916295231
1,3770,0.2,2.0,0.656367730846301
1,3771,0.2,2.0,0.5329205147633043
1,3772,0.2,2.0,0.38418379247172174
1,3773,0.2,2.0,0.5129699360541929
1,3774,0.2,2.0,0.39879129862829743
1,3775,0.2,2.0,0.8223770511208272
1,3776,0.2,2.0,0.44002091988962616
1,3777,0.2,2.0,0.5644002189411699
1,3778,0.2,2.0,0.11705736087077045
1,3779,0.2,2.0,0.1980184772426807
1,3780,0.2,2.0,0.5995086801932855
1,3781,0.2,2.0,0.35125785907052987
1,3782,0.2,2.0,0.3934167334768929
1,3783,0.2,2.0,0.7252315175346719
1,3784,0.2,2.0,0.6869714621446882
1,3785,0.2,2.0,0.5724037523658866
1,3786,0.2,2.0,0.8305795772039951
1,3787,0.2,2.0,0.5786182110963153
1,3788,0.2,2.0,0.3649632271954376
1,3789,0.2,2.0,0.5259506586323988
1,3790,0.2,2.0,0.2745865674362084
1,3791,0.2,2.0,0.8655410840738129
1,3792,0.2,2.0,0.6405431630104281
1,3793,0.2,2.0,0.38298483482212226
1,3794,0.2,2.0,0.9906365789620403
1,3795,0.2,2.0,0.8255850281418632
1,3796,0.2,2.0,0.9246785925052015
1,3797,0.2,2.0,0.6041022703386398
1,3798,0.2,2.0,0.5612271822093331
1,3799,0.2,2.0,0.8497602246826145
1,3800,0.2,2.0,0.8916927996419635
1,3801,0.2,2.0,0.13840924218374928
1,3802,0.2,2.0,0.7056339098396773
1,3803,0.2,2.0,0.27311087107282467
1,3804,0.2,2.0,0.6522935960295398
1,3805,0.2,2.0,0.27914308302271607
1,3806,0.2,2.0,0.6067754334989589
1,3807,0.2,2.0,0.29652720187032455
1,3808,0.2,2.0,0.418361578884114
1,3809,0.2,2.0,0.2829462661685995
1,3810,0.2,2.0,0.569060923522515
1,3811,0.2,2.0,0.37540204325329546
1,3812,0.2,2.0,1.0295910750195096
1,3813,0.2,2.0,0.3088595714958625
1,3814,0.2,2.0,0.04669563532644336
1,3815,0.2,2.0,0.8077531349092206
1,3816,0.2,2.0,0.6050497461428025
1,3817,0.2,2.0,0.2557165880051767
1,3818,0.2,2.0,1.1635649556298095
1,3819,0.2,2.0,0.7517792453847696
1,3820,0.2,2.0,0.8720415623568928
1,3821,0.2,2.0,0.5341639406611728
1,3822,0.2,2.0,0.7231759710589847
1,3823,0.2,2.0,0.5351967588231514
1,3824,0.2,2.0,0.1618174622297445
1,3825,0.2,2.0,0.6752002143455995
1,3826,0.2,2.0,1.1361791617478547
1,3827,0.2,2.0,0.3802179858115107
1,3828,0.2,2.0,0.16587985816929332
1,3829,0.2,2.0,0.8005177796481636
1,3830,0.2,2.0,0.28407509168396183
1,3831,0.2,2.0,0.43867903531666375
1,3832,0.2,2.0,0.6311753577842861
1,3833,0.2,2.0,0.6096611478263384
1,3834,0.2,2.0,1.1920979941603211
1,3835,0.2,2.0,0.3672896908852704
1,3836,0.2,2.0,0.1634595159765535
1,3837,0.2,2.0,0.6532540911829801
1,3838,0.2,2.0,0.7676792187673867
1,3839,0.2,2.0,1.4951721458929397
1,3840,0.2,2.0,0.6044249150766181
1,3841,0.2,2.0,0.5583982394088283
1,3842,0.2,2.0,0.7547693619929261
1,3843,0.2,2.0,0.32016656945417477
1,3844,0.2,2.0,0.5038825112963607
1,3845,0.2,2.0,0.021337414679326448
1,3846,0.2,2.0,0.4563452154930188
1,3847,0.2,2.0,1.2557819405284232
1,3848,0.2,2.0,0.4171889398748055
1,3849,0.2,2.0,0.7238328443507802
1,3850,0.2,2.0,0.6422504159285001
1,3851,0.2,2.0,0.16901984183990557
1,3852,0.2,2.0,0.43717863427101394
1,3853,0.2,2.0,0.2904404084008178
1,3854,0.2,2.0,0.5069361985770745
1,3855,0.2,2.0,0.1771101157471649
1,3856,0.2,2.0,0.45396392019173465
1,3857,0.2,2.0,0.5339995560956976
1,3858,0.2,2.0,0.829626614495976
1,3859,0.2,2.0,0.23679471934905186
1,3860,0.2,2.0,0.38510376822454095
1,3861,0.2,2.0,0.7729730496250952
1,3862,0.2,2.0,0.4484146870433796
1,3863,0.2,2.0,0.6699213359543271
1,3864,0.2,2.0,0.5331311866985311
1,3865,0.2,2.0,0.21004053444738516
1,3866,0.2,2.0,0.44461574168234913
1,3867,0.2,2.0,0.6670984375314362
1,3868,0.2,2.0,0.8637784325153857
1,3869,0.2,2.0,0.03775740236321151
1,3870,0.2,2.0,0.4731340872904194
1,3871,0.2,2.0,0.4689026895206744
1,3872,0.2,2.0,0.6752562261165059
1,3873,0.2,2.0,0.23120968135582773
1,3874,0.2,2.0,0.6564467408515846
1,3875,0.2,2.0,0.7135388849242297
1,3876,0.2,2.0,0.8743258225041107
1,3877,0.2,2.0,0.3948328304853126
1,3878,0.2,2.0,0.5764312929401864
1,3879,0.2,2.0,0.5378656310206736
1,3880,0.2,2.0,0.7797282851636531
1,3881,0.2,2.0,0.5729956432185314
1,3882,0.2,2.0,0.3178747900731594
1,3883,0.2,2.0,0.008394487019442792
1,3884,0.2,2.0,0.44210202178273195
1,3885,0.2,2.0,0.44059840419684304
1,3886,0.2,2.0,0.5478092010914148
1,3887,0.2,2.0,0.8407293807080513
1,3888,0.2,2.0,0.46924099112883555
1,3889,0.2,2.0,1.160632177434607
1,3890,0.2,2.0,0.3677581929524198
1,3891,0.2,2.0,1.3590790386786284
1,3892,0.2,2.0,1.285733170914878
1,3893,0.2,2.0,0.7098450359016449
1,3894,0.2,2.0,1.0583009966869281
1,3895,0.2,2.0,0.5140936457004213
1,3896,0.2,2.0,0.2904189504963151
1,3897,0.2,2.0,0.31224564794822013
1,3898,0.2,2.0,0.7935713346984318
1,3899,0.2,2.0,0.1788501914722378
1,3900,0.2,2.0,0.5667581338480205
1,3901,0.2,2.0,0.7727279041873336
1,3902,0.2,2.0,0.4324360280332816
1,3903,0.2,2.0,0.2639782790088327
1,3904,0.2,2.0,0.608722175773916
1,3905,0.2,2.0,0.41252914263819035
1,3906,0.2,2.0,0.8484703560450338
1,3907,0.2,2.0,0.67731029190813
1,3908,0.2,2.0,0.7092812148677268
1,3909,0.2,2.0,0.9206292612193465
1,3910,0.2,2.0,0.558687390000422
1,3911,0.2,2.0,0.2587218252659031
1,3912,0.2,2.0,0.693975029305889
1,3913,0.2,2.0,0.4235704627409682
1,3914,0.2,2.0,0.4009936433808449
1,3915,0.2,2.0,0.21670850960353435
1,3916,0.2,2.0,0.7500601332020767
1,3917,0.2,2.0,0.24743654523551512
1,3918,0.2,2.0,0.18685426554520124
1,3919,0.2,2.0,0.5986520744153226
1,3920,0.2,2.0,0.4440787621880548
1,3921,0.2,2.0,0.8558576814422093
1,3922,0.2,2.0,0.6647834036877311
1,3923,0.2,2.0,0.9687454359774917
1,3924,0.2,2.0,0.46051775361474134
1,3925,0.2,2.0,0.6234165612927746
1,3926,0.2,2.0,0.6838641976064386
1,3927,0.2,2.0,0.7441107872755741
1,3928,0.2,2.0,0.15161861935335463
1,3929,0.2,2.0,0.3026691443100816
1,3930,0.2,2.0,0.5590630925829024
1,3931,0.2,2.0,0.20816859547776445
1,3932,0.2,2.0,0.943617857366425
1,3933,0.2,2.0,0.3831937264020814
1,3934,0.2,2.0,0.103343043597322
1,3935,0.2,2.0,1.1551667912312058
1,3936,0.2,2.0,0.3704074624290697
1,3937,0.2,2.0,0.9703205020999971
1,3938,0.2,2.0,0.30619991015692455
1,3939,0.2,2.0,0.6458397419563071
1,3940,0.2,2.0,0.6463180290670505
1,3941,0.2,2.0,0.4747688987482246
1,3942,0.2,2.0,0.8949215522920457
1,3943,0.2,2.0,0.38094550912893743
1,3944,0.2,2.0,0.38623742281541984
1,3945,0.2,2.0,0.43414635938700274
1,3946,0.2,2.0,0.39941830664579986
1,3947,0.2,2.0,0.3724392627173109
1,3948,0.2,2.0,0.8948808799503098
1,3949,0.2,2.0,0.4420287676739203
1,3950,0.2,2.0,0.3787143081277521
1,3951,0.2,2.0,0.6027655995666056
1,3952,0.2,2.0,1.102334498672427
1,3953,0.2,2.0,0.08738690467709431
1,3954,0.2,2.0,0.3880061529984989
1,3955,0.2,2.0,0.5031682297829817
1,3956,0.2,2.0,0.5091727808316452
1,3957,0.2,2.0,0.5726027676745501
1,3958,0.2,2.0,0.7118357457812149
1,3959,0.2,2.0,0.3135302475576727
1,3960,0.2,2.0,0.7181224178849471
1,3961,0.2,2.0,0.5737966487762749
1,3962,0.2,2.0,0.33571309914153136
1,3963,0.2,2.0,0.34758997039215267
1,3964,0.2,2.0,0.4370191783026104
1,3965,0.2,2.0,0.7837132395380539
1,3966,0.2,2.0,0.27907569799867665
1,3967,0.2,2.0,0.4404293704549276
1,3968,0.2,2.0,0.02912497502271739
1,3969,0.2,2.0,0.7171592936334866
1,3970,0.2,2.0,1.3468494954856711
1,3971,0.2,2.0,0.4948786313600541
1,3972,0.2,2.0,0.3849629226314519
1,3973,0.2,2.0,0.7130300087881436
1,3974,0.2,2.0,0.21877246170469733
1,3975,0.2,2.0,0.3463117132827284
1,3976,0.2,2.0,0.07801956203619653
1,3977,0.2,2.0,0.900547233827196
1,3978,0.2,2.0,0.3355356160053652
1,3979,0.2,2.0,0.3281725087495211
1,3980,0.2,2.0,0.19579220086423973
1,3981,0.2,2.0,0.3861846686421135
1,3982,0.2,2.0,0.8945264770990354
1,3983,0.2,2.0,0.4094907511584803
1,3984,0.2,2.0,0.3068166856286772
1,3985,0.2,2.0,0.8382511983863837
1,3986,0.2,2.0,0.2001580443607206
1,3987,0.2,2.0,0.3678478394173352
1,3988,0.2,2.0,0.9743105258127632
1,3989,0.2,2.0,0.88552315944459
1,3990,0.2,2.0,0.560095928229275
1,3991,0.2,2.0,0.7335157526430577
1,3992,0.2,2.0,0.2727743079413371
1,3993,0.2,2.0,0.4344785362978811
1,3994,0.2,2.0,0.4938430634335093
1,3995,0.2,2.0,0.20768794744235589
1,3996,0.2,2.0,0.746178767010406
1,3997,0.2,2.0,0.7430640382891259
1,3998,0.2,2.0,1.1707243634999802
1,3999,0.2,2.0,0.42012340001288
1,4000,0.2,2.0,0.6154294851136027
1,4001,0.2,2.0,0.838782968964725
1,4002,0.2,2.0,0.47778663015304434
1,4003,0.2,2.0,0.21592880023166247
1,4004,0.2,2.0,0.5479057533969434
1,4005,0.2,2.0,0.6770207636533293
1,4006,0.2,2.0,0.5672173693052094
1,4007,0.2,2.0,0.1791666758296345
1,4008,0.2,2.0,0.44690104453425167
1,4009,0.2,2.0,0.6607817971792642
1,4010,0.2,2.0,0.19092893981561568
1,4011,0.2,2.0,0.36691877958368047
1,4012,0.2,2.0,0.6090508463220544
1,4013,0.2,2.0,0.37026614802127183
1,4014,0.2,2.0,0.17538420705757987
1,4015,0.2,2.0,0.6751204766421423
1,4016,0.2,2.0,0.3114487343853008
1,4017,0.2,2.0,0.2760514681980328
1,4018,0.2,2.0,0.2993749246617526
1,4019,0.2,2.0,0.7829322787148038
1,4020,0.2,2.0,0.7513156011952622
1,4021,0.2,2.0,0.5185672653215981
1,4022,0.2,2.0,0.822946202337235
1,4023,0.2,2.0,0.7460894819641667
1,4024,0.2,2.0,0.7370067645289896
1,4025,0.2,2.0,0.532335178776955
1,4026,0.2,2.0,0.3380275928523572
1,4027,0.2,2.0,0.8372881027759123
1,4028,0.2,2.0,0.46187167205354684
1,4029,0.2,2.0,1.0767486143578584
1,4030,0.2,2.0,0.17436231382345943
1,4031,0.2,2.0,0.8978496312192982
1,4032,0.2,2.0,0.3477518646188688
1,4033,0.2,2.0,0.6856439322711515
1,4034,0.2,2.0,0.4277373015409225
1,4035,0.2,2.0,0.7693360615188748
1,4036,0.2,2.0,0.32950497205723045
1,4037,0.2,2.0,0.5327594959985005
1,4038,0.2,2.0,0.9828661001580766
1,4039,0.2,2.0,0.5749850628357174
1,4040,0.2,2.0,0.5108652140577291
1,4041,0.2,2.0,0.2602582672270264
1,4042,0.2,2.0,0.244228248533243
1,4043,0.2,2.0,0.7328455642296813
1,4044,0.2,2.0,0.45972151694210867
1,4045,0.2,2.0,0.18840169674074958
1,4046,0.2,2.0,0.8451520685554562
1,4047,0.2,2.0,0.22624418827957782
1,4048,0.2,2.0,0.5693659718305173
1,4049,0.2,2.0,0.3534189120602846
1,4050,0.2,2.0,0.5203540501920043
1,4051,0.2,2.0,0.27138624630561475
1,4052,0.2,2.0,0.4059767689915518
1,4053,0.2,2.0,0.5097301790621025
1,4054,0.2,2.0,0.8163820942702263
1,4055,0.2,2.0,0.835731544991637
1,4056,0.2,2.0,0.08883735798015585
1,4057,0.2,2.0,0.8920791579858888
1,4058,0.2,2.0,0.3991832079446392
1,4059,0.2,2.0,0.39810878733917027
1,4060,0.2,2.0,0.3908262303368267
1,4061,0.2,2.0,0.7694640205864228
1,4062,0.2,2.0,0.5124796587624256
1,4063,0.2,2.0,0.1457594141390687
1,4064,0.2,2.0,0.6336794137126716
1,4065,0.2,2.0,0.6839258291308074
1,4066,0.2,2.0,0.25194523256732193
1,4067,0.2,2.0,0.33828680801011524
1,4068,0.2,2.0,0.31056148802922995
1,4069,0.2,2.0,0.8733637036353096
1,4070,0.2,2.0,0.23616922866126577
1,4071,0.2,2.0,0.4529209066169339
1,4072,0.2,2.0,0.4659960094636498
1,4073,0.2,2.0,0.7034734948110886
1,4074,0.2,2.0,0.6873565216472697
1,4075,0.2,2.0,0.8888285012183397
1,4076,0.2,2.0,0.29974794028487783
1,4077,0.2,2.0,0.18658423035241758
1,4078,0.2,2.0,0.8072815002948347
1,4079,0.2,2.0,0.5499158660940311
1,4080,0.2,2.0,0.6984015688590962
1,4081,0.2,2.0,1.0178023117150752
1,4082,0.2,2.0,0.4606029122519665
1,4083,0.2,2.0,0.09941320160278638
1,4084,0.2,2.0,0.8051199348126241
1,4085,0.2,2.0,0.1889487780603141
1,4086,0.2,2.0,0.6161349714725668
1,4087,0.2,2.0,0.6307236396709247
1,4088,0.2,2.0,0.8345532343709431
1,4089,0.2,2.0,0.8029662536027669
1,4090,0.2,2.0,0.2545067961376246
1,4091,0.2,2.0,0.39693513983703615
1,4092,0.2,2.0,0.6388523521153465
1,4093,0.2,2.0,0.19704196921179115
1,4094,0.2,2.0,0.43527136974679537
1,4095,0.2,2.0,0.542825205197216
1,4096,0.2,2.0,1.0171016925456335
1,4097,0.2,2.0,0.38374924520570314
1,4098,0.2,2.0,0.5586875684620989
1,4099,0.2,2.0,1.414304824390897
1,4100,0.2,2.0,0.5085204583561982
1,4101,0.2,2.0,0.11706902762493442
1,4102,0.2,2.0,0.3056482858719186
1,4103,0.2,2.0,0.03846156574332725
1,4104,0.2,2.0,1.4398168754263208
1,4105,0.2,2.0,0.26682430081459996
1,4106,0.2,2.0,0.3934508263533865
1,4107,0.2,2.0,0.7389490613669297
1,4108,0.2,2.0,0.515741689310519
1,4109,0.2,2.0,0.449232704934808
1,4110,0.2,2.0,0.42447776009057886
1,4111,0.2,2.0,0.07166485182222199
1,4112,0.2,2.0,0.503664955883127
1,4113,0.2,2.0,0.8740710387677761
1,4114,0.2,2.0,0.2345775329126254
1,4115,0.2,2.0,0.43944648390636004
1,4116,0.2,2.0,0.05852628043290778
1,4117,0.2,2.0,0.4456125001711254
1,4118,0.2,2.0,0.6061414414991725
1,4119,0.2,2.0,0.3518552419477403
1,4120,0.2,2.0,0.6971120817177776
1,4121,0.2,2.0,0.6274202748386839
1,4122,0.2,2.0,0.6102148406776491
1,4123,0.2,2.0,0.6752904648821969
1,4124,0.2,2.0,0.8104261164311892
1,4125,0.2,2.0,0.5734465975015736
1,4126,0.2,2.0,0.7346116729283358
1,4127,0.2,2.0,0.7952139085143347
1,4128,0.2,2.0,0.2089953101085072
1,4129,0.2,2.0,0.17041899776238822
1,4130,0.2,2.0,0.6822338587064537
1,4131,0.2,2.0,0.8269412656717153
1,4132,0.2,2.0,0.18305845163277817
1,4133,0.2,2.0,0.5749843705462631
1,4134,0.2,2.0,0.2534989890368899
1,4135,0.2,2.0,0.6255336716828027
1,4136,0.2,2.0,0.9823843315997254
1,4137,0.2,2.0,0.6861714434097763
1,4138,0.2,2.0,0.671149178411459
1,4139,0.2,2.0,0.6885440067584232
1,4140,0.2,2.0,0.5851207900649738
1,4141,0.2,2.0,0.8203776683879315
1,4142,0.2,2.0,0.2993558988109199
1,4143,0.2,2.0,0.20067611833818128
1,4144,0.2,2.0,0.33778211134845293
1,4145,0.2,2.0,0.3985809616236438
1,4146,0.2,2.0,0.929609688501573
1,4147,0.2,2.0,0.4296464862471983
1,4148,0.2,2.0,0.6438386443501662
1,4149,0.2,2.0,0.4701682923952187
1,4150,0.2,2.0,0.08824433985069882
1,4151,0.2,2.0,0.17765554269717423
1,4152,0.2,2.0,0.696184284425082
1,4153,0.2,2.0,0.3200281446244967
1,4154,0.2,2.0,0.9664654943230803
1,4155,0.2,2.0,0.7493119359605878
1,4156,0.2,2.0,1.3317723993784394
1,4157,0.2,2.0,0.13857819699081358
1,4158,0.2,2.0,0.2735202964835083
1,4159,0.2,2.0,0.5976560745087593
1,4160,0.2,2.0,1.9435215300406228
1,4161,0.2,2.0,0.40439978907090607
1,4162,0.2,2.0,0.9888826721055404
1,4163,0.2,2.0,0.10101154965539018
1,4164,0.2,2.0,0.20507953293936876
1,4165,0.2,2.0,0.2526688252918395
1,4166,0.2,2.0,1.0053408663808874
1,4167,0.2,2.0,0.37703826442690264
1,4168,0.2,2.0,0.3989572881235156
1,4169,0.2,2.0,0.7721729400763603
1,4170,0.2,2.0,0.4026534449545809
1,4171,0.2,2.0,0.6971296861996439
1,4172,0.2,2.0,0.9415080668617511
1,4173,0.2,2.0,0.9591852146652243
1,4174,0.2,2.0,0.765747687646837
1,4175,0.2,2.0,0.6563407795327367
1,4176,0.2,2.0,0.7961738943434269
1,4177,0.2,2.0,1.0836856812634919
1,4178,0.2,2.0,0.6569739481483683
1,4179,0.2,2.0,0.7557827264314431
1,4180,0.2,2.0,0.5088302110165754
1,4181,0.2,2.0,0.5883703669557495
1,4182,0.2,2.0,0.568790093881026
1,4183,0.2,2.0,0.8300507082181308
1,4184,0.2,2.0,0.663119465488333
1,4185,0.2,2.0,0.5134421726459986
1,4186,0.2,2.0,0.839444777096919
1,4187,0.2,2.0,0.5685829397885993
1,4188,0.2,2.0,0.4834903732806395
1,4189,0.2,2.0,0.11602515102284704
1,4190,0.2,2.0,0.12322497704541832
1,4191,0.2,2.0,0.5931374831547785
1,4192,0.2,2.0,0.2341769402898511
1,4193,0.2,2.0,0.5283658450603946
1,4194,0.2,2.0,0.5343559494746942
1,4195,0.2,2.0,0.08042891475115979
1,4196,0.2,2.0,0.33633788139247867
1,4197,0.2,2.0,0.6526923318379443
1,4198,0.2,2.0,0.5218795759480209
1,4199,0.2,2.0,0.24608243497512844
1,4200,0.2,2.0,0.5768413897810853
1,4201,0.2,2.0,0.7276687606798348
1,4202,0.2,2.0,0.3761245142479789
1,4203,0.2,2.0,0.6223002346640593
1,4204,0.2,2.0,0.8707440814583775
1,4205,0.2,2.0,0.3638594551895708
1,4206,0.2,2.0,0.29854087435383675
1,4207,0.2,2.0,0.06754903257931244
1,4208,0.2,2.0,0.5202156267904485
1,4209,0.2,2.0,0.24035982105830306
1,4210,0.2,2.0,0.7594540880582401
1,4211,0.2,2.0,0.4699695348534433
1,4212,0.2,2.0,0.6002501942849068
1,4213,0.2,2.0,0.8818959312332006
1,4214,0.2,2.0,0.24467596447039483
1,4215,0.2,2.0,0.6825921647898192
1,4216,0.2,2.0,0.2886171273161848
1,4217,0.2,2.0,0.13272891493829084
1,4218,0.2,2.0,0.5174603500291148
1,4219,0.2,2.0,0.5932807881160563
1,4220,0.2,2.0,1.1984954771480938
1,4221,0.2,2.0,0.2498428644806243
1,4222,0.2,2.0,1.1556168202872672
1,4223,0.2,2.0,0.152987766774586
1,4224,0.2,2.0,0.9653037441475848
1,4225,0.2,2.0,0.8934644894355943
1,4226,0.2,2.0,0.377223598142458
1,4227,0.2,2.0,0.683442950644073
1,4228,0.2,2.0,0.4238264969887675
1,4229,0.2,2.0,0.4845710774071899
1,4230,0.2,2.0,1.114076052923835
1,4231,0.2,2.0,0.6176236430924779
1,4232,0.2,2.0,0.3840475165963789
1,4233,0.2,2.0,0.95328631903353
1,4234,0.2,2.0,0.3255339423944744
1,4235,0.2,2.0,0.7828110286050775
1,4236,0.2,2.0,0.49461241340943357
1,4237,0.2,2.0,1.0632170077297547
1,4238,0.2,2.0,0.568745498598196
1,4239,0.2,2.0,0.4575798544694738
1,4240,0.2,2.0,1.0704309022409817
1,4241,0.2,2.0,0.4074955629337591
1,4242,0.2,2.0,1.1820418093971023
1,4243,0.2,2.0,0.05083486494798968
1,4244,0.2,2.0,0.8197669173909109
1,4245,0.2,2.0,0.7615525255074851
1,4246,0.2,2.0,0.3646185967287569
1,4247,0.2,2.0,0.8481751204171454
1,4248,0.2,2.0,0.9595654649468323
1,4249,0.2,2.0,0.7488191320469402
1,4250,0.2,2.0,0.10640762309620184
1,4251,0.2,2.0,0.21596258174895339
1,4252,0.2,2.0,0.10708854085832462
1,4253,0.2,2.0,0.4060562920523611
1,4254,0.2,2.0,1.1582834718073607
1,4255,0.2,2.0,0.2999558451389823
1,4256,0.2,2.0,0.10015751317623893
1,4257,0.2,2.0,0.5108360340814064
1,4258,0.2,2.0,0.6632183961652233
1,4259,0.2,2.0,0.5049222337380495
1,4260,0.2,2.0,1.0190151747848661
1,4261,0.2,2.0,0.6150507320296508
1,4262,0.2,2.0,0.9690157030242476
1,4263,0.2,2.0,0.5324436763434942
1,4264,0.2,2.0,0.45105010679525437
1,4265,0.2,2.0,0.32817124214437715
1,4266,0.2,2.0,0.3473775436556979
1,4267,0.2,2.0,0.7822872880130453
1,4268,0.2,2.0,0.7334233358425032
1,4269,0.2,2.0,1.116009522204863
1,4270,0.2,2.0,0.5140026086980495
1,4271,0.2,2.0,0.1955462951736531
1,4272,0.2,2.0,0.23045559015480893
1,4273,0.2,2.0,0.3044550523193057
1,4274,0.2,2.0,0.7475903382750524
1,4275,0.2,2.0,1.0816518175343304
1,4276,0.2,2.0,0.5586922512573197
1,4277,0.2,2.0,0.17473159078115674
1,4278,0.2,2.0,0.6313057541187734
1,4279,0.2,2.0,1.3129501246134807
1,4280,0.2,2.0,1.0939301685255005
1,4281,0.2,2.0,1.148595395498341
1,4282,0.2,2.0,0.5378605540772097
1,4283,0.2,2.0,0.7913496267631006
1,4284,0.2,2.0,0.19497778430543578
1,4285,0.2,2.0,0.5886731450251218
1,4286,0.2,2.0,0.37775726196564646
1,4287,0.2,2.0,0.6312385804172093
1,4288,0.2,2.0,0.5164428618151976
1,4289,0.2,2.0,0.5163817410603445
1,4290,0.2,2.0,0.8403158248104227
1,4291,0.2,2.0,0.3751542362769727
1,4292,0.2,2.0,0.9912269780730826
1,4293,0.2,2.0,0.6660923780851518
1,4294,0.2,2.0,1.282593068657404
1,4295,0.2,2.0,0.6196575893118842
1,4296,0.2,2.0,0.9707124740728045
1,4297,0.2,2.0,0.228482148400016
1,4298,0.2,2.0,0.37675656527373413
1,4299,0.2,2.0,0.3292973166754258
1,4300,0.2,2.0,0.973952384092969
1,4301,0.2,2.0,0.9470526384540301
1,4302,0.2,2.0,0.5967219287356
1,4303,0.2,2.0,0.2882162680812116
1,4304,0.2,2.0,0.2928423371908146
1,4305,0.2,2.0,0.49822004404196546
1,4306,0.2,2.0,0.27939274297833705
1,4307,0.2,2.0,1.065069736760338
1,4308,0.2,2.0,0.41986471208228837
1,4309,0.2,2.0,0.21333320868294922
1,4310,0.2,2.0,0.9598662634157475
1,4311,0.2,2.0,0.1643112449162765
1,4312,0.2,2.0,0.1856868572551726
1,4313,0.2,2.0,1.10288591941933
1,4314,0.2,2.0,0.1286578252255192
1,4315,0.2,2.0,0.3027781911797616
1,4316,0.2,2.0,0.5633441180377305
1,4317,0.2,2.0,0.6184706765584165
1,4318,0.2,2.0,0.5124216487660901
1,4319,0.2,2.0,1.160934415832294
1,4320,0.2,2.0,0.2718349484720109
1,4321,0.2,2.0,0.9046410914459108
1,4322,0.2,2.0,0.8163138203442154
1,4323,0.2,2.0,0.33327957608972547
1,4324,0.2,2.0,0.4845461486735756
1,4325,0.2,2.0,0.8705252936647073
1,4326,0.2,2.0,0.5993948413733161
1,4327,0.2,2.0,0.23843206095028158
1,4328,0.2,2.0,1.1333966931017736
1,4329,0.2,2.0,0.21129055222103665
1,4330,0.2,2.0,0.36824876397545037
1,4331,0.2,2.0,0.4262303741940555
1,4332,0.2,2.0,0.5735693903587011
1,4333,0.2,2.0,0.6799215464115778
1,4334,0.2,2.0,0.9055168050900337
1,4335,0.2,2.0,0.37780925613869476
1,4336,0.2,2.0,0.8835971027574228
1,4337,0.2,2.0,0.276460560463014
1,4338,0.2,2.0,0.3183021323382281
1,4339,0.2,2.0,0.12840229624410798
1,4340,0.2,2.0,0.2208449546683517
1,4341,0.2,2.0,1.4348512525963038
1,4342,0.2,2.0,0.28097553612586584
1,4343,0.2,2.0,0.9288552758473917
1,4344,0.2,2.0,0.5762238367775528
1,4345,0.2,2.0,0.5393375623919148
1,4346,0.2,2.0,1.1895223404764879
1,4347,0.2,2.0,0.5398860469514243
1,4348,0.2,2.0,0.31451074417619357
1,4349,0.2,2.0,0.3687436075578131
1,4350,0.2,2.0,0.9244505877834431
1,4351,0.2,2.0,0.35540967662698536
1,4352,0.2,2.0,0.11178848809354425
1,4353,0.2,2.0,0.45227650334085023
1,4354,0.2,2.0,0.4564174594203537
1,4355,0.2,2.0,0.4043901471390932
1,4356,0.2,2.0,0.18102743217125536
1,4357,0.2,2.0,0.8488423634941803
1,4358,0.2,2.0,0.9306213526900899
1,4359,0.2,2.0,0.5191674244713311
1,4360,0.2,2.0,0.7777881752435853
1,4361,0.2,2.0,0.8629812383250232
1,4362,0.2,2.0,0.7672703418529139
1,4363,0.2,2.0,0.6784252709138455
1,4364,0.2,2.0,0.27355251538048286
1,4365,0.2,2.0,0.46636328060994164
1,4366,0.2,2.0,0.43619224529450307
1,4367,0.2,2.0,0.3940025251959007
1,4368,0.2,2.0,0.6279830936003183
1,4369,0.2,2.0,0.6640382532741351
1,4370,0.2,2.0,0.4915998086243389
1,4371,0.2,2.0,0.7216140173950084
1,4372,0.2,2.0,0.50137879235174
1,4373,0.2,2.0,0.2743605255556147
1,4374,0.2,2.0,0.7563464472411736
1,4375,0.2,2.0,0.6025948077858226
1,4376,0.2,2.0,0.43114080083350687
1,4377,0.2,2.0,0.3390796034153849
1,4378,0.2,2.0,0.11297673491758939
1,4379,0.2,2.0,0.9015846566044193
1,4380,0.2,2.0,0.8004511904005998
1,4381,0.2,2.0,0.3422699011181605
1,4382,0.2,2.0,0.31970021845279817
1,4383,0.2,2.0,1.4008612343292182
1,4384,0.2,2.0,0.3670976897072296
1,4385,0.2,2.0,0.5045739389882737
1,4386,0.2,2.0,0.7868598399804265
1,4387,0.2,2.0,0.4803530428525028
1,4388,0.2,2.0,0.1731020992633956
1,4389,0.2,2.0,1.3009064333090037
1,4390,0.2,2.0,0.8821711438628901
1,4391,0.2,2.0,0.2084803309719611
1,4392,0.2,2.0,0.5826503359442692
1,4393,0.2,2.0,0.8396937491284049
1,4394,0.2,2.0,0.40349909811061896
1,4395,0.2,2.0,0.8486642650491241
1,4396,0.2,2.0,1.0452309633016534
1,4397,0.2,2.0,0.400966228688647
1,4398,0.2,2.0,0.6097256670945611
1,4399,0.2,2.0,0.0693560728373128
1,4400,0.2,2.0,0.954311922720199
1,4401,0.2,2.0,0.1878911393682137
1,4402,0.2,2.0,0.4987222265409995
1,4403,0.2,2.0,0.5107084581633484
1,4404,0.2,2.0,0.6996490048691213
1,4405,0.2,2.0,0.2268412273414727
1,4406,0.2,2.0,0.308300858702219
1,4407,0.2,2.0,0.2556683239528688
1,4408,0.2,2.0,0.2729234298184191
1,4409,0.2,2.0,0.23011791742353854
1,4410,0.2,2.0,0.3445315969892263
1,4411,0.2,2.0,0.13378754574196064
1,4412,0.2,2.0,0.8114272319366169
1,4413,0.2,2.0,0.11342595312452476
1,4414,0.2,2.0,0.8615326178294559
1,4415,0.2,2.0,0.9023565325290576
1,4416,0.2,2.0,0.6949373484370569
1,4417,0.2,2.0,0.5876363054796919
1,4418,0.2,2.0,0.6042607229614366
1,4419,0.2,2.0,0.02806198880404014
1,4420,0.2,2.0,0.23028282076440795
1,4421,0.2,2.0,0.2874904739220777
1,4422,0.2,2.0,0.6631652387517729
1,4423,0.2,2.0,0.657272497733639
1,4424,0.2,2.0,0.3065968402885546
1,4425,0.2,2.0,0.8231782681140658
1,4426,0.2,2.0,0.6908419715277011
1,4427,0.2,2.0,0.9705503171587508
1,4428,0.2,2.0,0.5493840424743894
1,4429,0.2,2.0,0.4505893038275386
1,4430,0.2,2.0,0.10746823107493877
1,4431,0.2,2.0,0.32778580248634565
1,4432,0.2,2.0,0.3414785814286138
1,4433,0.2,2.0,0.7118329148702561
1,4434,0.2,2.0,0.8215806519560318
1,4435,0.2,2.0,0.3461056476880269
1,4436,0.2,2.0,0.8580948675389312
1,4437,0.2,2.0,0.48088810127270404
1,4438,0.2,2.0,0.18634027718410973
1,4439,0.2,2.0,0.33282523980746775
1,4440,0.2,2.0,0.6516651607421842
1,4441,0.2,2.0,0.16532187028961745
1,4442,0.2,2.0,0.8037092619248467
1,4443,0.2,2.0,0.7144585263905002
1,4444,0.2,2.0,0.6138736010481092
1,4445,0.2,2.0,0.8099149501317179
1,4446,0.2,2.0,0.5693551997954247
1,4447,0.2,2.0,0.6736332119296898
1,4448,0.2,2.0,0.3325877158657025
1,4449,0.2,2.0,0.4922247710581666
1,4450,0.2,2.0,1.348676923760263
1,4451,0.2,2.0,0.2756139201920403
1,4452,0.2,2.0,1.206126458653392
1,4453,0.2,2.0,0.0662479431255431
1,4454,0.2,2.0,0.5217804091131752
1,4455,0.2,2.0,0.8662703887822975
1,4456,0.2,2.0,0.2839600615229959
1,4457,0.2,2.0,0.28345151017097847
1,4458,0.2,2.0,0.6360201993155233
1,4459,0.2,2.0,0.40930821298257697
1,4460,0.2,2.0,0.2753235853939349
1,4461,0.2,2.0,0.6343503657726459
1,4462,0.2,2.0,0.6418946722539475
1,4463,0.2,2.0,0.7428777236614107
1,4464,0.2,2.0,0.208613756144206
1,4465,0.2,2.0,0.19312598585583302
1,4466,0.2,2.0,0.33129539208856534
1,4467,0.2,2.0,0.7097775193388013
1,4468,0.2,2.0,0.8811936943134727
1,4469,0.2,2.0,0.432124143793343
1,4470,0.2,2.0,0.22641370980839262
1,4471,0.2,2.0,0.8532378354558566
1,4472,0.2,2.0,0.1397896474012208
1,4473,0.2,2.0,0.9870930684430215
1,4474,0.2,2.0,0.5285542426506675
1,4475,0.2,2.0,0.6362502443662356
1,4476,0.2,2.0,0.6403152538602948
1,4477,0.2,2.0,0.4670453456918684
1,4478,0.2,2.0,0.22681057474677005
1,4479,0.2,2.0,0.2380458647555875
1,4480,0.2,2.0,0.9220357765267864
1,4481,0.2,2.0,0.5784181009955032
1,4482,0.2,2.0,0.31489656169219765
1,4483,0.2,2.0,0.7119316373316323
1,4484,0.2,2.0,0.6068466055593431
1,4485,0.2,2.0,0.20349602737922887
1,4486,0.2,2.0,0.6790166456251717
1,4487,0.2,2.0,0.9400978662727583
1,4488,0.2,2.0,0.3704603027385616
1,4489,0.2,2.0,1.162848253909669
1,4490,0.2,2.0,0.40380808114267974
1,4491,0.2,2.0,1.134294092149634
1,4492,0.2,2.0,0.5267840677319637
1,4493,0.2,2.0,0.6854052396440174
1,4494,0.2,2.0,0.3719389673763779
1,4495,0.2,2.0,0.8456725753985682
1,4496,0.2,2.0,0.38520420181247433
1,4497,0.2,2.0,0.25373219537242975
1,4498,0.2,2.0,0.40265980394835715
1,4499,0.2,2.0,0.3376816668813665
1,4500,0.2,2.0,0.3228379440943361
1,4501,0.2,2.0,0.3839519320012926
1,4502,0.2,2.0,0.6155331781597849
1,4503,0.2,2.0,0.21292856548141634
1,4504,0.2,2.0,0.6693159777272392
1,4505,0.2,2.0,0.4732090117067359
1,4506,0.2,2.0,0.4909434266817402
1,4507,0.2,2.0,0.23542526777138928
1,4508,0.2,2.0,0.22897427980399454
1,4509,0.2,2.0,0.9137730912720096
1,4510,0.2,2.0,0.4952186146023594
1,4511,0.2,2.0,0.5359456936120959
1,4512,0.2,2.0,0.503070833987137
1,4513,0.2,2.0,0.7052422835983586
1,4514,0.2,2.0,0.2833764719626899
1,4515,0.2,2.0,0.7577803100202003
1,4516,0.2,2.0,0.8434570051840212
1,4517,0.2,2.0,0.8796398135987026
1,4518,0.2,2.0,0.21535246171076736
1,4519,0.2,2.0,0.4325628590481728
1,4520,0.2,2.0,0.6010831370036541
1,4521,0.2,2.0,0.7149024180236841
1,4522,0.2,2.0,0.3614217377887358
1,4523,0.2,2.0,0.2566955893757778
1,4524,0.2,2.0,0.3304616769584919
1,4525,0.2,2.0,0.4851129640209972
1,4526,0.2,2.0,0.5104882548452263
1,4527,0.2,2.0,0.06006994375937013
1,4528,0.2,2.0,0.4578535972253528
1,4529,0.2,2.0,1.0196551998852397
1,4530,0.2,2.0,0.5885902039660289
1,4531,0.2,2.0,0.1362300855283277
1,4532,0.2,2.0,0.9773366747441249
1,4533,0.2,2.0,0.27892913392413254
1,4534,0.2,2.0,0.2745117563884979
1,4535,0.2,2.0,1.3904047414748175
1,4536,0.2,2.0,0.8817172470172324
1,4537,0.2,2.0,0.8029643289131467
1,4538,0.2,2.0,0.17411514384247803
1,4539,0.2,2.0,0.6561109878265098
1,4540,0.2,2.0,0.8822622284779614
1,4541,0.2,2.0,0.7256432218317158
1,4542,0.2,2.0,1.279242893275101
1,4543,0.2,2.0,0.8119356788337878
1,4544,0.2,2.0,1.1087715503276574
1,4545,0.2,2.0,0.8987774335373291
1,4546,0.2,2.0,0.5303660434707517
1,4547,0.2,2.0,0.1966090524324524
1,4548,0.2,2.0,0.4084739030576078
1,4549,0.2,2.0,0.9178872908032586
1,4550,0.2,2.0,0.366284135537331
1,4551,0.2,2.0,0.25332440199597994
1,4552,0.2,2.0,0.06528414319562265
1,4553,0.2,2.0,0.1122588844860113
1,4554,0.2,2.0,0.5008448943718126
1,4555,0.2,2.0,0.6173249867437277
1,4556,0.2,2.0,0.2968499889109027
1,4557,0.2,2.0,0.03784300488882001
1,4558,0.2,2.0,0.3511557197378577
1,4559,0.2,2.0,0.14983008570098016
1,4560,0.2,2.0,0.4524064828662639
1,4561,0.2,2.0,0.5414075992745866
1,4562,0.2,2.0,0.5886698548283992
1,4563,0.2,2.0,0.4792242869512529
1,4564,0.2,2.0,0.11548645649048891
1,4565,0.2,2.0,0.9757828547476037
1,4566,0.2,2.0,0.9343407339662747
1,4567,0.2,2.0,0.8167631620762791
1,4568,0.2,2.0,0.22631783523922905
1,4569,0.2,2.0,0.38099358542550427
1,4570,0.2,2.0,0.8940620609212399
1,4571,0.2,2.0,0.6490347078960311
1,4572,0.2,2.0,0.7294117259015999
1,4573,0.2,2.0,0.475701094620929
1,4574,0.2,2.0,0.688300951815561
1,4575,0.2,2.0,0.9736862371303622
1,4576,0.2,2.0,0.352213074571315
1,4577,0.2,2.0,0.5610343505041265
1,4578,0.2,2.0,0.7932986679619741
1,4579,0.2,2.0,0.44796805007378093
1,4580,0.2,2.0,0.4848379797784655
1,4581,0.2,2.0,0.936225642175083
1,4582,0.2,2.0,0.6073436105327054
1,4583,0.2,2.0,0.46861914854911874
1,4584,0.2,2.0,0.8572730281538703
1,4585,0.2,2.0,0.4905979723309628
1,4586,0.2,2.0,0.5136408090530483
1,4587,0.2,2.0,1.4108519162281246
1,4588,0.2,2.0,0.5382551197445918
1,4589,0.2,2.0,0.3391096545379571
1,4590,0.2,2.0,0.6807953446522311
1,4591,0.2,2.0,0.5162889009077678
1,4592,0.2,2.0,0.12753316639054674
1,4593,0.2,2.0,0.6006155978483703
1,4594,0.2,2.0,0.6379823252365383
1,4595,0.2,2.0,0.9791779914402875
1,4596,0.2,2.0,0.7486876086217654
1,4597,0.2,2.0,0.19033006661589985
1,4598,0.2,2.0,0.27868198929449034
1,4599,0.2,2.0,0.1390751151263709
1,4600,0.2,2.0,0.6303759454729535
1,4601,0.2,2.0,0.38787118099746715
1,4602,0.2,2.0,0.3487765999532463
1,4603,0.2,2.0,0.5400099027228206
1,4604,0.2,2.0,0.6295002950390408
1,4605,0.2,2.0,0.7482988576414015
1,4606,0.2,2.0,0.8158800864998517
1,4607,0.2,2.0,0.4402924642032678
1,4608,0.2,2.0,0.9232248429893866
1,4609,0.2,2.0,0.71770532763155
1,4610,0.2,2.0,0.36799410103819313
1,4611,0.2,2.0,0.4676126844481236
1,4612,0.2,2.0,0.3083371965331253
1,4613,0.2,2.0,0.30805487840061635
1,4614,0.2,2.0,0.3879800045647712
1,4615,0.2,2.0,0.46400773579568094
1,4616,0.2,2.0,0.3978550004327348
1,4617,0.2,2.0,1.5368367431017458
1,4618,0.2,2.0,0.24879740336601994
1,4619,0.2,2.0,0.5415078112157949
1,4620,0.2,2.0,0.5374755383663554
1,4621,0.2,2.0,0.4469444141346564
1,4622,0.2,2.0,1.0329558984896694
1,4623,0.2,2.0,0.18223418404458594
1,4624,0.2,2.0,0.24901964264776186
1,4625,0.2,2.0,0.5578602510946946
1,4626,0.2,2.0,0.21606189692040337
1,4627,0.2,2.0,0.2915005066854316
1,4628,0.2,2.0,0.7204087527524512
1,4629,0.2,2.0,0.24321953020903928
1,4630,0.2,2.0,0.3481269374864802
1,4631,0.2,2.0,0.5421195773776218
1,4632,0.2,2.0,0.8059859072371965
1,4633,0.2,2.0,0.97766782234042
1,4634,0.2,2.0,0.6218318774204225
1,4635,0.2,2.0,0.6524727785091482
1,4636,0.2,2.0,0.6382775443186897
1,4637,0.2,2.0,0.3130354570647029
1,4638,0.2,2.0,0.7083469686682003
1,4639,0.2,2.0,0.34970496371115284
1,4640,0.2,2.0,0.05731938109477869
1,4641,0.2,2.0,0.13210871092190626
1,4642,0.2,2.0,0.8878668921021774
1,4643,0.2,2.0,0.5247778751201438
1,4644,0.2,2.0,0.33271147947225954
1,4645,0.2,2.0,0.479426228927463
1,4646,0.2,2.0,0.4783693036515367
1,4647,0.2,2.0,0.02791893801077562
1,4648,0.2,2.0,0.6812989763185817
1,4649,0.2,2.0,1.330714718931123
1,4650,0.2,2.0,0.23899886588585792
1,4651,0.2,2.0,0.9161363278471053
1,4652,0.2,2.0,0.19800665129904743
1,4653,0.2,2.0,0.2565879021802244
1,4654,0.2,2.0,0.17692091565062015
1,4655,0.2,2.0,0.3852694895497508
1,4656,0.2,2.0,0.3834149273998257
1,4657,0.2,2.0,0.6415777826779915
1,4658,0.2,2.0,0.5287216258012742
1,4659,0.2,2.0,0.01849281955393625
1,4660,0.2,2.0,0.3862467313406034
1,4661,0.2,2.0,0.4539355063994609
1,4662,0.2,2.0,0.4775206399349903
1,4663,0.2,2.0,0.94084312457014
1,4664,0.2,2.0,0.8154803789472519
1,4665,0.2,2.0,0.5400408794639463
1,4666,0.2,2.0,0.21911876011585413
1,4667,0.2,2.0,0.16874940121252524
1,4668,0.2,2.0,1.2626208277280893
1,4669,0.2,2.0,0.9140983759924927
1,4670,0.2,2.0,0.4767668429094045
1,4671,0.2,2.0,0.3667576131649373
1,4672,0.2,2.0,0.30493950893212307
1,4673,0.2,2.0,0.2093551433061584
1,4674,0.2,2.0,1.0455267383352236
1,4675,0.2,2.0,0.4260124377370604
1,4676,0.2,2.0,0.38690311044039705
1,4677,0.2,2.0,0.5474789878750401
1,4678,0.2,2.0,0.36605608575269327
1,4679,0.2,2.0,0.019134096186913772
1,4680,0.2,2.0,0.44777411580586646
1,4681,0.2,2.0,1.2276266283081667
1,4682,0.2,2.0,0.5185704266694219
1,4683,0.2,2.0,0.6077550656493153
1,4684,0.2,2.0,0.7181502881478226
1,4685,0.2,2.0,0.3164718892333327
1,4686,0.2,2.0,1.13774079461061
1,4687,0.2,2.0,0.5155201609625412
1,4688,0.2,2.0,1.0940328236678631
1,4689,0.2,2.0,0.3115054237719696
1,4690,0.2,2.0,0.35743863575073226
1,4691,0.2,2.0,0.6421275793736727
1,4692,0.2,2.0,0.6754304885175337
1,4693,0.2,2.0,0.5765274694807986
1,4694,0.2,2.0,0.3098868319596977
1,4695,0.2,2.0,0.6129264911284171
1,4696,0.2,2.0,0.5968112340367787
1,4697,0.2,2.0,0.8206348877975075
1,4698,0.2,2.0,0.41344946976602936
1,4699,0.2,2.0,0.19101128546818694
1,4700,0.2,2.0,1.016936688068814
1,4701,0.2,2.0,0.26674049863042637
1,4702,0.2,2.0,0.660238202004426
1,4703,0.2,2.0,0.6741199988974652
1,4704,0.2,2.0,0.5601658055203036
1,4705,0.2,2.0,0.6614697471155768
1,4706,0.2,2.0,0.5286632706115014
1,4707,0.2,2.0,0.5506681993338409
1,4708,0.2,2.0,0.7210364343065463
1,4709,0.2,2.0,0.21698612645071452
1,4710,0.2,2.0,1.4455454102233474
1,4711,0.2,2.0,0.8609601778316117
1,4712,0.2,2.0,0.3258556982078754
1,4713,0.2,2.0,0.6683275828540906
1,4714,0.2,2.0,0.8791280851132178
1,4715,0.2,2.0,0.5253481130011893
1,4716,0.2,2.0,0.20815550820900572
1,4717,0.2,2.0,0.8479128313651602
1,4718,0.2,2.0,0.6976205323977958
1,4719,0.2,2.0,0.8033197863529057
1,4720,0.2,2.0,0.7522138916415263
1,4721,0.2,2.0,0.6569285511648452
1,4722,0.2,2.0,0.46469378918640536
1,4723,0.2,2.0,0.49126169944902803
1,4724,0.2,2.0,0.27240571448750983
1,4725,0.2,2.0,0.4401978591867223
1,4726,0.2,2.0,0.3890648530428455
1,4727,0.2,2.0,0.13036522318754684
1,4728,0.2,2.0,0.269510081814582
1,4729,0.2,2.0,0.4175285295987318
1,4730,0.2,2.0,0.30289582822860195
1,4731,0.2,2.0,0.618312076888632
1,4732,0.2,2.0,0.47779875812846023
1,4733,0.2,2.0,0.37053159407492847
1,4734,0.2,2.0,0.4341112817384114
1,4735,0.2,2.0,0.29835382961929396
1,4736,0.2,2.0,0.6915310776861413
1,4737,0.2,2.0,0.5784104141958419
1,4738,0.2,2.0,0.5791805402913152
1,4739,0.2,2.0,0.5193062860635255
1,4740,0.2,2.0,0.5393801523485613
1,4741,0.2,2.0,0.4638853973933313
1,4742,0.2,2.0,0.22878639103923257
1,4743,0.2,2.0,1.0659417423582058
1,4744,0.2,2.0,1.023972161454656
1,4745,0.2,2.0,0.8564461712560637
1,4746,0.2,2.0,0.8477001804672658
1,4747,0.2,2.0,0.7182496253796762
1,4748,0.2,2.0,0.6890658472134903
1,4749,0.2,2.0,1.0630409364542137
1,4750,0.2,2.0,0.6177784689683367
1,4751,0.2,2.0,1.264245709499981
1,4752,0.2,2.0,0.5314396298248957
1,4753,0.2,2.0,0.9363525962675
1,4754,0.2,2.0,1.211418707358139
1,4755,0.2,2.0,0.23612976330518398
1,4756,0.2,2.0,0.3191607719792879
1,4757,0.2,2.0,0.5008469729662676
1,4758,0.2,2.0,0.6380769000166361
1,4759,0.2,2.0,0.7730760798446717
1,4760,0.2,2.0,0.6064273916843705
1,4761,0.2,2.0,0.47551234613461024
1,4762,0.2,2.0,1.1352998069468139
1,4763,0.2,2.0,0.40289332355954677
1,4764,0.2,2.0,0.4676485241928959
1,4765,0.2,2.0,0.4256817581021267
1,4766,0.2,2.0,0.5390518925079336
1,4767,0.2,2.0,0.2589662018045723
1,4768,0.2,2.0,0.9915585097515652
1,4769,0.2,2.0,1.341778757030355
1,4770,0.2,2.0,0.3689648038429554
1,4771,0.2,2.0,0.17378500048702308
1,4772,0.2,2.0,0.7997415359366177
1,4773,0.2,2.0,0.43618152409658895
1,4774,0.2,2.0,1.0046969921345827
1,4775,0.2,2.0,0.7977645834271445
1,4776,0.2,2.0,0.979039208492243
1,4777,0.2,2.0,0.46620100304453327
1,4778,0.2,2.0,1.0881338148453619
1,4779,0.2,2.0,0.2631402323483592
1,4780,0.2,2.0,1.0915931247965711
1,4781,0.2,2.0,0.43831461477050676
1,4782,0.2,2.0,0.6394706799287875
1,4783,0.2,2.0,0.3336850138853088
1,4784,0.2,2.0,0.7289014648761408
1,4785,0.2,2.0,0.6882497679572807
1,4786,0.2,2.0,0.508395699656162
1,4787,0.2,2.0,0.9788300724284423
1,4788,0.2,2.0,1.2200603140124713
1,4789,0.2,2.0,0.6765770705624731
1,4790,0.2,2.0,0.09122528673464689
1,4791,0.2,2.0,0.9311336304506903
1,4792,0.2,2.0,1.0119879564229344
1,4793,0.2,2.0,0.14565847024869566
1,4794,0.2,2.0,0.35445742684552023
1,4795,0.2,2.0,0.2602164898028057
1,4796,0.2,2.0,0.7482922935172462
1,4797,0.2,2.0,0.5786583749254542
1,4798,0.2,2.0,0.3372997973007589
1,4799,0.2,2.0,0.27214417762605553
1,4800,0.2,2.0,0.28261513448031006
1,4801,0.2,2.0,0.877320528430942
1,4802,0.2,2.0,0.4784914725650931
1,4803,0.2,2.0,0.6377670387931067
1,4804,0.2,2.0,0.8131464901185643
1,4805,0.2,2.0,0.4632773611624105
1,4806,0.2,2.0,0.8026852911111428
1,4807,0.2,2.0,0.8122820007165059
1,4808,0.2,2.0,0.8922143035276879
1,4809,0.2,2.0,0.6260895137370375
1,4810,0.2,2.0,0.21811780670426203
1,4811,0.2,2.0,0.19354709819506935
1,4812,0.2,2.0,0.5926790967339893
1,4813,0.2,2.0,0.6265657768528818
1,4814,0.2,2.0,0.7712491191970484
1,4815,0.2,2.0,0.5870531874964371
1,4816,0.2,2.0,0.35441129666156757
1,4817,0.2,2.0,1.0420867891246324
1,4818,0.2,2.0,0.3683109400396834
1,4819,0.2,2.0,0.9815210654555488
1,4820,0.2,2.0,0.142440656728423
1,4821,0.2,2.0,0.21505560100567017
1,4822,0.2,2.0,0.5087817486410836
1,4823,0.2,2.0,0.5102875281897463
1,4824,0.2,2.0,0.7249982609475373
1,4825,0.2,2.0,0.6491490738085423
1,4826,0.2,2.0,0.45759681025570387
1,4827,0.2,2.0,0.8829209755446304
1,4828,0.2,2.0,0.67285056157887
1,4829,0.2,2.0,0.9235682473229135
1,4830,0.2,2.0,0.6638987962400609
1,4831,0.2,2.0,0.4344931485921995
1,4832,0.2,2.0,0.772124700536192
1,4833,0.2,2.0,0.3768276336190395
1,4834,0.2,2.0,0.7911082232763884
1,4835,0.2,2.0,0.7244356310973594
1,4836,0.2,2.0,0.1133484154292174
1,4837,0.2,2.0,0.6719276877840422
1,4838,0.2,2.0,0.6185647663219658
1,4839,0.2,2.0,0.6745902898678013
1,4840,0.2,2.0,0.0590917512638812
1,4841,0.2,2.0,0.5243164951188438
1,4842,0.2,2.0,0.5358247001153318
1,4843,0.2,2.0,0.5881547658505847
1,4844,0.2,2.0,0.8482595948793935
1,4845,0.2,2.0,0.2807408352522527
1,4846,0.2,2.0,0.284799617185365
1,4847,0.2,2.0,0.7589908454527737
1,4848,0.2,2.0,0.15915155330742667
1,4849,0.2,2.0,0.6838278858861443
1,4850,0.2,2.0,0.4498346321877698
1,4851,0.2,2.0,1.0624990486235757
1,4852,0.2,2.0,0.20566143736795983
1,4853,0.2,2.0,0.14899450315516
1,4854,0.2,2.0,0.21613283795430732
1,4855,0.2,2.0,0.857381032036477
1,4856,0.2,2.0,0.9923513016618221
1,4857,0.2,2.0,0.5084348795179994
1,4858,0.2,2.0,0.5990161330409325
1,4859,0.2,2.0,0.46231687931472304
1,4860,0.2,2.0,0.2747925352643839
1,4861,0.2,2.0,0.3465455590214253
1,4862,0.2,2.0,0.7802229089318591
1,4863,0.2,2.0,0.5054960437376589
1,4864,0.2,2.0,0.7292906195239315
1,4865,0.2,2.0,1.0140999744032138
1,4866,0.2,2.0,0.5824431662496691
1,4867,0.2,2.0,0.3749736287841211
1,4868,0.2,2.0,0.8565966848376076
1,4869,0.2,2.0,0.9193521790954504
1,4870,0.2,2.0,0.4642985445382006
1,4871,0.2,2.0,0.9026432249539377
1,4872,0.2,2.0,0.5655818115479542
1,4873,0.2,2.0,0.027427443203541433
1,4874,0.2,2.0,0.4326818407880213
1,4875,0.2,2.0,0.48690689455493685
1,4876,0.2,2.0,0.8506369836033664
1,4877,0.2,2.0,0.5508471161309012
1,4878,0.2,2.0,0.08116706209513437
1,4879,0.2,2.0,0.2684303560983229
1,4880,0.2,2.0,0.7127445323610934
1,4881,0.2,2.0,0.45152515873341514
1,4882,0.2,2.0,0.7671553208768292
1,4883,0.2,2.0,0.8943974819793049
1,4884,0.2,2.0,0.5434032291860087
1,4885,0.2,2.0,1.0037753852432962
1,4886,0.2,2.0,0.6351374145163852
1,4887,0.2,2.0,0.7154328127709707
1,4888,0.2,2.0,0.8554548433652674
1,4889,0.2,2.0,0.6053327712331076
1,4890,0.2,2.0,0.5314063056615004
1,4891,0.2,2.0,0.6624833802053858
1,4892,0.2,2.0,0.6054965425721696
1,4893,0.2,2.0,0.9048462326967533
1,4894,0.2,2.0,0.6138462248582016
1,4895,0.2,2.0,0.29302047283931687
1,4896,0.2,2.0,0.6509564918532784
1,4897,0.2,2.0,0.7700085503043717
1,4898,0.2,2.0,0.4225112074276955
1,4899,0.2,2.0,0.7306618908621818
1,4900,0.2,2.0,0.774888515879433
1,4901,0.2,2.0,0.23688313314487452
1,4902,0.2,2.0,0.7285022048500445
1,4903,0.2,2.0,0.3549347675625503
1,4904,0.2,2.0,0.787359645434867
1,4905,0.2,2.0,0.6072976583633991
1,4906,0.2,2.0,0.38432182922162816
1,4907,0.2,2.0,0.6684567544329029
1,4908,0.2,2.0,0.9998465967126011
1,4909,0.2,2.0,0.1359639206460092
1,4910,0.2,2.0,0.5545090764749191
1,4911,0.2,2.0,0.6634010445867412
1,4912,0.2,2.0,0.7077629422068311
1,4913,0.2,2.0,0.15146865851540803
1,4914,0.2,2.0,0.5222394004391127
1,4915,0.2,2.0,0.9778135006235554
1,4916,0.2,2.0,0.28262257467030855
1,4917,0.2,2.0,0.7120212828761714
1,4918,0.2,2.0,0.8019848833370188
1,4919,0.2,2.0,0.4889146082464601
1,4920,0.2,2.0,0.562026892873722
1,4921,0.2,2.0,0.1448719047285993
1,4922,0.2,2.0,0.06470573725885183
1,4923,0.2,2.0,0.5789187252901333
1,4924,0.2,2.0,0.4368883555631457
1,4925,0.2,2.0,0.15094185935236187
1,4926,0.2,2.0,0.29618693372559535
1,4927,0.2,2.0,0.5527970466573733
1,4928,0.2,2.0,0.36585367655818096
1,4929,0.2,2.0,0.1320306628605594
1,4930,0.2,2.0,1.0105790282199245
1,4931,0.2,2.0,0.49446343245338403
1,4932,0.2,2.0,0.2974940246846952
1,4933,0.2,2.0,0.5563231662383978
1,4934,0.2,2.0,0.669691330014214
1,4935,0.2,2.0,0.2301310112602709
1,4936,0.2,2.0,0.39159961939708393
1,4937,0.2,2.0,0.6957699588370234
1,4938,0.2,2.0,0.3318088123719406
1,4939,0.2,2.0,0.45057736802665294
1,4940,0.2,2.0,0.9130227025054676
1,4941,0.2,2.0,0.4955167546798629
1,4942,0.2,2.0,0.9389646550468245
1,4943,0.2,2.0,0.1790476250650778
1,4944,0.2,2.0,0.6841659403387012
1,4945,0.2,2.0,0.9553542381888793
1,4946,0.2,2.0,0.2955618398973537
1,4947,0.2,2.0,0.16896050518921427
1,4948,0.2,2.0,0.635003268237199
1,4949,0.2,2.0,0.465723041741062
1,4950,0.2,2.0,0.9046226710746349
1,4951,0.2,2.0,0.49701323497833555
1,4952,0.2,2.0,1.5015596775324995
1,4953,0.2,2.0,0.5067734803884186
1,4954,0.2,2.0,0.04380604059044613
1,4955,0.2,2.0,0.5127067892889441
1,4956,0.2,2.0,0.4612887446937687
1,4957,0.2,2.0,0.35378276033110956
1,4958,0.2,2.0,0.5107238700089602
1,4959,0.2,2.0,0.7036012107899597
1,4960,0.2,2.0,0.8311301743090993
1,4961,0.2,2.0,0.503524563778286
1,4962,0.2,2.0,0.7905675751379138
1,4963,0.2,2.0,0.5995841118978631
1,4964,0.2,2.0,0.21105551839926392
1,4965,0.2,2.0,0.6663841627909359
1,4966,0.2,2.0,0.43604237294186077
1,4967,0.2,2.0,0.6299182005243525
1,4968,0.2,2.0,0.4376511943228263
1,4969,0.2,2.0,0.9058150872633953
1,4970,0.2,2.0,0.12360743600174841
1,4971,0.2,2.0,0.5070659978201099
1,4972,0.2,2.0,0.3232893152695124
1,4973,0.2,2.0,0.684123048409834
1,4974,0.2,2.0,0.05360272289724346
1,4975,0.2,2.0,1.3201382695230193
1,4976,0.2,2.0,0.29012865856977055
1,4977,0.2,2.0,0.8555306372644119
1,4978,0.2,2.0,0.7003164707714682
1,4979,0.2,2.0,0.6533698748671468
1,4980,0.2,2.0,1.1983561414778845
1,4981,0.2,2.0,0.3764742539443403
1,4982,0.2,2.0,0.32181796261385653
1,4983,0.2,2.0,0.32539967992706237
1,4984,0.2,2.0,0.6700201521879376
1,4985,0.2,2.0,0.5502933602971735
1,4986,0.2,2.0,0.41466160034472466
1,4987,0.2,2.0,0.3265977742000369
1,4988,0.2,2.0,0.2215029739568266
1,4989,0.2,2.0,0.9799365544651926
1,4990,0.2,2.0,0.809298281564711
1,4991,0.2,2.0,0.6260765481759035
1,4992,0.2,2.0,0.7682688607821414
1,4993,0.2,2.0,0.24388128717861995
1,4994,0.2,2.0,0.566149531136724
1,4995,0.2,2.0,0.5713073704069775
1,4996,0.2,2.0,0.32176544825723075
1,4997,0.2,2.0,0.4240024613589586
1,4998,0.2,2.0,0.6012126338485122
1,4999,0.2,2.0,0.27231952381638214
1,5000,0.2,2.0,0.46986951555117684
1,5001,0.2,2.0,0.5419202364213891
1,5002,0.2,2.0,0.4388427680571458
1,5003,0.2,2.0,0.8515310832707066
1,5004,0.2,2.0,0.22597487286246576
1,5005,0.2,2.0,0.6909053078637535
1,5006,0.2,2.0,0.6398548831422515
1,5007,0.2,2.0,0.7598027049558959
1,5008,0.2,2.0,0.38112833233535137
1,5009,0.2,2.0,0.8284963948164459
1,5010,0.2,2.0,0.2882268949079045
1,5011,0.2,2.0,0.48842341998286015
1,5012,0.2,2.0,0.19647533075108808
1,5013,0.2,2.0,0.8234223025007699
1,5014,0.2,2.0,0.4909106267016843
1,5015,0.2,2.0,0.8070643964240913
1,5016,0.2,2.0,0.6846222298572917
1,5017,0.2,2.0,0.6820674387169537
1,5018,0.2,2.0,0.80147297252464
1,5019,0.2,2.0,0.4235412235067308
1,5020,0.2,2.0,1.0398853021591912
1,5021,0.2,2.0,0.3279208722138574
1,5022,0.2,2.0,0.5242343526900624
1,5023,0.2,2.0,0.10536775398526885
1,5024,0.2,2.0,0.5341903181624308
1,5025,0.2,2.0,0.2163410120729982
1,5026,0.2,2.0,0.3192672295892658
1,5027,0.2,2.0,0.521660101162415
1,5028,0.2,2.0,0.7105420675899659
1,5029,0.2,2.0,0.38560330405296234
1,5030,0.2,2.0,0.3481418345777136
1,5031,0.2,2.0,0.2561358349694195
1,5032,0.2,2.0,0.23214777977605017
1,5033,0.2,2.0,0.2652747262689387
1,5034,0.2,2.0,1.4283032095543513
1,5035,0.2,2.0,1.1144860099678389
1,5036,0.2,2.0,0.3545231416398987
1,5037,0.2,2.0,0.6161545583860651
1,5038,0.2,2.0,0.19146392614236213
1,5039,0.2,2.0,0.625740643882648
1,5040,0.2,2.0,0.27396604502337285
1,5041,0.2,2.0,0.6656561759548495
1,5042,0.2,2.0,1.178822834909312
1,5043,0.2,2.0,0.7105357562694599
1,5044,0.2,2.0,0.9655574479874472
1,5045,0.2,2.0,0.3902797045989191
1,5046,0.2,2.0,0.6587165799391086
1,5047,0.2,2.0,1.1268419630824116
1,5048,0.2,2.0,0.18910948889625856
1,5049,0.2,2.0,0.11833297792309479
1,5050,0.2,2.0,0.5477216476962292
1,5051,0.2,2.0,0.4766451396635261
1,5052,0.2,2.0,1.0792375625052053
1,5053,0.2,2.0,0.44040496606525326
1,5054,0.2,2.0,0.3943506121370908
1,5055,0.2,2.0,0.5111036767912905
1,5056,0.2,2.0,0.1413260821347152
1,5057,0.2,2.0,0.7220566667969867
1,5058,0.2,2.0,0.35788028596916527
1,5059,0.2,2.0,0.4624612888517848
1,5060,0.2,2.0,0.17284277133969184
1,5061,0.2,2.0,0.5817339793987266
1,5062,0.2,2.0,0.6521424308546087
1,5063,0.2,2.0,0.6640670324624716
1,5064,0.2,2.0,0.055255942545420565
1,5065,0.2,2.0,0.7525708151494115
1,5066,0.2,2.0,0.2063762737698528
1,5067,0.2,2.0,0.43146036032742624
1,5068,0.2,2.0,0.04932039503008294
1,5069,0.2,2.0,0.6312730690413799
1,5070,0.2,2.0,0.3073739619471179
1,5071,0.2,2.0,0.4818817378602326
1,5072,0.2,2.0,0.6042025197128544
1,5073,0.2,2.0,0.3872326964545367
1,5074,0.2,2.0,0.6423271196502273
1,5075,0.2,2.0,0.4180154706059851
1,5076,0.2,2.0,0.45870856899356865
1,5077,0.2,2.0,0.5980213194103768
1,5078,0.2,2.0,1.0481557802342922
1,5079,0.2,2.0,0.47677544395787236
1,5080,0.2,2.0,0.5938244101948436
1,5081,0.2,2.0,0.29088373930259215
1,5082,0.2,2.0,0.4779871153961512
1,5083,0.2,2.0,0.14255648184000475
1,5084,0.2,2.0,0.6068942941840576
1,5085,0.2,2.0,0.4254203301835203
1,5086,0.2,2.0,0.206982478656944
1,5087,0.2,2.0,0.32261582340682765
1,5088,0.2,2.0,0.5158578212686095
1,5089,0.2,2.0,0.46299839949167043
1,5090,0.2,2.0,0.360518689620765
1,5091,0.2,2.0,1.3482673718279985
1,5092,0.2,2.0,0.7733862979921973
1,5093,0.2,2.0,0.24084049137147912
1,5094,0.2,2.0,0.7980428326228906
1,5095,0.2,2.0,0.7700250241706142
1,5096,0.2,2.0,0.6907507241455747
1,5097,0.2,2.0,0.24462211794782487
1,5098,0.2,2.0,0.811044146397468
1,5099,0.2,2.0,0.3163655973981281
1,5100,0.2,2.0,0.637152367520127
1,5101,0.2,2.0,0.43481564459863625
1,5102,0.2,2.0,0.515842380542152
1,5103,0.2,2.0,0.8998171977179175
1,5104,0.2,2.0,0.11556446803438851
1,5105,0.2,2.0,0.7703393950917814
1,5106,0.2,2.0,0.4519432878776834
1,5107,0.2,2.0,0.536326059538208
1,5108,0.2,2.0,0.5187952374102728
1,5109,0.2,2.0,0.578620676298395
1,5110,0.2,2.0,0.33259280667349567
1,5111,0.2,2.0,0.5704654510846421
1,5112,0.2,2.0,0.8534983631549841
1,5113,0.2,2.0,0.7323448349659126
1,5114,0.2,2.0,0.9486066564863784
1,5115,0.2,2.0,0.7080677135090888
1,5116,0.2,2.0,0.748777247541456
1,5117,0.2,2.0,0.5944801826960983
1,5118,0.2,2.0,0.18784154124474836
1,5119,0.2,2.0,1.4530164743438163
1,5120,0.2,2.0,0.12043100736593942
1,5121,0.2,2.0,0.833549140399276
1,5122,0.2,2.0,1.0710094323447894
1,5123,0.2,2.0,0.4129786620282374
1,5124,0.2,2.0,0.9567695404933373
1,5125,0.2,2.0,1.492031494417974
1,5126,0.2,2.0,0.24741317505665497
1,5127,0.2,2.0,0.5180912857183014
1,5128,0.2,2.0,0.6358040499472896
1,5129,0.2,2.0,0.48010992009917225
1,5130,0.2,2.0,0.6563906936137334
1,5131,0.2,2.0,0.6779924728312292
1,5132,0.2,2.0,0.9050416995672904
1,5133,0.2,2.0,0.7408154910225149
1,5134,0.2,2.0,0.17576252119455107
1,5135,0.2,2.0,0.30462871035838013
1,5136,0.2,2.0,0.6124402671405157
1,5137,0.2,2.0,0.9824352241220254
1,5138,0.2,2.0,0.5703112563922315
1,5139,0.2,2.0,0.49047946508040696
1,5140,0.2,2.0,0.49312814103007013
1,5141,0.2,2.0,0.26674224927965895
1,5142,0.2,2.0,0.5730268999422276
1,5143,0.2,2.0,0.1953037936061873
1,5144,0.2,2.0,0.6371713432019491
1,5145,0.2,2.0,0.5976882311235654
1,5146,0.2,2.0,0.1902139290895959
1,5147,0.2,2.0,0.5783093533512542
1,5148,0.2,2.0,0.5551970195985951
1,5149,0.2,2.0,0.11807146593122812
1,5150,0.2,2.0,0.6710475692033248
1,5151,0.2,2.0,0.847873349069318
1,5152,0.2,2.0,0.3623872278963589
1,5153,0.2,2.0,0.6449115759021158
1,5154,0.2,2.0,0.9174783610306981
1,5155,0.2,2.0,0.40959467795193477
1,5156,0.2,2.0,0.9520606250780895
1,5157,0.2,2.0,0.8361121565596681
1,5158,0.2,2.0,0.2782958077744078
1,5159,0.2,2.0,0.587583205641642
1,5160,0.2,2.0,1.0353074577971424
1,5161,0.2,2.0,0.5452017360319643
1,5162,0.2,2.0,1.3198851857073155
1,5163,0.2,2.0,0.710145137459681
1,5164,0.2,2.0,0.16026510894078191
1,5165,0.2,2.0,0.8763874149952698
1,5166,0.2,2.0,0.46122705079607523
1,5167,0.2,2.0,0.6900805558357226
1,5168,0.2,2.0,0.22119850046406817
1,5169,0.2,2.0,0.2340602908371067
1,5170,0.2,2.0,0.6088508939785892
1,5171,0.2,2.0,0.3774237205238073
1,5172,0.2,2.0,1.0402310281376146
1,5173,0.2,2.0,0.8029027197895164
1,5174,0.2,2.0,0.699509873916034
1,5175,0.2,2.0,0.823063956859104
1,5176,0.2,2.0,1.0348581943414157
1,5177,0.2,2.0,0.550119046166856
1,5178,0.2,2.0,1.187924959228806
1,5179,0.2,2.0,0.6569347682249008
1,5180,0.2,2.0,0.3716494374787411
1,5181,0.2,2.0,0.4607380917580592
1,5182,0.2,2.0,0.6245974873983672
1,5183,0.2,2.0,0.4601630031133882
1,5184,0.2,2.0,0.9484709657082894
1,5185,0.2,2.0,0.526641430830046
1,5186,0.2,2.0,0.7648667177885604
1,5187,0.2,2.0,0.581241253865113
1,5188,0.2,2.0,0.3216791192241569
1,5189,0.2,2.0,0.21905641473845286
1,5190,0.2,2.0,0.34891409201365786
1,5191,0.2,2.0,0.6459295738680189
1,5192,0.2,2.0,0.4722490525769754
1,5193,0.2,2.0,0.6254667734621709
1,5194,0.2,2.0,0.5049240454360336
1,5195,0.2,2.0,0.8226873752946153
1,5196,0.2,2.0,0.6863598980640271
1,5197,0.2,2.0,0.6588677835521403
1,5198,0.2,2.0,0.647646320191574
1,5199,0.2,2.0,0.7253448953503098
1,5200,0.2,2.0,0.75549204287129
1,5201,0.2,2.0,0.8035965419421095
1,5202,0.2,2.0,0.38731770593951065
1,5203,0.2,2.0,0.44708897252453544
1,5204,0.2,2.0,0.5113490645099468
1,5205,0.2,2.0,0.9519182245553963
1,5206,0.2,2.0,0.9960098041002297
1,5207,0.2,2.0,0.8252245390163073
1,5208,0.2,2.0,0.46557286001469766
1,5209,0.2,2.0,0.6576684514981924
1,5210,0.2,2.0,0.8064147990540456
1,5211,0.2,2.0,0.4112061704926135
1,5212,0.2,2.0,0.5387724360929207
1,5213,0.2,2.0,0.8502956488728207
1,5214,0.2,2.0,0.6760903367621839
1,5215,0.2,2.0,0.39517903896980594
1,5216,0.2,2.0,0.7047910006744513
1,5217,0.2,2.0,0.4705687599713737
1,5218,0.2,2.0,0.50111102987238
1,5219,0.2,2.0,0.8376995105521848
1,5220,0.2,2.0,1.0289024370804774
1,5221,0.2,2.0,0.4939678801809126
1,5222,0.2,2.0,0.18883893381782604
1,5223,0.2,2.0,0.07188950468704608
1,5224,0.2,2.0,0.418852201896228
1,5225,0.2,2.0,0.5958309809238493
1,5226,0.2,2.0,1.0115917895292728
1,5227,0.2,2.0,0.9781787029861178
1,5228,0.2,2.0,0.5248501678888191
1,5229,0.2,2.0,0.2869947960808914
1,5230,0.2,2.0,0.605206190241277
1,5231,0.2,2.0,0.9099864359238231
1,5232,0.2,2.0,0.9799484267669372
1,5233,0.2,2.0,0.444968160888168
1,5234,0.2,2.0,0.7489255695022545
1,5235,0.2,2.0,0.737485372210205
1,5236,0.2,2.0,0.34765855402312024
1,5237,0.2,2.0,0.9400958598735855
1,5238,0.2,2.0,0.4802437294826314
1,5239,0.2,2.0,1.0476664395057398
1,5240,0.2,2.0,0.4045741325157656
1,5241,0.2,2.0,0.9917925229952022
1,5242,0.2,2.0,0.05749407246769182
1,5243,0.2,2.0,0.2399097814218975
1,5244,0.2,2.0,0.4463214603134556
1,5245,0.2,2.0,0.36175173779313474
1,5246,0.2,2.0,0.2857914442366067
1,5247,0.2,2.0,0.43742776892716556
1,5248,0.2,2.0,0.5722007929299135
1,5249,0.2,2.0,0.9103522054835117
1,5250,0.2,2.0,1.3405331543914145
1,5251,0.2,2.0,0.3526449447094207
1,5252,0.2,2.0,0.07165994707079475
1,5253,0.2,2.0,1.0630595890925711
1,5254,0.2,2.0,1.0261980380079236
1,5255,0.2,2.0,0.24930802122464113
1,5256,0.2,2.0,1.0873943246307591
1,5257,0.2,2.0,1.0844991948229337
1,5258,0.2,2.0,0.20221483482623284
1,5259,0.2,2.0,1.0484173619755413
1,5260,0.2,2.0,0.44505553290691197
1,5261,0.2,2.0,0.5233343552263666
1,5262,0.2,2.0,0.36893152020929787
1,5263,0.2,2.0,0.7183285290511979
1,5264,0.2,2.0,0.32167610494522525
1,5265,0.2,2.0,0.7401787557930667
1,5266,0.2,2.0,0.4096631588335535
1,5267,0.2,2.0,0.9747132767552066
1,5268,0.2,2.0,1.0421116477046644
1,5269,0.2,2.0,0.6725763384221438
1,5270,0.2,2.0,0.7592566208235862
1,5271,0.2,2.0,0.43448176038004055
1,5272,0.2,2.0,1.4030821990524664
1,5273,0.2,2.0,0.239867476466327
1,5274,0.2,2.0,0.21840839174139412
1,5275,0.2,2.0,0.2975167389650001
1,5276,0.2,2.0,0.9689135374455946
1,5277,0.2,2.0,0.10474699910214938
1,5278,0.2,2.0,0.9526533777286393
1,5279,0.2,2.0,1.4717994800817669
1,5280,0.2,2.0,0.4660041285065443
1,5281,0.2,2.0,0.440284959844969
1,5282,0.2,2.0,0.2917332794157409
1,5283,0.2,2.0,1.362298933713937
1,5284,0.2,2.0,0.687130293331233
1,5285,0.2,2.0,0.07501326414324605
1,5286,0.2,2.0,1.1871620493243276
1,5287,0.2,2.0,0.888882537670662
1,5288,0.2,2.0,0.1868439188293206
1,5289,0.2,2.0,0.4498567754986636
1,5290,0.2,2.0,0.883900874907221
1,5291,0.2,2.0,0.11246381229557272
1,5292,0.2,2.0,0.4889983082696106
1,5293,0.2,2.0,0.43986589175533786
1,5294,0.2,2.0,0.6048893811185542
1,5295,0.2,2.0,0.16097815035344049
1,5296,0.2,2.0,0.6965855235137285
1,5297,0.2,2.0,0.4806484442970686
1,5298,0.2,2.0,0.8009086230701369
1,5299,0.2,2.0,0.24591782790891326
1,5300,0.2,2.0,0.2166517968818253
1,5301,0.2,2.0,0.6839536719966999
1,5302,0.2,2.0,0.34748801978580585
1,5303,0.2,2.0,0.5348526255638326
1,5304,0.2,2.0,0.11464841137963602
1,5305,0.2,2.0,1.1106249004145918
1,5306,0.2,2.0,0.3523621006238754
1,5307,0.2,2.0,0.34533059183485565
1,5308,0.2,2.0,0.6317913295446033
1,5309,0.2,2.0,0.6138398910238347
1,5310,0.2,2.0,0.44012346305896866
1,5311,0.2,2.0,0.46955314188994074
1,5312,0.2,2.0,0.33225160052173747
1,5313,0.2,2.0,0.5436934164498319
1,5314,0.2,2.0,0.5546803587434044
1,5315,0.2,2.0,0.8673343486506949
1,5316,0.2,2.0,0.0994921437571366
1,5317,0.2,2.0,0.3833765785536699
1,5318,0.2,2.0,0.5863398856502489
1,5319,0.2,2.0,1.0761462183439698
1,5320,0.2,2.0,1.4002908360308628
1,5321,0.2,2.0,0.491297147753605
1,5322,0.2,2.0,0.14824924482093596
1,5323,0.2,2.0,0.2866713898233575
1,5324,0.2,2.0,0.7521211372245942
1,5325,0.2,2.0,0.36895862410843233
1,5326,0.2,2.0,0.3838683042965179
1,5327,0.2,2.0,0.7963670683578412
1,5328,0.2,2.0,0.49347301269818294
1,5329,0.2,2.0,0.24216215554932194
1,5330,0.2,2.0,0.016030352430952678
1,5331,0.2,2.0,0.3100153023358704
1,5332,0.2,2.0,0.7808244848392516
1,5333,0.2,2.0,0.4870182731697727
1,5334,0.2,2.0,0.6742932530130265
1,5335,0.2,2.0,0.6830487323891371
1,5336,0.2,2.0,0.8757231610425156
1,5337,0.2,2.0,0.5962323871405397
1,5338,0.2,2.0,0.35919060387828144
1,5339,0.2,2.0,0.9107911034042031
1,5340,0.2,2.0,0.21638262243798215
1,5341,0.2,2.0,0.831466199757427
1,5342,0.2,2.0,0.45444333074893695
1,5343,0.2,2.0,0.7650776749012212
1,5344,0.2,2.0,0.49169276163015524
1,5345,0.2,2.0,0.9148321281693362
1,5346,0.2,2.0,0.8821918975536946
1,5347,0.2,2.0,0.8312589673107812
1,5348,0.2,2.0,0.7824785028134028
1,5349,0.2,2.0,1.0475516336482793
1,5350,0.2,2.0,0.617697305909709
1,5351,0.2,2.0,0.26668971402075514
1,5352,0.2,2.0,0.24684410009872854
1,5353,0.2,2.0,0.6692173026402122
1,5354,0.2,2.0,0.06263645238879788
1,5355,0.2,2.0,0.5049805710715807
1,5356,0.2,2.0,0.4489379962363842
1,5357,0.2,2.0,0.5157592417827935
1,5358,0.2,2.0,1.0575165274435774
1,5359,0.2,2.0,0.4154210450986533
1,5360,0.2,2.0,0.20311359833222378
1,5361,0.2,2.0,0.6562696943659426
1,5362,0.2,2.0,0.4037491845909102
1,5363,0.2,2.0,0.3636547166331445
1,5364,0.2,2.0,0.6582618008648834
1,5365,0.2,2.0,0.3229469319356389
1,5366,0.2,2.0,0.28782799883068794
1,5367,0.2,2.0,0.7084225018049016
1,5368,0.2,2.0,0.47747202163086777
1,5369,0.2,2.0,0.3343873607759749
1,5370,0.2,2.0,0.0972149041222408
1,5371,0.2,2.0,0.08388380185545542
1,5372,0.2,2.0,0.6564280826283462
1,5373,0.2,2.0,0.6668436672150665
1,5374,0.2,2.0,0.38685235039983107
1,5375,0.2,2.0,0.32404334495379333
1,5376,0.2,2.0,0.3546767882953778
1,5377,0.2,2.0,0.17563796600722367
1,5378,0.2,2.0,0.8228247593693588
1,5379,0.2,2.0,0.9633790210980735
1,5380,0.2,2.0,0.3209068821885542
1,5381,0.2,2.0,1.4221745526036094
1,5382,0.2,2.0,1.023429365942294
1,5383,0.2,2.0,0.3885459486909024
1,5384,0.2,2.0,0.2740911555935678
1,5385,0.2,2.0,0.136161343903229
1,5386,0.2,2.0,0.8129670587950499
1,5387,0.2,2.0,0.671451893878535
1,5388,0.2,2.0,1.1516498374937985
1,5389,0.2,2.0,0.8503830998643196
1,5390,0.2,2.0,0.5883717395643276
1,5391,0.2,2.0,0.34347114994568245
1,5392,0.2,2.0,0.6452406781095402
1,5393,0.2,2.0,0.6657549789932361
1,5394,0.2,2.0,1.5741626595018563
1,5395,0.2,2.0,0.38297024052021567
1,5396,0.2,2.0,0.6657282002174109
1,5397,0.2,2.0,0.6046480929997383
1,5398,0.2,2.0,0.9672782951164958
1,5399,0.2,2.0,0.6575091681459384
1,5400,0.2,2.0,0.5767164171806322
1,5401,0.2,2.0,0.616650766833736
1,5402,0.2,2.0,0.4792858548768172
1,5403,0.2,2.0,0.4572433150881266
1,5404,0.2,2.0,0.7516054541678915
1,5405,0.2,2.0,1.0823870298383214
1,5406,0.2,2.0,0.4910053207092777
1,5407,0.2,2.0,0.5585149084698527
1,5408,0.2,2.0,0.21506861284784123
1,5409,0.2,2.0,0.16217373920838338
1,5410,0.2,2.0,0.5046450008587277
1,5411,0.2,2.0,0.4238251520326831
1,5412,0.2,2.0,0.8043259175120103
1,5413,0.2,2.0,1.0877347806970556
1,5414,0.2,2.0,0.39894761206581986
1,5415,0.2,2.0,0.19141670250692122
1,5416,0.2,2.0,0.7906968372995126
1,5417,0.2,2.0,0.7305511972160225
1,5418,0.2,2.0,0.2939200024783895
1,5419,0.2,2.0,0.4027401283705541
1,5420,0.2,2.0,0.7907129876941462
1,5421,0.2,2.0,0.5830151952517744
1,5422,0.2,2.0,0.2837924166651208
1,5423,0.2,2.0,0.2576300969215351
1,5424,0.2,2.0,0.25318620936955616
1,5425,0.2,2.0,0.57614833864808
1,5426,0.2,2.0,0.6962370154147383
1,5427,0.2,2.0,0.10368915402331222
1,5428,0.2,2.0,0.46525434583498776
1,5429,0.2,2.0,0.531856457242721
1,5430,0.2,2.0,0.23816854719193434
1,5431,0.2,2.0,0.786691586824629
1,5432,0.2,2.0,0.7077355209571898
1,5433,0.2,2.0,1.6501750756036033
1,5434,0.2,2.0,0.34232857612331613
1,5435,0.2,2.0,1.2501680970114402
1,5436,0.2,2.0,0.6937116727174801
1,5437,0.2,2.0,0.9040278463739533
1,5438,0.2,2.0,0.7391450034455084
1,5439,0.2,2.0,0.2433544374383021
1,5440,0.2,2.0,0.07766701134271198
1,5441,0.2,2.0,0.3045245157493689
1,5442,0.2,2.0,0.3491514770110643
1,5443,0.2,2.0,0.5193284958671196
1,5444,0.2,2.0,1.009879346340474
1,5445,0.2,2.0,0.9405876161399173
1,5446,0.2,2.0,0.41772659141332746
1,5447,0.2,2.0,0.5420228291066209
1,5448,0.2,2.0,0.4648678189654701
1,5449,0.2,2.0,0.2917718686147506
1,5450,0.2,2.0,0.4244711676420899
1,5451,0.2,2.0,0.3075736216391504
1,5452,0.2,2.0,0.36881334911744557
1,5453,0.2,2.0,0.5564335702235835
1,5454,0.2,2.0,0.570627124942924
1,5455,0.2,2.0,0.3481359977917641
1,5456,0.2,2.0,0.4401585742030687
1,5457,0.2,2.0,0.4673578731253135
1,5458,0.2,2.0,1.0783992471852886
1,5459,0.2,2.0,0.5866433122019704
1,5460,0.2,2.0,0.5565962404383957
1,5461,0.2,2.0,0.48664459787522363
1,5462,0.2,2.0,0.1371246623043074
1,5463,0.2,2.0,0.3888411304666639
1,5464,0.2,2.0,0.7181247266923365
1,5465,0.2,2.0,0.3528344030898554
1,5466,0.2,2.0,0.7083573274423518
1,5467,0.2,2.0,0.402334602481487
1,5468,0.2,2.0,0.16492565750018748
1,5469,0.2,2.0,0.2928962517672114
1,5470,0.2,2.0,0.35337932762791885
1,5471,0.2,2.0,0.5277777016164944
1,5472,0.2,2.0,0.30282188299119905
1,5473,0.2,2.0,0.2146006796193347
1,5474,0.2,2.0,1.179014555220973
1,5475,0.2,2.0,0.9487551086730531
1,5476,0.2,2.0,1.0706718381910176
1,5477,0.2,2.0,0.48133070665196054
1,5478,0.2,2.0,0.5028238353006973
1,5479,0.2,2.0,0.8168014624088018
1,5480,0.2,2.0,0.3742420465913965
1,5481,0.2,2.0,0.6408445925366554
1,5482,0.2,2.0,0.12678094389754163
1,5483,0.2,2.0,0.5062969979898193
1,5484,0.2,2.0,1.185395560200693
1,5485,0.2,2.0,0.4700381479795082
1,5486,0.2,2.0,0.40544041308179907
1,5487,0.2,2.0,0.7446548684746592
1,5488,0.2,2.0,0.2976673911365388
1,5489,0.2,2.0,0.21156780172997214
1,5490,0.2,2.0,0.22339725122907786
1,5491,0.2,2.0,0.5090967951504276
1,5492,0.2,2.0,0.4441572803236714
1,5493,0.2,2.0,0.5762057399827759
1,5494,0.2,2.0,0.7894375923527045
1,5495,0.2,2.0,0.540036948490284
1,5496,0.2,2.0,0.25308420172759294
1,5497,0.2,2.0,0.6830589990856403
1,5498,0.2,2.0,0.5194334573804934
1,5499,0.2,2.0,0.2505706454929286
1,5500,0.2,2.0,0.396712299507691
1,5501,0.2,2.0,0.008429210678754129
1,5502,0.2,2.0,0.27321359595447275
1,5503,0.2,2.0,0.8724641001156109
1,5504,0.2,2.0,0.2649899195071475
1,5505,0.2,2.0,0.6657107448368553
1,5506,0.2,2.0,0.8674452007629219
1,5507,0.2,2.0,0.3596605039047804
1,5508,0.2,2.0,0.5229954186398621
1,5509,0.2,2.0,0.42358249780627244
1,5510,0.2,2.0,0.40043542358090534
1,5511,0.2,2.0,0.12097158087886667
1,5512,0.2,2.0,1.4450169864873785
1,5513,0.2,2.0,0.3772435328324182
1,5514,0.2,2.0,0.3476904713870886
1,5515,0.2,2.0,0.7643917924565459
1,5516,0.2,2.0,0.8152227207138142
1,5517,0.2,2.0,0.4369379925815054
1,5518,0.2,2.0,0.31802085967500954
1,5519,0.2,2.0,0.1506190407869488
1,5520,0.2,2.0,0.4637333964554215
1,5521,0.2,2.0,0.8254771003197591
1,5522,0.2,2.0,0.33092906928328786
1,5523,0.2,2.0,0.5581335176364519
1,5524,0.2,2.0,0.4888360102288692
1,5525,0.2,2.0,1.0824491617314864
1,5526,0.2,2.0,1.1044094444038826
1,5527,0.2,2.0,0.20607978964763912
1,5528,0.2,2.0,0.44998502531455853
1,5529,0.2,2.0,1.0168985627265283
1,5530,0.2,2.0,0.24943471589250943
1,5531,0.2,2.0,0.945008154674825
1,5532,0.2,2.0,0.16536397884023452
1,5533,0.2,2.0,0.23254200767312183
1,5534,0.2,2.0,0.6553527338382611
1,5535,0.2,2.0,0.6895223715542629
1,5536,0.2,2.0,1.1424371973795626
1,5537,0.2,2.0,0.3863640547896805
1,5538,0.2,2.0,0.12563148136035215
1,5539,0.2,2.0,0.2581335017760819
1,5540,0.2,2.0,0.6130442495550805
1,5541,0.2,2.0,0.5929728298006932
1,5542,0.2,2.0,0.8189046277783347
1,5543,0.2,2.0,0.5598838563833878
1,5544,0.2,2.0,0.753338766332961
1,5545,0.2,2.0,0.4988976110292351
1,5546,0.2,2.0,0.09980889864187445
1,5547,0.2,2.0,0.7457397792416753
1,5548,0.2,2.0,1.3514416287914697
1,5549,0.2,2.0,0.6654774720587332
1,5550,0.2,2.0,0.43650096053802306
1,5551,0.2,2.0,0.3986023616394496
1,5552,0.2,2.0,0.27687591686601487
1,5553,0.2,2.0,0.8304288253477433
1,5554,0.2,2.0,0.5741216497676497
1,5555,0.2,2.0,1.395414411023581
1,5556,0.2,2.0,0.7822469990630915
1,5557,0.2,2.0,0.3318496871802307
1,5558,0.2,2.0,0.7987199151963129
1,5559,0.2,2.0,0.9193745178817168
1,5560,0.2,2.0,0.07549047584537454
1,5561,0.2,2.0,0.4981119916262141
1,5562,0.2,2.0,0.09451819926305123
1,5563,0.2,2.0,0.37946965449577835
1,5564,0.2,2.0,0.5866794999061848
1,5565,0.2,2.0,0.4963611996848122
1,5566,0.2,2.0,0.6306454429743547
1,5567,0.2,2.0,0.6215552263299992
1,5568,0.2,2.0,0.48589586599737605
1,5569,0.2,2.0,0.34236233841477476
1,5570,0.2,2.0,0.37132045591994123
1,5571,0.2,2.0,0.6790876825049273
1,5572,0.2,2.0,0.4025576891932743
1,5573,0.2,2.0,0.5945226234814788
1,5574,0.2,2.0,0.3556491224196299
1,5575,0.2,2.0,0.8293464304859774
1,5576,0.2,2.0,0.3919514372047717
1,5577,0.2,2.0,0.42561062259589366
1,5578,0.2,2.0,0.2933407817968021
1,5579,0.2,2.0,0.31580989882275895
1,5580,0.2,2.0,0.7174684771009863
1,5581,0.2,2.0,0.5841054138958747
1,5582,0.2,2.0,0.16267668795798212
1,5583,0.2,2.0,0.8738559805983258
1,5584,0.2,2.0,0.6597624045710978
1,5585,0.2,2.0,0.2921862460588855
1,5586,0.2,2.0,0.3000937428025601
1,5587,0.2,2.0,1.089056079979581
1,5588,0.2,2.0,0.5038019069956347
1,5589,0.2,2.0,0.7994820563573486
1,5590,0.2,2.0,0.19776337885351863
1,5591,0.2,2.0,0.9057429627462935
1,5592,0.2,2.0,0.13640982509600855
1,5593,0.2,2.0,0.8840619874205233
1,5594,0.2,2.0,0.5362203418010334
1,5595,0.2,2.0,0.2950997177065786
1,5596,0.2,2.0,0.7757318148278158
1,5597,0.2,2.0,0.625191088267532
1,5598,0.2,2.0,0.4397436370709592
1,5599,0.2,2.0,0.47356372836184546
1,5600,0.2,2.0,0.197893236630169
1,5601,0.2,2.0,0.4098809250311347
1,5602,0.2,2.0,0.8782439287927574
1,5603,0.2,2.0,0.1942055741868264
1,5604,0.2,2.0,0.4478745576967745
1,5605,0.2,2.0,0.2843615668206889
1,5606,0.2,2.0,0.537059557416725
1,5607,0.2,2.0,0.5717499663308943
1,5608,0.2,2.0,0.8329146594375972
1,5609,0.2,2.0,0.6864326256903178
1,5610,0.2,2.0,0.17687842177763433
1,5611,0.2,2.0,0.5984433233070711
1,5612,0.2,2.0,0.7305171823847488
1,5613,0.2,2.0,0.3126079505550288
1,5614,0.2,2.0,0.31793538491508927
1,5615,0.2,2.0,0.8975056921020502
1,5616,0.2,2.0,0.7517029968164511
1,5617,0.2,2.0,0.8094044941801417
1,5618,0.2,2.0,0.20918247719241895
1,5619,0.2,2.0,0.4245156324241501
1,5620,0.2,2.0,0.7629078111314397
1,5621,0.2,2.0,0.5846173393558244
1,5622,0.2,2.0,0.6451383073977655
1,5623,0.2,2.0,1.0658344126903363
1,5624,0.2,2.0,0.4557382778884776
1,5625,0.2,2.0,0.9042703428166887
1,5626,0.2,2.0,0.6151549665119658
1,5627,0.2,2.0,0.3976993929136271
1,5628,0.2,2.0,0.39231550885070304
1,5629,0.2,2.0,0.5927702540145217
1,5630,0.2,2.0,0.58243327477608
1,5631,0.2,2.0,0.43169380255672596
1,5632,0.2,2.0,0.21823657337211713
1,5633,0.2,2.0,0.5303204044391584
1,5634,0.2,2.0,0.6820478206524088
1,5635,0.2,2.0,0.2065841456042278
1,5636,0.2,2.0,0.7636159226919842
1,5637,0.2,2.0,0.9315316566900843
1,5638,0.2,2.0,0.6411355327035207
1,5639,0.2,2.0,0.9913134502906382
1,5640,0.2,2.0,1.0447674396664024
1,5641,0.2,2.0,0.2962969479924185
1,5642,0.2,2.0,0.5006925870155482
1,5643,0.2,2.0,0.9226331705851003
1,5644,0.2,2.0,0.42723284125179045
1,5645,0.2,2.0,1.0390015212286035
1,5646,0.2,2.0,0.24607445736274608
1,5647,0.2,2.0,0.6274973960841372
1,5648,0.2,2.0,0.347949866811355
1,5649,0.2,2.0,1.4736805940076598
1,5650,0.2,2.0,0.10114409437050241
1,5651,0.2,2.0,0.40847790227841374
1,5652,0.2,2.0,0.13054525099558814
1,5653,0.2,2.0,0.8295911153823895
1,5654,0.2,2.0,0.1811115478164349
1,5655,0.2,2.0,0.4782263671806617
1,5656,0.2,2.0,0.30502555709437895
1,5657,0.2,2.0,0.16021346123809435
1,5658,0.2,2.0,0.34663521821683774
1,5659,0.2,2.0,0.1414940034015759
1,5660,0.2,2.0,0.14857536843439015
1,5661,0.2,2.0,1.1113617299328047
1,5662,0.2,2.0,0.21158192712732646
1,5663,0.2,2.0,0.6649349952632136
1,5664,0.2,2.0,0.45698403774884927
1,5665,0.2,2.0,0.6201259606530658
1,5666,0.2,2.0,0.07727680531815134
1,5667,0.2,2.0,0.7514618059618606
1,5668,0.2,2.0,0.687102753749833
1,5669,0.2,2.0,0.5879383121178368
1,5670,0.2,2.0,0.47767487970828626
1,5671,0.2,2.0,0.3335987601116564
1,5672,0.2,2.0,0.4781791445986362
1,5673,0.2,2.0,0.8809255124237299
1,5674,0.2,2.0,0.3569560629887668
1,5675,0.2,2.0,1.2145714731441375
1,5676,0.2,2.0,0.26437632635441244
1,5677,0.2,2.0,0.8679407542782672
1,5678,0.2,2.0,0.8376948823608592
1,5679,0.2,2.0,1.6695884006821238
1,5680,0.2,2.0,0.9197566204835026
1,5681,0.2,2.0,0.9101100483508447
1,5682,0.2,2.0,0.36954520802121477
1,5683,0.2,2.0,0.6208529274407801
1,5684,0.2,2.0,0.7632375945332649
1,5685,0.2,2.0,0.10638024064326194
1,5686,0.2,2.0,0.09634872453507404
1,5687,0.2,2.0,0.4672907057957175
1,5688,0.2,2.0,0.32217923746680316
1,5689,0.2,2.0,0.8491384564558584
1,5690,0.2,2.0,1.265377058015517
1,5691,0.2,2.0,1.1894244854459093
1,5692,0.2,2.0,0.3458276952926797
1,5693,0.2,2.0,0.14062385347062697
1,5694,0.2,2.0,0.7012615026399601
1,5695,0.2,2.0,0.4953954836922938
1,5696,0.2,2.0,1.2045055238395461
1,5697,0.2,2.0,0.5183667637232003
1,5698,0.2,2.0,0.7924242215981263
1,5699,0.2,2.0,0.12691440047711428
1,5700,0.2,2.0,0.17577256440909989
1,5701,0.2,2.0,0.08833823451096813
1,5702,0.2,2.0,0.6016314668824279
1,5703,0.2,2.0,0.480577341444681
1,5704,0.2,2.0,0.7757412345187981
1,5705,0.2,2.0,0.4703811075059801
1,5706,0.2,2.0,0.24129860506932302
1,5707,0.2,2.0,0.860328028047686
1,5708,0.2,2.0,0.6292897131964019
1,5709,0.2,2.0,1.164168225085874
1,5710,0.2,2.0,1.0953102655004365
1,5711,0.2,2.0,0.16403841214805856
1,5712,0.2,2.0,1.316334834509127
1,5713,0.2,2.0,0.8397306610270973
1,5714,0.2,2.0,1.0074037435216154
1,5715,0.2,2.0,0.3424372819410015
1,5716,0.2,2.0,0.38328831291983934
1,5717,0.2,2.0,1.3545568992212365
1,5718,0.2,2.0,0.9495562372304357
1,5719,0.2,2.0,0.3177563830930495
1,5720,0.2,2.0,0.28722608967801877
1,5721,0.2,2.0,0.8289649089602692
1,5722,0.2,2.0,0.37596510323299653
1,5723,0.2,2.0,0.5284677047110058
1,5724,0.2,2.0,0.4703970965623456
1,5725,0.2,2.0,0.6334429705071283
1,5726,0.2,2.0,0.2325515208352347
1,5727,0.2,2.0,0.8146830056006832
1,5728,0.2,2.0,0.30258319454046845
1,5729,0.2,2.0,0.7658494940711669
1,5730,0.2,2.0,0.8161091692778565
1,5731,0.2,2.0,0.9048104362337037
1,5732,0.2,2.0,0.8553679834046124
1,5733,0.2,2.0,0.6534617735643855
1,5734,0.2,2.0,0.5555535380051438
1,5735,0.2,2.0,1.050964253699855
1,5736,0.2,2.0,0.4066736645018364
1,5737,0.2,2.0,0.21850994051375058
1,5738,0.2,2.0,0.4902060900449019
1,5739,0.2,2.0,0.6280229778821302
1,5740,0.2,2.0,0.35265852653733254
1,5741,0.2,2.0,0.6159491046283633
1,5742,0.2,2.0,0.3040221524441045
1,5743,0.2,2.0,1.021441899884665
1,5744,0.2,2.0,0.22058566960305082
1,5745,0.2,2.0,0.3499021537720507
1,5746,0.2,2.0,0.6044643549492837
1,5747,0.2,2.0,0.4837465922817174
1,5748,0.2,2.0,0.6426643894969383
1,5749,0.2,2.0,0.6564097050543142
1,5750,0.2,2.0,0.4346417355355015
1,5751,0.2,2.0,0.5003516499536247
1,5752,0.2,2.0,0.8631849019156892
1,5753,0.2,2.0,0.34005184825098783
1,5754,0.2,2.0,0.7731922918241065
1,5755,0.2,2.0,0.06013900665711592
1,5756,0.2,2.0,0.49991652581987495
1,5757,0.2,2.0,0.5057029416648888
1,5758,0.2,2.0,0.7494022494649453
1,5759,0.2,2.0,1.092948369932605
1,5760,0.2,2.0,0.37109166327387333
1,5761,0.2,2.0,0.02257723775566084
1,5762,0.2,2.0,0.28799952343733637
1,5763,0.2,2.0,0.45984706959546284
1,5764,0.2,2.0,0.3227236336517058
1,5765,0.2,2.0,0.32135187703962986
1,5766,0.2,2.0,0.18639126403852074
1,5767,0.2,2.0,0.9782423656674467
1,5768,0.2,2.0,0.45943491046865503
1,5769,0.2,2.0,0.2439817864073733
1,5770,0.2,2.0,0.3787583106593314
1,5771,0.2,2.0,0.8149231961400234
1,5772,0.2,2.0,0.5904268236663719
1,5773,0.2,2.0,0.2932650768010915
1,5774,0.2,2.0,1.1176548116773048
1,5775,0.2,2.0,0.6851246284170366
1,5776,0.2,2.0,0.3707565442203481
1,5777,0.2,2.0,0.5208149779392695
1,5778,0.2,2.0,0.33778614852358085
1,5779,0.2,2.0,0.5302649935590615
1,5780,0.2,2.0,1.3023979575167797
1,5781,0.2,2.0,0.8342142988747074
1,5782,0.2,2.0,0.21692898073069503
1,5783,0.2,2.0,1.1693075598926679
1,5784,0.2,2.0,0.249290901418509
1,5785,0.2,2.0,0.47343131075294204
1,5786,0.2,2.0,0.551279839794569
1,5787,0.2,2.0,0.8431934620044597
1,5788,0.2,2.0,0.8348255329540206
1,5789,0.2,2.0,0.5016172850634378
1,5790,0.2,2.0,0.10062438866408963
1,5791,0.2,2.0,0.8689186527136153
1,5792,0.2,2.0,0.9774445718013078
1,5793,0.2,2.0,0.8184225980529043
1,5794,0.2,2.0,0.6747389779480482
1,5795,0.2,2.0,0.21124775177575772
1,5796,0.2,2.0,0.6283729875462098
1,5797,0.2,2.0,0.5044097092779648
1,5798,0.2,2.0,0.6012457768763374
1,5799,0.2,2.0,0.6926101816871609
1,5800,0.2,2.0,0.5597781427621218
1,5801,0.2,2.0,0.8740790168768251
1,5802,0.2,2.0,0.2745779350918619
1,5803,0.2,2.0,0.5597647003790517
1,5804,0.2,2.0,1.0565556547016808
1,5805,0.2,2.0,0.3530552535680673
1,5806,0.2,2.0,0.5130492551755493
1,5807,0.2,2.0,0.2826991939947291
1,5808,0.2,2.0,0.6875636602563852
1,5809,0.2,2.0,0.6748651416288541
1,5810,0.2,2.0,0.966055970815309
1,5811,0.2,2.0,0.39810706652712397
1,5812,0.2,2.0,0.2334884743596175
1,5813,0.2,2.0,0.8685717560441398
1,5814,0.2,2.0,0.27925474891218144
1,5815,0.2,2.0,0.46199933432331486
1,5816,0.2,2.0,0.8962772302427677
1,5817,0.2,2.0,0.22861807998415584
1,5818,0.2,2.0,0.8846629471367359
1,5819,0.2,2.0,0.25578449322752234
1,5820,0.2,2.0,0.6519568627499058
1,5821,0.2,2.0,0.7106724993342194
1,5822,0.2,2.0,0.5294764944751039
1,5823,0.2,2.0,0.282974517289137
1,5824,0.2,2.0,0.3742197646457436
1,5825,0.2,2.0,0.4638756507894229
1,5826,0.2,2.0,0.42480923253668706
1,5827,0.2,2.0,0.4424823931531307
1,5828,0.2,2.0,0.6094606722055224
1,5829,0.2,2.0,0.7657321616086439
1,5830,0.2,2.0,0.23441416563859102
1,5831,0.2,2.0,0.7078176261785563
1,5832,0.2,2.0,0.3452917272784792
1,5833,0.2,2.0,1.234617975676578
1,5834,0.2,2.0,0.601995179994804
1,5835,0.2,2.0,0.09768532444465035
1,5836,0.2,2.0,0.7272169024570599
1,5837,0.2,2.0,0.5000316415348129
1,5838,0.2,2.0,1.0019101383549238
1,5839,0.2,2.0,0.7707350530634386
1,5840,0.2,2.0,0.35180537528064587
1,5841,0.2,2.0,1.1774794076192396
1,5842,0.2,2.0,0.30728704862074213
1,5843,0.2,2.0,1.0714591624451342
1,5844,0.2,2.0,0.20534490866356728
1,5845,0.2,2.0,0.44880378642405616
1,5846,0.2,2.0,0.44496261191731445
1,5847,0.2,2.0,1.0363958417152863
1,5848,0.2,2.0,0.26790807178702236
1,5849,0.2,2.0,0.7181730678295163
1,5850,0.2,2.0,0.6757830670132683
1,5851,0.2,2.0,0.19540027989260528
1,5852,0.2,2.0,0.3400496559884924
1,5853,0.2,2.0,0.3079783987378708
1,5854,0.2,2.0,1.095701607235328
1,5855,0.2,2.0,0.34599032683712105
1,5856,0.2,2.0,0.6991359612884668
1,5857,0.2,2.0,0.5137306174694114
1,5858,0.2,2.0,0.5254210444024732
1,5859,0.2,2.0,0.7225754480706996
1,5860,0.2,2.0,0.7468178733320202
1,5861,0.2,2.0,0.38323211053267053
1,5862,0.2,2.0,0.2596476229833894
1,5863,0.2,2.0,0.652972821347002
1,5864,0.2,2.0,0.7965576777718029
1,5865,0.2,2.0,0.7355491713481448
1,5866,0.2,2.0,0.30139163708878647
1,5867,0.2,2.0,0.25371183676721776
1,5868,0.2,2.0,0.7471464157589179
1,5869,0.2,2.0,0.600534878300621
1,5870,0.2,2.0,0.5721365983828459
1,5871,0.2,2.0,0.4422945472430726
1,5872,0.2,2.0,0.7216660948350402
1,5873,0.2,2.0,0.8046603102953132
1,5874,0.2,2.0,0.1953340544055428
1,5875,0.2,2.0,1.0838430732432232
1,5876,0.2,2.0,0.6027213939527569
1,5877,0.2,2.0,0.4244255812492051
1,5878,0.2,2.0,0.6843649949825988
1,5879,0.2,2.0,0.6880712339872235
1,5880,0.2,2.0,0.8221117997878626
1,5881,0.2,2.0,0.813675027320844
1,5882,0.2,2.0,1.1577123464466452
1,5883,0.2,2.0,0.3874443359899757
1,5884,0.2,2.0,0.8006177979924585
1,5885,0.2,2.0,0.433196289679983
1,5886,0.2,2.0,0.5880355968313712
1,5887,0.2,2.0,0.4957571874473579
1,5888,0.2,2.0,0.23420623629118528
1,5889,0.2,2.0,0.5139866717966862
1,5890,0.2,2.0,0.41897894678887493
1,5891,0.2,2.0,0.6514670215967401
1,5892,0.2,2.0,0.19529157300923056
1,5893,0.2,2.0,0.7734727698479562
1,5894,0.2,2.0,0.647671177152236
1,5895,0.2,2.0,0.5931827136995457
1,5896,0.2,2.0,0.49353158817695075
1,5897,0.2,2.0,1.0802554076717261
1,5898,0.2,2.0,0.5355593302591272
1,5899,0.2,2.0,0.38087177594364524
1,5900,0.2,2.0,0.6881935938093546
1,5901,0.2,2.0,0.5710383026457008
1,5902,0.2,2.0,0.22167719492625054
1,5903,0.2,2.0,0.8348586828022554
1,5904,0.2,2.0,0.4414884250198654
1,5905,0.2,2.0,0.3458670213615196
1,5906,0.2,2.0,0.5507047168083014
1,5907,0.2,2.0,0.28936312555461446
1,5908,0.2,2.0,0.5059950642017692
1,5909,0.2,2.0,0.5753751563034228
1,5910,0.2,2.0,0.6861130456374531
1,5911,0.2,2.0,0.995069111848211
1,5912,0.2,2.0,0.5646523780318264
1,5913,0.2,2.0,0.30242701042327036
1,5914,0.2,2.0,0.7423126932686883
1,5915,0.2,2.0,0.49306705378572424
1,5916,0.2,2.0,0.3038616101871325
1,5917,0.2,2.0,0.5823160232746812
1,5918,0.2,2.0,0.29591382867357313
1,5919,0.2,2.0,0.3079936279152851
1,5920,0.2,2.0,1.0659327488651826
1,5921,0.2,2.0,1.1443897264602723
1,5922,0.2,2.0,0.7226534911167073
1,5923,0.2,2.0,0.7115141654653091
1,5924,0.2,2.0,0.5500606299675658
1,5925,0.2,2.0,0.6611739063664667
1,5926,0.2,2.0,0.4258796836402657
1,5927,0.2,2.0,0.20197970730034095
1,5928,0.2,2.0,0.898891028094714
1,5929,0.2,2.0,0.25145493993637585
1,5930,0.2,2.0,1.0624835596331328
1,5931,0.2,2.0,0.36115602189267215
1,5932,0.2,2.0,0.28299252562476473
1,5933,0.2,2.0,0.940245212903393
1,5934,0.2,2.0,0.4985408070167831
1,5935,0.2,2.0,0.3162958043913111
1,5936,0.2,2.0,0.5780109889337888
1,5937,0.2,2.0,0.2899968627211559
1,5938,0.2,2.0,0.05390895737309772
1,5939,0.2,2.0,0.8437395262115812
1,5940,0.2,2.0,0.6579905389469188
1,5941,0.2,2.0,0.6108093926931318
1,5942,0.2,2.0,0.8566502974332542
1,5943,0.2,2.0,0.4191505682468107
1,5944,0.2,2.0,0.8887990115291502
1,5945,0.2,2.0,0.7026661009405031
1,5946,0.2,2.0,0.6928894037345028
1,5947,0.2,2.0,0.25731235214846243
1,5948,0.2,2.0,0.3366508016354564
1,5949,0.2,2.0,0.18198051033035115
1,5950,0.2,2.0,0.16850701888508907
1,5951,0.2,2.0,0.44003144330984856
1,5952,0.2,2.0,0.5045086656743117
1,5953,0.2,2.0,0.5930874837770685
1,5954,0.2,2.0,0.7077900070664509
1,5955,0.2,2.0,1.244430257870856
1,5956,0.2,2.0,1.083554669271891
1,5957,0.2,2.0,0.12477307609378606
1,5958,0.2,2.0,0.5482021972063252
1,5959,0.2,2.0,0.44367545669973935
1,5960,0.2,2.0,0.499589443823233
1,5961,0.2,2.0,0.6601679986846675
1,5962,0.2,2.0,0.7162931850822755
1,5963,0.2,2.0,0.1111943132536525
1,5964,0.2,2.0,0.546858606708111
1,5965,0.2,2.0,0.259884646259425
1,5966,0.2,2.0,1.1066059094668164
1,5967,0.2,2.0,0.5354760794647728
1,5968,0.2,2.0,0.22164386574417808
1,5969,0.2,2.0,0.601104784888012
1,5970,0.2,2.0,0.7981007943120639
1,5971,0.2,2.0,0.415435695062406
1,5972,0.2,2.0,0.18052816620080697
1,5973,0.2,2.0,0.16116122879735298
1,5974,0.2,2.0,0.6949996755276739
1,5975,0.2,2.0,0.6755752999399602
1,5976,0.2,2.0,0.6590588585252135
1,5977,0.2,2.0,0.38770183614935066
1,5978,0.2,2.0,0.28930956804613056
1,5979,0.2,2.0,0.2691597563622319
1,5980,0.2,2.0,1.1515701282402793
1,5981,0.2,2.0,0.23576263334642122
1,5982,0.2,2.0,1.0176969027943221
1,5983,0.2,2.0,0.2827977804288477
1,5984,0.2,2.0,0.7400999583065218
1,5985,0.2,2.0,0.237071648846604
1,5986,0.2,2.0,0.40004629502715244
1,5987,0.2,2.0,0.3122167024358648
1,5988,0.2,2.0,0.2927602056085667
1,5989,0.2,2.0,0.13964557653567825
1,5990,0.2,2.0,0.8269114844216642
1,5991,0.2,2.0,0.6431677111727676
1,5992,0.2,2.0,0.247540754609465
1,5993,0.2,2.0,1.4576372950825531
1,5994,0.2,2.0,0.4927170296310759
1,5995,0.2,2.0,0.47284381000984127
1,5996,0.2,2.0,0.6110914405532889
1,5997,0.2,2.0,0.4887927727589165
1,5998,0.2,2.0,0.6535620787215894
1,5999,0.2,2.0,0.31706185473173104
1,6000,0.2,2.0,0.20586758078136805
1,6001,0.2,2.0,0.45985555530911715
1,6002,0.2,2.0,0.35800771994748565
1,6003,0.2,2.0,0.9426574094001243
1,6004,0.2,2.0,0.8066458503423748
1,6005,0.2,2.0,0.3246988440688225
1,6006,0.2,2.0,0.3137135081448587
1,6007,0.2,2.0,1.0526874303892615
1,6008,0.2,2.0,0.6741224113790637
1,6009,0.2,2.0,0.5125296842164214
1,6010,0.2,2.0,0.6600763157184133
1,6011,0.2,2.0,0.7610309252273094
1,6012,0.2,2.0,0.2712221939378381
1,6013,0.2,2.0,0.33908869485886656
1,6014,0.2,2.0,0.4242945895170536
1,6015,0.2,2.0,0.8935278529151109
1,6016,0.2,2.0,0.7052466509653648
1,6017,0.2,2.0,0.49160436825374115
1,6018,0.2,2.0,0.3067182588299106
1,6019,0.2,2.0,0.28539516658388675
1,6020,0.2,2.0,0.7329453180602509
1,6021,0.2,2.0,0.5422678718920253
1,6022,0.2,2.0,0.7432590472444113
1,6023,0.2,2.0,0.39683949437568017
1,6024,0.2,2.0,0.5210295326039607
1,6025,0.2,2.0,1.013892582793028
1,6026,0.2,2.0,0.6009423197336139
1,6027,0.2,2.0,0.5075009142398123
1,6028,0.2,2.0,0.48356490415844194
1,6029,0.2,2.0,0.37915645627295735
1,6030,0.2,2.0,1.0778215897446832
1,6031,0.2,2.0,0.6050476623305352
1,6032,0.2,2.0,1.1551535103788326
1,6033,0.2,2.0,0.3081833917849068
1,6034,0.2,2.0,0.5929932344639507
1,6035,0.2,2.0,0.4512487212216818
1,6036,0.2,2.0,0.47386954921529695
1,6037,0.2,2.0,0.6408802390919826
1,6038,0.2,2.0,0.5534396712397103
1,6039,0.2,2.0,0.7099321709654618
1,6040,0.2,2.0,0.6466063269871036
1,6041,0.2,2.0,1.0282839098504464
1,6042,0.2,2.0,0.620289268426374
1,6043,0.2,2.0,0.47542577517453566
1,6044,0.2,2.0,0.6362596591103987
1,6045,0.2,2.0,0.2068588894803034
1,6046,0.2,2.0,0.8742072008113855
1,6047,0.2,2.0,0.2856199161719111
1,6048,0.2,2.0,0.9592873677931032
1,6049,0.2,2.0,0.9457559527001135
1,6050,0.2,2.0,0.8082397587175897
1,6051,0.2,2.0,0.8070107946539824
1,6052,0.2,2.0,0.42362171691029044
1,6053,0.2,2.0,0.2925821474407631
1,6054,0.2,2.0,0.45430838704270354
1,6055,0.2,2.0,0.43442276556003584
1,6056,0.2,2.0,0.351777028281216
1,6057,0.2,2.0,0.36548710812673413
1,6058,0.2,2.0,0.34614851099060806
1,6059,0.2,2.0,0.7680611814062793
1,6060,0.2,2.0,0.04207379403006985
1,6061,0.2,2.0,0.6516027896107148
1,6062,0.2,2.0,0.5587166673272694
1,6063,0.2,2.0,0.3994403513150659
1,6064,0.2,2.0,0.12535854087521536
1,6065,0.2,2.0,0.9625391830923299
1,6066,0.2,2.0,0.9506789335923886
1,6067,0.2,2.0,0.6551870304330364
1,6068,0.2,2.0,0.45706637911519166
1,6069,0.2,2.0,0.7020113015990802
1,6070,0.2,2.0,0.15678826772965365
1,6071,0.2,2.0,0.33610424956371204
1,6072,0.2,2.0,1.3248837509306721
1,6073,0.2,2.0,0.5516248198269437
1,6074,0.2,2.0,0.5487702074650302
1,6075,0.2,2.0,0.5303450280910819
1,6076,0.2,2.0,0.2101152524624368
1,6077,0.2,2.0,0.46364990269064926
1,6078,0.2,2.0,0.8281854234014748
1,6079,0.2,2.0,0.2449264347765247
1,6080,0.2,2.0,0.34153034459201
1,6081,0.2,2.0,0.428664221835792
1,6082,0.2,2.0,0.603403554474716
1,6083,0.2,2.0,0.9559812704066779
1,6084,0.2,2.0,0.7042574089071891
1,6085,0.2,2.0,0.15029742968509638
1,6086,0.2,2.0,0.24653535844242516
1,6087,0.2,2.0,0.20710274045206334
1,6088,0.2,2.0,0.4561898026536863
1,6089,0.2,2.0,0.8010469137396005
1,6090,0.2,2.0,0.43291024099824954
1,6091,0.2,2.0,0.7910264344548913
1,6092,0.2,2.0,0.6784459177493048
1,6093,0.2,2.0,0.395351678667047
1,6094,0.2,2.0,0.45136727858360554
1,6095,0.2,2.0,0.31772423568952346
1,6096,0.2,2.0,0.35432463804344533
1,6097,0.2,2.0,0.3428613869959687
1,6098,0.2,2.0,0.3827180855798651
1,6099,0.2,2.0,0.5142397576150817
1,6100,0.2,2.0,0.9623945069916863
1,6101,0.2,2.0,0.6146783539773626
1,6102,0.2,2.0,0.2925478749188194
1,6103,0.2,2.0,0.6271808120568184
1,6104,0.2,2.0,0.25151866127624845
1,6105,0.2,2.0,0.16060486070681365
1,6106,0.2,2.0,0.44129846747275225
1,6107,0.2,2.0,0.9576386337722966
1,6108,0.2,2.0,0.08554413423227748
1,6109,0.2,2.0,0.5767543939012538
1,6110,0.2,2.0,0.5293449302014342
1,6111,0.2,2.0,0.29568886193453014
1,6112,0.2,2.0,0.48998338855497786
1,6113,0.2,2.0,0.27076246839892737
1,6114,0.2,2.0,0.3401989387785178
1,6115,0.2,2.0,0.33835954393484385
1,6116,0.2,2.0,0.5400183881654594
1,6117,0.2,2.0,0.5434372784327766
1,6118,0.2,2.0,0.2039005508667557
1,6119,0.2,2.0,1.2178739456667773
1,6120,0.2,2.0,0.4133746369958834
1,6121,0.2,2.0,0.41347534260004487
1,6122,0.2,2.0,0.021879596551920958
1,6123,0.2,2.0,0.44224057433308167
1,6124,0.2,2.0,0.37667854358466635
1,6125,0.2,2.0,0.7314203121585964
1,6126,0.2,2.0,0.4340256723203746
1,6127,0.2,2.0,0.5071819488570961
1,6128,0.2,2.0,0.6609620978923599
1,6129,0.2,2.0,0.13236108497139928
1,6130,0.2,2.0,0.3741754893421866
1,6131,0.2,2.0,0.43164222830984733
1,6132,0.2,2.0,0.3204675181356419
1,6133,0.2,2.0,0.988243541881787
1,6134,0.2,2.0,0.34461431816917376
1,6135,0.2,2.0,0.6444412961333947
1,6136,0.2,2.0,0.6382626446306914
1,6137,0.2,2.0,0.7262212848089034
1,6138,0.2,2.0,0.33417018984808045
1,6139,0.2,2.0,0.5617213050054785
1,6140,0.2,2.0,0.6710474672896087
1,6141,0.2,2.0,0.5863041578454568
1,6142,0.2,2.0,0.7306159633075305
1,6143,0.2,2.0,0.3242003652640868
1,6144,0.2,2.0,0.2858551049543689
1,6145,0.2,2.0,0.2504337043537897
1,6146,0.2,2.0,0.2671763314632986
1,6147,0.2,2.0,0.7098272926217172
1,6148,0.2,2.0,0.794000472066195
1,6149,0.2,2.0,0.5464657483803542
1,6150,0.2,2.0,1.0297446263096246
1,6151,0.2,2.0,0.7533728258492651
1,6152,0.2,2.0,0.40336610085742486
1,6153,0.2,2.0,0.7049242522209891
1,6154,0.2,2.0,1.2267557187569045
1,6155,0.2,2.0,0.7643389546526077
1,6156,0.2,2.0,0.7636123924954226
1,6157,0.2,2.0,0.9123805888638221
1,6158,0.2,2.0,0.472278222404502
1,6159,0.2,2.0,0.40418086772603135
1,6160,0.2,2.0,0.47318680385354345
1,6161,0.2,2.0,0.6006833840615228
1,6162,0.2,2.0,0.24037681502318672
1,6163,0.2,2.0,0.5860920441432196
1,6164,0.2,2.0,0.9524221459489851
1,6165,0.2,2.0,0.41274073404383016
1,6166,0.2,2.0,0.6220472034692447
1,6167,0.2,2.0,0.2780184438774694
1,6168,0.2,2.0,0.11661428408302772
1,6169,0.2,2.0,0.37582008779327297
1,6170,0.2,2.0,1.1779998388444
1,6171,0.2,2.0,0.668277689017842
1,6172,0.2,2.0,0.7733426846241815
1,6173,0.2,2.0,0.8518294520080149
1,6174,0.2,2.0,0.28676171522792915
1,6175,0.2,2.0,0.5306417074512159
1,6176,0.2,2.0,0.4506452166815032
1,6177,0.2,2.0,0.4540578317264554
1,6178,0.2,2.0,0.9226551895831494
1,6179,0.2,2.0,0.5230607874703328
1,6180,0.2,2.0,0.778253282964689
1,6181,0.2,2.0,1.058991270550976
1,6182,0.2,2.0,0.4988975012338606
1,6183,0.2,2.0,0.5199714160268204
1,6184,0.2,2.0,0.29634107807118915
1,6185,0.2,2.0,0.22981032068560037
1,6186,0.2,2.0,1.17881548772207
1,6187,0.2,2.0,0.5211847109626292
1,6188,0.2,2.0,0.6274151277265266
1,6189,0.2,2.0,0.9713430599316971
1,6190,0.2,2.0,0.5037762524590835
1,6191,0.2,2.0,0.6722932207723975
1,6192,0.2,2.0,1.0067099167052036
1,6193,0.2,2.0,0.8234986648117476
1,6194,0.2,2.0,0.3213388493479508
1,6195,0.2,2.0,0.8942958163639407
1,6196,0.2,2.0,0.6568861351963259
1,6197,0.2,2.0,0.572000992626496
1,6198,0.2,2.0,0.3349554382808538
1,6199,0.2,2.0,0.9880251583585239
1,6200,0.2,2.0,0.7424173833313336
1,6201,0.2,2.0,0.8472579048009102
1,6202,0.2,2.0,0.5388608826420382
1,6203,0.2,2.0,1.0322940898519908
1,6204,0.2,2.0,0.39985688646911266
1,6205,0.2,2.0,0.38201402768633136
1,6206,0.2,2.0,0.479274216463395
1,6207,0.2,2.0,0.12386329077952848
1,6208,0.2,2.0,0.24415394828589304
1,6209,0.2,2.0,0.6072977994628296
1,6210,0.2,2.0,0.2507548231559988
1,6211,0.2,2.0,0.5628319713992839
1,6212,0.2,2.0,0.466312567366873
1,6213,0.2,2.0,0.27080912985958083
1,6214,0.2,2.0,0.201273260374637
1,6215,0.2,2.0,1.1296872247021
1,6216,0.2,2.0,0.6132843224839319
1,6217,0.2,2.0,0.31815624754362154
1,6218,0.2,2.0,0.1503462363057194
1,6219,0.2,2.0,0.22913688694749174
1,6220,0.2,2.0,0.7271532819892483
1,6221,0.2,2.0,1.0418400933867042
1,6222,0.2,2.0,0.4737241582813657
1,6223,0.2,2.0,1.1545086701849636
1,6224,0.2,2.0,0.440149194524935
1,6225,0.2,2.0,0.3362377225202988
1,6226,0.2,2.0,0.5867077584166072
1,6227,0.2,2.0,0.24840043847838805
1,6228,0.2,2.0,0.7412422695804584
1,6229,0.2,2.0,0.6685782881724965
1,6230,0.2,2.0,0.5444450629806541
1,6231,0.2,2.0,0.3627197201808526
1,6232,0.2,2.0,0.1735767965245092
1,6233,0.2,2.0,0.48008185220372296
1,6234,0.2,2.0,0.26339460032648343
1,6235,0.2,2.0,0.30266458565664706
1,6236,0.2,2.0,0.31681616973629595
1,6237,0.2,2.0,0.5527625243734638
1,6238,0.2,2.0,0.751290513216281
1,6239,0.2,2.0,1.0172502067327824
1,6240,0.2,2.0,1.1410137584769682
1,6241,0.2,2.0,0.3730141072864135
1,6242,0.2,2.0,0.6550956345030885
1,6243,0.2,2.0,0.47896408440645755
1,6244,0.2,2.0,0.39469047157773285
1,6245,0.2,2.0,0.542855854750558
1,6246,0.2,2.0,0.5102360589123592
1,6247,0.2,2.0,1.0544525888598093
1,6248,0.2,2.0,0.5316795557479903
1,6249,0.2,2.0,0.6250791714429699
1,6250,0.2,2.0,0.9430695092074393
1,6251,0.2,2.0,0.7304321344338389
1,6252,0.2,2.0,0.23487135101171006
1,6253,0.2,2.0,0.4192078347004397
1,6254,0.2,2.0,0.19465334966227826
1,6255,0.2,2.0,0.05577379084187476
1,6256,0.2,2.0,0.1661530949918706
1,6257,0.2,2.0,0.5224573498926239
1,6258,0.2,2.0,1.066274790776826
1,6259,0.2,2.0,1.1110254209434909
1,6260,0.2,2.0,1.136856567986487
1,6261,0.2,2.0,0.838688299023991
1,6262,0.2,2.0,0.7791548934335462
1,6263,0.2,2.0,0.5782449616738363
1,6264,0.2,2.0,0.07487638871103487
1,6265,0.2,2.0,0.8374330166492001
1,6266,0.2,2.0,0.5872043594279135
1,6267,0.2,2.0,0.188989952588831
1,6268,0.2,2.0,0.17663006572391168
1,6269,0.2,2.0,0.2781394562857922
1,6270,0.2,2.0,0.49256978103473126
1,6271,0.2,2.0,0.4400320298256414
1,6272,0.2,2.0,0.3748323075918445
1,6273,0.2,2.0,0.9895227634639372
1,6274,0.2,2.0,0.42423993040989216
1,6275,0.2,2.0,0.4296321828153899
1,6276,0.2,2.0,0.21459721752070918
1,6277,0.2,2.0,0.6278194418792257
1,6278,0.2,2.0,0.6070351406820909
1,6279,0.2,2.0,0.1437347820355209
1,6280,0.2,2.0,1.0665480616805236
1,6281,0.2,2.0,0.6957420716275152
1,6282,0.2,2.0,0.7295392095670332
1,6283,0.2,2.0,0.9891227587506264
1,6284,0.2,2.0,0.4607261390190557
1,6285,0.2,2.0,0.7133783796629631
1,6286,0.2,2.0,0.8350178283313788
1,6287,0.2,2.0,0.6663335284923534
1,6288,0.2,2.0,1.727222125419159
1,6289,0.2,2.0,0.3111907995963939
1,6290,0.2,2.0,0.2880287451468909
1,6291,0.2,2.0,0.5617705801816891
1,6292,0.2,2.0,0.2857689632152061
1,6293,0.2,2.0,0.2716105151987594
1,6294,0.2,2.0,0.7581078241417645
1,6295,0.2,2.0,0.757576101815833
1,6296,0.2,2.0,0.46353825618528716
1,6297,0.2,2.0,1.0379660883908486
1,6298,0.2,2.0,0.23027893324576396
1,6299,0.2,2.0,0.775938369196186
1,6300,0.2,2.0,0.2940369912101775
1,6301,0.2,2.0,0.1604823167242185
1,6302,0.2,2.0,0.29719123749926385
1,6303,0.2,2.0,0.7844127662561157
1,6304,0.2,2.0,0.45337956065391327
1,6305,0.2,2.0,0.6255053301720486
1,6306,0.2,2.0,0.4705569498649967
1,6307,0.2,2.0,0.6603291968635049
1,6308,0.2,2.0,0.48111446639115246
1,6309,0.2,2.0,0.5094935347004305
1,6310,0.2,2.0,0.15540660399460837
1,6311,0.2,2.0,0.32027050260243595
1,6312,0.2,2.0,0.853035074889338
1,6313,0.2,2.0,0.3091478663520228
1,6314,0.2,2.0,0.41319818527459545
1,6315,0.2,2.0,1.139434997012652
1,6316,0.2,2.0,0.3144535231991648
1,6317,0.2,2.0,0.46253526842116705
1,6318,0.2,2.0,0.36540830196377516
1,6319,0.2,2.0,0.24086649393972898
1,6320,0.2,2.0,0.22304277437142303
1,6321,0.2,2.0,0.25351046165792807
1,6322,0.2,2.0,0.4382121812356546
1,6323,0.2,2.0,0.6936216000067259
1,6324,0.2,2.0,1.0932900647259056
1,6325,0.2,2.0,0.8329631250144559
1,6326,0.2,2.0,0.5425013960070727
1,6327,0.2,2.0,0.1948496616786684
1,6328,0.2,2.0,1.252771067146922
1,6329,0.2,2.0,0.519494864930651
1,6330,0.2,2.0,0.3026479520945065
1,6331,0.2,2.0,0.10798930126551844
1,6332,0.2,2.0,0.26166670685637766
1,6333,0.2,2.0,0.35564506783446065
1,6334,0.2,2.0,0.8839087639606048
1,6335,0.2,2.0,0.49253246968779407
1,6336,0.2,2.0,0.11134165832198027
1,6337,0.2,2.0,0.4701850680467449
1,6338,0.2,2.0,0.17063865629616107
1,6339,0.2,2.0,0.3067258103320748
1,6340,0.2,2.0,0.1740743388069346
1,6341,0.2,2.0,0.9127830566198107
1,6342,0.2,2.0,0.3696190726946931
1,6343,0.2,2.0,0.7598136934674206
1,6344,0.2,2.0,0.560343470906359
1,6345,0.2,2.0,0.621742702501984
1,6346,0.2,2.0,0.742075054975824
1,6347,0.2,2.0,0.5021523006405257
1,6348,0.2,2.0,0.47024111668163204
1,6349,0.2,2.0,0.7137672912875376
1,6350,0.2,2.0,1.1813304554494413
1,6351,0.2,2.0,0.6359269323439624
1,6352,0.2,2.0,0.9557879463548293
1,6353,0.2,2.0,0.6990851471969335
1,6354,0.2,2.0,0.5658174326923618
1,6355,0.2,2.0,0.1891004683663743
1,6356,0.2,2.0,0.7250038114376808
1,6357,0.2,2.0,0.0869754051275501
1,6358,0.2,2.0,0.3392884723695519
1,6359,0.2,2.0,0.6288679314203469
1,6360,0.2,2.0,0.7064001405696027
1,6361,0.2,2.0,0.4585553426181826
1,6362,0.2,2.0,0.2551446061847733
1,6363,0.2,2.0,1.1083050857978942
1,6364,0.2,2.0,0.791117552082481
1,6365,0.2,2.0,1.0658362821592569
1,6366,0.2,2.0,0.68423171777845
1,6367,0.2,2.0,0.13117123811148199
1,6368,0.2,2.0,0.5455758979896863
1,6369,0.2,2.0,0.4599854943106579
1,6370,0.2,2.0,0.30600983993037884
1,6371,0.2,2.0,0.9517562499947593
1,6372,0.2,2.0,0.25695747743039316
1,6373,0.2,2.0,0.48523973588372804
1,6374,0.2,2.0,0.39437326224740493
1,6375,0.2,2.0,0.6523025293013329
1,6376,0.2,2.0,0.40248395556232436
1,6377,0.2,2.0,0.39214176300743914
1,6378,0.2,2.0,0.6424446114663435
1,6379,0.2,2.0,0.44835320964817066
1,6380,0.2,2.0,0.9509353490019952
1,6381,0.2,2.0,0.14201605175421417
1,6382,0.2,2.0,0.11723057853095228
1,6383,0.2,2.0,0.3301188741696522
1,6384,0.2,2.0,0.26607500062619494
1,6385,0.2,2.0,0.4256012578325112
1,6386,0.2,2.0,0.4368482680844653
1,6387,0.2,2.0,0.6453071177598858
1,6388,0.2,2.0,0.4972699548427762
1,6389,0.2,2.0,0.528272033503017
1,6390,0.2,2.0,0.5722865690279497
1,6391,0.2,2.0,0.4536676010755338
1,6392,0.2,2.0,0.35347020439877386
1,6393,0.2,2.0,0.13473777807233808
1,6394,0.2,2.0,0.6653896583535178
1,6395,0.2,2.0,0.36311934279194497
1,6396,0.2,2.0,1.3527290557474625
1,6397,0.2,2.0,0.442511657618264
1,6398,0.2,2.0,0.37170430737176385
1,6399,0.2,2.0,1.01132374352487
1,6400,0.2,2.0,1.577300825633738
1,6401,0.2,2.0,1.2979777500031429
1,6402,0.2,2.0,1.2575068380883352
1,6403,0.2,2.0,0.305492812117511
1,6404,0.2,2.0,0.7908154896343342
1,6405,0.2,2.0,0.7099822138833793
1,6406,0.2,2.0,0.5667057975274736
1,6407,0.2,2.0,0.6798089259521856
1,6408,0.2,2.0,1.209715334444799
1,6409,0.2,2.0,0.3109035595513027
1,6410,0.2,2.0,0.9067383437458855
1,6411,0.2,2.0,1.1366156647223855
1,6412,0.2,2.0,0.2754367015645702
1,6413,0.2,2.0,0.2467138234349079
1,6414,0.2,2.0,0.553683040392194
1,6415,0.2,2.0,0.1830335972885286
1,6416,0.2,2.0,0.34255346684099813
1,6417,0.2,2.0,0.11580519074511364
1,6418,0.2,2.0,0.892201757260439
1,6419,0.2,2.0,0.5185779581050728
1,6420,0.2,2.0,0.3089720568834734
1,6421,0.2,2.0,0.5185227463678023
1,6422,0.2,2.0,0.5564770232224743
1,6423,0.2,2.0,0.592784294879696
1,6424,0.2,2.0,0.12822585311467968
1,6425,0.2,2.0,0.44667962563451574
1,6426,0.2,2.0,0.5682461748567357
1,6427,0.2,2.0,0.27669658110767187
1,6428,0.2,2.0,1.059934718899976
1,6429,0.2,2.0,0.349664192058552
1,6430,0.2,2.0,0.6963378212172275
1,6431,0.2,2.0,0.2942665815327874
1,6432,0.2,2.0,0.36124623785262827
1,6433,0.2,2.0,0.8179063060888795
1,6434,0.2,2.0,0.4419345771139095
1,6435,0.2,2.0,0.38246167665603353
1,6436,0.2,2.0,0.8150437066092882
1,6437,0.2,2.0,1.2136861225025783
1,6438,0.2,2.0,0.7505860284024892
1,6439,0.2,2.0,0.6010533594617853
1,6440,0.2,2.0,0.37089406900027644
1,6441,0.2,2.0,0.22030533219803525
1,6442,0.2,2.0,0.23249204761334097
1,6443,0.2,2.0,0.8572614793367067
1,6444,0.2,2.0,0.28205059287194506
1,6445,0.2,2.0,0.6854151847166601
1,6446,0.2,2.0,0.712064936326779
1,6447,0.2,2.0,0.46926272040681083
1,6448,0.2,2.0,0.3542285498914366
1,6449,0.2,2.0,0.6874561681210984
1,6450,0.2,2.0,0.2802852370833363
1,6451,0.2,2.0,0.7163047870531558
1,6452,0.2,2.0,0.509441332623548
1,6453,0.2,2.0,0.12208395869749795
1,6454,0.2,2.0,0.2857047201379333
1,6455,0.2,2.0,0.8261964708553685
1,6456,0.2,2.0,0.8024849323344448
1,6457,0.2,2.0,0.2744731217795526
1,6458,0.2,2.0,0.4086766965397328
1,6459,0.2,2.0,0.5975955617122722
1,6460,0.2,2.0,0.7892931277087432
1,6461,0.2,2.0,0.5677572522076098
1,6462,0.2,2.0,0.7217943556491415
1,6463,0.2,2.0,0.4850875661884392
1,6464,0.2,2.0,0.5503086237838026
1,6465,0.2,2.0,0.6254994776766682
1,6466,0.2,2.0,0.4373137871303332
1,6467,0.2,2.0,0.3607765835825593
1,6468,0.2,2.0,0.15247624282872027
1,6469,0.2,2.0,0.6308618067351094
1,6470,0.2,2.0,0.36868480988915625
1,6471,0.2,2.0,0.5270701546905708
1,6472,0.2,2.0,0.45272731827842244
1,6473,0.2,2.0,0.22422513544481815
1,6474,0.2,2.0,0.3922093388783676
1,6475,0.2,2.0,0.5608662540277717
1,6476,0.2,2.0,0.6001937935420627
1,6477,0.2,2.0,0.24825182639623752
1,6478,0.2,2.0,0.9070277395487726
1,6479,0.2,2.0,0.758213510564049
1,6480,0.2,2.0,0.2937961637612301
1,6481,0.2,2.0,0.6069494035348812
1,6482,0.2,2.0,0.1639345206957519
1,6483,0.2,2.0,0.2644976950010889
1,6484,0.2,2.0,0.3064002135868296
1,6485,0.2,2.0,0.4651224457742734
1,6486,0.2,2.0,0.5994218918827321
1,6487,0.2,2.0,1.1526282079151164
1,6488,0.2,2.0,0.4461594076329464
1,6489,0.2,2.0,0.8129965849127715
1,6490,0.2,2.0,0.12045406166393137
1,6491,0.2,2.0,0.44980197925414406
1,6492,0.2,2.0,1.040501496935711
1,6493,0.2,2.0,0.8610843613534953
1,6494,0.2,2.0,0.4162600471237076
1,6495,0.2,2.0,1.2820648152822935
1,6496,0.2,2.0,0.6251484786518055
1,6497,0.2,2.0,0.312792336834109
1,6498,0.2,2.0,0.4378287001473743
1,6499,0.2,2.0,0.09146915345096143
1,6500,0.2,2.0,0.6742264753231331
1,6501,0.2,2.0,0.08070049384423839
1,6502,0.2,2.0,0.39024596039529674
1,6503,0.2,2.0,0.18389380075194672
1,6504,0.2,2.0,1.0823767517022653
1,6505,0.2,2.0,0.9137115657382259
1,6506,0.2,2.0,0.5767633490153681
1,6507,0.2,2.0,0.9606576570292045
1,6508,0.2,2.0,1.4912799207430474
1,6509,0.2,2.0,0.5821924781471683
1,6510,0.2,2.0,0.4728022548845659
1,6511,0.2,2.0,0.8380010889227707
1,6512,0.2,2.0,0.37074506992207024
1,6513,0.2,2.0,0.6624188663085155
1,6514,0.2,2.0,0.5813773433924556
1,6515,0.2,2.0,0.4847205813015089
1,6516,0.2,2.0,0.2215329924201337
1,6517,0.2,2.0,0.7516902819910786
1,6518,0.2,2.0,0.16443298429900605
1,6519,0.2,2.0,0.12579960550662603
1,6520,0.2,2.0,0.2941498956778155
1,6521,0.2,2.0,0.9391342861131002
1,6522,0.2,2.0,0.5511430628647018
1,6523,0.2,2.0,0.24458827144491596
1,6524,0.2,2.0,0.2819534752191589
1,6525,0.2,2.0,0.2486138567232105
1,6526,0.2,2.0,0.14996915032752436
1,6527,0.2,2.0,0.32677712341477405
1,6528,0.2,2.0,0.7535835208005498
1,6529,0.2,2.0,0.770086926997776
1,6530,0.2,2.0,0.35794568685969635
1,6531,0.2,2.0,1.025769185214143
1,6532,0.2,2.0,0.2668831032231934
1,6533,0.2,2.0,0.9580125381658078
1,6534,0.2,2.0,0.4878278532880795
1,6535,0.2,2.0,0.2659839678812805
1,6536,0.2,2.0,0.20949106723219812
1,6537,0.2,2.0,0.8776296905330405
1,6538,0.2,2.0,0.30049477635669236
1,6539,0.2,2.0,1.1911473272432198
1,6540,0.2,2.0,0.5464832774663544
1,6541,0.2,2.0,0.8140423420341916
1,6542,0.2,2.0,0.917946403088751
1,6543,0.2,2.0,0.35903601865162965
1,6544,0.2,2.0,0.6646407785392716
1,6545,0.2,2.0,0.36741873280552895
1,6546,0.2,2.0,0.47750501841620524
1,6547,0.2,2.0,0.33908859334758673
1,6548,0.2,2.0,0.3408351451942268
1,6549,0.2,2.0,0.41307629721975203
1,6550,0.2,2.0,0.1310220081211918
1,6551,0.2,2.0,0.26755633508544685
1,6552,0.2,2.0,0.3333025073918679
1,6553,0.2,2.0,0.6174482352919626
1,6554,0.2,2.0,0.2524588394391986
1,6555,0.2,2.0,0.23632371902526647
1,6556,0.2,2.0,0.8189028300487929
1,6557,0.2,2.0,0.5420242537865132
1,6558,0.2,2.0,0.07678886832527904
1,6559,0.2,2.0,0.569380108175707
1,6560,0.2,2.0,0.4570330425056283
1,6561,0.2,2.0,1.2229873525746457
1,6562,0.2,2.0,0.5016566603715142
1,6563,0.2,2.0,0.843782158781462
1,6564,0.2,2.0,0.6915610835922126
1,6565,0.2,2.0,0.7600742068297387
1,6566,0.2,2.0,0.7861338397573863
1,6567,0.2,2.0,0.5441731904165747
1,6568,0.2,2.0,0.878634655138567
1,6569,0.2,2.0,0.6175331542882255
1,6570,0.2,2.0,0.7961867498697981
1,6571,0.2,2.0,0.1466237040002956
1,6572,0.2,2.0,0.5104666389017866
1,6573,0.2,2.0,1.0876483065548743
1,6574,0.2,2.0,0.42764882786115427
1,6575,0.2,2.0,0.32426690790960144
1,6576,0.2,2.0,0.3193501129809665
1,6577,0.2,2.0,1.2498643214511256
1,6578,0.2,2.0,0.4002196394772864
1,6579,0.2,2.0,1.5358758495507847
1,6580,0.2,2.0,0.3425947335255707
1,6581,0.2,2.0,0.5191825745923456
1,6582,0.2,2.0,0.33195731444992
1,6583,0.2,2.0,0.5412728240144321
1,6584,0.2,2.0,0.2586737868905268
1,6585,0.2,2.0,0.871036273850529
1,6586,0.2,2.0,0.19960280499324817
1,6587,0.2,2.0,0.0586497808684578
1,6588,0.2,2.0,0.4932507391745902
1,6589,0.2,2.0,0.4673735997428788
1,6590,0.2,2.0,0.7746630328690026
1,6591,0.2,2.0,0.3739523178947721
1,6592,0.2,2.0,1.00407474946293
1,6593,0.2,2.0,0.42855921659983
1,6594,0.2,2.0,0.7177154122182973
1,6595,0.2,2.0,0.48851073961409053
1,6596,0.2,2.0,0.7109399824291519
1,6597,0.2,2.0,0.19059154018036903
1,6598,0.2,2.0,0.4989342157822721
1,6599,0.2,2.0,0.4169690627561919
1,6600,0.2,2.0,0.6731705883607976
1,6601,0.2,2.0,0.9936243965251256
1,6602,0.2,2.0,0.2716987587476596
1,6603,0.2,2.0,0.3253595450904123
1,6604,0.2,2.0,0.6490612963404631
1,6605,0.2,2.0,0.5089735761781007
1,6606,0.2,2.0,0.33046682475787953
1,6607,0.2,2.0,0.6644836273652934
1,6608,0.2,2.0,0.3496511108024923
1,6609,0.2,2.0,0.5833029290306299
1,6610,0.2,2.0,0.2664405896871952
1,6611,0.2,2.0,0.5603450740028346
1,6612,0.2,2.0,0.9061318804031403
1,6613,0.2,2.0,0.48632158894101096
1,6614,0.2,2.0,0.6255055747636415
1,6615,0.2,2.0,0.25062908611578255
1,6616,0.2,2.0,0.5589778263650939
1,6617,0.2,2.0,0.4585675709463911
1,6618,0.2,2.0,0.7106209815763227
1,6619,0.2,2.0,0.6099117616968662
1,6620,0.2,2.0,0.7749742737797453
1,6621,0.2,2.0,0.43042882353372525
1,6622,0.2,2.0,0.5614304047294758
1,6623,0.2,2.0,0.3999056455965502
1,6624,0.2,2.0,0.07844242680988987
1,6625,0.2,2.0,0.40367488422387016
1,6626,0.2,2.0,0.8997236336532619
1,6627,0.2,2.0,0.9854761938776377
1,6628,0.2,2.0,0.7268405096746114
1,6629,0.2,2.0,0.9052528188968217
1,6630,0.2,2.0,0.9173518646096204
1,6631,0.2,2.0,0.4528249580694003
1,6632,0.2,2.0,0.20276667023273673
1,6633,0.2,2.0,0.3300587517255921
1,6634,0.2,2.0,0.2838998955109159
1,6635,0.2,2.0,0.6538261232789645
1,6636,0.2,2.0,0.03382715302379806
1,6637,0.2,2.0,0.9843165871926204
1,6638,0.2,2.0,0.4309374429924262
1,6639,0.2,2.0,0.7708783126011525
1,6640,0.2,2.0,0.14691631485288698
1,6641,0.2,2.0,0.40974310655206714
1,6642,0.2,2.0,1.0992028880684415
1,6643,0.2,2.0,0.14425415609956224
1,6644,0.2,2.0,0.5890616640405502
1,6645,0.2,2.0,0.9203081988591735
1,6646,0.2,2.0,0.7472448841311382
1,6647,0.2,2.0,0.744107762577032
1,6648,0.2,2.0,0.44208478637134885
1,6649,0.2,2.0,0.7653432003424305
1,6650,0.2,2.0,0.6607104163251742
1,6651,0.2,2.0,0.39779686071095216
1,6652,0.2,2.0,0.547182441378651
1,6653,0.2,2.0,0.15263143965858839
1,6654,0.2,2.0,0.25569093551139527
1,6655,0.2,2.0,0.7742297270695743
1,6656,0.2,2.0,0.8009303620174353
1,6657,0.2,2.0,0.6226311431792071
1,6658,0.2,2.0,0.6630812697691039
1,6659,0.2,2.0,0.6632636191107936
1,6660,0.2,2.0,0.5568229885785753
1,6661,0.2,2.0,0.4424529149793405
1,6662,0.2,2.0,0.13616034321069367
1,6663,0.2,2.0,0.5370611370949157
1,6664,0.2,2.0,0.20802240838175542
1,6665,0.2,2.0,0.9864437957087818
1,6666,0.2,2.0,0.6991506130036884
1,6667,0.2,2.0,0.3810940289934397
1,6668,0.2,2.0,0.45225668241735545
1,6669,0.2,2.0,0.2552563687005396
1,6670,0.2,2.0,0.7359494931445449
1,6671,0.2,2.0,0.6702442360839355
1,6672,0.2,2.0,0.863544213250238
1,6673,0.2,2.0,0.8472944205713396
1,6674,0.2,2.0,0.4595393161031062
1,6675,0.2,2.0,0.09157761515756986
1,6676,0.2,2.0,1.7145850480740548
1,6677,0.2,2.0,0.6221305058438834
1,6678,0.2,2.0,0.5452053947491844
1,6679,0.2,2.0,0.5349451246465454
1,6680,0.2,2.0,0.568090742063122
1,6681,0.2,2.0,0.816356826936495
1,6682,0.2,2.0,0.7531596297680238
1,6683,0.2,2.0,0.5561726169954926
1,6684,0.2,2.0,0.4886714765225176
1,6685,0.2,2.0,0.42584569296352937
1,6686,0.2,2.0,0.5528159629127941
1,6687,0.2,2.0,0.5796885596678657
1,6688,0.2,2.0,0.3476392863566305
1,6689,0.2,2.0,1.1889878022103006
1,6690,0.2,2.0,0.6517887200659246
1,6691,0.2,2.0,0.5992155882122966
1,6692,0.2,2.0,0.6219712909427264
1,6693,0.2,2.0,1.0733908366761373
1,6694,0.2,2.0,1.5621586191533254
1,6695,0.2,2.0,0.43762423439600184
1,6696,0.2,2.0,0.1685402655817359
1,6697,0.2,2.0,0.4022198707720267
1,6698,0.2,2.0,1.2884758821175784
1,6699,0.2,2.0,0.3968778321511306
1,6700,0.2,2.0,0.30643082457552945
1,6701,0.2,2.0,0.6218660532304471
1,6702,0.2,2.0,0.48440062354859115
1,6703,0.2,2.0,0.28430778225036374
1,6704,0.2,2.0,0.337132517393318
1,6705,0.2,2.0,0.8249407630415985
1,6706,0.2,2.0,0.7974727443774521
1,6707,0.2,2.0,0.9110180390156849
1,6708,0.2,2.0,0.7307398801662263
1,6709,0.2,2.0,0.22961402286269458
1,6710,0.2,2.0,0.6374676046664894
1,6711,0.2,2.0,0.5564622491957191
1,6712,0.2,2.0,0.18576936867184887
1,6713,0.2,2.0,0.41260793212665764
1,6714,0.2,2.0,0.6479914829695431
1,6715,0.2,2.0,0.29275403324796867
1,6716,0.2,2.0,0.5102373992464394
1,6717,0.2,2.0,0.9174817528421784
1,6718,0.2,2.0,0.7523254647281238
1,6719,0.2,2.0,0.3148160062098221
1,6720,0.2,2.0,0.7617212441335638
1,6721,0.2,2.0,0.7101348375382213
1,6722,0.2,2.0,0.3740914549990436
1,6723,0.2,2.0,0.6007436226890928
1,6724,0.2,2.0,0.2162059031788546
1,6725,0.2,2.0,1.2274198693098892
1,6726,0.2,2.0,0.6148566735662944
1,6727,0.2,2.0,0.7767532940247124
1,6728,0.2,2.0,0.17825321188009763
1,6729,0.2,2.0,0.3507808529756604
1,6730,0.2,2.0,0.15353898131016072
1,6731,0.2,2.0,0.6440460417462912
1,6732,0.2,2.0,0.1847045115131342
1,6733,0.2,2.0,0.4064019594428165
1,6734,0.2,2.0,0.5625243285042968
1,6735,0.2,2.0,0.28989191318643903
1,6736,0.2,2.0,0.37829615399272665
1,6737,0.2,2.0,0.09415069915266913
1,6738,0.2,2.0,0.1056679862424811
1,6739,0.2,2.0,0.4115780719186113
1,6740,0.2,2.0,0.3022799788529049
1,6741,0.2,2.0,0.3882576386085011
1,6742,0.2,2.0,0.7147493559776128
1,6743,0.2,2.0,0.28989224007133235
1,6744,0.2,2.0,0.2532727386879204
1,6745,0.2,2.0,0.12157172410817488
1,6746,0.2,2.0,0.6288595583417254
1,6747,0.2,2.0,1.2092466400125697
1,6748,0.2,2.0,0.45845462277742394
1,6749,0.2,2.0,0.37289203840008345
1,6750,0.2,2.0,0.3120985392082543
1,6751,0.2,2.0,0.5035352873862762
1,6752,0.2,2.0,0.7960736158307818
1,6753,0.2,2.0,0.876122190148776
1,6754,0.2,2.0,0.6294455336902393
1,6755,0.2,2.0,0.7343495518380895
1,6756,0.2,2.0,0.5189358887499975
1,6757,0.2,2.0,1.1504636073927408
1,6758,0.2,2.0,0.28846417567992416
1,6759,0.2,2.0,0.4194971362292115
1,6760,0.2,2.0,0.655287237597628
1,6761,0.2,2.0,0.5853515312896351
1,6762,0.2,2.0,0.6939019290642867
1,6763,0.2,2.0,0.3929742448486623
1,6764,0.2,2.0,0.7034318255130168
1,6765,0.2,2.0,0.3687674009446062
1,6766,0.2,2.0,0.7062272359132895
1,6767,0.2,2.0,0.9126057326225829
1,6768,0.2,2.0,0.7533438995820918
1,6769,0.2,2.0,0.362057672365077
1,6770,0.2,2.0,0.29249898384306605
1,6771,0.2,2.0,0.5591277628769867
1,6772,0.2,2.0,0.5885165309622878
1,6773,0.2,2.0,0.3096193306070367
1,6774,0.2,2.0,0.18049148473797733
1,6775,0.2,2.0,0.08843598192085773
1,6776,0.2,2.0,1.1104085303632725
1,6777,0.2,2.0,1.1571951639483047
1,6778,0.2,2.0,0.9336547464497694
1,6779,0.2,2.0,0.5447190533700181
1,6780,0.2,2.0,0.1888415860187149
1,6781,0.2,2.0,1.1283450299899878
1,6782,0.2,2.0,1.3043300140495386
1,6783,0.2,2.0,0.49206669788557433
1,6784,0.2,2.0,1.2280171263876143
1,6785,0.2,2.0,0.3584954057876373
1,6786,0.2,2.0,0.6790791937011093
1,6787,0.2,2.0,0.22155461742680074
1,6788,0.2,2.0,0.5488636193161762
1,6789,0.2,2.0,0.2996726824813604
1,6790,0.2,2.0,0.5576503406783346
1,6791,0.2,2.0,0.6959770164890787
1,6792,0.2,2.0,1.01947540602924
1,6793,0.2,2.0,0.39030306707182805
1,6794,0.2,2.0,0.06329180468603289
1,6795,0.2,2.0,0.7829543848665926
1,6796,0.2,2.0,0.47531410557888926
1,6797,0.2,2.0,0.1816507669868433
1,6798,0.2,2.0,0.8171659172142167
1,6799,0.2,2.0,0.26992102290706793
1,6800,0.2,2.0,0.3459322445540073
1,6801,0.2,2.0,0.8058820160025891
1,6802,0.2,2.0,0.3572841599818601
1,6803,0.2,2.0,0.8014812865299596
1,6804,0.2,2.0,0.32377637383749963
1,6805,0.2,2.0,0.7154852331309475
1,6806,0.2,2.0,0.05781037086422997
1,6807,0.2,2.0,0.5189099609065075
1,6808,0.2,2.0,0.20790725629679285
1,6809,0.2,2.0,0.7685321654924484
1,6810,0.2,2.0,0.6728349236443449
1,6811,0.2,2.0,0.033411642344536856
1,6812,0.2,2.0,0.5160880519428359
1,6813,0.2,2.0,0.2883055676017934
1,6814,0.2,2.0,0.48251765084719256
1,6815,0.2,2.0,0.4717434615070979
1,6816,0.2,2.0,0.8444651265004338
1,6817,0.2,2.0,0.24878220458827124
1,6818,0.2,2.0,0.5532948611564631
1,6819,0.2,2.0,0.3269913773779243
1,6820,0.2,2.0,0.3523545500513977
1,6821,0.2,2.0,0.4973568747426702
1,6822,0.2,2.0,0.7665666756236734
1,6823,0.2,2.0,0.5363987372257839
1,6824,0.2,2.0,0.9383626416132835
1,6825,0.2,2.0,0.5791168631294717
1,6826,0.2,2.0,0.40367888268173285
1,6827,0.2,2.0,0.49902312628285667
1,6828,0.2,2.0,0.7353189856319711
1,6829,0.2,2.0,0.8016795697098523
1,6830,0.2,2.0,0.07049374236520739
1,6831,0.2,2.0,0.3431677487411981
1,6832,0.2,2.0,1.1065868659238494
1,6833,0.2,2.0,0.7934670272147717
1,6834,0.2,2.0,0.6259642893416475
1,6835,0.2,2.0,0.8909398737173194
1,6836,0.2,2.0,0.6399645810688328
1,6837,0.2,2.0,0.4121968119934887
1,6838,0.2,2.0,0.7367090594382921
1,6839,0.2,2.0,0.5065519496837642
1,6840,0.2,2.0,1.6462909329416475
1,6841,0.2,2.0,0.19421076134735768
1,6842,0.2,2.0,0.32990849514048504
1,6843,0.2,2.0,0.6225370267111352
1,6844,0.2,2.0,0.5246421576573539
1,6845,0.2,2.0,0.4267209388655513
1,6846,0.2,2.0,0.35309757289151433
1,6847,0.2,2.0,0.39636153750312664
1,6848,0.2,2.0,0.19343976696662118
1,6849,0.2,2.0,1.2033310894973162
1,6850,0.2,2.0,0.2605293398414948
1,6851,0.2,2.0,0.3123973037566736
1,6852,0.2,2.0,0.6187313253007561
1,6853,0.2,2.0,0.612662841495739
1,6854,0.2,2.0,0.22391676561909427
1,6855,0.2,2.0,0.479506258101504
1,6856,0.2,2.0,0.9281141145703229
1,6857,0.2,2.0,0.4396868742297965
1,6858,0.2,2.0,0.4069654561275349
1,6859,0.2,2.0,1.0942775401080953
1,6860,0.2,2.0,0.548098937159586
1,6861,0.2,2.0,0.5223644075416981
1,6862,0.2,2.0,0.673754870198055
1,6863,0.2,2.0,0.2924315324646871
1,6864,0.2,2.0,0.4669755892258661
1,6865,0.2,2.0,0.33667005302504804
1,6866,0.2,2.0,0.08101154872816813
1,6867,0.2,2.0,0.5233627032010353
1,6868,0.2,2.0,0.8572829176930751
1,6869,0.2,2.0,0.2726266103907675
1,6870,0.2,2.0,0.8822924269347172
1,6871,0.2,2.0,0.7627834414406836
1,6872,0.2,2.0,0.38124868109394633
1,6873,0.2,2.0,0.27659100474418297
1,6874,0.2,2.0,0.5470754852355554
1,6875,0.2,2.0,0.3893794303110906
1,6876,0.2,2.0,1.061858940537671
1,6877,0.2,2.0,0.49592287538715324
1,6878,0.2,2.0,1.0725590261813696
1,6879,0.2,2.0,0.24825942952358732
1,6880,0.2,2.0,0.8313149977216783
1,6881,0.2,2.0,0.18605851476408483
1,6882,0.2,2.0,0.4878652369923082
1,6883,0.2,2.0,0.6674199182038356
1,6884,0.2,2.0,0.4579224759143994
1,6885,0.2,2.0,0.1924659245471637
1,6886,0.2,2.0,0.46645530733743323
1,6887,0.2,2.0,0.44587168548597833
1,6888,0.2,2.0,0.6894468294885786
1,6889,0.2,2.0,0.4593453215610771
1,6890,0.2,2.0,0.610757647275184
1,6891,0.2,2.0,0.9651920193607445
1,6892,0.2,2.0,0.6617822018260298
1,6893,0.2,2.0,0.9174287632620358
1,6894,0.2,2.0,0.9048790956398945
1,6895,0.2,2.0,0.8088299731823121
1,6896,0.2,2.0,0.9856988902129276
1,6897,0.2,2.0,1.067610074387697
1,6898,0.2,2.0,0.5714051359438898
1,6899,0.2,2.0,0.5723645005569028
1,6900,0.2,2.0,0.9788742960435626
1,6901,0.2,2.0,0.6176853553796949
1,6902,0.2,2.0,0.6932145347162763
1,6903,0.2,2.0,0.7406650728429706
1,6904,0.2,2.0,0.42286999123133945
1,6905,0.2,2.0,0.501514474899907
1,6906,0.2,2.0,1.1855603453255834
1,6907,0.2,2.0,0.7041853418581262
1,6908,0.2,2.0,0.8279480984594993
1,6909,0.2,2.0,0.7772702394660171
1,6910,0.2,2.0,0.35461198345860917
1,6911,0.2,2.0,0.28465317457243844
1,6912,0.2,2.0,0.7312815091382102
1,6913,0.2,2.0,0.23524005306417756
1,6914,0.2,2.0,0.3654455122880761
1,6915,0.2,2.0,0.6491964263850578
1,6916,0.2,2.0,0.3883556590310081
1,6917,0.2,2.0,1.0784369934123472
1,6918,0.2,2.0,0.3170129266661912
1,6919,0.2,2.0,1.1925017554393633
1,6920,0.2,2.0,0.4051196512110652
1,6921,0.2,2.0,0.7613545614556692
1,6922,0.2,2.0,0.6283134543880438
1,6923,0.2,2.0,0.6944448384029501
1,6924,0.2,2.0,0.28684607258709743
1,6925,0.2,2.0,1.1402326470918014
1,6926,0.2,2.0,0.5960820020616949
1,6927,0.2,2.0,0.8441437612531311
1,6928,0.2,2.0,0.5774280813791488
1,6929,0.2,2.0,0.6193991609750366
1,6930,0.2,2.0,0.6341576020410002
1,6931,0.2,2.0,0.20195465938739746
1,6932,0.2,2.0,0.9070081234505739
1,6933,0.2,2.0,0.3897142216457203
1,6934,0.2,2.0,0.8185744737187545
1,6935,0.2,2.0,1.2393927666378046
1,6936,0.2,2.0,0.42978555049639494
1,6937,0.2,2.0,0.736770789682638
1,6938,0.2,2.0,1.1573828562107604
1,6939,0.2,2.0,0.33783612593367657
1,6940,0.2,2.0,0.1881793041630513
1,6941,0.2,2.0,0.5454201359454707
1,6942,0.2,2.0,0.47524147137480405
1,6943,0.2,2.0,0.2127332736267778
1,6944,0.2,2.0,0.4097991932398642
1,6945,0.2,2.0,0.20463646683427336
1,6946,0.2,2.0,1.0274825694351473
1,6947,0.2,2.0,0.6151491467526912
1,6948,0.2,2.0,0.6759046197453982
1,6949,0.2,2.0,0.13812758725288932
1,6950,0.2,2.0,0.5310537770629223
1,6951,0.2,2.0,0.3810646934529588
1,6952,0.2,2.0,0.14855432734140336
1,6953,0.2,2.0,0.4805643049111534
1,6954,0.2,2.0,0.5785609523923414
1,6955,0.2,2.0,1.2148253350375244
1,6956,0.2,2.0,0.9193646934159122
1,6957,0.2,2.0,0.6395782175853533
1,6958,0.2,2.0,0.7953632367901856
1,6959,0.2,2.0,0.49933444983221137
1,6960,0.2,2.0,0.6327728777193427
1,6961,0.2,2.0,0.479033167640469
1,6962,0.2,2.0,0.2784188960386213
1,6963,0.2,2.0,0.5535947959265344
1,6964,0.2,2.0,0.1278353546026034
1,6965,0.2,2.0,0.49750313579002325
1,6966,0.2,2.0,0.6884657271477358
1,6967,0.2,2.0,0.5921530472481724
1,6968,0.2,2.0,0.2594315765439409
1,6969,0.2,2.0,0.39577154043106105
1,6970,0.2,2.0,0.14900069100687757
1,6971,0.2,2.0,0.5796049404599534
1,6972,0.2,2.0,0.3504730125453447
1,6973,0.2,2.0,1.5315382634261843
1,6974,0.2,2.0,0.1780888327679953
1,6975,0.2,2.0,0.428385001530568
1,6976,0.2,2.0,0.656990489095543
1,6977,0.2,2.0,0.21681978285915204
1,6978,0.2,2.0,1.1406463571033556
1,6979,0.2,2.0,0.27964681117700024
1,6980,0.2,2.0,0.4209637596722267
1,6981,0.2,2.0,0.6981046209380762
1,6982,0.2,2.0,0.247434960451314
1,6983,0.2,2.0,0.5173059377685841
1,6984,0.2,2.0,0.9917326895405337
1,6985,0.2,2.0,1.0270712491448493
1,6986,0.2,2.0,0.5600399468727352
1,6987,0.2,2.0,0.8102362148246863
1,6988,0.2,2.0,0.6741038868783688
1,6989,0.2,2.0,0.3311003383050808
1,6990,0.2,2.0,0.5229885901007507
1,6991,0.2,2.0,0.14056125858927374
1,6992,0.2,2.0,0.8734475924251429
1,6993,0.2,2.0,0.2396288994326824
1,6994,0.2,2.0,0.39423122800326893
1,6995,0.2,2.0,0.4433403868173335
1,6996,0.2,2.0,0.05871809061730668
1,6997,0.2,2.0,0.5088619095516366
1,6998,0.2,2.0,0.41320866499689535
1,6999,0.2,2.0,0.2593041374862082
1,7000,0.2,2.0,0.2552770280703301
1,7001,0.2,2.0,0.8372159120063785
1,7002,0.2,2.0,0.8192635862558242
1,7003,0.2,2.0,0.8628329295089725
1,7004,0.2,2.0,0.2303037421858877
1,7005,0.2,2.0,0.16302344294587248
1,7006,0.2,2.0,0.15383478784674032
1,7007,0.2,2.0,0.2115865170283549
1,7008,0.2,2.0,0.42874733782852303
1,7009,0.2,2.0,0.39069700048756695
1,7010,0.2,2.0,0.7883637601998661
1,7011,0.2,2.0,0.5757959927293034
1,7012,0.2,2.0,0.523874098466415
1,7013,0.2,2.0,1.2072312264357639
1,7014,0.2,2.0,0.4475291093703046
1,7015,0.2,2.0,1.1056562304492987
1,7016,0.2,2.0,0.3973596965282569
1,7017,0.2,2.0,0.5863614856648108
1,7018,0.2,2.0,0.8397753683797666
1,7019,0.2,2.0,0.46564538809380507
1,7020,0.2,2.0,0.8497215512725973
1,7021,0.2,2.0,0.18821020142857228
1,7022,0.2,2.0,0.900447869043094
1,7023,0.2,2.0,0.0902026581952817
1,7024,0.2,2.0,0.09814114448164608
1,7025,0.2,2.0,0.34888333253942777
1,7026,0.2,2.0,1.0895226445590986
1,7027,0.2,2.0,0.5166804833402284
1,7028,0.2,2.0,0.21215079060909195
1,7029,0.2,2.0,0.09576002265581922
1,7030,0.2,2.0,0.4428216293810582
1,7031,0.2,2.0,0.722453332626377
1,7032,0.2,2.0,0.39020049935553247
1,7033,0.2,2.0,0.24964101442281947
1,7034,0.2,2.0,0.24699027155285144
1,7035,0.2,2.0,0.42647185683709504
1,7036,0.2,2.0,0.24024462918399395
1,7037,0.2,2.0,0.48617161321794167
1,7038,0.2,2.0,0.21215913732536548
1,7039,0.2,2.0,0.5809056004820443
1,7040,0.2,2.0,0.9989679384326395
1,7041,0.2,2.0,0.819970735929618
1,7042,0.2,2.0,0.7629555665663905
1,7043,0.2,2.0,0.601323353429963
1,7044,0.2,2.0,0.4207303417639557
1,7045,0.2,2.0,0.37405320738973014
1,7046,0.2,2.0,0.541394397957366
1,7047,0.2,2.0,0.6895399905537705
1,7048,0.2,2.0,0.8285545164250581
1,7049,0.2,2.0,0.9534065352110942
1,7050,0.2,2.0,0.21874443299361856
1,7051,0.2,2.0,0.453803563636858
1,7052,0.2,2.0,0.5416944454532729
1,7053,0.2,2.0,0.22836246687174067
1,7054,0.2,2.0,0.8628389580003902
1,7055,0.2,2.0,0.36816992334122317
1,7056,0.2,2.0,0.6208661294866655
1,7057,0.2,2.0,0.6624303206551649
1,7058,0.2,2.0,0.1877886933434561
1,7059,0.2,2.0,0.71530901435214
1,7060,0.2,2.0,0.35924252249784044
1,7061,0.2,2.0,0.5634570656554484
1,7062,0.2,2.0,1.0628188844645585
1,7063,0.2,2.0,0.5584893134280109
1,7064,0.2,2.0,0.46000199213652576
1,7065,0.2,2.0,0.3489037875090805
1,7066,0.2,2.0,0.5773996140103035
1,7067,0.2,2.0,0.430774297607816
1,7068,0.2,2.0,0.388265930302813
1,7069,0.2,2.0,0.68629791280761
1,7070,0.2,2.0,1.0728439399322454
1,7071,0.2,2.0,0.31991361046441397
1,7072,0.2,2.0,0.1959650280043434
1,7073,0.2,2.0,0.8506000138261608
1,7074,0.2,2.0,0.5566055240724515
1,7075,0.2,2.0,0.7918246095680275
1,7076,0.2,2.0,0.3600929736758177
1,7077,0.2,2.0,0.8434237807952888
1,7078,0.2,2.0,0.7037293298102741
1,7079,0.2,2.0,0.9011641874144183
1,7080,0.2,2.0,0.7288549277192105
1,7081,0.2,2.0,0.30746843358275244
1,7082,0.2,2.0,0.23619582965883745
1,7083,0.2,2.0,0.3526317121160445
1,7084,0.2,2.0,0.21510295366659152
1,7085,0.2,2.0,0.9644734170278537
1,7086,0.2,2.0,0.23503923998424756
1,7087,0.2,2.0,0.4733097069094343
1,7088,0.2,2.0,0.8575463673607968
1,7089,0.2,2.0,1.1720907666359712
1,7090,0.2,2.0,0.5136300831696043
1,7091,0.2,2.0,0.1620322606782245
1,7092,0.2,2.0,0.45644504772352185
1,7093,0.2,2.0,0.7680863967894576
1,7094,0.2,2.0,0.3273607731613978
1,7095,0.2,2.0,0.1393518836311662
1,7096,0.2,2.0,0.6557591005087288
1,7097,0.2,2.0,0.9517143719935095
1,7098,0.2,2.0,0.7403019101268553
1,7099,0.2,2.0,0.756582973923117
1,7100,0.2,2.0,0.502345542457116
1,7101,0.2,2.0,1.1485662041716038
1,7102,0.2,2.0,1.1432670292595557
1,7103,0.2,2.0,0.47798595722243276
1,7104,0.2,2.0,0.3329650490313432
1,7105,0.2,2.0,0.13311355836882127
1,7106,0.2,2.0,0.5891887329291735
1,7107,0.2,2.0,0.33463425989949147
1,7108,0.2,2.0,0.4749671134162746
1,7109,0.2,2.0,0.2078990482694202
1,7110,0.2,2.0,0.16579963330382316
1,7111,0.2,2.0,0.46625672042163857
1,7112,0.2,2.0,0.2826696326833892
1,7113,0.2,2.0,0.3926802722072055
1,7114,0.2,2.0,0.9766935436111831
1,7115,0.2,2.0,0.5784809333921347
1,7116,0.2,2.0,0.27684124514945163
1,7117,0.2,2.0,0.41368381548803806
1,7118,0.2,2.0,0.8275686819486956
1,7119,0.2,2.0,0.43979925187180874
1,7120,0.2,2.0,0.39064456664497993
1,7121,0.2,2.0,0.45432716454755556
1,7122,0.2,2.0,0.8754056804140956
1,7123,0.2,2.0,0.4882039034686575
1,7124,0.2,2.0,0.5107905337568561
1,7125,0.2,2.0,0.39004661117401773
1,7126,0.2,2.0,0.19255794145544117
1,7127,0.2,2.0,0.6646212058499319
1,7128,0.2,2.0,0.5077779064653599
1,7129,0.2,2.0,0.3262891521781877
1,7130,0.2,2.0,0.8817510149425776
1,7131,0.2,2.0,0.6866388354857447
1,7132,0.2,2.0,1.022080607772362
1,7133,0.2,2.0,1.3382118627201625
1,7134,0.2,2.0,0.5757060548287519
1,7135,0.2,2.0,0.2276838537137596
1,7136,0.2,2.0,0.2032108505770124
1,7137,0.2,2.0,0.22210722939933136
1,7138,0.2,2.0,0.6717031576390352
1,7139,0.2,2.0,0.3776083757884962
1,7140,0.2,2.0,0.9269830230262455
1,7141,0.2,2.0,0.3009637247952368
1,7142,0.2,2.0,0.26064372836762595
1,7143,0.2,2.0,0.2243911496147728
1,7144,0.2,2.0,0.7288221758677771
1,7145,0.2,2.0,0.7087397346424521
1,7146,0.2,2.0,0.7099045181834627
1,7147,0.2,2.0,0.2721208167799131
1,7148,0.2,2.0,0.7341378382614049
1,7149,0.2,2.0,0.37772294478776586
1,7150,0.2,2.0,0.5230522047163527
1,7151,0.2,2.0,0.5895617902627912
1,7152,0.2,2.0,0.6151327377850995
1,7153,0.2,2.0,0.9799102505294986
1,7154,0.2,2.0,0.6104871384081036
1,7155,0.2,2.0,0.27871467854408444
1,7156,0.2,2.0,0.7090304030781726
1,7157,0.2,2.0,0.33053492018007175
1,7158,0.2,2.0,0.559126328147205
1,7159,0.2,2.0,0.7436303337908107
1,7160,0.2,2.0,0.6775221467349759
1,7161,0.2,2.0,0.7014689612489291
1,7162,0.2,2.0,0.46281334021582615
1,7163,0.2,2.0,0.9497194193264247
1,7164,0.2,2.0,0.5317146861714187
1,7165,0.2,2.0,0.6635731753732685
1,7166,0.2,2.0,0.24469837213306514
1,7167,0.2,2.0,0.18128075554420267
1,7168,0.2,2.0,0.11600842008137671
1,7169,0.2,2.0,0.2673141018952891
1,7170,0.2,2.0,0.5016586186443553
1,7171,0.2,2.0,0.5528236263844304
1,7172,0.2,2.0,0.601675558237172
1,7173,0.2,2.0,0.4784404893426782
1,7174,0.2,2.0,0.06086002793475442
1,7175,0.2,2.0,0.6478049863670979
1,7176,0.2,2.0,0.6256503811132802
1,7177,0.2,2.0,0.7000794660010807
1,7178,0.2,2.0,1.0634646949243194
1,7179,0.2,2.0,0.44976841183984473
1,7180,0.2,2.0,0.28157262884062834
1,7181,0.2,2.0,0.5204482487932512
1,7182,0.2,2.0,0.9361592024437978
1,7183,0.2,2.0,0.499934449646781
1,7184,0.2,2.0,0.5467556712206264
1,7185,0.2,2.0,1.0905189140585403
1,7186,0.2,2.0,0.10179382816513828
1,7187,0.2,2.0,0.11782654654654368
1,7188,0.2,2.0,0.7029698731621052
1,7189,0.2,2.0,0.558390954163503
1,7190,0.2,2.0,0.22451703575164778
1,7191,0.2,2.0,0.38612460536119286
1,7192,0.2,2.0,1.0409881342376472
1,7193,0.2,2.0,0.8531178273934871
1,7194,0.2,2.0,0.29225417718529084
1,7195,0.2,2.0,0.5063648662789786
1,7196,0.2,2.0,0.7216504923884621
1,7197,0.2,2.0,0.17480969732335333
1,7198,0.2,2.0,0.4601289530241706
1,7199,0.2,2.0,0.6976775973304257
1,7200,0.2,2.0,0.24740861367893285
1,7201,0.2,2.0,1.5718231741924886
1,7202,0.2,2.0,0.21117141891138808
1,7203,0.2,2.0,0.9556725804643136
1,7204,0.2,2.0,0.5124999244366752
1,7205,0.2,2.0,0.6597323438182406
1,7206,0.2,2.0,0.5695753470749548
1,7207,0.2,2.0,0.1946020790299331
1,7208,0.2,2.0,0.1825019086604512
1,7209,0.2,2.0,1.3514239626655227
1,7210,0.2,2.0,0.16177428975556626
1,7211,0.2,2.0,0.26342911506929034
1,7212,0.2,2.0,0.40175580586257503
1,7213,0.2,2.0,0.5384666470997382
1,7214,0.2,2.0,0.09383267821269863
1,7215,0.2,2.0,1.2164697961469721
1,7216,0.2,2.0,1.2438961766172252
1,7217,0.2,2.0,0.6361275845106348
1,7218,0.2,2.0,0.5264203040756571
1,7219,0.2,2.0,0.3320191521752552
1,7220,0.2,2.0,0.26085766830451057
1,7221,0.2,2.0,0.34253195543537773
1,7222,0.2,2.0,0.7599168859467021
1,7223,0.2,2.0,0.319120822040499
1,7224,0.2,2.0,0.4752273188723785
1,7225,0.2,2.0,0.9631825927236362
1,7226,0.2,2.0,0.644661328559802
1,7227,0.2,2.0,0.9181767342213611
1,7228,0.2,2.0,0.8820265407837525
1,7229,0.2,2.0,0.46489686002024044
1,7230,0.2,2.0,0.49806025861707093
1,7231,0.2,2.0,0.8017587130929535
1,7232,0.2,2.0,0.7678551237410981
1,7233,0.2,2.0,0.39586212813099214
1,7234,0.2,2.0,0.33171423348034973
1,7235,0.2,2.0,0.6797761209101456
1,7236,0.2,2.0,0.7481338735535887
1,7237,0.2,2.0,0.33014700681466286
1,7238,0.2,2.0,0.3356134489837483
1,7239,0.2,2.0,0.3056610280358609
1,7240,0.2,2.0,0.37618853325528345
1,7241,0.2,2.0,1.068252817935975
1,7242,0.2,2.0,0.7210593774086047
1,7243,0.2,2.0,0.7182155893582419
1,7244,0.2,2.0,0.4390013449926602
1,7245,0.2,2.0,0.8568763556497712
1,7246,0.2,2.0,0.38548378193587146
1,7247,0.2,2.0,0.9306096986165503
1,7248,0.2,2.0,0.2549028810195413
1,7249,0.2,2.0,0.999696865147117
1,7250,0.2,2.0,0.44353421830032974
1,7251,0.2,2.0,0.6873008691055452
1,7252,0.2,2.0,0.6434417236696605
1,7253,0.2,2.0,1.0154109965723686
1,7254,0.2,2.0,0.32124941023622916
1,7255,0.2,2.0,1.020250328527044
1,7256,0.2,2.0,0.7090582120067708
1,7257,0.2,2.0,0.3070743996370494
1,7258,0.2,2.0,0.7810999870442805
1,7259,0.2,2.0,0.6744118070894114
1,7260,0.2,2.0,0.3208378348370409
1,7261,0.2,2.0,0.2902029167433642
1,7262,0.2,2.0,0.09840805277450958
1,7263,0.2,2.0,0.764440241930954
1,7264,0.2,2.0,0.6986820251677572
1,7265,0.2,2.0,0.6840207938735143
1,7266,0.2,2.0,0.546558081433506
1,7267,0.2,2.0,0.5137436460920655
1,7268,0.2,2.0,0.5026577648311277
1,7269,0.2,2.0,0.37947144196372934
1,7270,0.2,2.0,0.22141920884524094
1,7271,0.2,2.0,0.3735688755360185
1,7272,0.2,2.0,0.67600266009144
1,7273,0.2,2.0,0.6226976852503306
1,7274,0.2,2.0,0.6551498231373194
1,7275,0.2,2.0,0.6538849505993877
1,7276,0.2,2.0,0.2953581439391384
1,7277,0.2,2.0,0.4961978750589645
1,7278,0.2,2.0,0.26568914330699367
1,7279,0.2,2.0,0.9482155226306689
1,7280,0.2,2.0,0.30373896241985127
1,7281,0.2,2.0,0.33611136118418566
1,7282,0.2,2.0,0.6054615044778728
1,7283,0.2,2.0,0.7367622776785888
1,7284,0.2,2.0,0.3386980345388958
1,7285,0.2,2.0,0.23912417197547317
1,7286,0.2,2.0,0.6055005759739934
1,7287,0.2,2.0,0.5378429232328441
1,7288,0.2,2.0,0.1811481142678274
1,7289,0.2,2.0,0.8472610519528779
1,7290,0.2,2.0,1.1333715418947623
1,7291,0.2,2.0,0.4309441320019029
1,7292,0.2,2.0,0.7973862786895932
1,7293,0.2,2.0,0.11433785172831332
1,7294,0.2,2.0,0.5865206144708651
1,7295,0.2,2.0,0.5820744043790291
1,7296,0.2,2.0,0.05838754329654419
1,7297,0.2,2.0,0.19244834510370595
1,7298,0.2,2.0,0.6808990377396024
1,7299,0.2,2.0,0.5764681833101812
1,7300,0.2,2.0,0.5373038591900123
1,7301,0.2,2.0,0.24310941462504815
1,7302,0.2,2.0,0.657474278831459
1,7303,0.2,2.0,0.7574001469820022
1,7304,0.2,2.0,0.747371954405157
1,7305,0.2,2.0,0.20834938538367626
1,7306,0.2,2.0,0.38641787410234946
1,7307,0.2,2.0,0.4852258433456709
1,7308,0.2,2.0,0.4563521911597279
1,7309,0.2,2.0,0.3787219539954452
1,7310,0.2,2.0,1.2494580473021664
1,7311,0.2,2.0,0.5933569818998867
1,7312,0.2,2.0,0.7517321382093228
1,7313,0.2,2.0,0.4813023396253867
1,7314,0.2,2.0,0.31479134862036307
1,7315,0.2,2.0,0.6432021588525673
1,7316,0.2,2.0,0.4536119887754369
1,7317,0.2,2.0,0.534599322826125
1,7318,0.2,2.0,0.34886062831580567
1,7319,0.2,2.0,0.9290633770233364
1,7320,0.2,2.0,0.523796567333152
1,7321,0.2,2.0,0.1845456156913846
1,7322,0.2,2.0,0.5680179481928944
1,7323,0.2,2.0,0.28034053670299264
1,7324,0.2,2.0,0.7123488124342744
1,7325,0.2,2.0,1.0826741770483292
1,7326,0.2,2.0,0.22979187578813634
1,7327,0.2,2.0,0.907942397465478
1,7328,0.2,2.0,0.983259210483737
1,7329,0.2,2.0,0.31296165112800456
1,7330,0.2,2.0,0.6312576829467036
1,7331,0.2,2.0,0.9770123964358483
1,7332,0.2,2.0,0.7869693047549453
1,7333,0.2,2.0,0.15951782859961045
1,7334,0.2,2.0,0.24853138109430933
1,7335,0.2,2.0,0.5775574356654999
1,7336,0.2,2.0,0.31736521275809526
1,7337,0.2,2.0,0.19366851980654542
1,7338,0.2,2.0,1.0469855201226093
1,7339,0.2,2.0,0.4353840952047642
1,7340,0.2,2.0,1.049625869270921
1,7341,0.2,2.0,0.6028224385179197
1,7342,0.2,2.0,0.2902287069052471
1,7343,0.2,2.0,0.5738285423268565
1,7344,0.2,2.0,1.14293803754708
1,7345,0.2,2.0,0.7281971048252913
1,7346,0.2,2.0,0.16127703847130978
1,7347,0.2,2.0,0.5646895150034558
1,7348,0.2,2.0,0.36148754130926647
1,7349,0.2,2.0,0.3187597517197004
1,7350,0.2,2.0,0.14739471777071556
1,7351,0.2,2.0,0.8391846801302565
1,7352,0.2,2.0,0.8097224423300953
1,7353,0.2,2.0,0.5460954541922782
1,7354,0.2,2.0,1.052205926018091
1,7355,0.2,2.0,0.4748905983420922
1,7356,0.2,2.0,0.8631676755307778
1,7357,0.2,2.0,0.5123998515401539
1,7358,0.2,2.0,0.4680587820779208
1,7359,0.2,2.0,0.9229603033430137
1,7360,0.2,2.0,0.24637085821781243
1,7361,0.2,2.0,0.5492790475483175
1,7362,0.2,2.0,0.5687035047284811
1,7363,0.2,2.0,0.9014545448975534
1,7364,0.2,2.0,1.3795027788648562
1,7365,0.2,2.0,0.7849824617178534
1,7366,0.2,2.0,0.3495751115098553
1,7367,0.2,2.0,0.40467414263941975
1,7368,0.2,2.0,0.5769507766819679
1,7369,0.2,2.0,0.890046628613682
1,7370,0.2,2.0,0.5908748240976619
1,7371,0.2,2.0,0.6772630312830427
1,7372,0.2,2.0,0.49717905512452554
1,7373,0.2,2.0,0.8555183773025764
1,7374,0.2,2.0,0.34516901596222854
1,7375,0.2,2.0,0.32856286719306727
1,7376,0.2,2.0,0.5284312304568478
1,7377,0.2,2.0,0.22995014953872522
1,7378,0.2,2.0,0.41373109950747405
1,7379,0.2,2.0,0.4699368983217475
1,7380,0.2,2.0,0.8215496571254806
1,7381,0.2,2.0,0.5456934016061137
1,7382,0.2,2.0,0.16246018518187794
1,7383,0.2,2.0,0.4392160806528573
1,7384,0.2,2.0,0.5545330641343872
1,7385,0.2,2.0,0.8726188084440311
1,7386,0.2,2.0,0.9104887934000087
1,7387,0.2,2.0,0.26570596789342843
1,7388,0.2,2.0,0.47929034196574316
1,7389,0.2,2.0,0.40192647926930763
1,7390,0.2,2.0,0.6065518464608883
1,7391,0.2,2.0,1.259720079413592
1,7392,0.2,2.0,0.9976277240115263
1,7393,0.2,2.0,0.45275612470821375
1,7394,0.2,2.0,0.5495289157860127
1,7395,0.2,2.0,0.3633410125419527
1,7396,0.2,2.0,0.7861237613898329
1,7397,0.2,2.0,0.5303789995738845
1,7398,0.2,2.0,0.7417095896859575
1,7399,0.2,2.0,0.24720644472852885
1,7400,0.2,2.0,0.5810123745446062
1,7401,0.2,2.0,0.6604953571241577
1,7402,0.2,2.0,0.10104962575521186
1,7403,0.2,2.0,0.47437321453655995
1,7404,0.2,2.0,0.2697792578346435
1,7405,0.2,2.0,0.4798514279551321
1,7406,0.2,2.0,0.4766552044365721
1,7407,0.2,2.0,0.1586014073446685
1,7408,0.2,2.0,0.06239117993937341
1,7409,0.2,2.0,0.3147382727592037
1,7410,0.2,2.0,0.2898981843013545
1,7411,0.2,2.0,0.4384864550624315
1,7412,0.2,2.0,0.5304047515906197
1,7413,0.2,2.0,0.2703978358619578
1,7414,0.2,2.0,1.0267405414461062
1,7415,0.2,2.0,0.555952708573979
1,7416,0.2,2.0,0.8119527479890984
1,7417,0.2,2.0,0.17448332885334686
1,7418,0.2,2.0,0.5589577163268415
1,7419,0.2,2.0,0.7369402818555139
1,7420,0.2,2.0,0.33036931821770493
1,7421,0.2,2.0,0.6571391934726647
1,7422,0.2,2.0,0.14415704569384996
1,7423,0.2,2.0,0.42679507722788973
1,7424,0.2,2.0,0.34683663570131124
1,7425,0.2,2.0,0.4806474564545047
1,7426,0.2,2.0,0.618008789225731
1,7427,0.2,2.0,0.7579849976484941
1,7428,0.2,2.0,1.0963561046847257
1,7429,0.2,2.0,1.0277709147508944
1,7430,0.2,2.0,0.9333082692686804
1,7431,0.2,2.0,0.45144251950841835
1,7432,0.2,2.0,0.7015119325456484
1,7433,0.2,2.0,0.45436261280467943
1,7434,0.2,2.0,0.14389721882128093
1,7435,0.2,2.0,0.2317825419909459
1,7436,0.2,2.0,1.532922896374053
1,7437,0.2,2.0,0.25621436755091365
1,7438,0.2,2.0,0.4874886426318404
1,7439,0.2,2.0,0.4170240474395831
1,7440,0.2,2.0,0.2580516031115071
1,7441,0.2,2.0,0.5576327896807958
1,7442,0.2,2.0,0.9231143711436895
1,7443,0.2,2.0,0.037598887033557654
1,7444,0.2,2.0,0.7930066672954064
1,7445,0.2,2.0,0.6750267671517384
1,7446,0.2,2.0,0.8129943629220111
1,7447,0.2,2.0,0.4413153042012197
1,7448,0.2,2.0,0.6007532824090686
1,7449,0.2,2.0,0.6192433313060656
1,7450,0.2,2.0,0.26739094826960436
1,7451,0.2,2.0,0.24327779714742692
1,7452,0.2,2.0,0.5522183630115541
1,7453,0.2,2.0,1.0180692846063408
1,7454,0.2,2.0,0.743424028584547
1,7455,0.2,2.0,0.3705263658355955
1,7456,0.2,2.0,0.4514497484839741
1,7457,0.2,2.0,0.21942126575464763
1,7458,0.2,2.0,0.1446125256358595
1,7459,0.2,2.0,0.5914487821751886
1,7460,0.2,2.0,0.5027909683211328
1,7461,0.2,2.0,1.182666342127695
1,7462,0.2,2.0,1.042117250345856
1,7463,0.2,2.0,0.6704686614580219
1,7464,0.2,2.0,0.17311482858056695
1,7465,0.2,2.0,0.6216428755917902
1,7466,0.2,2.0,0.42441906116058586
1,7467,0.2,2.0,1.1026374367067953
1,7468,0.2,2.0,0.24086592824221914
1,7469,0.2,2.0,0.24068846090727702
1,7470,0.2,2.0,0.8479311018430072
1,7471,0.2,2.0,0.6348548116919989
1,7472,0.2,2.0,0.6952200629959788
1,7473,0.2,2.0,0.7617709163321261
1,7474,0.2,2.0,0.7694611070996809
1,7475,0.2,2.0,0.5262573767427087
1,7476,0.2,2.0,0.584477415051135
1,7477,0.2,2.0,0.6363370482654395
1,7478,0.2,2.0,1.0678416947930345
1,7479,0.2,2.0,0.7047366379514433
1,7480,0.2,2.0,0.26964351706780704
1,7481,0.2,2.0,0.8219593781244557
1,7482,0.2,2.0,0.4061392269931385
1,7483,0.2,2.0,0.9517502322801026
1,7484,0.2,2.0,0.7199701980470062
1,7485,0.2,2.0,0.31697223846726896
1,7486,0.2,2.0,0.5298671627709582
1,7487,0.2,2.0,0.36530055555707475
1,7488,0.2,2.0,0.873477621365454
1,7489,0.2,2.0,0.23718209458676756
1,7490,0.2,2.0,0.37286421854036356
1,7491,0.2,2.0,0.047217909009064245
1,7492,0.2,2.0,0.895684561377585
1,7493,0.2,2.0,0.8228813211561296
1,7494,0.2,2.0,0.3295981528935772
1,7495,0.2,2.0,0.6862522908401775
1,7496,0.2,2.0,0.449974761374082
1,7497,0.2,2.0,0.6265698167577188
1,7498,0.2,2.0,0.797709163300355
1,7499,0.2,2.0,0.38223161743877976
1,7500,0.2,2.0,0.4692992750192773
1,7501,0.2,2.0,0.5678615327243116
1,7502,0.2,2.0,0.6921378315547818
1,7503,0.2,2.0,0.8914798730522432
1,7504,0.2,2.0,1.3438060466220516
1,7505,0.2,2.0,0.41856723349792896
1,7506,0.2,2.0,0.951513476122367
1,7507,0.2,2.0,0.6451600209851447
1,7508,0.2,2.0,0.9396854014902297
1,7509,0.2,2.0,0.8882891486002995
1,7510,0.2,2.0,0.30321964821305725
1,7511,0.2,2.0,0.49221497015130466
1,7512,0.2,2.0,0.8322960899127666
1,7513,0.2,2.0,0.5455534788427018
1,7514,0.2,2.0,0.46508635380850966
1,7515,0.2,2.0,0.6967789552072433
1,7516,0.2,2.0,0.2974356820290016
1,7517,0.2,2.0,0.5338992241028094
1,7518,0.2,2.0,0.5731249885057375
1,7519,0.2,2.0,0.4207458504326918
1,7520,0.2,2.0,0.6189360571335196
1,7521,0.2,2.0,0.5707067474722866
1,7522,0.2,2.0,0.8372869523466231
1,7523,0.2,2.0,0.5222119752747338
1,7524,0.2,2.0,0.6591540722205254
1,7525,0.2,2.0,0.4986815388917885
1,7526,0.2,2.0,0.392522009973998
1,7527,0.2,2.0,0.3313884645612752
1,7528,0.2,2.0,0.27929657033783545
1,7529,0.2,2.0,0.03985926634763802
1,7530,0.2,2.0,0.5469614006603062
1,7531,0.2,2.0,0.08769726586680937
1,7532,0.2,2.0,0.30769898067693713
1,7533,0.2,2.0,0.20274421667189715
1,7534,0.2,2.0,0.36555692016403823
1,7535,0.2,2.0,0.8766410299519329
1,7536,0.2,2.0,0.5154345116042551
1,7537,0.2,2.0,0.5991051240906414
1,7538,0.2,2.0,0.06886580177305435
1,7539,0.2,2.0,0.631432405493995
1,7540,0.2,2.0,0.31603193082300235
1,7541,0.2,2.0,0.2699172862718911
1,7542,0.2,2.0,0.8610427140305171
1,7543,0.2,2.0,0.2743679472333361
1,7544,0.2,2.0,0.046073667277420155
1,7545,0.2,2.0,0.6574451328556602
1,7546,0.2,2.0,0.620869605318791
1,7547,0.2,2.0,0.21494126259339028
1,7548,0.2,2.0,1.8130947596892948
1,7549,0.2,2.0,0.8471962918908229
1,7550,0.2,2.0,0.3556467064795428
1,7551,0.2,2.0,0.8875101060386837
1,7552,0.2,2.0,0.17357621967678644
1,7553,0.2,2.0,0.6479443933789293
1,7554,0.2,2.0,0.46930594706342604
1,7555,0.2,2.0,0.563831522248676
1,7556,0.2,2.0,1.2457674484893015
1,7557,0.2,2.0,1.087107115706202
1,7558,0.2,2.0,0.24044862769368405
1,7559,0.2,2.0,0.513906370912437
1,7560,0.2,2.0,0.5226395832247113
1,7561,0.2,2.0,1.0220463924368564
1,7562,0.2,2.0,0.30455588547077267
1,7563,0.2,2.0,0.8651712430452073
1,7564,0.2,2.0,0.1200147593322307
1,7565,0.2,2.0,0.6322066431779333
1,7566,0.2,2.0,0.9659052523276801
1,7567,0.2,2.0,0.6240545014554639
1,7568,0.2,2.0,0.1598559563063236
1,7569,0.2,2.0,0.3611834832458036
1,7570,0.2,2.0,0.21841171999410228
1,7571,0.2,2.0,0.564691092690614
1,7572,0.2,2.0,0.24758409645554935
1,7573,0.2,2.0,0.44187821293681123
1,7574,0.2,2.0,0.1900746052973377
1,7575,0.2,2.0,0.4319952470857841
1,7576,0.2,2.0,0.40450911985023885
1,7577,0.2,2.0,0.6912337827257939
1,7578,0.2,2.0,0.1374742334604606
1,7579,0.2,2.0,0.33212682368717705
1,7580,0.2,2.0,0.5857089468577201
1,7581,0.2,2.0,0.5329452917270117
1,7582,0.2,2.0,0.21656072048736508
1,7583,0.2,2.0,0.1830629649875888
1,7584,0.2,2.0,0.41886009976406274
1,7585,0.2,2.0,0.4868945702136573
1,7586,0.2,2.0,0.5110083913859063
1,7587,0.2,2.0,0.27544973557219204
1,7588,0.2,2.0,0.9324351155164479
1,7589,0.2,2.0,0.5192715999507362
1,7590,0.2,2.0,0.4375776132522601
1,7591,0.2,2.0,0.6401320311044273
1,7592,0.2,2.0,0.8329031610405352
1,7593,0.2,2.0,0.20065191539763996
1,7594,0.2,2.0,0.662024206150173
1,7595,0.2,2.0,0.4937809923827592
1,7596,0.2,2.0,0.9907782972140022
1,7597,0.2,2.0,0.6589562908610905
1,7598,0.2,2.0,0.1881974245446684
1,7599,0.2,2.0,0.11738599055625329
1,7600,0.2,2.0,0.5289571156158389
1,7601,0.2,2.0,0.7510888258349306
1,7602,0.2,2.0,0.586251947200807
1,7603,0.2,2.0,0.5429191783138893
1,7604,0.2,2.0,0.9125224288074903
1,7605,0.2,2.0,0.23729574931503292
1,7606,0.2,2.0,0.7486577843951725
1,7607,0.2,2.0,0.46066886352293746
1,7608,0.2,2.0,0.5907020319591579
1,7609,0.2,2.0,0.6776384556696315
1,7610,0.2,2.0,0.21141108179806783
1,7611,0.2,2.0,0.04424657008728165
1,7612,0.2,2.0,0.4647972333591694
1,7613,0.2,2.0,0.1612211590920848
1,7614,0.2,2.0,0.8969484393716712
1,7615,0.2,2.0,0.8931447764421311
1,7616,0.2,2.0,0.34471691808442617
1,7617,0.2,2.0,0.4242340057527916
1,7618,0.2,2.0,0.6725570397503886
1,7619,0.2,2.0,0.7202235446950032
1,7620,0.2,2.0,1.1366752929155448
1,7621,0.2,2.0,0.13059237101761798
1,7622,0.2,2.0,0.24006534019781667
1,7623,0.2,2.0,0.36839234122603226
1,7624,0.2,2.0,0.23044003006851477
1,7625,0.2,2.0,0.5027649363672823
1,7626,0.2,2.0,0.5884376766246238
1,7627,0.2,2.0,0.7400957749837198
1,7628,0.2,2.0,1.1731109108370616
1,7629,0.2,2.0,0.6497128104773594
1,7630,0.2,2.0,0.82598307295385
1,7631,0.2,2.0,0.125670275275854
1,7632,0.2,2.0,1.0693246952173538
1,7633,0.2,2.0,0.08219541154922287
1,7634,0.2,2.0,0.2654293691192603
1,7635,0.2,2.0,0.3968329788605241
1,7636,0.2,2.0,0.7992860563688291
1,7637,0.2,2.0,1.0439359182034929
1,7638,0.2,2.0,0.6952596736733695
1,7639,0.2,2.0,1.052018891351418
1,7640,0.2,2.0,0.5218368877050766
1,7641,0.2,2.0,0.19798526676438102
1,7642,0.2,2.0,0.17169339795336236
1,7643,0.2,2.0,0.09426638752256519
1,7644,0.2,2.0,1.0063778349220287
1,7645,0.2,2.0,0.616099457706955
1,7646,0.2,2.0,0.8211212705173452
1,7647,0.2,2.0,0.09911651830866947
1,7648,0.2,2.0,0.49688787999682643
1,7649,0.2,2.0,0.9421191478268943
1,7650,0.2,2.0,0.7802682245243111
1,7651,0.2,2.0,1.348164027452893
1,7652,0.2,2.0,0.09853807823353145
1,7653,0.2,2.0,0.941976550202627
1,7654,0.2,2.0,0.11799036466124575
1,7655,0.2,2.0,1.5483162380016853
1,7656,0.2,2.0,0.32365159397337867
1,7657,0.2,2.0,0.5309110555499792
1,7658,0.2,2.0,0.3751678966117569
1,7659,0.2,2.0,0.37344879786008683
1,7660,0.2,2.0,0.7596115471929998
1,7661,0.2,2.0,0.061206437466054565
1,7662,0.2,2.0,0.622361834430614
1,7663,0.2,2.0,0.7802426655262749
1,7664,0.2,2.0,0.12239156905289686
1,7665,0.2,2.0,0.4230415762387629
1,7666,0.2,2.0,0.6913520713344505
1,7667,0.2,2.0,0.46775274350643337
1,7668,0.2,2.0,0.9247064935423663
1,7669,0.2,2.0,0.14379110243975018
1,7670,0.2,2.0,0.9572025679646068
1,7671,0.2,2.0,0.7064301564824942
1,7672,0.2,2.0,1.0705258603075773
1,7673,0.2,2.0,0.48923202784597053
1,7674,0.2,2.0,0.244075087397081
1,7675,0.2,2.0,0.19098832798513993
1,7676,0.2,2.0,0.8300043237651926
1,7677,0.2,2.0,0.3629694107740192
1,7678,0.2,2.0,0.30157064579200393
1,7679,0.2,2.0,0.7834939285204475
1,7680,0.2,2.0,0.09358698041190637
1,7681,0.2,2.0,0.6266024053138174
1,7682,0.2,2.0,0.23334694650305546
1,7683,0.2,2.0,0.6068013179039284
1,7684,0.2,2.0,0.44527500797536973
1,7685,0.2,2.0,0.9236523870861673
1,7686,0.2,2.0,0.8231933627667771
1,7687,0.2,2.0,0.7965161494004454
1,7688,0.2,2.0,0.7801312869556979
1,7689,0.2,2.0,0.21745752716472375
1,7690,0.2,2.0,0.8432644359460539
1,7691,0.2,2.0,0.7881805603363573
1,7692,0.2,2.0,0.4954050708086335
1,7693,0.2,2.0,0.642205009692859
1,7694,0.2,2.0,0.4809032688731368
1,7695,0.2,2.0,0.9236288564903116
1,7696,0.2,2.0,0.4843406087270405
1,7697,0.2,2.0,0.16066491446690542
1,7698,0.2,2.0,0.4549521319033874
1,7699,0.2,2.0,0.561458554069467
1,7700,0.2,2.0,0.8527824731642804
1,7701,0.2,2.0,0.8933767518957115
1,7702,0.2,2.0,0.36082111288383356
1,7703,0.2,2.0,0.9158125436028357
1,7704,0.2,2.0,0.6544913345704156
1,7705,0.2,2.0,0.8733858127311587
1,7706,0.2,2.0,0.06704686818199122
1,7707,0.2,2.0,0.5313011480733414
1,7708,0.2,2.0,0.1866221146331613
1,7709,0.2,2.0,0.15243064329054332
1,7710,0.2,2.0,0.4625814830151673
1,7711,0.2,2.0,0.5392508388746191
1,7712,0.2,2.0,1.3762496088871667
1,7713,0.2,2.0,0.9218532486473979
1,7714,0.2,2.0,0.24085715136763922
1,7715,0.2,2.0,0.3801829107481555
1,7716,0.2,2.0,0.4955255480030527
1,7717,0.2,2.0,0.6261992214542986
1,7718,0.2,2.0,0.5331912991013221
1,7719,0.2,2.0,0.4768408022754883
1,7720,0.2,2.0,0.057516056912201276
1,7721,0.2,2.0,1.139667486687023
1,7722,0.2,2.0,1.003680489650169
1,7723,0.2,2.0,0.6714499560291443
1,7724,0.2,2.0,0.44507610419228505
1,7725,0.2,2.0,1.102452990954815
1,7726,0.2,2.0,0.14113530303738356
1,7727,0.2,2.0,0.4367270413087057
1,7728,0.2,2.0,0.48851905515495186
1,7729,0.2,2.0,0.44951119551934
1,7730,0.2,2.0,0.6199914280217979
1,7731,0.2,2.0,0.6469532143309058
1,7732,0.2,2.0,0.2142833709075981
1,7733,0.2,2.0,0.8510373650210593
1,7734,0.2,2.0,0.4224313017207697
1,7735,0.2,2.0,0.623846270473509
1,7736,0.2,2.0,0.5932067803778767
1,7737,0.2,2.0,0.4132559388237616
1,7738,0.2,2.0,0.37764997741135237
1,7739,0.2,2.0,0.7015398756343066
1,7740,0.2,2.0,0.66728805688036
1,7741,0.2,2.0,0.5655104433234046
1,7742,0.2,2.0,0.3101226826385211
1,7743,0.2,2.0,0.10892223990317412
1,7744,0.2,2.0,0.5165916482064077
1,7745,0.2,2.0,0.5579886379948527
1,7746,0.2,2.0,1.3290763937593628
1,7747,0.2,2.0,0.38774419072796557
1,7748,0.2,2.0,0.3899114164537184
1,7749,0.2,2.0,0.6798131800931441
1,7750,0.2,2.0,0.35864149746259294
1,7751,0.2,2.0,0.5898408617326392
1,7752,0.2,2.0,0.40203136496003977
1,7753,0.2,2.0,0.5150030366792331
1,7754,0.2,2.0,0.42999817415510583
1,7755,0.2,2.0,1.1253332292190545
1,7756,0.2,2.0,0.348438460883448
1,7757,0.2,2.0,0.7876675542345549
1,7758,0.2,2.0,0.7808545214871595
1,7759,0.2,2.0,0.26311779281443487
1,7760,0.2,2.0,0.41722254829427496
1,7761,0.2,2.0,0.515773338703438
1,7762,0.2,2.0,0.2730141368780921
1,7763,0.2,2.0,0.7776870920448055
1,7764,0.2,2.0,0.1098479930788788
1,7765,0.2,2.0,0.06463820194803123
1,7766,0.2,2.0,0.25925869779552047
1,7767,0.2,2.0,0.4232273508122563
1,7768,0.2,2.0,0.4134506610262698
1,7769,0.2,2.0,0.837414209270613
1,7770,0.2,2.0,0.7175482657712706
1,7771,0.2,2.0,0.5903311299444847
1,7772,0.2,2.0,0.9382892010380975
1,7773,0.2,2.0,0.6977360719187079
1,7774,0.2,2.0,1.2187948190835578
1,7775,0.2,2.0,0.5938463214223966
1,7776,0.2,2.0,0.8365865714543999
1,7777,0.2,2.0,0.6463531073314209
1,7778,0.2,2.0,0.611874986668225
1,7779,0.2,2.0,0.3041423547026674
1,7780,0.2,2.0,0.7359851183978793
1,7781,0.2,2.0,0.7777809668746922
1,7782,0.2,2.0,1.1449300731767376
1,7783,0.2,2.0,0.11927267221647571
1,7784,0.2,2.0,0.2159744439109942
1,7785,0.2,2.0,0.3160286790967924
1,7786,0.2,2.0,0.22732012840206722
1,7787,0.2,2.0,1.213402290867262
1,7788,0.2,2.0,0.870756398291098
1,7789,0.2,2.0,0.13129666799544773
1,7790,0.2,2.0,0.4264375061327468
1,7791,0.2,2.0,0.615955565502287
1,7792,0.2,2.0,0.32760140920135256
1,7793,0.2,2.0,0.6567456657098866
1,7794,0.2,2.0,0.24646300645144462
1,7795,0.2,2.0,0.10763987373247129
1,7796,0.2,2.0,0.4751005117209322
1,7797,0.2,2.0,0.6173175341495706
1,7798,0.2,2.0,0.17317119236075657
1,7799,0.2,2.0,0.27325225856571983
1,7800,0.2,2.0,0.10172118892721453
1,7801,0.2,2.0,0.723151332591569
1,7802,0.2,2.0,0.0855186882429966
1,7803,0.2,2.0,0.7954530290707101
1,7804,0.2,2.0,0.8115983307105753
1,7805,0.2,2.0,0.4437304002101728
1,7806,0.2,2.0,0.301449839866108
1,7807,0.2,2.0,1.470898445158274
1,7808,0.2,2.0,0.4712612063481433
1,7809,0.2,2.0,0.9330114869091423
1,7810,0.2,2.0,0.5757915188896342
1,7811,0.2,2.0,0.430257568949614
1,7812,0.2,2.0,0.8404549527449017
1,7813,0.2,2.0,0.91297940078671
1,7814,0.2,2.0,0.49913357398486624
1,7815,0.2,2.0,0.255616667992733
1,7816,0.2,2.0,0.07048381990962757
1,7817,0.2,2.0,1.008495864977841
1,7818,0.2,2.0,0.617256911913807
1,7819,0.2,2.0,0.5064488635083475
1,7820,0.2,2.0,0.6221904875513661
1,7821,0.2,2.0,0.4359651248724942
1,7822,0.2,2.0,0.24267965143928952
1,7823,0.2,2.0,0.18309921016540276
1,7824,0.2,2.0,0.4688514590265916
1,7825,0.2,2.0,0.41013832122271676
1,7826,0.2,2.0,0.0949897373932831
1,7827,0.2,2.0,1.2628227477405283
1,7828,0.2,2.0,0.8736905135619341
1,7829,0.2,2.0,0.20950547638542652
1,7830,0.2,2.0,0.6117048509518714
1,7831,0.2,2.0,1.0934376012861273
1,7832,0.2,2.0,0.33787376234227184
1,7833,0.2,2.0,0.5269646770913315
1,7834,0.2,2.0,0.5051276188342511
1,7835,0.2,2.0,0.8080046395478453
1,7836,0.2,2.0,0.6044479433338857
1,7837,0.2,2.0,0.6919403936696599
1,7838,0.2,2.0,1.081646889344601
1,7839,0.2,2.0,0.5304975070315672
1,7840,0.2,2.0,0.6419362772024226
1,7841,0.2,2.0,0.5220015890531631
1,7842,0.2,2.0,0.23382090695431865
1,7843,0.2,2.0,0.9478779462721938
1,7844,0.2,2.0,0.2739092521780526
1,7845,0.2,2.0,0.7730527254836146
1,7846,0.2,2.0,0.3394595593603213
1,7847,0.2,2.0,0.46891300284554616
1,7848,0.2,2.0,0.7570945130096156
1,7849,0.2,2.0,0.6310202739354108
1,7850,0.2,2.0,0.6226420625969339
1,7851,0.2,2.0,0.9440999120844664
1,7852,0.2,2.0,0.47737838149789696
1,7853,0.2,2.0,0.1760506051639265
1,7854,0.2,2.0,0.9720992725098209
1,7855,0.2,2.0,0.7594280332357253
1,7856,0.2,2.0,0.447220822144285
1,7857,0.2,2.0,0.5089231985483417
1,7858,0.2,2.0,0.5149493266180731
1,7859,0.2,2.0,0.675112010161582
1,7860,0.2,2.0,0.2685025312129107
1,7861,0.2,2.0,0.905317679274197
1,7862,0.2,2.0,0.14191378101507154
1,7863,0.2,2.0,0.3154048937820554
1,7864,0.2,2.0,0.3372358467649614
1,7865,0.2,2.0,0.43317784352856314
1,7866,0.2,2.0,0.34207262766107904
1,7867,0.2,2.0,1.015341338467748
1,7868,0.2,2.0,0.33257303714588476
1,7869,0.2,2.0,0.33506194106579157
1,7870,0.2,2.0,0.8779361277113699
1,7871,0.2,2.0,0.7445004244369424
1,7872,0.2,2.0,0.469965692659334
1,7873,0.2,2.0,0.7653917515133442
1,7874,0.2,2.0,0.5108096198719566
1,7875,0.2,2.0,0.42151932289541383
1,7876,0.2,2.0,0.6211306654635211
1,7877,0.2,2.0,0.4390292210062049
1,7878,0.2,2.0,0.42575196444211694
1,7879,0.2,2.0,0.8944540773683634
1,7880,0.2,2.0,0.31910340785183233
1,7881,0.2,2.0,0.7082632680321235
1,7882,0.2,2.0,0.46271233594400923
1,7883,0.2,2.0,0.4693264878548772
1,7884,0.2,2.0,0.1956114932681362
1,7885,0.2,2.0,0.16547717144375157
1,7886,0.2,2.0,1.374744630809557
1,7887,0.2,2.0,0.2972672629683272
1,7888,0.2,2.0,0.09416189255188102
1,7889,0.2,2.0,1.250251654452071
1,7890,0.2,2.0,0.5968680485074225
1,7891,0.2,2.0,0.2606831574662731
1,7892,0.2,2.0,0.4494431323577999
1,7893,0.2,2.0,0.8525257436304768
1,7894,0.2,2.0,0.5385687079649862
1,7895,0.2,2.0,0.36440096085831836
1,7896,0.2,2.0,0.6601081421581482
1,7897,0.2,2.0,0.07070428610105138
1,7898,0.2,2.0,0.43168260669631253
1,7899,0.2,2.0,0.270211901611749
1,7900,0.2,2.0,0.43821976164395054
1,7901,0.2,2.0,0.16117400647876412
1,7902,0.2,2.0,0.15562292981744427
1,7903,0.2,2.0,0.3673090673188948
1,7904,0.2,2.0,0.9072381188027431
1,7905,0.2,2.0,0.5606314593695744
1,7906,0.2,2.0,0.3328532114344548
1,7907,0.2,2.0,0.8932743270539806
1,7908,0.2,2.0,1.2974087642396877
1,7909,0.2,2.0,0.9148231894486661
1,7910,0.2,2.0,0.615948332335605
1,7911,0.2,2.0,0.26204627315794987
1,7912,0.2,2.0,0.36908537249815104
1,7913,0.2,2.0,0.30607518522729743
1,7914,0.2,2.0,0.9351795106707734
1,7915,0.2,2.0,0.8575538961905392
1,7916,0.2,2.0,0.5952350759756156
1,7917,0.2,2.0,0.7558992603404087
1,7918,0.2,2.0,0.7338815824795977
1,7919,0.2,2.0,0.5573698344019055
1,7920,0.2,2.0,0.8311322981050291
1,7921,0.2,2.0,0.8694760539628542
1,7922,0.2,2.0,0.10206657334369536
1,7923,0.2,2.0,0.18153721063241304
1,7924,0.2,2.0,0.17082411063561706
1,7925,0.2,2.0,0.15339833246341714
1,7926,0.2,2.0,0.7011532257136794
1,7927,0.2,2.0,0.2731041637051652
1,7928,0.2,2.0,0.3668139111849158
1,7929,0.2,2.0,0.2143692225005884
1,7930,0.2,2.0,0.7363246013044706
1,7931,0.2,2.0,0.11830429684781396
1,7932,0.2,2.0,0.9624622739177061
1,7933,0.2,2.0,0.2091719522409664
1,7934,0.2,2.0,0.3811628919260602
1,7935,0.2,2.0,0.3250502761492907
1,7936,0.2,2.0,0.14033900142713032
1,7937,0.2,2.0,0.9956220019903145
1,7938,0.2,2.0,0.937998543827407
1,7939,0.2,2.0,0.3050727911587724
1,7940,0.2,2.0,0.43832284055176
1,7941,0.2,2.0,0.32550608960764027
1,7942,0.2,2.0,0.4656749032104209
1,7943,0.2,2.0,1.2263258668327688
1,7944,0.2,2.0,0.8491672191340642
1,7945,0.2,2.0,0.6383668134352497
1,7946,0.2,2.0,0.30956412141534273
1,7947,0.2,2.0,0.2461956073946288
1,7948,0.2,2.0,0.048508221247339875
1,7949,0.2,2.0,1.214124088471064
1,7950,0.2,2.0,0.5236582579772695
1,7951,0.2,2.0,0.4026051272490019
1,7952,0.2,2.0,0.6354396275525973
1,7953,0.2,2.0,0.2571643126553574
1,7954,0.2,2.0,0.5793674139612487
1,7955,0.2,2.0,0.4454370456469679
1,7956,0.2,2.0,0.515420798806773
1,7957,0.2,2.0,0.3347443930090702
1,7958,0.2,2.0,0.1944289333276271
1,7959,0.2,2.0,1.6610352745389922
1,7960,0.2,2.0,0.9381307376760146
1,7961,0.2,2.0,0.7848592417183285
1,7962,0.2,2.0,0.4486308104450225
1,7963,0.2,2.0,1.5824847616874158
1,7964,0.2,2.0,0.9893863451831174
1,7965,0.2,2.0,0.7448583189396172
1,7966,0.2,2.0,0.33926156592102974
1,7967,0.2,2.0,0.4564278475043095
1,7968,0.2,2.0,0.912901127668852
1,7969,0.2,2.0,0.5042533879009484
1,7970,0.2,2.0,0.763275418322
1,7971,0.2,2.0,0.09994802848044863
1,7972,0.2,2.0,1.0183869428899208
1,7973,0.2,2.0,0.6322539470570773
1,7974,0.2,2.0,0.6142060053667217
1,7975,0.2,2.0,0.07332354965384603
1,7976,0.2,2.0,0.30538111680982516
1,7977,0.2,2.0,0.3727233829412245
1,7978,0.2,2.0,0.9206524530219429
1,7979,0.2,2.0,0.8222601275477134
1,7980,0.2,2.0,0.8243103963946591
1,7981,0.2,2.0,0.5201032403204587
1,7982,0.2,2.0,0.4984235804250021
1,7983,0.2,2.0,1.0473580173576544
1,7984,0.2,2.0,0.40784967913021647
1,7985,0.2,2.0,1.4076724923171733
1,7986,0.2,2.0,0.384224938283931
1,7987,0.2,2.0,0.5872770789744225
1,7988,0.2,2.0,0.6201858558607356
1,7989,0.2,2.0,0.3815300540711597
1,7990,0.2,2.0,0.1761708533692234
1,7991,0.2,2.0,0.635754386006561
1,7992,0.2,2.0,0.8802220632512563
1,7993,0.2,2.0,0.4726503298247514
1,7994,0.2,2.0,0.17768761692587892
1,7995,0.2,2.0,0.3971757992060186
1,7996,0.2,2.0,0.4004782429411231
1,7997,0.2,2.0,0.3062098069993044
1,7998,0.2,2.0,0.5980219209763105
1,7999,0.2,2.0,0.36068691932744934
1,8000,0.2,2.0,0.6782281193691984
1,8001,0.2,2.0,0.7215284990187788
1,8002,0.2,2.0,0.2749892517989711
1,8003,0.2,2.0,0.8361774642255596
1,8004,0.2,2.0,0.5705666334772391
1,8005,0.2,2.0,0.9930394251382998
1,8006,0.2,2.0,0.22474672126065748
1,8007,0.2,2.0,0.8301705392551164
1,8008,0.2,2.0,0.960950550721346
1,8009,0.2,2.0,0.5774390303714059
1,8010,0.2,2.0,0.21472521560481908
1,8011,0.2,2.0,0.7634640002629423
1,8012,0.2,2.0,0.7654842848687198
1,8013,0.2,2.0,0.2670467056041458
1,8014,0.2,2.0,0.6980018376687158
1,8015,0.2,2.0,0.1280188308442507
1,8016,0.2,2.0,0.17850311183971596
1,8017,0.2,2.0,0.4087920181229181
1,8018,0.2,2.0,0.16846390762732552
1,8019,0.2,2.0,1.1049418807091507
1,8020,0.2,2.0,0.5422305510064063
1,8021,0.2,2.0,0.7843088405226734
1,8022,0.2,2.0,0.18104969402448995
1,8023,0.2,2.0,0.8457090341396939
1,8024,0.2,2.0,0.33082972811987554
1,8025,0.2,2.0,0.5922983987362841
1,8026,0.2,2.0,0.6735809418493822
1,8027,0.2,2.0,1.3535037805891639
1,8028,0.2,2.0,0.5373095719068712
1,8029,0.2,2.0,0.6527245621347287
1,8030,0.2,2.0,0.31895528905551995
1,8031,0.2,2.0,0.8278866071038894
1,8032,0.2,2.0,0.7550809537350982
1,8033,0.2,2.0,0.75132618622001
1,8034,0.2,2.0,0.5428024862316828
1,8035,0.2,2.0,0.27711322578357195
1,8036,0.2,2.0,0.44107664484081605
1,8037,0.2,2.0,0.6408189578134379
1,8038,0.2,2.0,0.8809758852595765
1,8039,0.2,2.0,0.11106072663052846
1,8040,0.2,2.0,0.5602717522818821
1,8041,0.2,2.0,0.07354808985889288
1,8042,0.2,2.0,1.012638121213528
1,8043,0.2,2.0,0.8537218633483034
1,8044,0.2,2.0,0.9903816563105917
1,8045,0.2,2.0,0.5369760845611211
1,8046,0.2,2.0,0.8853383155389319
1,8047,0.2,2.0,0.7491311461142528
1,8048,0.2,2.0,0.6573740848487482
1,8049,0.2,2.0,0.57324572337409
1,8050,0.2,2.0,0.04043642723103032
1,8051,0.2,2.0,0.4269403630733324
1,8052,0.2,2.0,0.36607154304109113
1,8053,0.2,2.0,0.3079811154485392
1,8054,0.2,2.0,0.9592770288896337
1,8055,0.2,2.0,0.7847535843094023
1,8056,0.2,2.0,0.3671814973548422
1,8057,0.2,2.0,0.4104684528617326
1,8058,0.2,2.0,0.6689618225124956
1,8059,0.2,2.0,0.2450934843192305
1,8060,0.2,2.0,0.33172115564433435
1,8061,0.2,2.0,0.3171393801720751
1,8062,0.2,2.0,0.12374790918769937
1,8063,0.2,2.0,0.8198301981982036
1,8064,0.2,2.0,0.5131450403306514
1,8065,0.2,2.0,0.46088063672230123
1,8066,0.2,2.0,0.8052969899266247
1,8067,0.2,2.0,0.4486919458048752
1,8068,0.2,2.0,0.07016870818968995
1,8069,0.2,2.0,0.6167743330261894
1,8070,0.2,2.0,0.5728527854994597
1,8071,0.2,2.0,0.14923759261985226
1,8072,0.2,2.0,0.7956057323283761
1,8073,0.2,2.0,0.5745155449814452
1,8074,0.2,2.0,0.10086653098690743
1,8075,0.2,2.0,0.8534899527733165
1,8076,0.2,2.0,0.33482295071205426
1,8077,0.2,2.0,0.4377736449599423
1,8078,0.2,2.0,0.6619274971631821
1,8079,0.2,2.0,0.16633733262327138
1,8080,0.2,2.0,0.85068822253881
1,8081,0.2,2.0,0.41440945040700516
1,8082,0.2,2.0,1.145435210003537
1,8083,0.2,2.0,0.7056724605403678
1,8084,0.2,2.0,0.4677394431436283
1,8085,0.2,2.0,0.9788461242878739
1,8086,0.2,2.0,0.46510287624401037
1,8087,0.2,2.0,0.3808910174516188
1,8088,0.2,2.0,0.2234272336277242
1,8089,0.2,2.0,0.5559862608567636
1,8090,0.2,2.0,0.4838795955989373
1,8091,0.2,2.0,0.29945321023440147
1,8092,0.2,2.0,0.23890731041828428
1,8093,0.2,2.0,0.749686444495183
1,8094,0.2,2.0,0.4441659248435889
1,8095,0.2,2.0,0.88260623900037
1,8096,0.2,2.0,0.2206455212088627
1,8097,0.2,2.0,0.6037686123331805
1,8098,0.2,2.0,0.15440189083161218
1,8099,0.2,2.0,0.8496478349217559
1,8100,0.2,2.0,0.3236495133479978
1,8101,0.2,2.0,0.9834138602667377
1,8102,0.2,2.0,0.34342728139167333
1,8103,0.2,2.0,0.05248355567702354
1,8104,0.2,2.0,0.785178906466572
1,8105,0.2,2.0,0.5821581392963681
1,8106,0.2,2.0,0.22648817289535955
1,8107,0.2,2.0,0.31617439593362234
1,8108,0.2,2.0,0.9143414759114923
1,8109,0.2,2.0,0.4291021146625528
1,8110,0.2,2.0,0.11650120953806543
1,8111,0.2,2.0,0.47130729027846685
1,8112,0.2,2.0,0.5023869012371818
1,8113,0.2,2.0,1.0931435547606922
1,8114,0.2,2.0,0.3451720739560952
1,8115,0.2,2.0,0.4132488768860066
1,8116,0.2,2.0,0.371263488897861
1,8117,0.2,2.0,0.8300739999701936
1,8118,0.2,2.0,0.20697698404440715
1,8119,0.2,2.0,0.5184549357960506
1,8120,0.2,2.0,0.15849681944600078
1,8121,0.2,2.0,0.2714434067441306
1,8122,0.2,2.0,0.836369249822967
1,8123,0.2,2.0,0.06640079198650073
1,8124,0.2,2.0,0.47760609920450925
1,8125,0.2,2.0,0.4861776867361207
1,8126,0.2,2.0,0.4821567747568655
1,8127,0.2,2.0,1.0807988040616774
1,8128,0.2,2.0,0.8751084926068625
1,8129,0.2,2.0,0.7943144747241796
1,8130,0.2,2.0,0.31083379753363766
1,8131,0.2,2.0,0.4470544207884
1,8132,0.2,2.0,0.6089620839516463
1,8133,0.2,2.0,0.5096049070042056
1,8134,0.2,2.0,0.4264704714233126
1,8135,0.2,2.0,0.37004093652500736
1,8136,0.2,2.0,0.7886479194440096
1,8137,0.2,2.0,0.941016284370485
1,8138,0.2,2.0,0.8401061220311131
1,8139,0.2,2.0,0.06609796252889104
1,8140,0.2,2.0,0.7472807121319585
1,8141,0.2,2.0,0.6004780364523663
1,8142,0.2,2.0,0.8007215288930156
1,8143,0.2,2.0,0.1581817357939236
1,8144,0.2,2.0,0.22797728281164226
1,8145,0.2,2.0,0.7690625021156854
1,8146,0.2,2.0,0.423921884382176
1,8147,0.2,2.0,0.38576276788112246
1,8148,0.2,2.0,0.5660728199529179
1,8149,0.2,2.0,1.4990139123080144
1,8150,0.2,2.0,1.2105238687703472
1,8151,0.2,2.0,0.4742845358768397
1,8152,0.2,2.0,0.5715582087580338
1,8153,0.2,2.0,1.171211007966901
1,8154,0.2,2.0,0.42185775159457
1,8155,0.2,2.0,0.5770982262951748
1,8156,0.2,2.0,0.23021570009193157
1,8157,0.2,2.0,0.1830370699636889
1,8158,0.2,2.0,0.4511012084785604
1,8159,0.2,2.0,0.2419275952776515
1,8160,0.2,2.0,0.41193622892456455
1,8161,0.2,2.0,0.5727904400492341
1,8162,0.2,2.0,0.9622776489179905
1,8163,0.2,2.0,0.4294490435669383
1,8164,0.2,2.0,0.7026591445191787
1,8165,0.2,2.0,0.4813944580439799
1,8166,0.2,2.0,0.4988400361829992
1,8167,0.2,2.0,0.24985453339211877
1,8168,0.2,2.0,0.6764063682147864
1,8169,0.2,2.0,0.44709734234076565
1,8170,0.2,2.0,0.6968782155547034
1,8171,0.2,2.0,0.39611526563352606
1,8172,0.2,2.0,0.6043826211514101
1,8173,0.2,2.0,0.42771494089928785
1,8174,0.2,2.0,0.38211394977624147
1,8175,0.2,2.0,0.8328171706650148
1,8176,0.2,2.0,1.2146450696403808
1,8177,0.2,2.0,0.5758319761275893
1,8178,0.2,2.0,0.4979438648116977
1,8179,0.2,2.0,0.6387559452646371
1,8180,0.2,2.0,0.2979063586165734
1,8181,0.2,2.0,1.2504781426663034
1,8182,0.2,2.0,0.18211028719319214
1,8183,0.2,2.0,0.6824921414648858
1,8184,0.2,2.0,0.47846374459518165
1,8185,0.2,2.0,0.5012300976038188
1,8186,0.2,2.0,0.21698192664642732
1,8187,0.2,2.0,0.7928105445663836
1,8188,0.2,2.0,0.43555563714155304
1,8189,0.2,2.0,0.823129909119076
1,8190,0.2,2.0,0.4617746325514685
1,8191,0.2,2.0,0.5641944032900286
1,8192,0.2,2.0,0.16509854782562547
1,8193,0.2,2.0,0.2305103433933611
1,8194,0.2,2.0,0.6195226628210533
1,8195,0.2,2.0,0.21053112981011055
1,8196,0.2,2.0,1.0865523938947208
1,8197,0.2,2.0,0.9822340041055115
1,8198,0.2,2.0,0.39864123624717135
1,8199,0.2,2.0,0.8206023561784812
1,8200,0.2,2.0,0.30404277184520306
1,8201,0.2,2.0,1.2174707447807993
1,8202,0.2,2.0,0.18770550473149347
1,8203,0.2,2.0,0.4641937303552252
1,8204,0.2,2.0,0.25091031807311576
1,8205,0.2,2.0,0.4088682524343029
1,8206,0.2,2.0,0.2836579156975688
1,8207,0.2,2.0,1.0647769763200485
1,8208,0.2,2.0,0.8500601664542115
1,8209,0.2,2.0,0.8698942451508302
1,8210,0.2,2.0,0.6245729885409671
1,8211,0.2,2.0,0.6241170951740895
1,8212,0.2,2.0,0.5081169015132567
1,8213,0.2,2.0,0.5995819990363149
1,8214,0.2,2.0,0.5475588459497394
1,8215,0.2,2.0,0.7919939928024197
1,8216,0.2,2.0,0.2875498595412322
1,8217,0.2,2.0,0.34191357995011584
1,8218,0.2,2.0,0.22867406041305774
1,8219,0.2,2.0,0.49068086983293513
1,8220,0.2,2.0,0.4632309767703594
1,8221,0.2,2.0,0.6604404425371597
1,8222,0.2,2.0,0.42746485384393834
1,8223,0.2,2.0,0.3527589807304355
1,8224,0.2,2.0,0.762888173703439
1,8225,0.2,2.0,0.7071355229623718
1,8226,0.2,2.0,0.20425751309506507
1,8227,0.2,2.0,0.18678246742041976
1,8228,0.2,2.0,0.6240229939389486
1,8229,0.2,2.0,0.8840996636829537
1,8230,0.2,2.0,0.3054313411792339
1,8231,0.2,2.0,0.46955418200070365
1,8232,0.2,2.0,1.2545451798041098
1,8233,0.2,2.0,0.4777089102631836
1,8234,0.2,2.0,0.527235560922179
1,8235,0.2,2.0,0.8551553666431481
1,8236,0.2,2.0,0.5199949379309615
1,8237,0.2,2.0,0.6178543160795034
1,8238,0.2,2.0,0.03529836560374202
1,8239,0.2,2.0,0.20691462798700283
1,8240,0.2,2.0,1.092627600735237
1,8241,0.2,2.0,0.8924531473610018
1,8242,0.2,2.0,0.36114497152373015
1,8243,0.2,2.0,0.5977820332230596
1,8244,0.2,2.0,0.5159155934241036
1,8245,0.2,2.0,0.4537520279845933
1,8246,0.2,2.0,0.8049644654159197
1,8247,0.2,2.0,0.7027233941292365
1,8248,0.2,2.0,0.2949560278057207
1,8249,0.2,2.0,1.2144660565474474
1,8250,0.2,2.0,0.27991601484920686
1,8251,0.2,2.0,1.410700142800321
1,8252,0.2,2.0,0.4844947539372716
1,8253,0.2,2.0,0.9244864819156186
1,8254,0.2,2.0,0.493313983588768
1,8255,0.2,2.0,0.4651243617844193
1,8256,0.2,2.0,0.32706609188153773
1,8257,0.2,2.0,0.08788410732644188
1,8258,0.2,2.0,0.3582501704083415
1,8259,0.2,2.0,0.9667159903898473
1,8260,0.2,2.0,0.697099812037879
1,8261,0.2,2.0,0.5965246765374135
1,8262,0.2,2.0,1.1921254132407515
1,8263,0.2,2.0,0.14043395392607647
1,8264,0.2,2.0,0.7118794051439493
1,8265,0.2,2.0,0.5762439745807173
1,8266,0.2,2.0,0.2377687469773393
1,8267,0.2,2.0,0.34484472827983753
1,8268,0.2,2.0,0.6726984220796376
1,8269,0.2,2.0,0.24949613111450264
1,8270,0.2,2.0,1.0663712653025617
1,8271,0.2,2.0,0.8387312130391389
1,8272,0.2,2.0,0.9790149749541914
1,8273,0.2,2.0,0.3368925264177686
1,8274,0.2,2.0,0.681667117784008
1,8275,0.2,2.0,0.7693988965603944
1,8276,0.2,2.0,0.7286392535718924
1,8277,0.2,2.0,1.010907262777893
1,8278,0.2,2.0,0.643419475945907
1,8279,0.2,2.0,0.6507263346556391
1,8280,0.2,2.0,0.4181811619044143
1,8281,0.2,2.0,0.8050758386926565
1,8282,0.2,2.0,0.986426481168909
1,8283,0.2,2.0,0.18418211173191767
1,8284,0.2,2.0,0.8309038727295804
1,8285,0.2,2.0,0.48220172030498204
1,8286,0.2,2.0,0.9359477139943954
1,8287,0.2,2.0,0.6461499549481567
1,8288,0.2,2.0,0.3754310030853104
1,8289,0.2,2.0,0.06902451088232683
1,8290,0.2,2.0,0.18480083988672144
1,8291,0.2,2.0,0.8689835204481319
1,8292,0.2,2.0,0.7233042839713658
1,8293,0.2,2.0,0.3657671220435926
1,8294,0.2,2.0,0.8611938298779103
1,8295,0.2,2.0,1.4982265403622912
1,8296,0.2,2.0,0.39127847568160845
1,8297,0.2,2.0,0.25739486111004045
1,8298,0.2,2.0,0.5130347153995233
1,8299,0.2,2.0,0.2733101179075658
1,8300,0.2,2.0,0.42686742743302564
1,8301,0.2,2.0,0.4715450811781815
1,8302,0.2,2.0,0.3929350606580486
1,8303,0.2,2.0,0.4476299159132183
1,8304,0.2,2.0,0.4308344284463707
1,8305,0.2,2.0,0.5726997197262418
1,8306,0.2,2.0,0.7506198027789543
1,8307,0.2,2.0,0.6553382558187104
1,8308,0.2,2.0,0.6567053926199814
1,8309,0.2,2.0,0.5431902940847974
1,8310,0.2,2.0,0.16161248733295386
1,8311,0.2,2.0,0.34025619256247763
1,8312,0.2,2.0,0.5525493443726006
1,8313,0.2,2.0,0.6127750061089088
1,8314,0.2,2.0,0.4034329794136418
1,8315,0.2,2.0,0.7533665369068115
1,8316,0.2,2.0,0.7173224127227296
1,8317,0.2,2.0,0.33116787466788883
1,8318,0.2,2.0,0.43977188776743953
1,8319,0.2,2.0,0.48511039536518297
1,8320,0.2,2.0,0.2782941943693302
1,8321,0.2,2.0,0.815159307953451
1,8322,0.2,2.0,0.5068264117138694
1,8323,0.2,2.0,0.5604550731576889
1,8324,0.2,2.0,0.5515390055782645
1,8325,0.2,2.0,0.40428558185991065
1,8326,0.2,2.0,1.361298928191264
1,8327,0.2,2.0,0.4203191484187073
1,8328,0.2,2.0,0.21379375045680676
1,8329,0.2,2.0,0.3108292131221636
1,8330,0.2,2.0,0.45934489375706533
1,8331,0.2,2.0,0.9947324646967717
1,8332,0.2,2.0,0.14355969954143943
1,8333,0.2,2.0,0.9435320012537836
1,8334,0.2,2.0,0.5713500536675546
1,8335,0.2,2.0,0.34384026855348593
1,8336,0.2,2.0,0.8922068509191261
1,8337,0.2,2.0,0.411183119971423
1,8338,0.2,2.0,1.0909067004598543
1,8339,0.2,2.0,0.9641123487955418
1,8340,0.2,2.0,0.26631220540312206
1,8341,0.2,2.0,0.5661697523041038
1,8342,0.2,2.0,0.28892412863351635
1,8343,0.2,2.0,0.29782721416971186
1,8344,0.2,2.0,1.0089611634757918
1,8345,0.2,2.0,0.9301245196400995
1,8346,0.2,2.0,0.8162926528107856
1,8347,0.2,2.0,0.7905776294529392
1,8348,0.2,2.0,0.617422781378187
1,8349,0.2,2.0,0.27061250638487644
1,8350,0.2,2.0,0.40289468248023413
1,8351,0.2,2.0,0.6752950161826407
1,8352,0.2,2.0,0.5153398322303319
1,8353,0.2,2.0,0.38402513312066316
1,8354,0.2,2.0,0.2325486876091961
1,8355,0.2,2.0,0.7588052335605141
1,8356,0.2,2.0,0.4402158045105794
1,8357,0.2,2.0,0.12311867290245639
1,8358,0.2,2.0,0.272902384558194
1,8359,0.2,2.0,0.51343922466617
1,8360,0.2,2.0,0.5262956676127861
1,8361,0.2,2.0,0.5539725748078412
1,8362,0.2,2.0,0.10247200767342621
1,8363,0.2,2.0,0.876142683103171
1,8364,0.2,2.0,0.956998810703846
1,8365,0.2,2.0,1.1080308725010666
1,8366,0.2,2.0,0.686776372879265
1,8367,0.2,2.0,0.4726102771609218
1,8368,0.2,2.0,0.12317929543461213
1,8369,0.2,2.0,0.5137300600089698
1,8370,0.2,2.0,0.8904278069966886
1,8371,0.2,2.0,0.9116946921845929
1,8372,0.2,2.0,0.35691613933591887
1,8373,0.2,2.0,0.2027839601882439
1,8374,0.2,2.0,0.3416272878338286
1,8375,0.2,2.0,0.31431016510036974
1,8376,0.2,2.0,0.3453465898962971
1,8377,0.2,2.0,0.4946087562102583
1,8378,0.2,2.0,0.30630817699752055
1,8379,0.2,2.0,0.7827769032537757
1,8380,0.2,2.0,0.5745448435565489
1,8381,0.2,2.0,0.4031221830753814
1,8382,0.2,2.0,0.5186883068239999
1,8383,0.2,2.0,0.522811531388944
1,8384,0.2,2.0,0.14577208906536876
1,8385,0.2,2.0,0.8504026270026089
1,8386,0.2,2.0,0.6737474797544886
1,8387,0.2,2.0,0.4530737854263468
1,8388,0.2,2.0,0.831621427761142
1,8389,0.2,2.0,0.2748004501016598
1,8390,0.2,2.0,0.1158674332259123
1,8391,0.2,2.0,1.097253881610628
1,8392,0.2,2.0,0.5805809555205991
1,8393,0.2,2.0,0.2428995958402386
1,8394,0.2,2.0,0.5058642070094334
1,8395,0.2,2.0,0.9075297393818037
1,8396,0.2,2.0,0.2997294236051124
1,8397,0.2,2.0,0.415934079230455
1,8398,0.2,2.0,0.8152573799576579
1,8399,0.2,2.0,0.4413684424975789
1,8400,0.2,2.0,0.3176100796895506
1,8401,0.2,2.0,0.9422638579730882
1,8402,0.2,2.0,0.5911837081941252
1,8403,0.2,2.0,0.4724744830647856
1,8404,0.2,2.0,0.509465887614739
1,8405,0.2,2.0,0.5385269662142874
1,8406,0.2,2.0,0.27470857592429615
1,8407,0.2,2.0,0.5266236146870473
1,8408,0.2,2.0,0.8645614556928679
1,8409,0.2,2.0,1.0133634264237328
1,8410,0.2,2.0,0.31482976329485474
1,8411,0.2,2.0,0.33198581312286596
1,8412,0.2,2.0,0.04298686495955765
1,8413,0.2,2.0,0.4917109290534491
1,8414,0.2,2.0,0.587932829723179
1,8415,0.2,2.0,0.7612534112088678
1,8416,0.2,2.0,0.5259638637110957
1,8417,0.2,2.0,0.3839786925930511
1,8418,0.2,2.0,0.5055847495520389
1,8419,0.2,2.0,0.2748924499046798
1,8420,0.2,2.0,0.9588400215663508
1,8421,0.2,2.0,0.37155170764241535
1,8422,0.2,2.0,0.21478509643909513
1,8423,0.2,2.0,0.2684326014384855
1,8424,0.2,2.0,0.6330853786720461
1,8425,0.2,2.0,0.36781920227698595
1,8426,0.2,2.0,0.550984987566495
1,8427,0.2,2.0,0.767222909171842
1,8428,0.2,2.0,0.10442017254872947
1,8429,0.2,2.0,0.6981378940367716
1,8430,0.2,2.0,0.4349597605677964
1,8431,0.2,2.0,0.5108242632461749
1,8432,0.2,2.0,0.1502821604462264
1,8433,0.2,2.0,0.040762722736045524
1,8434,0.2,2.0,0.6629439595219008
1,8435,0.2,2.0,0.477014553683022
1,8436,0.2,2.0,0.1204918456487632
1,8437,0.2,2.0,0.23407378336929294
1,8438,0.2,2.0,0.3135077945110444
1,8439,0.2,2.0,0.7153461240025621
1,8440,0.2,2.0,0.675730635913792
1,8441,0.2,2.0,0.2329749289503757
1,8442,0.2,2.0,0.2086165728968144
1,8443,0.2,2.0,0.7027664715844643
1,8444,0.2,2.0,0.358351903879007
1,8445,0.2,2.0,0.1317015200987085
1,8446,0.2,2.0,0.272956432120911
1,8447,0.2,2.0,0.39971493381919304
1,8448,0.2,2.0,0.9265813996170247
1,8449,0.2,2.0,0.7980154019724596
1,8450,0.2,2.0,0.06366887151908258
1,8451,0.2,2.0,0.21319976822279205
1,8452,0.2,2.0,0.7233650110179155
1,8453,0.2,2.0,0.6665177736319776
1,8454,0.2,2.0,0.931669854668403
1,8455,0.2,2.0,0.9622687491894499
1,8456,0.2,2.0,0.4964141790396607
1,8457,0.2,2.0,0.05889052632228702
1,8458,0.2,2.0,0.9523349944786903
1,8459,0.2,2.0,1.3823494360790423
1,8460,0.2,2.0,0.35845945329205686
1,8461,0.2,2.0,0.7937752224527376
1,8462,0.2,2.0,0.7524184493756098
1,8463,0.2,2.0,0.4010237486739548
1,8464,0.2,2.0,0.6163726461593974
1,8465,0.2,2.0,0.15954993323493827
1,8466,0.2,2.0,0.6148410417865606
1,8467,0.2,2.0,0.8182545903815354
1,8468,0.2,2.0,0.2713803838279833
1,8469,0.2,2.0,0.5022769395127111
1,8470,0.2,2.0,0.6714532649553934
1,8471,0.2,2.0,0.9210074406395511
1,8472,0.2,2.0,0.38890348605499236
1,8473,0.2,2.0,0.3687705583127346
1,8474,0.2,2.0,0.6833785294101556
1,8475,0.2,2.0,0.8672111327848461
1,8476,0.2,2.0,0.8407524511435874
1,8477,0.2,2.0,0.454761383777649
1,8478,0.2,2.0,0.3962377623328257
1,8479,0.2,2.0,0.9956110175910973
1,8480,0.2,2.0,0.5999906447805649
1,8481,0.2,2.0,0.8805640335309555
1,8482,0.2,2.0,0.8377316887408991
1,8483,0.2,2.0,0.3581865170759934
1,8484,0.2,2.0,0.6209287071386438
1,8485,0.2,2.0,0.45373982144689584
1,8486,0.2,2.0,1.267108948757304
1,8487,0.2,2.0,0.28258754768768074
1,8488,0.2,2.0,0.7089763527703539
1,8489,0.2,2.0,0.4365759475331073
1,8490,0.2,2.0,0.5503133329280665
1,8491,0.2,2.0,0.41878169853289876
1,8492,0.2,2.0,0.6612576906961756
1,8493,0.2,2.0,0.9026710961568208
1,8494,0.2,2.0,0.7542231955753405
1,8495,0.2,2.0,0.542720267044214
1,8496,0.2,2.0,0.43441689108855236
1,8497,0.2,2.0,0.3330352308381083
1,8498,0.2,2.0,0.4695329921796375
1,8499,0.2,2.0,0.36650285117245174
1,8500,0.2,2.0,0.49731325232341117
1,8501,0.2,2.0,0.24525534372288987
1,8502,0.2,2.0,0.48952031891716363
1,8503,0.2,2.0,0.7476579467062331
1,8504,0.2,2.0,0.3294666913038012
1,8505,0.2,2.0,0.5779709424531038
1,8506,0.2,2.0,0.7701398815301312
1,8507,0.2,2.0,0.19437051721318985
1,8508,0.2,2.0,0.3609735106791524
1,8509,0.2,2.0,0.19644140276855596
1,8510,0.2,2.0,0.18131683085170958
1,8511,0.2,2.0,0.3526532702691247
1,8512,0.2,2.0,0.7988747793558012
1,8513,0.2,2.0,0.45351315151799515
1,8514,0.2,2.0,0.4665814258995998
1,8515,0.2,2.0,0.21448241960281741
1,8516,0.2,2.0,0.3192152578911088
1,8517,0.2,2.0,0.10622155698690372
1,8518,0.2,2.0,0.6786017240710878
1,8519,0.2,2.0,0.47310263901179417
1,8520,0.2,2.0,0.9265601795913455
1,8521,0.2,2.0,0.44014024705980537
1,8522,0.2,2.0,0.726925204723418
1,8523,0.2,2.0,0.461160047460552
1,8524,0.2,2.0,0.41430962539851945
1,8525,0.2,2.0,0.7403450804924141
1,8526,0.2,2.0,0.25222769365530356
1,8527,0.2,2.0,0.5838100923188599
1,8528,0.2,2.0,0.8064404198128858
1,8529,0.2,2.0,0.505859459058143
1,8530,0.2,2.0,0.6023219356844005
1,8531,0.2,2.0,0.5849833226043047
1,8532,0.2,2.0,0.47563245671336396
1,8533,0.2,2.0,0.3150705589061831
1,8534,0.2,2.0,0.3001428231023305
1,8535,0.2,2.0,0.30834443060706684
1,8536,0.2,2.0,1.1828014524309263
1,8537,0.2,2.0,0.4767180653302623
1,8538,0.2,2.0,0.803579262323658
1,8539,0.2,2.0,0.8750072656237203
1,8540,0.2,2.0,1.288520521575871
1,8541,0.2,2.0,1.0707116254904978
1,8542,0.2,2.0,0.8095443668078454
1,8543,0.2,2.0,0.5454682884741094
1,8544,0.2,2.0,0.7658251964943769
1,8545,0.2,2.0,0.4758237349896107
1,8546,0.2,2.0,0.3612405826093447
1,8547,0.2,2.0,0.7988811911012128
1,8548,0.2,2.0,0.44052952418537805
1,8549,0.2,2.0,0.4918569973026474
1,8550,0.2,2.0,0.4012375745028933
1,8551,0.2,2.0,0.4510832637560173
1,8552,0.2,2.0,0.6590692568247378
1,8553,0.2,2.0,0.20274451105085067
1,8554,0.2,2.0,0.16855770934713118
1,8555,0.2,2.0,0.5269599705428369
1,8556,0.2,2.0,0.7072319862589517
1,8557,0.2,2.0,0.049925804508535274
1,8558,0.2,2.0,0.4877167499175524
1,8559,0.2,2.0,0.7323679163472671
1,8560,0.2,2.0,0.9649901871004811
1,8561,0.2,2.0,0.5896757693592306
1,8562,0.2,2.0,0.8224226700305699
1,8563,0.2,2.0,0.8663019167007349
1,8564,0.2,2.0,0.194687400056065
1,8565,0.2,2.0,0.6412979086602708
1,8566,0.2,2.0,0.8582269407216405
1,8567,0.2,2.0,1.0686253190732573
1,8568,0.2,2.0,0.49827675074323446
1,8569,0.2,2.0,0.5059154160688576
1,8570,0.2,2.0,1.0463956019809
1,8571,0.2,2.0,0.5049313284525094
1,8572,0.2,2.0,0.13959610420078952
1,8573,0.2,2.0,0.3832611329608778
1,8574,0.2,2.0,0.06279322377629268
1,8575,0.2,2.0,1.2054461884342345
1,8576,0.2,2.0,0.4585718680826068
1,8577,0.2,2.0,1.1592786248037166
1,8578,0.2,2.0,0.2732853086474904
1,8579,0.2,2.0,0.47500935758738205
1,8580,0.2,2.0,0.48311833774873064
1,8581,0.2,2.0,0.187393960423461
1,8582,0.2,2.0,0.48026627031669045
1,8583,0.2,2.0,0.37759281473661993
1,8584,0.2,2.0,0.3924443380329256
1,8585,0.2,2.0,0.5634282881219644
1,8586,0.2,2.0,0.544221343915914
1,8587,0.2,2.0,0.29132204026528646
1,8588,0.2,2.0,0.6299492472818418
1,8589,0.2,2.0,0.5033374552714225
1,8590,0.2,2.0,1.091970687600365
1,8591,0.2,2.0,0.17688971531307168
1,8592,0.2,2.0,1.301049024319674
1,8593,0.2,2.0,0.4497672195976572
1,8594,0.2,2.0,0.30491827319371195
1,8595,0.2,2.0,0.8079659042882236
1,8596,0.2,2.0,0.43553354185745113
1,8597,0.2,2.0,0.20436029317812915
1,8598,0.2,2.0,1.300903899219578
1,8599,0.2,2.0,0.6901607061719613
1,8600,0.2,2.0,0.41980668261617865
1,8601,0.2,2.0,0.7165308541194744
1,8602,0.2,2.0,0.8220431284731546
1,8603,0.2,2.0,0.44244973047582736
1,8604,0.2,2.0,0.6873779026021896
1,8605,0.2,2.0,0.49463854044817496
1,8606,0.2,2.0,0.3886641221455256
1,8607,0.2,2.0,0.2645701212922988
1,8608,0.2,2.0,0.2546228399236167
1,8609,0.2,2.0,0.6707047910753472
1,8610,0.2,2.0,0.9218907766661011
1,8611,0.2,2.0,0.4282217389374717
1,8612,0.2,2.0,0.45133850388238467
1,8613,0.2,2.0,0.5777816141128594
1,8614,0.2,2.0,0.36571664896519096
1,8615,0.2,2.0,0.9240897904359298
1,8616,0.2,2.0,0.6347813350447472
1,8617,0.2,2.0,0.3013338156826066
1,8618,0.2,2.0,0.973855919902492
1,8619,0.2,2.0,0.5498289711241295
1,8620,0.2,2.0,0.6292930679235236
1,8621,0.2,2.0,0.6251084180076248
1,8622,0.2,2.0,0.29392082401784503
1,8623,0.2,2.0,0.5735693170465724
1,8624,0.2,2.0,0.2928266857121159
1,8625,0.2,2.0,0.17140434029087653
1,8626,0.2,2.0,1.032019086172637
1,8627,0.2,2.0,0.34824037486108433
1,8628,0.2,2.0,0.7860023134313673
1,8629,0.2,2.0,0.3552008240819579
1,8630,0.2,2.0,0.40125369457974275
1,8631,0.2,2.0,0.9787973151352345
1,8632,0.2,2.0,0.23153616471556612
1,8633,0.2,2.0,0.6447845522965227
1,8634,0.2,2.0,0.26799531994402476
1,8635,0.2,2.0,0.2691773348090249
1,8636,0.2,2.0,0.41647566417341897
1,8637,0.2,2.0,0.6328540786512247
1,8638,0.2,2.0,1.1313919751917765
1,8639,0.2,2.0,0.648402603888812
1,8640,0.2,2.0,0.5813352096178263
1,8641,0.2,2.0,0.42193604503668464
1,8642,0.2,2.0,0.5790985387619744
1,8643,0.2,2.0,0.4199972201795296
1,8644,0.2,2.0,0.6477221835943072
1,8645,0.2,2.0,0.38116547846893867
1,8646,0.2,2.0,0.3207460556237144
1,8647,0.2,2.0,0.23929484922850838
1,8648,0.2,2.0,0.6288799239262769
1,8649,0.2,2.0,0.3546084464298572
1,8650,0.2,2.0,0.5149483304125899
1,8651,0.2,2.0,0.3705876438652996
1,8652,0.2,2.0,0.6076936189953495
1,8653,0.2,2.0,0.7673797354757472
1,8654,0.2,2.0,0.361201346828945
1,8655,0.2,2.0,0.9078018183792839
1,8656,0.2,2.0,0.6321531116486545
1,8657,0.2,2.0,0.604391273165934
1,8658,0.2,2.0,0.9559264220318515
1,8659,0.2,2.0,0.6928536712856501
1,8660,0.2,2.0,0.28335709928524033
1,8661,0.2,2.0,0.43013601589291184
1,8662,0.2,2.0,0.7716177155342744
1,8663,0.2,2.0,0.35991512896307004
1,8664,0.2,2.0,1.1055789988010314
1,8665,0.2,2.0,0.08437446301366339
1,8666,0.2,2.0,0.3815781872534787
1,8667,0.2,2.0,0.38855353416160193
1,8668,0.2,2.0,0.5178167994350529
1,8669,0.2,2.0,0.7570507631498774
1,8670,0.2,2.0,0.4359235811998045
1,8671,0.2,2.0,0.8144040933616816
1,8672,0.2,2.0,0.96453850481705
1,8673,0.2,2.0,0.17818437475644228
1,8674,0.2,2.0,0.6170429090600775
1,8675,0.2,2.0,0.4064925470858448
1,8676,0.2,2.0,0.6353321173457396
1,8677,0.2,2.0,0.7934038277744103
1,8678,0.2,2.0,0.12650082123398687
1,8679,0.2,2.0,0.15496259060383322
1,8680,0.2,2.0,0.13522116604287782
1,8681,0.2,2.0,1.1790573549762644
1,8682,0.2,2.0,0.7803803608913747
1,8683,0.2,2.0,0.6973047262671265
1,8684,0.2,2.0,0.3480248338251614
1,8685,0.2,2.0,0.3731514427281425
1,8686,0.2,2.0,0.6556327951643093
1,8687,0.2,2.0,0.34567418320878635
1,8688,0.2,2.0,0.2683110776520539
1,8689,0.2,2.0,0.7513710666096037
1,8690,0.2,2.0,0.5490465968901977
1,8691,0.2,2.0,0.6339760530902947
1,8692,0.2,2.0,0.5496331231679425
1,8693,0.2,2.0,0.29762245283792277
1,8694,0.2,2.0,0.917991424201754
1,8695,0.2,2.0,0.9402774516952077
1,8696,0.2,2.0,0.592645370053707
1,8697,0.2,2.0,0.6968864098737806
1,8698,0.2,2.0,0.13307151179834914
1,8699,0.2,2.0,0.907039080055516
1,8700,0.2,2.0,0.718697427097708
1,8701,0.2,2.0,0.2982722599278807
1,8702,0.2,2.0,0.23774002516504514
1,8703,0.2,2.0,0.6797273993572488
1,8704,0.2,2.0,0.3716409129935557
1,8705,0.2,2.0,0.9265057956632087
1,8706,0.2,2.0,0.9022626476907465
1,8707,0.2,2.0,0.7494087842275247
1,8708,0.2,2.0,0.3438451775016835
1,8709,0.2,2.0,0.6473615194873686
1,8710,0.2,2.0,0.5945163945370313
1,8711,0.2,2.0,0.2376435447993292
1,8712,0.2,2.0,0.4994399685192795
1,8713,0.2,2.0,0.34280661455443784
1,8714,0.2,2.0,1.2488675103256677
1,8715,0.2,2.0,0.981537775499506
1,8716,0.2,2.0,0.29416114050533404
1,8717,0.2,2.0,0.29016604690529174
1,8718,0.2,2.0,0.6927243717490587
1,8719,0.2,2.0,0.5474432045369094
1,8720,0.2,2.0,0.27122118780716814
1,8721,0.2,2.0,0.5187536939051499
1,8722,0.2,2.0,0.5154082091326493
1,8723,0.2,2.0,0.9302579946532304
1,8724,0.2,2.0,0.5385361001301224
1,8725,0.2,2.0,0.4510769264038841
1,8726,0.2,2.0,0.10802591944114641
1,8727,0.2,2.0,0.8979971848883667
1,8728,0.2,2.0,0.3902433562413537
1,8729,0.2,2.0,0.4596614267189812
1,8730,0.2,2.0,0.8710602576311721
1,8731,0.2,2.0,0.9899682798148299
1,8732,0.2,2.0,0.27121977166739425
1,8733,0.2,2.0,1.0148958111284165
1,8734,0.2,2.0,0.628876804637757
1,8735,0.2,2.0,0.23734241816794535
1,8736,0.2,2.0,0.6459941699260476
1,8737,0.2,2.0,0.8126739687743748
1,8738,0.2,2.0,0.2306179030340475
1,8739,0.2,2.0,0.2547343521854338
1,8740,0.2,2.0,0.4947553234022444
1,8741,0.2,2.0,1.2816948415835294
1,8742,0.2,2.0,0.09011891337778848
1,8743,0.2,2.0,0.34155547783464674
1,8744,0.2,2.0,0.3490479597954634
1,8745,0.2,2.0,0.24127090286966912
1,8746,0.2,2.0,0.24918919448046278
1,8747,0.2,2.0,0.664897394767923
1,8748,0.2,2.0,0.6235785456150181
1,8749,0.2,2.0,0.7827112280915908
1,8750,0.2,2.0,0.46673264269457476
1,8751,0.2,2.0,0.7863395153704761
1,8752,0.2,2.0,0.6516720895083267
1,8753,0.2,2.0,0.493859393152974
1,8754,0.2,2.0,0.3265264151865484
1,8755,0.2,2.0,0.5075844094650002
1,8756,0.2,2.0,0.32700756584264523
1,8757,0.2,2.0,0.6800929723952803
1,8758,0.2,2.0,1.16313102110513
1,8759,0.2,2.0,0.3798294906635314
1,8760,0.2,2.0,0.4868308345795717
1,8761,0.2,2.0,0.48284135820049356
1,8762,0.2,2.0,0.6457856099526228
1,8763,0.2,2.0,0.16550220608064195
1,8764,0.2,2.0,0.9072683156955367
1,8765,0.2,2.0,0.9188226226839277
1,8766,0.2,2.0,0.3321602722752467
1,8767,0.2,2.0,0.46087073121363653
1,8768,0.2,2.0,0.5090834096889721
1,8769,0.2,2.0,0.64954591913323
1,8770,0.2,2.0,0.35300096281297977
1,8771,0.2,2.0,0.6443718705427117
1,8772,0.2,2.0,1.186642512746527
1,8773,0.2,2.0,0.4010391776299033
1,8774,0.2,2.0,0.011780727031521918
1,8775,0.2,2.0,0.49795610696524156
1,8776,0.2,2.0,0.6174800872663594
1,8777,0.2,2.0,0.5904651779448318
1,8778,0.2,2.0,0.488840068275241
1,8779,0.2,2.0,0.6625464843572176
1,8780,0.2,2.0,0.5620676550139447
1,8781,0.2,2.0,0.39389780640202127
1,8782,0.2,2.0,0.8210946396666198
1,8783,0.2,2.0,0.42738415316925826
1,8784,0.2,2.0,0.6113286518704836
1,8785,0.2,2.0,0.4753637134882053
1,8786,0.2,2.0,0.8435785751371174
1,8787,0.2,2.0,0.6701941608482954
1,8788,0.2,2.0,0.4476542011766481
1,8789,0.2,2.0,0.060923397968118985
1,8790,0.2,2.0,0.8671538966777086
1,8791,0.2,2.0,0.30692935004216915
1,8792,0.2,2.0,0.3549207843023099
1,8793,0.2,2.0,0.22481980778387572
1,8794,0.2,2.0,0.639214266696736
1,8795,0.2,2.0,0.6607339409384914
1,8796,0.2,2.0,0.8157575984245777
1,8797,0.2,2.0,0.7528458670106513
1,8798,0.2,2.0,0.7444256105273197
1,8799,0.2,2.0,0.2459289760588966
1,8800,0.2,2.0,0.7538845674950356
1,8801,0.2,2.0,0.1294307625707131
1,8802,0.2,2.0,0.35993774605490564
1,8803,0.2,2.0,0.11141535950928268
1,8804,0.2,2.0,0.9499158136892367
1,8805,0.2,2.0,0.999750391230019
1,8806,0.2,2.0,0.36480935286630084
1,8807,0.2,2.0,0.4747727222846425
1,8808,0.2,2.0,0.5579872095198873
1,8809,0.2,2.0,0.768441262198449
1,8810,0.2,2.0,0.9954545382254872
1,8811,0.2,2.0,0.3222933091185023
1,8812,0.2,2.0,0.835252135811481
1,8813,0.2,2.0,1.5907256025802645
1,8814,0.2,2.0,0.36232637586058836
1,8815,0.2,2.0,0.13941976625274677
1,8816,0.2,2.0,0.5462535163088992
1,8817,0.2,2.0,0.7877012388905655
1,8818,0.2,2.0,0.40794223321387535
1,8819,0.2,2.0,0.5635892300242681
1,8820,0.2,2.0,0.5365559623959129
1,8821,0.2,2.0,0.31159894160448803
1,8822,0.2,2.0,1.1845277969720256
1,8823,0.2,2.0,0.7801259924224269
1,8824,0.2,2.0,0.17230991980526741
1,8825,0.2,2.0,0.45726411001818995
1,8826,0.2,2.0,0.6155074556561435
1,8827,0.2,2.0,0.2558625937962805
1,8828,0.2,2.0,0.2687447068639267
1,8829,0.2,2.0,0.16367645283920398
1,8830,0.2,2.0,1.0549245219924401
1,8831,0.2,2.0,1.0731069732653495
1,8832,0.2,2.0,0.4760474658741537
1,8833,0.2,2.0,0.9516545538599437
1,8834,0.2,2.0,1.2350617160422273
1,8835,0.2,2.0,0.1922110998700721
1,8836,0.2,2.0,0.31578012363398744
1,8837,0.2,2.0,0.6250742715748648
1,8838,0.2,2.0,0.3203758364600368
1,8839,0.2,2.0,0.7759089975507769
1,8840,0.2,2.0,0.8257438890801094
1,8841,0.2,2.0,0.6162148278256285
1,8842,0.2,2.0,0.7656749489224913
1,8843,0.2,2.0,0.2122677873443657
1,8844,0.2,2.0,0.6001274543273597
1,8845,0.2,2.0,1.1624815261685602
1,8846,0.2,2.0,0.1949614426082871
1,8847,0.2,2.0,0.18483958341547668
1,8848,0.2,2.0,0.7134137804572398
1,8849,0.2,2.0,0.5768937966082376
1,8850,0.2,2.0,0.9172285157855111
1,8851,0.2,2.0,0.2588119682999052
1,8852,0.2,2.0,1.5039558491970064
1,8853,0.2,2.0,0.19920198538373537
1,8854,0.2,2.0,0.45540220273852394
1,8855,0.2,2.0,0.46777586086165657
1,8856,0.2,2.0,0.7596831256658453
1,8857,0.2,2.0,0.8281632978717243
1,8858,0.2,2.0,0.921667750083689
1,8859,0.2,2.0,0.6107215060244314
1,8860,0.2,2.0,0.3429931737738771
1,8861,0.2,2.0,0.19143537413677528
1,8862,0.2,2.0,0.2705671269324293
1,8863,0.2,2.0,0.619841873733264
1,8864,0.2,2.0,0.7482427993318074
1,8865,0.2,2.0,0.14004332390373408
1,8866,0.2,2.0,0.5337515902416127
1,8867,0.2,2.0,0.352322873432666
1,8868,0.2,2.0,1.2014268935928072
1,8869,0.2,2.0,0.7535953342608339
1,8870,0.2,2.0,0.38299335843034193
1,8871,0.2,2.0,0.3263534682374242
1,8872,0.2,2.0,0.3432496739720091
1,8873,0.2,2.0,0.48807645814583833
1,8874,0.2,2.0,0.21074167749062292
1,8875,0.2,2.0,0.4851346897876909
1,8876,0.2,2.0,0.5612795742844171
1,8877,0.2,2.0,0.32603176871626993
1,8878,0.2,2.0,0.9614691849417807
1,8879,0.2,2.0,0.1308571962549222
1,8880,0.2,2.0,0.42895574841671974
1,8881,0.2,2.0,0.8716657914980823
1,8882,0.2,2.0,0.28117573354209807
1,8883,0.2,2.0,0.6171989554825564
1,8884,0.2,2.0,0.04407795654231025
1,8885,0.2,2.0,0.52652282173809
1,8886,0.2,2.0,0.44918712016749957
1,8887,0.2,2.0,0.32402867061032165
1,8888,0.2,2.0,0.219451195897092
1,8889,0.2,2.0,0.42727878079522824
1,8890,0.2,2.0,0.16965224839042994
1,8891,0.2,2.0,0.4564837384951983
1,8892,0.2,2.0,0.6079080994340872
1,8893,0.2,2.0,0.2742732488483845
1,8894,0.2,2.0,0.3000970902952065
1,8895,0.2,2.0,0.2621653430151115
1,8896,0.2,2.0,0.7395448325421722
1,8897,0.2,2.0,0.587888304983951
1,8898,0.2,2.0,0.23381940125391754
1,8899,0.2,2.0,0.20451944042639889
1,8900,0.2,2.0,0.27498343897220046
1,8901,0.2,2.0,0.6968500719519742
1,8902,0.2,2.0,0.6553968750943743
1,8903,0.2,2.0,0.9339350418523972
1,8904,0.2,2.0,0.2382565909131078
1,8905,0.2,2.0,0.469555661602051
1,8906,0.2,2.0,1.3702025648907807
1,8907,0.2,2.0,0.6611467724726496
1,8908,0.2,2.0,0.5273434080292636
1,8909,0.2,2.0,0.3680334187805058
1,8910,0.2,2.0,0.9518964390857213
1,8911,0.2,2.0,0.9406820172222352
1,8912,0.2,2.0,0.39183278103323327
1,8913,0.2,2.0,0.2805689042498787
1,8914,0.2,2.0,0.7622605445249413
1,8915,0.2,2.0,0.2919546311501466
1,8916,0.2,2.0,1.0539075431378258
1,8917,0.2,2.0,0.697875837006618
1,8918,0.2,2.0,0.9814377819200085
1,8919,0.2,2.0,0.30159718473263397
1,8920,0.2,2.0,0.3747356851292106
1,8921,0.2,2.0,0.04113882650390159
1,8922,0.2,2.0,0.44575146430363627
1,8923,0.2,2.0,0.37748712896808145
1,8924,0.2,2.0,0.5589329053275714
1,8925,0.2,2.0,0.5463878316536716
1,8926,0.2,2.0,0.8005524820044171
1,8927,0.2,2.0,0.6963951617230121
1,8928,0.2,2.0,0.5617099852898662
1,8929,0.2,2.0,0.6070870369474798
1,8930,0.2,2.0,0.11765703027474132
1,8931,0.2,2.0,0.8557196513784602
1,8932,0.2,2.0,0.13594822517532995
1,8933,0.2,2.0,0.3970451639890729
1,8934,0.2,2.0,0.8797021157449872
1,8935,0.2,2.0,0.4562971608843914
1,8936,0.2,2.0,0.48716557326710974
1,8937,0.2,2.0,0.9024621382746782
1,8938,0.2,2.0,0.45177667057005905
1,8939,0.2,2.0,0.44707228737492793
1,8940,0.2,2.0,0.4612145000623636
1,8941,0.2,2.0,1.165909773885298
1,8942,0.2,2.0,0.3035165987910258
1,8943,0.2,2.0,0.34556639041349013
1,8944,0.2,2.0,0.1517643491697585
1,8945,0.2,2.0,0.3812946482745157
1,8946,0.2,2.0,0.14740058834346806
1,8947,0.2,2.0,0.8385992878022267
1,8948,0.2,2.0,0.2969592034855095
1,8949,0.2,2.0,0.7698804256738986
1,8950,0.2,2.0,0.5278856726309155
1,8951,0.2,2.0,1.500750565158362
1,8952,0.2,2.0,0.6068040638413141
1,8953,0.2,2.0,0.6475761289819727
1,8954,0.2,2.0,0.6614676654440053
1,8955,0.2,2.0,0.023865354776831358
1,8956,0.2,2.0,0.1653512419032741
1,8957,0.2,2.0,0.9629401410654688
1,8958,0.2,2.0,0.2245542296961012
1,8959,0.2,2.0,1.4028494211084037
1,8960,0.2,2.0,0.32136788954651563
1,8961,0.2,2.0,0.2590506086040752
1,8962,0.2,2.0,0.3929682083810679
1,8963,0.2,2.0,0.6678871705624158
1,8964,0.2,2.0,0.1742121003594051
1,8965,0.2,2.0,0.7876377671058187
1,8966,0.2,2.0,0.80968312704573
1,8967,0.2,2.0,0.5562827860742325
1,8968,0.2,2.0,0.8483497660786217
1,8969,0.2,2.0,1.0641094325037515
1,8970,0.2,2.0,0.7078293734670619
1,8971,0.2,2.0,1.1229202958571682
1,8972,0.2,2.0,0.4390874290563244
1,8973,0.2,2.0,0.250323498127035
1,8974,0.2,2.0,0.720269157603074
1,8975,0.2,2.0,0.663252249445781
1,8976,0.2,2.0,0.9025355281333783
1,8977,0.2,2.0,0.5137567633635984
1,8978,0.2,2.0,0.5581207300292373
1,8979,0.2,2.0,0.3840168555043085
1,8980,0.2,2.0,1.1866906756631947
1,8981,0.2,2.0,0.9272926712243711
1,8982,0.2,2.0,0.5706408994866623
1,8983,0.2,2.0,0.2711468662024459
1,8984,0.2,2.0,0.5083800762457109
1,8985,0.2,2.0,0.7582453012947057
1,8986,0.2,2.0,0.24839602114964937
1,8987,0.2,2.0,0.20465029081349484
1,8988,0.2,2.0,0.9724409639972128
1,8989,0.2,2.0,1.1600510454444288
1,8990,0.2,2.0,0.5131071112756475
1,8991,0.2,2.0,0.938626076059636
1,8992,0.2,2.0,0.10462979880992444
1,8993,0.2,2.0,0.825525211218738
1,8994,0.2,2.0,0.42680939948759616
1,8995,0.2,2.0,0.6610076620216986
1,8996,0.2,2.0,0.37910941435756335
1,8997,0.2,2.0,0.6365785036960913
1,8998,0.2,2.0,0.4038240385714468
1,8999,0.2,2.0,0.9036498225686486
1,9000,0.2,2.0,0.9212878877405914
1,9001,0.2,2.0,0.9305235830399575
1,9002,0.2,2.0,0.739155783603814
1,9003,0.2,2.0,0.5117543666548203
1,9004,0.2,2.0,0.5889207631087268
1,9005,0.2,2.0,1.0301162369955714
1,9006,0.2,2.0,0.19809906966344074
1,9007,0.2,2.0,0.7688284051222862
1,9008,0.2,2.0,0.6855111068326166
1,9009,0.2,2.0,0.3421679751556792
1,9010,0.2,2.0,0.7891782193701077
1,9011,0.2,2.0,0.36733480889691145
1,9012,0.2,2.0,0.36849592153610566
1,9013,0.2,2.0,0.299986832829979
1,9014,0.2,2.0,0.3603041273687145
1,9015,0.2,2.0,0.6236720888526819
1,9016,0.2,2.0,0.6299039971498555
1,9017,0.2,2.0,0.35650705979018604
1,9018,0.2,2.0,0.3199225182281057
1,9019,0.2,2.0,0.42567410236663955
1,9020,0.2,2.0,0.79717378400749
1,9021,0.2,2.0,0.9444514400649091
1,9022,0.2,2.0,0.3951628825965004
1,9023,0.2,2.0,0.7053027633499559
1,9024,0.2,2.0,0.21204357613403146
1,9025,0.2,2.0,0.5085297131368344
1,9026,0.2,2.0,0.3759839750431271
1,9027,0.2,2.0,0.7491137950919582
1,9028,0.2,2.0,0.19213748948082124
1,9029,0.2,2.0,0.9242823064074499
1,9030,0.2,2.0,0.4933074271937383
1,9031,0.2,2.0,0.47729367250545146
1,9032,0.2,2.0,0.269529603937863
1,9033,0.2,2.0,0.6353932803598943
1,9034,0.2,2.0,0.2348763185387453
1,9035,0.2,2.0,0.15991900822372332
1,9036,0.2,2.0,0.10726817671327926
1,9037,0.2,2.0,0.5820865926042686
1,9038,0.2,2.0,0.6444561910329389
1,9039,0.2,2.0,0.30267516731212557
1,9040,0.2,2.0,0.19235581471752652
1,9041,0.2,2.0,0.11796946523291871
1,9042,0.2,2.0,0.49701785478973376
1,9043,0.2,2.0,0.8268563780692624
1,9044,0.2,2.0,0.3903906793978655
1,9045,0.2,2.0,0.49618724547085824
1,9046,0.2,2.0,0.38720976920404027
1,9047,0.2,2.0,0.6467744043786514
1,9048,0.2,2.0,0.28814865554370384
1,9049,0.2,2.0,0.7466709617725567
1,9050,0.2,2.0,0.8508372814645007
1,9051,0.2,2.0,0.6437420920966777
1,9052,0.2,2.0,0.8898517153080444
1,9053,0.2,2.0,0.397791029659818
1,9054,0.2,2.0,0.5322900878612677
1,9055,0.2,2.0,0.34821123922774466
1,9056,0.2,2.0,0.8276703915134517
1,9057,0.2,2.0,0.9630430998090431
1,9058,0.2,2.0,0.5116823353458966
1,9059,0.2,2.0,0.8272478379977172
1,9060,0.2,2.0,0.5552052792897343
1,9061,0.2,2.0,0.7058888873821197
1,9062,0.2,2.0,0.09204670786610895
1,9063,0.2,2.0,0.5412665193393125
1,9064,0.2,2.0,0.671123335469662
1,9065,0.2,2.0,0.6607497614002839
1,9066,0.2,2.0,0.5743751015590056
1,9067,0.2,2.0,0.4304952616910626
1,9068,0.2,2.0,0.37944511001351
1,9069,0.2,2.0,0.7698086883451977
1,9070,0.2,2.0,0.5895315916414221
1,9071,0.2,2.0,0.3605048552361806
1,9072,0.2,2.0,0.13489857810295902
1,9073,0.2,2.0,0.2062192156135722
1,9074,0.2,2.0,0.8103632441464981
1,9075,0.2,2.0,0.45499803959323765
1,9076,0.2,2.0,0.625613706799554
1,9077,0.2,2.0,0.40099121628465617
1,9078,0.2,2.0,0.39126950398549304
1,9079,0.2,2.0,0.5582538917622932
1,9080,0.2,2.0,0.5680578871417331
1,9081,0.2,2.0,0.08373403089007728
1,9082,0.2,2.0,0.3861313493946838
1,9083,0.2,2.0,0.20632087081217967
1,9084,0.2,2.0,0.7615101144389524
1,9085,0.2,2.0,0.5668042968265855
1,9086,0.2,2.0,0.6221649167306958
1,9087,0.2,2.0,0.9923568164189605
1,9088,0.2,2.0,0.5460119951655161
1,9089,0.2,2.0,0.9179672407645096
1,9090,0.2,2.0,0.8418905569053848
1,9091,0.2,2.0,0.1592854015329277
1,9092,0.2,2.0,0.37537378712059244
1,9093,0.2,2.0,0.7668072593714352
1,9094,0.2,2.0,0.46954893518779356
1,9095,0.2,2.0,0.38675647821914666
1,9096,0.2,2.0,0.17099476854808462
1,9097,0.2,2.0,0.6420358660556464
1,9098,0.2,2.0,0.5096369964607176
1,9099,0.2,2.0,0.86923258008088
1,9100,0.2,2.0,0.23952237636065132
1,9101,0.2,2.0,0.46139956223554346
1,9102,0.2,2.0,0.45672119085238555
1,9103,0.2,2.0,0.31971223715576486
1,9104,0.2,2.0,0.382774272523258
1,9105,0.2,2.0,0.3708870241689573
1,9106,0.2,2.0,1.2255508474283503
1,9107,0.2,2.0,0.4270763268495043
1,9108,0.2,2.0,0.025975498527231147
1,9109,0.2,2.0,0.2413109041029753
1,9110,0.2,2.0,0.31025612633319904
1,9111,0.2,2.0,0.6257017811962902
1,9112,0.2,2.0,0.5900578901358249
1,9113,0.2,2.0,0.9258746179873236
1,9114,0.2,2.0,0.5753577277677879
1,9115,0.2,2.0,0.40458474340695333
1,9116,0.2,2.0,0.5841069230042382
1,9117,0.2,2.0,0.6968834115275766
1,9118,0.2,2.0,0.28497675166806047
1,9119,0.2,2.0,0.47213688101320356
1,9120,0.2,2.0,0.2583100104582821
1,9121,0.2,2.0,0.8402995981120288
1,9122,0.2,2.0,0.7658363152249558
1,9123,0.2,2.0,0.35839274286290174
1,9124,0.2,2.0,0.7263697817244913
1,9125,0.2,2.0,0.7114438756948157
1,9126,0.2,2.0,0.7514293331608937
1,9127,0.2,2.0,0.12591717509108746
1,9128,0.2,2.0,0.39857532388267397
1,9129,0.2,2.0,0.3200193037122876
1,9130,0.2,2.0,0.19421565098688431
1,9131,0.2,2.0,0.4325649839447835
1,9132,0.2,2.0,0.3070501139053946
1,9133,0.2,2.0,0.5207702389560801
1,9134,0.2,2.0,0.4176693758552802
1,9135,0.2,2.0,0.18139231734763653
1,9136,0.2,2.0,0.24741380873585403
1,9137,0.2,2.0,0.11896356267592403
1,9138,0.2,2.0,0.8432632856737626
1,9139,0.2,2.0,0.20104129881390082
1,9140,0.2,2.0,0.9859086769204781
1,9141,0.2,2.0,0.5802434911910282
1,9142,0.2,2.0,0.6621155584944973
1,9143,0.2,2.0,0.7120504680879256
1,9144,0.2,2.0,0.17987671135366143
1,9145,0.2,2.0,0.41586879413539385
1,9146,0.2,2.0,0.8557181680189033
1,9147,0.2,2.0,0.2580050629551193
1,9148,0.2,2.0,0.2497083283891242
1,9149,0.2,2.0,0.39225272813087025
1,9150,0.2,2.0,0.5560991693868121
1,9151,0.2,2.0,0.21069409144570492
1,9152,0.2,2.0,0.6644658145141993
1,9153,0.2,2.0,0.22395342875991778
1,9154,0.2,2.0,0.21827397740623686
1,9155,0.2,2.0,0.7939257260049881
1,9156,0.2,2.0,0.16058363727052716
1,9157,0.2,2.0,0.6970270404292178
1,9158,0.2,2.0,0.6695389040159148
1,9159,0.2,2.0,0.42349103773453506
1,9160,0.2,2.0,0.3187789263718997
1,9161,0.2,2.0,0.4166251039820871
1,9162,0.2,2.0,0.6774040954258213
1,9163,0.2,2.0,0.5125207564753624
1,9164,0.2,2.0,1.3155677707400526
1,9165,0.2,2.0,0.6649065958332238
1,9166,0.2,2.0,0.8118210183781598
1,9167,0.2,2.0,0.5808556515586659
1,9168,0.2,2.0,0.5468675727003278
1,9169,0.2,2.0,0.09241038333392636
1,9170,0.2,2.0,0.25551051638687
1,9171,0.2,2.0,0.3083193357985756
1,9172,0.2,2.0,0.7701362984969793
1,9173,0.2,2.0,0.5094133847118325
1,9174,0.2,2.0,0.5695919736162167
1,9175,0.2,2.0,0.5408660549563525
1,9176,0.2,2.0,0.6485801646489519
1,9177,0.2,2.0,0.7809377704390417
1,9178,0.2,2.0,0.8354598195250931
1,9179,0.2,2.0,0.35196084123593013
1,9180,0.2,2.0,1.103314524732277
1,9181,0.2,2.0,0.6056326694931848
1,9182,0.2,2.0,1.056739009771757
1,9183,0.2,2.0,0.2567382570732058
1,9184,0.2,2.0,0.9323994655473999
1,9185,0.2,2.0,0.44229167746223286
1,9186,0.2,2.0,0.6534454109995594
1,9187,0.2,2.0,0.6830392841849898
1,9188,0.2,2.0,0.894662316427078
1,9189,0.2,2.0,0.4044318820108816
1,9190,0.2,2.0,0.7036200989129712
1,9191,0.2,2.0,0.7368354976875179
1,9192,0.2,2.0,0.7899770522001064
1,9193,0.2,2.0,0.4043107843083156
1,9194,0.2,2.0,0.7429831461436243
1,9195,0.2,2.0,0.6124099183298157
1,9196,0.2,2.0,0.8186153834425594
1,9197,0.2,2.0,0.17348008085923902
1,9198,0.2,2.0,0.4533786398803772
1,9199,0.2,2.0,1.1660196942926069
1,9200,0.2,2.0,0.42248384013849255
1,9201,0.2,2.0,0.2011674082226143
1,9202,0.2,2.0,0.6413174081959994
1,9203,0.2,2.0,0.5079607179955511
1,9204,0.2,2.0,0.5073059472504009
1,9205,0.2,2.0,0.8774975255209474
1,9206,0.2,2.0,0.13966499937050442
1,9207,0.2,2.0,0.5674864275912372
1,9208,0.2,2.0,0.518149350489227
1,9209,0.2,2.0,0.2627228958015375
1,9210,0.2,2.0,0.10927421530292394
1,9211,0.2,2.0,0.5006966517844909
1,9212,0.2,2.0,0.5679660510734865
1,9213,0.2,2.0,0.8650071367127495
1,9214,0.2,2.0,0.7369451904961173
1,9215,0.2,2.0,0.43751369791369443
1,9216,0.2,2.0,1.4035372984507264
1,9217,0.2,2.0,0.2619724081236144
1,9218,0.2,2.0,0.22154109297604846
1,9219,0.2,2.0,0.7448802231120321
1,9220,0.2,2.0,0.14339954532509583
1,9221,0.2,2.0,0.26835202480406006
1,9222,0.2,2.0,0.5686069074298177
1,9223,0.2,2.0,0.3384118709906752
1,9224,0.2,2.0,0.7391222718574785
1,9225,0.2,2.0,1.053081093956268
1,9226,0.2,2.0,0.6906212722475298
1,9227,0.2,2.0,0.38079253392351153
1,9228,0.2,2.0,0.36796654055535793
1,9229,0.2,2.0,0.1979840967383926
1,9230,0.2,2.0,0.6730927739174766
1,9231,0.2,2.0,0.5088035005573632
1,9232,0.2,2.0,0.5644199871293337
1,9233,0.2,2.0,0.6116974459882303
1,9234,0.2,2.0,0.9297289157375653
1,9235,0.2,2.0,0.7135053383988404
1,9236,0.2,2.0,0.2505029296659081
1,9237,0.2,2.0,0.5612760056887058
1,9238,0.2,2.0,0.4574007960672019
1,9239,0.2,2.0,1.0043696476031285
1,9240,0.2,2.0,0.5102603510695878
1,9241,0.2,2.0,0.9541414545272626
1,9242,0.2,2.0,0.6617169571165039
1,9243,0.2,2.0,0.619428761421023
1,9244,0.2,2.0,0.31052995858823723
1,9245,0.2,2.0,0.3954116388688436
1,9246,0.2,2.0,0.5967801064537274
1,9247,0.2,2.0,0.18833351022283412
1,9248,0.2,2.0,0.514840930611944
1,9249,0.2,2.0,0.660727519664034
1,9250,0.2,2.0,0.8537194588551975
1,9251,0.2,2.0,0.628936773855192
1,9252,0.2,2.0,0.43231680398833544
1,9253,0.2,2.0,1.0003689420404596
1,9254,0.2,2.0,0.3090450907205697
1,9255,0.2,2.0,0.9190277149660029
1,9256,0.2,2.0,0.806642471402362
1,9257,0.2,2.0,1.0249217165940392
1,9258,0.2,2.0,0.7185853933734146
1,9259,0.2,2.0,0.6014814789855297
1,9260,0.2,2.0,0.7979967610878143
1,9261,0.2,2.0,0.731811812657919
1,9262,0.2,2.0,0.6789677417073497
1,9263,0.2,2.0,0.4653357784085701
1,9264,0.2,2.0,1.3932260734159125
1,9265,0.2,2.0,0.2506147145179078
1,9266,0.2,2.0,0.21165642884645328
1,9267,0.2,2.0,0.9070599087389075
1,9268,0.2,2.0,0.6492525327224706
1,9269,0.2,2.0,0.36014543490031126
1,9270,0.2,2.0,0.22202320284541566
1,9271,0.2,2.0,0.38970452820306206
1,9272,0.2,2.0,0.43722987751635795
1,9273,0.2,2.0,0.2749611517111837
1,9274,0.2,2.0,0.48359378113943324
1,9275,0.2,2.0,0.4784426998202411
1,9276,0.2,2.0,0.15319002188463104
1,9277,0.2,2.0,0.3744774464255119
1,9278,0.2,2.0,0.38515304651719895
1,9279,0.2,2.0,1.4309383555084538
1,9280,0.2,2.0,0.44392139326561175
1,9281,0.2,2.0,0.23641898775625944
1,9282,0.2,2.0,0.662834922860466
1,9283,0.2,2.0,0.2639297763039062
1,9284,0.2,2.0,0.7830935505160068
1,9285,0.2,2.0,0.6822489084481125
1,9286,0.2,2.0,0.6048549778088026
1,9287,0.2,2.0,0.6769796847283265
1,9288,0.2,2.0,0.6082972889378145
1,9289,0.2,2.0,0.11626453654259797
1,9290,0.2,2.0,0.8564272840616808
1,9291,0.2,2.0,0.4479242772630322
1,9292,0.2,2.0,0.5403201965231168
1,9293,0.2,2.0,0.046444815649078125
1,9294,0.2,2.0,1.1273219922681712
1,9295,0.2,2.0,0.39635567526482784
1,9296,0.2,2.0,0.7000077025093868
1,9297,0.2,2.0,0.9334157004429063
1,9298,0.2,2.0,0.7466358520910534
1,9299,0.2,2.0,0.2767571561616259
1,9300,0.2,2.0,0.684058670835315
1,9301,0.2,2.0,0.6321227616764036
1,9302,0.2,2.0,0.6563940330006952
1,9303,0.2,2.0,0.5758076123348498
1,9304,0.2,2.0,0.2256522242855032
1,9305,0.2,2.0,0.7058047414860689
1,9306,0.2,2.0,0.3367086717097778
1,9307,0.2,2.0,0.7780329802897732
1,9308,0.2,2.0,0.7113729925403272
1,9309,0.2,2.0,0.856589832511411
1,9310,0.2,2.0,0.5936919337159254
1,9311,0.2,2.0,0.6943451698477365
1,9312,0.2,2.0,0.31129550220582203
1,9313,0.2,2.0,0.2096352118838936
1,9314,0.2,2.0,0.7287701633328553
1,9315,0.2,2.0,0.7655413843293508
1,9316,0.2,2.0,0.16165742117045748
1,9317,0.2,2.0,0.7011368929918705
1,9318,0.2,2.0,0.11792029416296818
1,9319,0.2,2.0,0.3031530678412572
1,9320,0.2,2.0,0.4930530621759961
1,9321,0.2,2.0,0.3901240749419508
1,9322,0.2,2.0,0.9715798561191801
1,9323,0.2,2.0,0.34353527753548446
1,9324,0.2,2.0,0.5885942920245395
1,9325,0.2,2.0,0.28259008711913813
1,9326,0.2,2.0,0.4612281856194021
1,9327,0.2,2.0,0.39687018039106503
1,9328,0.2,2.0,0.5280740126797357
1,9329,0.2,2.0,0.48661919988863905
1,9330,0.2,2.0,0.4278089511217482
1,9331,0.2,2.0,0.12794713131307744
1,9332,0.2,2.0,0.38712544340391425
1,9333,0.2,2.0,0.28150470257349497
1,9334,0.2,2.0,0.4427255703259367
1,9335,0.2,2.0,0.20678508687097125
1,9336,0.2,2.0,0.5889877960029143
1,9337,0.2,2.0,0.7659170466870964
1,9338,0.2,2.0,0.3706078954604936
1,9339,0.2,2.0,0.3289143900729339
1,9340,0.2,2.0,0.7749548433996714
1,9341,0.2,2.0,0.7574158397294773
1,9342,0.2,2.0,1.0796444675675934
1,9343,0.2,2.0,0.36363256510824804
1,9344,0.2,2.0,0.3492428490690008
1,9345,0.2,2.0,0.24514634171504596
1,9346,0.2,2.0,0.856622066524623
1,9347,0.2,2.0,0.19834048325553738
1,9348,0.2,2.0,0.536073657353363
1,9349,0.2,2.0,0.28154232837818105
1,9350,0.2,2.0,0.28682270349465794
1,9351,0.2,2.0,1.0558120900096306
1,9352,0.2,2.0,0.8573635361846764
1,9353,0.2,2.0,0.32455075226609836
1,9354,0.2,2.0,0.40018290917353266
1,9355,0.2,2.0,0.3733386827161589
1,9356,0.2,2.0,0.40861098710597826
1,9357,0.2,2.0,0.6080361203097338
1,9358,0.2,2.0,0.08663859851101634
1,9359,0.2,2.0,0.9188290527193449
1,9360,0.2,2.0,0.3074046393509592
1,9361,0.2,2.0,0.48567311868574387
1,9362,0.2,2.0,0.4717595019634673
1,9363,0.2,2.0,0.6068992334595398
1,9364,0.2,2.0,0.48555248676334917
1,9365,0.2,2.0,0.7104216509131603
1,9366,0.2,2.0,0.6484354860192036
1,9367,0.2,2.0,0.8139531780518687
1,9368,0.2,2.0,0.6705582958552903
1,9369,0.2,2.0,0.4385220347304174
1,9370,0.2,2.0,0.6028645955094966
1,9371,0.2,2.0,0.8029980508471938
1,9372,0.2,2.0,0.3039289706098773
1,9373,0.2,2.0,0.6048994151475665
1,9374,0.2,2.0,0.45876993059181254
1,9375,0.2,2.0,0.7646310203470033
1,9376,0.2,2.0,1.0279625692404724
1,9377,0.2,2.0,0.43872139181262093
1,9378,0.2,2.0,0.7301997117875373
1,9379,0.2,2.0,0.8167377241498427
1,9380,0.2,2.0,0.8084002049488268
1,9381,0.2,2.0,0.5134480623420685
1,9382,0.2,2.0,0.18134392905685146
1,9383,0.2,2.0,0.24967956245678086
1,9384,0.2,2.0,0.23970013828110925
1,9385,0.2,2.0,0.12234967041837927
1,9386,0.2,2.0,0.5790101070755513
1,9387,0.2,2.0,0.629055702772286
1,9388,0.2,2.0,0.07245236150750196
1,9389,0.2,2.0,0.1470406782356719
1,9390,0.2,2.0,0.7272430979676215
1,9391,0.2,2.0,0.23013216209587603
1,9392,0.2,2.0,0.24089341948328627
1,9393,0.2,2.0,0.7446894264423293
1,9394,0.2,2.0,0.44204397353752234
1,9395,0.2,2.0,0.7084308266520223
1,9396,0.2,2.0,0.46582218405568954
1,9397,0.2,2.0,0.3570421869824358
1,9398,0.2,2.0,0.4866354596771424
1,9399,0.2,2.0,0.4220254176273097
1,9400,0.2,2.0,0.48402820329203883
1,9401,0.2,2.0,1.0199310255278757
1,9402,0.2,2.0,0.563731802007369
1,9403,0.2,2.0,0.6063264360794797
1,9404,0.2,2.0,0.26015565639877747
1,9405,0.2,2.0,0.38887851763356884
1,9406,0.2,2.0,0.5041200527438737
1,9407,0.2,2.0,0.4003558676224533
1,9408,0.2,2.0,0.6587289213104163
1,9409,0.2,2.0,1.032356162869888
1,9410,0.2,2.0,0.2649078942327964
1,9411,0.2,2.0,0.606934512229637
1,9412,0.2,2.0,1.560167446708703
1,9413,0.2,2.0,0.6551259197824286
1,9414,0.2,2.0,0.6770487219914412
1,9415,0.2,2.0,0.23057908979770583
1,9416,0.2,2.0,0.24500855532773214
1,9417,0.2,2.0,0.61806826943784
1,9418,0.2,2.0,0.5660973164699609
1,9419,0.2,2.0,0.5765282713587104
1,9420,0.2,2.0,0.3806032532157148
1,9421,0.2,2.0,0.509319584200853
1,9422,0.2,2.0,0.33710776341051785
1,9423,0.2,2.0,0.4373136210989772
1,9424,0.2,2.0,1.1461965540102723
1,9425,0.2,2.0,0.4855942953615809
1,9426,0.2,2.0,0.28472950423066856
1,9427,0.2,2.0,0.6002512277899283
1,9428,0.2,2.0,0.6574783091884494
1,9429,0.2,2.0,0.6134091643236045
1,9430,0.2,2.0,0.5371170531847476
1,9431,0.2,2.0,0.5707247462292355
1,9432,0.2,2.0,0.6390623927751982
1,9433,0.2,2.0,0.38697193991673434
1,9434,0.2,2.0,0.5137906349945632
1,9435,0.2,2.0,0.7078588725905913
1,9436,0.2,2.0,0.5573989968475931
1,9437,0.2,2.0,0.23539252217207204
1,9438,0.2,2.0,0.4052009072582291
1,9439,0.2,2.0,0.47984798089821873
1,9440,0.2,2.0,0.6546705551204898
1,9441,0.2,2.0,0.6279974151516221
1,9442,0.2,2.0,0.7552828611952676
1,9443,0.2,2.0,0.7535074762924145
1,9444,0.2,2.0,0.6437689920767625
1,9445,0.2,2.0,1.2446749138289956
1,9446,0.2,2.0,0.7806881154711324
1,9447,0.2,2.0,0.6951878552657036
1,9448,0.2,2.0,0.368559312625173
1,9449,0.2,2.0,0.24854693115584214
1,9450,0.2,2.0,0.8016374649007125
1,9451,0.2,2.0,0.626155199732226
1,9452,0.2,2.0,0.42933102274418955
1,9453,0.2,2.0,0.45374101173763554
1,9454,0.2,2.0,0.5244985107194104
1,9455,0.2,2.0,0.5489439346563139
1,9456,0.2,2.0,0.0822355675779348
1,9457,0.2,2.0,0.5269809938285407
1,9458,0.2,2.0,0.6545216790804393
1,9459,0.2,2.0,0.45017127186506195
1,9460,0.2,2.0,0.24415960370228146
1,9461,0.2,2.0,0.22101902142632865
1,9462,0.2,2.0,0.9911647268308558
1,9463,0.2,2.0,0.41390489744341497
1,9464,0.2,2.0,0.2591591565058514
1,9465,0.2,2.0,0.6956795160553435
1,9466,0.2,2.0,0.21898092923564225
1,9467,0.2,2.0,0.6675692586670401
1,9468,0.2,2.0,0.8540809515908415
1,9469,0.2,2.0,0.30678140162176015
1,9470,0.2,2.0,0.5546699388845865
1,9471,0.2,2.0,0.30244347225629903
1,9472,0.2,2.0,0.3666961274499877
1,9473,0.2,2.0,0.6497202462568267
1,9474,0.2,2.0,0.2261088809564007
1,9475,0.2,2.0,0.40784364341541224
1,9476,0.2,2.0,0.17262125071393686
1,9477,0.2,2.0,0.8594130077512394
1,9478,0.2,2.0,0.8128322322795407
1,9479,0.2,2.0,0.47142385083737887
1,9480,0.2,2.0,0.061620975879447544
1,9481,0.2,2.0,0.7030509650851667
1,9482,0.2,2.0,0.5766213307258439
1,9483,0.2,2.0,0.8891372884231369
1,9484,0.2,2.0,0.34759499549287454
1,9485,0.2,2.0,0.22349253221928778
1,9486,0.2,2.0,0.362358766958891
1,9487,0.2,2.0,0.4506990377922856
1,9488,0.2,2.0,1.4904689712033807
1,9489,0.2,2.0,0.8477634062034488
1,9490,0.2,2.0,0.6084180386616543
1,9491,0.2,2.0,0.5607892932273645
1,9492,0.2,2.0,0.3214452602933447
1,9493,0.2,2.0,0.5478287616222517
1,9494,0.2,2.0,0.4499857822166706
1,9495,0.2,2.0,0.5741490885424323
1,9496,0.2,2.0,0.6942380719710678
1,9497,0.2,2.0,1.1921763980587656
1,9498,0.2,2.0,0.6133925415579253
1,9499,0.2,2.0,0.3229155801230116
1,9500,0.2,2.0,0.6093374181138883
1,9501,0.2,2.0,1.2192105178759607
1,9502,0.2,2.0,0.9415233537103077
1,9503,0.2,2.0,0.5229050000008313
1,9504,0.2,2.0,1.1891183243226595
1,9505,0.2,2.0,1.3277783377144152
1,9506,0.2,2.0,0.20160290931688396
1,9507,0.2,2.0,0.9317271940296662
1,9508,0.2,2.0,0.43780047826819035
1,9509,0.2,2.0,0.4139504393536935
1,9510,0.2,2.0,0.7720649657675822
1,9511,0.2,2.0,1.1519441186085657
1,9512,0.2,2.0,0.1986162945763741
1,9513,0.2,2.0,0.08437575256045633
1,9514,0.2,2.0,0.7321549246529363
1,9515,0.2,2.0,0.36823514080948466
1,9516,0.2,2.0,0.07825319936504231
1,9517,0.2,2.0,0.42453495354089743
1,9518,0.2,2.0,0.18574030318630855
1,9519,0.2,2.0,0.49784691415429594
1,9520,0.2,2.0,0.5437152386495029
1,9521,0.2,2.0,0.6054840047864264
1,9522,0.2,2.0,0.09174228503313071
1,9523,0.2,2.0,0.06400255997261871
1,9524,0.2,2.0,0.6081624377908703
1,9525,0.2,2.0,0.7096997801060434
1,9526,0.2,2.0,0.7583584835786297
1,9527,0.2,2.0,0.791459168954603
1,9528,0.2,2.0,0.35180729254019827
1,9529,0.2,2.0,0.34241507513633
1,9530,0.2,2.0,0.5103719640271218
1,9531,0.2,2.0,0.19763032778021528
1,9532,0.2,2.0,0.4178474149673306
1,9533,0.2,2.0,0.31950830898655425
1,9534,0.2,2.0,0.34138727130135216
1,9535,0.2,2.0,0.2528736285190336
1,9536,0.2,2.0,0.37372005121820345
1,9537,0.2,2.0,0.26544543703376583
1,9538,0.2,2.0,0.5393772323884485
1,9539,0.2,2.0,0.5204003416578978
1,9540,0.2,2.0,0.9671062827832472
1,9541,0.2,2.0,0.5481517753930492
1,9542,0.2,2.0,0.7110706491185218
1,9543,0.2,2.0,0.5225222351360613
1,9544,0.2,2.0,0.36276615952278557
1,9545,0.2,2.0,0.4553822112029166
1,9546,0.2,2.0,0.25213174846401004
1,9547,0.2,2.0,0.8954642141187193
1,9548,0.2,2.0,0.5005779047938701
1,9549,0.2,2.0,0.5275403702814833
1,9550,0.2,2.0,0.8671660650202399
1,9551,0.2,2.0,0.7046316169013107
1,9552,0.2,2.0,0.3575742135807182
1,9553,0.2,2.0,0.42562799916783467
1,9554,0.2,2.0,0.3399656420818026
1,9555,0.2,2.0,0.8724756608605428
1,9556,0.2,2.0,0.2314348299087729
1,9557,0.2,2.0,0.40482799317686996
1,9558,0.2,2.0,0.12300989993750534
1,9559,0.2,2.0,0.887667750869307
1,9560,0.2,2.0,1.0586881979844294
1,9561,0.2,2.0,0.8651165327418368
1,9562,0.2,2.0,0.4421435735291523
1,9563,0.2,2.0,0.3347239103188716
1,9564,0.2,2.0,0.5854360669239247
1,9565,0.2,2.0,0.1800853171657396
1,9566,0.2,2.0,0.5215860263125296
1,9567,0.2,2.0,0.5513921981906605
1,9568,0.2,2.0,0.49422959264093347
1,9569,0.2,2.0,0.4182782284485835
1,9570,0.2,2.0,0.5316022021130427
1,9571,0.2,2.0,0.8963802772920242
1,9572,0.2,2.0,0.4502793604022913
1,9573,0.2,2.0,0.7289098130254166
1,9574,0.2,2.0,0.6710360242238588
1,9575,0.2,2.0,0.8162829089459361
1,9576,0.2,2.0,0.5777034319869236
1,9577,0.2,2.0,0.5117225472448826
1,9578,0.2,2.0,0.889794503661546
1,9579,0.2,2.0,1.149920691229306
1,9580,0.2,2.0,0.42229567753494
1,9581,0.2,2.0,0.37142324455190173
1,9582,0.2,2.0,0.18629563656154535
1,9583,0.2,2.0,0.12572677433984594
1,9584,0.2,2.0,0.5474683278604229
1,9585,0.2,2.0,0.6194361581148663
1,9586,0.2,2.0,0.42433439324943817
1,9587,0.2,2.0,0.24925345839575946
1,9588,0.2,2.0,0.9619445497513716
1,9589,0.2,2.0,0.8945698061722712
1,9590,0.2,2.0,0.3263007046407577
1,9591,0.2,2.0,0.508926471942951
1,9592,0.2,2.0,0.3264298338122063
1,9593,0.2,2.0,0.4324504177232115
1,9594,0.2,2.0,0.3321079249359451
1,9595,0.2,2.0,0.22857590624677573
1,9596,0.2,2.0,1.1358429164403425
1,9597,0.2,2.0,0.6727523710668833
1,9598,0.2,2.0,0.15559924003903972
1,9599,0.2,2.0,0.4455059413835666
1,9600,0.2,2.0,0.7387988322783663
1,9601,0.2,2.0,0.3595563768511699
1,9602,0.2,2.0,0.2456860667314265
1,9603,0.2,2.0,1.0418868568028579
1,9604,0.2,2.0,0.5828611217876725
1,9605,0.2,2.0,0.5156343166601426
1,9606,0.2,2.0,0.18458135001251036
1,9607,0.2,2.0,0.9509228529429986
1,9608,0.2,2.0,0.1799615994731895
1,9609,0.2,2.0,0.35422345890219925
1,9610,0.2,2.0,0.7958638723994228
1,9611,0.2,2.0,0.4844766647730851
1,9612,0.2,2.0,0.2958066982123242
1,9613,0.2,2.0,0.6912209509475775
1,9614,0.2,2.0,0.5155784886484256
1,9615,0.2,2.0,0.8161425751936081
1,9616,0.2,2.0,0.30177670311678634
1,9617,0.2,2.0,0.5244600988021669
1,9618,0.2,2.0,0.38436827556789743
1,9619,0.2,2.0,0.6232872589549052
1,9620,0.2,2.0,0.8757426546864577
1,9621,0.2,2.0,0.764717795787293
1,9622,0.2,2.0,0.16994367363162827
1,9623,0.2,2.0,0.30979140313732606
1,9624,0.2,2.0,0.026763921674447806
1,9625,0.2,2.0,0.25046164275637006
1,9626,0.2,2.0,0.28248035820667
1,9627,0.2,2.0,0.8548368497323026
1,9628,0.2,2.0,0.1683978338597945
1,9629,0.2,2.0,1.0064890923569627
1,9630,0.2,2.0,0.46365322441314355
1,9631,0.2,2.0,0.820882374647307
1,9632,0.2,2.0,0.47612209537763717
1,9633,0.2,2.0,0.40890166541062395
1,9634,0.2,2.0,0.2143943113907681
1,9635,0.2,2.0,0.4158611850803839
1,9636,0.2,2.0,0.3759062482457949
1,9637,0.2,2.0,0.4373921593336694
1,9638,0.2,2.0,0.2960614625370001
1,9639,0.2,2.0,0.7796553271207246
1,9640,0.2,2.0,0.5081923441953315
1,9641,0.2,2.0,0.20522311052617057
1,9642,0.2,2.0,0.1309138895798101
1,9643,0.2,2.0,0.7700289382435773
1,9644,0.2,2.0,0.13068896042633962
1,9645,0.2,2.0,0.16376201796081394
1,9646,0.2,2.0,0.20680305694455292
1,9647,0.2,2.0,1.0028113476137865
1,9648,0.2,2.0,0.2812537521978349
1,9649,0.2,2.0,0.385537421786481
1,9650,0.2,2.0,0.3209890999357801
1,9651,0.2,2.0,0.6944508256663062
1,9652,0.2,2.0,0.4201874178240939
1,9653,0.2,2.0,0.6996656847328121
1,9654,0.2,2.0,0.4690313503668815
1,9655,0.2,2.0,0.7871492157702575
1,9656,0.2,2.0,0.09156136572236007
1,9657,0.2,2.0,0.035925851945597144
1,9658,0.2,2.0,0.25342749038125156
1,9659,0.2,2.0,0.05004014863073407
1,9660,0.2,2.0,0.8181215786642626
1,9661,0.2,2.0,0.1654577697313818
1,9662,0.2,2.0,0.3784332872232155
1,9663,0.2,2.0,0.3015456920901405
1,9664,0.2,2.0,0.6009287367138336
1,9665,0.2,2.0,0.7509155016457658
1,9666,0.2,2.0,0.6234060491223742
1,9667,0.2,2.0,0.6697630360124205
1,9668,0.2,2.0,0.15157595354549477
1,9669,0.2,2.0,0.34883861346250616
1,9670,0.2,2.0,0.6586476755697541
1,9671,0.2,2.0,0.8212716203620022
1,9672,0.2,2.0,0.25088479997243635
1,9673,0.2,2.0,0.4378965812466308
1,9674,0.2,2.0,1.2878161224822355
1,9675,0.2,2.0,0.491077827630267
1,9676,0.2,2.0,0.906273436464576
1,9677,0.2,2.0,1.1481781723993156
1,9678,0.2,2.0,0.8562145495736428
1,9679,0.2,2.0,1.013723731232833
1,9680,0.2,2.0,0.9164185689469522
1,9681,0.2,2.0,0.7029013168598768
1,9682,0.2,2.0,0.6778769928216862
1,9683,0.2,2.0,0.5869361361401453
1,9684,0.2,2.0,0.7643916931893059
1,9685,0.2,2.0,0.38712297720427236
1,9686,0.2,2.0,0.30547392050896155
1,9687,0.2,2.0,0.4080848683655581
1,9688,0.2,2.0,0.25141568102756645
1,9689,0.2,2.0,0.9120692784929207
1,9690,0.2,2.0,0.6902918773501292
1,9691,0.2,2.0,0.37425661555582707
1,9692,0.2,2.0,0.9130243494893573
1,9693,0.2,2.0,0.4133222474370431
1,9694,0.2,2.0,0.7337386833688248
1,9695,0.2,2.0,0.8579576122373965
1,9696,0.2,2.0,0.9532276967344492
1,9697,0.2,2.0,0.7017715282598918
1,9698,0.2,2.0,0.28532770543889135
1,9699,0.2,2.0,0.5468303875398481
1,9700,0.2,2.0,0.704663795146738
1,9701,0.2,2.0,0.32371828806607944
1,9702,0.2,2.0,0.07483101102320018
1,9703,0.2,2.0,0.924431121488158
1,9704,0.2,2.0,1.0846203731221156
1,9705,0.2,2.0,0.45133911942825805
1,9706,0.2,2.0,0.46072726254710855
1,9707,0.2,2.0,0.8021438578353185
1,9708,0.2,2.0,0.145803191567789
1,9709,0.2,2.0,0.8153038470572822
1,9710,0.2,2.0,1.3305238487586502
1,9711,0.2,2.0,0.5506127806067529
1,9712,0.2,2.0,0.34932741924239
1,9713,0.2,2.0,0.2942792096999995
1,9714,0.2,2.0,0.5581091616667605
1,9715,0.2,2.0,0.8298242109425875
1,9716,0.2,2.0,0.6290469950962452
1,9717,0.2,2.0,0.5793588705201141
1,9718,0.2,2.0,0.8367846218339544
1,9719,0.2,2.0,0.8269138770917046
1,9720,0.2,2.0,0.49793119158087235
1,9721,0.2,2.0,0.5227396162783975
1,9722,0.2,2.0,0.4480827797606996
1,9723,0.2,2.0,0.5368132150896147
1,9724,0.2,2.0,0.5483335327764515
1,9725,0.2,2.0,0.615212754021284
1,9726,0.2,2.0,0.23496084222216068
1,9727,0.2,2.0,0.3697241371614127
1,9728,0.2,2.0,0.7553749997253403
1,9729,0.2,2.0,0.7227282474624739
1,9730,0.2,2.0,0.5353256506713093
1,9731,0.2,2.0,0.5780730745909564
1,9732,0.2,2.0,0.695089743736164
1,9733,0.2,2.0,0.4119772417488518
1,9734,0.2,2.0,1.1127465058599944
1,9735,0.2,2.0,0.25853077189557483
1,9736,0.2,2.0,0.5298745968283495
1,9737,0.2,2.0,0.7319578503601404
1,9738,0.2,2.0,0.8370425311161922
1,9739,0.2,2.0,0.3565902562838104
1,9740,0.2,2.0,0.6551759772372026
1,9741,0.2,2.0,0.39628521925821625
1,9742,0.2,2.0,0.605407305082047
1,9743,0.2,2.0,1.2509820772713736
1,9744,0.2,2.0,0.5561504131274472
1,9745,0.2,2.0,0.8221827652818228
1,9746,0.2,2.0,0.22949732908569623
1,9747,0.2,2.0,1.4863031570699154
1,9748,0.2,2.0,0.6160624263501603
1,9749,0.2,2.0,0.41880944345030974
1,9750,0.2,2.0,0.36430637009584443
1,9751,0.2,2.0,0.5809599094886427
1,9752,0.2,2.0,0.685565109640605
1,9753,0.2,2.0,1.2426798794438478
1,9754,0.2,2.0,0.6112417824968314
1,9755,0.2,2.0,0.3663435581190811
1,9756,0.2,2.0,0.9526763920745726
1,9757,0.2,2.0,0.22967359227497688
1,9758,0.2,2.0,0.7750704249844127
1,9759,0.2,2.0,1.327444829151639
1,9760,0.2,2.0,0.09977138608363544
1,9761,0.2,2.0,0.6344435396232975
1,9762,0.2,2.0,0.8234446866627959
1,9763,0.2,2.0,0.8852805153708689
1,9764,0.2,2.0,0.5573037630556356
1,9765,0.2,2.0,0.3211791357661045
1,9766,0.2,2.0,0.3052710203327867
1,9767,0.2,2.0,0.3598596180453132
1,9768,0.2,2.0,0.22245210920619404
1,9769,0.2,2.0,0.8657398178933231
1,9770,0.2,2.0,0.45002556639065816
1,9771,0.2,2.0,0.27065493421974174
1,9772,0.2,2.0,0.6244248282006958
1,9773,0.2,2.0,0.7846960570451224
1,9774,0.2,2.0,0.5637605324854752
1,9775,0.2,2.0,0.17284223981834568
1,9776,0.2,2.0,0.6029415990230805
1,9777,0.2,2.0,0.7506706490871098
1,9778,0.2,2.0,0.3320704815976433
1,9779,0.2,2.0,0.6777543060977788
1,9780,0.2,2.0,0.4250358280991941
1,9781,0.2,2.0,0.6260978381251394
1,9782,0.2,2.0,0.7481025289587024
1,9783,0.2,2.0,0.38841969175294877
1,9784,0.2,2.0,0.424745924080976
1,9785,0.2,2.0,0.6625464276924407
1,9786,0.2,2.0,0.4863702063695575
1,9787,0.2,2.0,0.49776762279178394
1,9788,0.2,2.0,0.0956408609749786
1,9789,0.2,2.0,0.671479706225791
1,9790,0.2,2.0,0.5069480985512428
1,9791,0.2,2.0,0.3778191647326935
1,9792,0.2,2.0,0.25160500192154084
1,9793,0.2,2.0,0.5686712125837069
1,9794,0.2,2.0,0.2457712054223037
1,9795,0.2,2.0,0.9541119274935783
1,9796,0.2,2.0,0.4046243119368251
1,9797,0.2,2.0,0.5709467054220884
1,9798,0.2,2.0,0.5007846224833353
1,9799,0.2,2.0,0.42770427085447915
1,9800,0.2,2.0,0.6001846616926932
1,9801,0.2,2.0,0.48273430819542673
1,9802,0.2,2.0,0.7016052191293807
1,9803,0.2,2.0,0.7201469590415774
1,9804,0.2,2.0,0.3878697077211557
1,9805,0.2,2.0,0.5947311677932844
1,9806,0.2,2.0,0.1517861423251197
1,9807,0.2,2.0,0.0483357731594438
1,9808,0.2,2.0,0.3492100925673067
1,9809,0.2,2.0,0.3707680595716813
1,9810,0.2,2.0,0.6910263682253099
1,9811,0.2,2.0,0.5864127463156761
1,9812,0.2,2.0,0.23700061911083345
1,9813,0.2,2.0,0.6737749285098282
1,9814,0.2,2.0,0.47021211601802376
1,9815,0.2,2.0,0.5366069769253733
1,9816,0.2,2.0,0.7136700419117599
1,9817,0.2,2.0,0.4200941974602746
1,9818,0.2,2.0,0.13287919642152995
1,9819,0.2,2.0,0.45352730939661745
1,9820,0.2,2.0,1.1892823348203336
1,9821,0.2,2.0,0.3015882570366882
1,9822,0.2,2.0,1.120112310469799
1,9823,0.2,2.0,0.4238184405648169
1,9824,0.2,2.0,0.9916653775603698
1,9825,0.2,2.0,0.35033517588048135
1,9826,0.2,2.0,0.43558476915071914
1,9827,0.2,2.0,0.6919325158084149
1,9828,0.2,2.0,0.24715263368544585
1,9829,0.2,2.0,0.5141787571678587
1,9830,0.2,2.0,0.2898586361722504
1,9831,0.2,2.0,0.7000870385638541
1,9832,0.2,2.0,0.6995823005559382
1,9833,0.2,2.0,0.5784315940574802
1,9834,0.2,2.0,0.38256928791184003
1,9835,0.2,2.0,0.8924888494268974
1,9836,0.2,2.0,0.21682337919516126
1,9837,0.2,2.0,0.2841517430413338
1,9838,0.2,2.0,0.24205759288081172
1,9839,0.2,2.0,0.6035514127655839
1,9840,0.2,2.0,1.0188929072283084
1,9841,0.2,2.0,0.3129929469885642
1,9842,0.2,2.0,0.6652456106335853
1,9843,0.2,2.0,0.5790606015765466
1,9844,0.2,2.0,0.39392443119264137
1,9845,0.2,2.0,0.43033354371568355
1,9846,0.2,2.0,0.8274303140847153
1,9847,0.2,2.0,0.904653930237794
1,9848,0.2,2.0,0.6162475658988578
1,9849,0.2,2.0,1.015499611517896
1,9850,0.2,2.0,0.311456643899277
1,9851,0.2,2.0,0.38214657528012946
1,9852,0.2,2.0,0.8955864716860683
1,9853,0.2,2.0,0.6253709444907151
1,9854,0.2,2.0,0.6111364628616553
1,9855,0.2,2.0,0.17539989004372586
1,9856,0.2,2.0,0.6599613735932617
1,9857,0.2,2.0,0.19421499522165148
1,9858,0.2,2.0,0.7200894595037733
1,9859,0.2,2.0,0.8042629220426558
1,9860,0.2,2.0,0.0912036913428687
1,9861,0.2,2.0,0.8901563620183458
1,9862,0.2,2.0,0.699658267991809
1,9863,0.2,2.0,0.5315084846566891
1,9864,0.2,2.0,0.3911595344311775
1,9865,0.2,2.0,1.7186357560082666
1,9866,0.2,2.0,0.26551510567515646
1,9867,0.2,2.0,0.20320773739130527
1,9868,0.2,2.0,0.830118526475735
1,9869,0.2,2.0,0.7484030571686495
1,9870,0.2,2.0,0.3491979799719636
1,9871,0.2,2.0,0.3066629223656057
1,9872,0.2,2.0,1.2201095827139126
1,9873,0.2,2.0,0.35222500537322066
1,9874,0.2,2.0,0.5094383399378322
1,9875,0.2,2.0,0.7117302987486782
1,9876,0.2,2.0,0.6059011067401614
1,9877,0.2,2.0,0.7275936217381547
1,9878,0.2,2.0,0.522628620180811
1,9879,0.2,2.0,0.2307175057015398
1,9880,0.2,2.0,0.28039145914808056
1,9881,0.2,2.0,0.10076964438349774
1,9882,0.2,2.0,0.8572412596250363
1,9883,0.2,2.0,0.6171346406550701
1,9884,0.2,2.0,0.15038869279583789
1,9885,0.2,2.0,0.735795937230031
1,9886,0.2,2.0,0.5846931261572527
1,9887,0.2,2.0,0.35853980492894244
1,9888,0.2,2.0,0.12098364329080985
1,9889,0.2,2.0,0.8411634448008425
1,9890,0.2,2.0,0.22437128642003437
1,9891,0.2,2.0,0.2398976022355481
1,9892,0.2,2.0,0.3212550755281909
1,9893,0.2,2.0,0.810900717629257
1,9894,0.2,2.0,0.21224517933362663
1,9895,0.2,2.0,0.5181785152401306
1,9896,0.2,2.0,0.22424136933917868
1,9897,0.2,2.0,0.63901855050815
1,9898,0.2,2.0,0.4881851440332566
1,9899,0.2,2.0,0.615960779160218
1,9900,0.2,2.0,0.8733517837048229
1,9901,0.2,2.0,0.4869416692255505
1,9902,0.2,2.0,0.33562779783029545
1,9903,0.2,2.0,0.45047037647627863
1,9904,0.2,2.0,0.4683576981926655
1,9905,0.2,2.0,0.49357050141304853
1,9906,0.2,2.0,0.26175246118746653
1,9907,0.2,2.0,0.40026168378405275
1,9908,0.2,2.0,0.8281339231354811
1,9909,0.2,2.0,0.760717802162416
1,9910,0.2,2.0,1.018181061380731
1,9911,0.2,2.0,0.3666809168592616
1,9912,0.2,2.0,0.7516652227969003
1,9913,0.2,2.0,0.6965250810603612
1,9914,0.2,2.0,0.4571315683066742
1,9915,0.2,2.0,1.625139077311459
1,9916,0.2,2.0,0.6683965812208765
1,9917,0.2,2.0,0.23824714761730287
1,9918,0.2,2.0,0.6796724964000388
1,9919,0.2,2.0,0.9461709901247343
1,9920,0.2,2.0,0.39359131413839754
1,9921,0.2,2.0,1.316102808924093
1,9922,0.2,2.0,0.2811216878471734
1,9923,0.2,2.0,0.5164681169536669
1,9924,0.2,2.0,0.353283291427117
1,9925,0.2,2.0,0.9415951357812079
1,9926,0.2,2.0,0.4837356228313414
1,9927,0.2,2.0,1.3966959977967184
1,9928,0.2,2.0,0.2030551388138806
1,9929,0.2,2.0,0.2948030614962076
1,9930,0.2,2.0,0.4121828087796368
1,9931,0.2,2.0,0.18543729276024143
1,9932,0.2,2.0,0.28159873824680737
1,9933,0.2,2.0,0.45475851548021184
1,9934,0.2,2.0,0.7264932438350354
1,9935,0.2,2.0,0.3092970073319289
1,9936,0.2,2.0,0.8762354450407336
1,9937,0.2,2.0,0.9813577197739196
1,9938,0.2,2.0,0.45505470470544246
1,9939,0.2,2.0,1.2062663670546967
1,9940,0.2,2.0,0.43515404648795286
1,9941,0.2,2.0,0.4802230247122762
1,9942,0.2,2.0,0.5450067074218904
1,9943,0.2,2.0,0.2903596589645996
1,9944,0.2,2.0,0.38723627368843183
1,9945,0.2,2.0,0.3462874846073844
1,9946,0.2,2.0,0.6755171902567864
1,9947,0.2,2.0,0.5181937788393554
1,9948,0.2,2.0,0.6288477475752469
1,9949,0.2,2.0,0.8124364943427012
1,9950,0.2,2.0,0.223263672200572
1,9951,0.2,2.0,0.2515605397479651
1,9952,0.2,2.0,0.2174867782320908
1,9953,0.2,2.0,1.431249172663246
1,9954,0.2,2.0,0.3157367148982046
1,9955,0.2,2.0,0.5559419672103834
1,9956,0.2,2.0,0.5657599253207319
1,9957,0.2,2.0,0.3974243579384931
1,9958,0.2,2.0,0.973101794584153
1,9959,0.2,2.0,0.49983768141544255
1,9960,0.2,2.0,0.769682061690893
1,9961,0.2,2.0,0.5066495694644324
1,9962,0.2,2.0,0.4336938874775815
1,9963,0.2,2.0,1.104005313075126
1,9964,0.2,2.0,0.2539397216925963
1,9965,0.2,2.0,0.06798332220486265
1,9966,0.2,2.0,0.21771002844765316
1,9967,0.2,2.0,0.15796744669082086
1,9968,0.2,2.0,0.8400119774570782
1,9969,0.2,2.0,0.24759738209502688
1,9970,0.2,2.0,0.31696933135349115
1,9971,0.2,2.0,0.7054054551788843
1,9972,0.2,2.0,0.490475666674181
1,9973,0.2,2.0,0.6756655453091075
1,9974,0.2,2.0,0.5704043062140036
1,9975,0.2,2.0,0.5249597689695942
1,9976,0.2,2.0,1.0555240253105993
1,9977,0.2,2.0,0.31645817625281336
1,9978,0.2,2.0,0.5649082019570875
1,9979,0.2,2.0,0.8538935182584169
1,9980,0.2,2.0,0.5166200546018825
1,9981,0.2,2.0,0.684366407834699
1,9982,0.2,2.0,0.6487339494402995
1,9983,0.2,2.0,0.6157538896263156
1,9984,0.2,2.0,0.1994867792786562
1,9985,0.2,2.0,0.6562462505892381
1,9986,0.2,2.0,0.6159357682075444
1,9987,0.2,2.0,0.6839950044836312
1,9988,0.2,2.0,0.8244253927289314
1,9989,0.2,2.0,1.5635344991752371
1,9990,0.2,2.0,0.2209419903674073
1,9991,0.2,2.0,1.126379359150969
1,9992,0.2,2.0,1.0912450185465836
1,9993,0.2,2.0,0.29631054326528383
1,9994,0.2,2.0,0.9590488268225206
1,9995,0.2,2.0,0.863565145099895
1,9996,0.2,2.0,0.6860423902644462
1,9997,0.2,2.0,0.6843621258539212
1,9998,0.2,2.0,0.34706503044657205
1,9999,0.2,2.0,0.5953867594008144
1,10000,0.2,2.0,0.2621113119043667
2,1,1.0,2.0,1.6400740763128496
2,2,1.0,2.0,0.4840910700185959
2,3,1.0,2.0,1.8417339639889667
2,4,1.0,2.0,0.12342801340013611
2,5,1.0,2.0,0.6997479983823143
2,6,1.0,2.0,1.1924402656451885
2,7,1.0,2.0,0.09316729993160791
2,8,1.0,2.0,0.2746668268761772
2,9,1.0,2.0,0.8701118212479717
2,10,1.0,2.0,1.848269399236448
2,11,1.0,2.0,1.6919823239388863
2,12,1.0,2.0,1.4099429621021442
2,13,1.0,2.0,1.1258693013758907
2,14,1.0,2.0,0.7830237636821789
2,15,1.0,2.0,0.4014661643705287
2,16,1.0,2.0,0.5545050112303679
2,17,1.0,2.0,1.3087051966480727
2,18,1.0,2.0,0.7409762572183097
2,19,1.0,2.0,1.4733816266518098
2,20,1.0,2.0,1.2455094010632495
2,21,1.0,2.0,0.8270172505952748
2,22,1.0,2.0,0.6243084143193607
2,23,1.0,2.0,1.3539312679592965
2,24,1.0,2.0,0.8752750016496872
2,25,1.0,2.0,1.1652492087953574
2,26,1.0,2.0,1.6877770463224229
2,27,1.0,2.0,0.6791821158632597
2,28,1.0,2.0,0.8271687221010552
2,29,1.0,2.0,1.6498005250328092
2,30,1.0,2.0,0.9242655920020911
2,31,1.0,2.0,1.1915008178569786
2,32,1.0,2.0,1.585858465819971
2,33,1.0,2.0,1.8573316878935102
2,34,1.0,2.0,0.33826961607245243
2,35,1.0,2.0,0.7220070455164731
2,36,1.0,2.0,1.5418283502255103
2,37,1.0,2.0,1.3946324471578757
2,38,1.0,2.0,1.9071437891815952
2,39,1.0,2.0,1.4622644847426856
2,40,1.0,2.0,1.145100739855541
2,41,1.0,2.0,0.7497619650288944
2,42,1.0,2.0,0.9090330200369339
2,43,1.0,2.0,1.2298791429616385
2,44,1.0,2.0,1.1281980266253335
2,45,1.0,2.0,1.0171234483907705
2,46,1.0,2.0,0.7297815546523971
2,47,1.0,2.0,0.970247364647876
2,48,1.0,2.0,0.674580598971989
2,49,1.0,2.0,1.6716633260099214
2,50,1.0,2.0,1.6017685477610688
2,51,1.0,2.0,1.6288595762905804
2,52,1.0,2.0,0.7613019767522996
2,53,1.0,2.0,0.4780620269142601
2,54,1.0,2.0,0.7560695613358187
2,55,1.0,2.0,1.0908994140606083
2,56,1.0,2.0,1.136623152506943
2,57,1.0,2.0,1.0478566841957
2,58,1.0,2.0,1.7615665446833673
2,59,1.0,2.0,1.4953882504987064
2,60,1.0,2.0,0.6695852307441921
2,61,1.0,2.0,1.4409435609823356
2,62,1.0,2.0,0.9195744746097029
2,63,1.0,2.0,0.6627727772434299
2,64,1.0,2.0,0.718825941246072
2,65,1.0,2.0,1.288441696608972
2,66,1.0,2.0,1.3595783106326935
2,67,1.0,2.0,1.7626191619574405
2,68,1.0,2.0,0.7935272669001215
2,69,1.0,2.0,1.269975110976359
2,70,1.0,2.0,0.30317521207598475
2,71,1.0,2.0,1.7258527117036293
2,72,1.0,2.0,1.5332295971653944
2,73,1.0,2.0,0.4142266389595573
2,74,1.0,2.0,1.391993135303452
2,75,1.0,2.0,1.131458367246279
2,76,1.0,2.0,0.41973513427460446
2,77,1.0,2.0,0.7531967355453195
2,78,1.0,2.0,1.1391253697390948
2,79,1.0,2.0,1.3514422153818217
2,80,1.0,2.0,1.116827414052794
2,81,1.0,2.0,0.9602695993390574
2,82,1.0,2.0,1.158351917588075
2,83,1.0,2.0,0.910925201005824
2,84,1.0,2.0,0.9952372264595067
2,85,1.0,2.0,0.9173584403990725
2,86,1.0,2.0,0.7373141304225616
2,87,1.0,2.0,1.331728942433927
2,88,1.0,2.0,1.514489784887889
2,89,1.0,2.0,1.0810153362778374
2,90,1.0,2.0,0.4675118052169271
2,91,1.0,2.0,0.7417934595306799
2,92,1.0,2.0,1.0447674195393541
2,93,1.0,2.0,1.2869870669423022
2,94,1.0,2.0,0.9501627976788776
2,95,1.0,2.0,0.8960248870157774
2,96,1.0,2.0,0.6584912138209494
2,97,1.0,2.0,1.222832243955857
2,98,1.0,2.0,0.9103586853827406
2,99,1.0,2.0,0.7232551229898502
2,100,1.0,2.0,1.422481448316026
2,101,1.0,2.0,1.5452554895891029
2,102,1.0,2.0,0.9686233467362768
2,103,1.0,2.0,0.6309505491155692
2,104,1.0,2.0,1.1026593859367027
2,105,1.0,2.0,1.4790412257043017
2,106,1.0,2.0,0.5641727333667078
2,107,1.0,2.0,1.3882399599884914
2,108,1.0,2.0,0.9609559148891286
2,109,1.0,2.0,1.0895558597526205
2,110,1.0,2.0,0.8006460403334262
2,111,1.0,2.0,1.6359364282377138
2,112,1.0,2.0,0.7185569574874029
2,113,1.0,2.0,1.10140121592285
2,114,1.0,2.0,0.45347006722080657
2,115,1.0,2.0,1.88154339077385
2,116,1.0,2.0,1.6630738848940805
2,117,1.0,2.0,1.022312658189707
2,118,1.0,2.0,1.3099771118494763
2,119,1.0,2.0,0.2988852451080248
2,120,1.0,2.0,1.3050030420695378
2,121,1.0,2.0,0.6264319045155567
2,122,1.0,2.0,0.9720279232192739
2,123,1.0,2.0,1.3356950028025798
2,124,1.0,2.0,1.2013148372411462
2,125,1.0,2.0,0.7679958404314672
2,126,1.0,2.0,0.8607482425443614
2,127,1.0,2.0,0.6361125753366813
2,128,1.0,2.0,0.47958691506650264
2,129,1.0,2.0,0.6797605554613969
2,130,1.0,2.0,1.3673553445697975
2,131,1.0,2.0,0.7946160071232363
2,132,1.0,2.0,0.46714354752335185
2,133,1.0,2.0,0.8901062396270606
2,134,1.0,2.0,1.1392928236531947
2,135,1.0,2.0,0.9975622684527494
2,136,1.0,2.0,1.1607906376463175
2,137,1.0,2.0,1.0780199708985656
2,138,1.0,2.0,1.3638027996096085
2,139,1.0,2.0,0.8602434075832545
2,140,1.0,2.0,1.3230708827099935
2,141,1.0,2.0,0.1825116619969864
2,142,1.0,2.0,1.2281719580139543
2,143,1.0,2.0,1.4899142230764324
2,144,1.0,2.0,1.105233116459608
2,145,1.0,2.0,1.6452622640041719
2,146,1.0,2.0,1.4988076093323444
2,147,1.0,2.0,0.7158900391828038
2,148,1.0,2.0,0.6607104735542156
2,149,1.0,2.0,1.1230079906789
2,150,1.0,2.0,0.7422675850867285
2,151,1.0,2.0,0.8124604253740252
2,152,1.0,2.0,1.2016579912918002
2,153,1.0,2.0,0.2431080853118517
2,154,1.0,2.0,0.6888662865622578
2,155,1.0,2.0,1.007186660865933
2,156,1.0,2.0,0.9367528975387872
2,157,1.0,2.0,1.5375847896339554
2,158,1.0,2.0,0.8668890992477972
2,159,1.0,2.0,1.4805960492653543
2,160,1.0,2.0,1.6197634179061136
2,161,1.0,2.0,1.097240306535129
2,162,1.0,2.0,1.1403228133867591
2,163,1.0,2.0,1.5754051780870526
2,164,1.0,2.0,1.7400360301833122
2,165,1.0,2.0,1.480247908237239
2,166,1.0,2.0,0.25913409024652656
2,167,1.0,2.0,0.08980728837702517
2,168,1.0,2.0,0.1123809818704823
2,169,1.0,2.0,0.8938683216992315
2,170,1.0,2.0,1.6798925843492976
2,171,1.0,2.0,1.255922107871887
2,172,1.0,2.0,1.6132375901567286
2,173,1.0,2.0,0.7765636555923743
2,174,1.0,2.0,0.6041795433409474
2,175,1.0,2.0,0.8028329333223145
2,176,1.0,2.0,0.5856221562681203
2,177,1.0,2.0,1.6324747595952496
2,178,1.0,2.0,0.4370597736093515
2,179,1.0,2.0,0.4960089456534974
2,180,1.0,2.0,0.3952596224222251
2,181,1.0,2.0,0.6037958271025408
2,182,1.0,2.0,1.1175340317927667
2,183,1.0,2.0,1.131983083039597
2,184,1.0,2.0,0.7207521999840503
2,185,1.0,2.0,0.301887964733594
2,186,1.0,2.0,0.38343270081783126
2,187,1.0,2.0,1.417455025380904
2,188,1.0,2.0,1.4867467299924992
2,189,1.0,2.0,1.0170054380376117
2,190,1.0,2.0,1.1355092567138692
2,191,1.0,2.0,0.8113335663827089
2,192,1.0,2.0,1.2047516903743882
2,193,1.0,2.0,0.35343829920185654
2,194,1.0,2.0,1.1571576317107473
2,195,1.0,2.0,1.1034870354739554
2,196,1.0,2.0,0.3869761584060493
2,197,1.0,2.0,1.248147908342132
2,198,1.0,2.0,0.47608139972258884
2,199,1.0,2.0,1.4138773699580724
2,200,1.0,2.0,0.6400982551542793
2,201,1.0,2.0,0.12594138556373088
2,202,1.0,2.0,1.5627908391279215
2,203,1.0,2.0,0.6226958886232606
2,204,1.0,2.0,0.8798007734243418
2,205,1.0,2.0,1.2414255545225588
2,206,1.0,2.0,0.898994796845523
2,207,1.0,2.0,0.9737840160989577
2,208,1.0,2.0,0.8051509992343504
2,209,1.0,2.0,0.053992510929683345
2,210,1.0,2.0,1.1976893903128367
2,211,1.0,2.0,0.65035745815336
2,212,1.0,2.0,0.9287673138436046
2,213,1.0,2.0,0.9773797193644498
2,214,1.0,2.0,0.32793688610080424
2,215,1.0,2.0,1.1818397632703137
2,216,1.0,2.0,0.4195700922701506
2,217,1.0,2.0,0.2133217624317365
2,218,1.0,2.0,1.628924907204242
2,219,1.0,2.0,1.0688965494752167
2,220,1.0,2.0,1.5981302711916117
2,221,1.0,2.0,0.2351778939858101
2,222,1.0,2.0,0.5860072707841384
2,223,1.0,2.0,1.1045525267725345
2,224,1.0,2.0,1.4886890747620676
2,225,1.0,2.0,0.9263587755117872
2,226,1.0,2.0,0.242396968381051
2,227,1.0,2.0,0.4162895905273935
2,228,1.0,2.0,0.3588586784016912
2,229,1.0,2.0,1.5116772506022702
2,230,1.0,2.0,1.291818986351176
2,231,1.0,2.0,0.43161476323076664
2,232,1.0,2.0,1.6082054088533726
2,233,1.0,2.0,1.630617602503251
2,234,1.0,2.0,0.7407754366687724
2,235,1.0,2.0,1.2227511593249254
2,236,1.0,2.0,0.684395858327273
2,237,1.0,2.0,1.3624824403896612
2,238,1.0,2.0,1.2743739362875997
2,239,1.0,2.0,0.5175589484948983
2,240,1.0,2.0,0.6299205304845225
2,241,1.0,2.0,0.9001175145787184
2,242,1.0,2.0,1.3461859694615388
2,243,1.0,2.0,0.7740813350710553
2,244,1.0,2.0,1.045437091000606
2,245,1.0,2.0,0.163835487739026
2,246,1.0,2.0,0.288936724250188
2,247,1.0,2.0,0.9410430672569658
2,248,1.0,2.0,0.2799900557593998
2,249,1.0,2.0,1.0593109572440305
2,250,1.0,2.0,1.6900421594278634
2,251,1.0,2.0,1.1225475971295595
2,252,1.0,2.0,0.6329691602174125
2,253,1.0,2.0,0.6196497187126045
2,254,1.0,2.0,0.3523515095103218
2,255,1.0,2.0,0.8945427063342286
2,256,1.0,2.0,0.8717630571828735
2,257,1.0,2.0,1.2353033552786208
2,258,1.0,2.0,0.8698840130863348
2,259,1.0,2.0,1.1743332902374846
2,260,1.0,2.0,0.18676289788605063
2,261,1.0,2.0,0.18486733510695602
2,262,1.0,2.0,0.26789436310188947
2,263,1.0,2.0,0.6865205991922045
2,264,1.0,2.0,0.4739291873337045
2,265,1.0,2.0,0.6121081534242598
2,266,1.0,2.0,0.8808216832882185
2,267,1.0,2.0,0.8410809255960751
2,268,1.0,2.0,1.1104823171199247
2,269,1.0,2.0,1.6867914091934713
2,270,1.0,2.0,0.09086149116027398
2,271,1.0,2.0,0.8692839996887175
2,272,1.0,2.0,0.6761027323469511
2,273,1.0,2.0,1.042760799667993
2,274,1.0,2.0,1.1950422274317445
2,275,1.0,2.0,0.498687276728051
2,276,1.0,2.0,0.80507928266788
2,277,1.0,2.0,0.958977139310663
2,278,1.0,2.0,1.490471821125819
2,279,1.0,2.0,1.0802351411346165
2,280,1.0,2.0,1.1399869571449874
2,281,1.0,2.0,1.6833238759583802
2,282,1.0,2.0,1.2390576647844098
2,283,1.0,2.0,1.0438320570219173
2,284,1.0,2.0,1.3946992421989788
2,285,1.0,2.0,0.45773728726886703
2,286,1.0,2.0,0.18438125491696644
2,287,1.0,2.0,1.210465415791817
2,288,1.0,2.0,0.2964763385733236
2,289,1.0,2.0,1.3786279872780756
2,290,1.0,2.0,0.5109049406928783
2,291,1.0,2.0,1.8319964187303168
2,292,1.0,2.0,0.8026215947050632
2,293,1.0,2.0,1.2460110550658534
2,294,1.0,2.0,1.5452736552083306
2,295,1.0,2.0,1.8548476997167833
2,296,1.0,2.0,0.7443624548040307
2,297,1.0,2.0,1.235332750719259
2,298,1.0,2.0,1.010175661520301
2,299,1.0,2.0,0.9714756766634721
2,300,1.0,2.0,1.069884013504598
2,301,1.0,2.0,0.9679939595494428
2,302,1.0,2.0,0.6585733743754898
2,303,1.0,2.0,0.37600447944419824
2,304,1.0,2.0,0.5264152527418069
2,305,1.0,2.0,1.672450838708439
2,306,1.0,2.0,1.2264717805710093
2,307,1.0,2.0,0.7202341886405257
2,308,1.0,2.0,1.5607223090031395
2,309,1.0,2.0,0.17182418050122936
2,310,1.0,2.0,1.0020332778914387
2,311,1.0,2.0,0.4631998112198464
2,312,1.0,2.0,0.9865456523252722
2,313,1.0,2.0,0.7208968406087453
2,314,1.0,2.0,1.8473150350938348
2,315,1.0,2.0,0.40545588223823364
2,316,1.0,2.0,1.3423427417404676
2,317,1.0,2.0,1.2711524763233142
2,318,1.0,2.0,1.491368615153377
2,319,1.0,2.0,0.6050698190481829
2,320,1.0,2.0,0.13462164119702835
2,321,1.0,2.0,1.2672908383286967
2,322,1.0,2.0,1.3373843233357676
2,323,1.0,2.0,1.426824092654954
2,324,1.0,2.0,1.7691600717508964
2,325,1.0,2.0,0.8146164112691848
2,326,1.0,2.0,1.1233628973899918
2,327,1.0,2.0,1.4417612021797335
2,328,1.0,2.0,1.0778445110173496
2,329,1.0,2.0,1.6242532565853829
2,330,1.0,2.0,0.29756400815393613
2,331,1.0,2.0,0.5300665177509213
2,332,1.0,2.0,0.9593927343287983
2,333,1.0,2.0,0.082021522161607
2,334,1.0,2.0,1.3899107935162807
2,335,1.0,2.0,1.8502723887301205
2,336,1.0,2.0,1.1049447932639112
2,337,1.0,2.0,0.922904357501337
2,338,1.0,2.0,0.6559322103454316
2,339,1.0,2.0,0.5430708496677593
2,340,1.0,2.0,1.6065506660110023
2,341,1.0,2.0,0.5270034700599853
2,342,1.0,2.0,0.7668686022083818
2,343,1.0,2.0,1.020676658816119
2,344,1.0,2.0,0.7297751444950447
2,345,1.0,2.0,0.9328219961585512
2,346,1.0,2.0,1.695245117252469
2,347,1.0,2.0,0.9568590247460222
2,348,1.0,2.0,0.4577726087981572
2,349,1.0,2.0,0.9444967756171515
2,350,1.0,2.0,0.6190876754980447
2,351,1.0,2.0,1.701613909916609
2,352,1.0,2.0,0.9530271521192109
2,353,1.0,2.0,1.126297040877813
2,354,1.0,2.0,1.031069471580992
2,355,1.0,2.0,1.0425790777487167
2,356,1.0,2.0,1.0073329746079902
2,357,1.0,2.0,0.6797930105240251
2,358,1.0,2.0,1.627014722018711
2,359,1.0,2.0,1.4336658363102193
2,360,1.0,2.0,0.45793405716732816
2,361,1.0,2.0,0.8209142278221052
2,362,1.0,2.0,1.1952312739641138
2,363,1.0,2.0,0.8272153229018921
2,364,1.0,2.0,1.3531445718607653
2,365,1.0,2.0,1.7992605476888879
2,366,1.0,2.0,0.9979919377719386
2,367,1.0,2.0,0.9111954688463766
2,368,1.0,2.0,0.6395047413411955
2,369,1.0,2.0,1.1269429463159537
2,370,1.0,2.0,1.5993976518859554
2,371,1.0,2.0,1.119080085006909
2,372,1.0,2.0,1.4543189376075032
2,373,1.0,2.0,1.218342438274752
2,374,1.0,2.0,0.8827003209594118
2,375,1.0,2.0,0.352247313283305
2,376,1.0,2.0,0.8002937163311622
2,377,1.0,2.0,1.0987768275063567
2,378,1.0,2.0,1.0882066137469164
2,379,1.0,2.0,1.7710842013780939
2,380,1.0,2.0,1.6488484774528411
2,381,1.0,2.0,0.7300704903236198
2,382,1.0,2.0,1.867779171026319
2,383,1.0,2.0,0.35527512551500035
2,384,1.0,2.0,0.9890903560357323
2,385,1.0,2.0,1.0990006648980664
2,386,1.0,2.0,1.072045088004614
2,387,1.0,2.0,0.7289342188617196
2,388,1.0,2.0,1.1467615500270805
2,389,1.0,2.0,1.007029109553744
2,390,1.0,2.0,1.2763522097272344
2,391,1.0,2.0,1.373085239657668
2,392,1.0,2.0,1.308513266695887
2,393,1.0,2.0,1.3869629100329397
2,394,1.0,2.0,1.1537170715209983
2,395,1.0,2.0,0.4010649270679677
2,396,1.0,2.0,0.5850335248002753
2,397,1.0,2.0,1.6954852841652355
2,398,1.0,2.0,1.3195031525441097
2,399,1.0,2.0,0.9289863590345605
2,400,1.0,2.0,0.9301499749285945
2,401,1.0,2.0,0.6718278504225897
2,402,1.0,2.0,1.1831433521401018
2,403,1.0,2.0,0.8974552250360055
2,404,1.0,2.0,1.2884522214729899
2,405,1.0,2.0,1.2618752249684584
2,406,1.0,2.0,1.2023425364350024
2,407,1.0,2.0,1.1661782039709434
2,408,1.0,2.0,0.9342500013263418
2,409,1.0,2.0,0.4447344012351318
2,410,1.0,2.0,0.7281997368842145
2,411,1.0,2.0,0.15762016336669935
2,412,1.0,2.0,0.5143105640584305
2,413,1.0,2.0,1.1723289483204025
2,414,1.0,2.0,1.6716574843426706
2,415,1.0,2.0,1.4598141384093364
2,416,1.0,2.0,1.5065372889843296
2,417,1.0,2.0,0.5621606706408208
2,418,1.0,2.0,1.157554727766712
2,419,1.0,2.0,1.2673264397288175
2,420,1.0,2.0,1.477922349479876
2,421,1.0,2.0,0.9666052946646959
2,422,1.0,2.0,1.45996751591972
2,423,1.0,2.0,1.599891063016614
2,424,1.0,2.0,0.5241888369541534
2,425,1.0,2.0,0.7787089498030548
2,426,1.0,2.0,1.074662142283981
2,427,1.0,2.0,0.7974690346204212
2,428,1.0,2.0,1.756854376913111
2,429,1.0,2.0,0.9822012870668012
2,430,1.0,2.0,1.366655014373678
2,431,1.0,2.0,1.3212930655132558
2,432,1.0,2.0,1.1893291050453647
2,433,1.0,2.0,0.8708853204662536
2,434,1.0,2.0,0.6109565369781799
2,435,1.0,2.0,0.3967478941963327
2,436,1.0,2.0,1.0126191594680765
2,437,1.0,2.0,0.395978280858411
2,438,1.0,2.0,1.0515520683707966
2,439,1.0,2.0,0.8238151678492253
2,440,1.0,2.0,0.44960737172214993
2,441,1.0,2.0,0.6029752696604905
2,442,1.0,2.0,1.055920577257928
2,443,1.0,2.0,0.4497436639145019
2,444,1.0,2.0,0.6160315197177157
2,445,1.0,2.0,0.8478810254958683
2,446,1.0,2.0,0.9425891506795374
2,447,1.0,2.0,1.3146927220039641
2,448,1.0,2.0,0.9949490160027861
2,449,1.0,2.0,0.20157116646317613
2,450,1.0,2.0,1.1493674302931725
2,451,1.0,2.0,0.4705431313282339
2,452,1.0,2.0,0.10473187597052269
2,453,1.0,2.0,1.3303748898271375
2,454,1.0,2.0,0.6732908833371404
2,455,1.0,2.0,0.8477034948565657
2,456,1.0,2.0,0.2636088957001757
2,457,1.0,2.0,0.7730270013462662
2,458,1.0,2.0,0.3706092752544972
2,459,1.0,2.0,0.6010111212469663
2,460,1.0,2.0,1.7161747517269028
2,461,1.0,2.0,0.3339454562412501
2,462,1.0,2.0,0.41570447601704297
2,463,1.0,2.0,0.9055260899618578
2,464,1.0,2.0,1.3341394340940553
2,465,1.0,2.0,1.6480174279718647
2,466,1.0,2.0,0.6396822804004674
2,467,1.0,2.0,1.2941732147645957
2,468,1.0,2.0,0.4976183654937649
2,469,1.0,2.0,0.36259925117867836
2,470,1.0,2.0,1.2789240110723799
2,471,1.0,2.0,0.6608140665676262
2,472,1.0,2.0,0.791158452159817
2,473,1.0,2.0,1.114583663402044
2,474,1.0,2.0,0.9616608367229524
2,475,1.0,2.0,1.048279387976391
2,476,1.0,2.0,1.0511867541650206
2,477,1.0,2.0,1.2371398999295926
2,478,1.0,2.0,1.2505392342341861
2,479,1.0,2.0,0.5080919246415488
2,480,1.0,2.0,1.0498727507791492
2,481,1.0,2.0,0.6628226859962875
2,482,1.0,2.0,1.051425086137419
2,483,1.0,2.0,0.8448866383182266
2,484,1.0,2.0,1.06953996319774
2,485,1.0,2.0,1.4710786166479033
2,486,1.0,2.0,0.9635956058819183
2,487,1.0,2.0,0.8246465012021625
2,488,1.0,2.0,1.0871567218663645
2,489,1.0,2.0,0.6465566519112886
2,490,1.0,2.0,1.3490594939718639
2,491,1.0,2.0,1.365181400618309
2,492,1.0,2.0,0.3143406358429254
2,493,1.0,2.0,0.8412399957446441
2,494,1.0,2.0,1.7325716355348413
2,495,1.0,2.0,0.6770450248421007
2,496,1.0,2.0,0.7765497814902783
2,497,1.0,2.0,0.9898709388406205
2,498,1.0,2.0,1.010651563080729
2,499,1.0,2.0,1.5757717977250068
2,500,1.0,2.0,0.9253040416413744
2,501,1.0,2.0,0.6762563144769326
2,502,1.0,2.0,1.2801730968721095
2,503,1.0,2.0,1.0500444711737873
2,504,1.0,2.0,1.0933336086500118
2,505,1.0,2.0,1.2366066318777493
2,506,1.0,2.0,1.6024397613528198
2,507,1.0,2.0,0.32991141810899555
2,508,1.0,2.0,0.8145714806965655
2,509,1.0,2.0,0.23418690110481566
2,510,1.0,2.0,0.4282201024448919
2,511,1.0,2.0,0.4766694685944771
2,512,1.0,2.0,1.4837524554343628
2,513,1.0,2.0,0.47268257934938446
2,514,1.0,2.0,0.5186092559411976
2,515,1.0,2.0,0.8250546501523405
2,516,1.0,2.0,1.1939242826099639
2,517,1.0,2.0,1.9415797773323349
2,518,1.0,2.0,0.6904789222702423
2,519,1.0,2.0,0.5528297063580668
2,520,1.0,2.0,1.537734404112371
2,521,1.0,2.0,0.9582696022743553
2,522,1.0,2.0,0.1891824948708645
2,523,1.0,2.0,0.3478102002463172
2,524,1.0,2.0,0.4781646679686091
2,525,1.0,2.0,0.6988233899329303
2,526,1.0,2.0,0.455739391164304
2,527,1.0,2.0,1.5111193743963622
2,528,1.0,2.0,1.3412646475544023
2,529,1.0,2.0,1.741458791225531
2,530,1.0,2.0,1.0537426175859892
2,531,1.0,2.0,0.7331265601286132
2,532,1.0,2.0,1.179479615444018
2,533,1.0,2.0,0.7612421017488682
2,534,1.0,2.0,0.6774508593762669
2,535,1.0,2.0,0.4419232452777389
2,536,1.0,2.0,0.8867512160621059
2,537,1.0,2.0,1.5143215956817593
2,538,1.0,2.0,1.2779921974763355
2,539,1.0,2.0,0.04386386246546639
2,540,1.0,2.0,0.9798051315665718
2,541,1.0,2.0,0.0808377506251429
2,542,1.0,2.0,0.4098105352450841
2,543,1.0,2.0,0.24566075786313457
2,544,1.0,2.0,1.8693267551515513
2,545,1.0,2.0,1.3223768222367351
2,546,1.0,2.0,1.6073780708620073
2,547,1.0,2.0,0.7013019571619775
2,548,1.0,2.0,0.8522369137345223
2,549,1.0,2.0,0.7710407972325412
2,550,1.0,2.0,0.5583319104529739
2,551,1.0,2.0,0.3605675166904261
2,552,1.0,2.0,0.27246766030414793
2,553,1.0,2.0,0.6466015175540291
2,554,1.0,2.0,0.7476555046196716
2,555,1.0,2.0,1.3311383038856892
2,556,1.0,2.0,0.3090567797946538
2,557,1.0,2.0,0.45891855883869204
2,558,1.0,2.0,1.0101714360204732
2,559,1.0,2.0,1.1544006157222269
2,560,1.0,2.0,0.9874262578591592
2,561,1.0,2.0,0.47164330655118997
2,562,1.0,2.0,1.2740323937253553
2,563,1.0,2.0,1.2800930525461887
2,564,1.0,2.0,1.140708050299672
2,565,1.0,2.0,0.7951668866752186
2,566,1.0,2.0,1.3969915264676023
2,567,1.0,2.0,0.22478750840424316
2,568,1.0,2.0,0.3449754100749348
2,569,1.0,2.0,0.7662844729808995
2,570,1.0,2.0,0.6934988661168526
2,571,1.0,2.0,1.4645372023631444
2,572,1.0,2.0,0.5837636684794709
2,573,1.0,2.0,0.9263607700341727
2,574,1.0,2.0,1.0367680221973221
2,575,1.0,2.0,0.6580036567694373
2,576,1.0,2.0,0.9521819216068831
2,577,1.0,2.0,1.5831615818465208
2,578,1.0,2.0,0.3238825013272343
2,579,1.0,2.0,0.47716125429738515
2,580,1.0,2.0,0.7916376005154107
2,581,1.0,2.0,1.1496854312552434
2,582,1.0,2.0,1.0357456504792217
2,583,1.0,2.0,0.8232503009183177
2,584,1.0,2.0,0.7244178216002559
2,585,1.0,2.0,0.21996117977242657
2,586,1.0,2.0,0.46818405087865245
2,587,1.0,2.0,0.4779416440868953
2,588,1.0,2.0,1.912103984322117
2,589,1.0,2.0,0.48420842726637053
2,590,1.0,2.0,0.2806938454494301
2,591,1.0,2.0,0.9543115323281601
2,592,1.0,2.0,1.4574265023387387
2,593,1.0,2.0,1.6082059213560185
2,594,1.0,2.0,1.2903006158056547
2,595,1.0,2.0,1.5584975334318711
2,596,1.0,2.0,1.2086029097109956
2,597,1.0,2.0,0.7553873835484236
2,598,1.0,2.0,0.5567273505122543
2,599,1.0,2.0,1.0875368633471474
2,600,1.0,2.0,0.25445131725219416
2,601,1.0,2.0,1.4267382723743003
2,602,1.0,2.0,1.059833448152233
2,603,1.0,2.0,0.8305624465011671
2,604,1.0,2.0,1.6606871524052995
2,605,1.0,2.0,0.3061701747493161
2,606,1.0,2.0,1.4097843411288296
2,607,1.0,2.0,1.2028294838954414
2,608,1.0,2.0,1.1320142328193927
2,609,1.0,2.0,1.628552815614268
2,610,1.0,2.0,0.6969309209155088
2,611,1.0,2.0,1.7419154265833559
2,612,1.0,2.0,1.03120252567957
2,613,1.0,2.0,0.4464457054207511
2,614,1.0,2.0,0.85877584867568
2,615,1.0,2.0,0.4574467673108761
2,616,1.0,2.0,0.7407721807939613
2,617,1.0,2.0,1.0360955031119046
2,618,1.0,2.0,0.4131224256047609
2,619,1.0,2.0,1.1250273477540422
2,620,1.0,2.0,0.1695135656528594
2,621,1.0,2.0,0.6331343491558195
2,622,1.0,2.0,0.9481911759724171
2,623,1.0,2.0,0.7293280482375686
2,624,1.0,2.0,0.7082360572087337
2,625,1.0,2.0,1.773320955778205
2,626,1.0,2.0,1.7970931255083815
2,627,1.0,2.0,1.2596455212118602
2,628,1.0,2.0,0.4005404853823734
2,629,1.0,2.0,1.5516452858895762
2,630,1.0,2.0,0.8503030562675731
2,631,1.0,2.0,1.0414316538250508
2,632,1.0,2.0,0.038400242406742606
2,633,1.0,2.0,0.5293735026991314
2,634,1.0,2.0,0.9319978733894174
2,635,1.0,2.0,1.2728758580424133
2,636,1.0,2.0,1.8253162209677898
2,637,1.0,2.0,1.6312891926823792
2,638,1.0,2.0,1.2750155061232147
2,639,1.0,2.0,1.3112494735281595
2,640,1.0,2.0,0.6533722434187056
2,641,1.0,2.0,0.4155929549827115
2,642,1.0,2.0,0.31270404055523693
2,643,1.0,2.0,1.3624050351731036
2,644,1.0,2.0,1.4947603709654593
2,645,1.0,2.0,0.5954373360627369
2,646,1.0,2.0,0.24823498055931772
2,647,1.0,2.0,0.13896448465168582
2,648,1.0,2.0,1.5596547670993708
2,649,1.0,2.0,1.0317232006999664
2,650,1.0,2.0,0.4038199436911465
2,651,1.0,2.0,0.7245099954777899
2,652,1.0,2.0,0.4275463615495247
2,653,1.0,2.0,0.9700645438532455
2,654,1.0,2.0,0.8109967972913914
2,655,1.0,2.0,1.0473915935283657
2,656,1.0,2.0,1.451137928638376
2,657,1.0,2.0,0.8145591421975161
2,658,1.0,2.0,1.5718105173461105
2,659,1.0,2.0,1.7691137592774226
2,660,1.0,2.0,0.4718324662816042
2,661,1.0,2.0,0.8066434298496536
2,662,1.0,2.0,0.87920598800545
2,663,1.0,2.0,0.19114533644165196
2,664,1.0,2.0,1.4509661007352315
2,665,1.0,2.0,0.6786598762927707
2,666,1.0,2.0,0.36919851997627084
2,667,1.0,2.0,0.8757337389016068
2,668,1.0,2.0,0.345281101246885
2,669,1.0,2.0,1.5831666141343395
2,670,1.0,2.0,1.0897782273653358
2,671,1.0,2.0,1.4322970476940116
2,672,1.0,2.0,1.464192747382358
2,673,1.0,2.0,1.1229371246891997
2,674,1.0,2.0,1.508044106469963
2,675,1.0,2.0,0.6816468214764677
2,676,1.0,2.0,1.585943359842866
2,677,1.0,2.0,1.3200103294953465
2,678,1.0,2.0,0.7688825499755693
2,679,1.0,2.0,0.9098126934735391
2,680,1.0,2.0,0.355756723377381
2,681,1.0,2.0,1.0454299042340227
2,682,1.0,2.0,1.0602927442179326
2,683,1.0,2.0,1.47937424244481
2,684,1.0,2.0,1.370112031641876
2,685,1.0,2.0,0.8230653224862602
2,686,1.0,2.0,1.2360378089547683
2,687,1.0,2.0,1.83678872225223
2,688,1.0,2.0,0.5080179519353069
2,689,1.0,2.0,1.655164678910588
2,690,1.0,2.0,0.5173982958071391
2,691,1.0,2.0,0.4159417372981583
2,692,1.0,2.0,1.0841091643225234
2,693,1.0,2.0,1.7100787243543827
2,694,1.0,2.0,1.5173660149033381
2,695,1.0,2.0,1.264744630778218
2,696,1.0,2.0,0.8513504243442919
2,697,1.0,2.0,0.7064846931255631
2,698,1.0,2.0,0.4371587616728135
2,699,1.0,2.0,0.3471955205602502
2,700,1.0,2.0,0.7384940581646395
2,701,1.0,2.0,1.7483426548332424
2,702,1.0,2.0,0.9953730251789333
2,703,1.0,2.0,0.8851561301845605
2,704,1.0,2.0,0.749042634663746
2,705,1.0,2.0,0.5033536639458164
2,706,1.0,2.0,1.3121653328147174
2,707,1.0,2.0,1.0267993183806552
2,708,1.0,2.0,0.3084404056775199
2,709,1.0,2.0,0.7077555968074533
2,710,1.0,2.0,0.127356347787261
2,711,1.0,2.0,0.08479512708196552
2,712,1.0,2.0,1.4397462817513702
2,713,1.0,2.0,0.49243965757558733
2,714,1.0,2.0,1.628294657849836
2,715,1.0,2.0,0.6435687354647892
2,716,1.0,2.0,0.858555023053407
2,717,1.0,2.0,0.13756900910120354
2,718,1.0,2.0,0.46916808418044326
2,719,1.0,2.0,0.9480750033680546
2,720,1.0,2.0,1.585053187875493
2,721,1.0,2.0,0.74924302741556
2,722,1.0,2.0,1.1546237464625748
2,723,1.0,2.0,1.204179970249807
2,724,1.0,2.0,1.6114974500259462
2,725,1.0,2.0,0.6746667727488186
2,726,1.0,2.0,1.7242902628066537
2,727,1.0,2.0,1.7162270048814283
2,728,1.0,2.0,0.8808302297843782
2,729,1.0,2.0,0.8870159733526854
2,730,1.0,2.0,0.8256972715196622
2,731,1.0,2.0,0.7630660469861176
2,732,1.0,2.0,1.0709480550993342
2,733,1.0,2.0,0.6288636197116892
2,734,1.0,2.0,1.5198318887759616
2,735,1.0,2.0,1.010237419044527
2,736,1.0,2.0,1.0552625628744212
2,737,1.0,2.0,0.982681896054968
2,738,1.0,2.0,0.8014544205990507
2,739,1.0,2.0,1.2264979763605786
2,740,1.0,2.0,0.15202270013519012
2,741,1.0,2.0,0.3752972754776262
2,742,1.0,2.0,0.9365790234962308
2,743,1.0,2.0,1.0713777098527364
2,744,1.0,2.0,0.8249273034624812
2,745,1.0,2.0,0.9794103420030691
2,746,1.0,2.0,1.7573058823015728
2,747,1.0,2.0,1.2827999975107862
2,748,1.0,2.0,1.562065921854113
2,749,1.0,2.0,0.40606618481395684
2,750,1.0,2.0,0.9882614527886194
2,751,1.0,2.0,1.4812335680438293
2,752,1.0,2.0,0.1983441251838307
2,753,1.0,2.0,1.4802576926307824
2,754,1.0,2.0,1.1707740989416477
2,755,1.0,2.0,1.3629632275621655
2,756,1.0,2.0,1.3905652136180189
2,757,1.0,2.0,0.14847121654584278
2,758,1.0,2.0,0.23582736466756346
2,759,1.0,2.0,0.5297640056022451
2,760,1.0,2.0,0.5878448504186664
2,761,1.0,2.0,1.5612639476562802
2,762,1.0,2.0,0.7111564489713714
2,763,1.0,2.0,1.7137504278058315
2,764,1.0,2.0,1.2731507539592735
2,765,1.0,2.0,1.1022122503062426
2,766,1.0,2.0,0.9965854447428036
2,767,1.0,2.0,0.7065069573766902
2,768,1.0,2.0,1.6768325555007642
2,769,1.0,2.0,0.2833185298310302
2,770,1.0,2.0,0.39323783747954183
2,771,1.0,2.0,0.3767263962135045
2,772,1.0,2.0,0.9670578576021381
2,773,1.0,2.0,0.12086219718411328
2,774,1.0,2.0,0.20979242973188647
2,775,1.0,2.0,1.2279449452965205
2,776,1.0,2.0,1.4433049470424038
2,777,1.0,2.0,0.3296623674952135
2,778,1.0,2.0,0.6585420108971911
2,779,1.0,2.0,0.8423916011399454
2,780,1.0,2.0,0.9114774468631323
2,781,1.0,2.0,1.3111716337124004
2,782,1.0,2.0,1.0839426639591654
2,783,1.0,2.0,0.3496570740050595
2,784,1.0,2.0,0.5729173726014269
2,785,1.0,2.0,1.8335361637718557
2,786,1.0,2.0,1.6216549037512804
2,787,1.0,2.0,1.149005899649414
2,788,1.0,2.0,0.8082861954271561
2,789,1.0,2.0,1.2476555945193588
2,790,1.0,2.0,0.3467537992722802
2,791,1.0,2.0,1.0264766779396077
2,792,1.0,2.0,1.7552048296182174
2,793,1.0,2.0,0.9837918430117094
2,794,1.0,2.0,1.6098400537244217
2,795,1.0,2.0,0.34858801850580895
2,796,1.0,2.0,1.5060041388814314
2,797,1.0,2.0,0.8859968168930539
2,798,1.0,2.0,0.7183777359367557
2,799,1.0,2.0,0.4434596857390963
2,800,1.0,2.0,0.9589199019113879
2,801,1.0,2.0,0.6729720977126512
2,802,1.0,2.0,1.6677469209386278
2,803,1.0,2.0,0.8867525774683283
2,804,1.0,2.0,0.17635492427149604
2,805,1.0,2.0,1.0669502869168603
2,806,1.0,2.0,1.5463243385224474
2,807,1.0,2.0,0.8294243888725712
2,808,1.0,2.0,1.273435762840228
2,809,1.0,2.0,1.1294403629691434
2,810,1.0,2.0,1.7543636457380145
2,811,1.0,2.0,0.8874590762455733
2,812,1.0,2.0,0.7579584829826422
2,813,1.0,2.0,0.818985338913025
2,814,1.0,2.0,0.8052709109875338
2,815,1.0,2.0,0.3510018790230886
2,816,1.0,2.0,0.7507679137914895
2,817,1.0,2.0,0.344060418337957
2,818,1.0,2.0,1.0026982024677742
2,819,1.0,2.0,1.3562736805875462
2,820,1.0,2.0,1.2371525148539861
2,821,1.0,2.0,0.5525469753166463
2,822,1.0,2.0,0.40656809494219204
2,823,1.0,2.0,0.461591344732605
2,824,1.0,2.0,0.8677623858183007
2,825,1.0,2.0,1.1866905343913743
2,826,1.0,2.0,0.8263312855216949
2,827,1.0,2.0,1.230818427820878
2,828,1.0,2.0,1.8314491324807887
2,829,1.0,2.0,0.3885171350676233
2,830,1.0,2.0,0.8959295719194997
2,831,1.0,2.0,1.4295223330805191
2,832,1.0,2.0,0.9777332731182479
2,833,1.0,2.0,1.1073322952804991
2,834,1.0,2.0,1.3763101339908752
2,835,1.0,2.0,0.928048131303692
2,836,1.0,2.0,1.5981526851720487
2,837,1.0,2.0,1.23262160828207
2,838,1.0,2.0,0.30888521231802174
2,839,1.0,2.0,0.8199103398341894
2,840,1.0,2.0,0.19162307065496645
2,841,1.0,2.0,1.5920588898015382
2,842,1.0,2.0,1.1330264472427274
2,843,1.0,2.0,0.23440751897001777
2,844,1.0,2.0,1.4186810726535075
2,845,1.0,2.0,0.7411590585138976
2,846,1.0,2.0,0.9027229871517587
2,847,1.0,2.0,0.8152581115757465
2,848,1.0,2.0,0.9928593052188989
2,849,1.0,2.0,1.4759887083533927
2,850,1.0,2.0,0.9694438203268044
2,851,1.0,2.0,1.4106684973519856
2,852,1.0,2.0,0.9296765343681551
2,853,1.0,2.0,0.7672201266018532
2,854,1.0,2.0,1.0399852493767252
2,855,1.0,2.0,0.5045185922647181
2,856,1.0,2.0,1.8828181821287708
2,857,1.0,2.0,0.9596951047401546
2,858,1.0,2.0,1.6868453752268595
2,859,1.0,2.0,1.0964326497478658
2,860,1.0,2.0,1.5399469411876696
2,861,1.0,2.0,0.8026965025977821
2,862,1.0,2.0,0.7430584592218676
2,863,1.0,2.0,0.22624066958959035
2,864,1.0,2.0,1.5300820822387249
2,865,1.0,2.0,0.6446053676620348
2,866,1.0,2.0,0.47646416068076164
2,867,1.0,2.0,0.36992979030390866
2,868,1.0,2.0,0.8888155737262413
2,869,1.0,2.0,0.22760763766473688
2,870,1.0,2.0,1.1722431756666132
2,871,1.0,2.0,1.572489010951414
2,872,1.0,2.0,1.5322814204819546
2,873,1.0,2.0,1.0033582046444534
2,874,1.0,2.0,0.8667530672568038
2,875,1.0,2.0,0.9122476182789871
2,876,1.0,2.0,1.286461232769594
2,877,1.0,2.0,0.6386860098540721
2,878,1.0,2.0,0.7362336340805288
2,879,1.0,2.0,1.0551449723348119
2,880,1.0,2.0,0.5649779671256066
2,881,1.0,2.0,1.0580733846241492
2,882,1.0,2.0,1.6033431508305291
2,883,1.0,2.0,1.2707839950040036
2,884,1.0,2.0,0.7970751204873836
2,885,1.0,2.0,0.19576078704275748
2,886,1.0,2.0,0.6724983026581325
2,887,1.0,2.0,1.0175380140935255
2,888,1.0,2.0,1.1211161549841124
2,889,1.0,2.0,0.3332523721775686
2,890,1.0,2.0,1.3544125030334775
2,891,1.0,2.0,0.8766679796054075
2,892,1.0,2.0,0.6198561345791102
2,893,1.0,2.0,1.0825909605742101
2,894,1.0,2.0,1.036952034308168
2,895,1.0,2.0,0.5564937802533101
2,896,1.0,2.0,1.3619671757321798
2,897,1.0,2.0,0.4460194938474936
2,898,1.0,2.0,0.7642182533099011
2,899,1.0,2.0,0.8277776816951014
2,900,1.0,2.0,0.4111134849093121
2,901,1.0,2.0,0.6716341657212656
2,902,1.0,2.0,1.143754913904471
2,903,1.0,2.0,0.9567598327471132
2,904,1.0,2.0,0.7143651904273113
2,905,1.0,2.0,1.0926595786726585
2,906,1.0,2.0,0.7036262330565926
2,907,1.0,2.0,0.9690031911528447
2,908,1.0,2.0,0.9196834875365716
2,909,1.0,2.0,1.1644653817573807
2,910,1.0,2.0,0.16207710901734101
2,911,1.0,2.0,1.6822914097033441
2,912,1.0,2.0,0.6063665005052423
2,913,1.0,2.0,0.563495132916945
2,914,1.0,2.0,0.8183907676841974
2,915,1.0,2.0,1.0984808780498336
2,916,1.0,2.0,0.40634052035870516
2,917,1.0,2.0,1.1853998595782773
2,918,1.0,2.0,0.9993586882362432
2,919,1.0,2.0,0.4516269520915293
2,920,1.0,2.0,1.1320314343709703
2,921,1.0,2.0,0.7585475230141221
2,922,1.0,2.0,0.8981697323514231
2,923,1.0,2.0,0.728845294778388
2,924,1.0,2.0,1.4984001997527192
2,925,1.0,2.0,1.1073136300857196
2,926,1.0,2.0,1.1323090592578955
2,927,1.0,2.0,1.228975493145077
2,928,1.0,2.0,1.500553609045449
2,929,1.0,2.0,0.39639542284293416
2,930,1.0,2.0,0.7190964394326317
2,931,1.0,2.0,1.5186758540636964
2,932,1.0,2.0,0.5092222644749212
2,933,1.0,2.0,1.2448167449366458
2,934,1.0,2.0,1.6901461069582795
2,935,1.0,2.0,1.006561818599033
2,936,1.0,2.0,1.2654895321121575
2,937,1.0,2.0,0.3225258800699056
2,938,1.0,2.0,0.16853588877893885
2,939,1.0,2.0,1.3052919577015532
2,940,1.0,2.0,0.8294033765430493
2,941,1.0,2.0,0.7640164622517723
2,942,1.0,2.0,0.18005457792281204
2,943,1.0,2.0,1.4961679733955444
2,944,1.0,2.0,1.4063641601167114
2,945,1.0,2.0,0.25440597762042805
2,946,1.0,2.0,1.0838262430945114
2,947,1.0,2.0,1.2881547513178182
2,948,1.0,2.0,0.8657253185439907
2,949,1.0,2.0,1.4207035642679173
2,950,1.0,2.0,0.925604259977759
2,951,1.0,2.0,1.067221014100256
2,952,1.0,2.0,0.26798192804200743
2,953,1.0,2.0,1.2647672395221066
2,954,1.0,2.0,1.4012809278908476
2,955,1.0,2.0,1.554633470098717
2,956,1.0,2.0,1.2592351810384204
2,957,1.0,2.0,1.057651855541574
2,958,1.0,2.0,0.8941164955077829
2,959,1.0,2.0,0.4318407330503107
2,960,1.0,2.0,1.013640819266543
2,961,1.0,2.0,0.5092840911461849
2,962,1.0,2.0,0.8535740536267621
2,963,1.0,2.0,0.49748933409380275
2,964,1.0,2.0,0.7575766118917183
2,965,1.0,2.0,1.1023044635779757
2,966,1.0,2.0,0.6588937694371036
2,967,1.0,2.0,1.1370728326178425
2,968,1.0,2.0,0.37825907668000364
2,969,1.0,2.0,0.3604244176334457
2,970,1.0,2.0,1.722538164045645
2,971,1.0,2.0,0.5059495954012693
2,972,1.0,2.0,0.31774510687692914
2,973,1.0,2.0,0.19115530801418337
2,974,1.0,2.0,1.1823095231550997
2,975,1.0,2.0,1.7278010430996764
2,976,1.0,2.0,1.174023271779141
2,977,1.0,2.0,0.44783173204021004
2,978,1.0,2.0,1.0825172232976272
2,979,1.0,2.0,0.6264606686946446
2,980,1.0,2.0,0.9275301440914594
2,981,1.0,2.0,1.5485513826472803
2,982,1.0,2.0,1.3243037285726666
2,983,1.0,2.0,1.8231121399134116
2,984,1.0,2.0,0.5902614717053298
2,985,1.0,2.0,0.8522694541896605
2,986,1.0,2.0,1.1167950492259395
2,987,1.0,2.0,0.208906769730541
2,988,1.0,2.0,0.7657313133510286
2,989,1.0,2.0,1.2525765613849398
2,990,1.0,2.0,0.9606309776182725
2,991,1.0,2.0,1.266818910480686
2,992,1.0,2.0,0.6505735864823629
2,993,1.0,2.0,1.2690854585229916
2,994,1.0,2.0,0.4069196866762213
2,995,1.0,2.0,0.543092109398932
2,996,1.0,2.0,1.6058739853174127
2,997,1.0,2.0,1.0558700612361398
2,998,1.0,2.0,0.8359966346668106
2,999,1.0,2.0,1.0078083320588975
2,1000,1.0,2.0,1.4613768574149544
2,1001,1.0,2.0,1.3018941157557657
2,1002,1.0,2.0,1.1618873582061506
2,1003,1.0,2.0,1.2470760968770576
2,1004,1.0,2.0,1.3459088794881517
2,1005,1.0,2.0,0.6854006797520662
2,1006,1.0,2.0,0.9875425702875272
2,1007,1.0,2.0,1.8536784492537228
2,1008,1.0,2.0,0.6095496965697286
2,1009,1.0,2.0,0.3188006479314389
2,1010,1.0,2.0,0.4556626685231975
2,1011,1.0,2.0,1.5358576452744488
2,1012,1.0,2.0,0.8888809783860336
2,1013,1.0,2.0,0.6825312878823809
2,1014,1.0,2.0,0.4472129661985588
2,1015,1.0,2.0,0.46370999979037897
2,1016,1.0,2.0,1.0003096375880374
2,1017,1.0,2.0,1.2268514247180229
2,1018,1.0,2.0,1.341396820468366
2,1019,1.0,2.0,0.9915406658030264
2,1020,1.0,2.0,1.3313766679988182
2,1021,1.0,2.0,0.39549397439486245
2,1022,1.0,2.0,0.9135904113032054
2,1023,1.0,2.0,1.61302071324645
2,1024,1.0,2.0,1.5965228662259252
2,1025,1.0,2.0,1.2779649467523924
2,1026,1.0,2.0,0.1575837949591747
2,1027,1.0,2.0,1.0489383376805008
2,1028,1.0,2.0,1.5662324123192475
2,1029,1.0,2.0,1.3304906476289318
2,1030,1.0,2.0,0.33678008543211596
2,1031,1.0,2.0,1.6845063887520373
2,1032,1.0,2.0,1.5515322744969884
2,1033,1.0,2.0,1.841526616884035
2,1034,1.0,2.0,1.3634771812849342
2,1035,1.0,2.0,1.4067993653771818
2,1036,1.0,2.0,1.1985008964990929
2,1037,1.0,2.0,0.7225592798632909
2,1038,1.0,2.0,1.5995951888423703
2,1039,1.0,2.0,1.6675167643702604
2,1040,1.0,2.0,1.1140553954300874
2,1041,1.0,2.0,0.989690647795917
2,1042,1.0,2.0,0.8580968836621415
2,1043,1.0,2.0,1.0742450339164464
2,1044,1.0,2.0,1.0553992709456617
2,1045,1.0,2.0,0.7063470442777577
2,1046,1.0,2.0,1.2672118410505313
2,1047,1.0,2.0,0.6851938378269484
2,1048,1.0,2.0,1.5205502866688527
2,1049,1.0,2.0,1.627245450859303
2,1050,1.0,2.0,0.5780242073374927
2,1051,1.0,2.0,1.2221595711265336
2,1052,1.0,2.0,0.29233313654999704
2,1053,1.0,2.0,1.3928304954285506
2,1054,1.0,2.0,0.35803411258511414
2,1055,1.0,2.0,0.7854946400859126
2,1056,1.0,2.0,0.10708469718653581
2,1057,1.0,2.0,0.5650895991973709
2,1058,1.0,2.0,0.6365437804052142
2,1059,1.0,2.0,1.1355752504348215
2,1060,1.0,2.0,1.7635605323907821
2,1061,1.0,2.0,0.5324236258358465
2,1062,1.0,2.0,0.5106910589537809
2,1063,1.0,2.0,0.1765351140066822
2,1064,1.0,2.0,0.2845522752881796
2,1065,1.0,2.0,0.639873505476545
2,1066,1.0,2.0,1.4150061075352385
2,1067,1.0,2.0,0.36212761513046227
2,1068,1.0,2.0,1.0201082009999025
2,1069,1.0,2.0,0.11850303674411476
2,1070,1.0,2.0,0.8524607457903195
2,1071,1.0,2.0,1.2151115082243238
2,1072,1.0,2.0,0.6177106682885659
2,1073,1.0,2.0,1.3010447352856975
2,1074,1.0,2.0,0.06595737945407776
2,1075,1.0,2.0,0.8663803559111879
2,1076,1.0,2.0,1.108638338755234
2,1077,1.0,2.0,1.5684002855342059
2,1078,1.0,2.0,1.5338324613609773
2,1079,1.0,2.0,1.6584920764235132
2,1080,1.0,2.0,0.5424070116244747
2,1081,1.0,2.0,1.3157766607664727
2,1082,1.0,2.0,1.133176440583266
2,1083,1.0,2.0,0.9679983999874298
2,1084,1.0,2.0,1.898390539314277
2,1085,1.0,2.0,1.2201578578376828
2,1086,1.0,2.0,1.4105556761005105
2,1087,1.0,2.0,1.4066990235108197
2,1088,1.0,2.0,0.9009921467703818
2,1089,1.0,2.0,1.3126033946910454
2,1090,1.0,2.0,0.961497321475774
2,1091,1.0,2.0,0.31113662571403367
2,1092,1.0,2.0,0.803829260586451
2,1093,1.0,2.0,0.9974396912143658
2,1094,1.0,2.0,1.028292799840128
2,1095,1.0,2.0,0.5859804174781124
2,1096,1.0,2.0,0.9042102465659304
2,1097,1.0,2.0,0.9730748913182982
2,1098,1.0,2.0,1.4915729362146193
2,1099,1.0,2.0,0.6415037050134268
2,1100,1.0,2.0,0.9698066722330879
2,1101,1.0,2.0,1.2925581355984965
2,1102,1.0,2.0,0.6977623681027275
2,1103,1.0,2.0,0.529773527917522
2,1104,1.0,2.0,0.5212017374597123
2,1105,1.0,2.0,0.6502257795559251
2,1106,1.0,2.0,0.6306382245630873
2,1107,1.0,2.0,0.7061529351333901
2,1108,1.0,2.0,1.005981384546378
2,1109,1.0,2.0,1.4626976098120057
2,1110,1.0,2.0,1.6429847993037394
2,1111,1.0,2.0,1.2797108625094782
2,1112,1.0,2.0,0.37492801252124597
2,1113,1.0,2.0,0.7189072418374347
2,1114,1.0,2.0,1.146523156618986
2,1115,1.0,2.0,0.7033358577577676
2,1116,1.0,2.0,0.3237264292680155
2,1117,1.0,2.0,1.1681611728891648
2,1118,1.0,2.0,1.2708562514097719
2,1119,1.0,2.0,1.043041120217947
2,1120,1.0,2.0,1.5035059269338433
2,1121,1.0,2.0,1.389190189329726
2,1122,1.0,2.0,1.757010313011921
2,1123,1.0,2.0,1.2706477262912728
2,1124,1.0,2.0,0.8635138525467712
2,1125,1.0,2.0,0.33582461894249765
2,1126,1.0,2.0,0.7893227262706707
2,1127,1.0,2.0,0.7731713442685985
2,1128,1.0,2.0,0.26373542793420723
2,1129,1.0,2.0,1.0250822191211983
2,1130,1.0,2.0,1.4044952321289146
2,1131,1.0,2.0,1.4894299995826958
2,1132,1.0,2.0,0.28547337710116966
2,1133,1.0,2.0,1.1940181388088458
2,1134,1.0,2.0,1.334340435404806
2,1135,1.0,2.0,1.7136064164609273
2,1136,1.0,2.0,1.073442732732184
2,1137,1.0,2.0,1.3067561544661968
2,1138,1.0,2.0,0.27685024903805894
2,1139,1.0,2.0,1.3039601185500707
2,1140,1.0,2.0,0.5821302373267482
2,1141,1.0,2.0,0.35854188497624284
2,1142,1.0,2.0,1.366284324333713
2,1143,1.0,2.0,0.6816503257138067
2,1144,1.0,2.0,1.8522441305128998
2,1145,1.0,2.0,1.4767134085783176
2,1146,1.0,2.0,0.6074879995963767
2,1147,1.0,2.0,1.3874988678047677
2,1148,1.0,2.0,0.613840156492648
2,1149,1.0,2.0,1.5090097363634607
2,1150,1.0,2.0,1.4365832582409452
2,1151,1.0,2.0,0.3751812377891543
2,1152,1.0,2.0,1.1859537518718493
2,1153,1.0,2.0,0.9759329921317695
2,1154,1.0,2.0,0.6882496169296093
2,1155,1.0,2.0,1.8039089395592875
2,1156,1.0,2.0,0.8300503698106559
2,1157,1.0,2.0,0.9747159398646629
2,1158,1.0,2.0,0.5747170920796241
2,1159,1.0,2.0,0.35567899164358735
2,1160,1.0,2.0,1.2583342817473915
2,1161,1.0,2.0,1.1570899641814423
2,1162,1.0,2.0,1.333733912443188
2,1163,1.0,2.0,0.9387742807360666
2,1164,1.0,2.0,1.4432705431146136
2,1165,1.0,2.0,0.429258483242906
2,1166,1.0,2.0,0.8228103812308403
2,1167,1.0,2.0,1.1089194802996096
2,1168,1.0,2.0,0.7042961988152475
2,1169,1.0,2.0,0.2766810417456205
2,1170,1.0,2.0,1.5969079451420698
2,1171,1.0,2.0,1.5244720762142627
2,1172,1.0,2.0,1.5897725459435903
2,1173,1.0,2.0,0.7579714012138297
2,1174,1.0,2.0,0.48910828579560095
2,1175,1.0,2.0,1.0017508824539516
2,1176,1.0,2.0,1.5556321165632574
2,1177,1.0,2.0,1.3234033054582262
2,1178,1.0,2.0,1.5075059920778555
2,1179,1.0,2.0,0.8803191727099999
2,1180,1.0,2.0,0.8775434508902697
2,1181,1.0,2.0,1.2695690662877428
2,1182,1.0,2.0,1.3695162336519537
2,1183,1.0,2.0,1.2121412579202677
2,1184,1.0,2.0,1.5750079852827499
2,1185,1.0,2.0,1.0513201235149783
2,1186,1.0,2.0,0.6543957907496292
2,1187,1.0,2.0,1.252310332251287
2,1188,1.0,2.0,0.7037981257278795
2,1189,1.0,2.0,0.9019070632155373
2,1190,1.0,2.0,1.5222053498951966
2,1191,1.0,2.0,0.4207024814006574
2,1192,1.0,2.0,1.106248268706266
2,1193,1.0,2.0,1.5343659647856995
2,1194,1.0,2.0,0.10230068325407932
2,1195,1.0,2.0,1.4070595599098659
2,1196,1.0,2.0,0.6020578595893672
2,1197,1.0,2.0,1.1866470434503065
2,1198,1.0,2.0,0.17713957040167527
2,1199,1.0,2.0,0.6786382954490523
2,1200,1.0,2.0,0.8521484951435558
2,1201,1.0,2.0,1.456278960611007
2,1202,1.0,2.0,0.5637741876214023
2,1203,1.0,2.0,1.6466376848127602
2,1204,1.0,2.0,0.939542853508616
2,1205,1.0,2.0,1.636545780553246
2,1206,1.0,2.0,0.7122131266521626
2,1207,1.0,2.0,1.4110119996681787
2,1208,1.0,2.0,0.6892519733372376
2,1209,1.0,2.0,1.3007683991839791
2,1210,1.0,2.0,0.8964016366334575
2,1211,1.0,2.0,0.7334472536523362
2,1212,1.0,2.0,1.3998894066053165
2,1213,1.0,2.0,0.49410215953348663
2,1214,1.0,2.0,0.9255984292985383
2,1215,1.0,2.0,1.6512930579200127
2,1216,1.0,2.0,0.4339669086851534
2,1217,1.0,2.0,0.3811241841663814
2,1218,1.0,2.0,1.3561101200575025
2,1219,1.0,2.0,1.5034570832230547
2,1220,1.0,2.0,1.269237662110505
2,1221,1.0,2.0,1.4751116532783604
2,1222,1.0,2.0,1.5507499436510699
2,1223,1.0,2.0,1.698644949783681
2,1224,1.0,2.0,1.1804314862932273
2,1225,1.0,2.0,0.9438511378829167
2,1226,1.0,2.0,1.4946032869456953
2,1227,1.0,2.0,0.7372274087073113
2,1228,1.0,2.0,0.14917987197182003
2,1229,1.0,2.0,1.0593476711402938
2,1230,1.0,2.0,0.9257809502159248
2,1231,1.0,2.0,1.975983672240822
2,1232,1.0,2.0,1.3432496727506968
2,1233,1.0,2.0,1.070312561350326
2,1234,1.0,2.0,1.1093435142475794
2,1235,1.0,2.0,1.737260108598399
2,1236,1.0,2.0,1.5637415012970703
2,1237,1.0,2.0,1.04260445632683
2,1238,1.0,2.0,1.6444645048136404
2,1239,1.0,2.0,1.4226003367205857
2,1240,1.0,2.0,1.2569557082696665
2,1241,1.0,2.0,1.2827847818762539
2,1242,1.0,2.0,1.0433467100321099
2,1243,1.0,2.0,1.4821617960694864
2,1244,1.0,2.0,0.8730537459346304
2,1245,1.0,2.0,1.0422456427646543
2,1246,1.0,2.0,0.8937484067892618
2,1247,1.0,2.0,0.7042333251042272
2,1248,1.0,2.0,1.556159784486463
2,1249,1.0,2.0,0.8521616373626075
2,1250,1.0,2.0,1.499495216774196
2,1251,1.0,2.0,0.6938741140626169
2,1252,1.0,2.0,0.567074990087367
2,1253,1.0,2.0,0.9407338811036033
2,1254,1.0,2.0,1.427152095736128
2,1255,1.0,2.0,1.0572967318182513
2,1256,1.0,2.0,1.030156536083642
2,1257,1.0,2.0,1.241682819387204
2,1258,1.0,2.0,1.9095685885513007
2,1259,1.0,2.0,1.5567129293075443
2,1260,1.0,2.0,1.016561161282789
2,1261,1.0,2.0,0.8473861379013646
2,1262,1.0,2.0,1.3251296396367742
2,1263,1.0,2.0,0.894585950488311
2,1264,1.0,2.0,0.8367126663253142
2,1265,1.0,2.0,1.8497286259819712
2,1266,1.0,2.0,0.40853810506686616
2,1267,1.0,2.0,1.4750334315819407
2,1268,1.0,2.0,1.6803039948385916
2,1269,1.0,2.0,1.1673411688041515
2,1270,1.0,2.0,0.817665666547921
2,1271,1.0,2.0,1.5295244985304592
2,1272,1.0,2.0,1.2276506348490461
2,1273,1.0,2.0,1.1015640653775245
2,1274,1.0,2.0,1.0038618842739462
2,1275,1.0,2.0,1.4626246519431532
2,1276,1.0,2.0,0.604878281622315
2,1277,1.0,2.0,1.3834687920493691
2,1278,1.0,2.0,1.280769570258713
2,1279,1.0,2.0,1.320473055851265
2,1280,1.0,2.0,1.4335214347570577
2,1281,1.0,2.0,0.7639635740974693
2,1282,1.0,2.0,1.7615326195549847
2,1283,1.0,2.0,1.7645457558787565
2,1284,1.0,2.0,1.502889907595717
2,1285,1.0,2.0,1.514738982556907
2,1286,1.0,2.0,1.5282343598552877
2,1287,1.0,2.0,0.37829991171856997
2,1288,1.0,2.0,1.2061125374748722
2,1289,1.0,2.0,0.10589090024152603
2,1290,1.0,2.0,0.8446996311393881
2,1291,1.0,2.0,0.40485317286189615
2,1292,1.0,2.0,1.34925535939277
2,1293,1.0,2.0,0.7380465088367534
2,1294,1.0,2.0,1.4887842056125882
2,1295,1.0,2.0,1.4781344518249742
2,1296,1.0,2.0,1.4254725217056714
2,1297,1.0,2.0,0.26425325848250447
2,1298,1.0,2.0,0.9676562703715353
2,1299,1.0,2.0,0.7271560500945049
2,1300,1.0,2.0,1.0579555268459715
2,1301,1.0,2.0,0.5995084779304489
2,1302,1.0,2.0,0.9374633673072623
2,1303,1.0,2.0,0.1305295698021707
2,1304,1.0,2.0,1.114799519399707
2,1305,1.0,2.0,0.671944965469487
2,1306,1.0,2.0,0.449864770526013
2,1307,1.0,2.0,1.4722598956973356
2,1308,1.0,2.0,0.5966649896256608
2,1309,1.0,2.0,0.2659475866572969
2,1310,1.0,2.0,0.2194473034358041
2,1311,1.0,2.0,0.883908245988481
2,1312,1.0,2.0,0.6975879291243616
2,1313,1.0,2.0,0.5118901359885996
2,1314,1.0,2.0,0.8691335851083216
2,1315,1.0,2.0,1.20454063602438
2,1316,1.0,2.0,1.626684395830481
2,1317,1.0,2.0,0.7091007384018634
2,1318,1.0,2.0,1.259988868417051
2,1319,1.0,2.0,0.2894051323751141
2,1320,1.0,2.0,0.6346686744201453
2,1321,1.0,2.0,0.8338305790229863
2,1322,1.0,2.0,1.9213426423591686
2,1323,1.0,2.0,1.6291148887517537
2,1324,1.0,2.0,1.2326627992788866
2,1325,1.0,2.0,1.0507150067491298
2,1326,1.0,2.0,1.4857397037042406
2,1327,1.0,2.0,0.5845841107077124
2,1328,1.0,2.0,1.1698631836999707
2,1329,1.0,2.0,1.1981927297281083
2,1330,1.0,2.0,1.2040257148602387
2,1331,1.0,2.0,1.444428901314993
2,1332,1.0,2.0,0.6936529004354731
2,1333,1.0,2.0,0.8624395620108528
2,1334,1.0,2.0,1.1443311750616638
2,1335,1.0,2.0,0.9559337231187299
2,1336,1.0,2.0,1.086140910666686
2,1337,1.0,2.0,1.1839587246103886
2,1338,1.0,2.0,1.0147530051785916
2,1339,1.0,2.0,0.12166006915650922
2,1340,1.0,2.0,1.052215942972714
2,1341,1.0,2.0,1.8436310970223577
2,1342,1.0,2.0,0.46722228901265184
2,1343,1.0,2.0,0.41103655055137406
2,1344,1.0,2.0,1.7470109464601076
2,1345,1.0,2.0,1.0849368498225826
2,1346,1.0,2.0,0.0799270766870363
2,1347,1.0,2.0,1.7263964333983048
2,1348,1.0,2.0,0.8979155357067844
2,1349,1.0,2.0,1.4071664077921224
2,1350,1.0,2.0,1.3621295092391124
2,1351,1.0,2.0,1.3750581423298471
2,1352,1.0,2.0,0.911607845755242
2,1353,1.0,2.0,0.24703454067607977
2,1354,1.0,2.0,1.2553185368949604
2,1355,1.0,2.0,1.430107705922801
2,1356,1.0,2.0,0.5273217266135368
2,1357,1.0,2.0,0.596336228055276
2,1358,1.0,2.0,0.6794989836976187
2,1359,1.0,2.0,1.2807161092993757
2,1360,1.0,2.0,1.051453258915473
2,1361,1.0,2.0,1.1235053174761997
2,1362,1.0,2.0,0.9817479468245505
2,1363,1.0,2.0,0.9605146731325338
2,1364,1.0,2.0,0.5678683834693674
2,1365,1.0,2.0,1.1267694616321615
2,1366,1.0,2.0,0.7506404435174668
2,1367,1.0,2.0,0.15937834752188323
2,1368,1.0,2.0,1.6930576082977309
2,1369,1.0,2.0,0.7345248294607905
2,1370,1.0,2.0,0.8035898934539006
2,1371,1.0,2.0,1.8597912483799872
2,1372,1.0,2.0,0.4131372477653174
2,1373,1.0,2.0,1.1384360239610007
2,1374,1.0,2.0,0.9444828824219158
2,1375,1.0,2.0,1.023051496064205
2,1376,1.0,2.0,1.4326486996276246
2,1377,1.0,2.0,0.44101299122125737
2,1378,1.0,2.0,0.2778096243615601
2,1379,1.0,2.0,1.2440709292530057
2,1380,1.0,2.0,1.399765779731808
2,1381,1.0,2.0,1.050457964810449
2,1382,1.0,2.0,1.578999248876077
2,1383,1.0,2.0,0.9927472015185287
2,1384,1.0,2.0,1.1107842424275187
2,1385,1.0,2.0,0.39257716721524055
2,1386,1.0,2.0,0.8846599748123034
2,1387,1.0,2.0,1.4347374093910008
2,1388,1.0,2.0,1.6751824816013379
2,1389,1.0,2.0,0.7499780799012283
2,1390,1.0,2.0,1.247759509310419
2,1391,1.0,2.0,0.40982248098070634
2,1392,1.0,2.0,0.574003950067506
2,1393,1.0,2.0,0.6232817005119443
2,1394,1.0,2.0,1.769306610831715
2,1395,1.0,2.0,0.8378528141858964
2,1396,1.0,2.0,1.20641326876056
2,1397,1.0,2.0,1.4856909881850067
2,1398,1.0,2.0,1.1397514513121814
2,1399,1.0,2.0,0.43656017834186395
2,1400,1.0,2.0,1.0874991816398263
2,1401,1.0,2.0,0.281687473219916
2,1402,1.0,2.0,1.2056078919497069
2,1403,1.0,2.0,1.0461017623875977
2,1404,1.0,2.0,0.20739684477633935
2,1405,1.0,2.0,0.6271454095346248
2,1406,1.0,2.0,1.6816401317951646
2,1407,1.0,2.0,0.9371617614902096
2,1408,1.0,2.0,0.803476406369465
2,1409,1.0,2.0,0.7368399633919375
2,1410,1.0,2.0,0.7094105015069463
2,1411,1.0,2.0,1.1524080611839649
2,1412,1.0,2.0,0.6880614892763903
2,1413,1.0,2.0,0.5289769154417934
2,1414,1.0,2.0,0.2923760626368452
2,1415,1.0,2.0,1.3407060599231175
2,1416,1.0,2.0,0.8594123621913198
2,1417,1.0,2.0,0.5574193235277822
2,1418,1.0,2.0,0.6649386092651789
2,1419,1.0,2.0,0.8549724598692705
2,1420,1.0,2.0,0.4147105926157397
2,1421,1.0,2.0,0.43627147506494757
2,1422,1.0,2.0,0.982904074500056
2,1423,1.0,2.0,1.403898096456793
2,1424,1.0,2.0,0.3108088961269033
2,1425,1.0,2.0,1.4789755059594847
2,1426,1.0,2.0,0.7304621717981734
2,1427,1.0,2.0,0.6789633707430427
2,1428,1.0,2.0,1.569095430026723
2,1429,1.0,2.0,0.957164862259666
2,1430,1.0,2.0,0.9739054727020603
2,1431,1.0,2.0,1.1804067916937453
2,1432,1.0,2.0,1.647107813822666
2,1433,1.0,2.0,1.1985664841734252
2,1434,1.0,2.0,0.5317647549854275
2,1435,1.0,2.0,1.5581687973034501
2,1436,1.0,2.0,1.0081646796850536
2,1437,1.0,2.0,0.7826568081672403
2,1438,1.0,2.0,0.9634147503989055
2,1439,1.0,2.0,1.291000678858834
2,1440,1.0,2.0,1.3351044649426758
2,1441,1.0,2.0,1.2817600571994248
2,1442,1.0,2.0,1.0798348333556425
2,1443,1.0,2.0,0.3600321738520489
2,1444,1.0,2.0,1.4823646274164957
2,1445,1.0,2.0,0.9298882161935508
2,1446,1.0,2.0,1.0350552381212568
2,1447,1.0,2.0,1.0616683571811536
2,1448,1.0,2.0,1.1419269172125797
2,1449,1.0,2.0,1.0258320441824966
2,1450,1.0,2.0,1.1482056165434702
2,1451,1.0,2.0,0.6964265396108223
2,1452,1.0,2.0,1.5118243544012397
2,1453,1.0,2.0,0.610615428993317
2,1454,1.0,2.0,0.9370158032137289
2,1455,1.0,2.0,1.1193439516590744
2,1456,1.0,2.0,0.8170693098309062
2,1457,1.0,2.0,0.7076691814647321
2,1458,1.0,2.0,0.5673342709589332
2,1459,1.0,2.0,1.3753647516149343
2,1460,1.0,2.0,0.4176694321080234
2,1461,1.0,2.0,0.7982371900883529
2,1462,1.0,2.0,0.6667550423371716
2,1463,1.0,2.0,1.3851386888674229
2,1464,1.0,2.0,0.7486362891180544
2,1465,1.0,2.0,0.2682060986678386
2,1466,1.0,2.0,1.3934222541398822
2,1467,1.0,2.0,0.41804339147433195
2,1468,1.0,2.0,1.090979019154856
2,1469,1.0,2.0,0.13197225052614134
2,1470,1.0,2.0,0.7963584661675359
2,1471,1.0,2.0,0.63627956072544
2,1472,1.0,2.0,1.0375576373006123
2,1473,1.0,2.0,0.8658024870488208
2,1474,1.0,2.0,0.951003866206838
2,1475,1.0,2.0,1.692784663253195
2,1476,1.0,2.0,0.8663050415387341
2,1477,1.0,2.0,1.8078887194532751
2,1478,1.0,2.0,0.7749642256234777
2,1479,1.0,2.0,0.3622115099827714
2,1480,1.0,2.0,0.11734152471918954
2,1481,1.0,2.0,0.25178813652096516
2,1482,1.0,2.0,1.06305940946027
2,1483,1.0,2.0,1.0483427746509784
2,1484,1.0,2.0,1.2202937125788313
2,1485,1.0,2.0,1.149037697996086
2,1486,1.0,2.0,0.6128644590324063
2,1487,1.0,2.0,1.4709512597556809
2,1488,1.0,2.0,0.9691884645227803
2,1489,1.0,2.0,0.29808717627976145
2,1490,1.0,2.0,1.0877960175700498
2,1491,1.0,2.0,0.883057523065323
2,1492,1.0,2.0,1.1915551493176637
2,1493,1.0,2.0,0.8491249954231035
2,1494,1.0,2.0,1.6161465831808612
2,1495,1.0,2.0,0.7439984001402249
2,1496,1.0,2.0,1.70069552144761
2,1497,1.0,2.0,0.7352374438010022
2,1498,1.0,2.0,0.6060884470447471
2,1499,1.0,2.0,1.6511551379501292
2,1500,1.0,2.0,0.6484698726583282
2,1501,1.0,2.0,0.358945131554866
2,1502,1.0,2.0,1.2736132830171005
2,1503,1.0,2.0,1.301810528932461
2,1504,1.0,2.0,1.8601032557037052
2,1505,1.0,2.0,0.9457037836898053
2,1506,1.0,2.0,1.6141481408086376
2,1507,1.0,2.0,1.5657221523666416
2,1508,1.0,2.0,0.7555118507946871
2,1509,1.0,2.0,1.1787654369021796
2,1510,1.0,2.0,0.7795973311469825
2,1511,1.0,2.0,1.2634677777255914
2,1512,1.0,2.0,0.35821549136913416
2,1513,1.0,2.0,1.091855926461113
2,1514,1.0,2.0,1.35068304610855
2,1515,1.0,2.0,0.9189174490341838
2,1516,1.0,2.0,1.2738225248159796
2,1517,1.0,2.0,1.5895492524907662
2,1518,1.0,2.0,0.8010287644221237
2,1519,1.0,2.0,0.6732622057905648
2,1520,1.0,2.0,0.7871172541027381
2,1521,1.0,2.0,1.412692620525576
2,1522,1.0,2.0,1.2027453114029911
2,1523,1.0,2.0,1.3479140324665253
2,1524,1.0,2.0,0.5600085337553279
2,1525,1.0,2.0,1.5044842120961799
2,1526,1.0,2.0,0.3337080547253644
2,1527,1.0,2.0,0.378393598535169
2,1528,1.0,2.0,0.4248584056075509
2,1529,1.0,2.0,0.6748416681789723
2,1530,1.0,2.0,0.6248331272761758
2,1531,1.0,2.0,0.20276925051458985
2,1532,1.0,2.0,1.1301819841219665
2,1533,1.0,2.0,0.4825343048194165
2,1534,1.0,2.0,1.0235797585543533
2,1535,1.0,2.0,1.5885221381167736
2,1536,1.0,2.0,1.2195800583481833
2,1537,1.0,2.0,0.9710731399259801
2,1538,1.0,2.0,1.0191085706086236
2,1539,1.0,2.0,1.5237263048048095
2,1540,1.0,2.0,0.11403320753167363
2,1541,1.0,2.0,0.6844348869845955
2,1542,1.0,2.0,0.5664147550969937
2,1543,1.0,2.0,1.7196627835673395
2,1544,1.0,2.0,1.4372718033734064
2,1545,1.0,2.0,0.6093231400633927
2,1546,1.0,2.0,0.5640968159791416
2,1547,1.0,2.0,1.043945547801791
2,1548,1.0,2.0,1.1079556855218202
2,1549,1.0,2.0,0.9142231491500117
2,1550,1.0,2.0,1.2169298625953768
2,1551,1.0,2.0,0.9011943414775746
2,1552,1.0,2.0,1.3274504711433186
2,1553,1.0,2.0,0.5046758944942815
2,1554,1.0,2.0,0.6785223506015864
2,1555,1.0,2.0,0.8655818455220274
2,1556,1.0,2.0,1.5921798721811349
2,1557,1.0,2.0,0.5311022008893501
2,1558,1.0,2.0,1.6049378865185786
2,1559,1.0,2.0,1.7702458781619568
2,1560,1.0,2.0,0.8421551109071096
2,1561,1.0,2.0,1.4788857811046359
2,1562,1.0,2.0,1.3499747331886152
2,1563,1.0,2.0,1.0157384606030746
2,1564,1.0,2.0,0.526160866038926
2,1565,1.0,2.0,1.117103103572457
2,1566,1.0,2.0,0.7264870698436207
2,1567,1.0,2.0,0.4269307572830832
2,1568,1.0,2.0,0.984360592948222
2,1569,1.0,2.0,1.3439093719793946
2,1570,1.0,2.0,1.253176269016186
2,1571,1.0,2.0,1.2706020622420222
2,1572,1.0,2.0,0.9426380612440591
2,1573,1.0,2.0,1.1839027909454733
2,1574,1.0,2.0,0.19894278436403987
2,1575,1.0,2.0,0.5233583700202736
2,1576,1.0,2.0,1.4115159243710678
2,1577,1.0,2.0,1.3269817355571702
2,1578,1.0,2.0,0.6962691114458275
2,1579,1.0,2.0,1.1261922605882906
2,1580,1.0,2.0,1.0932405910908565
2,1581,1.0,2.0,0.5599459912152873
2,1582,1.0,2.0,1.2412303416488135
2,1583,1.0,2.0,1.1782486016333849
2,1584,1.0,2.0,0.646432631710675
2,1585,1.0,2.0,1.5940062158141708
2,1586,1.0,2.0,0.7008694913733015
2,1587,1.0,2.0,1.806565178243293
2,1588,1.0,2.0,1.8590994020043936
2,1589,1.0,2.0,0.3450759083338235
2,1590,1.0,2.0,1.5661319738305137
2,1591,1.0,2.0,0.3900797004853843
2,1592,1.0,2.0,0.9807751860553159
2,1593,1.0,2.0,0.9092123401712915
2,1594,1.0,2.0,0.45335138033044703
2,1595,1.0,2.0,1.2904414512900941
2,1596,1.0,2.0,0.5231453691174317
2,1597,1.0,2.0,1.6915994498943239
2,1598,1.0,2.0,0.71336020539369
2,1599,1.0,2.0,0.48944391452511377
2,1600,1.0,2.0,0.393583257035355
2,1601,1.0,2.0,0.8033292146960286
2,1602,1.0,2.0,1.020013838818392
2,1603,1.0,2.0,0.8765576675804334
2,1604,1.0,2.0,1.0838972303129715
2,1605,1.0,2.0,1.0142354789558614
2,1606,1.0,2.0,0.18884359892727867
2,1607,1.0,2.0,1.0761508940241873
2,1608,1.0,2.0,0.7324518769045169
2,1609,1.0,2.0,0.6719771646137399
2,1610,1.0,2.0,1.319158386725129
2,1611,1.0,2.0,1.8372454959464746
2,1612,1.0,2.0,0.5080685315946174
2,1613,1.0,2.0,1.2590317411732026
2,1614,1.0,2.0,1.370774585819579
2,1615,1.0,2.0,0.837411115293541
2,1616,1.0,2.0,1.2687632758535416
2,1617,1.0,2.0,1.5321201430587545
2,1618,1.0,2.0,0.9472920021313354
2,1619,1.0,2.0,0.9692817354872668
2,1620,1.0,2.0,1.276659832006491
2,1621,1.0,2.0,0.7145901076556056
2,1622,1.0,2.0,0.9938330700259063
2,1623,1.0,2.0,1.4030302597455466
2,1624,1.0,2.0,0.8217705766831298
2,1625,1.0,2.0,1.2942812703766773
2,1626,1.0,2.0,0.8412528831913689
2,1627,1.0,2.0,1.5790905617754794
2,1628,1.0,2.0,0.2486549557756911
2,1629,1.0,2.0,0.3748119591175452
2,1630,1.0,2.0,1.3492467813323663
2,1631,1.0,2.0,1.7713255175176397
2,1632,1.0,2.0,1.4720412870378303
2,1633,1.0,2.0,0.6164473761068999
2,1634,1.0,2.0,1.4080022120229359
2,1635,1.0,2.0,1.4597761047431517
2,1636,1.0,2.0,0.8518918286011166
2,1637,1.0,2.0,1.476363568628697
2,1638,1.0,2.0,1.114560289862385
2,1639,1.0,2.0,1.5539268636232713
2,1640,1.0,2.0,0.9476309553293573
2,1641,1.0,2.0,1.1233877578850966
2,1642,1.0,2.0,1.489380585343238
2,1643,1.0,2.0,1.3115096893664457
2,1644,1.0,2.0,0.9852992012149581
2,1645,1.0,2.0,0.7415864942062409
2,1646,1.0,2.0,0.11915596388748506
2,1647,1.0,2.0,0.7522680292298914
2,1648,1.0,2.0,1.0021603954012168
2,1649,1.0,2.0,1.571265249272107
2,1650,1.0,2.0,1.0690230336669253
2,1651,1.0,2.0,0.6722316376867191
2,1652,1.0,2.0,1.7965272111953048
2,1653,1.0,2.0,1.465726835843634
2,1654,1.0,2.0,1.257727184420622
2,1655,1.0,2.0,0.5794289101704347
2,1656,1.0,2.0,0.21510498165661324
2,1657,1.0,2.0,0.9304241688051681
2,1658,1.0,2.0,0.8156540218998177
2,1659,1.0,2.0,0.916659801161036
2,1660,1.0,2.0,1.7333927891082435
2,1661,1.0,2.0,0.5707832308859305
2,1662,1.0,2.0,1.0197029977861893
2,1663,1.0,2.0,1.7106346515206547
2,1664,1.0,2.0,1.1015365461263755
2,1665,1.0,2.0,0.8910831490617334
2,1666,1.0,2.0,0.7384507567065246
2,1667,1.0,2.0,1.4237799479243325
2,1668,1.0,2.0,1.6329999187170472
2,1669,1.0,2.0,0.46806712015801927
2,1670,1.0,2.0,1.1783007863934793
2,1671,1.0,2.0,0.804031643711785
2,1672,1.0,2.0,0.5431547564839336
2,1673,1.0,2.0,0.7261819879851732
2,1674,1.0,2.0,1.293564948148252
2,1675,1.0,2.0,0.6866302259982896
2,1676,1.0,2.0,0.26293732185770474
2,1677,1.0,2.0,0.6120983290147661
2,1678,1.0,2.0,0.27093566151617515
2,1679,1.0,2.0,0.4441232836280618
2,1680,1.0,2.0,1.1236320002951388
2,1681,1.0,2.0,1.605841702763359
2,1682,1.0,2.0,0.6223956717806862
2,1683,1.0,2.0,0.7594453035383186
2,1684,1.0,2.0,0.6304641344347477
2,1685,1.0,2.0,1.0101835840749387
2,1686,1.0,2.0,1.044682984684063
2,1687,1.0,2.0,1.2321823487438097
2,1688,1.0,2.0,0.9370973737062906
2,1689,1.0,2.0,0.4706202002933338
2,1690,1.0,2.0,1.1811028518841256
2,1691,1.0,2.0,0.41316736260269527
2,1692,1.0,2.0,1.1482022348341765
2,1693,1.0,2.0,0.28071263841325256
2,1694,1.0,2.0,0.83393913592952
2,1695,1.0,2.0,0.7386220743696303
2,1696,1.0,2.0,1.141679057023098
2,1697,1.0,2.0,0.8020608557165838
2,1698,1.0,2.0,0.9283452735753341
2,1699,1.0,2.0,1.0574753777429
2,1700,1.0,2.0,1.4255237429019516
2,1701,1.0,2.0,0.08920253402926921
2,1702,1.0,2.0,0.7199367755002226
2,1703,1.0,2.0,1.106100503166304
2,1704,1.0,2.0,0.3560976676167347
2,1705,1.0,2.0,1.1080592036041725
2,1706,1.0,2.0,0.2089514743945211
2,1707,1.0,2.0,1.0391016454616069
2,1708,1.0,2.0,0.5944523825340547
2,1709,1.0,2.0,1.0759793795363208
2,1710,1.0,2.0,1.4411340485595314
2,1711,1.0,2.0,0.937210463832113
2,1712,1.0,2.0,0.656161927488747
2,1713,1.0,2.0,1.5781654568287158
2,1714,1.0,2.0,1.3467129387101848
2,1715,1.0,2.0,0.6024404354492429
2,1716,1.0,2.0,0.9430737341879886
2,1717,1.0,2.0,1.2828779368805914
2,1718,1.0,2.0,1.6357225860695916
2,1719,1.0,2.0,1.297506721426584
2,1720,1.0,2.0,1.0004505698302646
2,1721,1.0,2.0,0.5022443233577109
2,1722,1.0,2.0,1.1719353251904008
2,1723,1.0,2.0,1.0671971288156796
2,1724,1.0,2.0,1.4575452371744573
2,1725,1.0,2.0,0.4344326736385986
2,1726,1.0,2.0,0.2239585612562328
2,1727,1.0,2.0,1.2071736835627653
2,1728,1.0,2.0,1.3702003858434062
2,1729,1.0,2.0,0.46877036723500737
2,1730,1.0,2.0,0.6319871842392588
2,1731,1.0,2.0,0.6093488710067799
2,1732,1.0,2.0,1.0658715465035167
2,1733,1.0,2.0,0.4862395631959069
2,1734,1.0,2.0,1.1668148891163683
2,1735,1.0,2.0,1.289676064478836
2,1736,1.0,2.0,0.8395930511471463
2,1737,1.0,2.0,1.054958789915545
2,1738,1.0,2.0,1.5160244543919354
2,1739,1.0,2.0,0.41914579099284194
2,1740,1.0,2.0,0.6298189758347326
2,1741,1.0,2.0,1.0885347893732036
2,1742,1.0,2.0,1.1196271011489372
2,1743,1.0,2.0,0.7083522034567457
2,1744,1.0,2.0,1.0612632944437714
2,1745,1.0,2.0,1.6669717313190104
2,1746,1.0,2.0,1.5413679027619132
2,1747,1.0,2.0,0.2611361812880626
2,1748,1.0,2.0,1.0553040295862126
2,1749,1.0,2.0,0.8139863524099595
2,1750,1.0,2.0,0.3812939795799602
2,1751,1.0,2.0,1.481530914311902
2,1752,1.0,2.0,0.700184577866701
2,1753,1.0,2.0,1.6916645859599826
2,1754,1.0,2.0,1.1340264594021248
2,1755,1.0,2.0,1.0449640337544828
2,1756,1.0,2.0,0.8784361797716642
2,1757,1.0,2.0,0.5074995104798377
2,1758,1.0,2.0,0.6681107117975832
2,1759,1.0,2.0,0.14324895622632866
2,1760,1.0,2.0,0.24958489295471267
2,1761,1.0,2.0,0.743830011536786
2,1762,1.0,2.0,1.5002589323692033
2,1763,1.0,2.0,0.4965407901603245
2,1764,1.0,2.0,0.8464471783427879
2,1765,1.0,2.0,1.7215734201844293
2,1766,1.0,2.0,0.07596291575543636
2,1767,1.0,2.0,0.9217365124868261
2,1768,1.0,2.0,1.5383077934609735
2,1769,1.0,2.0,1.0481234859351494
2,1770,1.0,2.0,1.7785255924247543
2,1771,1.0,2.0,1.1296547785393736
2,1772,1.0,2.0,0.5065279711063126
2,1773,1.0,2.0,1.1661571713650831
2,1774,1.0,2.0,1.4849379685929958
2,1775,1.0,2.0,0.5508644286463403
2,1776,1.0,2.0,0.6070057818306449
2,1777,1.0,2.0,0.5075540994256627
2,1778,1.0,2.0,0.8333777216855748
2,1779,1.0,2.0,1.6015623726329529
2,1780,1.0,2.0,1.616101550009538
2,1781,1.0,2.0,0.6357320200698452
2,1782,1.0,2.0,0.7112409063730482
2,1783,1.0,2.0,0.6208205923759705
2,1784,1.0,2.0,0.3200391983673829
2,1785,1.0,2.0,1.7563012117860382
2,1786,1.0,2.0,1.2362453503021484
2,1787,1.0,2.0,0.8924012094886556
2,1788,1.0,2.0,0.7302332377170717
2,1789,1.0,2.0,0.7207978413441606
2,1790,1.0,2.0,1.118796275985316
2,1791,1.0,2.0,0.53867037841449
2,1792,1.0,2.0,1.406666247531402
2,1793,1.0,2.0,1.1905044706597643
2,1794,1.0,2.0,1.4881326401622963
2,1795,1.0,2.0,0.48990811825849384
2,1796,1.0,2.0,1.6970484457258155
2,1797,1.0,2.0,0.6170634662406724
2,1798,1.0,2.0,1.0655906465178462
2,1799,1.0,2.0,0.5929306089614651
2,1800,1.0,2.0,1.1069120427140238
2,1801,1.0,2.0,0.6453703782374711
2,1802,1.0,2.0,0.10507436630299656
2,1803,1.0,2.0,0.7298006494768515
2,1804,1.0,2.0,0.8856980959055375
2,1805,1.0,2.0,1.6258992079861998
2,1806,1.0,2.0,0.497908246712687
2,1807,1.0,2.0,0.9975907407438787
2,1808,1.0,2.0,0.729043986561862
2,1809,1.0,2.0,0.8577487724804405
2,1810,1.0,2.0,1.0789209722678157
2,1811,1.0,2.0,1.3027060904815255
2,1812,1.0,2.0,1.1753350878328281
2,1813,1.0,2.0,0.6252311931440734
2,1814,1.0,2.0,0.523486093756098
2,1815,1.0,2.0,0.5998605593256173
2,1816,1.0,2.0,1.1992507407683326
2,1817,1.0,2.0,1.3829904516016511
2,1818,1.0,2.0,1.0507381403490486
2,1819,1.0,2.0,1.141502279860319
2,1820,1.0,2.0,1.607102979800469
2,1821,1.0,2.0,0.3372561069879282
2,1822,1.0,2.0,1.6443021013960673
2,1823,1.0,2.0,0.6242594699536916
2,1824,1.0,2.0,1.389364064927511
2,1825,1.0,2.0,0.4932734876037249
2,1826,1.0,2.0,0.5160933490889179
2,1827,1.0,2.0,1.3861374633080368
2,1828,1.0,2.0,0.8459137746918586
2,1829,1.0,2.0,1.8819105665637819
2,1830,1.0,2.0,0.6443888938145161
2,1831,1.0,2.0,0.5826666844740642
2,1832,1.0,2.0,0.8090636073345693
2,1833,1.0,2.0,1.3149389453680267
2,1834,1.0,2.0,0.721853760114682
2,1835,1.0,2.0,0.2918015835254875
2,1836,1.0,2.0,1.739441893917381
2,1837,1.0,2.0,1.155930629072169
2,1838,1.0,2.0,0.4773677768680143
2,1839,1.0,2.0,0.855673486560173
2,1840,1.0,2.0,0.8121270718966657
2,1841,1.0,2.0,0.4577720758492016
2,1842,1.0,2.0,1.2056127929791378
2,1843,1.0,2.0,1.186366237040651
2,1844,1.0,2.0,1.6788645051285307
2,1845,1.0,2.0,1.0631755406601422
2,1846,1.0,2.0,0.878824979155244
2,1847,1.0,2.0,0.7745660224548054
2,1848,1.0,2.0,1.4822517752285393
2,1849,1.0,2.0,0.9456858281434068
2,1850,1.0,2.0,0.7099593280243093
2,1851,1.0,2.0,1.73029869501971
2,1852,1.0,2.0,0.3184617240143498
2,1853,1.0,2.0,1.6992836094531594
2,1854,1.0,2.0,0.04957673823113559
2,1855,1.0,2.0,1.3513897753650745
2,1856,1.0,2.0,0.6669361718778958
2,1857,1.0,2.0,0.8547549598976656
2,1858,1.0,2.0,0.7549359213389266
2,1859,1.0,2.0,1.345525513707341
2,1860,1.0,2.0,1.0229535225093631
2,1861,1.0,2.0,1.0390645273601586
2,1862,1.0,2.0,0.22370436313737296
2,1863,1.0,2.0,1.2291596556428779
2,1864,1.0,2.0,1.0921961575253474
2,1865,1.0,2.0,0.28513063682127104
2,1866,1.0,2.0,0.7348809092157266
2,1867,1.0,2.0,1.5325424655642215
2,1868,1.0,2.0,0.8324184346607012
2,1869,1.0,2.0,1.2145114020763876
2,1870,1.0,2.0,1.3782478779075134
2,1871,1.0,2.0,1.7342787628340988
2,1872,1.0,2.0,0.6521124563680395
2,1873,1.0,2.0,0.5743494581677125
2,1874,1.0,2.0,0.6823901422636693
2,1875,1.0,2.0,1.5195513956607807
2,1876,1.0,2.0,1.403257769012146
2,1877,1.0,2.0,0.7646853672147025
2,1878,1.0,2.0,0.5583295124033782
2,1879,1.0,2.0,0.5324275466048716
2,1880,1.0,2.0,0.6595339073833635
2,1881,1.0,2.0,1.6455281486335085
2,1882,1.0,2.0,0.8562480692938639
2,1883,1.0,2.0,1.3081383615962126
2,1884,1.0,2.0,1.5194763927409167
2,1885,1.0,2.0,0.3778176270130783
2,1886,1.0,2.0,0.7563283456096798
2,1887,1.0,2.0,0.7612525624935762
2,1888,1.0,2.0,1.2823548880610303
2,1889,1.0,2.0,1.0143598371460647
2,1890,1.0,2.0,0.9237867333647037
2,1891,1.0,2.0,0.5517796899796361
2,1892,1.0,2.0,1.4247575293342827
2,1893,1.0,2.0,1.4300643954821723
2,1894,1.0,2.0,1.7790542587668052
2,1895,1.0,2.0,0.4715272646307544
2,1896,1.0,2.0,0.9203066897932822
2,1897,1.0,2.0,1.1905122137894506
2,1898,1.0,2.0,1.2401912589186095
2,1899,1.0,2.0,0.5785544000940467
2,1900,1.0,2.0,1.7398170461207183
2,1901,1.0,2.0,1.31619600477941
2,1902,1.0,2.0,0.8306539165167267
2,1903,1.0,2.0,0.6769408991767812
2,1904,1.0,2.0,0.5268021958434218
2,1905,1.0,2.0,1.066144174173906
2,1906,1.0,2.0,1.1198119451543518
2,1907,1.0,2.0,0.3742215498013137
2,1908,1.0,2.0,0.6643296784802215
2,1909,1.0,2.0,0.552549590322254
2,1910,1.0,2.0,1.5607727840462455
2,1911,1.0,2.0,1.8293101366962838
2,1912,1.0,2.0,0.9560136820138153
2,1913,1.0,2.0,1.508744738241839
2,1914,1.0,2.0,0.698096200366401
2,1915,1.0,2.0,1.5230513578283156
2,1916,1.0,2.0,0.9980527197797865
2,1917,1.0,2.0,0.2215380984465579
2,1918,1.0,2.0,0.6968858577360755
2,1919,1.0,2.0,0.7043237875778791
2,1920,1.0,2.0,1.27208151036651
2,1921,1.0,2.0,0.562928191526585
2,1922,1.0,2.0,0.30772774506670075
2,1923,1.0,2.0,1.1077167171485978
2,1924,1.0,2.0,1.3924088598206192
2,1925,1.0,2.0,0.68200782050703
2,1926,1.0,2.0,1.4995371255536507
2,1927,1.0,2.0,0.1105155069885667
2,1928,1.0,2.0,1.075608591196394
2,1929,1.0,2.0,0.26576895110880955
2,1930,1.0,2.0,1.3862608081336205
2,1931,1.0,2.0,0.4782873311638735
2,1932,1.0,2.0,0.33304045676429644
2,1933,1.0,2.0,0.40867932542510216
2,1934,1.0,2.0,1.4086377385696864
2,1935,1.0,2.0,0.14784676782086908
2,1936,1.0,2.0,0.5323728042816518
2,1937,1.0,2.0,0.5765202867729984
2,1938,1.0,2.0,1.5289914839248875
2,1939,1.0,2.0,0.8260691714886507
2,1940,1.0,2.0,1.49686513756984
2,1941,1.0,2.0,0.1133365053463084
2,1942,1.0,2.0,1.7097127797732397
2,1943,1.0,2.0,0.6253877373155634
2,1944,1.0,2.0,1.7622463337945238
2,1945,1.0,2.0,0.79761451653179
2,1946,1.0,2.0,1.1912213626703583
2,1947,1.0,2.0,0.9359226309395556
2,1948,1.0,2.0,0.8711863967491215
2,1949,1.0,2.0,1.10980421876059
2,1950,1.0,2.0,1.1362628059910862
2,1951,1.0,2.0,0.7869664264790168
2,1952,1.0,2.0,1.0597724682802587
2,1953,1.0,2.0,0.8577933920447599
2,1954,1.0,2.0,1.2083247031208044
2,1955,1.0,2.0,0.22456573355275028
2,1956,1.0,2.0,1.2226574140067399
2,1957,1.0,2.0,0.9813210965257874
2,1958,1.0,2.0,0.22150011094769265
2,1959,1.0,2.0,1.097686080955666
2,1960,1.0,2.0,1.5335037552556743
2,1961,1.0,2.0,0.7253455693297242
2,1962,1.0,2.0,1.2178866887930688
2,1963,1.0,2.0,1.169038397692054
2,1964,1.0,2.0,1.8079793602753718
2,1965,1.0,2.0,0.6544835338646576
2,1966,1.0,2.0,1.3674725820085234
2,1967,1.0,2.0,0.5764342291494662
2,1968,1.0,2.0,1.8086726304102114
2,1969,1.0,2.0,1.072118700264626
2,1970,1.0,2.0,0.4623656306593631
2,1971,1.0,2.0,0.8003027844481256
2,1972,1.0,2.0,0.7263232197807202
2,1973,1.0,2.0,0.827574140126897
2,1974,1.0,2.0,1.0749940772575814
2,1975,1.0,2.0,1.3475578663874928
2,1976,1.0,2.0,1.2973747331705063
2,1977,1.0,2.0,1.0300816055802948
2,1978,1.0,2.0,1.3322552119120636
2,1979,1.0,2.0,0.23152064485082666
2,1980,1.0,2.0,0.5368402182059256
2,1981,1.0,2.0,0.6802051069845072
2,1982,1.0,2.0,1.5754040291497613
2,1983,1.0,2.0,0.3170886437411579
2,1984,1.0,2.0,1.3827839955132348
2,1985,1.0,2.0,0.7411920677172495
2,1986,1.0,2.0,1.520757860730832
2,1987,1.0,2.0,0.642430337237436
2,1988,1.0,2.0,0.9434491399442394
2,1989,1.0,2.0,0.3177069795606346
2,1990,1.0,2.0,1.0419432180850472
2,1991,1.0,2.0,1.003674960900443
2,1992,1.0,2.0,1.4399848049082178
2,1993,1.0,2.0,0.5133121391181068
2,1994,1.0,2.0,1.5134039083858684
2,1995,1.0,2.0,0.6676712744271538
2,1996,1.0,2.0,0.5000426884313895
2,1997,1.0,2.0,0.7170318363864492
2,1998,1.0,2.0,1.061588236175726
2,1999,1.0,2.0,0.9374234331182868
2,2000,1.0,2.0,1.3337827413542553
2,2001,1.0,2.0,0.46605984625642743
2,2002,1.0,2.0,1.1976207848478218
2,2003,1.0,2.0,0.3515029902119833
2,2004,1.0,2.0,0.9924497391446525
2,2005,1.0,2.0,0.9136397500859921
2,2006,1.0,2.0,1.366883278780338
2,2007,1.0,2.0,0.9723064676632788
2,2008,1.0,2.0,0.8306747846585188
2,2009,1.0,2.0,1.464247522003602
2,2010,1.0,2.0,1.0279788324888632
2,2011,1.0,2.0,0.7788275862346493
2,2012,1.0,2.0,0.0892830939033218
2,2013,1.0,2.0,0.6246758385852045
2,2014,1.0,2.0,1.841304480595916
2,2015,1.0,2.0,0.7569652914771584
2,2016,1.0,2.0,0.9646699374432166
2,2017,1.0,2.0,0.730744308007293
2,2018,1.0,2.0,1.5223607742174206
2,2019,1.0,2.0,0.33092395452793005
2,2020,1.0,2.0,0.5316126204090775
2,2021,1.0,2.0,0.6246732567538775
2,2022,1.0,2.0,0.9719706354677903
2,2023,1.0,2.0,0.9120152804095784
2,2024,1.0,2.0,0.5108114851886989
2,2025,1.0,2.0,1.0103065481324904
2,2026,1.0,2.0,1.1209267646309944
2,2027,1.0,2.0,1.6885969169854127
2,2028,1.0,2.0,0.14622718640986332
2,2029,1.0,2.0,0.4109975303744069
2,2030,1.0,2.0,1.0285374087723682
2,2031,1.0,2.0,0.27686174070223757
2,2032,1.0,2.0,0.7782244378891922
2,2033,1.0,2.0,1.24469762711687
2,2034,1.0,2.0,1.4498802372261828
2,2035,1.0,2.0,1.1446202316442347
2,2036,1.0,2.0,1.464391272819296
2,2037,1.0,2.0,0.8335907729560553
2,2038,1.0,2.0,0.5398841116635097
2,2039,1.0,2.0,0.3047048011586494
2,2040,1.0,2.0,1.2605766554651172
2,2041,1.0,2.0,1.3654520986696999
2,2042,1.0,2.0,1.2627148840303426
2,2043,1.0,2.0,0.5949862842133168
2,2044,1.0,2.0,0.9415859779773029
2,2045,1.0,2.0,1.2550378744908046
2,2046,1.0,2.0,0.902875491283565
2,2047,1.0,2.0,0.5920950574442695
2,2048,1.0,2.0,1.3823687992085314
2,2049,1.0,2.0,1.2324614668549163
2,2050,1.0,2.0,1.8848830987626506
2,2051,1.0,2.0,1.1758417488289097
2,2052,1.0,2.0,0.8848822756678238
2,2053,1.0,2.0,0.7785560495601412
2,2054,1.0,2.0,1.2154528105187454
2,2055,1.0,2.0,0.8861181333990593
2,2056,1.0,2.0,0.4546408863648428
2,2057,1.0,2.0,1.3945414446580162
2,2058,1.0,2.0,0.6187762016138612
2,2059,1.0,2.0,0.5573936340569849
2,2060,1.0,2.0,0.3642917932025944
2,2061,1.0,2.0,1.0969132870786678
2,2062,1.0,2.0,0.8308107788122852
2,2063,1.0,2.0,0.20197420062893
2,2064,1.0,2.0,0.5224480064782764
2,2065,1.0,2.0,1.0319316254852715
2,2066,1.0,2.0,0.3833291116416844
2,2067,1.0,2.0,0.7443520516861553
2,2068,1.0,2.0,1.2155655829247665
2,2069,1.0,2.0,1.0727815054509628
2,2070,1.0,2.0,1.425112112682613
2,2071,1.0,2.0,0.5119980494446386
2,2072,1.0,2.0,0.729849017437211
2,2073,1.0,2.0,0.8957966552849492
2,2074,1.0,2.0,0.5120843592742504
2,2075,1.0,2.0,0.2960491535971002
2,2076,1.0,2.0,1.0807194194269023
2,2077,1.0,2.0,1.4994893356926693
2,2078,1.0,2.0,1.5179598279082323
2,2079,1.0,2.0,0.5492073013525263
2,2080,1.0,2.0,0.2730513875125979
2,2081,1.0,2.0,0.39910867644396375
2,2082,1.0,2.0,0.5424297705025967
2,2083,1.0,2.0,0.3345244856443623
2,2084,1.0,2.0,1.6028134885612701
2,2085,1.0,2.0,1.3460651659501612
2,2086,1.0,2.0,1.0003334174531366
2,2087,1.0,2.0,1.2606290048066104
2,2088,1.0,2.0,0.5720058530504841
2,2089,1.0,2.0,1.293699109584861
2,2090,1.0,2.0,0.6019245342149309
2,2091,1.0,2.0,0.7470316206932042
2,2092,1.0,2.0,1.2649308092470817
2,2093,1.0,2.0,1.271317974101851
2,2094,1.0,2.0,1.0338009845175526
2,2095,1.0,2.0,1.3274133590682526
2,2096,1.0,2.0,0.9333064029920977
2,2097,1.0,2.0,0.8597786561026278
2,2098,1.0,2.0,1.8103677724281702
2,2099,1.0,2.0,1.3777573300410757
2,2100,1.0,2.0,1.1721514769473036
2,2101,1.0,2.0,0.7223555880192924
2,2102,1.0,2.0,1.0445966559256057
2,2103,1.0,2.0,0.6576639138077811
2,2104,1.0,2.0,0.8000226694814112
2,2105,1.0,2.0,1.7919866733929735
2,2106,1.0,2.0,0.5489184930359191
2,2107,1.0,2.0,1.3146875649255323
2,2108,1.0,2.0,0.9854906863751771
2,2109,1.0,2.0,0.8312507263953649
2,2110,1.0,2.0,1.2498667172108167
2,2111,1.0,2.0,0.8883877854775242
2,2112,1.0,2.0,1.226866699581455
2,2113,1.0,2.0,1.7953123182636497
2,2114,1.0,2.0,1.22437344882188
2,2115,1.0,2.0,0.5845280741895197
2,2116,1.0,2.0,0.8805650046662294
2,2117,1.0,2.0,0.5416802787444926
2,2118,1.0,2.0,1.083186525018599
2,2119,1.0,2.0,0.6323451637549011
2,2120,1.0,2.0,0.7956528257910047
2,2121,1.0,2.0,1.3556545280250396
2,2122,1.0,2.0,1.1268964150346772
2,2123,1.0,2.0,1.154579794407936
2,2124,1.0,2.0,0.4084954358927737
2,2125,1.0,2.0,1.120385974979639
2,2126,1.0,2.0,0.9196174099057389
2,2127,1.0,2.0,0.6109458957444998
2,2128,1.0,2.0,1.6696179851228719
2,2129,1.0,2.0,0.30410988486312085
2,2130,1.0,2.0,1.3750300429439681
2,2131,1.0,2.0,0.7512349570433756
2,2132,1.0,2.0,0.7963300778663669
2,2133,1.0,2.0,1.0361253015607934
2,2134,1.0,2.0,0.6116125959535402
2,2135,1.0,2.0,1.350498907804447
2,2136,1.0,2.0,0.7825322311775352
2,2137,1.0,2.0,1.5324217522315289
2,2138,1.0,2.0,0.8993579356028629
2,2139,1.0,2.0,0.6896339665592668
2,2140,1.0,2.0,0.4007696099904895
2,2141,1.0,2.0,0.9787670853267861
2,2142,1.0,2.0,0.6432279911570306
2,2143,1.0,2.0,0.59524639376118
2,2144,1.0,2.0,1.7327557155366042
2,2145,1.0,2.0,1.769508364175353
2,2146,1.0,2.0,0.6006915894318652
2,2147,1.0,2.0,1.0818218722261266
2,2148,1.0,2.0,1.7144621052855857
2,2149,1.0,2.0,0.38515551803713266
2,2150,1.0,2.0,0.5817457809409061
2,2151,1.0,2.0,1.5754296549803064
2,2152,1.0,2.0,0.5682774492177087
2,2153,1.0,2.0,0.7939373694310574
2,2154,1.0,2.0,0.631736265148534
2,2155,1.0,2.0,1.8444366730334956
2,2156,1.0,2.0,1.0437569834046239
2,2157,1.0,2.0,1.0057649932048633
2,2158,1.0,2.0,1.5961733098298783
2,2159,1.0,2.0,0.621727606862312
2,2160,1.0,2.0,0.45538201730810707
2,2161,1.0,2.0,1.0383132400874175
2,2162,1.0,2.0,1.3281428392871129
2,2163,1.0,2.0,0.5732746030209159
2,2164,1.0,2.0,0.2648854398105276
2,2165,1.0,2.0,0.17073005721507736
2,2166,1.0,2.0,1.2618752457989841
2,2167,1.0,2.0,0.9688425409818772
2,2168,1.0,2.0,1.1482817803606746
2,2169,1.0,2.0,0.8639891936205498
2,2170,1.0,2.0,0.7134431557596539
2,2171,1.0,2.0,1.426782372871663
2,2172,1.0,2.0,1.1504053940064722
2,2173,1.0,2.0,1.6621003002821089
2,2174,1.0,2.0,0.7842751943082622
2,2175,1.0,2.0,0.14798492997610443
2,2176,1.0,2.0,1.2614936074325138
2,2177,1.0,2.0,1.7404389002305853
2,2178,1.0,2.0,1.2293728394542094
2,2179,1.0,2.0,1.4721203839334036
2,2180,1.0,2.0,1.2265398281080107
2,2181,1.0,2.0,1.0888932422617805
2,2182,1.0,2.0,0.6262574099504115
2,2183,1.0,2.0,1.4610550878304758
2,2184,1.0,2.0,0.517811366591176
2,2185,1.0,2.0,1.1730254689256685
2,2186,1.0,2.0,1.7825539105192885
2,2187,1.0,2.0,0.26045082380801643
2,2188,1.0,2.0,0.925527891670112
2,2189,1.0,2.0,0.9098841040646723
2,2190,1.0,2.0,1.491198091161422
2,2191,1.0,2.0,1.5209281025656067
2,2192,1.0,2.0,1.3528959618321943
2,2193,1.0,2.0,0.8165153124589231
2,2194,1.0,2.0,0.5761316357189674
2,2195,1.0,2.0,1.6364104631393799
2,2196,1.0,2.0,0.9005440755703288
2,2197,1.0,2.0,0.41874188646835614
2,2198,1.0,2.0,1.092997425553556
2,2199,1.0,2.0,0.7813827682811588
2,2200,1.0,2.0,0.2373723257844266
2,2201,1.0,2.0,0.2935689187305097
2,2202,1.0,2.0,0.8965911616001905
2,2203,1.0,2.0,0.8629098999968541
2,2204,1.0,2.0,1.2480499930514979
2,2205,1.0,2.0,1.0320102258530293
2,2206,1.0,2.0,1.0581521220508767
2,2207,1.0,2.0,0.9852871301438004
2,2208,1.0,2.0,0.21633018306355412
2,2209,1.0,2.0,0.9154794686345299
2,2210,1.0,2.0,1.0364763843736897
2,2211,1.0,2.0,1.3816209784729683
2,2212,1.0,2.0,1.278144819329505
2,2213,1.0,2.0,0.6348213186592824
2,2214,1.0,2.0,1.2784003494701284
2,2215,1.0,2.0,0.465241197862709
2,2216,1.0,2.0,1.1519226298059602
2,2217,1.0,2.0,0.9679821266600463
2,2218,1.0,2.0,0.4543147163172845
2,2219,1.0,2.0,0.4143979686904894
2,2220,1.0,2.0,1.1625702811273593
2,2221,1.0,2.0,0.8557060401876638
2,2222,1.0,2.0,1.7562247932214667
2,2223,1.0,2.0,0.8650643272480777
2,2224,1.0,2.0,1.8243426418447888
2,2225,1.0,2.0,0.5302398185548253
2,2226,1.0,2.0,1.4292783169313874
2,2227,1.0,2.0,0.6105325163888261
2,2228,1.0,2.0,1.3062068844625427
2,2229,1.0,2.0,0.836421360791216
2,2230,1.0,2.0,1.8869903663519538
2,2231,1.0,2.0,1.0146477320889091
2,2232,1.0,2.0,0.9753432461844294
2,2233,1.0,2.0,1.2852572102454394
2,2234,1.0,2.0,0.4544636751588876
2,2235,1.0,2.0,0.8541290460792031
2,2236,1.0,2.0,0.5130790788425664
2,2237,1.0,2.0,0.4096764956304272
2,2238,1.0,2.0,1.2877577184745075
2,2239,1.0,2.0,1.5609407812781635
2,2240,1.0,2.0,0.9108762740253505
2,2241,1.0,2.0,0.9002372004176805
2,2242,1.0,2.0,0.9278772178114626
2,2243,1.0,2.0,0.7117840188934619
2,2244,1.0,2.0,0.7854528070583997
2,2245,1.0,2.0,0.9267159845996084
2,2246,1.0,2.0,1.30262580332092
2,2247,1.0,2.0,1.0311073322081987
2,2248,1.0,2.0,1.5362012965567393
2,2249,1.0,2.0,1.827134226452313
2,2250,1.0,2.0,0.9544012931036288
2,2251,1.0,2.0,0.8077383172454786
2,2252,1.0,2.0,0.4960820559460117
2,2253,1.0,2.0,0.9873290842648705
2,2254,1.0,2.0,1.1067698537715196
2,2255,1.0,2.0,1.626893436589771
2,2256,1.0,2.0,1.4582902486895009
2,2257,1.0,2.0,1.252693965703937
2,2258,1.0,2.0,0.38485691018213225
2,2259,1.0,2.0,1.1568167421977202
2,2260,1.0,2.0,1.448901490810667
2,2261,1.0,2.0,1.2239119705493409
2,2262,1.0,2.0,1.31117699177805
2,2263,1.0,2.0,0.9656611940701658
2,2264,1.0,2.0,0.6974690588687004
2,2265,1.0,2.0,1.36537861860814
2,2266,1.0,2.0,0.9912006874659938
2,2267,1.0,2.0,0.04942950322083512
2,2268,1.0,2.0,0.3106942255847289
2,2269,1.0,2.0,1.3629584397927472
2,2270,1.0,2.0,1.206114642046684
2,2271,1.0,2.0,1.2433548860083012
2,2272,1.0,2.0,1.5911268052883807
2,2273,1.0,2.0,0.5377851177340578
2,2274,1.0,2.0,1.3591380186653734
2,2275,1.0,2.0,0.9465163240059072
2,2276,1.0,2.0,0.8816985830811394
2,2277,1.0,2.0,1.5107510446080927
2,2278,1.0,2.0,1.4475609525638302
2,2279,1.0,2.0,0.6441181802886867
2,2280,1.0,2.0,0.8497195089820359
2,2281,1.0,2.0,1.321268709298269
2,2282,1.0,2.0,0.8753007927524187
2,2283,1.0,2.0,0.7909577955930363
2,2284,1.0,2.0,0.8873571207165681
2,2285,1.0,2.0,1.33334700694664
2,2286,1.0,2.0,1.0944596444561696
2,2287,1.0,2.0,1.2710921410142975
2,2288,1.0,2.0,0.31119764037591324
2,2289,1.0,2.0,0.3038442166907853
2,2290,1.0,2.0,1.6307082801069712
2,2291,1.0,2.0,1.0524581203137857
2,2292,1.0,2.0,1.420430857257322
2,2293,1.0,2.0,0.9587038771613172
2,2294,1.0,2.0,0.7203478631073833
2,2295,1.0,2.0,0.4657419329416288
2,2296,1.0,2.0,0.5259480041117108
2,2297,1.0,2.0,0.13864906175221775
2,2298,1.0,2.0,0.7898616400331954
2,2299,1.0,2.0,1.4918292466970708
2,2300,1.0,2.0,0.4447551788723946
2,2301,1.0,2.0,0.39721092305765254
2,2302,1.0,2.0,1.1737272248372679
2,2303,1.0,2.0,0.7385000386656385
2,2304,1.0,2.0,1.0012562678271684
2,2305,1.0,2.0,0.8965531007547158
2,2306,1.0,2.0,0.386621520532757
2,2307,1.0,2.0,1.3089306999248573
2,2308,1.0,2.0,1.9151092017600113
2,2309,1.0,2.0,1.1014805103770176
2,2310,1.0,2.0,0.41687372495602826
2,2311,1.0,2.0,0.4889810680647216
2,2312,1.0,2.0,1.262743048361163
2,2313,1.0,2.0,0.8014731176180621
2,2314,1.0,2.0,0.8289494418752114
2,2315,1.0,2.0,0.4767863762214269
2,2316,1.0,2.0,1.3094357532372964
2,2317,1.0,2.0,1.5176830709336118
2,2318,1.0,2.0,1.2052240790885844
2,2319,1.0,2.0,0.5387816461437812
2,2320,1.0,2.0,1.5780768063672712
2,2321,1.0,2.0,0.8708662764434578
2,2322,1.0,2.0,1.3605049526255597
2,2323,1.0,2.0,1.5105087420188692
2,2324,1.0,2.0,0.7710934281970444
2,2325,1.0,2.0,1.187023112984967
2,2326,1.0,2.0,0.32733038544525145
2,2327,1.0,2.0,0.8676828194827799
2,2328,1.0,2.0,0.7975704634691263
2,2329,1.0,2.0,1.1951637961826
2,2330,1.0,2.0,0.2926168306504877
2,2331,1.0,2.0,0.36458848606449373
2,2332,1.0,2.0,1.0915281807365487
2,2333,1.0,2.0,0.5337816249255571
2,2334,1.0,2.0,1.1694031833811052
2,2335,1.0,2.0,0.5876893663811208
2,2336,1.0,2.0,1.2030762190245765
2,2337,1.0,2.0,0.2491442279136842
2,2338,1.0,2.0,1.4601172776316156
2,2339,1.0,2.0,1.6609519606066914
2,2340,1.0,2.0,1.6620405306935944
2,2341,1.0,2.0,0.3911839472421205
2,2342,1.0,2.0,1.0353987088692782
2,2343,1.0,2.0,1.5932925353021117
2,2344,1.0,2.0,0.6521862320388291
2,2345,1.0,2.0,1.4707206123650591
2,2346,1.0,2.0,1.046929154466859
2,2347,1.0,2.0,1.392399604528952
2,2348,1.0,2.0,1.0297176414374218
2,2349,1.0,2.0,0.40346066126014535
2,2350,1.0,2.0,1.1914027834729684
2,2351,1.0,2.0,0.3967658113640543
2,2352,1.0,2.0,0.8875406312489824
2,2353,1.0,2.0,0.33746171691975063
2,2354,1.0,2.0,1.203826401777937
2,2355,1.0,2.0,1.3676796871553565
2,2356,1.0,2.0,0.6123053106467954
2,2357,1.0,2.0,0.9241160440880632
2,2358,1.0,2.0,0.6389657435346187
2,2359,1.0,2.0,0.720016928951961
2,2360,1.0,2.0,0.6857948823565311
2,2361,1.0,2.0,1.3491618028913788
2,2362,1.0,2.0,0.4143771452627933
2,2363,1.0,2.0,0.7419671992872325
2,2364,1.0,2.0,1.1319822309874303
2,2365,1.0,2.0,0.7915523322455714
2,2366,1.0,2.0,0.5691803737041107
2,2367,1.0,2.0,1.0387106878296741
2,2368,1.0,2.0,0.39123688469192197
2,2369,1.0,2.0,1.151010444270725
2,2370,1.0,2.0,1.6673192672856056
2,2371,1.0,2.0,0.5449737783319036
2,2372,1.0,2.0,1.068142434034265
2,2373,1.0,2.0,1.278137136213725
2,2374,1.0,2.0,0.8528774731012833
2,2375,1.0,2.0,0.512311134267262
2,2376,1.0,2.0,0.6068499317516632
2,2377,1.0,2.0,0.3878719044448524
2,2378,1.0,2.0,1.65705100426125
2,2379,1.0,2.0,0.6915381307297386
2,2380,1.0,2.0,0.9155919776202358
2,2381,1.0,2.0,1.1400531564906409
2,2382,1.0,2.0,1.4008626947615923
2,2383,1.0,2.0,1.198651450062835
2,2384,1.0,2.0,0.8892743669392171
2,2385,1.0,2.0,1.155178825321232
2,2386,1.0,2.0,0.8543604084726132
2,2387,1.0,2.0,1.0690175796630061
2,2388,1.0,2.0,1.734664246054137
2,2389,1.0,2.0,0.9633168120353216
2,2390,1.0,2.0,0.6349981827072149
2,2391,1.0,2.0,0.5283122964153099
2,2392,1.0,2.0,1.8113007393369918
2,2393,1.0,2.0,0.5749192557671162
2,2394,1.0,2.0,1.3602441706974564
2,2395,1.0,2.0,0.7132459390414783
2,2396,1.0,2.0,0.21910130683699786
2,2397,1.0,2.0,1.5489682096074122
2,2398,1.0,2.0,1.015544335951105
2,2399,1.0,2.0,0.49403373916932924
2,2400,1.0,2.0,0.5206566813504496
2,2401,1.0,2.0,0.6051624729729214
2,2402,1.0,2.0,0.2772473387553427
2,2403,1.0,2.0,1.179945979796007
2,2404,1.0,2.0,1.4015871437123828
2,2405,1.0,2.0,0.6880654116512571
2,2406,1.0,2.0,0.8620529780731199
2,2407,1.0,2.0,0.3618693046034479
2,2408,1.0,2.0,0.7645153859829306
2,2409,1.0,2.0,1.71328857264377
2,2410,1.0,2.0,1.2496517073789397
2,2411,1.0,2.0,1.3406910398023149
2,2412,1.0,2.0,1.6240972725654754
2,2413,1.0,2.0,1.138695731319701
2,2414,1.0,2.0,1.232510549334379
2,2415,1.0,2.0,1.1901244007037342
2,2416,1.0,2.0,1.379106046056926
2,2417,1.0,2.0,0.851889916022722
2,2418,1.0,2.0,0.5340987252481213
2,2419,1.0,2.0,0.6688652399540601
2,2420,1.0,2.0,1.497519405149026
2,2421,1.0,2.0,1.7157879652021768
2,2422,1.0,2.0,0.9785705583060331
2,2423,1.0,2.0,0.28912739017692807
2,2424,1.0,2.0,1.138078160912364
2,2425,1.0,2.0,1.2311192055030995
2,2426,1.0,2.0,0.7661229815627448
2,2427,1.0,2.0,0.8342434327541011
2,2428,1.0,2.0,1.346710463287204
2,2429,1.0,2.0,1.4361439046030258
2,2430,1.0,2.0,1.1251471068824375
2,2431,1.0,2.0,1.1138102329507968
2,2432,1.0,2.0,1.458365365687028
2,2433,1.0,2.0,0.14599236369287322
2,2434,1.0,2.0,1.1807777023444888
2,2435,1.0,2.0,0.15863799413452007
2,2436,1.0,2.0,0.9687013686241295
2,2437,1.0,2.0,1.1309363185571246
2,2438,1.0,2.0,1.4082409468974983
2,2439,1.0,2.0,0.7182460761546553
2,2440,1.0,2.0,0.6447664728554711
2,2441,1.0,2.0,0.45218963987369654
2,2442,1.0,2.0,1.2836334468487811
2,2443,1.0,2.0,0.434416339517343
2,2444,1.0,2.0,0.3325397623416696
2,2445,1.0,2.0,1.4303174543635422
2,2446,1.0,2.0,1.2000202908493907
2,2447,1.0,2.0,0.6797161743008061
2,2448,1.0,2.0,0.7253026918790798
2,2449,1.0,2.0,0.8238487256498219
2,2450,1.0,2.0,0.8209437436940289
2,2451,1.0,2.0,0.942102818863113
2,2452,1.0,2.0,0.583132639501571
2,2453,1.0,2.0,0.5649564830037088
2,2454,1.0,2.0,1.5092381149164797
2,2455,1.0,2.0,0.8934470768561947
2,2456,1.0,2.0,1.2974332709368561
2,2457,1.0,2.0,1.3420572087029488
2,2458,1.0,2.0,1.4495777596631945
2,2459,1.0,2.0,1.5809066273959376
2,2460,1.0,2.0,0.47467682434222747
2,2461,1.0,2.0,0.7915020649430513
2,2462,1.0,2.0,0.3644467650771101
2,2463,1.0,2.0,1.2891231673841366
2,2464,1.0,2.0,1.245120755668425
2,2465,1.0,2.0,0.3865611352404106
2,2466,1.0,2.0,1.7597947688399438
2,2467,1.0,2.0,0.6570969389667471
2,2468,1.0,2.0,1.375256922548095
2,2469,1.0,2.0,0.3465571143117731
2,2470,1.0,2.0,0.2684148863402041
2,2471,1.0,2.0,1.423693175289415
2,2472,1.0,2.0,1.3613921030181544
2,2473,1.0,2.0,1.7895947865973776
2,2474,1.0,2.0,0.6703161266423844
2,2475,1.0,2.0,1.0953879380333036
2,2476,1.0,2.0,0.836024399390966
2,2477,1.0,2.0,1.607112688782954
2,2478,1.0,2.0,0.6796266023055523
2,2479,1.0,2.0,0.6348282714681006
2,2480,1.0,2.0,1.8543094432772538
2,2481,1.0,2.0,0.5985848760714123
2,2482,1.0,2.0,1.4917232315224052
2,2483,1.0,2.0,1.277354536150252
2,2484,1.0,2.0,0.6057900291749505
2,2485,1.0,2.0,1.0303282470926471
2,2486,1.0,2.0,1.4044126402781982
2,2487,1.0,2.0,0.5319151593406917
2,2488,1.0,2.0,0.771485810687838
2,2489,1.0,2.0,1.0730823913566332
2,2490,1.0,2.0,0.19268136340438785
2,2491,1.0,2.0,0.6065008160523824
2,2492,1.0,2.0,1.4378598483722214
2,2493,1.0,2.0,0.9758032165941606
2,2494,1.0,2.0,0.9765334946727087
2,2495,1.0,2.0,1.2547068912762782
2,2496,1.0,2.0,1.7051441042680904
2,2497,1.0,2.0,0.07776537314974302
2,2498,1.0,2.0,1.2800629230535443
2,2499,1.0,2.0,0.8234601801599463
2,2500,1.0,2.0,1.0277844732586119
2,2501,1.0,2.0,0.9730567517330259
2,2502,1.0,2.0,0.9182812397243872
2,2503,1.0,2.0,1.1785959192936057
2,2504,1.0,2.0,1.6255562689748235
2,2505,1.0,2.0,1.0892168191568767
2,2506,1.0,2.0,0.9354186376064041
2,2507,1.0,2.0,0.08509278143492209
2,2508,1.0,2.0,0.5910615842303935
2,2509,1.0,2.0,0.5373606483649546
2,2510,1.0,2.0,0.9921066645451979
2,2511,1.0,2.0,1.097863592376572
2,2512,1.0,2.0,0.42101725259146916
2,2513,1.0,2.0,1.0300709178399354
2,2514,1.0,2.0,0.26770392348730054
2,2515,1.0,2.0,0.8983482140861642
2,2516,1.0,2.0,1.2894959097069778
2,2517,1.0,2.0,1.866881091503674
2,2518,1.0,2.0,1.1214373973852647
2,2519,1.0,2.0,1.3663826754635662
2,2520,1.0,2.0,0.7136303302355078
2,2521,1.0,2.0,0.38466223344481887
2,2522,1.0,2.0,1.3203995842689942
2,2523,1.0,2.0,0.3432506814502929
2,2524,1.0,2.0,0.3588755808486339
2,2525,1.0,2.0,1.468219565469933
2,2526,1.0,2.0,0.49928820396266166
2,2527,1.0,2.0,0.7454822882051323
2,2528,1.0,2.0,0.6370687751441795
2,2529,1.0,2.0,0.3177976652977202
2,2530,1.0,2.0,1.3219859925493544
2,2531,1.0,2.0,1.2364324854494018
2,2532,1.0,2.0,0.5869621966791788
2,2533,1.0,2.0,0.5511854628023125
2,2534,1.0,2.0,1.1128983572778313
2,2535,1.0,2.0,0.7838364649804147
2,2536,1.0,2.0,0.798011122479572
2,2537,1.0,2.0,0.8142412006064803
2,2538,1.0,2.0,0.5727650994993618
2,2539,1.0,2.0,1.3418875142176818
2,2540,1.0,2.0,0.9515407848068025
2,2541,1.0,2.0,0.9018729819488085
2,2542,1.0,2.0,0.9441550901885305
2,2543,1.0,2.0,0.7927493208710106
2,2544,1.0,2.0,0.20880231556534845
2,2545,1.0,2.0,0.9402065795078459
2,2546,1.0,2.0,0.7102630979473149
2,2547,1.0,2.0,0.5045639564733551
2,2548,1.0,2.0,0.8268209792896921
2,2549,1.0,2.0,0.401803400186877
2,2550,1.0,2.0,1.1040997076269707
2,2551,1.0,2.0,0.9196046701183611
2,2552,1.0,2.0,0.23020971712260782
2,2553,1.0,2.0,1.2438784811331767
2,2554,1.0,2.0,0.5644667606525187
2,2555,1.0,2.0,1.5385341304601654
2,2556,1.0,2.0,0.48471342172606435
2,2557,1.0,2.0,1.1909347677817772
2,2558,1.0,2.0,0.7549125196803288
2,2559,1.0,2.0,0.6309630548737309
2,2560,1.0,2.0,1.552556992400136
2,2561,1.0,2.0,1.0788087657344954
2,2562,1.0,2.0,1.475308482298904
2,2563,1.0,2.0,0.4752280068270777
2,2564,1.0,2.0,0.418949703692488
2,2565,1.0,2.0,0.9677531183151744
2,2566,1.0,2.0,0.8509830876096709
2,2567,1.0,2.0,0.959181812914645
2,2568,1.0,2.0,1.4758498792204024
2,2569,1.0,2.0,1.006862545265336
2,2570,1.0,2.0,0.8366577895476386
2,2571,1.0,2.0,0.586912154601701
2,2572,1.0,2.0,1.229982340072036
2,2573,1.0,2.0,0.9218744263814658
2,2574,1.0,2.0,0.6901176244257109
2,2575,1.0,2.0,1.2138014112481184
2,2576,1.0,2.0,0.8492161893563133
2,2577,1.0,2.0,0.637048245122052
2,2578,1.0,2.0,0.625059114325036
2,2579,1.0,2.0,0.9081914734508719
2,2580,1.0,2.0,0.3554935417855989
2,2581,1.0,2.0,1.464997846582315
2,2582,1.0,2.0,0.627928535004767
2,2583,1.0,2.0,0.7343494139240886
2,2584,1.0,2.0,0.4985722214920933
2,2585,1.0,2.0,1.008042819644119
2,2586,1.0,2.0,0.35116670509045567
2,2587,1.0,2.0,1.0467211339548212
2,2588,1.0,2.0,0.2807715567118449
2,2589,1.0,2.0,0.9577011444091938
2,2590,1.0,2.0,0.8526453773739195
2,2591,1.0,2.0,0.5786204612202611
2,2592,1.0,2.0,0.6421084925122318
2,2593,1.0,2.0,1.0231561261319653
2,2594,1.0,2.0,0.821104767805331
2,2595,1.0,2.0,0.21086767604317921
2,2596,1.0,2.0,1.5151243794519709
2,2597,1.0,2.0,0.783077903448535
2,2598,1.0,2.0,0.11814627376275103
2,2599,1.0,2.0,1.3846491569644046
2,2600,1.0,2.0,1.8578295883633882
2,2601,1.0,2.0,1.7781477838659767
2,2602,1.0,2.0,1.5169599369620244
2,2603,1.0,2.0,0.6668582418989824
2,2604,1.0,2.0,0.9683069055215338
2,2605,1.0,2.0,0.788929096637103
2,2606,1.0,2.0,1.6042458020051138
2,2607,1.0,2.0,0.529534701641938
2,2608,1.0,2.0,1.0619401632055774
2,2609,1.0,2.0,1.1259733176695343
2,2610,1.0,2.0,1.1136453700976703
2,2611,1.0,2.0,1.4437925370776319
2,2612,1.0,2.0,1.0260445976735126
2,2613,1.0,2.0,0.5903522736678732
2,2614,1.0,2.0,0.7566972859766475
2,2615,1.0,2.0,0.6814859044013745
2,2616,1.0,2.0,1.2023991041604143
2,2617,1.0,2.0,1.3122175904107887
2,2618,1.0,2.0,0.6072936740293751
2,2619,1.0,2.0,1.2508039120248475
2,2620,1.0,2.0,1.1867459478100697
2,2621,1.0,2.0,0.8672151452750394
2,2622,1.0,2.0,0.7596623754472491
2,2623,1.0,2.0,1.2167211085383802
2,2624,1.0,2.0,0.3906369477275874
2,2625,1.0,2.0,0.7111183026603392
2,2626,1.0,2.0,0.5468936703692856
2,2627,1.0,2.0,1.633419617753674
2,2628,1.0,2.0,0.43477099963121835
2,2629,1.0,2.0,1.340086475991896
2,2630,1.0,2.0,1.796429514231101
2,2631,1.0,2.0,1.8532695908025418
2,2632,1.0,2.0,1.426404920734495
2,2633,1.0,2.0,1.5570243070052447
2,2634,1.0,2.0,1.341335473274273
2,2635,1.0,2.0,1.6589547646475205
2,2636,1.0,2.0,0.46647411020881835
2,2637,1.0,2.0,0.6837752829380868
2,2638,1.0,2.0,0.4803821549316516
2,2639,1.0,2.0,0.5894993864158277
2,2640,1.0,2.0,1.3476723807357662
2,2641,1.0,2.0,0.49392871675841776
2,2642,1.0,2.0,1.3324637143055695
2,2643,1.0,2.0,0.2759895429580292
2,2644,1.0,2.0,0.3808092961481392
2,2645,1.0,2.0,0.6316968264459973
2,2646,1.0,2.0,1.0196887905704126
2,2647,1.0,2.0,1.5605534713805538
2,2648,1.0,2.0,0.5079204237922372
2,2649,1.0,2.0,0.9829257219148594
2,2650,1.0,2.0,0.1690924323797602
2,2651,1.0,2.0,1.5531447185604503
2,2652,1.0,2.0,0.8697422152110609
2,2653,1.0,2.0,0.7812624311742986
2,2654,1.0,2.0,1.2753819908208817
2,2655,1.0,2.0,1.1830726712526851
2,2656,1.0,2.0,0.15128469551002355
2,2657,1.0,2.0,1.405216263253422
2,2658,1.0,2.0,1.1204121183711708
2,2659,1.0,2.0,1.2738152653902062
2,2660,1.0,2.0,1.274473267886659
2,2661,1.0,2.0,0.023852912971444255
2,2662,1.0,2.0,0.6440238541835502
2,2663,1.0,2.0,1.393053498684023
2,2664,1.0,2.0,0.8846349825888824
2,2665,1.0,2.0,1.2273462295194018
2,2666,1.0,2.0,1.6850873288453985
2,2667,1.0,2.0,1.1995444146203464
2,2668,1.0,2.0,0.8665237386404856
2,2669,1.0,2.0,0.4921049114963583
2,2670,1.0,2.0,1.0146652680539043
2,2671,1.0,2.0,0.574975031428819
2,2672,1.0,2.0,1.2384408234333737
2,2673,1.0,2.0,0.9314207465006402
2,2674,1.0,2.0,1.722938952187701
2,2675,1.0,2.0,1.1604338501658864
2,2676,1.0,2.0,0.7173513307129827
2,2677,1.0,2.0,1.0397361494055537
2,2678,1.0,2.0,0.3887449278046177
2,2679,1.0,2.0,0.6255377432330147
2,2680,1.0,2.0,1.3243730960971005
2,2681,1.0,2.0,0.7074521080347389
2,2682,1.0,2.0,0.5868250276726317
2,2683,1.0,2.0,0.7929044675743588
2,2684,1.0,2.0,1.4387330308269075
2,2685,1.0,2.0,0.9842884186091703
2,2686,1.0,2.0,1.3946595596689235
2,2687,1.0,2.0,1.8731270299755731
2,2688,1.0,2.0,1.2291844926871862
2,2689,1.0,2.0,0.3223931556842544
2,2690,1.0,2.0,1.5279736994385749
2,2691,1.0,2.0,0.24026832108942323
2,2692,1.0,2.0,1.2147463426508867
2,2693,1.0,2.0,0.5338707499683091
2,2694,1.0,2.0,1.263852261983116
2,2695,1.0,2.0,1.1642644841383065
2,2696,1.0,2.0,0.5882847405651669
2,2697,1.0,2.0,0.7771919998187364
2,2698,1.0,2.0,0.4513019720016038
2,2699,1.0,2.0,0.9228048876125897
2,2700,1.0,2.0,1.0064300588640478
2,2701,1.0,2.0,1.2099302351067958
2,2702,1.0,2.0,1.638516704961446
2,2703,1.0,2.0,1.7044466948104926
2,2704,1.0,2.0,0.5593277474036535
2,2705,1.0,2.0,1.3767886259695752
2,2706,1.0,2.0,1.0915389591742763
2,2707,1.0,2.0,1.5006308850886505
2,2708,1.0,2.0,1.3069443217199732
2,2709,1.0,2.0,1.183657117924851
2,2710,1.0,2.0,1.592180428023223
2,2711,1.0,2.0,0.5603710956943369
2,2712,1.0,2.0,1.8269070234862823
2,2713,1.0,2.0,0.9619744124857045
2,2714,1.0,2.0,1.3815671965596068
2,2715,1.0,2.0,0.6910376170526811
2,2716,1.0,2.0,0.9096360765912674
2,2717,1.0,2.0,0.29419402489981955
2,2718,1.0,2.0,0.2674139109374861
2,2719,1.0,2.0,1.1855595808100179
2,2720,1.0,2.0,0.5611423594460897
2,2721,1.0,2.0,0.421717476856327
2,2722,1.0,2.0,1.8298393967807105
2,2723,1.0,2.0,1.3466491941430045
2,2724,1.0,2.0,1.4985658464207587
2,2725,1.0,2.0,0.632082636653548
2,2726,1.0,2.0,0.7549544113384304
2,2727,1.0,2.0,1.0221391779208022
2,2728,1.0,2.0,0.6284284582196286
2,2729,1.0,2.0,1.558543219155944
2,2730,1.0,2.0,1.428012292620969
2,2731,1.0,2.0,0.36805626284834847
2,2732,1.0,2.0,0.4491555376477764
2,2733,1.0,2.0,1.6576971216212673
2,2734,1.0,2.0,0.722010102727822
2,2735,1.0,2.0,1.2972909637621592
2,2736,1.0,2.0,0.7501424664173821
2,2737,1.0,2.0,1.645426233761647
2,2738,1.0,2.0,1.4497646727377154
2,2739,1.0,2.0,0.7806224899062112
2,2740,1.0,2.0,0.4559651596367645
2,2741,1.0,2.0,1.01393545304263
2,2742,1.0,2.0,0.726504021471269
2,2743,1.0,2.0,1.1576340313459101
2,2744,1.0,2.0,0.8765712518991751
2,2745,1.0,2.0,0.25700848329143894
2,2746,1.0,2.0,0.9106240417085545
2,2747,1.0,2.0,1.6188206545060613
2,2748,1.0,2.0,1.0825666265217087
2,2749,1.0,2.0,1.5573372149671023
2,2750,1.0,2.0,1.4691089975254346
2,2751,1.0,2.0,0.37595336211873426
2,2752,1.0,2.0,1.0236011312402402
2,2753,1.0,2.0,1.3045454114496704
2,2754,1.0,2.0,1.5484894812425876
2,2755,1.0,2.0,1.0179044600550293
2,2756,1.0,2.0,1.5452325691723545
2,2757,1.0,2.0,1.1328850503950016
2,2758,1.0,2.0,0.7871261301978221
2,2759,1.0,2.0,0.4563372101020991
2,2760,1.0,2.0,0.7380979762167034
2,2761,1.0,2.0,1.5204877541154045
2,2762,1.0,2.0,1.3629589605220755
2,2763,1.0,2.0,0.4957237278597141
2,2764,1.0,2.0,1.4277123713465882
2,2765,1.0,2.0,1.5457634359467196
2,2766,1.0,2.0,1.804730677838713
2,2767,1.0,2.0,0.5131494914229136
2,2768,1.0,2.0,1.6179424494905357
2,2769,1.0,2.0,1.1578577510591535
2,2770,1.0,2.0,0.6213715371317111
2,2771,1.0,2.0,1.0908276079646335
2,2772,1.0,2.0,0.6985529521560983
2,2773,1.0,2.0,0.6314934934359991
2,2774,1.0,2.0,1.3424827402286734
2,2775,1.0,2.0,0.4924651584193313
2,2776,1.0,2.0,1.050069400672812
2,2777,1.0,2.0,1.597048398836229
2,2778,1.0,2.0,1.132332887309461
2,2779,1.0,2.0,0.9835341293446186
2,2780,1.0,2.0,1.4379227151741687
2,2781,1.0,2.0,0.8260580536833458
2,2782,1.0,2.0,0.8009029102674224
2,2783,1.0,2.0,1.0732364380282555
2,2784,1.0,2.0,0.7989529832920378
2,2785,1.0,2.0,0.4203738038084731
2,2786,1.0,2.0,0.613135516758941
2,2787,1.0,2.0,1.2709308685933995
2,2788,1.0,2.0,0.8628624481086611
2,2789,1.0,2.0,1.4639156483928293
2,2790,1.0,2.0,1.5116671626477558
2,2791,1.0,2.0,1.0058013457788753
2,2792,1.0,2.0,0.2676352368271266
2,2793,1.0,2.0,0.8440936144269947
2,2794,1.0,2.0,1.6139096238381136
2,2795,1.0,2.0,0.720980606246518
2,2796,1.0,2.0,1.253785034219756
2,2797,1.0,2.0,0.45415345090124437
2,2798,1.0,2.0,1.3868988684995682
2,2799,1.0,2.0,0.678417244587026
2,2800,1.0,2.0,1.1951673806241039
2,2801,1.0,2.0,0.3641120212756807
2,2802,1.0,2.0,1.8585162741691703
2,2803,1.0,2.0,0.7606785675532218
2,2804,1.0,2.0,0.963224152892635
2,2805,1.0,2.0,0.2997492090934204
2,2806,1.0,2.0,0.7955482230071251
2,2807,1.0,2.0,0.5770843186289493
2,2808,1.0,2.0,1.825353860709527
2,2809,1.0,2.0,1.4491676614202593
2,2810,1.0,2.0,0.39410604097393775
2,2811,1.0,2.0,0.20322191674464452
2,2812,1.0,2.0,0.6245539388346759
2,2813,1.0,2.0,1.6968616953861408
2,2814,1.0,2.0,1.0189766844949886
2,2815,1.0,2.0,1.2641787872814603
2,2816,1.0,2.0,0.13037137060283038
2,2817,1.0,2.0,0.9879815688452533
2,2818,1.0,2.0,0.751828047710613
2,2819,1.0,2.0,0.5099887553189343
2,2820,1.0,2.0,0.6212304553372452
2,2821,1.0,2.0,1.1852847543370764
2,2822,1.0,2.0,1.45713931142578
2,2823,1.0,2.0,1.2091897558737386
2,2824,1.0,2.0,0.8803432859316366
2,2825,1.0,2.0,0.798675504077261
2,2826,1.0,2.0,0.5625645084862307
2,2827,1.0,2.0,0.5055282475809176
2,2828,1.0,2.0,1.8955882402359858
2,2829,1.0,2.0,1.433369252772319
2,2830,1.0,2.0,0.7177291863230206
2,2831,1.0,2.0,1.005512648044459
2,2832,1.0,2.0,0.9051213525559207
2,2833,1.0,2.0,1.2792628560085313
2,2834,1.0,2.0,1.549830295231101
2,2835,1.0,2.0,0.8435121942711779
2,2836,1.0,2.0,1.050225007097985
2,2837,1.0,2.0,1.1571175723254514
2,2838,1.0,2.0,1.6334742158358764
2,2839,1.0,2.0,1.1040937527182064
2,2840,1.0,2.0,0.6530760033187323
2,2841,1.0,2.0,0.789361230227046
2,2842,1.0,2.0,1.3125733713498247
2,2843,1.0,2.0,0.9063066133160024
2,2844,1.0,2.0,1.277032918328898
2,2845,1.0,2.0,0.9917168277144655
2,2846,1.0,2.0,1.7936535127146342
2,2847,1.0,2.0,0.7954997278997519
2,2848,1.0,2.0,1.1313077314793412
2,2849,1.0,2.0,1.0205488616659162
2,2850,1.0,2.0,0.9946920540966989
2,2851,1.0,2.0,0.7697884526234375
2,2852,1.0,2.0,1.5182505020341779
2,2853,1.0,2.0,0.6241506711482186
2,2854,1.0,2.0,1.0218273454753846
2,2855,1.0,2.0,0.7665643595215876
2,2856,1.0,2.0,1.4281761558099073
2,2857,1.0,2.0,1.5187449202755747
2,2858,1.0,2.0,0.5719052209697317
2,2859,1.0,2.0,0.7691825962228778
2,2860,1.0,2.0,0.273571199027472
2,2861,1.0,2.0,1.18800822744099
2,2862,1.0,2.0,1.150601221899075
2,2863,1.0,2.0,1.7287359322037599
2,2864,1.0,2.0,1.0754743333795305
2,2865,1.0,2.0,0.3064671327584508
2,2866,1.0,2.0,0.4469364955694175
2,2867,1.0,2.0,1.1593172797727647
2,2868,1.0,2.0,0.23964146752339469
2,2869,1.0,2.0,1.101896552434103
2,2870,1.0,2.0,0.8002356476504071
2,2871,1.0,2.0,0.9520936926588319
2,2872,1.0,2.0,0.6982800448049628
2,2873,1.0,2.0,0.7757421197714963
2,2874,1.0,2.0,1.234450422681641
2,2875,1.0,2.0,0.6007749833660222
2,2876,1.0,2.0,1.3317601904666003
2,2877,1.0,2.0,0.7369373645866345
2,2878,1.0,2.0,0.5858384794450049
2,2879,1.0,2.0,0.7511384974462584
2,2880,1.0,2.0,0.1218257537390244
2,2881,1.0,2.0,1.8559070549023742
2,2882,1.0,2.0,0.4728502702274933
2,2883,1.0,2.0,1.4400777039655366
2,2884,1.0,2.0,1.592758358092953
2,2885,1.0,2.0,0.48203383065835936
2,2886,1.0,2.0,1.1735191484836114
2,2887,1.0,2.0,1.3066106034735396
2,2888,1.0,2.0,1.194793706992566
2,2889,1.0,2.0,0.7155204795661924
2,2890,1.0,2.0,0.3056382498921565
2,2891,1.0,2.0,1.5097471920445695
2,2892,1.0,2.0,1.4260045365695286
2,2893,1.0,2.0,0.7686604732944357
2,2894,1.0,2.0,0.9533524712980452
2,2895,1.0,2.0,1.426932453385759
2,2896,1.0,2.0,0.9372940696642272
2,2897,1.0,2.0,0.6723298863101532
2,2898,1.0,2.0,0.38341945483569095
2,2899,1.0,2.0,1.2962064528615254
2,2900,1.0,2.0,1.1985110414658187
2,2901,1.0,2.0,0.6358763596657523
2,2902,1.0,2.0,0.6881442936678861
2,2903,1.0,2.0,1.6550458988485608
2,2904,1.0,2.0,0.723220007517298
2,2905,1.0,2.0,1.288283260657229
2,2906,1.0,2.0,1.3554310101858627
2,2907,1.0,2.0,0.32551628923724163
2,2908,1.0,2.0,1.619919434421861
2,2909,1.0,2.0,1.6852885791129375
2,2910,1.0,2.0,0.6149998309479091
2,2911,1.0,2.0,1.287993511628652
2,2912,1.0,2.0,0.22964231535466753
2,2913,1.0,2.0,0.36422700823271353
2,2914,1.0,2.0,0.49922465238386804
2,2915,1.0,2.0,0.5330655904262656
2,2916,1.0,2.0,1.4200256420558275
2,2917,1.0,2.0,0.7329677193870766
2,2918,1.0,2.0,0.5918656530574757
2,2919,1.0,2.0,0.4023442408965773
2,2920,1.0,2.0,1.1843748480038487
2,2921,1.0,2.0,1.4955441433876961
2,2922,1.0,2.0,0.40456186998509197
2,2923,1.0,2.0,0.8349412905050828
2,2924,1.0,2.0,1.6173072482640285
2,2925,1.0,2.0,0.8809242134928355
2,2926,1.0,2.0,1.6228714803199524
2,2927,1.0,2.0,0.5498247547717642
2,2928,1.0,2.0,0.7092922579311225
2,2929,1.0,2.0,0.44633348819065843
2,2930,1.0,2.0,0.6931696756397455
2,2931,1.0,2.0,1.118683086606833
2,2932,1.0,2.0,0.4407232974534255
2,2933,1.0,2.0,1.1749802007080694
2,2934,1.0,2.0,1.0166575148533168
2,2935,1.0,2.0,1.551842588844846
2,2936,1.0,2.0,0.9069797387826665
2,2937,1.0,2.0,0.28868354583823497
2,2938,1.0,2.0,1.0952637126917617
2,2939,1.0,2.0,1.7056964319063932
2,2940,1.0,2.0,1.0600491457418364
2,2941,1.0,2.0,0.0944234695749048
2,2942,1.0,2.0,0.08713667772560571
2,2943,1.0,2.0,0.432707454546571
2,2944,1.0,2.0,0.8535744555536683
2,2945,1.0,2.0,0.9113577816041879
2,2946,1.0,2.0,0.29724580929318484
2,2947,1.0,2.0,1.069873721336151
2,2948,1.0,2.0,1.1017212558922649
2,2949,1.0,2.0,1.2972345759734716
2,2950,1.0,2.0,1.12595774264379
2,2951,1.0,2.0,0.936669072478641
2,2952,1.0,2.0,0.2810568439984463
2,2953,1.0,2.0,0.7375021960329023
2,2954,1.0,2.0,0.4301499152329783
2,2955,1.0,2.0,1.5137476272893737
2,2956,1.0,2.0,0.8806087202211182
2,2957,1.0,2.0,1.0980279860039772
2,2958,1.0,2.0,1.377795031838913
2,2959,1.0,2.0,1.3426367492930456
2,2960,1.0,2.0,0.8607993987377021
2,2961,1.0,2.0,0.8443567274660904
2,2962,1.0,2.0,1.8503247404605674
2,2963,1.0,2.0,1.3649374590442527
2,2964,1.0,2.0,1.551717994944072
2,2965,1.0,2.0,0.4934037457254049
2,2966,1.0,2.0,0.6369523778977981
2,2967,1.0,2.0,1.078573636813123
2,2968,1.0,2.0,0.971483951164452
2,2969,1.0,2.0,1.7716146774325137
2,2970,1.0,2.0,0.8042808178476276
2,2971,1.0,2.0,1.0711407311076184
2,2972,1.0,2.0,1.3912778077055679
2,2973,1.0,2.0,0.4720351134543703
2,2974,1.0,2.0,0.9712105962112058
2,2975,1.0,2.0,1.2842828266692248
2,2976,1.0,2.0,0.7238734750592623
2,2977,1.0,2.0,0.7011650233299425
2,2978,1.0,2.0,0.39731143420662646
2,2979,1.0,2.0,0.9162372879019147
2,2980,1.0,2.0,1.5620101435071323
2,2981,1.0,2.0,0.30607316576302246
2,2982,1.0,2.0,0.5056407623211112
2,2983,1.0,2.0,1.3216451258556163
2,2984,1.0,2.0,1.321782364688832
2,2985,1.0,2.0,0.6426252764865021
2,2986,1.0,2.0,0.6978183575528584
2,2987,1.0,2.0,0.9810614295431662
2,2988,1.0,2.0,1.0676679159670324
2,2989,1.0,2.0,0.9287815003995927
2,2990,1.0,2.0,1.0695982143269076
2,2991,1.0,2.0,0.6821511952568551
2,2992,1.0,2.0,1.0540554839817255
2,2993,1.0,2.0,1.2981235535317
2,2994,1.0,2.0,1.0249941888784126
2,2995,1.0,2.0,0.8496863622689936
2,2996,1.0,2.0,0.8424243315044645
2,2997,1.0,2.0,1.5000957386771683
2,2998,1.0,2.0,0.6553386473069792
2,2999,1.0,2.0,1.4407136932023288
2,3000,1.0,2.0,1.0867982342103553
2,3001,1.0,2.0,0.4406487511875394
2,3002,1.0,2.0,1.7063306460777867
2,3003,1.0,2.0,0.8247543995327247
2,3004,1.0,2.0,0.5448610328687963
2,3005,1.0,2.0,0.3296979086111768
2,3006,1.0,2.0,1.5029747117694363
2,3007,1.0,2.0,0.7243104922912734
2,3008,1.0,2.0,1.6358011359962754
2,3009,1.0,2.0,1.1083426554916989
2,3010,1.0,2.0,1.1870821560844624
2,3011,1.0,2.0,1.6361324901146133
2,3012,1.0,2.0,1.5262327368692823
2,3013,1.0,2.0,0.3189317047021144
2,3014,1.0,2.0,1.1460555346667745
2,3015,1.0,2.0,1.515473487201166
2,3016,1.0,2.0,0.5487290036502713
2,3017,1.0,2.0,0.8735252738892644
2,3018,1.0,2.0,1.5730463457230253
2,3019,1.0,2.0,1.2572761547236952
2,3020,1.0,2.0,1.0904133540823264
2,3021,1.0,2.0,1.3065701575395992
2,3022,1.0,2.0,1.8784033144860104
2,3023,1.0,2.0,1.5763397422668428
2,3024,1.0,2.0,1.8169048364824159
2,3025,1.0,2.0,0.8872091643319088
2,3026,1.0,2.0,0.5711350299080563
2,3027,1.0,2.0,0.33335521320315586
2,3028,1.0,2.0,0.8867557676628017
2,3029,1.0,2.0,0.45697432065694016
2,3030,1.0,2.0,1.457095389914994
2,3031,1.0,2.0,0.9733192528298032
2,3032,1.0,2.0,0.9759471961681849
2,3033,1.0,2.0,1.336766869114126
2,3034,1.0,2.0,1.7568048513953316
2,3035,1.0,2.0,0.6233675514706497
2,3036,1.0,2.0,0.8470699348212248
2,3037,1.0,2.0,1.0743055086474556
2,3038,1.0,2.0,1.046318256985497
2,3039,1.0,2.0,0.4391769215059959
2,3040,1.0,2.0,0.7727941130603502
2,3041,1.0,2.0,1.551109721375802
2,3042,1.0,2.0,1.486509897253826
2,3043,1.0,2.0,1.4153039888056853
2,3044,1.0,2.0,1.0683181299613045
2,3045,1.0,2.0,1.1534654780298224
2,3046,1.0,2.0,1.4126875316814234
2,3047,1.0,2.0,0.9740510429874103
2,3048,1.0,2.0,0.7865683023782244
2,3049,1.0,2.0,0.8179077015518892
2,3050,1.0,2.0,0.12046208086546352
2,3051,1.0,2.0,0.8762759685453589
2,3052,1.0,2.0,0.41004212825022524
2,3053,1.0,2.0,0.9205329813554741
2,3054,1.0,2.0,0.9277494648600871
2,3055,1.0,2.0,0.6749787914503782
2,3056,1.0,2.0,0.3775799941622226
2,3057,1.0,2.0,0.4451502744411202
2,3058,1.0,2.0,1.1671701168631905
2,3059,1.0,2.0,0.8611283397515689
2,3060,1.0,2.0,1.0021605859311244
2,3061,1.0,2.0,0.5803435576974666
2,3062,1.0,2.0,1.8259921932938936
2,3063,1.0,2.0,1.1596497800794578
2,3064,1.0,2.0,1.5425106892179088
2,3065,1.0,2.0,0.669148794076341
2,3066,1.0,2.0,1.6051376945853075
2,3067,1.0,2.0,1.1968993992278112
2,3068,1.0,2.0,0.8898118144045667
2,3069,1.0,2.0,1.2321134956918847
2,3070,1.0,2.0,1.4817419425444742
2,3071,1.0,2.0,0.5229044565045968
2,3072,1.0,2.0,1.185317045771367
2,3073,1.0,2.0,0.6296068024857481
2,3074,1.0,2.0,1.5244708382594978
2,3075,1.0,2.0,0.7969558789360306
2,3076,1.0,2.0,0.9659137723888004
2,3077,1.0,2.0,0.34609733239961377
2,3078,1.0,2.0,0.9006214526926527
2,3079,1.0,2.0,0.9322194207771056
2,3080,1.0,2.0,1.2203253069378461
2,3081,1.0,2.0,0.7988215762005667
2,3082,1.0,2.0,1.1937257127170433
2,3083,1.0,2.0,1.2806198116966225
2,3084,1.0,2.0,0.868021344949325
2,3085,1.0,2.0,1.2424415353818852
2,3086,1.0,2.0,1.4517709236380858
2,3087,1.0,2.0,1.6045311391756079
2,3088,1.0,2.0,1.0935968145151382
2,3089,1.0,2.0,0.47061275359920157
2,3090,1.0,2.0,1.2945100270372345
2,3091,1.0,2.0,1.0676253698706601
2,3092,1.0,2.0,1.1046844220408918
2,3093,1.0,2.0,0.9401520382417803
2,3094,1.0,2.0,1.0037859766547736
2,3095,1.0,2.0,0.9124340724824913
2,3096,1.0,2.0,0.8542287734299742
2,3097,1.0,2.0,0.16211982779613723
2,3098,1.0,2.0,0.6060956700554755
2,3099,1.0,2.0,0.598961752391328
2,3100,1.0,2.0,1.8900405330278771
2,3101,1.0,2.0,1.1317666288766377
2,3102,1.0,2.0,0.6337961855131974
2,3103,1.0,2.0,0.6100270873765474
2,3104,1.0,2.0,0.8812220103543941
2,3105,1.0,2.0,0.6456527853776487
2,3106,1.0,2.0,0.4451697561635335
2,3107,1.0,2.0,1.4529390147592696
2,3108,1.0,2.0,0.5193748602111165
2,3109,1.0,2.0,0.5783169535730763
2,3110,1.0,2.0,1.5132305990935453
2,3111,1.0,2.0,0.5539553616427539
2,3112,1.0,2.0,0.1308111479199853
2,3113,1.0,2.0,0.7064190495989174
2,3114,1.0,2.0,1.1042744765507861
2,3115,1.0,2.0,0.6553676747069418
2,3116,1.0,2.0,0.42795181725758
2,3117,1.0,2.0,1.2683367507738272
2,3118,1.0,2.0,0.926119638591644
2,3119,1.0,2.0,1.2160809090703308
2,3120,1.0,2.0,0.7262279723221812
2,3121,1.0,2.0,1.0471731656822438
2,3122,1.0,2.0,0.8859003765412904
2,3123,1.0,2.0,0.5272889087674111
2,3124,1.0,2.0,0.5633550021802987
2,3125,1.0,2.0,0.41971749872098846
2,3126,1.0,2.0,0.5320873457453655
2,3127,1.0,2.0,0.4179306488152178
2,3128,1.0,2.0,0.2322565213499084
2,3129,1.0,2.0,1.4224829758700595
2,3130,1.0,2.0,1.0940789864594505
2,3131,1.0,2.0,1.5888806836782894
2,3132,1.0,2.0,1.3923439619768618
2,3133,1.0,2.0,0.5664928924899127
2,3134,1.0,2.0,0.6490975357638445
2,3135,1.0,2.0,0.667839453879431
2,3136,1.0,2.0,1.008148643084899
2,3137,1.0,2.0,1.4088341082277356
2,3138,1.0,2.0,1.3069900696033432
2,3139,1.0,2.0,0.7574285484204133
2,3140,1.0,2.0,1.6753667060158435
2,3141,1.0,2.0,1.1879930096456817
2,3142,1.0,2.0,1.5824275878878482
2,3143,1.0,2.0,0.8180641286032625
2,3144,1.0,2.0,1.3541175929711358
2,3145,1.0,2.0,0.501690410602244
2,3146,1.0,2.0,0.6108905526094188
2,3147,1.0,2.0,0.2928490519639595
2,3148,1.0,2.0,1.6152773997198984
2,3149,1.0,2.0,1.3088790443692817
2,3150,1.0,2.0,0.290039610306274
2,3151,1.0,2.0,0.4826706017548943
2,3152,1.0,2.0,0.6374199152668247
2,3153,1.0,2.0,0.7290403135152772
2,3154,1.0,2.0,1.748419975490273
2,3155,1.0,2.0,1.796787702999102
2,3156,1.0,2.0,0.24297578112596974
2,3157,1.0,2.0,1.6087363212729515
2,3158,1.0,2.0,1.6933515567674096
2,3159,1.0,2.0,0.7423240130002545
2,3160,1.0,2.0,0.560246197943089
2,3161,1.0,2.0,0.892405152263627
2,3162,1.0,2.0,1.1160396148547869
2,3163,1.0,2.0,1.542067017172061
2,3164,1.0,2.0,1.4035317511415049
2,3165,1.0,2.0,1.2085191012834402
2,3166,1.0,2.0,1.6153216362557388
2,3167,1.0,2.0,0.743004916972749
2,3168,1.0,2.0,0.7024502584696827
2,3169,1.0,2.0,0.6841392510319501
2,3170,1.0,2.0,1.1372771662203147
2,3171,1.0,2.0,0.4184294079754333
2,3172,1.0,2.0,0.9351041865484256
2,3173,1.0,2.0,1.315411160939898
2,3174,1.0,2.0,1.8145817175554795
2,3175,1.0,2.0,1.3153612817835616
2,3176,1.0,2.0,1.2385438007395053
2,3177,1.0,2.0,1.3475021041272113
2,3178,1.0,2.0,1.8702904150668265
2,3179,1.0,2.0,1.6836044728593067
2,3180,1.0,2.0,1.3539614033571739
2,3181,1.0,2.0,1.1043763455484394
2,3182,1.0,2.0,0.3846897341094991
2,3183,1.0,2.0,1.4452263673322516
2,3184,1.0,2.0,0.9130084543047943
2,3185,1.0,2.0,1.1605112198649228
2,3186,1.0,2.0,0.4845593445496421
2,3187,1.0,2.0,0.7167634483662639
2,3188,1.0,2.0,0.5697850394046234
2,3189,1.0,2.0,0.21530276849961044
2,3190,1.0,2.0,1.0690171075419408
2,3191,1.0,2.0,0.5281330938480255
2,3192,1.0,2.0,1.5964095893675756
2,3193,1.0,2.0,1.6614617502545195
2,3194,1.0,2.0,0.8023674563877914
2,3195,1.0,2.0,0.22307188377462311
2,3196,1.0,2.0,1.5066834622325596
2,3197,1.0,2.0,1.744662229486484
2,3198,1.0,2.0,1.042518524284051
2,3199,1.0,2.0,0.6977047836330397
2,3200,1.0,2.0,0.5755782052634999
2,3201,1.0,2.0,0.7195476807888415
2,3202,1.0,2.0,0.6992827674131376
2,3203,1.0,2.0,0.4996093697199946
2,3204,1.0,2.0,0.41927697954089355
2,3205,1.0,2.0,0.5929697468479803
2,3206,1.0,2.0,1.0748847468953067
2,3207,1.0,2.0,1.8641040472419972
2,3208,1.0,2.0,1.1542562882574505
2,3209,1.0,2.0,1.2101126307011132
2,3210,1.0,2.0,0.6956964280864302
2,3211,1.0,2.0,0.5428259250923443
2,3212,1.0,2.0,0.4698563627868319
2,3213,1.0,2.0,1.3819954306662665
2,3214,1.0,2.0,0.13474438339295058
2,3215,1.0,2.0,1.1774779763527918
2,3216,1.0,2.0,1.5588748323398725
2,3217,1.0,2.0,1.5444871270477067
2,3218,1.0,2.0,0.9343729622917311
2,3219,1.0,2.0,0.7113180061601813
2,3220,1.0,2.0,0.7918892216868167
2,3221,1.0,2.0,1.5537565661443806
2,3222,1.0,2.0,1.0635007128301628
2,3223,1.0,2.0,0.7059006095637137
2,3224,1.0,2.0,0.20984701512748413
2,3225,1.0,2.0,1.6188758374383798
2,3226,1.0,2.0,1.6039788586240862
2,3227,1.0,2.0,1.012301119559513
2,3228,1.0,2.0,0.3891325397001715
2,3229,1.0,2.0,0.8185840787430653
2,3230,1.0,2.0,1.2182502709922436
2,3231,1.0,2.0,1.3678759544887238
2,3232,1.0,2.0,1.30327314846238
2,3233,1.0,2.0,0.9487717302787685
2,3234,1.0,2.0,1.3764471822004833
2,3235,1.0,2.0,0.2380389524823318
2,3236,1.0,2.0,1.53349937001413
2,3237,1.0,2.0,1.0739406487977567
2,3238,1.0,2.0,0.6676133363655825
2,3239,1.0,2.0,1.1280416695876743
2,3240,1.0,2.0,0.4966834937128318
2,3241,1.0,2.0,0.6828756565493316
2,3242,1.0,2.0,0.8094373686602483
2,3243,1.0,2.0,1.103366824099737
2,3244,1.0,2.0,0.9758387362984816
2,3245,1.0,2.0,0.23591363308711957
2,3246,1.0,2.0,1.3600204320780764
2,3247,1.0,2.0,1.010608003109581
2,3248,1.0,2.0,1.586989989283624
2,3249,1.0,2.0,1.3634759657078674
2,3250,1.0,2.0,0.7221611230621132
2,3251,1.0,2.0,0.8635014419001518
2,3252,1.0,2.0,0.5138007122567435
2,3253,1.0,2.0,0.8168366080773675
2,3254,1.0,2.0,0.7826738114148788
2,3255,1.0,2.0,1.0825784429741852
2,3256,1.0,2.0,1.4571121152570676
2,3257,1.0,2.0,1.0261073285193159
2,3258,1.0,2.0,1.3264075453790012
2,3259,1.0,2.0,0.5890890801943645
2,3260,1.0,2.0,0.34720626663192805
2,3261,1.0,2.0,0.9369603784757752
2,3262,1.0,2.0,0.8419888818480352
2,3263,1.0,2.0,1.3510681251121204
2,3264,1.0,2.0,1.1657441450518018
2,3265,1.0,2.0,0.5712804539814228
2,3266,1.0,2.0,1.2043920568519357
2,3267,1.0,2.0,0.5696756835860011
2,3268,1.0,2.0,0.6166242498949343
2,3269,1.0,2.0,0.4308558983310564
2,3270,1.0,2.0,1.306330207420093
2,3271,1.0,2.0,0.8803549918446848
2,3272,1.0,2.0,0.4249422007399253
2,3273,1.0,2.0,1.5663777263791938
2,3274,1.0,2.0,1.0881941499903784
2,3275,1.0,2.0,0.9119829323937428
2,3276,1.0,2.0,0.46174037099857207
2,3277,1.0,2.0,0.5391572608636297
2,3278,1.0,2.0,0.9184384254336893
2,3279,1.0,2.0,0.43886562790676503
2,3280,1.0,2.0,1.432510307877768
2,3281,1.0,2.0,1.186291589305429
2,3282,1.0,2.0,0.20679591885981016
2,3283,1.0,2.0,1.0551321579253026
2,3284,1.0,2.0,1.7124416198247054
2,3285,1.0,2.0,1.6001742767792806
2,3286,1.0,2.0,0.9150654166193753
2,3287,1.0,2.0,0.8808954774322348
2,3288,1.0,2.0,0.7586110324124845
2,3289,1.0,2.0,0.8581706357712985
2,3290,1.0,2.0,0.759828054328598
2,3291,1.0,2.0,0.6107365682626215
2,3292,1.0,2.0,0.9497420619751842
2,3293,1.0,2.0,0.6034675254594378
2,3294,1.0,2.0,0.5259081287076857
2,3295,1.0,2.0,1.3038990795968524
2,3296,1.0,2.0,0.7988612026439009
2,3297,1.0,2.0,0.9166223010286181
2,3298,1.0,2.0,0.7670952213686364
2,3299,1.0,2.0,1.3971419641138079
2,3300,1.0,2.0,1.3650985348809521
2,3301,1.0,2.0,1.111497782679746
2,3302,1.0,2.0,0.14847112389041334
2,3303,1.0,2.0,1.0507803014707062
2,3304,1.0,2.0,1.1375649766720626
2,3305,1.0,2.0,0.9910279906184957
2,3306,1.0,2.0,1.622977125048703
2,3307,1.0,2.0,0.6874768448387878
2,3308,1.0,2.0,1.0831183693912894
2,3309,1.0,2.0,1.815404662430692
2,3310,1.0,2.0,1.5400394092009995
2,3311,1.0,2.0,0.7544167063810654
2,3312,1.0,2.0,0.4097853625893021
2,3313,1.0,2.0,0.6295103931291118
2,3314,1.0,2.0,1.1822782555607056
2,3315,1.0,2.0,0.4249829794866979
2,3316,1.0,2.0,1.0004350947353742
2,3317,1.0,2.0,1.0870733889090987
2,3318,1.0,2.0,0.6635695905366573
2,3319,1.0,2.0,0.16101874993844797
2,3320,1.0,2.0,0.984107108894313
2,3321,1.0,2.0,0.2838056975878491
2,3322,1.0,2.0,1.4927051084786749
2,3323,1.0,2.0,1.344143075049741
2,3324,1.0,2.0,0.761192592109073
2,3325,1.0,2.0,1.2493647816285298
2,3326,1.0,2.0,0.894627146788813
2,3327,1.0,2.0,0.9297758142816992
2,3328,1.0,2.0,1.4706737976680349
2,3329,1.0,2.0,0.8512365594759232
2,3330,1.0,2.0,0.7698674252679631
2,3331,1.0,2.0,1.0870740126573417
2,3332,1.0,2.0,0.8961608778066952
2,3333,1.0,2.0,1.1161150230240602
2,3334,1.0,2.0,0.3648868664507934
2,3335,1.0,2.0,1.3653225747958122
2,3336,1.0,2.0,0.5350564226156311
2,3337,1.0,2.0,1.6754453413842914
2,3338,1.0,2.0,0.8872197796086221
2,3339,1.0,2.0,0.7361490329298617
2,3340,1.0,2.0,1.2881926086371784
2,3341,1.0,2.0,1.1852177678861362
2,3342,1.0,2.0,0.6763095378942395
2,3343,1.0,2.0,0.570127768687957
2,3344,1.0,2.0,0.18702156035096296
2,3345,1.0,2.0,1.0654495166254683
2,3346,1.0,2.0,1.5464311614474435
2,3347,1.0,2.0,0.2968067444497136
2,3348,1.0,2.0,0.5449275355171013
2,3349,1.0,2.0,1.302370198688619
2,3350,1.0,2.0,1.1399067141284518
2,3351,1.0,2.0,1.492989421651815
2,3352,1.0,2.0,1.3018549722437744
2,3353,1.0,2.0,1.4545783011653075
2,3354,1.0,2.0,1.6397615488030173
2,3355,1.0,2.0,1.4290860336013018
2,3356,1.0,2.0,0.46723506657346986
2,3357,1.0,2.0,0.8006383764227306
2,3358,1.0,2.0,1.0328129965197341
2,3359,1.0,2.0,1.8662675716032384
2,3360,1.0,2.0,1.2543272214336114
2,3361,1.0,2.0,0.7709559914863143
2,3362,1.0,2.0,1.201325881898137
2,3363,1.0,2.0,1.3628709410904984
2,3364,1.0,2.0,0.938901548619944
2,3365,1.0,2.0,0.34493255427444947
2,3366,1.0,2.0,1.4394922412720443
2,3367,1.0,2.0,1.0563844235880024
2,3368,1.0,2.0,0.5294500030016098
2,3369,1.0,2.0,0.5012931006836205
2,3370,1.0,2.0,1.8831080836401315
2,3371,1.0,2.0,0.6856438661133958
2,3372,1.0,2.0,1.2403602720882123
2,3373,1.0,2.0,0.9575365354527604
2,3374,1.0,2.0,0.7659859393072501
2,3375,1.0,2.0,0.888045661624694
2,3376,1.0,2.0,1.5371176140768066
2,3377,1.0,2.0,0.5462435881009794
2,3378,1.0,2.0,1.1179071948188795
2,3379,1.0,2.0,0.6066815645002686
2,3380,1.0,2.0,0.4233059017342945
2,3381,1.0,2.0,1.277840593092904
2,3382,1.0,2.0,1.4712278796390497
2,3383,1.0,2.0,0.7634007839813337
2,3384,1.0,2.0,0.34882462912105283
2,3385,1.0,2.0,1.517437168908579
2,3386,1.0,2.0,0.8232117517438668
2,3387,1.0,2.0,1.8911034482050841
2,3388,1.0,2.0,0.6696962003233199
2,3389,1.0,2.0,1.502123568766714
2,3390,1.0,2.0,1.823785561104607
2,3391,1.0,2.0,0.32478369249867756
2,3392,1.0,2.0,0.9948214660958
2,3393,1.0,2.0,0.8550670023270516
2,3394,1.0,2.0,1.3029170111131796
2,3395,1.0,2.0,1.4622154568756502
2,3396,1.0,2.0,0.7540757811180905
2,3397,1.0,2.0,0.810533694124595
2,3398,1.0,2.0,0.13981057156032173
2,3399,1.0,2.0,0.7596085389835521
2,3400,1.0,2.0,1.094229673857781
2,3401,1.0,2.0,0.7801781358477936
2,3402,1.0,2.0,0.6897575807037405
2,3403,1.0,2.0,1.484715927115035
2,3404,1.0,2.0,0.7661896540104742
2,3405,1.0,2.0,1.2052464775150589
2,3406,1.0,2.0,0.7170459824236608
2,3407,1.0,2.0,1.4349000020028821
2,3408,1.0,2.0,0.7808506590626035
2,3409,1.0,2.0,0.8987530491938298
2,3410,1.0,2.0,0.42317894292727015
2,3411,1.0,2.0,1.1435001911445586
2,3412,1.0,2.0,0.7589116096308167
2,3413,1.0,2.0,0.41103322401554127
2,3414,1.0,2.0,0.8109875988635064
2,3415,1.0,2.0,1.2650050955295191
2,3416,1.0,2.0,0.6847966378525985
2,3417,1.0,2.0,0.7317806957663016
2,3418,1.0,2.0,1.385927151505241
2,3419,1.0,2.0,0.5913655482408724
2,3420,1.0,2.0,0.5856775824325482
2,3421,1.0,2.0,1.2447241621947036
2,3422,1.0,2.0,1.504488987726426
2,3423,1.0,2.0,0.6229436463407637
2,3424,1.0,2.0,1.7665222908335836
2,3425,1.0,2.0,1.650046593083097
2,3426,1.0,2.0,0.4165404610422087
2,3427,1.0,2.0,0.8497252593733906
2,3428,1.0,2.0,0.7810253896111516
2,3429,1.0,2.0,1.058709042600603
2,3430,1.0,2.0,1.4538363065037068
2,3431,1.0,2.0,1.5561309924604023
2,3432,1.0,2.0,1.24357747019874
2,3433,1.0,2.0,0.7903417605043104
2,3434,1.0,2.0,0.2617354319888245
2,3435,1.0,2.0,0.6140340785681161
2,3436,1.0,2.0,0.9794852172606396
2,3437,1.0,2.0,1.5612959322325437
2,3438,1.0,2.0,0.5973946124261431
2,3439,1.0,2.0,1.205462620790666
2,3440,1.0,2.0,1.3269364921255464
2,3441,1.0,2.0,0.8341872156892423
2,3442,1.0,2.0,1.3950478964371362
2,3443,1.0,2.0,1.7393628967773929
2,3444,1.0,2.0,0.78643175398664
2,3445,1.0,2.0,0.3863652899410314
2,3446,1.0,2.0,0.14078861300704773
2,3447,1.0,2.0,0.5423252368743039
2,3448,1.0,2.0,0.848201926947395
2,3449,1.0,2.0,1.4102188294665923
2,3450,1.0,2.0,0.7249395812123234
2,3451,1.0,2.0,0.9250269947963771
2,3452,1.0,2.0,0.5961735539758255
2,3453,1.0,2.0,0.9609895453168495
2,3454,1.0,2.0,0.9376374279958757
2,3455,1.0,2.0,0.9042669200974663
2,3456,1.0,2.0,0.7141189295146904
2,3457,1.0,2.0,1.6046157754393655
2,3458,1.0,2.0,0.8609743812778806
2,3459,1.0,2.0,1.852730038515894
2,3460,1.0,2.0,0.6422347853638628
2,3461,1.0,2.0,1.593454410482995
2,3462,1.0,2.0,0.931222991524611
2,3463,1.0,2.0,1.1730488703605961
2,3464,1.0,2.0,0.39237062852504284
2,3465,1.0,2.0,1.7334551521116763
2,3466,1.0,2.0,1.8394167127390124
2,3467,1.0,2.0,0.9939907322725827
2,3468,1.0,2.0,0.7934372908435634
2,3469,1.0,2.0,0.9222288045872207
2,3470,1.0,2.0,1.5874624822744525
2,3471,1.0,2.0,1.5875730416893723
2,3472,1.0,2.0,1.0432237898897494
2,3473,1.0,2.0,0.2506231794360994
2,3474,1.0,2.0,1.1895800961704932
2,3475,1.0,2.0,0.8669858897774319
2,3476,1.0,2.0,1.545889854929835
2,3477,1.0,2.0,1.3405747874566805
2,3478,1.0,2.0,1.365874428549827
2,3479,1.0,2.0,0.8315796137620206
2,3480,1.0,2.0,0.7034922876364748
2,3481,1.0,2.0,1.9731856663138037
2,3482,1.0,2.0,1.1945567833369997
2,3483,1.0,2.0,0.6646932632594118
2,3484,1.0,2.0,1.1401570873287905
2,3485,1.0,2.0,0.994006631553039
2,3486,1.0,2.0,1.0560746963882859
2,3487,1.0,2.0,1.0229156986613654
2,3488,1.0,2.0,0.7341120216162456
2,3489,1.0,2.0,0.7521117505652515
2,3490,1.0,2.0,1.8546195455133472
2,3491,1.0,2.0,1.0757594792244851
2,3492,1.0,2.0,0.30658119250626387
2,3493,1.0,2.0,1.5812802321349841
2,3494,1.0,2.0,0.5727935722024633
2,3495,1.0,2.0,0.3976881535734891
2,3496,1.0,2.0,0.599602690950146
2,3497,1.0,2.0,1.204157594003134
2,3498,1.0,2.0,0.6430147468074875
2,3499,1.0,2.0,0.9624687575639168
2,3500,1.0,2.0,1.269630146666936
2,3501,1.0,2.0,0.40157390988175956
2,3502,1.0,2.0,0.4051294851382681
2,3503,1.0,2.0,0.3666293688561702
2,3504,1.0,2.0,1.152530036927169
2,3505,1.0,2.0,0.2949794619988793
2,3506,1.0,2.0,1.0791306417286597
2,3507,1.0,2.0,0.4037359455519606
2,3508,1.0,2.0,0.934230574662785
2,3509,1.0,2.0,0.8898966020922306
2,3510,1.0,2.0,1.3595054704781684
2,3511,1.0,2.0,0.3341588142588421
2,3512,1.0,2.0,0.498096697451482
2,3513,1.0,2.0,1.0966819505649203
2,3514,1.0,2.0,1.0100941101585326
2,3515,1.0,2.0,1.5884241423695977
2,3516,1.0,2.0,1.38815828446715
2,3517,1.0,2.0,1.2601814082117255
2,3518,1.0,2.0,1.598302070779161
2,3519,1.0,2.0,1.0938890283739764
2,3520,1.0,2.0,0.44967235304191394
2,3521,1.0,2.0,0.1927202388132753
2,3522,1.0,2.0,1.3823201728124415
2,3523,1.0,2.0,0.7714302625982123
2,3524,1.0,2.0,1.3599645187410203
2,3525,1.0,2.0,1.381292552656452
2,3526,1.0,2.0,0.9635080545770824
2,3527,1.0,2.0,0.6351032843055688
2,3528,1.0,2.0,1.6974203115904065
2,3529,1.0,2.0,1.4872942041534523
2,3530,1.0,2.0,0.6296479034406745
2,3531,1.0,2.0,0.32592564625857906
2,3532,1.0,2.0,1.708046280361701
2,3533,1.0,2.0,0.5403080107930817
2,3534,1.0,2.0,0.7590217661223287
2,3535,1.0,2.0,0.640895734656135
2,3536,1.0,2.0,0.8638783197091963
2,3537,1.0,2.0,0.1598299016044116
2,3538,1.0,2.0,0.9555725099500136
2,3539,1.0,2.0,1.5227774588966079
2,3540,1.0,2.0,1.152064528029171
2,3541,1.0,2.0,0.2938676463777749
2,3542,1.0,2.0,0.3731620177116983
2,3543,1.0,2.0,1.4816722778550568
2,3544,1.0,2.0,0.9863768901933471
2,3545,1.0,2.0,1.065398395617105
2,3546,1.0,2.0,1.5536346086997206
2,3547,1.0,2.0,1.2647575951780328
2,3548,1.0,2.0,1.4549822880684542
2,3549,1.0,2.0,0.7814328688917719
2,3550,1.0,2.0,1.528111731223154
2,3551,1.0,2.0,1.006335192196588
2,3552,1.0,2.0,0.5741139888646047
2,3553,1.0,2.0,1.1256608462169013
2,3554,1.0,2.0,1.158711548901503
2,3555,1.0,2.0,0.5916547732105002
2,3556,1.0,2.0,1.2624814172171521
2,3557,1.0,2.0,1.6205926125546954
2,3558,1.0,2.0,0.460679155748019
2,3559,1.0,2.0,1.6665277719791323
2,3560,1.0,2.0,1.6943889931534146
2,3561,1.0,2.0,0.13498331850185283
2,3562,1.0,2.0,0.2993674348192569
2,3563,1.0,2.0,1.1048265193208469
2,3564,1.0,2.0,0.5395471295050543
2,3565,1.0,2.0,1.3457039282335996
2,3566,1.0,2.0,1.3738115864612754
2,3567,1.0,2.0,0.9210292783037904
2,3568,1.0,2.0,0.41955492481467604
2,3569,1.0,2.0,0.46795937044721486
2,3570,1.0,2.0,0.36630619167119766
2,3571,1.0,2.0,0.999410326673918
2,3572,1.0,2.0,1.010353795766585
2,3573,1.0,2.0,1.2858182498146582
2,3574,1.0,2.0,0.3764989282552933
2,3575,1.0,2.0,1.5806392410587025
2,3576,1.0,2.0,0.5399068026112827
2,3577,1.0,2.0,0.9525325039158472
2,3578,1.0,2.0,1.7380279039501925
2,3579,1.0,2.0,1.3742832295191127
2,3580,1.0,2.0,0.5035157128252815
2,3581,1.0,2.0,0.01988100527375558
2,3582,1.0,2.0,0.4496498918212043
2,3583,1.0,2.0,1.3395298043557289
2,3584,1.0,2.0,0.9563856946550625
2,3585,1.0,2.0,0.9888379565018532
2,3586,1.0,2.0,0.7304649772346136
2,3587,1.0,2.0,0.8782384854964389
2,3588,1.0,2.0,1.09112201364008
2,3589,1.0,2.0,0.27508509320113095
2,3590,1.0,2.0,0.3580184913879548
2,3591,1.0,2.0,1.1307252372014163
2,3592,1.0,2.0,0.5577520873759436
2,3593,1.0,2.0,1.4726036289444981
2,3594,1.0,2.0,1.7167865500599868
2,3595,1.0,2.0,1.1571637816092952
2,3596,1.0,2.0,0.8550807970961392
2,3597,1.0,2.0,0.8255913754406162
2,3598,1.0,2.0,0.8810029578095568
2,3599,1.0,2.0,0.6861385122715449
2,3600,1.0,2.0,0.5353199769580652
2,3601,1.0,2.0,0.3460978154856285
2,3602,1.0,2.0,0.7405909364153054
2,3603,1.0,2.0,0.7099251756943281
2,3604,1.0,2.0,0.443254115944165
2,3605,1.0,2.0,1.3117889086698562
2,3606,1.0,2.0,0.6166502304777773
2,3607,1.0,2.0,0.9430168245903204
2,3608,1.0,2.0,0.7499653989425389
2,3609,1.0,2.0,0.5416056805578433
2,3610,1.0,2.0,0.784173312972832
2,3611,1.0,2.0,0.3977123750516876
2,3612,1.0,2.0,0.6627964480569354
2,3613,1.0,2.0,0.46123545308273595
2,3614,1.0,2.0,0.9741224562497521
2,3615,1.0,2.0,1.2047627455284546
2,3616,1.0,2.0,1.6771129382801122
2,3617,1.0,2.0,1.5431352346025942
2,3618,1.0,2.0,1.3016502799999528
2,3619,1.0,2.0,1.599519888109556
2,3620,1.0,2.0,0.5717647814488822
2,3621,1.0,2.0,0.9575162449417092
2,3622,1.0,2.0,0.08516721033355534
2,3623,1.0,2.0,0.6751959962889471
2,3624,1.0,2.0,0.8141407863396981
2,3625,1.0,2.0,0.8528425138806519
2,3626,1.0,2.0,0.5236795676896603
2,3627,1.0,2.0,0.9561362724939733
2,3628,1.0,2.0,0.30064210274409975
2,3629,1.0,2.0,1.5051505219512693
2,3630,1.0,2.0,1.022173476354253
2,3631,1.0,2.0,0.6948823096404512
2,3632,1.0,2.0,1.764474866480634
2,3633,1.0,2.0,0.47050417638334463
2,3634,1.0,2.0,0.9803432038523311
2,3635,1.0,2.0,0.20298650999741233
2,3636,1.0,2.0,1.3405026072981427
2,3637,1.0,2.0,0.904867590739356
2,3638,1.0,2.0,0.966138856589443
2,3639,1.0,2.0,1.6964841623131122
2,3640,1.0,2.0,0.8683943589533637
2,3641,1.0,2.0,0.2124994105046685
2,3642,1.0,2.0,0.8847214118994402
2,3643,1.0,2.0,0.8300348044721987
2,3644,1.0,2.0,0.583278208561745
2,3645,1.0,2.0,0.6791323108071265
2,3646,1.0,2.0,0.6975910588938816
2,3647,1.0,2.0,0.06252148186749912
2,3648,1.0,2.0,1.588816004418831
2,3649,1.0,2.0,1.402925968428199
2,3650,1.0,2.0,0.43240508942443706
2,3651,1.0,2.0,0.5225535665168606
2,3652,1.0,2.0,1.956973170924999
2,3653,1.0,2.0,0.736863861551098
2,3654,1.0,2.0,1.3816805922882025
2,3655,1.0,2.0,1.2320091595635643
2,3656,1.0,2.0,0.1737242343066049
2,3657,1.0,2.0,1.2542331048492605
2,3658,1.0,2.0,0.35207159310646746
2,3659,1.0,2.0,0.9989845278575317
2,3660,1.0,2.0,0.7582663899083795
2,3661,1.0,2.0,0.6445816499990765
2,3662,1.0,2.0,1.4961301264401836
2,3663,1.0,2.0,1.8016562127839868
2,3664,1.0,2.0,0.744130498927645
2,3665,1.0,2.0,0.7730563515528429
2,3666,1.0,2.0,1.2802412294439045
2,3667,1.0,2.0,1.5781340678427136
2,3668,1.0,2.0,0.042261166602379295
2,3669,1.0,2.0,0.42807841911713734
2,3670,1.0,2.0,0.954399838807778
2,3671,1.0,2.0,1.7136753161929037
2,3672,1.0,2.0,1.2111734680590707
2,3673,1.0,2.0,1.4723205433166222
2,3674,1.0,2.0,0.8871397180362606
2,3675,1.0,2.0,0.7611702485666326
2,3676,1.0,2.0,1.1486425189922573
2,3677,1.0,2.0,1.5280790259458494
2,3678,1.0,2.0,1.953907304722244
2,3679,1.0,2.0,1.3335820410698551
2,3680,1.0,2.0,0.7033877551357908
2,3681,1.0,2.0,0.14472982832876957
2,3682,1.0,2.0,1.2035777902127411
2,3683,1.0,2.0,0.8320197483453018
2,3684,1.0,2.0,0.9594926314136545
2,3685,1.0,2.0,1.3583518254590103
2,3686,1.0,2.0,0.18832157619010384
2,3687,1.0,2.0,0.9812641499595051
2,3688,1.0,2.0,1.5403621387414341
2,3689,1.0,2.0,0.9913982362204667
2,3690,1.0,2.0,1.211028288172503
2,3691,1.0,2.0,0.24865567419233175
2,3692,1.0,2.0,0.7188335506430692
2,3693,1.0,2.0,1.2589189896761739
2,3694,1.0,2.0,0.1488269175512175
2,3695,1.0,2.0,1.5495025344669346
2,3696,1.0,2.0,0.7016249127280345
2,3697,1.0,2.0,1.0161258730686589
2,3698,1.0,2.0,0.4698464442521064
2,3699,1.0,2.0,1.0033620497936395
2,3700,1.0,2.0,1.176864057537018
2,3701,1.0,2.0,0.7121022156833173
2,3702,1.0,2.0,0.29239330120384166
2,3703,1.0,2.0,0.804272596749039
2,3704,1.0,2.0,0.7096998490781629
2,3705,1.0,2.0,0.729682064234514
2,3706,1.0,2.0,0.2605532608354347
2,3707,1.0,2.0,0.515044743108335
2,3708,1.0,2.0,0.6555418273117901
2,3709,1.0,2.0,0.7367716760761944
2,3710,1.0,2.0,1.5202722177482222
2,3711,1.0,2.0,1.4532875524762106
2,3712,1.0,2.0,1.0023813420269903
2,3713,1.0,2.0,0.3293674541302049
2,3714,1.0,2.0,0.6956595538732373
2,3715,1.0,2.0,1.8237933186096962
2,3716,1.0,2.0,1.2272934564133697
2,3717,1.0,2.0,1.7365824483523444
2,3718,1.0,2.0,1.033095106808549
2,3719,1.0,2.0,0.6046389363664065
2,3720,1.0,2.0,1.2417304443790278
2,3721,1.0,2.0,0.8675553937128717
2,3722,1.0,2.0,1.1342526931480734
2,3723,1.0,2.0,0.5667562354302562
2,3724,1.0,2.0,0.8647727247251535
2,3725,1.0,2.0,0.9586243567341809
2,3726,1.0,2.0,0.7116777124989289
2,3727,1.0,2.0,1.654244877995707
2,3728,1.0,2.0,1.2286010285136622
2,3729,1.0,2.0,0.6278185265319529
2,3730,1.0,2.0,0.40473084625096806
2,3731,1.0,2.0,0.8007547525858815
2,3732,1.0,2.0,0.840386463297792
2,3733,1.0,2.0,1.1701405609070263
2,3734,1.0,2.0,0.6577663000999767
2,3735,1.0,2.0,1.4715298395196026
2,3736,1.0,2.0,1.6190654307262964
2,3737,1.0,2.0,0.80442407541773
2,3738,1.0,2.0,0.4268802899879491
2,3739,1.0,2.0,1.1760797197397355
2,3740,1.0,2.0,0.9143955351243893
2,3741,1.0,2.0,0.649124307330357
2,3742,1.0,2.0,0.4192911313775935
2,3743,1.0,2.0,0.774242059029377
2,3744,1.0,2.0,0.40440008354775164
2,3745,1.0,2.0,0.949603859315638
2,3746,1.0,2.0,1.2462017175829212
2,3747,1.0,2.0,0.6280714892120594
2,3748,1.0,2.0,1.0957341454660052
2,3749,1.0,2.0,0.7564717673864556
2,3750,1.0,2.0,1.2905851475826235
2,3751,1.0,2.0,0.3918073722139949
2,3752,1.0,2.0,0.760560007828164
2,3753,1.0,2.0,0.8706024267296529
2,3754,1.0,2.0,0.9382920733346827
2,3755,1.0,2.0,0.5470264051080268
2,3756,1.0,2.0,0.563640669783229
2,3757,1.0,2.0,1.1289724976254467
2,3758,1.0,2.0,1.7414966728154773
2,3759,1.0,2.0,0.5931442363288192
2,3760,1.0,2.0,1.2281822323073421
2,3761,1.0,2.0,1.411344023849649
2,3762,1.0,2.0,0.2352297111728827
2,3763,1.0,2.0,1.1378645179394504
2,3764,1.0,2.0,1.5860493358677865
2,3765,1.0,2.0,0.9729456507403996
2,3766,1.0,2.0,0.6791071779715139
2,3767,1.0,2.0,0.8294752440933526
2,3768,1.0,2.0,1.3064574733037007
2,3769,1.0,2.0,0.4457490974554303
2,3770,1.0,2.0,0.23554277617858244
2,3771,1.0,2.0,0.975076970323732
2,3772,1.0,2.0,0.6836581266602103
2,3773,1.0,2.0,0.7129836350434349
2,3774,1.0,2.0,0.6862691432567398
2,3775,1.0,2.0,1.0214011581931064
2,3776,1.0,2.0,0.6671526010548672
2,3777,1.0,2.0,1.8361018531868787
2,3778,1.0,2.0,1.1196035143433916
2,3779,1.0,2.0,0.6247818648601347
2,3780,1.0,2.0,1.2493197142841994
2,3781,1.0,2.0,0.6376559550122222
2,3782,1.0,2.0,0.41886455341511153
2,3783,1.0,2.0,1.3438376802541159
2,3784,1.0,2.0,1.1461923092709567
2,3785,1.0,2.0,1.7220727532363023
2,3786,1.0,2.0,0.24357638115583038
2,3787,1.0,2.0,1.0055894437317279
2,3788,1.0,2.0,1.2004524713302778
2,3789,1.0,2.0,0.9568120061053048
2,3790,1.0,2.0,1.34553873131149
2,3791,1.0,2.0,1.7290720768733852
2,3792,1.0,2.0,0.5380742857766143
2,3793,1.0,2.0,0.5546590919678374
2,3794,1.0,2.0,0.3335209405772217
2,3795,1.0,2.0,0.7800864361792587
2,3796,1.0,2.0,1.0715292572425188
2,3797,1.0,2.0,0.684401692218188
2,3798,1.0,2.0,0.4774119728665276
2,3799,1.0,2.0,0.9988692920623935
2,3800,1.0,2.0,0.8762530019436138
2,3801,1.0,2.0,0.07167102800658422
2,3802,1.0,2.0,0.9356913720981248
2,3803,1.0,2.0,0.7269847111133565
2,3804,1.0,2.0,1.3517891316407107
2,3805,1.0,2.0,0.9490981646224682
2,3806,1.0,2.0,1.2442024250000696
2,3807,1.0,2.0,0.7714798142066249
2,3808,1.0,2.0,0.8076742492407375
2,3809,1.0,2.0,1.141678329489881
2,3810,1.0,2.0,1.2208609310474263
2,3811,1.0,2.0,1.5248129713144973
2,3812,1.0,2.0,0.9149642043996625
2,3813,1.0,2.0,0.7142826153374019
2,3814,1.0,2.0,0.27953546813916136
2,3815,1.0,2.0,0.8457090154699176
2,3816,1.0,2.0,0.8003087293215534
2,3817,1.0,2.0,0.09216618811305448
2,3818,1.0,2.0,0.9962035950003184
2,3819,1.0,2.0,0.5959162175225307
2,3820,1.0,2.0,0.21247657295708364
2,3821,1.0,2.0,1.1229141788429304
2,3822,1.0,2.0,0.9723155651048409
2,3823,1.0,2.0,1.7619790469787784
2,3824,1.0,2.0,1.654628194118136
2,3825,1.0,2.0,0.540670279745684
2,3826,1.0,2.0,0.211467069465487
2,3827,1.0,2.0,0.8801960514865416
2,3828,1.0,2.0,0.30695369240801684
2,3829,1.0,2.0,1.2137907030630588
2,3830,1.0,2.0,0.8955803387152167
2,3831,1.0,2.0,1.2590051364134554
2,3832,1.0,2.0,0.8641418701942204
2,3833,1.0,2.0,1.5106252888161211
2,3834,1.0,2.0,0.6617188357263342
2,3835,1.0,2.0,0.48733512937179263
2,3836,1.0,2.0,0.8207416072927336
2,3837,1.0,2.0,0.7992626006246267
2,3838,1.0,2.0,1.1228663441951943
2,3839,1.0,2.0,1.6139957578507687
2,3840,1.0,2.0,1.1050134306533343
2,3841,1.0,2.0,0.26684357526786295
2,3842,1.0,2.0,0.3061640393537643
2,3843,1.0,2.0,0.6584474403349974
2,3844,1.0,2.0,1.0022029675629094
2,3845,1.0,2.0,0.8170260526925659
2,3846,1.0,2.0,0.8611374139168171
2,3847,1.0,2.0,0.9828595951515546
2,3848,1.0,2.0,1.401068336044327
2,3849,1.0,2.0,0.41995672437333437
2,3850,1.0,2.0,0.7913815608089004
2,3851,1.0,2.0,1.6042656989023345
2,3852,1.0,2.0,1.295145700679237
2,3853,1.0,2.0,0.8029957168357894
2,3854,1.0,2.0,1.1637038170160503
2,3855,1.0,2.0,1.06581534793867
2,3856,1.0,2.0,0.3094732520645315
2,3857,1.0,2.0,0.3969654418611365
2,3858,1.0,2.0,0.8309782412343534
2,3859,1.0,2.0,0.1754185791573801
2,3860,1.0,2.0,1.4670716398701527
2,3861,1.0,2.0,0.8591218671950366
2,3862,1.0,2.0,0.10098293399372366
2,3863,1.0,2.0,1.0466022196614544
2,3864,1.0,2.0,0.6990481459575445
2,3865,1.0,2.0,1.6270294327927761
2,3866,1.0,2.0,1.0713339169810494
2,3867,1.0,2.0,0.9596581789280803
2,3868,1.0,2.0,0.9342303202251321
2,3869,1.0,2.0,0.07850153633485438
2,3870,1.0,2.0,0.44144865221564594
2,3871,1.0,2.0,0.7940487902669108
2,3872,1.0,2.0,1.2735070417222847
2,3873,1.0,2.0,0.9917027749658256
2,3874,1.0,2.0,0.6025117149180409
2,3875,1.0,2.0,1.1977800984070743
2,3876,1.0,2.0,0.9612941947121676
2,3877,1.0,2.0,0.348913889588416
2,3878,1.0,2.0,0.45487939813510186
2,3879,1.0,2.0,0.979550267184496
2,3880,1.0,2.0,1.2410056242819505
2,3881,1.0,2.0,1.3930269478719466
2,3882,1.0,2.0,0.6845704250150163
2,3883,1.0,2.0,0.6175692654524823
2,3884,1.0,2.0,0.5281197170880688
2,3885,1.0,2.0,1.847797934839235
2,3886,1.0,2.0,0.5136557284676122
2,3887,1.0,2.0,0.20447780315262126
2,3888,1.0,2.0,0.998885977860901
2,3889,1.0,2.0,1.4084911393257757
2,3890,1.0,2.0,0.7273057040672298
2,3891,1.0,2.0,0.9662795169224087
2,3892,1.0,2.0,1.0411936771923167
2,3893,1.0,2.0,0.46378481036678976
2,3894,1.0,2.0,0.6552661783741749
2,3895,1.0,2.0,0.7370581860651376
2,3896,1.0,2.0,1.348688605995286
2,3897,1.0,2.0,0.5591824152304529
2,3898,1.0,2.0,1.4754622906187547
2,3899,1.0,2.0,0.8587292736183474
2,3900,1.0,2.0,1.323136523286895
2,3901,1.0,2.0,1.4542452286484626
2,3902,1.0,2.0,1.3441740414382854
2,3903,1.0,2.0,1.6811400734219988
2,3904,1.0,2.0,0.5600984408180352
2,3905,1.0,2.0,1.4551453455897847
2,3906,1.0,2.0,0.8712303285308943
2,3907,1.0,2.0,1.372885426831775
2,3908,1.0,2.0,0.6742103268415982
2,3909,1.0,2.0,0.9084957815624893
2,3910,1.0,2.0,0.9096889790179005
2,3911,1.0,2.0,1.3196670212668649
2,3912,1.0,2.0,1.37881037242343
2,3913,1.0,2.0,1.2666580028158552
2,3914,1.0,2.0,0.22633431773964902
2,3915,1.0,2.0,0.8862958042534261
2,3916,1.0,2.0,0.7252787818152321
2,3917,1.0,2.0,0.02613621971774405
2,3918,1.0,2.0,1.1586143704996923
2,3919,1.0,2.0,0.1856769995145662
2,3920,1.0,2.0,1.3091221101733748
2,3921,1.0,2.0,0.9233361029169712
2,3922,1.0,2.0,1.1505515808956586
2,3923,1.0,2.0,0.4563250054296442
2,3924,1.0,2.0,1.3228830626171497
2,3925,1.0,2.0,0.8154659534892577
2,3926,1.0,2.0,0.75866453804478
2,3927,1.0,2.0,1.363319912052118
2,3928,1.0,2.0,0.9700014682182949
2,3929,1.0,2.0,0.605571549774303
2,3930,1.0,2.0,0.6807984097322761
2,3931,1.0,2.0,0.4398813936633084
2,3932,1.0,2.0,0.9525398460034954
2,3933,1.0,2.0,0.7916928609454706
2,3934,1.0,2.0,0.331975012907125
2,3935,1.0,2.0,1.6791239955891113
2,3936,1.0,2.0,0.6802982455943477
2,3937,1.0,2.0,0.1517477561582818
2,3938,1.0,2.0,0.4884408917062346
2,3939,1.0,2.0,1.1019407871638682
2,3940,1.0,2.0,1.7172237158264432
2,3941,1.0,2.0,0.9483999829639529
2,3942,1.0,2.0,0.8328221460258806
2,3943,1.0,2.0,1.0299511862533821
2,3944,1.0,2.0,0.6155978263885473
2,3945,1.0,2.0,0.5390625669416114
2,3946,1.0,2.0,0.7150787320830468
2,3947,1.0,2.0,0.6145503618241064
2,3948,1.0,2.0,0.38987501940489316
2,3949,1.0,2.0,1.284276279027004
2,3950,1.0,2.0,1.4888552498552876
2,3951,1.0,2.0,0.6989041601311746
2,3952,1.0,2.0,0.7372091031872583
2,3953,1.0,2.0,0.7242069579242226
2,3954,1.0,2.0,0.8430125106896164
2,3955,1.0,2.0,0.7373983391616715
2,3956,1.0,2.0,0.27836920860253045
2,3957,1.0,2.0,0.9203709462212857
2,3958,1.0,2.0,0.6909442455374574
2,3959,1.0,2.0,1.7265469829653923
2,3960,1.0,2.0,1.6787699560046019
2,3961,1.0,2.0,1.4310925098821963
2,3962,1.0,2.0,0.38185380001576397
2,3963,1.0,2.0,1.303849520170858
2,3964,1.0,2.0,1.610926896321443
2,3965,1.0,2.0,0.7321597265177983
2,3966,1.0,2.0,1.3457103583756176
2,3967,1.0,2.0,0.16218196173942162
2,3968,1.0,2.0,0.9863879382476896
2,3969,1.0,2.0,0.8929290474950334
2,3970,1.0,2.0,1.151859914459689
2,3971,1.0,2.0,1.8041027432469543
2,3972,1.0,2.0,1.0442876681961009
2,3973,1.0,2.0,1.414601305666125
2,3974,1.0,2.0,0.7811083259731444
2,3975,1.0,2.0,0.8700551404349816
2,3976,1.0,2.0,1.3280761523163396
2,3977,1.0,2.0,0.9597871282402156
2,3978,1.0,2.0,0.8110130690898908
2,3979,1.0,2.0,1.6033436690677032
2,3980,1.0,2.0,0.7789761472704568
2,3981,1.0,2.0,0.8787619430824686
2,3982,1.0,2.0,0.16392463994077994
2,3983,1.0,2.0,0.9575130945270949
2,3984,1.0,2.0,0.3310352335248576
2,3985,1.0,2.0,0.8680335845074552
2,3986,1.0,2.0,1.0723011059937129
2,3987,1.0,2.0,0.8279156832180354
2,3988,1.0,2.0,1.1263750860733381
2,3989,1.0,2.0,1.6854671653804005
2,3990,1.0,2.0,0.8184061641421263
2,3991,1.0,2.0,0.5202795210458036
2,3992,1.0,2.0,1.134301765570394
2,3993,1.0,2.0,0.5046802626969459
2,3994,1.0,2.0,1.5594852233983492
2,3995,1.0,2.0,1.5053040463941056
2,3996,1.0,2.0,1.050044627160874
2,3997,1.0,2.0,1.8824663541872637
2,3998,1.0,2.0,0.7886094222243721
2,3999,1.0,2.0,0.8628376822941143
2,4000,1.0,2.0,1.4041750833011428
2,4001,1.0,2.0,0.8712016594155652
2,4002,1.0,2.0,1.0999828752788776
2,4003,1.0,2.0,1.4260685913661613
2,4004,1.0,2.0,0.5609227417573005
2,4005,1.0,2.0,0.6316840624395322
2,4006,1.0,2.0,0.9418579872433871
2,4007,1.0,2.0,1.4613167230280184
2,4008,1.0,2.0,1.0645151563613107
2,4009,1.0,2.0,0.9980239653784885
2,4010,1.0,2.0,1.2384009457437881
2,4011,1.0,2.0,0.6820450800624682
2,4012,1.0,2.0,0.5890240181531166
2,4013,1.0,2.0,0.3301280312491817
2,4014,1.0,2.0,1.3989993160935879
2,4015,1.0,2.0,1.00791367595744
2,4016,1.0,2.0,0.5850984525502063
2,4017,1.0,2.0,0.7267680780986191
2,4018,1.0,2.0,1.2980737417998465
2,4019,1.0,2.0,1.9256912860984783
2,4020,1.0,2.0,0.9919450553607462
2,4021,1.0,2.0,1.540477526280103
2,4022,1.0,2.0,1.3780818304407894
2,4023,1.0,2.0,0.4537973047592383
2,4024,1.0,2.0,0.9171127679451152
2,4025,1.0,2.0,1.5780039130374108
2,4026,1.0,2.0,0.6320101762936935
2,4027,1.0,2.0,1.3147352266624537
2,4028,1.0,2.0,1.0056671549335738
2,4029,1.0,2.0,1.4612238983457289
2,4030,1.0,2.0,1.7483783337842462
2,4031,1.0,2.0,0.28028332956240903
2,4032,1.0,2.0,1.8622183379686692
2,4033,1.0,2.0,0.42442166079713844
2,4034,1.0,2.0,1.3527793125557692
2,4035,1.0,2.0,0.3257555914410485
2,4036,1.0,2.0,1.503024555524161
2,4037,1.0,2.0,1.5382031685386726
2,4038,1.0,2.0,1.2180925046023958
2,4039,1.0,2.0,1.3261098174427208
2,4040,1.0,2.0,0.5605304739103713
2,4041,1.0,2.0,0.5993487778784891
2,4042,1.0,2.0,0.5807533804907135
2,4043,1.0,2.0,1.595130978968158
2,4044,1.0,2.0,0.9290858805870514
2,4045,1.0,2.0,1.1884169652502325
2,4046,1.0,2.0,1.4568257086671277
2,4047,1.0,2.0,0.716344631711211
2,4048,1.0,2.0,0.36248236940219436
2,4049,1.0,2.0,1.2000676680087405
2,4050,1.0,2.0,0.1097852061397163
2,4051,1.0,2.0,0.793076782357557
2,4052,1.0,2.0,0.9255236907843547
2,4053,1.0,2.0,0.4924187076082775
2,4054,1.0,2.0,0.28339025720544814
2,4055,1.0,2.0,0.9628507432786317
2,4056,1.0,2.0,0.981262709927835
2,4057,1.0,2.0,0.47432615066611705
2,4058,1.0,2.0,0.27785235439672373
2,4059,1.0,2.0,1.3140991562315043
2,4060,1.0,2.0,1.2146224386052822
2,4061,1.0,2.0,1.576000271878723
2,4062,1.0,2.0,0.4749321498063809
2,4063,1.0,2.0,1.0737089762744134
2,4064,1.0,2.0,1.635326356614982
2,4065,1.0,2.0,0.95093139783519
2,4066,1.0,2.0,0.853564466356035
2,4067,1.0,2.0,1.1139019460801516
2,4068,1.0,2.0,0.6384701342384235
2,4069,1.0,2.0,1.5863725292407034
2,4070,1.0,2.0,0.6955604230582846
2,4071,1.0,2.0,1.393759238516197
2,4072,1.0,2.0,1.940786321523995
2,4073,1.0,2.0,1.3649035597584243
2,4074,1.0,2.0,0.17385844587172694
2,4075,1.0,2.0,0.6643771444963379
2,4076,1.0,2.0,0.8316480811510591
2,4077,1.0,2.0,0.7620091537270193
2,4078,1.0,2.0,1.3781443272344807
2,4079,1.0,2.0,1.3388402150625676
2,4080,1.0,2.0,0.5422824066117531
2,4081,1.0,2.0,1.2182859837163682
2,4082,1.0,2.0,0.7132150958982348
2,4083,1.0,2.0,0.7114700526621044
2,4084,1.0,2.0,1.4913672932712028
2,4085,1.0,2.0,0.12672175824955698
2,4086,1.0,2.0,0.9308311951885166
2,4087,1.0,2.0,0.5759303024979318
2,4088,1.0,2.0,0.04029198466832247
2,4089,1.0,2.0,1.3217183665812542
2,4090,1.0,2.0,0.44860986232672506
2,4091,1.0,2.0,0.7237090230162745
2,4092,1.0,2.0,1.1931782598629213
2,4093,1.0,2.0,0.5216679925061128
2,4094,1.0,2.0,0.4120085166924955
2,4095,1.0,2.0,0.7903000495964981
2,4096,1.0,2.0,0.709894335540084
2,4097,1.0,2.0,0.715695469517112
2,4098,1.0,2.0,0.9317386134213276
2,4099,1.0,2.0,0.6508193402028648
2,4100,1.0,2.0,1.0084372736908533
2,4101,1.0,2.0,0.30318981068245177
2,4102,1.0,2.0,0.6689517232185481
2,4103,1.0,2.0,0.8768623306942245
2,4104,1.0,2.0,1.3588704522871815
2,4105,1.0,2.0,0.10320784881539749
2,4106,1.0,2.0,1.2601684471855181
2,4107,1.0,2.0,0.6689210668919834
2,4108,1.0,2.0,0.6877865281515061
2,4109,1.0,2.0,1.446050964873201
2,4110,1.0,2.0,0.4327593093799419
2,4111,1.0,2.0,1.4747782300197916
2,4112,1.0,2.0,0.9720249715268267
2,4113,1.0,2.0,1.199448895295322
2,4114,1.0,2.0,0.6922423682176959
2,4115,1.0,2.0,1.303078985907836
2,4116,1.0,2.0,1.0406587767334625
2,4117,1.0,2.0,0.9026098408184607
2,4118,1.0,2.0,0.9535124603268853
2,4119,1.0,2.0,0.5405587577906055
2,4120,1.0,2.0,1.0305104814480062
2,4121,1.0,2.0,0.20939527764887989
2,4122,1.0,2.0,0.49833344231890137
2,4123,1.0,2.0,0.42605560892895067
2,4124,1.0,2.0,1.7447941803507738
2,4125,1.0,2.0,1.5103487147096888
2,4126,1.0,2.0,1.1316474414961304
2,4127,1.0,2.0,1.6989441521315534
2,4128,1.0,2.0,1.0324447205492044
2,4129,1.0,2.0,0.2003228675192447
2,4130,1.0,2.0,0.29266708645920947
2,4131,1.0,2.0,1.3087183873590216
2,4132,1.0,2.0,1.2928526140275027
2,4133,1.0,2.0,0.5983029610232854
2,4134,1.0,2.0,0.8779748094914481
2,4135,1.0,2.0,0.3707053967916527
2,4136,1.0,2.0,0.5648121640287587
2,4137,1.0,2.0,1.3247987451566148
2,4138,1.0,2.0,0.7452723734869199
2,4139,1.0,2.0,0.8956232715768063
2,4140,1.0,2.0,1.704275016542151
2,4141,1.0,2.0,1.0950709108868948
2,4142,1.0,2.0,0.44959010091703266
2,4143,1.0,2.0,1.031469609550123
2,4144,1.0,2.0,0.8519509587047107
2,4145,1.0,2.0,0.7273022278390632
2,4146,1.0,2.0,1.3448448451483497
2,4147,1.0,2.0,0.1784471285577839
2,4148,1.0,2.0,1.0665979760861293
2,4149,1.0,2.0,0.666126663931523
2,4150,1.0,2.0,1.3227711075514834
2,4151,1.0,2.0,0.015873126435996022
2,4152,1.0,2.0,1.0270796279882344
2,4153,1.0,2.0,0.937696006069891
2,4154,1.0,2.0,1.0513726484883015
2,4155,1.0,2.0,1.1755864435210497
2,4156,1.0,2.0,0.8203893034439216
2,4157,1.0,2.0,1.3168458756333072
2,4158,1.0,2.0,1.2563056627977285
2,4159,1.0,2.0,1.8101407468288897
2,4160,1.0,2.0,1.3043521295582774
2,4161,1.0,2.0,0.6588095186388667
2,4162,1.0,2.0,1.3570747362531974
2,4163,1.0,2.0,1.0576271602628915
2,4164,1.0,2.0,1.3711423499542108
2,4165,1.0,2.0,0.9278810987645644
2,4166,1.0,2.0,1.0431806083483446
2,4167,1.0,2.0,1.1354950311729202
2,4168,1.0,2.0,1.4020738528081838
2,4169,1.0,2.0,0.2921821600863389
2,4170,1.0,2.0,0.5909544694261321
2,4171,1.0,2.0,0.9313970297461591
2,4172,1.0,2.0,0.8906156377053903
2,4173,1.0,2.0,0.2980559066794954
2,4174,1.0,2.0,0.8008306978096746
2,4175,1.0,2.0,0.41326338217214664
2,4176,1.0,2.0,0.3957182411251513
2,4177,1.0,2.0,1.0935004032582245
2,4178,1.0,2.0,1.025168443123843
2,4179,1.0,2.0,1.1231934383758893
2,4180,1.0,2.0,0.2421589393427469
2,4181,1.0,2.0,1.3737952692636206
2,4182,1.0,2.0,1.238346959800559
2,4183,1.0,2.0,1.448241882394377
2,4184,1.0,2.0,1.290843821100803
2,4185,1.0,2.0,0.9530957608226255
2,4186,1.0,2.0,1.4895105849630768
2,4187,1.0,2.0,0.7373520707676993
2,4188,1.0,2.0,1.1044225172916529
2,4189,1.0,2.0,0.5233706884061212
2,4190,1.0,2.0,0.5582431167957379
2,4191,1.0,2.0,0.5258878228532771
2,4192,1.0,2.0,0.4866810211968796
2,4193,1.0,2.0,1.6230857266952468
2,4194,1.0,2.0,1.8158641253655015
2,4195,1.0,2.0,1.3126021339351108
2,4196,1.0,2.0,0.8098167340234617
2,4197,1.0,2.0,0.7894959289953597
2,4198,1.0,2.0,0.8785724214605961
2,4199,1.0,2.0,1.2177031345767748
2,4200,1.0,2.0,0.7587281281453382
2,4201,1.0,2.0,0.7253349181827711
2,4202,1.0,2.0,1.525638340341153
2,4203,1.0,2.0,0.3392102959310404
2,4204,1.0,2.0,0.8751235229975787
2,4205,1.0,2.0,0.6100688618878354
2,4206,1.0,2.0,1.2474505167985117
2,4207,1.0,2.0,1.0907465938320704
2,4208,1.0,2.0,1.5676791522051146
2,4209,1.0,2.0,0.6016564395091407
2,4210,1.0,2.0,0.9054305607548147
2,4211,1.0,2.0,0.9321323529665914
2,4212,1.0,2.0,0.8084710283360936
2,4213,1.0,2.0,0.2662694317072652
2,4214,1.0,2.0,1.2124718994731296
2,4215,1.0,2.0,1.2222846374889071
2,4216,1.0,2.0,1.0844779851949577
2,4217,1.0,2.0,1.1910848311934958
2,4218,1.0,2.0,0.9013699707539352
2,4219,1.0,2.0,1.1298400200542609
2,4220,1.0,2.0,0.9618846669923665
2,4221,1.0,2.0,0.2911454610433215
2,4222,1.0,2.0,1.3505196267213653
2,4223,1.0,2.0,1.079480038924991
2,4224,1.0,2.0,1.0470864048643471
2,4225,1.0,2.0,0.6356681389433955
2,4226,1.0,2.0,1.7345896885323584
2,4227,1.0,2.0,0.6191504137093572
2,4228,1.0,2.0,0.9025300088311774
2,4229,1.0,2.0,0.5184972237627296
2,4230,1.0,2.0,1.1864001358288445
2,4231,1.0,2.0,1.2509689563428528
2,4232,1.0,2.0,0.3006894648514414
2,4233,1.0,2.0,0.4468853056760784
2,4234,1.0,2.0,0.6246907152118795
2,4235,1.0,2.0,1.2913068586486935
2,4236,1.0,2.0,0.7572698933326402
2,4237,1.0,2.0,0.9303292213576219
2,4238,1.0,2.0,0.397754012711005
2,4239,1.0,2.0,1.560662222164576
2,4240,1.0,2.0,0.34429173535818564
2,4241,1.0,2.0,0.7563884876246987
2,4242,1.0,2.0,0.9781714859552599
2,4243,1.0,2.0,1.6637771595057043
2,4244,1.0,2.0,1.060434263077506
2,4245,1.0,2.0,0.8092110743358143
2,4246,1.0,2.0,0.9111132545704075
2,4247,1.0,2.0,0.5988997660697313
2,4248,1.0,2.0,1.2334220686823683
2,4249,1.0,2.0,0.3388991710309731
2,4250,1.0,2.0,0.9477677491264394
2,4251,1.0,2.0,1.228793053658514
2,4252,1.0,2.0,1.2929820790960953
2,4253,1.0,2.0,0.7152869643865457
2,4254,1.0,2.0,1.6734260322281445
2,4255,1.0,2.0,0.3450637310174095
2,4256,1.0,2.0,0.8721338814512817
2,4257,1.0,2.0,0.8013525612271287
2,4258,1.0,2.0,1.1356744338012401
2,4259,1.0,2.0,1.5472101937831118
2,4260,1.0,2.0,0.26316818803141406
2,4261,1.0,2.0,1.3863257199503989
2,4262,1.0,2.0,0.3238328720101446
2,4263,1.0,2.0,0.9801832456928701
2,4264,1.0,2.0,0.41980890374111646
2,4265,1.0,2.0,0.9958658774443628
2,4266,1.0,2.0,1.0719568717570596
2,4267,1.0,2.0,0.9463346726487135
2,4268,1.0,2.0,0.31917756220085913
2,4269,1.0,2.0,1.1509400978201427
2,4270,1.0,2.0,0.7660703642396263
2,4271,1.0,2.0,0.9752328155210468
2,4272,1.0,2.0,1.5495143104575455
2,4273,1.0,2.0,1.2968757679131906
2,4274,1.0,2.0,1.5925200833980027
2,4275,1.0,2.0,1.2364318575534097
2,4276,1.0,2.0,0.276795755034884
2,4277,1.0,2.0,0.8494256452247896
2,4278,1.0,2.0,1.0126614769412399
2,4279,1.0,2.0,0.4395744815686406
2,4280,1.0,2.0,0.5599636876462041
2,4281,1.0,2.0,0.1627857063755421
2,4282,1.0,2.0,1.2838378681721871
2,4283,1.0,2.0,1.6591034980303085
2,4284,1.0,2.0,0.6089382388683727
2,4285,1.0,2.0,1.4999212818687484
2,4286,1.0,2.0,0.3234871080989876
2,4287,1.0,2.0,1.5123497065230167
2,4288,1.0,2.0,0.5484047427287331
2,4289,1.0,2.0,0.20909688455551492
2,4290,1.0,2.0,1.400150931864153
2,4291,1.0,2.0,0.9874560651052503
2,4292,1.0,2.0,1.5355987521598253
2,4293,1.0,2.0,0.4039498605709043
2,4294,1.0,2.0,1.0176051181088688
2,4295,1.0,2.0,0.6326755490405773
2,4296,1.0,2.0,0.8369712732424861
2,4297,1.0,2.0,0.7920948901210487
2,4298,1.0,2.0,0.6913589294933814
2,4299,1.0,2.0,1.2036034325181832
2,4300,1.0,2.0,0.3336809377607149
2,4301,1.0,2.0,0.8000735064025376
2,4302,1.0,2.0,0.7767000699252323
2,4303,1.0,2.0,0.38405929001545586
2,4304,1.0,2.0,1.5971501600279439
2,4305,1.0,2.0,0.9274653379852322
2,4306,1.0,2.0,1.3736782741329563
2,4307,1.0,2.0,1.4908162597720764
2,4308,1.0,2.0,0.9455991751052673
2,4309,1.0,2.0,1.1423097681965069
2,4310,1.0,2.0,1.1115591229453912
2,4311,1.0,2.0,1.2216963784541
2,4312,1.0,2.0,0.7714071029418254
2,4313,1.0,2.0,1.280328040774962
2,4314,1.0,2.0,0.9947600810554305
2,4315,1.0,2.0,0.46047063679088446
2,4316,1.0,2.0,0.8726953428493248
2,4317,1.0,2.0,0.08471358450152347
2,4318,1.0,2.0,1.662511919167561
2,4319,1.0,2.0,0.08569896517658405
2,4320,1.0,2.0,1.3508149556214817
2,4321,1.0,2.0,1.0018503223854323
2,4322,1.0,2.0,1.0369737508493886
2,4323,1.0,2.0,0.9270605541383882
2,4324,1.0,2.0,1.8244733476492976
2,4325,1.0,2.0,0.8153170240184442
2,4326,1.0,2.0,0.3230844862809434
2,4327,1.0,2.0,0.5599349752305521
2,4328,1.0,2.0,1.112661170432295
2,4329,1.0,2.0,1.4407723840590918
2,4330,1.0,2.0,1.8888384603408703
2,4331,1.0,2.0,0.49801850711754236
2,4332,1.0,2.0,0.7516862327239742
2,4333,1.0,2.0,0.5226141072037217
2,4334,1.0,2.0,0.8114341329206589
2,4335,1.0,2.0,1.126535960152665
2,4336,1.0,2.0,1.4297738042186525
2,4337,1.0,2.0,1.1470849382944144
2,4338,1.0,2.0,0.5141233576897414
2,4339,1.0,2.0,0.2295216151931177
2,4340,1.0,2.0,0.7224665355232539
2,4341,1.0,2.0,0.6079319537893733
2,4342,1.0,2.0,0.6609231573426692
2,4343,1.0,2.0,1.4853609038771602
2,4344,1.0,2.0,0.9115626005775018
2,4345,1.0,2.0,1.5082816042110807
2,4346,1.0,2.0,1.0776837141714206
2,4347,1.0,2.0,1.2040246488083692
2,4348,1.0,2.0,1.839719100913343
2,4349,1.0,2.0,1.2444010670035037
2,4350,1.0,2.0,0.5126416666394296
2,4351,1.0,2.0,0.8633644243550029
2,4352,1.0,2.0,1.5234483470859315
2,4353,1.0,2.0,0.5037197031503043
2,4354,1.0,2.0,1.726410828874305
2,4355,1.0,2.0,0.7119348493994607
2,4356,1.0,2.0,1.5263361209322508
2,4357,1.0,2.0,1.1080915090213108
2,4358,1.0,2.0,1.116822841536379
2,4359,1.0,2.0,1.6072055036654536
2,4360,1.0,2.0,0.7388566396349175
2,4361,1.0,2.0,0.70210775944169
2,4362,1.0,2.0,1.4667898922890443
2,4363,1.0,2.0,1.1462204000539922
2,4364,1.0,2.0,0.8819808215917165
2,4365,1.0,2.0,1.699282632079552
2,4366,1.0,2.0,0.6671387876054868
2,4367,1.0,2.0,1.443966913424052
2,4368,1.0,2.0,0.4639134350022931
2,4369,1.0,2.0,1.4341564939588762
2,4370,1.0,2.0,0.44314877731410157
2,4371,1.0,2.0,1.256743271949659
2,4372,1.0,2.0,0.2257216716208808
2,4373,1.0,2.0,0.3052857356488255
2,4374,1.0,2.0,0.5558972383223237
2,4375,1.0,2.0,0.9347516588383379
2,4376,1.0,2.0,1.30376668915792
2,4377,1.0,2.0,0.9695785841988973
2,4378,1.0,2.0,0.8346858380267184
2,4379,1.0,2.0,1.1453456273757319
2,4380,1.0,2.0,1.4785361105326353
2,4381,1.0,2.0,0.667060122417548
2,4382,1.0,2.0,0.9763237394026604
2,4383,1.0,2.0,1.0733497381726909
2,4384,1.0,2.0,1.3302976305566898
2,4385,1.0,2.0,0.8370325089343751
2,4386,1.0,2.0,0.601167144686168
2,4387,1.0,2.0,1.3057703319853413
2,4388,1.0,2.0,0.3540518582686502
2,4389,1.0,2.0,1.6970829488838892
2,4390,1.0,2.0,0.6187630151885837
2,4391,1.0,2.0,1.1076484944416622
2,4392,1.0,2.0,0.8211219482974775
2,4393,1.0,2.0,1.3183142763060332
2,4394,1.0,2.0,0.36346866722676474
2,4395,1.0,2.0,0.15516764382899156
2,4396,1.0,2.0,1.6042559457768333
2,4397,1.0,2.0,1.1642554869088195
2,4398,1.0,2.0,1.4027008804052743
2,4399,1.0,2.0,1.685401610114243
2,4400,1.0,2.0,1.1918914935723965
2,4401,1.0,2.0,1.7015261192141713
2,4402,1.0,2.0,1.2475705800115906
2,4403,1.0,2.0,1.0603553800876888
2,4404,1.0,2.0,0.39422077214945933
2,4405,1.0,2.0,1.5015207924625464
2,4406,1.0,2.0,0.7110490307109779
2,4407,1.0,2.0,0.7418610350654646
2,4408,1.0,2.0,0.9481517573263999
2,4409,1.0,2.0,0.4333842308533125
2,4410,1.0,2.0,0.3681437402638607
2,4411,1.0,2.0,0.2685003697011978
2,4412,1.0,2.0,0.7407573322358211
2,4413,1.0,2.0,1.0799667498629042
2,4414,1.0,2.0,0.6044546931199541
2,4415,1.0,2.0,1.7021281001115462
2,4416,1.0,2.0,0.5893357368692135
2,4417,1.0,2.0,1.058750089409643
2,4418,1.0,2.0,1.2987111742169652
2,4419,1.0,2.0,1.244359913295016
2,4420,1.0,2.0,1.0582870536002522
2,4421,1.0,2.0,1.230414838309175
2,4422,1.0,2.0,1.0973740836685617
2,4423,1.0,2.0,0.9747844814109392
2,4424,1.0,2.0,0.584235263341105
2,4425,1.0,2.0,1.2334914688305918
2,4426,1.0,2.0,1.203353067770374
2,4427,1.0,2.0,1.310963822127622
2,4428,1.0,2.0,0.14987158439477233
2,4429,1.0,2.0,0.6769827374417721
2,4430,1.0,2.0,1.7346666797814279
2,4431,1.0,2.0,1.7252941232554695
2,4432,1.0,2.0,1.1542497101317621
2,4433,1.0,2.0,0.8668643557666139
2,4434,1.0,2.0,1.0901337879640665
2,4435,1.0,2.0,0.564242720474037
2,4436,1.0,2.0,1.0080274318127158
2,4437,1.0,2.0,0.7195927947014193
2,4438,1.0,2.0,0.9329575976534857
2,4439,1.0,2.0,0.7813419302179033
2,4440,1.0,2.0,0.7395170557465368
2,4441,1.0,2.0,1.625893988673177
2,4442,1.0,2.0,1.358540445743691
2,4443,1.0,2.0,0.8486988106223445
2,4444,1.0,2.0,0.8916623221026923
2,4445,1.0,2.0,1.4942345223832554
2,4446,1.0,2.0,1.9036302737017285
2,4447,1.0,2.0,1.395527751920311
2,4448,1.0,2.0,0.6915748139387667
2,4449,1.0,2.0,0.3296263837009683
2,4450,1.0,2.0,0.5817739429704555
2,4451,1.0,2.0,1.3890919195222127
2,4452,1.0,2.0,0.684810709459014
2,4453,1.0,2.0,0.947702389615731
2,4454,1.0,2.0,0.4413639635625308
2,4455,1.0,2.0,0.8587767753332058
2,4456,1.0,2.0,0.8069692900047821
2,4457,1.0,2.0,0.5005151867050591
2,4458,1.0,2.0,0.7417561352141077
2,4459,1.0,2.0,0.5029418176163571
2,4460,1.0,2.0,1.039390871178519
2,4461,1.0,2.0,1.2326621270522442
2,4462,1.0,2.0,0.9780985450572866
2,4463,1.0,2.0,0.9774344496587668
2,4464,1.0,2.0,1.1550857185807615
2,4465,1.0,2.0,1.0206224519758744
2,4466,1.0,2.0,1.4563155399939345
2,4467,1.0,2.0,1.3043394653304472
2,4468,1.0,2.0,0.9230761146158034
2,4469,1.0,2.0,0.407692451684847
2,4470,1.0,2.0,1.0340663789200024
2,4471,1.0,2.0,1.75887322285871
2,4472,1.0,2.0,1.0369329094472652
2,4473,1.0,2.0,1.3842257855473075
2,4474,1.0,2.0,1.9060708149458616
2,4475,1.0,2.0,0.9533060473950239
2,4476,1.0,2.0,0.6854933795988293
2,4477,1.0,2.0,0.9771449341183881
2,4478,1.0,2.0,0.38976254919986136
2,4479,1.0,2.0,0.890237473104121
2,4480,1.0,2.0,0.7092548114500339
2,4481,1.0,2.0,1.557048068428931
2,4482,1.0,2.0,1.5684479155303972
2,4483,1.0,2.0,1.2578532323891074
2,4484,1.0,2.0,0.7119861317988843
2,4485,1.0,2.0,0.7968261435467937
2,4486,1.0,2.0,0.44141583780439586
2,4487,1.0,2.0,0.16645384313282058
2,4488,1.0,2.0,0.6794814879382377
2,4489,1.0,2.0,1.2448186437638848
2,4490,1.0,2.0,1.5555823691746187
2,4491,1.0,2.0,1.1816045409995195
2,4492,1.0,2.0,0.9984419268748527
2,4493,1.0,2.0,0.1781260297655153
2,4494,1.0,2.0,1.2020110266882182
2,4495,1.0,2.0,1.0521641955635719
2,4496,1.0,2.0,1.8969059178749748
2,4497,1.0,2.0,0.7365433644364532
2,4498,1.0,2.0,1.07679183199357
2,4499,1.0,2.0,0.3606265417526095
2,4500,1.0,2.0,0.772853769612842
2,4501,1.0,2.0,0.3554955550580808
2,4502,1.0,2.0,1.1230028410174073
2,4503,1.0,2.0,0.26978856331668977
2,4504,1.0,2.0,1.7030115175445895
2,4505,1.0,2.0,0.1575674900657866
2,4506,1.0,2.0,1.1520626980586741
2,4507,1.0,2.0,1.4035800402285081
2,4508,1.0,2.0,1.2649526001684483
2,4509,1.0,2.0,1.0940947215277745
2,4510,1.0,2.0,0.9059573179592956
2,4511,1.0,2.0,0.978929377930425
2,4512,1.0,2.0,1.2985719868230141
2,4513,1.0,2.0,0.26501242623527305
2,4514,1.0,2.0,1.104524488694772
2,4515,1.0,2.0,1.432003933073367
2,4516,1.0,2.0,1.0826241247693127
2,4517,1.0,2.0,1.2397098649946572
2,4518,1.0,2.0,1.2329891266634962
2,4519,1.0,2.0,1.7388033756074872
2,4520,1.0,2.0,0.7940302449792817
2,4521,1.0,2.0,0.8317380922092342
2,4522,1.0,2.0,0.26975658448141226
2,4523,1.0,2.0,0.5736518649746235
2,4524,1.0,2.0,0.39035842141718
2,4525,1.0,2.0,1.1833006440460352
2,4526,1.0,2.0,0.5414719387635765
2,4527,1.0,2.0,0.8834520460634138
2,4528,1.0,2.0,0.9784959936837447
2,4529,1.0,2.0,1.5519074917741273
2,4530,1.0,2.0,0.8703243161916997
2,4531,1.0,2.0,1.4139328099980888
2,4532,1.0,2.0,1.533460257339762
2,4533,1.0,2.0,0.7994846738615685
2,4534,1.0,2.0,1.585397275563909
2,4535,1.0,2.0,1.2250913580178329
2,4536,1.0,2.0,0.7470938405808347
2,4537,1.0,2.0,0.5370130703455976
2,4538,1.0,2.0,0.3448726285601878
2,4539,1.0,2.0,1.1124139425581099
2,4540,1.0,2.0,0.9918807561996191
2,4541,1.0,2.0,0.8708744108782485
2,4542,1.0,2.0,1.0273848151813367
2,4543,1.0,2.0,0.9547652295406733
2,4544,1.0,2.0,1.1815480140954433
2,4545,1.0,2.0,1.5338243162937095
2,4546,1.0,2.0,0.8728540837221197
2,4547,1.0,2.0,0.8467395638781889
2,4548,1.0,2.0,1.4970741700832828
2,4549,1.0,2.0,1.5966506784457408
2,4550,1.0,2.0,1.385152355336331
2,4551,1.0,2.0,1.2600512258043666
2,4552,1.0,2.0,0.5085794647079054
2,4553,1.0,2.0,0.5937590032590015
2,4554,1.0,2.0,1.6499462153031546
2,4555,1.0,2.0,1.282585322330716
2,4556,1.0,2.0,0.5710105516737258
2,4557,1.0,2.0,1.155976346880778
2,4558,1.0,2.0,1.4454549215251187
2,4559,1.0,2.0,1.4019345462610824
2,4560,1.0,2.0,1.3534912553284353
2,4561,1.0,2.0,1.5760000990073348
2,4562,1.0,2.0,1.1505855630163744
2,4563,1.0,2.0,1.3184430286437931
2,4564,1.0,2.0,1.5210421620643504
2,4565,1.0,2.0,1.0015165613123842
2,4566,1.0,2.0,1.1446280301000675
2,4567,1.0,2.0,0.4641344722106468
2,4568,1.0,2.0,0.49092550961024556
2,4569,1.0,2.0,0.8976156467986233
2,4570,1.0,2.0,1.2781455824216743
2,4571,1.0,2.0,0.9023180442784031
2,4572,1.0,2.0,1.395573375445415
2,4573,1.0,2.0,1.6281114858375374
2,4574,1.0,2.0,1.5947891439119397
2,4575,1.0,2.0,0.9407902277856134
2,4576,1.0,2.0,0.7693344142730775
2,4577,1.0,2.0,0.171418243332964
2,4578,1.0,2.0,1.2836102670266225
2,4579,1.0,2.0,1.5162053842880625
2,4580,1.0,2.0,0.8043403162095072
2,4581,1.0,2.0,0.4622716537760648
2,4582,1.0,2.0,1.0191499791519485
2,4583,1.0,2.0,0.6716175535145774
2,4584,1.0,2.0,0.663919485688576
2,4585,1.0,2.0,0.5341296175539123
2,4586,1.0,2.0,0.3263116232069767
2,4587,1.0,2.0,1.5046494538917048
2,4588,1.0,2.0,1.3323735739867089
2,4589,1.0,2.0,0.5989928743937861
2,4590,1.0,2.0,0.7839743502462453
2,4591,1.0,2.0,1.9088867765063198
2,4592,1.0,2.0,0.9282661440491204
2,4593,1.0,2.0,1.4853618403759725
2,4594,1.0,2.0,0.41735495889753316
2,4595,1.0,2.0,1.0963069378135253
2,4596,1.0,2.0,0.6765181783763208
2,4597,1.0,2.0,1.4354746819347337
2,4598,1.0,2.0,1.9598600413542968
2,4599,1.0,2.0,0.6974992020636489
2,4600,1.0,2.0,0.5559280170554719
2,4601,1.0,2.0,1.5032687493621402
2,4602,1.0,2.0,0.2594319997679395
2,4603,1.0,2.0,0.9029067377794887
2,4604,1.0,2.0,1.3453698788993191
2,4605,1.0,2.0,1.8556214002549012
2,4606,1.0,2.0,0.876399853206422
2,4607,1.0,2.0,0.9353305106170865
2,4608,1.0,2.0,0.7417923595778847
2,4609,1.0,2.0,0.6718319729909517
2,4610,1.0,2.0,1.1057360901622046
2,4611,1.0,2.0,1.3644575307935192
2,4612,1.0,2.0,1.4934903897083656
2,4613,1.0,2.0,0.7259348980546886
2,4614,1.0,2.0,0.8893695018878219
2,4615,1.0,2.0,0.6801237421139171
2,4616,1.0,2.0,0.6604893920965897
2,4617,1.0,2.0,1.4197327203573185
2,4618,1.0,2.0,1.5062881163672543
2,4619,1.0,2.0,0.986334507084363
2,4620,1.0,2.0,0.7378078484240119
2,4621,1.0,2.0,1.3073853891063236
2,4622,1.0,2.0,0.931457894015089
2,4623,1.0,2.0,1.0680738811319803
2,4624,1.0,2.0,1.2820124204460783
2,4625,1.0,2.0,0.9388625100760558
2,4626,1.0,2.0,0.4707538413362893
2,4627,1.0,2.0,0.2517052139567823
2,4628,1.0,2.0,1.2406172370008712
2,4629,1.0,2.0,0.9641336500981768
2,4630,1.0,2.0,0.8557796682103711
2,4631,1.0,2.0,1.0408262525882754
2,4632,1.0,2.0,0.9715419328344492
2,4633,1.0,2.0,1.1477372218737523
2,4634,1.0,2.0,0.6242167496240165
2,4635,1.0,2.0,0.6418100036043362
2,4636,1.0,2.0,0.10896111565575144
2,4637,1.0,2.0,1.0246016511005434
2,4638,1.0,2.0,1.4871172323059318
2,4639,1.0,2.0,1.0170041524355407
2,4640,1.0,2.0,0.1190872381866708
2,4641,1.0,2.0,1.3742189488256444
2,4642,1.0,2.0,0.932211849750211
2,4643,1.0,2.0,1.6215190264602377
2,4644,1.0,2.0,1.0368489185397765
2,4645,1.0,2.0,1.0455716312695473
2,4646,1.0,2.0,1.092735386292177
2,4647,1.0,2.0,1.7146938922227273
2,4648,1.0,2.0,0.6886931608841018
2,4649,1.0,2.0,0.4400107076133411
2,4650,1.0,2.0,0.7493236631698181
2,4651,1.0,2.0,0.6964616643464505
2,4652,1.0,2.0,0.544511452980224
2,4653,1.0,2.0,0.7979159817617991
2,4654,1.0,2.0,0.6221763161588898
2,4655,1.0,2.0,0.49188259827639136
2,4656,1.0,2.0,1.3109437181705357
2,4657,1.0,2.0,0.33326564413777066
2,4658,1.0,2.0,1.4183900094635562
2,4659,1.0,2.0,1.4752081632177212
2,4660,1.0,2.0,1.3619821516637831
2,4661,1.0,2.0,1.318894216977094
2,4662,1.0,2.0,0.024976173126055958
2,4663,1.0,2.0,1.8439946733766037
2,4664,1.0,2.0,0.7089581200485069
2,4665,1.0,2.0,1.4606389804367397
2,4666,1.0,2.0,0.6133013992109076
2,4667,1.0,2.0,0.4965185348006753
2,4668,1.0,2.0,1.4274735092524162
2,4669,1.0,2.0,1.5744018575080263
2,4670,1.0,2.0,1.7489674925411445
2,4671,1.0,2.0,1.1383047516814848
2,4672,1.0,2.0,1.1712599151340268
2,4673,1.0,2.0,1.3972761004170065
2,4674,1.0,2.0,0.6288442936320549
2,4675,1.0,2.0,0.9039713795810965
2,4676,1.0,2.0,1.168111012340872
2,4677,1.0,2.0,1.682479909133857
2,4678,1.0,2.0,0.677113211603833
2,4679,1.0,2.0,1.2842875720637368
2,4680,1.0,2.0,1.2147631122224496
2,4681,1.0,2.0,0.7902947976643018
2,4682,1.0,2.0,0.8310788939513255
2,4683,1.0,2.0,1.4522787584498213
2,4684,1.0,2.0,0.5047873386791405
2,4685,1.0,2.0,1.859602222781113
2,4686,1.0,2.0,1.2529785284559203
2,4687,1.0,2.0,0.46117871095410123
2,4688,1.0,2.0,0.8944817509817432
2,4689,1.0,2.0,0.8302536740433603
2,4690,1.0,2.0,0.4334867172762164
2,4691,1.0,2.0,0.5351965405163942
2,4692,1.0,2.0,0.9736003175767661
2,4693,1.0,2.0,0.9923660470154172
2,4694,1.0,2.0,0.6473064352610803
2,4695,1.0,2.0,0.8954238993977741
2,4696,1.0,2.0,0.8406997363300494
2,4697,1.0,2.0,0.6917246286380089
2,4698,1.0,2.0,0.7950110537781898
2,4699,1.0,2.0,0.7540872019546112
2,4700,1.0,2.0,1.2811006550174637
2,4701,1.0,2.0,0.09134370231050157
2,4702,1.0,2.0,0.9356731860637099
2,4703,1.0,2.0,1.221637204854416
2,4704,1.0,2.0,0.9779280440473317
2,4705,1.0,2.0,0.975890229429133
2,4706,1.0,2.0,0.28969978431704224
2,4707,1.0,2.0,0.9133144464378139
2,4708,1.0,2.0,0.8763545873740459
2,4709,1.0,2.0,1.410454269447384
2,4710,1.0,2.0,1.6344132006642744
2,4711,1.0,2.0,0.741684410139934
2,4712,1.0,2.0,1.583970648545967
2,4713,1.0,2.0,1.0728048229270453
2,4714,1.0,2.0,1.189921250157524
2,4715,1.0,2.0,0.7341533724743986
2,4716,1.0,2.0,0.88869661893757
2,4717,1.0,2.0,0.2760081493295533
2,4718,1.0,2.0,0.8955811536461686
2,4719,1.0,2.0,1.5953034980199559
2,4720,1.0,2.0,0.6204820574284114
2,4721,1.0,2.0,0.2629466238500761
2,4722,1.0,2.0,1.4125436919165846
2,4723,1.0,2.0,1.2779207952266498
2,4724,1.0,2.0,1.077880413502031
2,4725,1.0,2.0,0.6723929543987498
2,4726,1.0,2.0,0.7247026076726628
2,4727,1.0,2.0,1.1849219288118549
2,4728,1.0,2.0,1.477198966663203
2,4729,1.0,2.0,1.5455888255991943
2,4730,1.0,2.0,1.0260281919882455
2,4731,1.0,2.0,0.8024533773702467
2,4732,1.0,2.0,0.7019507912015067
2,4733,1.0,2.0,1.0582732465792701
2,4734,1.0,2.0,0.5693190623373714
2,4735,1.0,2.0,0.5294194771807774
2,4736,1.0,2.0,0.1296107835805588
2,4737,1.0,2.0,1.0661804860763144
2,4738,1.0,2.0,0.2877197457316467
2,4739,1.0,2.0,1.007756418493368
2,4740,1.0,2.0,0.6374848755542346
2,4741,1.0,2.0,1.0999354092505182
2,4742,1.0,2.0,0.7444959345195921
2,4743,1.0,2.0,1.2932745430416954
2,4744,1.0,2.0,0.8817464751203579
2,4745,1.0,2.0,0.6428248365811279
2,4746,1.0,2.0,1.054216778936308
2,4747,1.0,2.0,0.3993219103954186
2,4748,1.0,2.0,1.3684673273375005
2,4749,1.0,2.0,1.5698691114350205
2,4750,1.0,2.0,1.6785858432867888
2,4751,1.0,2.0,0.21100737767042355
2,4752,1.0,2.0,0.659234026022047
2,4753,1.0,2.0,0.5182920863201826
2,4754,1.0,2.0,0.17584665953129058
2,4755,1.0,2.0,0.6071656081497089
2,4756,1.0,2.0,0.7781631895325797
2,4757,1.0,2.0,0.46525216845810996
2,4758,1.0,2.0,1.4338245211803027
2,4759,1.0,2.0,0.6235554779086849
2,4760,1.0,2.0,0.6830252495446869
2,4761,1.0,2.0,1.6750349268640594
2,4762,1.0,2.0,0.9250098112989305
2,4763,1.0,2.0,1.1508878357613344
2,4764,1.0,2.0,0.5224454874358536
2,4765,1.0,2.0,1.9678494006668592
2,4766,1.0,2.0,1.747072489201864
2,4767,1.0,2.0,1.2187434535202968
2,4768,1.0,2.0,0.5307113821238573
2,4769,1.0,2.0,0.24838179247614284
2,4770,1.0,2.0,0.6359744390880326
2,4771,1.0,2.0,1.3014686886722986
2,4772,1.0,2.0,0.44281135883047046
2,4773,1.0,2.0,0.8677441773548641
2,4774,1.0,2.0,1.0609905471364525
2,4775,1.0,2.0,0.9451481702047889
2,4776,1.0,2.0,0.20425020302281346
2,4777,1.0,2.0,1.6358303494422386
2,4778,1.0,2.0,1.4356507922635884
2,4779,1.0,2.0,1.340880175570712
2,4780,1.0,2.0,1.379303947669484
2,4781,1.0,2.0,0.8707955543462838
2,4782,1.0,2.0,1.7827532586125945
2,4783,1.0,2.0,1.5777389112345044
2,4784,1.0,2.0,0.49948824672495395
2,4785,1.0,2.0,1.2528641288248337
2,4786,1.0,2.0,0.6666955923092692
2,4787,1.0,2.0,1.7408935945848039
2,4788,1.0,2.0,0.7026241124889272
2,4789,1.0,2.0,1.2810195546835872
2,4790,1.0,2.0,0.49937701019071173
2,4791,1.0,2.0,0.7905520504171158
2,4792,1.0,2.0,1.1459626657372768
2,4793,1.0,2.0,1.171381697475309
2,4794,1.0,2.0,0.4378564994114727
2,4795,1.0,2.0,1.8043824263894694
2,4796,1.0,2.0,1.2793357167944175
2,4797,1.0,2.0,0.3196853348707943
2,4798,1.0,2.0,1.4060773489337806
2,4799,1.0,2.0,1.3058508554757968
2,4800,1.0,2.0,1.2655777603909564
2,4801,1.0,2.0,0.7791212315229615
2,4802,1.0,2.0,0.6715073635430282
2,4803,1.0,2.0,0.7714618153113028
2,4804,1.0,2.0,1.2120931542550004
2,4805,1.0,2.0,0.12198294668119385
2,4806,1.0,2.0,1.0623911474818792
2,4807,1.0,2.0,1.7552777844140623
2,4808,1.0,2.0,0.35328749719452474
2,4809,1.0,2.0,0.861389794568556
2,4810,1.0,2.0,1.4006676882809215
2,4811,1.0,2.0,0.6512007850538997
2,4812,1.0,2.0,1.296585363060399
2,4813,1.0,2.0,0.5358341631829185
2,4814,1.0,2.0,0.854001585421884
2,4815,1.0,2.0,0.7625532632104843
2,4816,1.0,2.0,0.34066019311630485
2,4817,1.0,2.0,0.6651846549072594
2,4818,1.0,2.0,1.6381788625088929
2,4819,1.0,2.0,0.9868511687528932
2,4820,1.0,2.0,1.747374181272679
2,4821,1.0,2.0,0.5239677648331101
2,4822,1.0,2.0,0.9433405890391774
2,4823,1.0,2.0,0.9681259760874453
2,4824,1.0,2.0,1.173705561291332
2,4825,1.0,2.0,1.0768627873597416
2,4826,1.0,2.0,1.1682240835657378
2,4827,1.0,2.0,0.20144359135050535
2,4828,1.0,2.0,1.4049787201834518
2,4829,1.0,2.0,1.1988616660972218
2,4830,1.0,2.0,0.13467747832366622
2,4831,1.0,2.0,1.156371216907902
2,4832,1.0,2.0,1.564836096576963
2,4833,1.0,2.0,1.4266517121169173
2,4834,1.0,2.0,1.517534777033808
2,4835,1.0,2.0,0.76295208101135
2,4836,1.0,2.0,0.5701017511232983
2,4837,1.0,2.0,1.5411069207269754
2,4838,1.0,2.0,1.4413384888025504
2,4839,1.0,2.0,1.5147086452174932
2,4840,1.0,2.0,0.6599090467615911
2,4841,1.0,2.0,1.105433398129474
2,4842,1.0,2.0,1.586767625271838
2,4843,1.0,2.0,1.0090271926232197
2,4844,1.0,2.0,1.1025841357821635
2,4845,1.0,2.0,0.7670939971532127
2,4846,1.0,2.0,0.7425341732644182
2,4847,1.0,2.0,0.8621689070487843
2,4848,1.0,2.0,1.362367030698492
2,4849,1.0,2.0,1.309646840302473
2,4850,1.0,2.0,1.1822397389064843
2,4851,1.0,2.0,0.5941103295096942
2,4852,1.0,2.0,0.8407406113012948
2,4853,1.0,2.0,1.1845912198315147
2,4854,1.0,2.0,1.695772441652988
2,4855,1.0,2.0,0.7203120585890496
2,4856,1.0,2.0,1.323364949465995
2,4857,1.0,2.0,0.8652063793301373
2,4858,1.0,2.0,1.3295371529787006
2,4859,1.0,2.0,0.7139839287836809
2,4860,1.0,2.0,1.7663238912145887
2,4861,1.0,2.0,0.7182774378938549
2,4862,1.0,2.0,0.42153090390160153
2,4863,1.0,2.0,0.7543450388591967
2,4864,1.0,2.0,0.5161700813827851
2,4865,1.0,2.0,0.6451589770128685
2,4866,1.0,2.0,0.514994648776487
2,4867,1.0,2.0,1.1654304219465168
2,4868,1.0,2.0,1.2269920740723195
2,4869,1.0,2.0,0.798652724996994
2,4870,1.0,2.0,0.39411212315434924
2,4871,1.0,2.0,1.2056203420246523
2,4872,1.0,2.0,1.4361209947782356
2,4873,1.0,2.0,1.1155487261588495
2,4874,1.0,2.0,0.1684078985616891
2,4875,1.0,2.0,1.0701547532698772
2,4876,1.0,2.0,0.90178165569581
2,4877,1.0,2.0,1.4048475417531632
2,4878,1.0,2.0,1.0653656407636625
2,4879,1.0,2.0,0.9384420049123335
2,4880,1.0,2.0,1.1798412211183997
2,4881,1.0,2.0,0.8144046818473484
2,4882,1.0,2.0,0.6456127608944706
2,4883,1.0,2.0,0.7937285762485847
2,4884,1.0,2.0,1.3647844675053005
2,4885,1.0,2.0,0.6994064669069274
2,4886,1.0,2.0,1.6913463853593997
2,4887,1.0,2.0,1.6101165579709773
2,4888,1.0,2.0,1.3114332754531297
2,4889,1.0,2.0,1.1463025971456973
2,4890,1.0,2.0,0.3973702143720811
2,4891,1.0,2.0,1.1767717325552716
2,4892,1.0,2.0,1.3098398008826164
2,4893,1.0,2.0,0.6786038242262823
2,4894,1.0,2.0,0.24217502407962124
2,4895,1.0,2.0,0.7006284114970481
2,4896,1.0,2.0,1.3640476426994912
2,4897,1.0,2.0,1.9436301017686393
2,4898,1.0,2.0,0.3348840949850264
2,4899,1.0,2.0,0.6776509125167525
2,4900,1.0,2.0,0.4543113623160204
2,4901,1.0,2.0,0.6641599008901389
2,4902,1.0,2.0,0.5676137882676662
2,4903,1.0,2.0,0.3911459219246445
2,4904,1.0,2.0,1.3616103623219016
2,4905,1.0,2.0,0.965837604372296
2,4906,1.0,2.0,1.0339030280099162
2,4907,1.0,2.0,0.6552888359427167
2,4908,1.0,2.0,0.5232322296920212
2,4909,1.0,2.0,1.7543345005867086
2,4910,1.0,2.0,0.6359055935319113
2,4911,1.0,2.0,1.4800762730839727
2,4912,1.0,2.0,0.6480765849167656
2,4913,1.0,2.0,1.1260718901655289
2,4914,1.0,2.0,1.1348072136745349
2,4915,1.0,2.0,0.796257470709746
2,4916,1.0,2.0,1.7623236583556992
2,4917,1.0,2.0,1.349289618571057
2,4918,1.0,2.0,0.7600604341501345
2,4919,1.0,2.0,0.5581164320120687
2,4920,1.0,2.0,0.8227491744668821
2,4921,1.0,2.0,1.1869402085486922
2,4922,1.0,2.0,0.7105921716195671
2,4923,1.0,2.0,1.483297673386655
2,4924,1.0,2.0,1.1848197979943071
2,4925,1.0,2.0,1.5040364879967825
2,4926,1.0,2.0,1.4932057779570171
2,4927,1.0,2.0,1.6496321208134097
2,4928,1.0,2.0,0.761330905587398
2,4929,1.0,2.0,1.6380277019517977
2,4930,1.0,2.0,0.38369803183798873
2,4931,1.0,2.0,1.6719158725185368
2,4932,1.0,2.0,0.6780944987098008
2,4933,1.0,2.0,1.3523666653425699
2,4934,1.0,2.0,1.37579451258777
2,4935,1.0,2.0,0.8405665507255884
2,4936,1.0,2.0,1.2334918866661455
2,4937,1.0,2.0,0.55986108923466
2,4938,1.0,2.0,1.7187971268693125
2,4939,1.0,2.0,1.665904631133036
2,4940,1.0,2.0,1.0548552006671503
2,4941,1.0,2.0,0.5061136618119424
2,4942,1.0,2.0,1.4479085226012347
2,4943,1.0,2.0,0.08191759971890097
2,4944,1.0,2.0,1.0673905943808462
2,4945,1.0,2.0,1.2641061372501867
2,4946,1.0,2.0,1.5471937998964416
2,4947,1.0,2.0,1.0779116881438018
2,4948,1.0,2.0,1.5175052994888438
2,4949,1.0,2.0,0.6842297606614975
2,4950,1.0,2.0,1.2746538579742106
2,4951,1.0,2.0,0.051242638432041056
2,4952,1.0,2.0,0.8170654842843356
2,4953,1.0,2.0,0.6388646749784217
2,4954,1.0,2.0,1.6167014545186764
2,4955,1.0,2.0,0.9249738796948215
2,4956,1.0,2.0,0.5429028451249678
2,4957,1.0,2.0,1.0442426934088758
2,4958,1.0,2.0,0.3405606013193804
2,4959,1.0,2.0,0.49447803504542526
2,4960,1.0,2.0,0.38210781364528307
2,4961,1.0,2.0,1.469107040886611
2,4962,1.0,2.0,1.4076998532832399
2,4963,1.0,2.0,1.0175102210341935
2,4964,1.0,2.0,1.0118756384725751
2,4965,1.0,2.0,1.3406050303809915
2,4966,1.0,2.0,0.9019808832412386
2,4967,1.0,2.0,1.6803758479311424
2,4968,1.0,2.0,1.6133382340211322
2,4969,1.0,2.0,0.46053528224934903
2,4970,1.0,2.0,0.8640583761117578
2,4971,1.0,2.0,0.9328133434962879
2,4972,1.0,2.0,1.1006706435859746
2,4973,1.0,2.0,1.3412404457619425
2,4974,1.0,2.0,1.162747781742187
2,4975,1.0,2.0,0.9072170446131984
2,4976,1.0,2.0,0.45699364575148527
2,4977,1.0,2.0,1.631133216260702
2,4978,1.0,2.0,0.5834658297220336
2,4979,1.0,2.0,0.47534101268711426
2,4980,1.0,2.0,1.0478575897255684
2,4981,1.0,2.0,1.0233658791828641
2,4982,1.0,2.0,0.8302569890620869
2,4983,1.0,2.0,1.4647791458896562
2,4984,1.0,2.0,1.873306063373903
2,4985,1.0,2.0,0.7741485635119497
2,4986,1.0,2.0,0.718517881366228
2,4987,1.0,2.0,0.6438261626534499
2,4988,1.0,2.0,1.1048495297643546
2,4989,1.0,2.0,1.036396489419646
2,4990,1.0,2.0,0.9922013313001481
2,4991,1.0,2.0,0.8876046360801209
2,4992,1.0,2.0,0.15549318366432643
2,4993,1.0,2.0,1.6632130102608305
2,4994,1.0,2.0,1.4943619895999647
2,4995,1.0,2.0,0.6688226481693695
2,4996,1.0,2.0,1.331685570631473
2,4997,1.0,2.0,1.102147677904124
2,4998,1.0,2.0,0.7410192687462895
2,4999,1.0,2.0,0.29142997600865245
2,5000,1.0,2.0,0.7435495117719303
2,5001,1.0,2.0,0.2753599392864066
2,5002,1.0,2.0,0.20198096547231573
2,5003,1.0,2.0,1.5566387557129429
2,5004,1.0,2.0,1.6920575980826387
2,5005,1.0,2.0,1.3861755297275389
2,5006,1.0,2.0,0.09661164282777865
2,5007,1.0,2.0,0.6469619795988625
2,5008,1.0,2.0,0.7113991363835788
2,5009,1.0,2.0,1.0962188824946701
2,5010,1.0,2.0,0.396570829806131
2,5011,1.0,2.0,1.3543059344410584
2,5012,1.0,2.0,1.1203507387716547
2,5013,1.0,2.0,0.9023118518300518
2,5014,1.0,2.0,0.6523363062112992
2,5015,1.0,2.0,0.8432482171767656
2,5016,1.0,2.0,1.3260799371297192
2,5017,1.0,2.0,0.5403050505945319
2,5018,1.0,2.0,0.7564969745652527
2,5019,1.0,2.0,1.2913272828420084
2,5020,1.0,2.0,0.4803162799114892
2,5021,1.0,2.0,1.236114092109885
2,5022,1.0,2.0,1.1416101952327273
2,5023,1.0,2.0,1.582075943017792
2,5024,1.0,2.0,1.2961847912446922
2,5025,1.0,2.0,0.4473629769171917
2,5026,1.0,2.0,0.8734590918446234
2,5027,1.0,2.0,0.5926605882845475
2,5028,1.0,2.0,1.091217162879384
2,5029,1.0,2.0,0.9016694831312712
2,5030,1.0,2.0,0.3405073127230757
2,5031,1.0,2.0,0.9922004126509923
2,5032,1.0,2.0,1.5987696145005632
2,5033,1.0,2.0,1.7187176494325938
2,5034,1.0,2.0,0.7075885176746957
2,5035,1.0,2.0,1.2757076797368319
2,5036,1.0,2.0,0.632233376902449
2,5037,1.0,2.0,0.9952898540097742
2,5038,1.0,2.0,0.2442938755826963
2,5039,1.0,2.0,1.5858103125640528
2,5040,1.0,2.0,0.956792425656237
2,5041,1.0,2.0,1.0308359316056523
2,5042,1.0,2.0,1.3109195841099073
2,5043,1.0,2.0,0.8405254384046682
2,5044,1.0,2.0,1.1315993974179754
2,5045,1.0,2.0,0.9042371983297814
2,5046,1.0,2.0,1.414169726832125
2,5047,1.0,2.0,0.8627354257855273
2,5048,1.0,2.0,0.4691144283969379
2,5049,1.0,2.0,0.7010681664917368
2,5050,1.0,2.0,1.156574355393154
2,5051,1.0,2.0,0.8151252978121104
2,5052,1.0,2.0,0.20246246310848753
2,5053,1.0,2.0,1.5786166090793432
2,5054,1.0,2.0,0.4323057881906605
2,5055,1.0,2.0,1.2237429311195718
2,5056,1.0,2.0,1.4995419773583487
2,5057,1.0,2.0,1.3475332332446992
2,5058,1.0,2.0,1.6654754213214045
2,5059,1.0,2.0,0.7127521010927599
2,5060,1.0,2.0,1.1255052539207684
2,5061,1.0,2.0,1.4954889767794912
2,5062,1.0,2.0,0.5938299786726621
2,5063,1.0,2.0,0.7091920489752765
2,5064,1.0,2.0,0.33163550102018247
2,5065,1.0,2.0,1.3942317058150797
2,5066,1.0,2.0,1.2125780005256988
2,5067,1.0,2.0,0.23304504805801318
2,5068,1.0,2.0,0.4559964027890905
2,5069,1.0,2.0,1.01979577752491
2,5070,1.0,2.0,0.597989734569213
2,5071,1.0,2.0,0.16836442197054563
2,5072,1.0,2.0,0.829539117594052
2,5073,1.0,2.0,0.3206317713545273
2,5074,1.0,2.0,0.37717151447009245
2,5075,1.0,2.0,1.2357926577656735
2,5076,1.0,2.0,0.8270761168893135
2,5077,1.0,2.0,0.6232928534478978
2,5078,1.0,2.0,1.6837917220966212
2,5079,1.0,2.0,1.070788280422676
2,5080,1.0,2.0,0.27892634298247404
2,5081,1.0,2.0,1.004840347093089
2,5082,1.0,2.0,0.7499013934402894
2,5083,1.0,2.0,1.9163511349147457
2,5084,1.0,2.0,1.1048887047976184
2,5085,1.0,2.0,0.7070068542247328
2,5086,1.0,2.0,1.6642153547057452
2,5087,1.0,2.0,1.0346868207405944
2,5088,1.0,2.0,0.8828548354043326
2,5089,1.0,2.0,0.7639044820496854
2,5090,1.0,2.0,0.5478048092728613
2,5091,1.0,2.0,0.5354594829870457
2,5092,1.0,2.0,1.1585742040821483
2,5093,1.0,2.0,1.1317479743436016
2,5094,1.0,2.0,1.531925369849123
2,5095,1.0,2.0,1.4333151321774784
2,5096,1.0,2.0,1.230136010591666
2,5097,1.0,2.0,1.4574252473971558
2,5098,1.0,2.0,0.94764627689891
2,5099,1.0,2.0,0.8854881185174023
2,5100,1.0,2.0,0.6548614839805235
2,5101,1.0,2.0,0.37444035897966016
2,5102,1.0,2.0,0.41107088421025434
2,5103,1.0,2.0,1.779983587293166
2,5104,1.0,2.0,1.1082562483432827
2,5105,1.0,2.0,1.2733195763571392
2,5106,1.0,2.0,1.50048713836386
2,5107,1.0,2.0,1.3078422422684355
2,5108,1.0,2.0,0.8251307999064134
2,5109,1.0,2.0,1.3006615790455167
2,5110,1.0,2.0,0.9101141372820408
2,5111,1.0,2.0,0.6479461823209414
2,5112,1.0,2.0,1.433579693444734
2,5113,1.0,2.0,0.6917322837020337
2,5114,1.0,2.0,1.363848444973096
2,5115,1.0,2.0,0.6826589497838379
2,5116,1.0,2.0,0.5151558638219594
2,5117,1.0,2.0,0.9340945930125376
2,5118,1.0,2.0,1.1322369452640055
2,5119,1.0,2.0,0.2976568715567284
2,5120,1.0,2.0,0.10178100665241743
2,5121,1.0,2.0,0.5808635563550871
2,5122,1.0,2.0,0.38150790408244845
2,5123,1.0,2.0,0.9203509055154983
2,5124,1.0,2.0,0.9198896570861507
2,5125,1.0,2.0,1.398378164230691
2,5126,1.0,2.0,0.6751231560123345
2,5127,1.0,2.0,1.6241693563652757
2,5128,1.0,2.0,0.9950355428053783
2,5129,1.0,2.0,1.0973894373474693
2,5130,1.0,2.0,0.4649349988566188
2,5131,1.0,2.0,0.5877740111872258
2,5132,1.0,2.0,1.8094619872367015
2,5133,1.0,2.0,1.0804741874688117
2,5134,1.0,2.0,0.9596554645950224
2,5135,1.0,2.0,0.5979614139248066
2,5136,1.0,2.0,0.3383979282584785
2,5137,1.0,2.0,1.5643483089846293
2,5138,1.0,2.0,0.24934291344534756
2,5139,1.0,2.0,0.49877905327518757
2,5140,1.0,2.0,0.5157057282554963
2,5141,1.0,2.0,1.4362980897541682
2,5142,1.0,2.0,1.7349645252904833
2,5143,1.0,2.0,1.252575575158256
2,5144,1.0,2.0,0.5149472739482299
2,5145,1.0,2.0,1.024981543019447
2,5146,1.0,2.0,1.9099919507101568
2,5147,1.0,2.0,0.3867412273682932
2,5148,1.0,2.0,0.7096261526281683
2,5149,1.0,2.0,0.2702473351651805
2,5150,1.0,2.0,1.6146663580221043
2,5151,1.0,2.0,1.2481924423838044
2,5152,1.0,2.0,0.3870435496643845
2,5153,1.0,2.0,1.498135965601391
2,5154,1.0,2.0,1.5889943643426971
2,5155,1.0,2.0,1.3793809561205508
2,5156,1.0,2.0,0.6172474159430514
2,5157,1.0,2.0,1.3006538882004353
2,5158,1.0,2.0,1.1449720903916347
2,5159,1.0,2.0,1.7303874305748967
2,5160,1.0,2.0,0.8215333553275364
2,5161,1.0,2.0,1.0396576734800052
2,5162,1.0,2.0,0.7537526051231638
2,5163,1.0,2.0,1.0526213368247737
2,5164,1.0,2.0,0.8934610305503938
2,5165,1.0,2.0,0.724430489278359
2,5166,1.0,2.0,1.3448976447271261
2,5167,1.0,2.0,0.3834893007321276
2,5168,1.0,2.0,1.9286256494889849
2,5169,1.0,2.0,1.2098632739863944
2,5170,1.0,2.0,1.0979596270248497
2,5171,1.0,2.0,1.1128993461764738
2,5172,1.0,2.0,0.854018606873117
2,5173,1.0,2.0,0.6098633370742559
2,5174,1.0,2.0,1.4620424077590886
2,5175,1.0,2.0,0.7209954873759341
2,5176,1.0,2.0,1.433849755886715
2,5177,1.0,2.0,0.9480834382497281
2,5178,1.0,2.0,1.2050817256456963
2,5179,1.0,2.0,0.4684169072558702
2,5180,1.0,2.0,1.4907651238525492
2,5181,1.0,2.0,0.7175174255362624
2,5182,1.0,2.0,0.5935339519892631
2,5183,1.0,2.0,0.8181755537421439
2,5184,1.0,2.0,1.1556156311901085
2,5185,1.0,2.0,0.7920099370350465
2,5186,1.0,2.0,0.9568381781281027
2,5187,1.0,2.0,0.7490778565114358
2,5188,1.0,2.0,0.01693153798470378
2,5189,1.0,2.0,0.275244237030744
2,5190,1.0,2.0,0.3107809057250731
2,5191,1.0,2.0,0.7974375104693262
2,5192,1.0,2.0,1.4544244991284048
2,5193,1.0,2.0,0.7564894889371102
2,5194,1.0,2.0,1.7545503228167
2,5195,1.0,2.0,0.6386439855201059
2,5196,1.0,2.0,0.20639529750521776
2,5197,1.0,2.0,0.24741448219789455
2,5198,1.0,2.0,1.301913073002073
2,5199,1.0,2.0,0.9217004180296116
2,5200,1.0,2.0,1.9321204884915588
2,5201,1.0,2.0,0.981658419677897
2,5202,1.0,2.0,1.581268044490765
2,5203,1.0,2.0,0.78110427989485
2,5204,1.0,2.0,1.5270442431472304
2,5205,1.0,2.0,1.8296858140006083
2,5206,1.0,2.0,0.32132620690441643
2,5207,1.0,2.0,0.5255900133473338
2,5208,1.0,2.0,0.5142948781399002
2,5209,1.0,2.0,1.5914112276222763
2,5210,1.0,2.0,1.4100580340701194
2,5211,1.0,2.0,0.6592479143311286
2,5212,1.0,2.0,1.6551954068001442
2,5213,1.0,2.0,1.4998761144296147
2,5214,1.0,2.0,1.0288756848280611
2,5215,1.0,2.0,1.561046071956626
2,5216,1.0,2.0,0.5287742200377333
2,5217,1.0,2.0,1.1063275630414209
2,5218,1.0,2.0,0.677806979290437
2,5219,1.0,2.0,1.9365352647464962
2,5220,1.0,2.0,1.130434241976202
2,5221,1.0,2.0,1.5713239694485528
2,5222,1.0,2.0,1.116930910676645
2,5223,1.0,2.0,0.9022428133741016
2,5224,1.0,2.0,0.9074645719166788
2,5225,1.0,2.0,1.0135196597727751
2,5226,1.0,2.0,0.8239354618883051
2,5227,1.0,2.0,0.4937550775372792
2,5228,1.0,2.0,1.6666252925398402
2,5229,1.0,2.0,1.5075695440189973
2,5230,1.0,2.0,1.0941530860374562
2,5231,1.0,2.0,0.9340672698862282
2,5232,1.0,2.0,0.4549018739828588
2,5233,1.0,2.0,0.6695048392114633
2,5234,1.0,2.0,1.810837665092942
2,5235,1.0,2.0,0.9376892226062554
2,5236,1.0,2.0,0.48896934290465904
2,5237,1.0,2.0,0.21723764602799175
2,5238,1.0,2.0,0.7489855738943176
2,5239,1.0,2.0,1.4123984970063794
2,5240,1.0,2.0,1.0045182299444062
2,5241,1.0,2.0,0.21129604093844656
2,5242,1.0,2.0,0.6224875525543653
2,5243,1.0,2.0,1.3134845143474247
2,5244,1.0,2.0,0.649803562830598
2,5245,1.0,2.0,1.2709995588259386
2,5246,1.0,2.0,1.2561752098472567
2,5247,1.0,2.0,1.3674190031401592
2,5248,1.0,2.0,0.6126702393409214
2,5249,1.0,2.0,0.1931990483573187
2,5250,1.0,2.0,0.9460543556753386
2,5251,1.0,2.0,1.2018651447628241
2,5252,1.0,2.0,1.7531442812946676
2,5253,1.0,2.0,1.5615670240321093
2,5254,1.0,2.0,0.95036216006419
2,5255,1.0,2.0,1.52294266836974
2,5256,1.0,2.0,0.5205259848437127
2,5257,1.0,2.0,0.886671926286736
2,5258,1.0,2.0,0.9068189643854286
2,5259,1.0,2.0,0.9101283972804142
2,5260,1.0,2.0,0.06554312060385177
2,5261,1.0,2.0,1.265909753895036
2,5262,1.0,2.0,0.9263971357677376
2,5263,1.0,2.0,0.343271134417748
2,5264,1.0,2.0,1.151572375610082
2,5265,1.0,2.0,0.6441384271653167
2,5266,1.0,2.0,1.4465886772875334
2,5267,1.0,2.0,0.5078919210557684
2,5268,1.0,2.0,1.846169950127915
2,5269,1.0,2.0,0.5327260864990918
2,5270,1.0,2.0,0.9540851924427953
2,5271,1.0,2.0,1.3915735753384446
2,5272,1.0,2.0,0.9066685000887524
2,5273,1.0,2.0,0.8814375689150563
2,5274,1.0,2.0,1.3040256452232935
2,5275,1.0,2.0,1.4399817887637636
2,5276,1.0,2.0,1.0754727550672143
2,5277,1.0,2.0,1.3328606683895374
2,5278,1.0,2.0,0.7406564366926941
2,5279,1.0,2.0,0.4447919537286123
2,5280,1.0,2.0,1.6663990446303676
2,5281,1.0,2.0,1.5769113155441303
2,5282,1.0,2.0,1.1137317475162947
2,5283,1.0,2.0,1.3401537543415074
2,5284,1.0,2.0,1.7057929554989917
2,5285,1.0,2.0,0.32053297414172904
2,5286,1.0,2.0,0.8630589789870953
2,5287,1.0,2.0,1.255011364261894
2,5288,1.0,2.0,1.685736051446169
2,5289,1.0,2.0,0.26708847852772155
2,5290,1.0,2.0,0.7630359560250934
2,5291,1.0,2.0,1.3235326887759977
2,5292,1.0,2.0,1.5033531765403516
2,5293,1.0,2.0,0.4489096825239613
2,5294,1.0,2.0,1.5245996011509395
2,5295,1.0,2.0,0.6297659529126939
2,5296,1.0,2.0,1.150038468431208
2,5297,1.0,2.0,1.3156115003625264
2,5298,1.0,2.0,0.9731077954218403
2,5299,1.0,2.0,0.4091902785220029
2,5300,1.0,2.0,1.3347985298834706
2,5301,1.0,2.0,1.231567727296227
2,5302,1.0,2.0,0.6851349196859234
2,5303,1.0,2.0,0.9977886025770517
2,5304,1.0,2.0,1.8872149766197517
2,5305,1.0,2.0,0.7099433639421681
2,5306,1.0,2.0,1.7605868564007703
2,5307,1.0,2.0,0.3539923485266359
2,5308,1.0,2.0,0.7907640827829593
2,5309,1.0,2.0,0.9930083132924972
2,5310,1.0,2.0,0.7378165825950347
2,5311,1.0,2.0,1.0868538745317755
2,5312,1.0,2.0,0.710486111562275
2,5313,1.0,2.0,0.9461433277161201
2,5314,1.0,2.0,1.0862334189888485
2,5315,1.0,2.0,1.5367782250204571
2,5316,1.0,2.0,1.5102454226331616
2,5317,1.0,2.0,0.6387870504636152
2,5318,1.0,2.0,0.10684254160490204
2,5319,1.0,2.0,0.3849016484449602
2,5320,1.0,2.0,1.3407747892635133
2,5321,1.0,2.0,0.7155283667474766
2,5322,1.0,2.0,0.1661348462887025
2,5323,1.0,2.0,0.7335979482788479
2,5324,1.0,2.0,1.884093114473912
2,5325,1.0,2.0,0.6089456164586736
2,5326,1.0,2.0,0.12096623058825591
2,5327,1.0,2.0,0.6744371088184098
2,5328,1.0,2.0,0.992102304968707
2,5329,1.0,2.0,1.3666327481646978
2,5330,1.0,2.0,0.4792854175185684
2,5331,1.0,2.0,0.35669224759872287
2,5332,1.0,2.0,1.0524318069825318
2,5333,1.0,2.0,1.17079234865875
2,5334,1.0,2.0,1.014127562577693
2,5335,1.0,2.0,1.3619467238620935
2,5336,1.0,2.0,1.3222319996366543
2,5337,1.0,2.0,0.8374089664208949
2,5338,1.0,2.0,0.6377368815671913
2,5339,1.0,2.0,0.3116087211877336
2,5340,1.0,2.0,0.7594294853212757
2,5341,1.0,2.0,1.7412621529791847
2,5342,1.0,2.0,0.7794620492491633
2,5343,1.0,2.0,1.0764463319123618
2,5344,1.0,2.0,1.146780282526556
2,5345,1.0,2.0,1.2401691565222146
2,5346,1.0,2.0,0.312561527240077
2,5347,1.0,2.0,0.9022384570346571
2,5348,1.0,2.0,1.0061337608116974
2,5349,1.0,2.0,0.12078318692098997
2,5350,1.0,2.0,1.2902027463447423
2,5351,1.0,2.0,1.0248135468336514
2,5352,1.0,2.0,0.9485360578275266
2,5353,1.0,2.0,0.3222438537421096
2,5354,1.0,2.0,1.3797430088478524
2,5355,1.0,2.0,0.827997024341201
2,5356,1.0,2.0,0.5465767626846006
2,5357,1.0,2.0,1.2908495159644415
2,5358,1.0,2.0,1.209454636981469
2,5359,1.0,2.0,0.8580438452997153
2,5360,1.0,2.0,1.1919154892384405
2,5361,1.0,2.0,0.2900597658809711
2,5362,1.0,2.0,0.32501493888006405
2,5363,1.0,2.0,0.5783029693614041
2,5364,1.0,2.0,1.2981480388088875
2,5365,1.0,2.0,0.9404157217960747
2,5366,1.0,2.0,1.3965222755638411
2,5367,1.0,2.0,1.4425269732156305
2,5368,1.0,2.0,0.7079672958636573
2,5369,1.0,2.0,1.5751748557475818
2,5370,1.0,2.0,1.291466913321158
2,5371,1.0,2.0,0.6098445528785066
2,5372,1.0,2.0,1.058641231088044
2,5373,1.0,2.0,1.7483774001726706
2,5374,1.0,2.0,1.2893780159730683
2,5375,1.0,2.0,0.39812397888382656
2,5376,1.0,2.0,0.8168006942248919
2,5377,1.0,2.0,0.731799736448566
2,5378,1.0,2.0,1.0769454200375508
2,5379,1.0,2.0,0.9881531760291389
2,5380,1.0,2.0,1.4431336469908032
2,5381,1.0,2.0,1.0767064545372715
2,5382,1.0,2.0,0.6518849347334639
2,5383,1.0,2.0,0.35887306179491735
2,5384,1.0,2.0,1.1821696820550713
2,5385,1.0,2.0,1.022122430731303
2,5386,1.0,2.0,0.1756710925175301
2,5387,1.0,2.0,0.4357618583213355
2,5388,1.0,2.0,1.0728541870865242
2,5389,1.0,2.0,1.3345684332133811
2,5390,1.0,2.0,0.7979119550065034
2,5391,1.0,2.0,0.9868718845477745
2,5392,1.0,2.0,1.8294791232639758
2,5393,1.0,2.0,1.762907211111121
2,5394,1.0,2.0,1.2854918245474956
2,5395,1.0,2.0,1.1176658337082532
2,5396,1.0,2.0,0.9511809877522794
2,5397,1.0,2.0,0.16690382017019303
2,5398,1.0,2.0,0.8681223375969331
2,5399,1.0,2.0,0.44254079585651873
2,5400,1.0,2.0,1.0127834239685174
2,5401,1.0,2.0,1.6373621456620004
2,5402,1.0,2.0,1.6540552336634273
2,5403,1.0,2.0,0.6258946902150978
2,5404,1.0,2.0,0.44391663016491145
2,5405,1.0,2.0,1.0351778961874354
2,5406,1.0,2.0,0.5147192296233957
2,5407,1.0,2.0,0.33525382783703006
2,5408,1.0,2.0,0.8434390845363663
2,5409,1.0,2.0,1.55189039880552
2,5410,1.0,2.0,0.26123747801941427
2,5411,1.0,2.0,0.34354830629797667
2,5412,1.0,2.0,0.5820804224968394
2,5413,1.0,2.0,0.2069252020591465
2,5414,1.0,2.0,1.2633077917197464
2,5415,1.0,2.0,0.3852219475280623
2,5416,1.0,2.0,0.9063003644804212
2,5417,1.0,2.0,0.7722503072232355
2,5418,1.0,2.0,0.7884177693612523
2,5419,1.0,2.0,1.3580305278580034
2,5420,1.0,2.0,0.9431654376660407
2,5421,1.0,2.0,0.7841386994626481
2,5422,1.0,2.0,1.887367049391226
2,5423,1.0,2.0,1.3623059763793774
2,5424,1.0,2.0,1.673885347161156
2,5425,1.0,2.0,1.189467509288833
2,5426,1.0,2.0,0.6210389857362324
2,5427,1.0,2.0,0.9539422140057943
2,5428,1.0,2.0,0.906197203482638
2,5429,1.0,2.0,0.7398052687063116
2,5430,1.0,2.0,0.6901750061378041
2,5431,1.0,2.0,0.9233498484922442
2,5432,1.0,2.0,0.47713936187936434
2,5433,1.0,2.0,1.76880492147354
2,5434,1.0,2.0,0.6070878786027273
2,5435,1.0,2.0,1.3925760913636396
2,5436,1.0,2.0,1.3567954809933505
2,5437,1.0,2.0,1.6765541237541088
2,5438,1.0,2.0,0.69833629341412
2,5439,1.0,2.0,1.360096947476328
2,5440,1.0,2.0,1.5104710207318737
2,5441,1.0,2.0,1.05816488111178
2,5442,1.0,2.0,0.9818262729658455
2,5443,1.0,2.0,0.8895158565920246
2,5444,1.0,2.0,0.9729166616562671
2,5445,1.0,2.0,1.486464820277679
2,5446,1.0,2.0,0.7297094093848131
2,5447,1.0,2.0,1.0812904689731897
2,5448,1.0,2.0,0.4637618293716197
2,5449,1.0,2.0,0.9409625318582694
2,5450,1.0,2.0,0.3657830260309643
2,5451,1.0,2.0,0.6416962212288799
2,5452,1.0,2.0,0.9112930755452512
2,5453,1.0,2.0,1.4002756314482439
2,5454,1.0,2.0,0.6328838139433494
2,5455,1.0,2.0,0.5648528625979576
2,5456,1.0,2.0,1.112565487513875
2,5457,1.0,2.0,1.4657516093118241
2,5458,1.0,2.0,1.2082081318585942
2,5459,1.0,2.0,1.8156753672066692
2,5460,1.0,2.0,1.0843769761590207
2,5461,1.0,2.0,0.9981914801452239
2,5462,1.0,2.0,0.8967586979916894
2,5463,1.0,2.0,1.055444784344051
2,5464,1.0,2.0,0.7985027224790895
2,5465,1.0,2.0,0.3768691886216423
2,5466,1.0,2.0,0.9179531364239989
2,5467,1.0,2.0,0.1918679552479237
2,5468,1.0,2.0,0.5890005902154258
2,5469,1.0,2.0,1.0951629293794913
2,5470,1.0,2.0,1.2517424929700112
2,5471,1.0,2.0,1.4204855558900238
2,5472,1.0,2.0,0.5631358893661264
2,5473,1.0,2.0,0.6994161094296852
2,5474,1.0,2.0,0.7519987949710623
2,5475,1.0,2.0,1.0891122324548341
2,5476,1.0,2.0,1.2819559846020225
2,5477,1.0,2.0,1.289214270023597
2,5478,1.0,2.0,0.6231834223218475
2,5479,1.0,2.0,1.830295633682452
2,5480,1.0,2.0,1.1199699284446907
2,5481,1.0,2.0,1.1222442968191066
2,5482,1.0,2.0,0.6985417113777962
2,5483,1.0,2.0,0.7233913138608474
2,5484,1.0,2.0,1.806271095891558
2,5485,1.0,2.0,1.2270960065989691
2,5486,1.0,2.0,0.6033034841454901
2,5487,1.0,2.0,0.9132668554058837
2,5488,1.0,2.0,0.4475076117361526
2,5489,1.0,2.0,1.1881283214643832
2,5490,1.0,2.0,1.2045413935557994
2,5491,1.0,2.0,0.5854707125209861
2,5492,1.0,2.0,1.1963129806330572
2,5493,1.0,2.0,0.6327755692504305
2,5494,1.0,2.0,0.5951840082681737
2,5495,1.0,2.0,0.9104817177255266
2,5496,1.0,2.0,0.2855767781501999
2,5497,1.0,2.0,0.8656538510217319
2,5498,1.0,2.0,0.6183710906504972
2,5499,1.0,2.0,1.4431545665365317
2,5500,1.0,2.0,1.3298954811570964
2,5501,1.0,2.0,1.5532687286121678
2,5502,1.0,2.0,1.4808522961356982
2,5503,1.0,2.0,1.357546762886983
2,5504,1.0,2.0,1.0079240337896542
2,5505,1.0,2.0,0.8853081339041634
2,5506,1.0,2.0,0.4259658288571525
2,5507,1.0,2.0,0.6172425839566937
2,5508,1.0,2.0,0.7482383083431029
2,5509,1.0,2.0,0.6371506599121993
2,5510,1.0,2.0,1.305102949034818
2,5511,1.0,2.0,1.745722544326042
2,5512,1.0,2.0,1.605518043122817
2,5513,1.0,2.0,1.6862707313644416
2,5514,1.0,2.0,1.1194342208105226
2,5515,1.0,2.0,0.3498897385137273
2,5516,1.0,2.0,1.3254272904987565
2,5517,1.0,2.0,0.22477865144906556
2,5518,1.0,2.0,0.7446071802020341
2,5519,1.0,2.0,0.8229778504803018
2,5520,1.0,2.0,1.4606478688614106
2,5521,1.0,2.0,1.2152367567725268
2,5522,1.0,2.0,1.7768977316044456
2,5523,1.0,2.0,1.8846062148973313
2,5524,1.0,2.0,0.8639495423156802
2,5525,1.0,2.0,0.6324060504842972
2,5526,1.0,2.0,1.201000691410067
2,5527,1.0,2.0,1.3169816496468352
2,5528,1.0,2.0,0.6648739100442466
2,5529,1.0,2.0,0.6715810263584938
2,5530,1.0,2.0,1.282452696163392
2,5531,1.0,2.0,0.5470978927746687
2,5532,1.0,2.0,0.19150203613201502
2,5533,1.0,2.0,1.0715103298872306
2,5534,1.0,2.0,0.5141722447905671
2,5535,1.0,2.0,1.013820273391941
2,5536,1.0,2.0,0.8047150317952945
2,5537,1.0,2.0,1.505205236592596
2,5538,1.0,2.0,1.260124179836441
2,5539,1.0,2.0,0.39215884985531607
2,5540,1.0,2.0,0.9225542974609087
2,5541,1.0,2.0,0.769439064461686
2,5542,1.0,2.0,1.557100088004879
2,5543,1.0,2.0,0.8676550247866038
2,5544,1.0,2.0,1.4358316018593338
2,5545,1.0,2.0,1.3986349817780468
2,5546,1.0,2.0,1.5075695341783093
2,5547,1.0,2.0,1.2373115965228476
2,5548,1.0,2.0,0.9246160917565187
2,5549,1.0,2.0,1.0492381900018541
2,5550,1.0,2.0,0.7319874231788142
2,5551,1.0,2.0,0.8807340678795336
2,5552,1.0,2.0,1.0754910641702131
2,5553,1.0,2.0,0.40695987736538275
2,5554,1.0,2.0,1.4594728669225874
2,5555,1.0,2.0,1.0064034087371299
2,5556,1.0,2.0,0.03616973633653026
2,5557,1.0,2.0,0.6028933386248869
2,5558,1.0,2.0,0.5595744753508671
2,5559,1.0,2.0,1.471949950184873
2,5560,1.0,2.0,0.9368904419835825
2,5561,1.0,2.0,1.553927535344163
2,5562,1.0,2.0,1.759012883191593
2,5563,1.0,2.0,0.43428974634028106
2,5564,1.0,2.0,0.9025610449199937
2,5565,1.0,2.0,0.9369985692385318
2,5566,1.0,2.0,1.2331466871243986
2,5567,1.0,2.0,0.44475904888535706
2,5568,1.0,2.0,1.4878304232700696
2,5569,1.0,2.0,0.16955562181894485
2,5570,1.0,2.0,0.7930771485095688
2,5571,1.0,2.0,0.9803228386343036
2,5572,1.0,2.0,0.8148819601635375
2,5573,1.0,2.0,1.364653728806859
2,5574,1.0,2.0,0.6131027702841991
2,5575,1.0,2.0,0.7521529724296332
2,5576,1.0,2.0,1.7320574551236483
2,5577,1.0,2.0,0.9594350165461485
2,5578,1.0,2.0,1.0584690329230055
2,5579,1.0,2.0,1.6642233392448667
2,5580,1.0,2.0,1.1649414023143536
2,5581,1.0,2.0,1.0652962038800837
2,5582,1.0,2.0,0.3646632533118946
2,5583,1.0,2.0,1.049221467401689
2,5584,1.0,2.0,1.3531229005096534
2,5585,1.0,2.0,1.472766140976325
2,5586,1.0,2.0,1.9204746169586961
2,5587,1.0,2.0,0.8173751938179028
2,5588,1.0,2.0,1.027421550118079
2,5589,1.0,2.0,0.3116628554203169
2,5590,1.0,2.0,0.7193930528638092
2,5591,1.0,2.0,0.7121690369770873
2,5592,1.0,2.0,0.5931206585167778
2,5593,1.0,2.0,0.28291370454133
2,5594,1.0,2.0,1.7784548024332592
2,5595,1.0,2.0,1.237112903007297
2,5596,1.0,2.0,1.1738778182359328
2,5597,1.0,2.0,1.055164976765867
2,5598,1.0,2.0,0.5491481072406652
2,5599,1.0,2.0,0.7748875805878987
2,5600,1.0,2.0,0.5075297792075262
2,5601,1.0,2.0,1.2050859160446523
2,5602,1.0,2.0,0.8919640973772002
2,5603,1.0,2.0,1.6135327243017732
2,5604,1.0,2.0,0.9036523828469635
2,5605,1.0,2.0,0.6931663706577085
2,5606,1.0,2.0,1.0288897411864266
2,5607,1.0,2.0,0.6225280394519085
2,5608,1.0,2.0,1.1298146618988403
2,5609,1.0,2.0,1.263915884806421
2,5610,1.0,2.0,1.5576568391622796
2,5611,1.0,2.0,1.7256668419272063
2,5612,1.0,2.0,1.7176977463746659
2,5613,1.0,2.0,1.616814428689466
2,5614,1.0,2.0,0.8501923316357441
2,5615,1.0,2.0,1.3889099179379478
2,5616,1.0,2.0,0.5189716176956032
2,5617,1.0,2.0,1.5843891046006695
2,5618,1.0,2.0,1.2171355977454303
2,5619,1.0,2.0,0.637210216777811
2,5620,1.0,2.0,0.3805403688807755
2,5621,1.0,2.0,1.2945089432745882
2,5622,1.0,2.0,0.45388418692539484
2,5623,1.0,2.0,0.9558382316070864
2,5624,1.0,2.0,1.5854656740483901
2,5625,1.0,2.0,1.4558741291963881
2,5626,1.0,2.0,1.0694893477509964
2,5627,1.0,2.0,1.7165773543403822
2,5628,1.0,2.0,0.06841636732545978
2,5629,1.0,2.0,0.6699841590819812
2,5630,1.0,2.0,0.20376709367271875
2,5631,1.0,2.0,0.21187845898275462
2,5632,1.0,2.0,0.8050454116498355
2,5633,1.0,2.0,1.1232760367541006
2,5634,1.0,2.0,0.39776087105977803
2,5635,1.0,2.0,0.9798106141267462
2,5636,1.0,2.0,1.3574880497395534
2,5637,1.0,2.0,0.19741439327809288
2,5638,1.0,2.0,0.676546167394625
2,5639,1.0,2.0,1.087809111928685
2,5640,1.0,2.0,0.7688316805767782
2,5641,1.0,2.0,0.5866094840232569
2,5642,1.0,2.0,0.3749758576821523
2,5643,1.0,2.0,0.9061115628011072
2,5644,1.0,2.0,1.0834769316129087
2,5645,1.0,2.0,1.3644452961414588
2,5646,1.0,2.0,0.6555759091750775
2,5647,1.0,2.0,0.837604448543413
2,5648,1.0,2.0,0.12280522797379602
2,5649,1.0,2.0,0.9695303082799884
2,5650,1.0,2.0,0.6006770635473215
2,5651,1.0,2.0,1.6458376117710372
2,5652,1.0,2.0,1.2712362845734746
2,5653,1.0,2.0,0.8954444246984247
2,5654,1.0,2.0,0.5006647536492677
2,5655,1.0,2.0,1.4511428358966432
2,5656,1.0,2.0,0.7453302607248209
2,5657,1.0,2.0,0.40076289995091446
2,5658,1.0,2.0,0.510107138569161
2,5659,1.0,2.0,1.20368432573972
2,5660,1.0,2.0,0.5095668898700643
2,5661,1.0,2.0,1.699214478066711
2,5662,1.0,2.0,0.7791044055671995
2,5663,1.0,2.0,1.2900550047655348
2,5664,1.0,2.0,1.1864756730192862
2,5665,1.0,2.0,0.8180273049998551
2,5666,1.0,2.0,0.18482680256924922
2,5667,1.0,2.0,0.41972548982213426
2,5668,1.0,2.0,1.7189071038670218
2,5669,1.0,2.0,1.2448058767330203
2,5670,1.0,2.0,1.4062127739173995
2,5671,1.0,2.0,0.5197603871973626
2,5672,1.0,2.0,0.20087482369290208
2,5673,1.0,2.0,0.9808211340999864
2,5674,1.0,2.0,0.8618906769198593
2,5675,1.0,2.0,0.2077778242904752
2,5676,1.0,2.0,1.0128403981245357
2,5677,1.0,2.0,0.7187581729258067
2,5678,1.0,2.0,0.6479524307489671
2,5679,1.0,2.0,0.17034464584280382
2,5680,1.0,2.0,1.04822556569116
2,5681,1.0,2.0,0.23812868240680202
2,5682,1.0,2.0,0.8586306231019356
2,5683,1.0,2.0,0.8801475517674179
2,5684,1.0,2.0,0.6204711545919145
2,5685,1.0,2.0,0.28231661025231036
2,5686,1.0,2.0,0.8204933782870576
2,5687,1.0,2.0,0.5935942674377591
2,5688,1.0,2.0,0.9771936618405385
2,5689,1.0,2.0,0.1855671398891385
2,5690,1.0,2.0,1.663421646482489
2,5691,1.0,2.0,0.8453664056000596
2,5692,1.0,2.0,0.859547749241947
2,5693,1.0,2.0,0.9520609161297245
2,5694,1.0,2.0,1.4206929792929381
2,5695,1.0,2.0,1.6601940481622246
2,5696,1.0,2.0,1.0425849552850117
2,5697,1.0,2.0,0.7803832778990389
2,5698,1.0,2.0,1.2515479915275707
2,5699,1.0,2.0,0.9830131029401572
2,5700,1.0,2.0,0.8271609901122955
2,5701,1.0,2.0,1.3066246243174144
2,5702,1.0,2.0,0.9660049271770099
2,5703,1.0,2.0,0.8195022161783396
2,5704,1.0,2.0,0.30784513040709793
2,5705,1.0,2.0,1.0684799769054576
2,5706,1.0,2.0,1.3751806879458313
2,5707,1.0,2.0,1.574083383218095
2,5708,1.0,2.0,1.3684633282320338
2,5709,1.0,2.0,1.133434171411451
2,5710,1.0,2.0,1.0254026115284482
2,5711,1.0,2.0,0.8041739321208565
2,5712,1.0,2.0,1.1012752011283349
2,5713,1.0,2.0,1.3437757558337484
2,5714,1.0,2.0,0.6485797008455142
2,5715,1.0,2.0,1.314857128239526
2,5716,1.0,2.0,1.2560520849495138
2,5717,1.0,2.0,1.2560765565785443
2,5718,1.0,2.0,0.7359175134688211
2,5719,1.0,2.0,0.1810005576988585
2,5720,1.0,2.0,0.6395850357666722
2,5721,1.0,2.0,0.6385705191145223
2,5722,1.0,2.0,0.850347610229228
2,5723,1.0,2.0,1.0881843258386754
2,5724,1.0,2.0,1.4245985458102803
2,5725,1.0,2.0,1.4153296923793577
2,5726,1.0,2.0,0.33695362052017835
2,5727,1.0,2.0,0.0999058617032265
2,5728,1.0,2.0,0.9854351146567553
2,5729,1.0,2.0,1.0301832006882972
2,5730,1.0,2.0,0.8389866913146233
2,5731,1.0,2.0,0.31236293274126536
2,5732,1.0,2.0,1.3340688005478125
2,5733,1.0,2.0,1.2814156979160711
2,5734,1.0,2.0,1.2823564510090915
2,5735,1.0,2.0,1.3075965358219297
2,5736,1.0,2.0,0.330069023506454
2,5737,1.0,2.0,0.47289336808157945
2,5738,1.0,2.0,1.5604763439143152
2,5739,1.0,2.0,1.410616833636964
2,5740,1.0,2.0,0.38936235537067
2,5741,1.0,2.0,0.15922638572067382
2,5742,1.0,2.0,0.42541133695021266
2,5743,1.0,2.0,1.4394802210089361
2,5744,1.0,2.0,0.27044145842742534
2,5745,1.0,2.0,1.4868642494245363
2,5746,1.0,2.0,0.5894441458887899
2,5747,1.0,2.0,0.518802106556282
2,5748,1.0,2.0,1.4225665374900975
2,5749,1.0,2.0,0.8800122173463456
2,5750,1.0,2.0,0.5835411203841201
2,5751,1.0,2.0,1.5393844073498129
2,5752,1.0,2.0,0.46157822495387496
2,5753,1.0,2.0,1.1864258716531957
2,5754,1.0,2.0,1.3130761010283467
2,5755,1.0,2.0,1.1088561302826077
2,5756,1.0,2.0,1.2175388538072565
2,5757,1.0,2.0,1.1309378406841106
2,5758,1.0,2.0,0.6968414164009932
2,5759,1.0,2.0,1.2930416672253664
2,5760,1.0,2.0,1.2356705932980305
2,5761,1.0,2.0,0.9556251843593725
2,5762,1.0,2.0,0.8870547576560144
2,5763,1.0,2.0,1.6152812072541751
2,5764,1.0,2.0,0.6351418291991574
2,5765,1.0,2.0,0.8926480304861246
2,5766,1.0,2.0,1.077541097838754
2,5767,1.0,2.0,1.1420161356258323
2,5768,1.0,2.0,1.8013042235481724
2,5769,1.0,2.0,0.0778201809200083
2,5770,1.0,2.0,0.6509782822675495
2,5771,1.0,2.0,0.17596262934136594
2,5772,1.0,2.0,0.6562156040559057
2,5773,1.0,2.0,1.6303602271971684
2,5774,1.0,2.0,0.28950989308414216
2,5775,1.0,2.0,1.2383797598586037
2,5776,1.0,2.0,1.1123109639790316
2,5777,1.0,2.0,0.9931798393041302
2,5778,1.0,2.0,0.5444894379565878
2,5779,1.0,2.0,0.2703656389369853
2,5780,1.0,2.0,1.6720416273310201
2,5781,1.0,2.0,1.073751891883513
2,5782,1.0,2.0,1.2211653533113929
2,5783,1.0,2.0,0.25585841801229736
2,5784,1.0,2.0,1.3221412175917684
2,5785,1.0,2.0,1.3670081170430477
2,5786,1.0,2.0,1.4641173925111768
2,5787,1.0,2.0,1.2428145864353992
2,5788,1.0,2.0,1.0940760110129135
2,5789,1.0,2.0,1.875498370241106
2,5790,1.0,2.0,0.5113756243012777
2,5791,1.0,2.0,1.2578831007703264
2,5792,1.0,2.0,0.9086279357821204
2,5793,1.0,2.0,0.9745874906963793
2,5794,1.0,2.0,1.3471862486208246
2,5795,1.0,2.0,0.9788508881644077
2,5796,1.0,2.0,1.67926466095429
2,5797,1.0,2.0,0.6995427372227165
2,5798,1.0,2.0,1.3644532605791324
2,5799,1.0,2.0,1.7724649908384353
2,5800,1.0,2.0,1.002939384014748
2,5801,1.0,2.0,1.277674782907095
2,5802,1.0,2.0,0.8072756801718367
2,5803,1.0,2.0,0.6718413740735738
2,5804,1.0,2.0,0.706570330763181
2,5805,1.0,2.0,1.1481922201000443
2,5806,1.0,2.0,1.6530665811172938
2,5807,1.0,2.0,0.523516564025145
2,5808,1.0,2.0,1.0267634767951748
2,5809,1.0,2.0,0.8575713436258364
2,5810,1.0,2.0,1.2185837254197405
2,5811,1.0,2.0,1.9756188907169425
2,5812,1.0,2.0,0.6533929572505974
2,5813,1.0,2.0,0.8513893510074471
2,5814,1.0,2.0,0.49118008444035954
2,5815,1.0,2.0,1.4479879337220056
2,5816,1.0,2.0,0.39815355342331504
2,5817,1.0,2.0,0.699492990107266
2,5818,1.0,2.0,1.4247237879040098
2,5819,1.0,2.0,0.5944035468797376
2,5820,1.0,2.0,1.2539357208363744
2,5821,1.0,2.0,0.9582519694508209
2,5822,1.0,2.0,1.1638444055968495
2,5823,1.0,2.0,0.4453983161220119
2,5824,1.0,2.0,1.5492021322893255
2,5825,1.0,2.0,0.5198149578142771
2,5826,1.0,2.0,1.0383602166615509
2,5827,1.0,2.0,0.30874052714814376
2,5828,1.0,2.0,1.1731978444220044
2,5829,1.0,2.0,0.6249373670998079
2,5830,1.0,2.0,1.3823840949808353
2,5831,1.0,2.0,0.7512547045796292
2,5832,1.0,2.0,0.5374088317207285
2,5833,1.0,2.0,0.11488130516714279
2,5834,1.0,2.0,0.7128869586036025
2,5835,1.0,2.0,1.3100682585639363
2,5836,1.0,2.0,0.9031292135830442
2,5837,1.0,2.0,1.3343990253176807
2,5838,1.0,2.0,1.9304853691263106
2,5839,1.0,2.0,0.6593705107486835
2,5840,1.0,2.0,0.7381692255195268
2,5841,1.0,2.0,0.9377787913995276
2,5842,1.0,2.0,0.7137414892681085
2,5843,1.0,2.0,1.1099959111670215
2,5844,1.0,2.0,0.8599111498020955
2,5845,1.0,2.0,0.98214263474465
2,5846,1.0,2.0,0.8545934832978133
2,5847,1.0,2.0,0.9703357101256455
2,5848,1.0,2.0,0.9888877772482979
2,5849,1.0,2.0,0.9328412206968303
2,5850,1.0,2.0,0.9531324539523754
2,5851,1.0,2.0,0.44239649303949785
2,5852,1.0,2.0,0.4355007120964245
2,5853,1.0,2.0,0.8291043123121996
2,5854,1.0,2.0,1.3345474565735396
2,5855,1.0,2.0,0.38367577555236526
2,5856,1.0,2.0,1.087452610776174
2,5857,1.0,2.0,0.6928774481753792
2,5858,1.0,2.0,0.6541201196119297
2,5859,1.0,2.0,1.598929730855741
2,5860,1.0,2.0,0.8056519247528783
2,5861,1.0,2.0,0.5164227940437385
2,5862,1.0,2.0,0.989818233862592
2,5863,1.0,2.0,1.219901580169716
2,5864,1.0,2.0,1.16501842784746
2,5865,1.0,2.0,0.49284892428270205
2,5866,1.0,2.0,0.9996100260395323
2,5867,1.0,2.0,1.6232203409246453
2,5868,1.0,2.0,1.3148607131509205
2,5869,1.0,2.0,1.394797783592598
2,5870,1.0,2.0,0.9360502828924885
2,5871,1.0,2.0,1.301495054559894
2,5872,1.0,2.0,1.4933511990959172
2,5873,1.0,2.0,0.5475050674789693
2,5874,1.0,2.0,1.3338144677263775
2,5875,1.0,2.0,0.5722654863284585
2,5876,1.0,2.0,0.5282808084887355
2,5877,1.0,2.0,1.4144151246299599
2,5878,1.0,2.0,0.39243241919520866
2,5879,1.0,2.0,0.5398830123373919
2,5880,1.0,2.0,0.8188480952321455
2,5881,1.0,2.0,0.39147586018284536
2,5882,1.0,2.0,0.4573300302393642
2,5883,1.0,2.0,0.29851132525951773
2,5884,1.0,2.0,0.24924647340287387
2,5885,1.0,2.0,1.1605804535141357
2,5886,1.0,2.0,0.9170070414840047
2,5887,1.0,2.0,0.8913010442630612
2,5888,1.0,2.0,0.808042760771526
2,5889,1.0,2.0,0.18349927004818264
2,5890,1.0,2.0,0.29540864640077635
2,5891,1.0,2.0,0.2841645546941656
2,5892,1.0,2.0,0.7618939524556542
2,5893,1.0,2.0,0.4543032393896046
2,5894,1.0,2.0,0.9690862133238112
2,5895,1.0,2.0,0.8479803850853397
2,5896,1.0,2.0,1.5763257058479336
2,5897,1.0,2.0,1.4637762649360726
2,5898,1.0,2.0,1.7012139339633867
2,5899,1.0,2.0,1.6856643087422631
2,5900,1.0,2.0,1.0850666068232018
2,5901,1.0,2.0,1.715616208827526
2,5902,1.0,2.0,1.3225480942237382
2,5903,1.0,2.0,1.362720348886972
2,5904,1.0,2.0,1.0553940386884657
2,5905,1.0,2.0,0.21160342313341218
2,5906,1.0,2.0,1.588612590651304
2,5907,1.0,2.0,1.4731310998204403
2,5908,1.0,2.0,0.6858862906314385
2,5909,1.0,2.0,0.7830271416873129
2,5910,1.0,2.0,1.3927814038140092
2,5911,1.0,2.0,1.521099675463119
2,5912,1.0,2.0,0.16508055474535668
2,5913,1.0,2.0,0.9276521996455444
2,5914,1.0,2.0,0.5881470099386956
2,5915,1.0,2.0,1.6311949931260412
2,5916,1.0,2.0,0.7051008491611512
2,5917,1.0,2.0,0.9415119039387637
2,5918,1.0,2.0,0.8876161352929574
2,5919,1.0,2.0,1.192664974022233
2,5920,1.0,2.0,0.97909240553925
2,5921,1.0,2.0,0.6716152852306119
2,5922,1.0,2.0,1.5518925738011962
2,5923,1.0,2.0,1.2607593265887576
2,5924,1.0,2.0,0.9142417175851995
2,5925,1.0,2.0,0.6349257432435681
2,5926,1.0,2.0,0.23041821721459713
2,5927,1.0,2.0,1.0635659842322014
2,5928,1.0,2.0,1.3666710630338577
2,5929,1.0,2.0,1.4211992732253171
2,5930,1.0,2.0,0.689767917445792
2,5931,1.0,2.0,0.9980690958167724
2,5932,1.0,2.0,1.735493067034585
2,5933,1.0,2.0,0.8076110069422723
2,5934,1.0,2.0,0.9297367901860087
2,5935,1.0,2.0,0.71349534954468
2,5936,1.0,2.0,1.506808934478469
2,5937,1.0,2.0,0.9146094171130017
2,5938,1.0,2.0,0.7048390478692371
2,5939,1.0,2.0,1.5126176583275908
2,5940,1.0,2.0,0.34519686881126105
2,5941,1.0,2.0,1.5626314426502073
2,5942,1.0,2.0,1.5873710022201566
2,5943,1.0,2.0,1.3299717472585235
2,5944,1.0,2.0,1.153369870695431
2,5945,1.0,2.0,1.6677990585324938
2,5946,1.0,2.0,0.9799893063284373
2,5947,1.0,2.0,1.1725068754906662
2,5948,1.0,2.0,1.2050376642041305
2,5949,1.0,2.0,1.1325583920642992
2,5950,1.0,2.0,1.969009700703467
2,5951,1.0,2.0,0.45013743440202353
2,5952,1.0,2.0,0.29945170247233127
2,5953,1.0,2.0,0.6378530680884623
2,5954,1.0,2.0,1.0939788556520753
2,5955,1.0,2.0,0.1963870856376988
2,5956,1.0,2.0,0.7006605938904675
2,5957,1.0,2.0,0.707164582632718
2,5958,1.0,2.0,1.1185892098753123
2,5959,1.0,2.0,0.9172260743202912
2,5960,1.0,2.0,1.5080148207920319
2,5961,1.0,2.0,1.3768839507594062
2,5962,1.0,2.0,1.7069353761914865
2,5963,1.0,2.0,0.4911592858661027
2,5964,1.0,2.0,0.7937966464593201
2,5965,1.0,2.0,1.1522254369226315
2,5966,1.0,2.0,1.0704841330467962
2,5967,1.0,2.0,1.113210414982972
2,5968,1.0,2.0,0.4009963599474497
2,5969,1.0,2.0,0.4780805237546396
2,5970,1.0,2.0,0.998051394660412
2,5971,1.0,2.0,0.5960409577503675
2,5972,1.0,2.0,1.0955018887276728
2,5973,1.0,2.0,1.12156159992325
2,5974,1.0,2.0,1.5591146330828605
2,5975,1.0,2.0,1.1245325579250047
2,5976,1.0,2.0,1.8511814403603812
2,5977,1.0,2.0,1.0773520073687652
2,5978,1.0,2.0,1.3217374663193615
2,5979,1.0,2.0,1.692860757787951
2,5980,1.0,2.0,0.6229754062518477
2,5981,1.0,2.0,1.2179241958742257
2,5982,1.0,2.0,0.9194280204384051
2,5983,1.0,2.0,1.3150420726276182
2,5984,1.0,2.0,0.752893084587781
2,5985,1.0,2.0,0.5679890688693124
2,5986,1.0,2.0,0.9117166094738582
2,5987,1.0,2.0,0.7803418462690515
2,5988,1.0,2.0,1.3553530328883787
2,5989,1.0,2.0,0.5604661337517028
2,5990,1.0,2.0,0.9622730324296819
2,5991,1.0,2.0,1.2085008981471441
2,5992,1.0,2.0,1.4848659250714609
2,5993,1.0,2.0,1.8282738248010744
2,5994,1.0,2.0,0.9090497741194129
2,5995,1.0,2.0,1.3339618298792932
2,5996,1.0,2.0,1.4228905841411286
2,5997,1.0,2.0,1.713122203433235
2,5998,1.0,2.0,0.7200323511036939
2,5999,1.0,2.0,0.8283531177934874
2,6000,1.0,2.0,0.9099403255828208
2,6001,1.0,2.0,0.8655120069578914
2,6002,1.0,2.0,0.8400502430104394
2,6003,1.0,2.0,0.8250132027740786
2,6004,1.0,2.0,0.9891481438238316
2,6005,1.0,2.0,1.484141055758647
2,6006,1.0,2.0,1.0484205956672306
2,6007,1.0,2.0,0.33765395869626014
2,6008,1.0,2.0,0.5662846827778231
2,6009,1.0,2.0,0.6778718387158476
2,6010,1.0,2.0,1.4307934382676115
2,6011,1.0,2.0,1.508756108303585
2,6012,1.0,2.0,0.6576848576727502
2,6013,1.0,2.0,1.4519494219241844
2,6014,1.0,2.0,1.093884431566639
2,6015,1.0,2.0,1.60888359953669
2,6016,1.0,2.0,0.8322804809122573
2,6017,1.0,2.0,1.8930230874586509
2,6018,1.0,2.0,1.0629311900443374
2,6019,1.0,2.0,1.1524284770816755
2,6020,1.0,2.0,1.1069870073678325
2,6021,1.0,2.0,1.010095179637962
2,6022,1.0,2.0,1.13508540860067
2,6023,1.0,2.0,0.9047365687204407
2,6024,1.0,2.0,1.5086399528695171
2,6025,1.0,2.0,0.2684466940921838
2,6026,1.0,2.0,0.3684059962912068
2,6027,1.0,2.0,1.3709493908773664
2,6028,1.0,2.0,0.5933581552084117
2,6029,1.0,2.0,1.1277567154707944
2,6030,1.0,2.0,1.126863321253616
2,6031,1.0,2.0,0.7613413547660921
2,6032,1.0,2.0,0.809063409416045
2,6033,1.0,2.0,0.3546296422481106
2,6034,1.0,2.0,1.4668516991780574
2,6035,1.0,2.0,0.366899852676854
2,6036,1.0,2.0,0.987862299448817
2,6037,1.0,2.0,0.9178531333632884
2,6038,1.0,2.0,0.07360671246395069
2,6039,1.0,2.0,1.2582477145443716
2,6040,1.0,2.0,1.4629137857667036
2,6041,1.0,2.0,1.6070256760063553
2,6042,1.0,2.0,1.3549077043297229
2,6043,1.0,2.0,1.17778544046346
2,6044,1.0,2.0,0.8455511915034813
2,6045,1.0,2.0,1.0315746681561206
2,6046,1.0,2.0,0.8027343379013181
2,6047,1.0,2.0,1.4740630913212542
2,6048,1.0,2.0,0.9727356699820636
2,6049,1.0,2.0,1.719862170607787
2,6050,1.0,2.0,0.450851721485182
2,6051,1.0,2.0,1.0499535352380662
2,6052,1.0,2.0,1.0508142925341735
2,6053,1.0,2.0,0.46395316034214396
2,6054,1.0,2.0,0.643671784502799
2,6055,1.0,2.0,0.34656285430369477
2,6056,1.0,2.0,1.3320439237932464
2,6057,1.0,2.0,1.7496242967778652
2,6058,1.0,2.0,0.8645457328037081
2,6059,1.0,2.0,1.0711008270539648
2,6060,1.0,2.0,1.0812353292058028
2,6061,1.0,2.0,0.8235782940408841
2,6062,1.0,2.0,0.802373557169535
2,6063,1.0,2.0,0.45631081826967373
2,6064,1.0,2.0,0.3697548475402934
2,6065,1.0,2.0,0.8314388093814479
2,6066,1.0,2.0,1.8300551849054647
2,6067,1.0,2.0,1.6323475288164782
2,6068,1.0,2.0,1.5332478434764607
2,6069,1.0,2.0,0.19131972683075418
2,6070,1.0,2.0,0.5660979392599617
2,6071,1.0,2.0,1.5256060370635163
2,6072,1.0,2.0,0.5678784276696366
2,6073,1.0,2.0,1.716022417368123
2,6074,1.0,2.0,0.74914338013141
2,6075,1.0,2.0,0.750690283435012
2,6076,1.0,2.0,0.5340065917326117
2,6077,1.0,2.0,0.8810860427417335
2,6078,1.0,2.0,1.2884390311011034
2,6079,1.0,2.0,0.4794381069820189
2,6080,1.0,2.0,0.45075589864255516
2,6081,1.0,2.0,1.117857713407128
2,6082,1.0,2.0,0.43153907145743003
2,6083,1.0,2.0,0.20719899648422613
2,6084,1.0,2.0,0.7149050705868285
2,6085,1.0,2.0,1.1690333317074433
2,6086,1.0,2.0,1.1082922628089809
2,6087,1.0,2.0,1.6320035160680364
2,6088,1.0,2.0,1.7806041980911897
2,6089,1.0,2.0,0.3242253043236357
2,6090,1.0,2.0,0.4693826581406259
2,6091,1.0,2.0,1.0449781423626843
2,6092,1.0,2.0,1.141320781533405
2,6093,1.0,2.0,0.8783523398970868
2,6094,1.0,2.0,1.153419475783081
2,6095,1.0,2.0,1.8401359932962544
2,6096,1.0,2.0,0.6812414641423503
2,6097,1.0,2.0,0.7779794208298375
2,6098,1.0,2.0,0.8506064647692487
2,6099,1.0,2.0,0.7142128114784998
2,6100,1.0,2.0,0.46246001749888527
2,6101,1.0,2.0,1.002230432254068
2,6102,1.0,2.0,1.4894371938968463
2,6103,1.0,2.0,1.5535597701203074
2,6104,1.0,2.0,1.2036177970875341
2,6105,1.0,2.0,0.9797439626063901
2,6106,1.0,2.0,1.3399851246667414
2,6107,1.0,2.0,0.9582275803342243
2,6108,1.0,2.0,0.34950071006436634
2,6109,1.0,2.0,1.425704707816828
2,6110,1.0,2.0,0.4697688331018956
2,6111,1.0,2.0,0.36772205291990856
2,6112,1.0,2.0,0.020259457733220312
2,6113,1.0,2.0,0.8976508544441835
2,6114,1.0,2.0,1.3967455968158764
2,6115,1.0,2.0,0.041645187018653586
2,6116,1.0,2.0,0.4133317178410337
2,6117,1.0,2.0,0.5328729822665008
2,6118,1.0,2.0,1.29550530402837
2,6119,1.0,2.0,1.522479100480014
2,6120,1.0,2.0,1.4682646764808132
2,6121,1.0,2.0,1.6789528488395653
2,6122,1.0,2.0,0.5146381632400654
2,6123,1.0,2.0,1.0900932650449944
2,6124,1.0,2.0,0.7804337035388333
2,6125,1.0,2.0,1.3801645424871873
2,6126,1.0,2.0,1.5802195029142196
2,6127,1.0,2.0,1.3598219362112387
2,6128,1.0,2.0,0.49335702541302173
2,6129,1.0,2.0,0.9527773727277701
2,6130,1.0,2.0,1.1797676759870512
2,6131,1.0,2.0,0.6547812353492735
2,6132,1.0,2.0,1.6891634089251766
2,6133,1.0,2.0,1.7728634789753146
2,6134,1.0,2.0,1.6096015058849649
2,6135,1.0,2.0,1.2682562815268064
2,6136,1.0,2.0,1.0261298513543105
2,6137,1.0,2.0,0.7295411814302041
2,6138,1.0,2.0,0.7831562164279151
2,6139,1.0,2.0,0.9250667940582588
2,6140,1.0,2.0,1.1670971354101989
2,6141,1.0,2.0,0.6260745010220009
2,6142,1.0,2.0,0.5103759973233954
2,6143,1.0,2.0,1.0220337317803143
2,6144,1.0,2.0,0.9870278662778742
2,6145,1.0,2.0,0.5317609260874985
2,6146,1.0,2.0,1.1160883165990254
2,6147,1.0,2.0,0.7250178597462555
2,6148,1.0,2.0,0.770890845250632
2,6149,1.0,2.0,1.3419698095787487
2,6150,1.0,2.0,1.277564369243564
2,6151,1.0,2.0,1.5571798289359138
2,6152,1.0,2.0,0.38685236336450113
2,6153,1.0,2.0,0.933707009019366
2,6154,1.0,2.0,1.8244555077307358
2,6155,1.0,2.0,1.1196972869597883
2,6156,1.0,2.0,0.6417631953821293
2,6157,1.0,2.0,1.2414031316685867
2,6158,1.0,2.0,1.6619471203337837
2,6159,1.0,2.0,1.2672883264768595
2,6160,1.0,2.0,0.876662590992271
2,6161,1.0,2.0,0.725474378324521
2,6162,1.0,2.0,1.3160734216573704
2,6163,1.0,2.0,0.33473622784614804
2,6164,1.0,2.0,1.388711997205828
2,6165,1.0,2.0,0.5482857132266421
2,6166,1.0,2.0,1.0429705612080111
2,6167,1.0,2.0,0.838875026138373
2,6168,1.0,2.0,1.21355060948339
2,6169,1.0,2.0,1.2307727100805588
2,6170,1.0,2.0,0.6003624450071988
2,6171,1.0,2.0,0.7540228966764518
2,6172,1.0,2.0,1.6353062541746965
2,6173,1.0,2.0,1.1106324429191172
2,6174,1.0,2.0,0.30973646360679113
2,6175,1.0,2.0,1.7721792257532982
2,6176,1.0,2.0,1.1767178659823472
2,6177,1.0,2.0,1.0984099169848935
2,6178,1.0,2.0,1.600937760979086
2,6179,1.0,2.0,0.6672965799031426
2,6180,1.0,2.0,1.3586238871442182
2,6181,1.0,2.0,0.8314525347208531
2,6182,1.0,2.0,0.12397094049905004
2,6183,1.0,2.0,0.3174960353550784
2,6184,1.0,2.0,0.327734241161473
2,6185,1.0,2.0,0.5126335409394346
2,6186,1.0,2.0,1.291296131205107
2,6187,1.0,2.0,0.61279925444011
2,6188,1.0,2.0,1.2866092601238517
2,6189,1.0,2.0,1.3034455207115931
2,6190,1.0,2.0,0.7709722577787759
2,6191,1.0,2.0,0.4922494436552385
2,6192,1.0,2.0,1.7600353484064166
2,6193,1.0,2.0,1.2943527013591374
2,6194,1.0,2.0,1.7425286686507968
2,6195,1.0,2.0,1.6369817366602077
2,6196,1.0,2.0,0.644710789162846
2,6197,1.0,2.0,1.2364242056983639
2,6198,1.0,2.0,0.31527718097722846
2,6199,1.0,2.0,0.4899964729664595
2,6200,1.0,2.0,0.5726006702390419
2,6201,1.0,2.0,0.9181751711167595
2,6202,1.0,2.0,1.1092689466417873
2,6203,1.0,2.0,0.7011524375965248
2,6204,1.0,2.0,0.999069939230671
2,6205,1.0,2.0,0.19036122840777628
2,6206,1.0,2.0,1.7672448511580772
2,6207,1.0,2.0,1.1869353201128663
2,6208,1.0,2.0,0.46858356986828287
2,6209,1.0,2.0,0.30444536004704004
2,6210,1.0,2.0,0.8928329396128699
2,6211,1.0,2.0,1.003472514067501
2,6212,1.0,2.0,1.368601855612436
2,6213,1.0,2.0,0.6722076602355387
2,6214,1.0,2.0,0.674591687035165
2,6215,1.0,2.0,0.4227600690548394
2,6216,1.0,2.0,1.0824852132393525
2,6217,1.0,2.0,1.4677432217020665
2,6218,1.0,2.0,1.743719957908234
2,6219,1.0,2.0,0.33188728030481307
2,6220,1.0,2.0,0.3154788630039068
2,6221,1.0,2.0,0.26948681263594354
2,6222,1.0,2.0,0.14989765467717028
2,6223,1.0,2.0,1.130851946209776
2,6224,1.0,2.0,0.6680511829517196
2,6225,1.0,2.0,1.5035877134169515
2,6226,1.0,2.0,1.3741177738147794
2,6227,1.0,2.0,0.43727436207342435
2,6228,1.0,2.0,1.339297041524604
2,6229,1.0,2.0,1.0968513753445341
2,6230,1.0,2.0,0.19644267446690997
2,6231,1.0,2.0,0.797540357990761
2,6232,1.0,2.0,0.7145560800831221
2,6233,1.0,2.0,1.2817198109348857
2,6234,1.0,2.0,0.9342774882311702
2,6235,1.0,2.0,1.8101094603302044
2,6236,1.0,2.0,1.1847545851718482
2,6237,1.0,2.0,0.6237301906373587
2,6238,1.0,2.0,1.1367598407486659
2,6239,1.0,2.0,0.4543837983739771
2,6240,1.0,2.0,0.8032476835293546
2,6241,1.0,2.0,1.19899198370023
2,6242,1.0,2.0,1.0525668489109612
2,6243,1.0,2.0,1.4107190888683805
2,6244,1.0,2.0,1.2082779015427456
2,6245,1.0,2.0,1.4821899135547079
2,6246,1.0,2.0,0.6421769021204543
2,6247,1.0,2.0,1.2322805357314381
2,6248,1.0,2.0,1.00876203722213
2,6249,1.0,2.0,1.2380122390172876
2,6250,1.0,2.0,1.0055002510382445
2,6251,1.0,2.0,1.0118780422929525
2,6252,1.0,2.0,0.9497500473512744
2,6253,1.0,2.0,0.7481853410010723
2,6254,1.0,2.0,1.0670250479820922
2,6255,1.0,2.0,0.2528589314508997
2,6256,1.0,2.0,1.4717974423556004
2,6257,1.0,2.0,1.4064695047681495
2,6258,1.0,2.0,0.8010240403450645
2,6259,1.0,2.0,1.006681910953119
2,6260,1.0,2.0,1.5075836965225677
2,6261,1.0,2.0,1.196385522220797
2,6262,1.0,2.0,1.084242626261916
2,6263,1.0,2.0,1.38194918675325
2,6264,1.0,2.0,1.4478096001255292
2,6265,1.0,2.0,0.3792903710310779
2,6266,1.0,2.0,0.6659961455481743
2,6267,1.0,2.0,1.3995076037077694
2,6268,1.0,2.0,0.9295480033006213
2,6269,1.0,2.0,1.7888035607975625
2,6270,1.0,2.0,0.4278447206733864
2,6271,1.0,2.0,1.207919426607356
2,6272,1.0,2.0,1.1625734010789337
2,6273,1.0,2.0,0.18921698015123295
2,6274,1.0,2.0,0.44779355095370427
2,6275,1.0,2.0,1.41173665509122
2,6276,1.0,2.0,1.8480774205682222
2,6277,1.0,2.0,0.8148019584777331
2,6278,1.0,2.0,0.6252931194407848
2,6279,1.0,2.0,0.2500061655128217
2,6280,1.0,2.0,0.4174099038021229
2,6281,1.0,2.0,0.9910442798180992
2,6282,1.0,2.0,0.9642735207813673
2,6283,1.0,2.0,1.1765969082387158
2,6284,1.0,2.0,0.852618721868582
2,6285,1.0,2.0,0.4610909928925983
2,6286,1.0,2.0,1.0457920313756937
2,6287,1.0,2.0,1.2289841044085326
2,6288,1.0,2.0,1.3176868636837842
2,6289,1.0,2.0,1.9556688282526729
2,6290,1.0,2.0,0.4860900505156171
2,6291,1.0,2.0,0.5634093064357124
2,6292,1.0,2.0,0.8954132739252634
2,6293,1.0,2.0,0.618781494586038
2,6294,1.0,2.0,1.0078337234645875
2,6295,1.0,2.0,1.0297597224626271
2,6296,1.0,2.0,0.7448614045661893
2,6297,1.0,2.0,1.676169726394073
2,6298,1.0,2.0,1.7916821444117066
2,6299,1.0,2.0,0.8957108181544532
2,6300,1.0,2.0,0.9735457623860984
2,6301,1.0,2.0,0.6246847456494556
2,6302,1.0,2.0,0.9707742949146729
2,6303,1.0,2.0,0.8767040178560794
2,6304,1.0,2.0,0.8978722642369674
2,6305,1.0,2.0,1.086730130176199
2,6306,1.0,2.0,0.5855867699340808
2,6307,1.0,2.0,0.4857167784873953
2,6308,1.0,2.0,0.5202835419501955
2,6309,1.0,2.0,0.8620668128953588
2,6310,1.0,2.0,1.561974909822339
2,6311,1.0,2.0,1.0505135961207261
2,6312,1.0,2.0,0.8532294590104644
2,6313,1.0,2.0,0.6135870964124338
2,6314,1.0,2.0,0.12681329690830995
2,6315,1.0,2.0,1.1990405241735136
2,6316,1.0,2.0,1.357250703662607
2,6317,1.0,2.0,1.5543816174430591
2,6318,1.0,2.0,1.1504679752895102
2,6319,1.0,2.0,0.44691955488656127
2,6320,1.0,2.0,1.442569977890527
2,6321,1.0,2.0,0.10007724363922318
2,6322,1.0,2.0,0.6858877173813045
2,6323,1.0,2.0,1.2685472655652719
2,6324,1.0,2.0,1.2355424629139717
2,6325,1.0,2.0,0.712403366173235
2,6326,1.0,2.0,1.007844774522011
2,6327,1.0,2.0,1.6677468106346154
2,6328,1.0,2.0,0.6664588086245337
2,6329,1.0,2.0,1.3000009618780104
2,6330,1.0,2.0,0.8413888591766544
2,6331,1.0,2.0,0.350929943584181
2,6332,1.0,2.0,1.3831748901553322
2,6333,1.0,2.0,0.6806013187976936
2,6334,1.0,2.0,1.8817443569121295
2,6335,1.0,2.0,0.7127345743059242
2,6336,1.0,2.0,0.675083182164284
2,6337,1.0,2.0,0.2376894922229797
2,6338,1.0,2.0,0.7684846329212631
2,6339,1.0,2.0,1.3609857642934835
2,6340,1.0,2.0,1.5287055668456897
2,6341,1.0,2.0,0.7810720243356055
2,6342,1.0,2.0,0.9716154441188848
2,6343,1.0,2.0,1.3953708550511994
2,6344,1.0,2.0,1.09310332674255
2,6345,1.0,2.0,1.580338491326768
2,6346,1.0,2.0,1.2574311778730298
2,6347,1.0,2.0,1.481481777528682
2,6348,1.0,2.0,0.7517596300837787
2,6349,1.0,2.0,0.9640435476497982
2,6350,1.0,2.0,1.4110955445556501
2,6351,1.0,2.0,1.1440817874036338
2,6352,1.0,2.0,1.4587376565364836
2,6353,1.0,2.0,1.0044989392361912
2,6354,1.0,2.0,0.8800444129554303
2,6355,1.0,2.0,0.5621217232777774
2,6356,1.0,2.0,1.788647753174033
2,6357,1.0,2.0,1.037840159450338
2,6358,1.0,2.0,1.112513901795403
2,6359,1.0,2.0,1.3117038996586097
2,6360,1.0,2.0,0.9484045919392202
2,6361,1.0,2.0,1.1470851924753462
2,6362,1.0,2.0,0.9188775776415102
2,6363,1.0,2.0,0.9554846021503878
2,6364,1.0,2.0,0.9326302169152716
2,6365,1.0,2.0,1.9093372048374289
2,6366,1.0,2.0,0.0989914495487412
2,6367,1.0,2.0,1.5137975277827356
2,6368,1.0,2.0,1.6218912593539498
2,6369,1.0,2.0,0.7433195896823221
2,6370,1.0,2.0,0.37017015737218223
2,6371,1.0,2.0,1.1495452941327886
2,6372,1.0,2.0,0.813170399436587
2,6373,1.0,2.0,1.8208763024139778
2,6374,1.0,2.0,1.0441078382946791
2,6375,1.0,2.0,1.0536758488529145
2,6376,1.0,2.0,0.8040104345494806
2,6377,1.0,2.0,1.1633379003553679
2,6378,1.0,2.0,1.8658361560843588
2,6379,1.0,2.0,1.1025635301664842
2,6380,1.0,2.0,0.19579330526337516
2,6381,1.0,2.0,0.7787493774828548
2,6382,1.0,2.0,1.902729307239906
2,6383,1.0,2.0,1.5559000875683144
2,6384,1.0,2.0,0.5683047715015019
2,6385,1.0,2.0,0.8561765222561913
2,6386,1.0,2.0,0.4546487905265131
2,6387,1.0,2.0,1.0839717737639833
2,6388,1.0,2.0,1.136029909280519
2,6389,1.0,2.0,0.9848793951973802
2,6390,1.0,2.0,0.9925947729532696
2,6391,1.0,2.0,0.3781861880737551
2,6392,1.0,2.0,0.8167311386299279
2,6393,1.0,2.0,1.3581329402329632
2,6394,1.0,2.0,0.2641200101277235
2,6395,1.0,2.0,0.6649819294949253
2,6396,1.0,2.0,1.623162331302344
2,6397,1.0,2.0,1.07682516805151
2,6398,1.0,2.0,0.043612616974925356
2,6399,1.0,2.0,0.6577194988304723
2,6400,1.0,2.0,0.8585240755152656
2,6401,1.0,2.0,1.005667710739526
2,6402,1.0,2.0,1.0889998717832428
2,6403,1.0,2.0,0.5142797848157121
2,6404,1.0,2.0,1.2269763450164164
2,6405,1.0,2.0,0.904669506527399
2,6406,1.0,2.0,1.5811195142942518
2,6407,1.0,2.0,0.4247920354430735
2,6408,1.0,2.0,0.7257310133006712
2,6409,1.0,2.0,0.9455900552694579
2,6410,1.0,2.0,0.23765411210466567
2,6411,1.0,2.0,0.7136513238203984
2,6412,1.0,2.0,0.6668034476511746
2,6413,1.0,2.0,0.2013499113245201
2,6414,1.0,2.0,0.756917055299951
2,6415,1.0,2.0,1.4426708142249018
2,6416,1.0,2.0,0.6091899223241314
2,6417,1.0,2.0,1.1108741288694597
2,6418,1.0,2.0,1.6213595084735593
2,6419,1.0,2.0,1.3540624969747825
2,6420,1.0,2.0,0.7815197458281717
2,6421,1.0,2.0,0.47918874768897485
2,6422,1.0,2.0,0.24989836643613703
2,6423,1.0,2.0,0.9294177235243288
2,6424,1.0,2.0,1.0149052401784446
2,6425,1.0,2.0,0.6113381904238447
2,6426,1.0,2.0,1.074875152040514
2,6427,1.0,2.0,1.6495324906303057
2,6428,1.0,2.0,1.5771605694569284
2,6429,1.0,2.0,0.7446292291585102
2,6430,1.0,2.0,1.764077870773514
2,6431,1.0,2.0,0.5387712197308046
2,6432,1.0,2.0,0.640367095146745
2,6433,1.0,2.0,0.4634729937066581
2,6434,1.0,2.0,0.5081299478411356
2,6435,1.0,2.0,1.1136055835074958
2,6436,1.0,2.0,1.6181541029362019
2,6437,1.0,2.0,1.7667592960806249
2,6438,1.0,2.0,1.6516744511423607
2,6439,1.0,2.0,1.1834794057384272
2,6440,1.0,2.0,0.4952356094647884
2,6441,1.0,2.0,0.287695463167063
2,6442,1.0,2.0,0.613673783843169
2,6443,1.0,2.0,0.9819221139260721
2,6444,1.0,2.0,1.3516316669330444
2,6445,1.0,2.0,1.1142044736112307
2,6446,1.0,2.0,0.4278350709092888
2,6447,1.0,2.0,0.5745758865650432
2,6448,1.0,2.0,1.3718675081599732
2,6449,1.0,2.0,1.617196616383225
2,6450,1.0,2.0,1.0661616855217082
2,6451,1.0,2.0,0.461909780841361
2,6452,1.0,2.0,0.9763662631208359
2,6453,1.0,2.0,0.9723274251089796
2,6454,1.0,2.0,1.5536353830919212
2,6455,1.0,2.0,0.957497484125283
2,6456,1.0,2.0,1.2157649791982574
2,6457,1.0,2.0,1.4443334050251326
2,6458,1.0,2.0,1.2779062799691852
2,6459,1.0,2.0,1.4038742915981142
2,6460,1.0,2.0,1.6639038911479602
2,6461,1.0,2.0,1.812033410647374
2,6462,1.0,2.0,0.7358723358155652
2,6463,1.0,2.0,0.6278188174692545
2,6464,1.0,2.0,0.2748793974100516
2,6465,1.0,2.0,1.2837686197384288
2,6466,1.0,2.0,0.7707438964040948
2,6467,1.0,2.0,1.7097775579772199
2,6468,1.0,2.0,0.3004718537931286
2,6469,1.0,2.0,0.6464608235047874
2,6470,1.0,2.0,0.9326279387219675
2,6471,1.0,2.0,0.8856432603873126
2,6472,1.0,2.0,0.2292827096533571
2,6473,1.0,2.0,1.6038976569360828
2,6474,1.0,2.0,0.7651875152925465
2,6475,1.0,2.0,1.816408175351397
2,6476,1.0,2.0,0.16429171663271627
2,6477,1.0,2.0,1.5767252319236338
2,6478,1.0,2.0,0.77344716889774
2,6479,1.0,2.0,0.7890051327511018
2,6480,1.0,2.0,1.3583191817591782
2,6481,1.0,2.0,1.679469669747573
2,6482,1.0,2.0,1.4337953815826743
2,6483,1.0,2.0,1.619532500415323
2,6484,1.0,2.0,1.633657661999559
2,6485,1.0,2.0,1.0766076098995154
2,6486,1.0,2.0,1.1458947667455455
2,6487,1.0,2.0,0.2963145020393927
2,6488,1.0,2.0,0.8826906303848607
2,6489,1.0,2.0,1.390984796363234
2,6490,1.0,2.0,0.6858805509540417
2,6491,1.0,2.0,1.503162152493892
2,6492,1.0,2.0,0.8929129437575699
2,6493,1.0,2.0,1.548380885488549
2,6494,1.0,2.0,0.8731769614591091
2,6495,1.0,2.0,0.4092265372303204
2,6496,1.0,2.0,1.7556348415796288
2,6497,1.0,2.0,1.0319965797139532
2,6498,1.0,2.0,1.2456091185415334
2,6499,1.0,2.0,0.40292481935090796
2,6500,1.0,2.0,1.882605704177969
2,6501,1.0,2.0,0.20905275826255973
2,6502,1.0,2.0,0.657193459425543
2,6503,1.0,2.0,1.4843087830200299
2,6504,1.0,2.0,0.3090378406951208
2,6505,1.0,2.0,1.0643702462158933
2,6506,1.0,2.0,0.7475464837748254
2,6507,1.0,2.0,0.4539305230906542
2,6508,1.0,2.0,0.22163781919403253
2,6509,1.0,2.0,0.9746268461417041
2,6510,1.0,2.0,0.3721309194599208
2,6511,1.0,2.0,0.7023133449041806
2,6512,1.0,2.0,0.3914630762401364
2,6513,1.0,2.0,0.9802214735841818
2,6514,1.0,2.0,0.37585870595150805
2,6515,1.0,2.0,0.6267179444513115
2,6516,1.0,2.0,0.8318765208290382
2,6517,1.0,2.0,1.7321131489418726
2,6518,1.0,2.0,1.671577736651916
2,6519,1.0,2.0,1.496397199074083
2,6520,1.0,2.0,0.3670473338403469
2,6521,1.0,2.0,1.256858755835779
2,6522,1.0,2.0,0.8982550224104944
2,6523,1.0,2.0,0.9874886332308864
2,6524,1.0,2.0,0.908664770158302
2,6525,1.0,2.0,1.6925340996384943
2,6526,1.0,2.0,1.0207358335597796
2,6527,1.0,2.0,1.4570744567242562
2,6528,1.0,2.0,0.4283767711870965
2,6529,1.0,2.0,1.1569276627620013
2,6530,1.0,2.0,0.509091038653765
2,6531,1.0,2.0,1.3139648694425416
2,6532,1.0,2.0,0.34518732739874514
2,6533,1.0,2.0,1.754810211433928
2,6534,1.0,2.0,1.2937206835795394
2,6535,1.0,2.0,1.5270463305584379
2,6536,1.0,2.0,1.1045602002260777
2,6537,1.0,2.0,1.288975251054242
2,6538,1.0,2.0,0.8692082029203332
2,6539,1.0,2.0,0.8204976072865353
2,6540,1.0,2.0,1.4524058184883728
2,6541,1.0,2.0,0.644294125770008
2,6542,1.0,2.0,1.0835783023360621
2,6543,1.0,2.0,0.5677725790824713
2,6544,1.0,2.0,1.1100237116092697
2,6545,1.0,2.0,0.2427041717195602
2,6546,1.0,2.0,0.6589436630985238
2,6547,1.0,2.0,0.7357376042265998
2,6548,1.0,2.0,1.1928779915523073
2,6549,1.0,2.0,0.8621734733540968
2,6550,1.0,2.0,0.892965179613417
2,6551,1.0,2.0,0.2714407243065529
2,6552,1.0,2.0,0.8700239864669487
2,6553,1.0,2.0,0.6263747981520159
2,6554,1.0,2.0,1.42989435764092
2,6555,1.0,2.0,1.0240982266129341
2,6556,1.0,2.0,0.8387505419545589
2,6557,1.0,2.0,0.7769682697120175
2,6558,1.0,2.0,1.226726279070209
2,6559,1.0,2.0,1.5696463693948732
2,6560,1.0,2.0,0.3463202647297383
2,6561,1.0,2.0,0.9269139309053507
2,6562,1.0,2.0,1.3971764539615164
2,6563,1.0,2.0,0.39924982194297953
2,6564,1.0,2.0,1.5338259127948874
2,6565,1.0,2.0,1.1974434598294252
2,6566,1.0,2.0,1.0037117204725363
2,6567,1.0,2.0,0.9544440560417317
2,6568,1.0,2.0,0.944689632482284
2,6569,1.0,2.0,1.4095167891186167
2,6570,1.0,2.0,1.2841744158243646
2,6571,1.0,2.0,1.1238040978486463
2,6572,1.0,2.0,0.5943658555050967
2,6573,1.0,2.0,0.6403598786266654
2,6574,1.0,2.0,0.33915428161475936
2,6575,1.0,2.0,0.8100099814064031
2,6576,1.0,2.0,0.9215499707548047
2,6577,1.0,2.0,1.2007807138133328
2,6578,1.0,2.0,1.5738470806810503
2,6579,1.0,2.0,0.9791373516106068
2,6580,1.0,2.0,0.43222428772461396
2,6581,1.0,2.0,0.7705343031322799
2,6582,1.0,2.0,1.2195794985403308
2,6583,1.0,2.0,0.5513857973902985
2,6584,1.0,2.0,1.0362470271404178
2,6585,1.0,2.0,0.40553678247177766
2,6586,1.0,2.0,0.854669507904003
2,6587,1.0,2.0,0.6623390963186787
2,6588,1.0,2.0,0.8139900010379676
2,6589,1.0,2.0,0.27460159179472265
2,6590,1.0,2.0,1.296580584197677
2,6591,1.0,2.0,0.6339820586378165
2,6592,1.0,2.0,0.8013748670174036
2,6593,1.0,2.0,0.31903755916110427
2,6594,1.0,2.0,1.1919531932057588
2,6595,1.0,2.0,1.656503266750216
2,6596,1.0,2.0,0.39424411230910295
2,6597,1.0,2.0,1.2008752409676637
2,6598,1.0,2.0,0.9399535675184787
2,6599,1.0,2.0,0.5378712888081841
2,6600,1.0,2.0,1.5725814712745745
2,6601,1.0,2.0,1.3310345213932004
2,6602,1.0,2.0,1.850168999463475
2,6603,1.0,2.0,1.5108079611669663
2,6604,1.0,2.0,0.7172707880868713
2,6605,1.0,2.0,0.26225668189627505
2,6606,1.0,2.0,1.5153254565475576
2,6607,1.0,2.0,1.5123061275549516
2,6608,1.0,2.0,0.8164387159187614
2,6609,1.0,2.0,0.5924339431073822
2,6610,1.0,2.0,1.1453024046513285
2,6611,1.0,2.0,1.6901544181811654
2,6612,1.0,2.0,1.476799770129361
2,6613,1.0,2.0,1.016313313139225
2,6614,1.0,2.0,1.2819083977287344
2,6615,1.0,2.0,0.41851233141704375
2,6616,1.0,2.0,1.2374575183928334
2,6617,1.0,2.0,0.7609330830277432
2,6618,1.0,2.0,1.1085116054442135
2,6619,1.0,2.0,1.1324002423642
2,6620,1.0,2.0,1.4513167933248183
2,6621,1.0,2.0,0.6605782841095297
2,6622,1.0,2.0,0.8091060206149715
2,6623,1.0,2.0,0.48835357149767417
2,6624,1.0,2.0,1.8186461763524262
2,6625,1.0,2.0,1.719588153730249
2,6626,1.0,2.0,0.7061184475394789
2,6627,1.0,2.0,1.0999434925941949
2,6628,1.0,2.0,0.430595416970464
2,6629,1.0,2.0,1.30678785990621
2,6630,1.0,2.0,0.2789185271001859
2,6631,1.0,2.0,1.740496032036342
2,6632,1.0,2.0,0.5755810922595017
2,6633,1.0,2.0,0.28766460609012834
2,6634,1.0,2.0,0.9824821959820329
2,6635,1.0,2.0,0.357784094419327
2,6636,1.0,2.0,0.9956578933096181
2,6637,1.0,2.0,1.0152980730409498
2,6638,1.0,2.0,1.7796659365390088
2,6639,1.0,2.0,0.8348997749568814
2,6640,1.0,2.0,0.6263884041460996
2,6641,1.0,2.0,0.9685051182578025
2,6642,1.0,2.0,0.6472488250191547
2,6643,1.0,2.0,0.21431978669401391
2,6644,1.0,2.0,1.2048251517302908
2,6645,1.0,2.0,0.33935063577336555
2,6646,1.0,2.0,0.9769310960698651
2,6647,1.0,2.0,1.4091294517093496
2,6648,1.0,2.0,1.1335474738537146
2,6649,1.0,2.0,0.8813734835817308
2,6650,1.0,2.0,1.3584876099731373
2,6651,1.0,2.0,1.6574753881532656
2,6652,1.0,2.0,0.6945895578391943
2,6653,1.0,2.0,0.9045360004227374
2,6654,1.0,2.0,1.3733221071276303
2,6655,1.0,2.0,0.5236996661921671
2,6656,1.0,2.0,1.309676845745226
2,6657,1.0,2.0,0.914993663622065
2,6658,1.0,2.0,1.6059606040977656
2,6659,1.0,2.0,1.1676597857814608
2,6660,1.0,2.0,1.4363065758912625
2,6661,1.0,2.0,0.9293793921367285
2,6662,1.0,2.0,0.6699384786865034
2,6663,1.0,2.0,1.483719078921328
2,6664,1.0,2.0,0.9614408520800303
2,6665,1.0,2.0,0.1652405251620495
2,6666,1.0,2.0,0.6407401389496806
2,6667,1.0,2.0,0.612560243083189
2,6668,1.0,2.0,0.6226492825580985
2,6669,1.0,2.0,0.2877079889294803
2,6670,1.0,2.0,1.45509844649307
2,6671,1.0,2.0,0.5226536748606186
2,6672,1.0,2.0,0.46543468542290134
2,6673,1.0,2.0,1.0837183477880838
2,6674,1.0,2.0,0.22099629236704904
2,6675,1.0,2.0,0.46308096452365904
2,6676,1.0,2.0,0.7436833577468311
2,6677,1.0,2.0,0.7780532385632755
2,6678,1.0,2.0,0.6428988226195169
2,6679,1.0,2.0,0.5659567492633986
2,6680,1.0,2.0,0.47947737613402835
2,6681,1.0,2.0,0.5467504476852943
2,6682,1.0,2.0,0.5120008093642894
2,6683,1.0,2.0,0.996989272273142
2,6684,1.0,2.0,0.22787781426008832
2,6685,1.0,2.0,0.9725066368473525
2,6686,1.0,2.0,1.303148688437713
2,6687,1.0,2.0,0.5623507779796793
2,6688,1.0,2.0,0.1840779454186929
2,6689,1.0,2.0,1.9523789134388154
2,6690,1.0,2.0,0.8884424240209557
2,6691,1.0,2.0,0.8677525393126833
2,6692,1.0,2.0,0.3933834539162148
2,6693,1.0,2.0,0.2001863319709146
2,6694,1.0,2.0,0.690084412033558
2,6695,1.0,2.0,1.6157239929286922
2,6696,1.0,2.0,0.7991845367693763
2,6697,1.0,2.0,0.41333861630132895
2,6698,1.0,2.0,0.925853450645159
2,6699,1.0,2.0,1.2297589405261729
2,6700,1.0,2.0,1.416168296258205
2,6701,1.0,2.0,0.39876186478770426
2,6702,1.0,2.0,0.5104857143503032
2,6703,1.0,2.0,1.0508438351328668
2,6704,1.0,2.0,1.07761339292515
2,6705,1.0,2.0,1.8427402468769563
2,6706,1.0,2.0,1.6489033881818371
2,6707,1.0,2.0,1.0405611794610503
2,6708,1.0,2.0,1.6955016339657147
2,6709,1.0,2.0,1.1704001727230318
2,6710,1.0,2.0,1.2277786247273743
2,6711,1.0,2.0,1.0512016760218579
2,6712,1.0,2.0,1.1474686081592802
2,6713,1.0,2.0,1.122477418704403
2,6714,1.0,2.0,1.3787594832489023
2,6715,1.0,2.0,1.3232238824052116
2,6716,1.0,2.0,0.587420638703287
2,6717,1.0,2.0,1.2105335785754736
2,6718,1.0,2.0,1.8121433182953595
2,6719,1.0,2.0,0.9663742521495927
2,6720,1.0,2.0,1.4227339917495931
2,6721,1.0,2.0,0.3251405833906612
2,6722,1.0,2.0,0.23262514805891818
2,6723,1.0,2.0,1.5379437310810826
2,6724,1.0,2.0,1.3090355002724836
2,6725,1.0,2.0,1.8239399701577665
2,6726,1.0,2.0,1.5220838889335915
2,6727,1.0,2.0,1.2117964661401168
2,6728,1.0,2.0,0.6635461628362991
2,6729,1.0,2.0,0.9903719869435106
2,6730,1.0,2.0,1.1915470256461713
2,6731,1.0,2.0,1.1611603221930722
2,6732,1.0,2.0,1.7049530626372968
2,6733,1.0,2.0,1.1362673172705593
2,6734,1.0,2.0,0.7422184935505224
2,6735,1.0,2.0,1.310582753551084
2,6736,1.0,2.0,0.34438133980415914
2,6737,1.0,2.0,1.6759658094503198
2,6738,1.0,2.0,0.7480691313483797
2,6739,1.0,2.0,1.1386626642663162
2,6740,1.0,2.0,1.3432463767433285
2,6741,1.0,2.0,0.2726619070075487
2,6742,1.0,2.0,0.5910193888805884
2,6743,1.0,2.0,0.4091938349480858
2,6744,1.0,2.0,0.31881906341782246
2,6745,1.0,2.0,0.8634582151063446
2,6746,1.0,2.0,0.4463024498489549
2,6747,1.0,2.0,0.42932197059902405
2,6748,1.0,2.0,1.3554932341637929
2,6749,1.0,2.0,0.7017753148246447
2,6750,1.0,2.0,1.8449363341746934
2,6751,1.0,2.0,1.0398081795369989
2,6752,1.0,2.0,1.1765005645936792
2,6753,1.0,2.0,0.9486463132172595
2,6754,1.0,2.0,0.6390863315819684
2,6755,1.0,2.0,0.8874359818488419
2,6756,1.0,2.0,1.0109148454630574
2,6757,1.0,2.0,0.5302808010435627
2,6758,1.0,2.0,1.1281872142262728
2,6759,1.0,2.0,0.5300541657622235
2,6760,1.0,2.0,1.0604941978021192
2,6761,1.0,2.0,1.4587540815792326
2,6762,1.0,2.0,0.8633174468267504
2,6763,1.0,2.0,0.6477051185767417
2,6764,1.0,2.0,0.9329608623403572
2,6765,1.0,2.0,1.7316344354334554
2,6766,1.0,2.0,1.4504103682019645
2,6767,1.0,2.0,0.2533876909088124
2,6768,1.0,2.0,1.406392619770803
2,6769,1.0,2.0,0.6346602762166691
2,6770,1.0,2.0,1.4306470232168134
2,6771,1.0,2.0,1.4150116842892504
2,6772,1.0,2.0,1.6788578118331101
2,6773,1.0,2.0,1.564704517574215
2,6774,1.0,2.0,0.7569456808475872
2,6775,1.0,2.0,0.7486109535258281
2,6776,1.0,2.0,0.678733314397272
2,6777,1.0,2.0,1.1863758814442842
2,6778,1.0,2.0,0.6335045781114481
2,6779,1.0,2.0,1.1305107801725325
2,6780,1.0,2.0,0.2588365147003488
2,6781,1.0,2.0,0.5259031829074392
2,6782,1.0,2.0,1.5549294059105805
2,6783,1.0,2.0,1.1116852466141296
2,6784,1.0,2.0,1.3296844612414294
2,6785,1.0,2.0,0.6786707307165826
2,6786,1.0,2.0,0.7850943131433854
2,6787,1.0,2.0,0.8443178266644594
2,6788,1.0,2.0,0.16727118879434336
2,6789,1.0,2.0,0.46353757630524745
2,6790,1.0,2.0,0.46796176888748897
2,6791,1.0,2.0,0.8131324903658304
2,6792,1.0,2.0,1.6602007362570284
2,6793,1.0,2.0,0.5640350038733205
2,6794,1.0,2.0,0.8370995016458589
2,6795,1.0,2.0,1.000324562496288
2,6796,1.0,2.0,0.32194239349693077
2,6797,1.0,2.0,0.7029093673275415
2,6798,1.0,2.0,1.1537658410893101
2,6799,1.0,2.0,1.0693892705922636
2,6800,1.0,2.0,0.45694187549878723
2,6801,1.0,2.0,0.9229311779241203
2,6802,1.0,2.0,0.5302246562800075
2,6803,1.0,2.0,0.7604664192865996
2,6804,1.0,2.0,1.1605602464900409
2,6805,1.0,2.0,0.6368777936298321
2,6806,1.0,2.0,1.5125127027303762
2,6807,1.0,2.0,1.3919338785569821
2,6808,1.0,2.0,1.3456893543399926
2,6809,1.0,2.0,1.5014587276404292
2,6810,1.0,2.0,1.1107634153831252
2,6811,1.0,2.0,0.8488607688796957
2,6812,1.0,2.0,0.5259657062869053
2,6813,1.0,2.0,0.020467653064398825
2,6814,1.0,2.0,0.523698233349997
2,6815,1.0,2.0,1.3060213134616956
2,6816,1.0,2.0,0.9938915669638203
2,6817,1.0,2.0,0.2557106546842929
2,6818,1.0,2.0,0.30394271297969444
2,6819,1.0,2.0,1.2445682562419804
2,6820,1.0,2.0,1.035032243942743
2,6821,1.0,2.0,0.2686491746051307
2,6822,1.0,2.0,0.9688302589719961
2,6823,1.0,2.0,0.16899613745649336
2,6824,1.0,2.0,1.667970376380019
2,6825,1.0,2.0,0.14659839720302706
2,6826,1.0,2.0,0.7044449051697482
2,6827,1.0,2.0,0.46386310098706596
2,6828,1.0,2.0,1.5980418328421362
2,6829,1.0,2.0,1.090002749752302
2,6830,1.0,2.0,0.7174304328848432
2,6831,1.0,2.0,0.511997408316056
2,6832,1.0,2.0,0.1010943262121489
2,6833,1.0,2.0,0.48162741474173015
2,6834,1.0,2.0,1.125695040323843
2,6835,1.0,2.0,1.753184695428687
2,6836,1.0,2.0,0.49226962859727813
2,6837,1.0,2.0,0.24612513482408382
2,6838,1.0,2.0,1.0390313559344821
2,6839,1.0,2.0,0.7155643588489308
2,6840,1.0,2.0,1.0014057704821389
2,6841,1.0,2.0,0.6252078590888863
2,6842,1.0,2.0,0.43747304323856967
2,6843,1.0,2.0,0.19758239350177303
2,6844,1.0,2.0,0.720001845393038
2,6845,1.0,2.0,1.1048672551543148
2,6846,1.0,2.0,1.025796618786126
2,6847,1.0,2.0,0.1336578803535605
2,6848,1.0,2.0,0.6157329973162938
2,6849,1.0,2.0,1.212369459151923
2,6850,1.0,2.0,1.3883162828304458
2,6851,1.0,2.0,0.203347505400124
2,6852,1.0,2.0,0.20792357709706558
2,6853,1.0,2.0,1.457187242936373
2,6854,1.0,2.0,0.24048917628071295
2,6855,1.0,2.0,0.8002545331292805
2,6856,1.0,2.0,1.2375112935644141
2,6857,1.0,2.0,0.7925545626911195
2,6858,1.0,2.0,1.1002600489298227
2,6859,1.0,2.0,0.5985690494455983
2,6860,1.0,2.0,1.284563815915329
2,6861,1.0,2.0,1.4165590212393908
2,6862,1.0,2.0,0.18953781953224202
2,6863,1.0,2.0,1.1538994705172532
2,6864,1.0,2.0,0.40594264858158946
2,6865,1.0,2.0,1.546625823087758
2,6866,1.0,2.0,1.318445184455021
2,6867,1.0,2.0,0.2588022807313683
2,6868,1.0,2.0,0.21025394930543112
2,6869,1.0,2.0,0.7446258870509889
2,6870,1.0,2.0,1.1506264388697187
2,6871,1.0,2.0,0.3340586749764492
2,6872,1.0,2.0,1.1339087510085868
2,6873,1.0,2.0,0.3873811905355914
2,6874,1.0,2.0,1.2486373535357225
2,6875,1.0,2.0,0.8137443090295889
2,6876,1.0,2.0,1.0394955397347063
2,6877,1.0,2.0,1.303347263926272
2,6878,1.0,2.0,0.8436607637371303
2,6879,1.0,2.0,1.2977096835305644
2,6880,1.0,2.0,1.4092381089628252
2,6881,1.0,2.0,1.0920875156642524
2,6882,1.0,2.0,0.6698271757393268
2,6883,1.0,2.0,1.3877834763578192
2,6884,1.0,2.0,0.8172428636593275
2,6885,1.0,2.0,0.382489479069944
2,6886,1.0,2.0,0.3084200792017682
2,6887,1.0,2.0,0.4224982700893973
2,6888,1.0,2.0,0.7358482314301007
2,6889,1.0,2.0,1.699742817057242
2,6890,1.0,2.0,0.6041183122158994
2,6891,1.0,2.0,0.23183189441524651
2,6892,1.0,2.0,0.7241807102819587
2,6893,1.0,2.0,1.502108890442145
2,6894,1.0,2.0,1.568480450183016
2,6895,1.0,2.0,0.24535385362925913
2,6896,1.0,2.0,1.497773084903266
2,6897,1.0,2.0,0.4101152658041886
2,6898,1.0,2.0,0.4017310881344978
2,6899,1.0,2.0,1.717119867605727
2,6900,1.0,2.0,1.5050046546395515
2,6901,1.0,2.0,1.1883815314365127
2,6902,1.0,2.0,0.20792673377010729
2,6903,1.0,2.0,1.098475520613351
2,6904,1.0,2.0,1.260086029027161
2,6905,1.0,2.0,1.2255542933900743
2,6906,1.0,2.0,1.130984208684925
2,6907,1.0,2.0,0.53377353547044
2,6908,1.0,2.0,1.211533077737073
2,6909,1.0,2.0,1.1025386895894935
2,6910,1.0,2.0,1.2329497518051515
2,6911,1.0,2.0,1.1216969402218773
2,6912,1.0,2.0,1.6094735960942115
2,6913,1.0,2.0,1.2367542954028565
2,6914,1.0,2.0,0.055249927526325265
2,6915,1.0,2.0,1.331551901415389
2,6916,1.0,2.0,0.5650957505826325
2,6917,1.0,2.0,1.4838413990381987
2,6918,1.0,2.0,0.5875793477490447
2,6919,1.0,2.0,1.0177502284776079
2,6920,1.0,2.0,0.3483165012658875
2,6921,1.0,2.0,0.5090348014962558
2,6922,1.0,2.0,0.7520127289436345
2,6923,1.0,2.0,1.5853469497404378
2,6924,1.0,2.0,0.8118656294163494
2,6925,1.0,2.0,1.7239937147118667
2,6926,1.0,2.0,0.7337811708157812
2,6927,1.0,2.0,0.23767367969595696
2,6928,1.0,2.0,0.8262589956709394
2,6929,1.0,2.0,0.6937845002405172
2,6930,1.0,2.0,1.292415552257968
2,6931,1.0,2.0,0.3484286911039009
2,6932,1.0,2.0,0.33947216121420926
2,6933,1.0,2.0,0.5337887846637199
2,6934,1.0,2.0,0.049380664663275994
2,6935,1.0,2.0,1.6143781425069812
2,6936,1.0,2.0,1.3664738411095232
2,6937,1.0,2.0,1.2749039996708755
2,6938,1.0,2.0,1.4247474771220763
2,6939,1.0,2.0,0.9915092155635118
2,6940,1.0,2.0,1.4680352140886734
2,6941,1.0,2.0,1.4582477204295294
2,6942,1.0,2.0,1.335467783222626
2,6943,1.0,2.0,0.10095911913511714
2,6944,1.0,2.0,1.5177455810725111
2,6945,1.0,2.0,1.2646681221134408
2,6946,1.0,2.0,0.6987859690904575
2,6947,1.0,2.0,0.27252974909404004
2,6948,1.0,2.0,0.6588845218183119
2,6949,1.0,2.0,1.2354219873921246
2,6950,1.0,2.0,0.30127144639588516
2,6951,1.0,2.0,0.16180810773077622
2,6952,1.0,2.0,0.878369510498768
2,6953,1.0,2.0,0.9166247803830685
2,6954,1.0,2.0,0.16664639017556399
2,6955,1.0,2.0,1.272126416839996
2,6956,1.0,2.0,1.1620638820835567
2,6957,1.0,2.0,1.4034825559735538
2,6958,1.0,2.0,0.7984409968869352
2,6959,1.0,2.0,0.3016303075316969
2,6960,1.0,2.0,0.29982429321188714
2,6961,1.0,2.0,0.6335507742880422
2,6962,1.0,2.0,1.9112013226843674
2,6963,1.0,2.0,0.9686286086782248
2,6964,1.0,2.0,0.9046083811221716
2,6965,1.0,2.0,1.1826838251684784
2,6966,1.0,2.0,0.2569448234118078
2,6967,1.0,2.0,1.6962395101447802
2,6968,1.0,2.0,0.7884832685907444
2,6969,1.0,2.0,0.5608925858423334
2,6970,1.0,2.0,0.8320645838413534
2,6971,1.0,2.0,1.1228904014112746
2,6972,1.0,2.0,0.8479792886678486
2,6973,1.0,2.0,0.7800926489449058
2,6974,1.0,2.0,0.07050625260059568
2,6975,1.0,2.0,1.648438778798862
2,6976,1.0,2.0,1.8885830151169631
2,6977,1.0,2.0,0.9347133783257979
2,6978,1.0,2.0,1.0884777472223328
2,6979,1.0,2.0,1.5994793067095654
2,6980,1.0,2.0,0.5294551500055585
2,6981,1.0,2.0,0.9221074022116209
2,6982,1.0,2.0,1.1810813687788615
2,6983,1.0,2.0,0.8672862496763916
2,6984,1.0,2.0,0.7464277500459501
2,6985,1.0,2.0,0.9444351422098063
2,6986,1.0,2.0,0.6354027470019015
2,6987,1.0,2.0,1.1981007786930498
2,6988,1.0,2.0,0.7196655901090321
2,6989,1.0,2.0,0.03167016198972514
2,6990,1.0,2.0,1.1283279491018807
2,6991,1.0,2.0,0.8513370198235081
2,6992,1.0,2.0,0.7965536654122691
2,6993,1.0,2.0,1.4086485471234749
2,6994,1.0,2.0,0.7448238537726708
2,6995,1.0,2.0,0.6090789846273886
2,6996,1.0,2.0,0.6300152871217688
2,6997,1.0,2.0,0.13494598058963334
2,6998,1.0,2.0,0.7045386754546829
2,6999,1.0,2.0,0.1012350071904437
2,7000,1.0,2.0,0.970142105046195
2,7001,1.0,2.0,1.803939653045733
2,7002,1.0,2.0,1.1151186434938776
2,7003,1.0,2.0,0.17009668778423528
2,7004,1.0,2.0,1.0368082398564429
2,7005,1.0,2.0,0.9466669426072863
2,7006,1.0,2.0,0.8087845492844655
2,7007,1.0,2.0,0.7930756231050301
2,7008,1.0,2.0,1.650975125935681
2,7009,1.0,2.0,1.6978170397253078
2,7010,1.0,2.0,0.6367904431832248
2,7011,1.0,2.0,1.0202553654682207
2,7012,1.0,2.0,1.3514588236590646
2,7013,1.0,2.0,0.33484092251425907
2,7014,1.0,2.0,0.8844239696379387
2,7015,1.0,2.0,1.1703094966491001
2,7016,1.0,2.0,0.42561300054091805
2,7017,1.0,2.0,0.39325157272454453
2,7018,1.0,2.0,0.6011234130070009
2,7019,1.0,2.0,0.614765458907433
2,7020,1.0,2.0,0.7671163120463301
2,7021,1.0,2.0,1.5452880263729403
2,7022,1.0,2.0,0.6643165561248534
2,7023,1.0,2.0,0.6372805837785601
2,7024,1.0,2.0,1.3903724707024265
2,7025,1.0,2.0,1.4534682088027469
2,7026,1.0,2.0,1.8046108836464472
2,7027,1.0,2.0,0.36366311950076385
2,7028,1.0,2.0,0.9131041769313845
2,7029,1.0,2.0,1.507935077845826
2,7030,1.0,2.0,1.5930618390327693
2,7031,1.0,2.0,1.3089196589807082
2,7032,1.0,2.0,1.20606523599924
2,7033,1.0,2.0,1.2028043256003358
2,7034,1.0,2.0,0.9705398694952155
2,7035,1.0,2.0,0.8060199415994538
2,7036,1.0,2.0,0.7779217413455036
2,7037,1.0,2.0,0.9429908762105369
2,7038,1.0,2.0,1.320461958752198
2,7039,1.0,2.0,0.9695663662847483
2,7040,1.0,2.0,0.6307919839540561
2,7041,1.0,2.0,1.6693426933141784
2,7042,1.0,2.0,1.3230728948785626
2,7043,1.0,2.0,1.5781369311350557
2,7044,1.0,2.0,0.0973491924237742
2,7045,1.0,2.0,0.6203973171267556
2,7046,1.0,2.0,1.4053792147538058
2,7047,1.0,2.0,1.01211509155182
2,7048,1.0,2.0,0.8022384184145526
2,7049,1.0,2.0,0.6141239744751406
2,7050,1.0,2.0,0.9503237400551382
2,7051,1.0,2.0,1.0478065361832325
2,7052,1.0,2.0,0.621897349047692
2,7053,1.0,2.0,1.28570436418403
2,7054,1.0,2.0,0.9669778858573235
2,7055,1.0,2.0,1.2676400552286275
2,7056,1.0,2.0,1.5674413290963596
2,7057,1.0,2.0,0.3184017622864739
2,7058,1.0,2.0,1.4593094028493752
2,7059,1.0,2.0,1.5203311768293553
2,7060,1.0,2.0,1.2287482645045356
2,7061,1.0,2.0,1.9514988397372643
2,7062,1.0,2.0,0.9232377516970323
2,7063,1.0,2.0,1.8532274517337533
2,7064,1.0,2.0,1.4311492018411596
2,7065,1.0,2.0,0.9109722928496439
2,7066,1.0,2.0,1.4170389818862197
2,7067,1.0,2.0,1.1006455516093157
2,7068,1.0,2.0,0.44577614583137226
2,7069,1.0,2.0,0.2848356595221892
2,7070,1.0,2.0,0.1381938609753868
2,7071,1.0,2.0,1.3736619366059057
2,7072,1.0,2.0,0.8637917528161675
2,7073,1.0,2.0,0.9610897982079151
2,7074,1.0,2.0,0.7740941507641174
2,7075,1.0,2.0,1.6318493716418907
2,7076,1.0,2.0,0.9994474138178456
2,7077,1.0,2.0,1.387829510763592
2,7078,1.0,2.0,0.756455040687378
2,7079,1.0,2.0,1.8495682966230524
2,7080,1.0,2.0,1.1542359839512626
2,7081,1.0,2.0,0.316373136772986
2,7082,1.0,2.0,1.328091649560824
2,7083,1.0,2.0,1.6179361253338689
2,7084,1.0,2.0,0.23634233088293966
2,7085,1.0,2.0,0.4435417907271819
2,7086,1.0,2.0,1.164834886022092
2,7087,1.0,2.0,0.6085140319654155
2,7088,1.0,2.0,0.6112004915160112
2,7089,1.0,2.0,1.2535145032532382
2,7090,1.0,2.0,0.9562557455869566
2,7091,1.0,2.0,1.1994126356495667
2,7092,1.0,2.0,0.6845371410192371
2,7093,1.0,2.0,1.2475768611331253
2,7094,1.0,2.0,1.324519534733467
2,7095,1.0,2.0,1.7725663692021236
2,7096,1.0,2.0,0.510587294883775
2,7097,1.0,2.0,0.6321396813104072
2,7098,1.0,2.0,0.5759335480774256
2,7099,1.0,2.0,1.2629959281553869
2,7100,1.0,2.0,0.093684486309436
2,7101,1.0,2.0,1.3224852308071569
2,7102,1.0,2.0,1.4013372468962697
2,7103,1.0,2.0,1.3997431457165623
2,7104,1.0,2.0,0.5119540791229561
2,7105,1.0,2.0,1.0449643622510787
2,7106,1.0,2.0,1.2159488791062343
2,7107,1.0,2.0,1.122329700371881
2,7108,1.0,2.0,1.144352858360581
2,7109,1.0,2.0,0.8666915001301448
2,7110,1.0,2.0,1.3514108731377825
2,7111,1.0,2.0,1.183552361781758
2,7112,1.0,2.0,0.7385139985232448
2,7113,1.0,2.0,0.636570882446869
2,7114,1.0,2.0,0.041026076627267476
2,7115,1.0,2.0,0.5980208765967536
2,7116,1.0,2.0,1.5138703738141897
2,7117,1.0,2.0,0.7186462688667892
2,7118,1.0,2.0,0.5304509156248666
2,7119,1.0,2.0,1.0376429019866285
2,7120,1.0,2.0,1.3924024074008496
2,7121,1.0,2.0,1.5252731685230887
2,7122,1.0,2.0,0.5007862689771541
2,7123,1.0,2.0,1.299152776753972
2,7124,1.0,2.0,1.1979149513657172
2,7125,1.0,2.0,0.27009225505305395
2,7126,1.0,2.0,0.3843142233967394
2,7127,1.0,2.0,0.583598441106673
2,7128,1.0,2.0,1.4151496793846068
2,7129,1.0,2.0,0.3823129991414485
2,7130,1.0,2.0,0.9273575241617116
2,7131,1.0,2.0,0.40848183958551965
2,7132,1.0,2.0,0.8686924579176157
2,7133,1.0,2.0,0.7397751092376864
2,7134,1.0,2.0,0.3875066574233525
2,7135,1.0,2.0,0.9631887496997869
2,7136,1.0,2.0,0.671686060581952
2,7137,1.0,2.0,1.2189318195851881
2,7138,1.0,2.0,0.5038681139608504
2,7139,1.0,2.0,0.5464366462988978
2,7140,1.0,2.0,1.3639826449475918
2,7141,1.0,2.0,0.7174670732145774
2,7142,1.0,2.0,0.6278303739245167
2,7143,1.0,2.0,1.7159767506590446
2,7144,1.0,2.0,1.0919948995675939
2,7145,1.0,2.0,1.4934064154756528
2,7146,1.0,2.0,0.593124656978453
2,7147,1.0,2.0,0.3319369750950054
2,7148,1.0,2.0,1.3085225412267656
2,7149,1.0,2.0,1.4962777798918834
2,7150,1.0,2.0,0.6550323722217002
2,7151,1.0,2.0,0.7851069059577522
2,7152,1.0,2.0,1.1960235488587774
2,7153,1.0,2.0,1.0190808968538438
2,7154,1.0,2.0,1.6023234091445866
2,7155,1.0,2.0,1.322028250700785
2,7156,1.0,2.0,1.7931051916323844
2,7157,1.0,2.0,1.771374170732437
2,7158,1.0,2.0,0.8995013927577806
2,7159,1.0,2.0,0.5782146245758303
2,7160,1.0,2.0,0.23932851460974955
2,7161,1.0,2.0,0.5978482789811387
2,7162,1.0,2.0,1.3498211139293153
2,7163,1.0,2.0,1.021768741869264
2,7164,1.0,2.0,1.6485492212148665
2,7165,1.0,2.0,1.5988019235502586
2,7166,1.0,2.0,0.7198054419277322
2,7167,1.0,2.0,0.7800737863558732
2,7168,1.0,2.0,1.1512468451469209
2,7169,1.0,2.0,0.6639401389021811
2,7170,1.0,2.0,1.7765557631091426
2,7171,1.0,2.0,0.42033411099381296
2,7172,1.0,2.0,1.0642497922782934
2,7173,1.0,2.0,0.49262478547387734
2,7174,1.0,2.0,1.2715627135726022
2,7175,1.0,2.0,1.3200002811698786
2,7176,1.0,2.0,0.38236729644908163
2,7177,1.0,2.0,1.5124920693639454
2,7178,1.0,2.0,0.5828621802604151
2,7179,1.0,2.0,0.3852718597340911
2,7180,1.0,2.0,0.9247040218288304
2,7181,1.0,2.0,0.8310602854373521
2,7182,1.0,2.0,0.705690647112758
2,7183,1.0,2.0,0.5371866262289953
2,7184,1.0,2.0,1.3878642377934827
2,7185,1.0,2.0,0.9411258609303847
2,7186,1.0,2.0,0.8353423625486782
2,7187,1.0,2.0,1.7952893918894754
2,7188,1.0,2.0,1.8842521020157965
2,7189,1.0,2.0,0.25948617426950127
2,7190,1.0,2.0,0.7824476040460331
2,7191,1.0,2.0,0.5849965442831194
2,7192,1.0,2.0,0.8580661971096258
2,7193,1.0,2.0,1.1151353951163552
2,7194,1.0,2.0,1.179402455151195
2,7195,1.0,2.0,1.5314060068221713
2,7196,1.0,2.0,1.6777678394960187
2,7197,1.0,2.0,0.6785142392491862
2,7198,1.0,2.0,1.6666720676190736
2,7199,1.0,2.0,1.1943569440642996
2,7200,1.0,2.0,0.9701984827777564
2,7201,1.0,2.0,0.2517059346429246
2,7202,1.0,2.0,1.5041626388128146
2,7203,1.0,2.0,1.3859329712232207
2,7204,1.0,2.0,1.1937041359598726
2,7205,1.0,2.0,0.592925753766441
2,7206,1.0,2.0,0.5602473186622132
2,7207,1.0,2.0,1.745156542036289
2,7208,1.0,2.0,0.35030152089198074
2,7209,1.0,2.0,0.1200692050700785
2,7210,1.0,2.0,0.8250627013959501
2,7211,1.0,2.0,1.2370046596154896
2,7212,1.0,2.0,1.2248853855114894
2,7213,1.0,2.0,0.6955968196943669
2,7214,1.0,2.0,1.3025842595970398
2,7215,1.0,2.0,0.5280834309281679
2,7216,1.0,2.0,1.0739858922303127
2,7217,1.0,2.0,0.26105039684121734
2,7218,1.0,2.0,0.668847554726904
2,7219,1.0,2.0,0.7038216353971606
2,7220,1.0,2.0,1.2448676291411314
2,7221,1.0,2.0,0.5692508915980029
2,7222,1.0,2.0,1.4438085055023344
2,7223,1.0,2.0,1.2465097086501307
2,7224,1.0,2.0,0.5694631817761038
2,7225,1.0,2.0,1.1933604549135546
2,7226,1.0,2.0,1.0685395338045418
2,7227,1.0,2.0,1.3412155286381666
2,7228,1.0,2.0,1.2291421543626186
2,7229,1.0,2.0,1.318626888404851
2,7230,1.0,2.0,0.2457757044021746
2,7231,1.0,2.0,1.3637287016229354
2,7232,1.0,2.0,0.5242517569825431
2,7233,1.0,2.0,0.6241170861422204
2,7234,1.0,2.0,1.1412060376480895
2,7235,1.0,2.0,1.5183001661645683
2,7236,1.0,2.0,1.8403786106330808
2,7237,1.0,2.0,0.7428998612524312
2,7238,1.0,2.0,0.5974960361235665
2,7239,1.0,2.0,1.419548944334306
2,7240,1.0,2.0,0.5234336476968195
2,7241,1.0,2.0,1.649503888648039
2,7242,1.0,2.0,0.7256581028204538
2,7243,1.0,2.0,0.4085469156513204
2,7244,1.0,2.0,0.3992168497843657
2,7245,1.0,2.0,1.3576745864746875
2,7246,1.0,2.0,1.6182633376649873
2,7247,1.0,2.0,0.48069023132563005
2,7248,1.0,2.0,1.3214657921786204
2,7249,1.0,2.0,1.726576399666897
2,7250,1.0,2.0,1.269651372330189
2,7251,1.0,2.0,0.5391290272594653
2,7252,1.0,2.0,0.2430680278512944
2,7253,1.0,2.0,1.2706313649934922
2,7254,1.0,2.0,0.38876773448902735
2,7255,1.0,2.0,0.9181725327315166
2,7256,1.0,2.0,1.3802289570315898
2,7257,1.0,2.0,0.9027789322507968
2,7258,1.0,2.0,0.21234013369342222
2,7259,1.0,2.0,0.9174739202341218
2,7260,1.0,2.0,0.7174060411578221
2,7261,1.0,2.0,1.4409973317575548
2,7262,1.0,2.0,1.1610551448134978
2,7263,1.0,2.0,0.4244781146587055
2,7264,1.0,2.0,0.5840103987818158
2,7265,1.0,2.0,0.7679393250641555
2,7266,1.0,2.0,1.380288511717782
2,7267,1.0,2.0,1.8157182950857227
2,7268,1.0,2.0,1.6895984418202348
2,7269,1.0,2.0,0.5798509593184519
2,7270,1.0,2.0,1.6038922434596692
2,7271,1.0,2.0,1.382429727426901
2,7272,1.0,2.0,0.40475187496447274
2,7273,1.0,2.0,0.9630883974815031
2,7274,1.0,2.0,1.008079841207131
2,7275,1.0,2.0,1.144992640074955
2,7276,1.0,2.0,1.0555774554989896
2,7277,1.0,2.0,1.0740873762209913
2,7278,1.0,2.0,0.44027685954172924
2,7279,1.0,2.0,1.2660775527437749
2,7280,1.0,2.0,0.4185908519635202
2,7281,1.0,2.0,0.2545406754339921
2,7282,1.0,2.0,0.6629141255491995
2,7283,1.0,2.0,0.44961957072602526
2,7284,1.0,2.0,0.39580990927174203
2,7285,1.0,2.0,0.19173828828895204
2,7286,1.0,2.0,1.1953276077292159
2,7287,1.0,2.0,1.5927560284551519
2,7288,1.0,2.0,1.132549197181057
2,7289,1.0,2.0,1.268861839971558
2,7290,1.0,2.0,1.8633880884001823
2,7291,1.0,2.0,0.22538664362587396
2,7292,1.0,2.0,1.14814945721653
2,7293,1.0,2.0,0.9446631455728657
2,7294,1.0,2.0,0.7272992114793259
2,7295,1.0,2.0,1.6716375481882346
2,7296,1.0,2.0,1.5990538115487318
2,7297,1.0,2.0,1.3493665978930014
2,7298,1.0,2.0,1.1264390059128329
2,7299,1.0,2.0,0.5620379388207398
2,7300,1.0,2.0,0.589750803807788
2,7301,1.0,2.0,1.3848709769603382
2,7302,1.0,2.0,1.0894031018370118
2,7303,1.0,2.0,1.8099042432579542
2,7304,1.0,2.0,0.5873717967918464
2,7305,1.0,2.0,0.7087853273969087
2,7306,1.0,2.0,1.0227885614400272
2,7307,1.0,2.0,1.7904619621311966
2,7308,1.0,2.0,1.1107830282974989
2,7309,1.0,2.0,0.8304740476313142
2,7310,1.0,2.0,1.2073839328363043
2,7311,1.0,2.0,1.0271489291025846
2,7312,1.0,2.0,1.0378046221432042
2,7313,1.0,2.0,1.1270885964800308
2,7314,1.0,2.0,1.0282824548098553
2,7315,1.0,2.0,0.609359769318944
2,7316,1.0,2.0,0.7742808555590935
2,7317,1.0,2.0,1.1888169667720425
2,7318,1.0,2.0,1.1550230226735436
2,7319,1.0,2.0,0.7711159795284243
2,7320,1.0,2.0,1.5341744489854747
2,7321,1.0,2.0,0.7401178841590575
2,7322,1.0,2.0,0.29173196362294673
2,7323,1.0,2.0,0.34564557699516757
2,7324,1.0,2.0,1.034364118823642
2,7325,1.0,2.0,0.8421658119419793
2,7326,1.0,2.0,0.6970707455449278
2,7327,1.0,2.0,1.6231721615337287
2,7328,1.0,2.0,0.6229074227368662
2,7329,1.0,2.0,1.8204724387532154
2,7330,1.0,2.0,1.7083280792640725
2,7331,1.0,2.0,0.7401391066590219
2,7332,1.0,2.0,0.5188779037886154
2,7333,1.0,2.0,1.0791529779125972
2,7334,1.0,2.0,1.1461476921442326
2,7335,1.0,2.0,1.4447583169070524
2,7336,1.0,2.0,0.5344196272159406
2,7337,1.0,2.0,0.8651464972016374
2,7338,1.0,2.0,1.0258910770950427
2,7339,1.0,2.0,0.9320555332446429
2,7340,1.0,2.0,1.2977737200310808
2,7341,1.0,2.0,0.5932388859254455
2,7342,1.0,2.0,0.2322189105199277
2,7343,1.0,2.0,1.8964381953826832
2,7344,1.0,2.0,1.9706400530021282
2,7345,1.0,2.0,0.2996391984494259
2,7346,1.0,2.0,0.19602496039311795
2,7347,1.0,2.0,1.5447816653907749
2,7348,1.0,2.0,1.069796946134698
2,7349,1.0,2.0,0.5490544109849702
2,7350,1.0,2.0,1.2325749752235693
2,7351,1.0,2.0,0.7621435333235499
2,7352,1.0,2.0,0.6358465125397368
2,7353,1.0,2.0,0.7735506362206704
2,7354,1.0,2.0,1.5109698124727187
2,7355,1.0,2.0,1.1854102815408418
2,7356,1.0,2.0,1.2893185591224854
2,7357,1.0,2.0,0.13608734328370764
2,7358,1.0,2.0,0.9052829876669788
2,7359,1.0,2.0,1.167443272346739
2,7360,1.0,2.0,1.2379088304403658
2,7361,1.0,2.0,1.5641229843164055
2,7362,1.0,2.0,1.3317126984568293
2,7363,1.0,2.0,1.0871627869112677
2,7364,1.0,2.0,0.9176218064760722
2,7365,1.0,2.0,0.7375003561628143
2,7366,1.0,2.0,0.2863653583038478
2,7367,1.0,2.0,1.4972152148431865
2,7368,1.0,2.0,1.8464777730123267
2,7369,1.0,2.0,0.6422385884088475
2,7370,1.0,2.0,1.1050928152795163
2,7371,1.0,2.0,1.1705905140615958
2,7372,1.0,2.0,1.6809576258774428
2,7373,1.0,2.0,1.061670113367648
2,7374,1.0,2.0,1.0521073529843008
2,7375,1.0,2.0,0.8203566604035443
2,7376,1.0,2.0,1.463384049807837
2,7377,1.0,2.0,1.5465690531489276
2,7378,1.0,2.0,0.7945516530381583
2,7379,1.0,2.0,0.4940406695731958
2,7380,1.0,2.0,1.0501050861509253
2,7381,1.0,2.0,1.8762070110975713
2,7382,1.0,2.0,0.9213604624285858
2,7383,1.0,2.0,1.2620931962633049
2,7384,1.0,2.0,1.4963115321585154
2,7385,1.0,2.0,1.1686265669983622
2,7386,1.0,2.0,1.4187190630163087
2,7387,1.0,2.0,1.3733407130796975
2,7388,1.0,2.0,0.13406118148446666
2,7389,1.0,2.0,0.06161945569584408
2,7390,1.0,2.0,0.8848528724772975
2,7391,1.0,2.0,1.3154275096996941
2,7392,1.0,2.0,1.0899306096546684
2,7393,1.0,2.0,0.8828198455850772
2,7394,1.0,2.0,0.9793572150853682
2,7395,1.0,2.0,1.2350950856104985
2,7396,1.0,2.0,1.1449845851104405
2,7397,1.0,2.0,1.0380191193380277
2,7398,1.0,2.0,0.5582270760381502
2,7399,1.0,2.0,1.1582740943446905
2,7400,1.0,2.0,0.6606983849996497
2,7401,1.0,2.0,1.4148274425261027
2,7402,1.0,2.0,0.459432031753831
2,7403,1.0,2.0,0.9669722345296381
2,7404,1.0,2.0,1.6560080944860975
2,7405,1.0,2.0,1.2812155125685298
2,7406,1.0,2.0,0.8633677619718334
2,7407,1.0,2.0,1.029460688387971
2,7408,1.0,2.0,0.8559691551299526
2,7409,1.0,2.0,1.2501029039104607
2,7410,1.0,2.0,1.3614342969241326
2,7411,1.0,2.0,1.2533786401387101
2,7412,1.0,2.0,1.4855830774799326
2,7413,1.0,2.0,1.3468338722715547
2,7414,1.0,2.0,0.38780327923739444
2,7415,1.0,2.0,0.6867846128829778
2,7416,1.0,2.0,0.8903002175845962
2,7417,1.0,2.0,0.5581054225254216
2,7418,1.0,2.0,0.35561469648283095
2,7419,1.0,2.0,0.5076577703641902
2,7420,1.0,2.0,0.8016210439910741
2,7421,1.0,2.0,1.3923066539381856
2,7422,1.0,2.0,0.27474758481819517
2,7423,1.0,2.0,0.5045405473404311
2,7424,1.0,2.0,0.9163780844542256
2,7425,1.0,2.0,1.5787155273238211
2,7426,1.0,2.0,0.7510144602797312
2,7427,1.0,2.0,0.5776003473720693
2,7428,1.0,2.0,1.0357477017390995
2,7429,1.0,2.0,0.5724593294340748
2,7430,1.0,2.0,1.1902908209775038
2,7431,1.0,2.0,0.6321275914728106
2,7432,1.0,2.0,0.5511575975517204
2,7433,1.0,2.0,1.5111714073140639
2,7434,1.0,2.0,1.2211879359247182
2,7435,1.0,2.0,0.9419884464704034
2,7436,1.0,2.0,0.7782962738391742
2,7437,1.0,2.0,0.7324191537789964
2,7438,1.0,2.0,0.38193634077230865
2,7439,1.0,2.0,0.4755726201347173
2,7440,1.0,2.0,0.4451185356775211
2,7441,1.0,2.0,0.953461511511198
2,7442,1.0,2.0,1.1916244469022002
2,7443,1.0,2.0,1.335541862959258
2,7444,1.0,2.0,1.4322102482583678
2,7445,1.0,2.0,0.32854708297423924
2,7446,1.0,2.0,1.2823340112840098
2,7447,1.0,2.0,0.3671498343763421
2,7448,1.0,2.0,0.6699773648632465
2,7449,1.0,2.0,0.5836182789727289
2,7450,1.0,2.0,1.0006086735132904
2,7451,1.0,2.0,0.2728035358724327
2,7452,1.0,2.0,1.0366858868547815
2,7453,1.0,2.0,0.2502421375603437
2,7454,1.0,2.0,1.078804779520091
2,7455,1.0,2.0,0.7580378884955394
2,7456,1.0,2.0,0.8177181395639539
2,7457,1.0,2.0,1.1932820896231544
2,7458,1.0,2.0,1.5482276227523062
2,7459,1.0,2.0,1.563066491777245
2,7460,1.0,2.0,0.8993034354842242
2,7461,1.0,2.0,0.9934973475242821
2,7462,1.0,2.0,0.9972532077216393
2,7463,1.0,2.0,0.8685269526544711
2,7464,1.0,2.0,0.7833650587127668
2,7465,1.0,2.0,1.3068167976532927
2,7466,1.0,2.0,0.8714701083774761
2,7467,1.0,2.0,0.5963650201576424
2,7468,1.0,2.0,0.9366082377041434
2,7469,1.0,2.0,0.538590378491001
2,7470,1.0,2.0,0.907466715207392
2,7471,1.0,2.0,1.1862369078543995
2,7472,1.0,2.0,1.6260677808993325
2,7473,1.0,2.0,0.853278667670794
2,7474,1.0,2.0,1.8605594128800091
2,7475,1.0,2.0,0.7156909544449833
2,7476,1.0,2.0,1.418193438357167
2,7477,1.0,2.0,0.33561022956528563
2,7478,1.0,2.0,0.6127911556870393
2,7479,1.0,2.0,1.19178017203226
2,7480,1.0,2.0,1.45590614041018
2,7481,1.0,2.0,1.1657260444103765
2,7482,1.0,2.0,1.6925531799538827
2,7483,1.0,2.0,1.1420571989864015
2,7484,1.0,2.0,0.564822701350029
2,7485,1.0,2.0,1.1332367860189723
2,7486,1.0,2.0,0.7723640420661169
2,7487,1.0,2.0,0.09794886307435541
2,7488,1.0,2.0,1.353050286959422
2,7489,1.0,2.0,0.8016429441611956
2,7490,1.0,2.0,1.1593172186095702
2,7491,1.0,2.0,0.8473308227901135
2,7492,1.0,2.0,0.33633089519486553
2,7493,1.0,2.0,0.8880367808739916
2,7494,1.0,2.0,0.17745544437821817
2,7495,1.0,2.0,1.2134536971276617
2,7496,1.0,2.0,1.0417579301567925
2,7497,1.0,2.0,0.28999859589804394
2,7498,1.0,2.0,0.7960896887746615
2,7499,1.0,2.0,1.0212329765590384
2,7500,1.0,2.0,0.32531111075285996
2,7501,1.0,2.0,0.7168775251894389
2,7502,1.0,2.0,0.48705068007282654
2,7503,1.0,2.0,0.610998775125135
2,7504,1.0,2.0,0.5966235106654075
2,7505,1.0,2.0,0.9883337950464671
2,7506,1.0,2.0,1.1113043381857262
2,7507,1.0,2.0,0.8233184100472257
2,7508,1.0,2.0,1.4975018856745588
2,7509,1.0,2.0,0.7502984022225583
2,7510,1.0,2.0,1.439919504496003
2,7511,1.0,2.0,0.5962213264027317
2,7512,1.0,2.0,1.556470338716038
2,7513,1.0,2.0,0.37097741967351033
2,7514,1.0,2.0,0.633940153769551
2,7515,1.0,2.0,0.9840855805147948
2,7516,1.0,2.0,0.24692639418574697
2,7517,1.0,2.0,1.292047701740107
2,7518,1.0,2.0,0.9635697598703333
2,7519,1.0,2.0,0.39610500164971346
2,7520,1.0,2.0,1.3945289643478005
2,7521,1.0,2.0,0.6779336978427347
2,7522,1.0,2.0,1.3943538729935625
2,7523,1.0,2.0,1.0523869543807
2,7524,1.0,2.0,0.3431357304396134
2,7525,1.0,2.0,0.27287461615429826
2,7526,1.0,2.0,0.9851922669269616
2,7527,1.0,2.0,1.5479471414503636
2,7528,1.0,2.0,1.080502665794727
2,7529,1.0,2.0,1.2728666348314344
2,7530,1.0,2.0,1.1552107652224644
2,7531,1.0,2.0,1.6649326522969714
2,7532,1.0,2.0,1.2946164407249883
2,7533,1.0,2.0,1.5693079038715103
2,7534,1.0,2.0,1.1964297997373496
2,7535,1.0,2.0,0.9546182930545923
2,7536,1.0,2.0,1.5975850981603927
2,7537,1.0,2.0,0.74592839893561
2,7538,1.0,2.0,1.5401949155929162
2,7539,1.0,2.0,1.3011069321015452
2,7540,1.0,2.0,0.30273476345687794
2,7541,1.0,2.0,1.527868375749912
2,7542,1.0,2.0,0.6365006537391802
2,7543,1.0,2.0,0.5518990300525364
2,7544,1.0,2.0,1.1576645226112048
2,7545,1.0,2.0,1.8225962056156224
2,7546,1.0,2.0,0.9431045598541988
2,7547,1.0,2.0,0.3713230000376778
2,7548,1.0,2.0,0.7075479376494902
2,7549,1.0,2.0,1.5229267984421286
2,7550,1.0,2.0,1.6663968009774017
2,7551,1.0,2.0,0.99824852094912
2,7552,1.0,2.0,0.890309849423902
2,7553,1.0,2.0,0.4363019388358324
2,7554,1.0,2.0,1.2177314955823508
2,7555,1.0,2.0,1.179626014600529
2,7556,1.0,2.0,0.4850778380606941
2,7557,1.0,2.0,1.0768426571370453
2,7558,1.0,2.0,1.3462571022372034
2,7559,1.0,2.0,0.9459900779226926
2,7560,1.0,2.0,0.9676405177610767
2,7561,1.0,2.0,0.4281371263330075
2,7562,1.0,2.0,0.7155076106364883
2,7563,1.0,2.0,0.8080906512012491
2,7564,1.0,2.0,1.194043791288732
2,7565,1.0,2.0,0.8804862877152613
2,7566,1.0,2.0,0.468226982675952
2,7567,1.0,2.0,0.8251216948017748
2,7568,1.0,2.0,0.3327560337611705
2,7569,1.0,2.0,1.1310786552295922
2,7570,1.0,2.0,1.1333289093245353
2,7571,1.0,2.0,1.2572983310801387
2,7572,1.0,2.0,1.5258189103929864
2,7573,1.0,2.0,1.5540797579330343
2,7574,1.0,2.0,0.8934695589217493
2,7575,1.0,2.0,1.5561748821520962
2,7576,1.0,2.0,0.7565985305265961
2,7577,1.0,2.0,0.5706137706071492
2,7578,1.0,2.0,1.0853549434326109
2,7579,1.0,2.0,1.1096157152067312
2,7580,1.0,2.0,0.5161118812170488
2,7581,1.0,2.0,1.3212875103383437
2,7582,1.0,2.0,1.3246366213294793
2,7583,1.0,2.0,0.5955062262722911
2,7584,1.0,2.0,0.8010974401366311
2,7585,1.0,2.0,1.826635966148271
2,7586,1.0,2.0,0.997188884099909
2,7587,1.0,2.0,0.5252548032760538
2,7588,1.0,2.0,1.8284746681555575
2,7589,1.0,2.0,1.4445702086048586
2,7590,1.0,2.0,0.5852454991927952
2,7591,1.0,2.0,0.6322935106146659
2,7592,1.0,2.0,1.1308875633576108
2,7593,1.0,2.0,0.874550696844809
2,7594,1.0,2.0,1.1001166958332127
2,7595,1.0,2.0,0.4256666839107971
2,7596,1.0,2.0,1.6425276638816106
2,7597,1.0,2.0,1.02485362894969
2,7598,1.0,2.0,0.8368228236527019
2,7599,1.0,2.0,0.44919988861791327
2,7600,1.0,2.0,1.17003730529294
2,7601,1.0,2.0,1.1167254447716841
2,7602,1.0,2.0,0.8037109509372873
2,7603,1.0,2.0,1.272794235260906
2,7604,1.0,2.0,0.5961804826240804
2,7605,1.0,2.0,1.0486277069977934
2,7606,1.0,2.0,1.2074926738999459
2,7607,1.0,2.0,1.1964481113024417
2,7608,1.0,2.0,0.5933279150820489
2,7609,1.0,2.0,0.8675809785289726
2,7610,1.0,2.0,1.2740208758300362
2,7611,1.0,2.0,0.49461816173391404
2,7612,1.0,2.0,0.9794180731674108
2,7613,1.0,2.0,0.8799836440412044
2,7614,1.0,2.0,1.6596597231985135
2,7615,1.0,2.0,0.1439694770276324
2,7616,1.0,2.0,1.8098804022812458
2,7617,1.0,2.0,1.3325521013761583
2,7618,1.0,2.0,1.7180083420613068
2,7619,1.0,2.0,0.38669888972756095
2,7620,1.0,2.0,0.3712610732218681
2,7621,1.0,2.0,1.2439894347391436
2,7622,1.0,2.0,1.718674404027856
2,7623,1.0,2.0,1.6277937288575695
2,7624,1.0,2.0,0.5782163499783562
2,7625,1.0,2.0,0.7430298770074064
2,7626,1.0,2.0,1.5960967401642259
2,7627,1.0,2.0,0.4110744560890281
2,7628,1.0,2.0,0.4738470254877912
2,7629,1.0,2.0,1.0165707193452973
2,7630,1.0,2.0,0.9690555536956119
2,7631,1.0,2.0,0.30604558798245457
2,7632,1.0,2.0,0.3570721781371556
2,7633,1.0,2.0,1.0941515204564434
2,7634,1.0,2.0,1.0015107153988387
2,7635,1.0,2.0,0.568199512579112
2,7636,1.0,2.0,0.7022616586783061
2,7637,1.0,2.0,0.8951291218759831
2,7638,1.0,2.0,1.0322252605010793
2,7639,1.0,2.0,0.13898662839658477
2,7640,1.0,2.0,0.2828028033279086
2,7641,1.0,2.0,0.7518942723155134
2,7642,1.0,2.0,1.2778890854962088
2,7643,1.0,2.0,1.1613753680898786
2,7644,1.0,2.0,1.1748571258490315
2,7645,1.0,2.0,0.533463980981658
2,7646,1.0,2.0,1.800384116862893
2,7647,1.0,2.0,1.3807496088437803
2,7648,1.0,2.0,0.9871068278287276
2,7649,1.0,2.0,0.25291364815629797
2,7650,1.0,2.0,0.9392606304635274
2,7651,1.0,2.0,0.8578228239903852
2,7652,1.0,2.0,0.5667439268906271
2,7653,1.0,2.0,1.038474772490729
2,7654,1.0,2.0,1.5614526112148057
2,7655,1.0,2.0,0.870897961541651
2,7656,1.0,2.0,1.0744203918125492
2,7657,1.0,2.0,0.8862350136966958
2,7658,1.0,2.0,1.1863887262788109
2,7659,1.0,2.0,1.5295490282228834
2,7660,1.0,2.0,1.3243322798138124
2,7661,1.0,2.0,0.543617924441086
2,7662,1.0,2.0,1.2131661210616658
2,7663,1.0,2.0,1.8112943280681673
2,7664,1.0,2.0,0.8664203404554234
2,7665,1.0,2.0,1.3115447450326383
2,7666,1.0,2.0,0.7778449536700692
2,7667,1.0,2.0,1.145619165508707
2,7668,1.0,2.0,0.9424517818477605
2,7669,1.0,2.0,0.42682915663552284
2,7670,1.0,2.0,0.9918775251031982
2,7671,1.0,2.0,1.3200738526494444
2,7672,1.0,2.0,1.573993599442431
2,7673,1.0,2.0,0.5636353332705454
2,7674,1.0,2.0,0.4345518056388952
2,7675,1.0,2.0,0.9867240569396243
2,7676,1.0,2.0,1.5931203830587182
2,7677,1.0,2.0,0.5680184092805063
2,7678,1.0,2.0,1.3824179883031695
2,7679,1.0,2.0,0.9604583502428656
2,7680,1.0,2.0,0.2294007087377696
2,7681,1.0,2.0,0.8879716291888546
2,7682,1.0,2.0,0.5924467721437966
2,7683,1.0,2.0,1.4444233645978672
2,7684,1.0,2.0,1.1620567431844337
2,7685,1.0,2.0,1.181791634642762
2,7686,1.0,2.0,0.6498410317413778
2,7687,1.0,2.0,1.51032901399432
2,7688,1.0,2.0,0.798655921400666
2,7689,1.0,2.0,0.6659674088609508
2,7690,1.0,2.0,1.3729936088209258
2,7691,1.0,2.0,1.1719529375157642
2,7692,1.0,2.0,0.6045705551433875
2,7693,1.0,2.0,0.5041854707763579
2,7694,1.0,2.0,0.9770008263765396
2,7695,1.0,2.0,1.1609216034335708
2,7696,1.0,2.0,0.7613890867927617
2,7697,1.0,2.0,1.287829710825123
2,7698,1.0,2.0,0.902937068677838
2,7699,1.0,2.0,1.0672912050013366
2,7700,1.0,2.0,0.2055005941851634
2,7701,1.0,2.0,1.1912577784580844
2,7702,1.0,2.0,0.6371197993186694
2,7703,1.0,2.0,0.6985486869709675
2,7704,1.0,2.0,1.172031228214369
2,7705,1.0,2.0,1.2966906847091195
2,7706,1.0,2.0,1.279498897412057
2,7707,1.0,2.0,0.9623093508098038
2,7708,1.0,2.0,1.1077810073351129
2,7709,1.0,2.0,1.5008265032811106
2,7710,1.0,2.0,0.598141477691385
2,7711,1.0,2.0,1.7000871899201286
2,7712,1.0,2.0,0.4340155135944255
2,7713,1.0,2.0,1.6277162967705547
2,7714,1.0,2.0,0.7839643012484795
2,7715,1.0,2.0,0.16127179502656153
2,7716,1.0,2.0,1.1077021117486505
2,7717,1.0,2.0,0.785123197840727
2,7718,1.0,2.0,1.1421677174270148
2,7719,1.0,2.0,1.1303337846582022
2,7720,1.0,2.0,0.6174677037550805
2,7721,1.0,2.0,1.4108106792399175
2,7722,1.0,2.0,1.5329686423715692
2,7723,1.0,2.0,1.3143453849827362
2,7724,1.0,2.0,0.8131823731962956
2,7725,1.0,2.0,0.862434332862893
2,7726,1.0,2.0,0.8715799522062938
2,7727,1.0,2.0,1.2109618020069421
2,7728,1.0,2.0,0.4349504097925174
2,7729,1.0,2.0,1.2040221886290778
2,7730,1.0,2.0,0.9377126549293008
2,7731,1.0,2.0,0.6349941626054629
2,7732,1.0,2.0,0.6737181078367744
2,7733,1.0,2.0,0.20557399970567522
2,7734,1.0,2.0,1.143948458233616
2,7735,1.0,2.0,1.1677536244016762
2,7736,1.0,2.0,0.6204610542774389
2,7737,1.0,2.0,1.0163323165350415
2,7738,1.0,2.0,1.4243044559342366
2,7739,1.0,2.0,1.2612685812768938
2,7740,1.0,2.0,0.30518653655752415
2,7741,1.0,2.0,1.3526531513460873
2,7742,1.0,2.0,1.0130059140426235
2,7743,1.0,2.0,0.21802433356195697
2,7744,1.0,2.0,0.8507605477963602
2,7745,1.0,2.0,0.5824409802217321
2,7746,1.0,2.0,0.3807749652398201
2,7747,1.0,2.0,1.3229626247294224
2,7748,1.0,2.0,0.8171948383844875
2,7749,1.0,2.0,1.6949088640046746
2,7750,1.0,2.0,0.27654237889034333
2,7751,1.0,2.0,0.6369128344476309
2,7752,1.0,2.0,1.6393109846319331
2,7753,1.0,2.0,0.8702208947798751
2,7754,1.0,2.0,1.0097326655452534
2,7755,1.0,2.0,1.2989583749071794
2,7756,1.0,2.0,0.3951346296326678
2,7757,1.0,2.0,0.9246237614922175
2,7758,1.0,2.0,0.3835807477221299
2,7759,1.0,2.0,0.3421582463151659
2,7760,1.0,2.0,1.2707543816560771
2,7761,1.0,2.0,0.4102069712835088
2,7762,1.0,2.0,1.5673192582885602
2,7763,1.0,2.0,1.1081821763324105
2,7764,1.0,2.0,0.8291955468705963
2,7765,1.0,2.0,0.685843521373841
2,7766,1.0,2.0,0.425624227278207
2,7767,1.0,2.0,0.9339156005804394
2,7768,1.0,2.0,1.219046986569487
2,7769,1.0,2.0,1.4214168704976364
2,7770,1.0,2.0,1.481891502034271
2,7771,1.0,2.0,1.2388685972590587
2,7772,1.0,2.0,0.37389284232733105
2,7773,1.0,2.0,1.1296838674223717
2,7774,1.0,2.0,1.4364456136625776
2,7775,1.0,2.0,1.1083348167963514
2,7776,1.0,2.0,1.758607888241214
2,7777,1.0,2.0,1.3311541584319897
2,7778,1.0,2.0,0.9990683802410897
2,7779,1.0,2.0,1.3184911907564025
2,7780,1.0,2.0,0.18476671260148028
2,7781,1.0,2.0,1.0073531612300681
2,7782,1.0,2.0,0.6471720160922263
2,7783,1.0,2.0,0.9277366008146406
2,7784,1.0,2.0,0.8471319286169735
2,7785,1.0,2.0,1.1914797698253183
2,7786,1.0,2.0,1.0600973388251074
2,7787,1.0,2.0,0.569388203380918
2,7788,1.0,2.0,1.1124310027411517
2,7789,1.0,2.0,1.3763633182987765
2,7790,1.0,2.0,1.2408199352826594
2,7791,1.0,2.0,1.4013126327561907
2,7792,1.0,2.0,0.5839603738401076
2,7793,1.0,2.0,1.3749956947331312
2,7794,1.0,2.0,0.8119628163675409
2,7795,1.0,2.0,0.6469417468372736
2,7796,1.0,2.0,0.928089782808084
2,7797,1.0,2.0,1.2802655563387697
2,7798,1.0,2.0,1.184483788436495
2,7799,1.0,2.0,1.5375971054616153
2,7800,1.0,2.0,0.9923927715401646
2,7801,1.0,2.0,0.3486852767530616
2,7802,1.0,2.0,1.7849553330825818
2,7803,1.0,2.0,1.3634276601384747
2,7804,1.0,2.0,1.3041934720646566
2,7805,1.0,2.0,0.6387540327945516
2,7806,1.0,2.0,1.5766002295270274
2,7807,1.0,2.0,0.7075592847611146
2,7808,1.0,2.0,1.0641007422292565
2,7809,1.0,2.0,0.8532329773313035
2,7810,1.0,2.0,0.07831371099870806
2,7811,1.0,2.0,0.45461594140586303
2,7812,1.0,2.0,1.498920608608919
2,7813,1.0,2.0,0.6898983289249597
2,7814,1.0,2.0,0.8212745597245196
2,7815,1.0,2.0,1.3257595555292667
2,7816,1.0,2.0,0.6137563375522467
2,7817,1.0,2.0,0.2332043136995734
2,7818,1.0,2.0,0.22439131781075614
2,7819,1.0,2.0,1.1521656856648532
2,7820,1.0,2.0,0.958661621911049
2,7821,1.0,2.0,1.2514297574964983
2,7822,1.0,2.0,0.380631586770273
2,7823,1.0,2.0,1.008365831039227
2,7824,1.0,2.0,0.4182043509856488
2,7825,1.0,2.0,0.8945590346549066
2,7826,1.0,2.0,0.1433933258028425
2,7827,1.0,2.0,1.586135896568742
2,7828,1.0,2.0,0.9124400538770335
2,7829,1.0,2.0,0.7327251944760745
2,7830,1.0,2.0,1.00650559901805
2,7831,1.0,2.0,1.1603989086673323
2,7832,1.0,2.0,0.7300475235968328
2,7833,1.0,2.0,0.5452520084855428
2,7834,1.0,2.0,1.7612931205415612
2,7835,1.0,2.0,0.7458465908498999
2,7836,1.0,2.0,0.5448995335419103
2,7837,1.0,2.0,1.4431975570962465
2,7838,1.0,2.0,1.0613430259852117
2,7839,1.0,2.0,0.7481460719571683
2,7840,1.0,2.0,0.7460106349305352
2,7841,1.0,2.0,0.4892894788455237
2,7842,1.0,2.0,1.7545943834094917
2,7843,1.0,2.0,1.609304168408712
2,7844,1.0,2.0,1.470790526213759
2,7845,1.0,2.0,0.8726358272673851
2,7846,1.0,2.0,0.998873145482705
2,7847,1.0,2.0,1.5790788025455962
2,7848,1.0,2.0,1.0960347674377944
2,7849,1.0,2.0,0.7377526201135742
2,7850,1.0,2.0,1.2199039238483635
2,7851,1.0,2.0,0.2508587332369276
2,7852,1.0,2.0,0.9655642929971702
2,7853,1.0,2.0,0.9312172697365301
2,7854,1.0,2.0,1.1875904854050043
2,7855,1.0,2.0,1.3125397945985284
2,7856,1.0,2.0,0.582613124696127
2,7857,1.0,2.0,1.1486479912137137
2,7858,1.0,2.0,1.4054582105275528
2,7859,1.0,2.0,0.646278898583024
2,7860,1.0,2.0,0.7638796067297161
2,7861,1.0,2.0,1.562057034197483
2,7862,1.0,2.0,0.6614265309632711
2,7863,1.0,2.0,0.7553797385000526
2,7864,1.0,2.0,1.3317613670384179
2,7865,1.0,2.0,1.8697058382515643
2,7866,1.0,2.0,1.344550622538319
2,7867,1.0,2.0,1.130340185217674
2,7868,1.0,2.0,0.501341243487769
2,7869,1.0,2.0,0.6911218789228649
2,7870,1.0,2.0,1.4821853841097132
2,7871,1.0,2.0,1.0391932241726753
2,7872,1.0,2.0,0.6061658563781833
2,7873,1.0,2.0,1.0451767391124243
2,7874,1.0,2.0,0.5770150491474246
2,7875,1.0,2.0,0.5214141137127846
2,7876,1.0,2.0,0.7727299906962275
2,7877,1.0,2.0,1.3777872306880288
2,7878,1.0,2.0,1.3354551467149318
2,7879,1.0,2.0,1.1351543276328844
2,7880,1.0,2.0,0.6484747023860045
2,7881,1.0,2.0,1.506003904294038
2,7882,1.0,2.0,0.588137088187142
2,7883,1.0,2.0,1.3462806219246706
2,7884,1.0,2.0,1.5299314445285106
2,7885,1.0,2.0,0.3213012607440486
2,7886,1.0,2.0,1.798961340227118
2,7887,1.0,2.0,0.9539773107298172
2,7888,1.0,2.0,0.29231735293380606
2,7889,1.0,2.0,1.6314289736121188
2,7890,1.0,2.0,1.1790936632000095
2,7891,1.0,2.0,1.1568004667628267
2,7892,1.0,2.0,0.1265470546898855
2,7893,1.0,2.0,0.7229997869168708
2,7894,1.0,2.0,0.6876645009587957
2,7895,1.0,2.0,1.380874497059294
2,7896,1.0,2.0,1.125808896326534
2,7897,1.0,2.0,1.0940929229181373
2,7898,1.0,2.0,0.8719094903375241
2,7899,1.0,2.0,0.8465042811014825
2,7900,1.0,2.0,0.20111743839792917
2,7901,1.0,2.0,0.3650298248028532
2,7902,1.0,2.0,0.8514538153046713
2,7903,1.0,2.0,1.0281954445488393
2,7904,1.0,2.0,0.9173128383589327
2,7905,1.0,2.0,1.0073218251252902
2,7906,1.0,2.0,0.6529404092943545
2,7907,1.0,2.0,0.6508684398781561
2,7908,1.0,2.0,1.166161771803969
2,7909,1.0,2.0,1.2343116719375886
2,7910,1.0,2.0,0.8061844623417027
2,7911,1.0,2.0,0.5230235354710324
2,7912,1.0,2.0,1.6869891691781684
2,7913,1.0,2.0,0.7741220109783604
2,7914,1.0,2.0,0.45338367276457464
2,7915,1.0,2.0,1.4771560913370403
2,7916,1.0,2.0,1.2837524588163411
2,7917,1.0,2.0,1.0824052496057461
2,7918,1.0,2.0,1.665207798435297
2,7919,1.0,2.0,1.5021459884755402
2,7920,1.0,2.0,1.8467987070288283
2,7921,1.0,2.0,0.6688785947312265
2,7922,1.0,2.0,1.2196942323282665
2,7923,1.0,2.0,0.9171235226119797
2,7924,1.0,2.0,1.101039384635895
2,7925,1.0,2.0,1.2936440266742621
2,7926,1.0,2.0,1.0920967288798553
2,7927,1.0,2.0,0.956008956197422
2,7928,1.0,2.0,0.8969383172656271
2,7929,1.0,2.0,1.5189174483272319
2,7930,1.0,2.0,1.1150174030183337
2,7931,1.0,2.0,1.5052151218723027
2,7932,1.0,2.0,1.2676352291570425
2,7933,1.0,2.0,0.2625584002929549
2,7934,1.0,2.0,0.31986990058547304
2,7935,1.0,2.0,0.5445574934253926
2,7936,1.0,2.0,1.5615612612125194
2,7937,1.0,2.0,0.680493973463985
2,7938,1.0,2.0,0.9046960540695436
2,7939,1.0,2.0,0.9486938794140835
2,7940,1.0,2.0,0.15357969498678653
2,7941,1.0,2.0,1.1071064743947487
2,7942,1.0,2.0,0.8815203161867903
2,7943,1.0,2.0,1.1239852026470887
2,7944,1.0,2.0,1.1613201193315343
2,7945,1.0,2.0,0.7910354800322332
2,7946,1.0,2.0,0.39699065142859397
2,7947,1.0,2.0,1.0523764626860759
2,7948,1.0,2.0,0.7029513911285312
2,7949,1.0,2.0,1.3408085284387405
2,7950,1.0,2.0,0.8056677949434412
2,7951,1.0,2.0,0.6057863685426573
2,7952,1.0,2.0,0.5226399020347849
2,7953,1.0,2.0,0.4662222126902698
2,7954,1.0,2.0,1.472273595756508
2,7955,1.0,2.0,0.7960145981512662
2,7956,1.0,2.0,1.4118789726176744
2,7957,1.0,2.0,0.7290523831633466
2,7958,1.0,2.0,1.1508335140887147
2,7959,1.0,2.0,0.6482231812965571
2,7960,1.0,2.0,0.961285675620793
2,7961,1.0,2.0,0.38401576207493326
2,7962,1.0,2.0,1.5856394937100315
2,7963,1.0,2.0,1.5839282756040765
2,7964,1.0,2.0,0.1572253631945893
2,7965,1.0,2.0,1.0132653274349828
2,7966,1.0,2.0,1.2467826305355996
2,7967,1.0,2.0,1.5035072203260453
2,7968,1.0,2.0,0.8396359153445746
2,7969,1.0,2.0,0.8809494373182739
2,7970,1.0,2.0,0.25118484114377776
2,7971,1.0,2.0,1.1998901208275026
2,7972,1.0,2.0,1.7556654987278306
2,7973,1.0,2.0,0.5224581534450001
2,7974,1.0,2.0,1.1434751018049465
2,7975,1.0,2.0,1.624886990280158
2,7976,1.0,2.0,1.645467044916551
2,7977,1.0,2.0,1.0588366463372973
2,7978,1.0,2.0,1.731575259802925
2,7979,1.0,2.0,1.1284086036879155
2,7980,1.0,2.0,0.1494827817011176
2,7981,1.0,2.0,1.5197649717984807
2,7982,1.0,2.0,0.9814324526692146
2,7983,1.0,2.0,0.901403931954947
2,7984,1.0,2.0,1.7785164171351169
2,7985,1.0,2.0,1.4444135718357594
2,7986,1.0,2.0,1.8617261209033729
2,7987,1.0,2.0,1.0727247146029282
2,7988,1.0,2.0,1.322987029867085
2,7989,1.0,2.0,1.3288107201691006
2,7990,1.0,2.0,0.18500893027893628
2,7991,1.0,2.0,0.9130734066008847
2,7992,1.0,2.0,1.3721899788943235
2,7993,1.0,2.0,0.3857839009751751
2,7994,1.0,2.0,0.7709045180796091
2,7995,1.0,2.0,1.2085565874440247
2,7996,1.0,2.0,1.745420698174244
2,7997,1.0,2.0,1.5743613537565664
2,7998,1.0,2.0,1.0605877637105816
2,7999,1.0,2.0,1.1231688414602208
2,8000,1.0,2.0,0.5776535198056171
2,8001,1.0,2.0,0.6513683371242328
2,8002,1.0,2.0,1.2916547143483545
2,8003,1.0,2.0,0.8143253588900892
2,8004,1.0,2.0,1.3801155603306512
2,8005,1.0,2.0,0.3513512505788264
2,8006,1.0,2.0,0.681495542919769
2,8007,1.0,2.0,0.9624647261774113
2,8008,1.0,2.0,1.51679557982065
2,8009,1.0,2.0,1.1735958666137964
2,8010,1.0,2.0,1.4943634889950985
2,8011,1.0,2.0,1.1952112698421224
2,8012,1.0,2.0,0.39021472436254967
2,8013,1.0,2.0,0.8549002981956937
2,8014,1.0,2.0,0.8689523466618322
2,8015,1.0,2.0,1.2912681345659807
2,8016,1.0,2.0,0.6270634274940264
2,8017,1.0,2.0,0.8785137860568147
2,8018,1.0,2.0,1.1895557781742632
2,8019,1.0,2.0,1.5435248805251596
2,8020,1.0,2.0,1.6146158118197749
2,8021,1.0,2.0,0.29389239459052613
2,8022,1.0,2.0,1.5675171503883556
2,8023,1.0,2.0,0.9454968949434124
2,8024,1.0,2.0,0.8821472076586875
2,8025,1.0,2.0,0.8380155249542567
2,8026,1.0,2.0,0.20968374149655566
2,8027,1.0,2.0,1.191665515739706
2,8028,1.0,2.0,0.8478263678734991
2,8029,1.0,2.0,1.052246733492522
2,8030,1.0,2.0,0.8766820432319424
2,8031,1.0,2.0,1.086793167866185
2,8032,1.0,2.0,1.7009751381863647
2,8033,1.0,2.0,0.4995351497923819
2,8034,1.0,2.0,1.0107938905314853
2,8035,1.0,2.0,1.3560570003430725
2,8036,1.0,2.0,0.8759026061599311
2,8037,1.0,2.0,1.0076669902918822
2,8038,1.0,2.0,0.7721745112211151
2,8039,1.0,2.0,1.2893998924383847
2,8040,1.0,2.0,1.1997501547035436
2,8041,1.0,2.0,0.5594739694830358
2,8042,1.0,2.0,0.6078591857979588
2,8043,1.0,2.0,0.8812102593853037
2,8044,1.0,2.0,1.5439784071638558
2,8045,1.0,2.0,0.3239480160606177
2,8046,1.0,2.0,1.2525399465850693
2,8047,1.0,2.0,0.23158269722325403
2,8048,1.0,2.0,1.0075540468157822
2,8049,1.0,2.0,1.0403358626075332
2,8050,1.0,2.0,0.8668565861592956
2,8051,1.0,2.0,1.1890153998083974
2,8052,1.0,2.0,1.6610989987676512
2,8053,1.0,2.0,1.1969652677946514
2,8054,1.0,2.0,0.3339128341893052
2,8055,1.0,2.0,0.8502990918012914
2,8056,1.0,2.0,1.294204060137235
2,8057,1.0,2.0,0.549776704323402
2,8058,1.0,2.0,0.7652561400868525
2,8059,1.0,2.0,0.267309135781626
2,8060,1.0,2.0,0.8940457315219004
2,8061,1.0,2.0,0.6482433077108741
2,8062,1.0,2.0,1.1863346936580998
2,8063,1.0,2.0,0.8608529034005714
2,8064,1.0,2.0,0.8566953814676915
2,8065,1.0,2.0,1.0090320599009561
2,8066,1.0,2.0,1.269517750130299
2,8067,1.0,2.0,0.834322708318711
2,8068,1.0,2.0,1.3588565957691112
2,8069,1.0,2.0,1.1952421463540226
2,8070,1.0,2.0,1.5188429417163751
2,8071,1.0,2.0,1.4707845825821089
2,8072,1.0,2.0,1.571094695712005
2,8073,1.0,2.0,0.79053921422959
2,8074,1.0,2.0,1.2729286770571113
2,8075,1.0,2.0,1.1840326928160783
2,8076,1.0,2.0,1.4369559574591588
2,8077,1.0,2.0,0.7324606369338805
2,8078,1.0,2.0,1.06401513166676
2,8079,1.0,2.0,0.7316626900375371
2,8080,1.0,2.0,1.6918796627290273
2,8081,1.0,2.0,0.6311520262842722
2,8082,1.0,2.0,0.625662314147792
2,8083,1.0,2.0,0.29259099757016965
2,8084,1.0,2.0,1.45736919282792
2,8085,1.0,2.0,0.6279357391177767
2,8086,1.0,2.0,1.5973720857209452
2,8087,1.0,2.0,0.6696065158207769
2,8088,1.0,2.0,0.8182570385645346
2,8089,1.0,2.0,0.39465742860160213
2,8090,1.0,2.0,0.6058665461527105
2,8091,1.0,2.0,0.5235817681087908
2,8092,1.0,2.0,0.6799052196148251
2,8093,1.0,2.0,1.170148660486492
2,8094,1.0,2.0,0.8244803045892014
2,8095,1.0,2.0,0.749409423863368
2,8096,1.0,2.0,0.2842195811552418
2,8097,1.0,2.0,1.1632572486806647
2,8098,1.0,2.0,0.13463301644769143
2,8099,1.0,2.0,0.23683359638576026
2,8100,1.0,2.0,0.9104680528556728
2,8101,1.0,2.0,1.1020034315827156
2,8102,1.0,2.0,1.8569963639303715
2,8103,1.0,2.0,0.9733256320722057
2,8104,1.0,2.0,1.413044762950369
2,8105,1.0,2.0,1.5419585335500055
2,8106,1.0,2.0,0.6321383440237748
2,8107,1.0,2.0,0.9601220250014327
2,8108,1.0,2.0,0.3529705898635739
2,8109,1.0,2.0,1.057838518043369
2,8110,1.0,2.0,0.5130684255418481
2,8111,1.0,2.0,0.561219321702147
2,8112,1.0,2.0,0.9347190067835474
2,8113,1.0,2.0,1.1975314588389425
2,8114,1.0,2.0,1.4774324684242917
2,8115,1.0,2.0,0.7794795323686051
2,8116,1.0,2.0,0.6806158526832172
2,8117,1.0,2.0,1.632144797690837
2,8118,1.0,2.0,0.2101206038892093
2,8119,1.0,2.0,1.4986547177494958
2,8120,1.0,2.0,1.2910369882542145
2,8121,1.0,2.0,0.7978042954149791
2,8122,1.0,2.0,1.4067289681462798
2,8123,1.0,2.0,0.6030785557290634
2,8124,1.0,2.0,1.2629738939389026
2,8125,1.0,2.0,0.6804768237108669
2,8126,1.0,2.0,1.1220793132050497
2,8127,1.0,2.0,1.3688746545031727
2,8128,1.0,2.0,0.23942911404401376
2,8129,1.0,2.0,0.505560148016323
2,8130,1.0,2.0,0.6074872564952404
2,8131,1.0,2.0,0.3496617076719598
2,8132,1.0,2.0,0.865052109672214
2,8133,1.0,2.0,1.0988256468529436
2,8134,1.0,2.0,0.5424061723976749
2,8135,1.0,2.0,1.201018600212155
2,8136,1.0,2.0,0.899661060521099
2,8137,1.0,2.0,0.7570796978192735
2,8138,1.0,2.0,1.1406965854467572
2,8139,1.0,2.0,0.8697728686330156
2,8140,1.0,2.0,1.1866415010724087
2,8141,1.0,2.0,1.0389096718830702
2,8142,1.0,2.0,0.6555812229761006
2,8143,1.0,2.0,1.3851720130626963
2,8144,1.0,2.0,1.773815405361065
2,8145,1.0,2.0,0.4805772770519646
2,8146,1.0,2.0,1.1059551286512597
2,8147,1.0,2.0,1.3335016300565483
2,8148,1.0,2.0,1.143456247460357
2,8149,1.0,2.0,0.7546328551184011
2,8150,1.0,2.0,0.17471344698034366
2,8151,1.0,2.0,0.6973242729556142
2,8152,1.0,2.0,0.9327072770437984
2,8153,1.0,2.0,0.46648938349189795
2,8154,1.0,2.0,1.0745385542209043
2,8155,1.0,2.0,1.0769875333787795
2,8156,1.0,2.0,0.9928418071437675
2,8157,1.0,2.0,1.199735121345044
2,8158,1.0,2.0,1.0432654155990588
2,8159,1.0,2.0,0.35208257333149046
2,8160,1.0,2.0,1.476576383204288
2,8161,1.0,2.0,0.7001387857185245
2,8162,1.0,2.0,1.3226238040628266
2,8163,1.0,2.0,0.5574990856654066
2,8164,1.0,2.0,0.4873396817606382
2,8165,1.0,2.0,0.3424591507874199
2,8166,1.0,2.0,1.016100025264592
2,8167,1.0,2.0,0.4178738753764427
2,8168,1.0,2.0,1.443940856252661
2,8169,1.0,2.0,0.49552201859242884
2,8170,1.0,2.0,0.9680298574300814
2,8171,1.0,2.0,0.7057401283004073
2,8172,1.0,2.0,0.7135706144094318
2,8173,1.0,2.0,0.18346804520864027
2,8174,1.0,2.0,1.002663472869581
2,8175,1.0,2.0,1.7425428346647691
2,8176,1.0,2.0,1.5385159035564626
2,8177,1.0,2.0,1.3550338259308954
2,8178,1.0,2.0,1.2132501194378258
2,8179,1.0,2.0,0.2954368546958428
2,8180,1.0,2.0,1.163288076886142
2,8181,1.0,2.0,0.9579219748089579
2,8182,1.0,2.0,0.9265288052359547
2,8183,1.0,2.0,0.7403132797092632
2,8184,1.0,2.0,0.8979923763442781
2,8185,1.0,2.0,0.5473950940356176
2,8186,1.0,2.0,1.814315551947773
2,8187,1.0,2.0,0.8088716018697844
2,8188,1.0,2.0,0.6447598886984505
2,8189,1.0,2.0,0.9478565376826906
2,8190,1.0,2.0,0.3947632624558594
2,8191,1.0,2.0,1.2410089993214126
2,8192,1.0,2.0,1.1266800795965013
2,8193,1.0,2.0,0.6290477501678914
2,8194,1.0,2.0,1.1730742025938736
2,8195,1.0,2.0,0.8125357040632666
2,8196,1.0,2.0,0.9245190206363785
2,8197,1.0,2.0,1.6823350642757835
2,8198,1.0,2.0,0.4230514390676361
2,8199,1.0,2.0,1.1596090300862794
2,8200,1.0,2.0,0.9042281271422044
2,8201,1.0,2.0,1.552128533649004
2,8202,1.0,2.0,1.181390938691476
2,8203,1.0,2.0,1.0673704084046924
2,8204,1.0,2.0,0.6211768836029122
2,8205,1.0,2.0,1.0124594154035618
2,8206,1.0,2.0,0.584088855706394
2,8207,1.0,2.0,0.9668846545804578
2,8208,1.0,2.0,1.4079793963646599
2,8209,1.0,2.0,1.1440687249326311
2,8210,1.0,2.0,1.1565381997668776
2,8211,1.0,2.0,1.5572797225279307
2,8212,1.0,2.0,0.9216106925480374
2,8213,1.0,2.0,0.5836862427289361
2,8214,1.0,2.0,1.4653444032550484
2,8215,1.0,2.0,1.3425747384379187
2,8216,1.0,2.0,1.8547253811078122
2,8217,1.0,2.0,0.8626133571687346
2,8218,1.0,2.0,1.3475985607105585
2,8219,1.0,2.0,0.4918736173196684
2,8220,1.0,2.0,1.8613676939794335
2,8221,1.0,2.0,1.3904808673357554
2,8222,1.0,2.0,0.5629629417394029
2,8223,1.0,2.0,0.31671550986038116
2,8224,1.0,2.0,1.1830686099769054
2,8225,1.0,2.0,0.7304516540535158
2,8226,1.0,2.0,0.9773107469213071
2,8227,1.0,2.0,0.7918591553848062
2,8228,1.0,2.0,0.6818468197602673
2,8229,1.0,2.0,1.0270937357530696
2,8230,1.0,2.0,0.5581209908143747
2,8231,1.0,2.0,1.0935589036608335
2,8232,1.0,2.0,0.3901384863053625
2,8233,1.0,2.0,0.5314415881172603
2,8234,1.0,2.0,1.9070130144989939
2,8235,1.0,2.0,0.025421642650720933
2,8236,1.0,2.0,0.275130998428889
2,8237,1.0,2.0,0.6485723952934768
2,8238,1.0,2.0,0.9501302954672602
2,8239,1.0,2.0,0.576784420425205
2,8240,1.0,2.0,0.9039313856572971
2,8241,1.0,2.0,0.6361486882478739
2,8242,1.0,2.0,0.6140676340941008
2,8243,1.0,2.0,1.3920795148207317
2,8244,1.0,2.0,1.3096187911724169
2,8245,1.0,2.0,0.8175653265736234
2,8246,1.0,2.0,1.5689283428272796
2,8247,1.0,2.0,1.3761172940155628
2,8248,1.0,2.0,0.5500035158161503
2,8249,1.0,2.0,0.35262826524457347
2,8250,1.0,2.0,0.705611628394376
2,8251,1.0,2.0,1.1544352610125745
2,8252,1.0,2.0,1.0644280770069017
2,8253,1.0,2.0,0.5227540889269365
2,8254,1.0,2.0,1.4094542119567985
2,8255,1.0,2.0,0.8854869741014562
2,8256,1.0,2.0,1.0995049198520248
2,8257,1.0,2.0,1.2789939675143063
2,8258,1.0,2.0,0.6189825288156013
2,8259,1.0,2.0,1.3484286289838012
2,8260,1.0,2.0,0.9822208410369586
2,8261,1.0,2.0,1.2381473604583908
2,8262,1.0,2.0,0.9114872318160955
2,8263,1.0,2.0,0.21437537441383964
2,8264,1.0,2.0,1.4892735199923062
2,8265,1.0,2.0,1.1912212843874008
2,8266,1.0,2.0,1.6549007002388834
2,8267,1.0,2.0,1.4161140292075158
2,8268,1.0,2.0,0.98767344908899
2,8269,1.0,2.0,1.5810594669357971
2,8270,1.0,2.0,1.7882512001150868
2,8271,1.0,2.0,1.0414617635263657
2,8272,1.0,2.0,1.4793387944815886
2,8273,1.0,2.0,0.5822963308747943
2,8274,1.0,2.0,0.21067120081024776
2,8275,1.0,2.0,1.3787671778177297
2,8276,1.0,2.0,1.1716707277324716
2,8277,1.0,2.0,0.9974939755962946
2,8278,1.0,2.0,0.8594553038046592
2,8279,1.0,2.0,0.6099404252811503
2,8280,1.0,2.0,1.5080830594290062
2,8281,1.0,2.0,0.6360063557485062
2,8282,1.0,2.0,0.6065589816194075
2,8283,1.0,2.0,1.0474325465920709
2,8284,1.0,2.0,1.8289249798786473
2,8285,1.0,2.0,1.028344306500861
2,8286,1.0,2.0,0.8177655687097852
2,8287,1.0,2.0,0.7755810132224258
2,8288,1.0,2.0,1.47965144435277
2,8289,1.0,2.0,0.9601888702724001
2,8290,1.0,2.0,0.8901113833070069
2,8291,1.0,2.0,0.615642475794698
2,8292,1.0,2.0,1.1780837104908197
2,8293,1.0,2.0,1.406157569312895
2,8294,1.0,2.0,1.475802807654822
2,8295,1.0,2.0,1.6552016369215985
2,8296,1.0,2.0,0.7014160287313859
2,8297,1.0,2.0,1.2081250452735446
2,8298,1.0,2.0,1.4738919062939824
2,8299,1.0,2.0,1.3660554730928345
2,8300,1.0,2.0,1.739437039880213
2,8301,1.0,2.0,0.2782842067320573
2,8302,1.0,2.0,0.7003707509860037
2,8303,1.0,2.0,0.9175823459699723
2,8304,1.0,2.0,1.646617076240784
2,8305,1.0,2.0,1.1868795481738887
2,8306,1.0,2.0,1.15156803779896
2,8307,1.0,2.0,1.4676398718347032
2,8308,1.0,2.0,0.6259543932734949
2,8309,1.0,2.0,1.651082900014468
2,8310,1.0,2.0,1.8090233349855815
2,8311,1.0,2.0,0.7280409757329503
2,8312,1.0,2.0,0.9963322976895901
2,8313,1.0,2.0,0.6826236382410288
2,8314,1.0,2.0,1.6706238695922107
2,8315,1.0,2.0,1.5030202002134245
2,8316,1.0,2.0,0.1795777123322383
2,8317,1.0,2.0,0.921908207593761
2,8318,1.0,2.0,1.0236434271946409
2,8319,1.0,2.0,1.4699599176665608
2,8320,1.0,2.0,0.33551141551318125
2,8321,1.0,2.0,1.2035093119007838
2,8322,1.0,2.0,1.3930199798086216
2,8323,1.0,2.0,0.9326782333498597
2,8324,1.0,2.0,1.1177815501975978
2,8325,1.0,2.0,1.3645341805668305
2,8326,1.0,2.0,1.813797457977774
2,8327,1.0,2.0,0.28271763177465037
2,8328,1.0,2.0,0.6516180003999071
2,8329,1.0,2.0,1.8564322335928185
2,8330,1.0,2.0,1.049799441717785
2,8331,1.0,2.0,1.0232592018575621
2,8332,1.0,2.0,0.3196316280263426
2,8333,1.0,2.0,1.3050072228048324
2,8334,1.0,2.0,1.6089740872078242
2,8335,1.0,2.0,0.7043394271761384
2,8336,1.0,2.0,0.8978743703938188
2,8337,1.0,2.0,0.2499303873779836
2,8338,1.0,2.0,0.31638603649363023
2,8339,1.0,2.0,0.891015602300968
2,8340,1.0,2.0,1.2263034813111982
2,8341,1.0,2.0,0.8035358850047704
2,8342,1.0,2.0,0.7771729144079176
2,8343,1.0,2.0,0.834633243518162
2,8344,1.0,2.0,0.9901493418752398
2,8345,1.0,2.0,0.8703356458007527
2,8346,1.0,2.0,0.7930975704260228
2,8347,1.0,2.0,0.9113738938669349
2,8348,1.0,2.0,0.310087065763491
2,8349,1.0,2.0,1.1788856847158793
2,8350,1.0,2.0,1.2677180561627779
2,8351,1.0,2.0,0.7209029435924229
2,8352,1.0,2.0,0.8793054760714238
2,8353,1.0,2.0,0.8815721649702138
2,8354,1.0,2.0,1.178527027982455
2,8355,1.0,2.0,1.1791666925237827
2,8356,1.0,2.0,1.2115302031273
2,8357,1.0,2.0,1.2758738702671666
2,8358,1.0,2.0,1.3167813705605353
2,8359,1.0,2.0,0.19285822702147376
2,8360,1.0,2.0,1.0033970526666982
2,8361,1.0,2.0,0.7406483773498242
2,8362,1.0,2.0,0.8545384304843637
2,8363,1.0,2.0,0.7994438055647133
2,8364,1.0,2.0,1.1968566286724025
2,8365,1.0,2.0,1.7621496212473162
2,8366,1.0,2.0,0.26591039730431926
2,8367,1.0,2.0,0.6908752227254259
2,8368,1.0,2.0,1.5933238728399381
2,8369,1.0,2.0,1.8542579425065484
2,8370,1.0,2.0,0.3933684391438356
2,8371,1.0,2.0,1.8302091354575751
2,8372,1.0,2.0,0.657085178212794
2,8373,1.0,2.0,1.7647114488875615
2,8374,1.0,2.0,1.1232066824362965
2,8375,1.0,2.0,0.25823200488519843
2,8376,1.0,2.0,0.47586273525496847
2,8377,1.0,2.0,1.1587390798753454
2,8378,1.0,2.0,1.2692385792109575
2,8379,1.0,2.0,1.5133491332328488
2,8380,1.0,2.0,0.6029596271118279
2,8381,1.0,2.0,0.5727188528256857
2,8382,1.0,2.0,1.5868733168387468
2,8383,1.0,2.0,0.749155634252877
2,8384,1.0,2.0,0.26011781294248226
2,8385,1.0,2.0,0.9805401643506058
2,8386,1.0,2.0,1.8128928996741482
2,8387,1.0,2.0,0.5253686736585094
2,8388,1.0,2.0,1.4210696381251593
2,8389,1.0,2.0,0.4930778316674296
2,8390,1.0,2.0,0.32875501425976184
2,8391,1.0,2.0,0.0527939802698139
2,8392,1.0,2.0,1.3003773051638565
2,8393,1.0,2.0,1.856083726377101
2,8394,1.0,2.0,1.4294646109865243
2,8395,1.0,2.0,0.8142239507497433
2,8396,1.0,2.0,0.36157401763936137
2,8397,1.0,2.0,0.4978443377061721
2,8398,1.0,2.0,0.6174262881035847
2,8399,1.0,2.0,1.8381388812247013
2,8400,1.0,2.0,1.7604870567392341
2,8401,1.0,2.0,1.0996283176258252
2,8402,1.0,2.0,0.7197694015596879
2,8403,1.0,2.0,0.6809913801218827
2,8404,1.0,2.0,1.408195952144575
2,8405,1.0,2.0,0.7267639133671937
2,8406,1.0,2.0,0.2843277507592471
2,8407,1.0,2.0,0.6419945329506215
2,8408,1.0,2.0,0.14926441531216098
2,8409,1.0,2.0,0.8582096205582692
2,8410,1.0,2.0,0.32618641497872325
2,8411,1.0,2.0,0.48568823251728394
2,8412,1.0,2.0,1.096989693714828
2,8413,1.0,2.0,1.0198526480001309
2,8414,1.0,2.0,0.5936894371220403
2,8415,1.0,2.0,1.7686267404245102
2,8416,1.0,2.0,0.4625764278983054
2,8417,1.0,2.0,1.1755001957538957
2,8418,1.0,2.0,1.227783063336477
2,8419,1.0,2.0,0.3348740025176923
2,8420,1.0,2.0,0.20499083126467868
2,8421,1.0,2.0,0.499857639837741
2,8422,1.0,2.0,0.2936310532844559
2,8423,1.0,2.0,0.9487355168403218
2,8424,1.0,2.0,0.10099347058055501
2,8425,1.0,2.0,1.1708775309990334
2,8426,1.0,2.0,1.5592830367928845
2,8427,1.0,2.0,0.9670745496340892
2,8428,1.0,2.0,1.2061035314511064
2,8429,1.0,2.0,0.8019841200924482
2,8430,1.0,2.0,0.5447365631699609
2,8431,1.0,2.0,0.9181559498735078
2,8432,1.0,2.0,0.8797029450895338
2,8433,1.0,2.0,0.6721895911127815
2,8434,1.0,2.0,1.2071967143239077
2,8435,1.0,2.0,0.3498712142528507
2,8436,1.0,2.0,1.2971055873662425
2,8437,1.0,2.0,1.1263720930627836
2,8438,1.0,2.0,0.5738007253806828
2,8439,1.0,2.0,1.134086939761072
2,8440,1.0,2.0,0.4378621575387049
2,8441,1.0,2.0,1.4550866310123913
2,8442,1.0,2.0,0.8547405957786637
2,8443,1.0,2.0,1.3124380239155373
2,8444,1.0,2.0,0.9649023270897764
2,8445,1.0,2.0,1.1923903235321802
2,8446,1.0,2.0,1.3008255765523546
2,8447,1.0,2.0,1.6093200670287773
2,8448,1.0,2.0,0.5110936803078746
2,8449,1.0,2.0,1.004519122361975
2,8450,1.0,2.0,0.599181003561734
2,8451,1.0,2.0,1.0905075294119633
2,8452,1.0,2.0,1.3932212845906817
2,8453,1.0,2.0,0.932663042052549
2,8454,1.0,2.0,1.5272498780191668
2,8455,1.0,2.0,1.0058888935453685
2,8456,1.0,2.0,1.2899947936109977
2,8457,1.0,2.0,0.7337812908330904
2,8458,1.0,2.0,0.6841336969558398
2,8459,1.0,2.0,1.6236927596836617
2,8460,1.0,2.0,0.8374380721582126
2,8461,1.0,2.0,0.8727072948924569
2,8462,1.0,2.0,1.3637326556654887
2,8463,1.0,2.0,1.1572774091855518
2,8464,1.0,2.0,1.2400624899463224
2,8465,1.0,2.0,0.9991021580010179
2,8466,1.0,2.0,0.5547794372892315
2,8467,1.0,2.0,1.280965870142725
2,8468,1.0,2.0,1.7598180232193568
2,8469,1.0,2.0,1.2504346057977478
2,8470,1.0,2.0,0.31968874771214073
2,8471,1.0,2.0,1.7866598409052812
2,8472,1.0,2.0,1.7474620174792308
2,8473,1.0,2.0,1.3196332307115914
2,8474,1.0,2.0,0.8273023960156031
2,8475,1.0,2.0,1.5631008604421348
2,8476,1.0,2.0,0.5356939522525671
2,8477,1.0,2.0,1.1567093942839786
2,8478,1.0,2.0,0.18177207532042447
2,8479,1.0,2.0,1.0617579232855159
2,8480,1.0,2.0,0.3687233170965402
2,8481,1.0,2.0,0.6041887920613582
2,8482,1.0,2.0,1.1602980873394029
2,8483,1.0,2.0,0.7126590574062109
2,8484,1.0,2.0,0.9491644437373298
2,8485,1.0,2.0,1.0453772218813955
2,8486,1.0,2.0,0.3481753020465877
2,8487,1.0,2.0,0.886688916687533
2,8488,1.0,2.0,0.7017031103944432
2,8489,1.0,2.0,0.5116976638758092
2,8490,1.0,2.0,0.45867838920454235
2,8491,1.0,2.0,0.8757627321363602
2,8492,1.0,2.0,1.0371778955209578
2,8493,1.0,2.0,0.3027547860388473
2,8494,1.0,2.0,1.0192178472557734
2,8495,1.0,2.0,0.4772316462193966
2,8496,1.0,2.0,1.5983969790997719
2,8497,1.0,2.0,1.3934374229772817
2,8498,1.0,2.0,0.8226952611975138
2,8499,1.0,2.0,1.253918935139966
2,8500,1.0,2.0,1.0194708632496443
2,8501,1.0,2.0,1.6980755774699539
2,8502,1.0,2.0,1.3737375571541786
2,8503,1.0,2.0,0.5650080547892125
2,8504,1.0,2.0,1.302855627165291
2,8505,1.0,2.0,0.5765553336806918
2,8506,1.0,2.0,0.8364809337635629
2,8507,1.0,2.0,1.6201867826390983
2,8508,1.0,2.0,1.4971137973004471
2,8509,1.0,2.0,0.32956250979962154
2,8510,1.0,2.0,0.16305105181199855
2,8511,1.0,2.0,1.779563266199304
2,8512,1.0,2.0,1.9009965287065755
2,8513,1.0,2.0,1.7098779855275923
2,8514,1.0,2.0,1.4722178824761205
2,8515,1.0,2.0,0.7706472959029205
2,8516,1.0,2.0,1.6262985707339719
2,8517,1.0,2.0,0.536326502596071
2,8518,1.0,2.0,1.1182334630645683
2,8519,1.0,2.0,0.43605644217268813
2,8520,1.0,2.0,0.5858243818442161
2,8521,1.0,2.0,0.32122792565599956
2,8522,1.0,2.0,1.6556430845058452
2,8523,1.0,2.0,1.3694637860109653
2,8524,1.0,2.0,1.1829787442088986
2,8525,1.0,2.0,0.7355115830157746
2,8526,1.0,2.0,0.7995228584105485
2,8527,1.0,2.0,1.5160880463900501
2,8528,1.0,2.0,0.4250818932425376
2,8529,1.0,2.0,1.2360954721337132
2,8530,1.0,2.0,0.6297865616436088
2,8531,1.0,2.0,0.728125140986308
2,8532,1.0,2.0,1.096630568411419
2,8533,1.0,2.0,1.8736009418914046
2,8534,1.0,2.0,0.7736045338322571
2,8535,1.0,2.0,1.8778419673496956
2,8536,1.0,2.0,0.8764472015728069
2,8537,1.0,2.0,0.9206556098633054
2,8538,1.0,2.0,1.552655218230021
2,8539,1.0,2.0,1.1586162439566297
2,8540,1.0,2.0,1.9373096201134974
2,8541,1.0,2.0,0.3959053922345548
2,8542,1.0,2.0,1.7261868637687394
2,8543,1.0,2.0,1.3446819775413341
2,8544,1.0,2.0,0.5772304843522735
2,8545,1.0,2.0,1.2741549478047045
2,8546,1.0,2.0,0.5415606171432601
2,8547,1.0,2.0,1.1196616472950107
2,8548,1.0,2.0,1.4122970392915428
2,8549,1.0,2.0,1.3781014225785837
2,8550,1.0,2.0,1.666446911803893
2,8551,1.0,2.0,0.9837063531988546
2,8552,1.0,2.0,0.3602840611826261
2,8553,1.0,2.0,1.295063935310158
2,8554,1.0,2.0,0.3331009694388433
2,8555,1.0,2.0,1.7937098207281021
2,8556,1.0,2.0,1.5505775096227925
2,8557,1.0,2.0,1.0094204753513003
2,8558,1.0,2.0,0.8834977196849884
2,8559,1.0,2.0,0.8173609288599669
2,8560,1.0,2.0,0.9549115812122639
2,8561,1.0,2.0,0.9670761668515446
2,8562,1.0,2.0,1.9492235125551696
2,8563,1.0,2.0,1.0495072032403143
2,8564,1.0,2.0,0.8728243862888612
2,8565,1.0,2.0,1.4952407846923568
2,8566,1.0,2.0,1.0969861882049878
2,8567,1.0,2.0,1.2762506929230621
2,8568,1.0,2.0,0.5852798061200094
2,8569,1.0,2.0,1.0099424740576737
2,8570,1.0,2.0,0.9539781962678594
2,8571,1.0,2.0,0.5496921071588836
2,8572,1.0,2.0,0.8524962610412656
2,8573,1.0,2.0,1.0267721763047666
2,8574,1.0,2.0,0.754104949570942
2,8575,1.0,2.0,0.584038710642791
2,8576,1.0,2.0,0.9998082680181621
2,8577,1.0,2.0,1.1060653425742002
2,8578,1.0,2.0,0.7938154457161631
2,8579,1.0,2.0,1.2190131112485334
2,8580,1.0,2.0,0.2681646914120189
2,8581,1.0,2.0,1.5219144552422188
2,8582,1.0,2.0,1.3107304104853112
2,8583,1.0,2.0,0.513320968703831
2,8584,1.0,2.0,0.9416676430041178
2,8585,1.0,2.0,0.361560010216682
2,8586,1.0,2.0,0.7147175991180835
2,8587,1.0,2.0,1.611890722095575
2,8588,1.0,2.0,1.626016683035869
2,8589,1.0,2.0,1.6661583723304851
2,8590,1.0,2.0,0.556161196836922
2,8591,1.0,2.0,1.2717962513723684
2,8592,1.0,2.0,0.40589791575325584
2,8593,1.0,2.0,0.836102003195867
2,8594,1.0,2.0,1.0603193416567815
2,8595,1.0,2.0,1.225539363637528
2,8596,1.0,2.0,1.4448472031927093
2,8597,1.0,2.0,0.2499371706563653
2,8598,1.0,2.0,1.0974272500715632
2,8599,1.0,2.0,1.2092638647977703
2,8600,1.0,2.0,1.1210462142772282
2,8601,1.0,2.0,1.6085903713096
2,8602,1.0,2.0,0.31631298999026025
2,8603,1.0,2.0,1.989673300583789
2,8604,1.0,2.0,1.591691290058667
2,8605,1.0,2.0,1.5745584197833304
2,8606,1.0,2.0,0.893874419640995
2,8607,1.0,2.0,1.0307839633413858
2,8608,1.0,2.0,1.682825639698577
2,8609,1.0,2.0,1.2377992907493849
2,8610,1.0,2.0,1.4252187396312412
2,8611,1.0,2.0,0.7046619213745234
2,8612,1.0,2.0,0.5880161663217272
2,8613,1.0,2.0,0.11720521550724251
2,8614,1.0,2.0,0.6083005900013552
2,8615,1.0,2.0,0.3600507502723897
2,8616,1.0,2.0,1.4951590168069664
2,8617,1.0,2.0,1.5413149073422623
2,8618,1.0,2.0,1.0131923332991093
2,8619,1.0,2.0,1.2636827437305502
2,8620,1.0,2.0,0.30528281459736667
2,8621,1.0,2.0,1.1190301495865698
2,8622,1.0,2.0,0.6288790597568085
2,8623,1.0,2.0,1.7470203247766602
2,8624,1.0,2.0,1.116714480083938
2,8625,1.0,2.0,1.6548750687693425
2,8626,1.0,2.0,0.21904532034442042
2,8627,1.0,2.0,1.3759082820549176
2,8628,1.0,2.0,1.225214950315993
2,8629,1.0,2.0,0.9341671329182752
2,8630,1.0,2.0,1.0487991150118692
2,8631,1.0,2.0,0.9405221064625632
2,8632,1.0,2.0,1.4631923390146127
2,8633,1.0,2.0,0.8596063649725051
2,8634,1.0,2.0,0.6156272215132595
2,8635,1.0,2.0,0.8659162620588591
2,8636,1.0,2.0,0.5473818617446542
2,8637,1.0,2.0,1.7181569079519305
2,8638,1.0,2.0,0.9354102039150954
2,8639,1.0,2.0,1.0294578837915793
2,8640,1.0,2.0,1.3442965135204306
2,8641,1.0,2.0,0.7644384100176479
2,8642,1.0,2.0,0.7416811816838506
2,8643,1.0,2.0,0.9282133725101607
2,8644,1.0,2.0,0.8519259745663439
2,8645,1.0,2.0,0.6223094394986664
2,8646,1.0,2.0,1.058631017060405
2,8647,1.0,2.0,0.8840537504866389
2,8648,1.0,2.0,0.8621643255552407
2,8649,1.0,2.0,0.7747809100498415
2,8650,1.0,2.0,0.5619394713005865
2,8651,1.0,2.0,0.5521907964697311
2,8652,1.0,2.0,0.3463995582847288
2,8653,1.0,2.0,1.5064744832845063
2,8654,1.0,2.0,0.16761021722230104
2,8655,1.0,2.0,0.9332680385700436
2,8656,1.0,2.0,1.017221405630818
2,8657,1.0,2.0,0.7277740587415604
2,8658,1.0,2.0,0.5607042273125377
2,8659,1.0,2.0,1.1729989938051895
2,8660,1.0,2.0,0.8052726435390157
2,8661,1.0,2.0,0.5698737709011232
2,8662,1.0,2.0,0.6387575652426918
2,8663,1.0,2.0,0.687077988719211
2,8664,1.0,2.0,1.127668593662282
2,8665,1.0,2.0,0.8423531754231435
2,8666,1.0,2.0,0.8224342033223768
2,8667,1.0,2.0,0.8653041797195022
2,8668,1.0,2.0,1.2159403326611797
2,8669,1.0,2.0,0.058848131855904526
2,8670,1.0,2.0,0.21729165169241335
2,8671,1.0,2.0,0.43309097267187313
2,8672,1.0,2.0,0.8692704379801521
2,8673,1.0,2.0,0.5408625393318903
2,8674,1.0,2.0,1.180154754819881
2,8675,1.0,2.0,0.5511752868003066
2,8676,1.0,2.0,1.3115819025039843
2,8677,1.0,2.0,1.6677131572662311
2,8678,1.0,2.0,1.0019519067836007
2,8679,1.0,2.0,1.121030402119675
2,8680,1.0,2.0,1.56323490020897
2,8681,1.0,2.0,1.5121689837679353
2,8682,1.0,2.0,0.9714418126547321
2,8683,1.0,2.0,1.3689591808811339
2,8684,1.0,2.0,1.2663392776561135
2,8685,1.0,2.0,0.19285720806359874
2,8686,1.0,2.0,0.8156824851083017
2,8687,1.0,2.0,0.7082751310151358
2,8688,1.0,2.0,0.5104736180783029
2,8689,1.0,2.0,1.2954339873509655
2,8690,1.0,2.0,1.5291596258592717
2,8691,1.0,2.0,0.5338100886098506
2,8692,1.0,2.0,1.188121792112545
2,8693,1.0,2.0,0.21516829404669965
2,8694,1.0,2.0,0.6955540018555986
2,8695,1.0,2.0,0.6922851624633678
2,8696,1.0,2.0,1.3747470524850782
2,8697,1.0,2.0,0.6251841164996971
2,8698,1.0,2.0,0.1946499931253943
2,8699,1.0,2.0,0.7124214396850462
2,8700,1.0,2.0,0.5335667877206243
2,8701,1.0,2.0,0.6203423798733596
2,8702,1.0,2.0,0.6369118755020885
2,8703,1.0,2.0,1.5861819128446735
2,8704,1.0,2.0,1.329472570605362
2,8705,1.0,2.0,0.6877448803380672
2,8706,1.0,2.0,1.5131662218120217
2,8707,1.0,2.0,1.069044745415543
2,8708,1.0,2.0,0.6879557224950235
2,8709,1.0,2.0,1.731777953472042
2,8710,1.0,2.0,1.427515225249437
2,8711,1.0,2.0,1.319137517700292
2,8712,1.0,2.0,1.888835672691198
2,8713,1.0,2.0,0.5678771686763988
2,8714,1.0,2.0,0.34565349816211105
2,8715,1.0,2.0,1.5834773418772268
2,8716,1.0,2.0,1.1607109757788618
2,8717,1.0,2.0,1.448410410718881
2,8718,1.0,2.0,0.8071974733913494
2,8719,1.0,2.0,0.7724889475273996
2,8720,1.0,2.0,1.5108115796704569
2,8721,1.0,2.0,0.7012668877090855
2,8722,1.0,2.0,0.540708040939067
2,8723,1.0,2.0,1.0554021159308498
2,8724,1.0,2.0,0.6067483919754972
2,8725,1.0,2.0,1.5079126542428705
2,8726,1.0,2.0,1.1052981235915813
2,8727,1.0,2.0,1.0051553559811537
2,8728,1.0,2.0,0.48819121611690103
2,8729,1.0,2.0,0.6698322686812908
2,8730,1.0,2.0,1.1861537465250072
2,8731,1.0,2.0,0.26817470759072715
2,8732,1.0,2.0,0.848574924050474
2,8733,1.0,2.0,1.2252066223178621
2,8734,1.0,2.0,1.7945769402786254
2,8735,1.0,2.0,0.4439493068830286
2,8736,1.0,2.0,0.9594758213462914
2,8737,1.0,2.0,0.5703626338643218
2,8738,1.0,2.0,0.46658710043788115
2,8739,1.0,2.0,1.4457039841818353
2,8740,1.0,2.0,0.6262783651018892
2,8741,1.0,2.0,1.3657029033928305
2,8742,1.0,2.0,0.5107747865236285
2,8743,1.0,2.0,0.8572837459635871
2,8744,1.0,2.0,1.3146663862849994
2,8745,1.0,2.0,1.0965720725192616
2,8746,1.0,2.0,1.0408706546147333
2,8747,1.0,2.0,0.4890178444698795
2,8748,1.0,2.0,0.5665422564964434
2,8749,1.0,2.0,1.6182081100890755
2,8750,1.0,2.0,1.0401943138362388
2,8751,1.0,2.0,1.5373123270589322
2,8752,1.0,2.0,0.8372274064332705
2,8753,1.0,2.0,1.1263855737419095
2,8754,1.0,2.0,1.0034335306683446
2,8755,1.0,2.0,0.7392590058653282
2,8756,1.0,2.0,0.5384556167044674
2,8757,1.0,2.0,1.6698810252131802
2,8758,1.0,2.0,1.4630486437448305
2,8759,1.0,2.0,1.5455704922050724
2,8760,1.0,2.0,1.4207475606842972
2,8761,1.0,2.0,1.533385229510093
2,8762,1.0,2.0,0.49353972738553104
2,8763,1.0,2.0,1.523392177527523
2,8764,1.0,2.0,0.6850717260516432
2,8765,1.0,2.0,1.6368308966019347
2,8766,1.0,2.0,0.6921762538382072
2,8767,1.0,2.0,1.1586144324505665
2,8768,1.0,2.0,1.4431718626259853
2,8769,1.0,2.0,1.239334124255477
2,8770,1.0,2.0,1.4580107986618405
2,8771,1.0,2.0,0.6219743079621525
2,8772,1.0,2.0,1.5439294004055537
2,8773,1.0,2.0,1.5040640092755277
2,8774,1.0,2.0,1.1854031766831525
2,8775,1.0,2.0,1.1493854513419817
2,8776,1.0,2.0,0.8712888795225361
2,8777,1.0,2.0,0.8691459308873516
2,8778,1.0,2.0,0.48158529807293554
2,8779,1.0,2.0,1.668577891935057
2,8780,1.0,2.0,0.5916225681007108
2,8781,1.0,2.0,1.2859591826892882
2,8782,1.0,2.0,0.3264408782043527
2,8783,1.0,2.0,0.36772194407885717
2,8784,1.0,2.0,0.11384299238553056
2,8785,1.0,2.0,1.6462633852344133
2,8786,1.0,2.0,0.5283692628796907
2,8787,1.0,2.0,1.0956082167406103
2,8788,1.0,2.0,0.8839763783393656
2,8789,1.0,2.0,0.8495260639574624
2,8790,1.0,2.0,1.2736676923133683
2,8791,1.0,2.0,0.5024030308363774
2,8792,1.0,2.0,1.1239195212983126
2,8793,1.0,2.0,1.9604638803521572
2,8794,1.0,2.0,0.6401939234266966
2,8795,1.0,2.0,0.8053179280647736
2,8796,1.0,2.0,1.7727981450908386
2,8797,1.0,2.0,0.6449103276460507
2,8798,1.0,2.0,0.6148476400889884
2,8799,1.0,2.0,0.716676586958627
2,8800,1.0,2.0,0.7512191631253231
2,8801,1.0,2.0,1.4244435775525832
2,8802,1.0,2.0,0.3526265871021107
2,8803,1.0,2.0,0.6962156479206868
2,8804,1.0,2.0,1.316458052585399
2,8805,1.0,2.0,1.658590074066861
2,8806,1.0,2.0,1.3817239985718803
2,8807,1.0,2.0,1.6228291093128056
2,8808,1.0,2.0,0.6506168219327885
2,8809,1.0,2.0,0.47501618648217653
2,8810,1.0,2.0,1.7997622321129239
2,8811,1.0,2.0,0.5024706711636059
2,8812,1.0,2.0,0.20824504090288581
2,8813,1.0,2.0,1.1954821042650319
2,8814,1.0,2.0,0.5949655283098643
2,8815,1.0,2.0,0.6453909473063353
2,8816,1.0,2.0,0.7223927781140997
2,8817,1.0,2.0,1.4555745757585195
2,8818,1.0,2.0,0.08105759515228587
2,8819,1.0,2.0,0.4607441390168265
2,8820,1.0,2.0,1.3226439877179157
2,8821,1.0,2.0,0.9569786809414274
2,8822,1.0,2.0,1.534666312892229
2,8823,1.0,2.0,0.15256608494804563
2,8824,1.0,2.0,0.848473692308024
2,8825,1.0,2.0,0.5488891380916285
2,8826,1.0,2.0,0.380050729643054
2,8827,1.0,2.0,1.4145728375346471
2,8828,1.0,2.0,1.0244209444852295
2,8829,1.0,2.0,1.2395972936805517
2,8830,1.0,2.0,0.09252879835905621
2,8831,1.0,2.0,0.5055861350677483
2,8832,1.0,2.0,0.6428973674214452
2,8833,1.0,2.0,1.6953727935962981
2,8834,1.0,2.0,1.1423419230429923
2,8835,1.0,2.0,0.5640863313283253
2,8836,1.0,2.0,0.791640993658569
2,8837,1.0,2.0,1.5832641530959262
2,8838,1.0,2.0,0.5190445052084496
2,8839,1.0,2.0,0.31911089729318115
2,8840,1.0,2.0,1.164446693549864
2,8841,1.0,2.0,1.1952828109332096
2,8842,1.0,2.0,1.6036721752858503
2,8843,1.0,2.0,0.5753037486084411
2,8844,1.0,2.0,0.7122041728028993
2,8845,1.0,2.0,1.802562576654394
2,8846,1.0,2.0,0.6970475775757695
2,8847,1.0,2.0,1.5157695259800654
2,8848,1.0,2.0,0.3821952257974029
2,8849,1.0,2.0,0.6600978923817826
2,8850,1.0,2.0,1.0146536125107546
2,8851,1.0,2.0,1.0269015348560693
2,8852,1.0,2.0,1.3169006043193783
2,8853,1.0,2.0,1.5872750964639457
2,8854,1.0,2.0,0.8351347646098634
2,8855,1.0,2.0,0.2783528716256222
2,8856,1.0,2.0,1.595993598338202
2,8857,1.0,2.0,1.3104158111875002
2,8858,1.0,2.0,0.7377556666188161
2,8859,1.0,2.0,0.9258580530988789
2,8860,1.0,2.0,1.9078691078394814
2,8861,1.0,2.0,1.3579371121855957
2,8862,1.0,2.0,0.6064739329786311
2,8863,1.0,2.0,0.9399269795341826
2,8864,1.0,2.0,1.0838544721339884
2,8865,1.0,2.0,0.2738352881825492
2,8866,1.0,2.0,1.3487843538297044
2,8867,1.0,2.0,1.6150981913329059
2,8868,1.0,2.0,1.1754285121493648
2,8869,1.0,2.0,0.5431330411653583
2,8870,1.0,2.0,1.7058365106144728
2,8871,1.0,2.0,0.4124486777905266
2,8872,1.0,2.0,0.597467131154601
2,8873,1.0,2.0,0.7517830263038363
2,8874,1.0,2.0,1.3912498851646262
2,8875,1.0,2.0,0.32934505490057675
2,8876,1.0,2.0,0.8050369853104326
2,8877,1.0,2.0,1.485480858541583
2,8878,1.0,2.0,0.5154313270681911
2,8879,1.0,2.0,1.651996726871813
2,8880,1.0,2.0,0.4582536754198588
2,8881,1.0,2.0,1.041573842155096
2,8882,1.0,2.0,0.43031042619843113
2,8883,1.0,2.0,1.0426572947483796
2,8884,1.0,2.0,1.534164168833859
2,8885,1.0,2.0,0.45166826185621806
2,8886,1.0,2.0,0.4132182455657629
2,8887,1.0,2.0,0.524726977227465
2,8888,1.0,2.0,0.6063080320642118
2,8889,1.0,2.0,1.3862497663360531
2,8890,1.0,2.0,0.37806842496612275
2,8891,1.0,2.0,0.777732131388962
2,8892,1.0,2.0,1.4652020540647075
2,8893,1.0,2.0,0.9315707170860825
2,8894,1.0,2.0,1.0916662031252968
2,8895,1.0,2.0,1.3329000049962525
2,8896,1.0,2.0,0.900602328908341
2,8897,1.0,2.0,0.12899769557314372
2,8898,1.0,2.0,0.7449587665953119
2,8899,1.0,2.0,1.4997952454176255
2,8900,1.0,2.0,0.7927551906964054
2,8901,1.0,2.0,1.2754134505795527
2,8902,1.0,2.0,0.4556349070624993
2,8903,1.0,2.0,0.8734260293629533
2,8904,1.0,2.0,0.9857104411954055
2,8905,1.0,2.0,0.9494312347952474
2,8906,1.0,2.0,0.3952304959512021
2,8907,1.0,2.0,0.3821649036876016
2,8908,1.0,2.0,1.2175286961957812
2,8909,1.0,2.0,1.2759998262243286
2,8910,1.0,2.0,0.6970333044175941
2,8911,1.0,2.0,1.295402589530839
2,8912,1.0,2.0,1.2842448753316846
2,8913,1.0,2.0,0.9043197177553453
2,8914,1.0,2.0,1.1781528416728284
2,8915,1.0,2.0,0.22047561301028645
2,8916,1.0,2.0,0.8491294845009918
2,8917,1.0,2.0,0.5650006196211216
2,8918,1.0,2.0,0.857626304495228
2,8919,1.0,2.0,1.1907782049444726
2,8920,1.0,2.0,1.2386099209587522
2,8921,1.0,2.0,1.4726457275185727
2,8922,1.0,2.0,1.1087493809426006
2,8923,1.0,2.0,1.219305088207822
2,8924,1.0,2.0,1.9215927872880476
2,8925,1.0,2.0,0.9478090026373645
2,8926,1.0,2.0,1.4809589025430676
2,8927,1.0,2.0,0.9408885808196389
2,8928,1.0,2.0,1.1038468976878315
2,8929,1.0,2.0,1.1174529691798472
2,8930,1.0,2.0,0.652900321922086
2,8931,1.0,2.0,1.126270147499833
2,8932,1.0,2.0,0.9212119546238622
2,8933,1.0,2.0,0.8102768609180736
2,8934,1.0,2.0,0.6584266785336291
2,8935,1.0,2.0,1.7792011818881335
2,8936,1.0,2.0,0.6281230304475078
2,8937,1.0,2.0,1.134509963332723
2,8938,1.0,2.0,0.9471446137398211
2,8939,1.0,2.0,1.7078231944928488
2,8940,1.0,2.0,1.0572172386029894
2,8941,1.0,2.0,0.6272161989872727
2,8942,1.0,2.0,1.054376261307679
2,8943,1.0,2.0,0.9266175949536326
2,8944,1.0,2.0,0.5134090806827315
2,8945,1.0,2.0,0.7878395388818166
2,8946,1.0,2.0,0.7946087389113003
2,8947,1.0,2.0,0.38305053226304564
2,8948,1.0,2.0,1.06342359975867
2,8949,1.0,2.0,0.7132652554020625
2,8950,1.0,2.0,1.7290139713745027
2,8951,1.0,2.0,1.0148952656868757
2,8952,1.0,2.0,1.0301045330327057
2,8953,1.0,2.0,1.2379143864239537
2,8954,1.0,2.0,0.5574811502723557
2,8955,1.0,2.0,1.519099204098456
2,8956,1.0,2.0,1.5733278972253169
2,8957,1.0,2.0,1.4444414925064684
2,8958,1.0,2.0,1.235092065504997
2,8959,1.0,2.0,0.6750748161591617
2,8960,1.0,2.0,1.165447719841366
2,8961,1.0,2.0,1.3606629239940617
2,8962,1.0,2.0,1.1149017247796582
2,8963,1.0,2.0,0.7359656846227535
2,8964,1.0,2.0,1.2531966922592486
2,8965,1.0,2.0,0.9933737112955819
2,8966,1.0,2.0,1.4051003221018221
2,8967,1.0,2.0,1.531191250080163
2,8968,1.0,2.0,0.7383132122649431
2,8969,1.0,2.0,1.1905632182568848
2,8970,1.0,2.0,0.24098798447773265
2,8971,1.0,2.0,0.8109659864909482
2,8972,1.0,2.0,0.38580050219940826
2,8973,1.0,2.0,0.3692058722199212
2,8974,1.0,2.0,1.3669331033877712
2,8975,1.0,2.0,0.6049255751753753
2,8976,1.0,2.0,0.3155106551741365
2,8977,1.0,2.0,0.6253469337936803
2,8978,1.0,2.0,0.5767895524445926
2,8979,1.0,2.0,1.404133012801688
2,8980,1.0,2.0,1.2635740797110697
2,8981,1.0,2.0,1.2012434560090766
2,8982,1.0,2.0,1.0620469909693973
2,8983,1.0,2.0,1.1552942117179326
2,8984,1.0,2.0,0.8099839951699571
2,8985,1.0,2.0,1.4371701460585
2,8986,1.0,2.0,1.6145639119650366
2,8987,1.0,2.0,0.40463348401815347
2,8988,1.0,2.0,1.1357199712049408
2,8989,1.0,2.0,0.8943197732059418
2,8990,1.0,2.0,1.0706341695581256
2,8991,1.0,2.0,0.6050203903176633
2,8992,1.0,2.0,1.1692384637013076
2,8993,1.0,2.0,0.7674710670323347
2,8994,1.0,2.0,0.6742566898725779
2,8995,1.0,2.0,0.7502777828824896
2,8996,1.0,2.0,1.3324240859417549
2,8997,1.0,2.0,1.1266870621875542
2,8998,1.0,2.0,0.9474508530073944
2,8999,1.0,2.0,1.1728889068496222
2,9000,1.0,2.0,1.0238739866709468
2,9001,1.0,2.0,0.6346360888570328
2,9002,1.0,2.0,0.8198656955944488
2,9003,1.0,2.0,1.2342459698210388
2,9004,1.0,2.0,0.35191467124069226
2,9005,1.0,2.0,1.462419300191518
2,9006,1.0,2.0,1.6438340230960435
2,9007,1.0,2.0,0.7115833793380459
2,9008,1.0,2.0,0.9246364851284056
2,9009,1.0,2.0,0.7649475867661917
2,9010,1.0,2.0,0.6643093051115594
2,9011,1.0,2.0,1.0239977771319118
2,9012,1.0,2.0,0.8147085014702963
2,9013,1.0,2.0,0.5459449762233232
2,9014,1.0,2.0,1.1914476465155404
2,9015,1.0,2.0,1.3439011589299859
2,9016,1.0,2.0,0.7572902471408068
2,9017,1.0,2.0,0.44879264988000317
2,9018,1.0,2.0,1.4327425978731902
2,9019,1.0,2.0,0.21453110140543463
2,9020,1.0,2.0,1.1930747256495802
2,9021,1.0,2.0,0.6567241131343119
2,9022,1.0,2.0,0.9589355693583922
2,9023,1.0,2.0,1.1147746493285249
2,9024,1.0,2.0,1.4164484908737398
2,9025,1.0,2.0,0.9601643460670702
2,9026,1.0,2.0,0.46416346052554447
2,9027,1.0,2.0,0.5141351253971301
2,9028,1.0,2.0,0.8163954233007149
2,9029,1.0,2.0,0.7975071202525751
2,9030,1.0,2.0,0.42065498216648656
2,9031,1.0,2.0,0.07541039888575836
2,9032,1.0,2.0,1.48409660632027
2,9033,1.0,2.0,1.7095634662681134
2,9034,1.0,2.0,1.434221308844951
2,9035,1.0,2.0,0.5887865147211864
2,9036,1.0,2.0,1.006428920353713
2,9037,1.0,2.0,0.9726421630405349
2,9038,1.0,2.0,0.6534794758505849
2,9039,1.0,2.0,0.8011279412352768
2,9040,1.0,2.0,0.859220642463479
2,9041,1.0,2.0,1.397296369391275
2,9042,1.0,2.0,0.5719938181694462
2,9043,1.0,2.0,0.8306955497172672
2,9044,1.0,2.0,1.3978904153157146
2,9045,1.0,2.0,1.4804732827336018
2,9046,1.0,2.0,1.0115034991127647
2,9047,1.0,2.0,0.8193702946878674
2,9048,1.0,2.0,0.5046483274543261
2,9049,1.0,2.0,1.1467846350229083
2,9050,1.0,2.0,1.0676225960570163
2,9051,1.0,2.0,0.39858925629491454
2,9052,1.0,2.0,1.118730658181053
2,9053,1.0,2.0,1.504395500925568
2,9054,1.0,2.0,1.5435278131407468
2,9055,1.0,2.0,0.9737174945563303
2,9056,1.0,2.0,0.08325219328062763
2,9057,1.0,2.0,0.7233409711616104
2,9058,1.0,2.0,0.48510475167420575
2,9059,1.0,2.0,1.5307198331337775
2,9060,1.0,2.0,1.1415875559483681
2,9061,1.0,2.0,1.8931866711398977
2,9062,1.0,2.0,0.9246959369834453
2,9063,1.0,2.0,0.6509035430056791
2,9064,1.0,2.0,1.6172927038987261
2,9065,1.0,2.0,0.46247199185251786
2,9066,1.0,2.0,1.29876878160011
2,9067,1.0,2.0,1.2024307890622439
2,9068,1.0,2.0,1.6004221035268675
2,9069,1.0,2.0,0.6034682225318188
2,9070,1.0,2.0,1.0488894234379516
2,9071,1.0,2.0,0.5479646792398817
2,9072,1.0,2.0,1.1874453551730353
2,9073,1.0,2.0,1.1674305832056895
2,9074,1.0,2.0,0.8652028480947654
2,9075,1.0,2.0,0.7949450951534935
2,9076,1.0,2.0,0.3853876039976752
2,9077,1.0,2.0,1.1020270043852087
2,9078,1.0,2.0,1.407189748593293
2,9079,1.0,2.0,1.2366027481579283
2,9080,1.0,2.0,1.1853604289725412
2,9081,1.0,2.0,0.8667735633171779
2,9082,1.0,2.0,0.9279222423027907
2,9083,1.0,2.0,0.6160819613263532
2,9084,1.0,2.0,1.7437698193278393
2,9085,1.0,2.0,1.0106219284743905
2,9086,1.0,2.0,0.45097872082028484
2,9087,1.0,2.0,1.511860790039309
2,9088,1.0,2.0,1.049307126079797
2,9089,1.0,2.0,0.9004245357952692
2,9090,1.0,2.0,0.568998816576587
2,9091,1.0,2.0,0.5719242719563564
2,9092,1.0,2.0,0.3424452637268152
2,9093,1.0,2.0,0.531312658581413
2,9094,1.0,2.0,0.6798063400713142
2,9095,1.0,2.0,1.9470069436692679
2,9096,1.0,2.0,0.8572387662940398
2,9097,1.0,2.0,1.565966572925836
2,9098,1.0,2.0,1.0477099037486197
2,9099,1.0,2.0,0.9527060136032716
2,9100,1.0,2.0,0.7668811866889821
2,9101,1.0,2.0,0.4275980098816774
2,9102,1.0,2.0,0.8410923108490107
2,9103,1.0,2.0,1.1021917959435408
2,9104,1.0,2.0,1.3810033134366444
2,9105,1.0,2.0,0.7373308638802163
2,9106,1.0,2.0,1.2890015120984115
2,9107,1.0,2.0,1.5923395109139071
2,9108,1.0,2.0,0.24407472697522684
2,9109,1.0,2.0,1.0483041834480673
2,9110,1.0,2.0,0.4443537938543888
2,9111,1.0,2.0,1.3809522014403686
2,9112,1.0,2.0,0.8151170881988042
2,9113,1.0,2.0,1.2076836911134046
2,9114,1.0,2.0,0.730721293211733
2,9115,1.0,2.0,0.26952406033398146
2,9116,1.0,2.0,0.19246058100474842
2,9117,1.0,2.0,0.8663404105818916
2,9118,1.0,2.0,0.6497810519941117
2,9119,1.0,2.0,1.3480190415206268
2,9120,1.0,2.0,0.8129281839836456
2,9121,1.0,2.0,0.8961253293967762
2,9122,1.0,2.0,0.5640079054443166
2,9123,1.0,2.0,1.5632681328347735
2,9124,1.0,2.0,1.2662813620347548
2,9125,1.0,2.0,1.139917344063746
2,9126,1.0,2.0,1.2357654560518134
2,9127,1.0,2.0,0.8896398231646621
2,9128,1.0,2.0,1.6711644974071256
2,9129,1.0,2.0,1.1979067394135237
2,9130,1.0,2.0,0.3434725581430521
2,9131,1.0,2.0,0.979219877250384
2,9132,1.0,2.0,1.058029590656378
2,9133,1.0,2.0,1.0957440450488982
2,9134,1.0,2.0,0.6908141968967065
2,9135,1.0,2.0,0.9545340605403683
2,9136,1.0,2.0,0.8980069969369021
2,9137,1.0,2.0,1.0792962068202736
2,9138,1.0,2.0,0.19128829240665107
2,9139,1.0,2.0,0.753642829724961
2,9140,1.0,2.0,0.2168909914477203
2,9141,1.0,2.0,0.05878437486592536
2,9142,1.0,2.0,1.418360683695707
2,9143,1.0,2.0,0.24165283985598118
2,9144,1.0,2.0,0.5582170555214757
2,9145,1.0,2.0,0.17955214787794813
2,9146,1.0,2.0,0.35266189384072993
2,9147,1.0,2.0,1.1100204522590822
2,9148,1.0,2.0,0.2517489942971295
2,9149,1.0,2.0,1.4310321169538187
2,9150,1.0,2.0,1.2212113837800054
2,9151,1.0,2.0,0.7665197907876807
2,9152,1.0,2.0,1.2990469582229593
2,9153,1.0,2.0,1.6914046114376107
2,9154,1.0,2.0,0.8588974049840025
2,9155,1.0,2.0,1.6393605637174635
2,9156,1.0,2.0,1.123426695659981
2,9157,1.0,2.0,0.7708487859401326
2,9158,1.0,2.0,1.3501224925884168
2,9159,1.0,2.0,0.5538289978933293
2,9160,1.0,2.0,0.5505796350521456
2,9161,1.0,2.0,0.7941737309543438
2,9162,1.0,2.0,1.653269333653991
2,9163,1.0,2.0,0.7985402802704095
2,9164,1.0,2.0,1.0801824591009512
2,9165,1.0,2.0,0.20494482089329547
2,9166,1.0,2.0,0.6016463878025431
2,9167,1.0,2.0,1.0160250888991613
2,9168,1.0,2.0,1.629118967327348
2,9169,1.0,2.0,0.807248189895711
2,9170,1.0,2.0,0.524391923885289
2,9171,1.0,2.0,0.1472467123545495
2,9172,1.0,2.0,1.1455170430662014
2,9173,1.0,2.0,1.5674621624061533
2,9174,1.0,2.0,1.6636879563280713
2,9175,1.0,2.0,0.9669491749579092
2,9176,1.0,2.0,0.6136216888279421
2,9177,1.0,2.0,0.949371882084386
2,9178,1.0,2.0,1.5668698797652085
2,9179,1.0,2.0,0.577074664970349
2,9180,1.0,2.0,0.8267970616677527
2,9181,1.0,2.0,0.8535090276680596
2,9182,1.0,2.0,0.7493771160152644
2,9183,1.0,2.0,0.6568860277873539
2,9184,1.0,2.0,1.2610322515739854
2,9185,1.0,2.0,0.23865270904890248
2,9186,1.0,2.0,0.794519556689303
2,9187,1.0,2.0,1.1274554405757369
2,9188,1.0,2.0,0.40810238436497676
2,9189,1.0,2.0,1.2458001387741433
2,9190,1.0,2.0,0.6653340815717368
2,9191,1.0,2.0,1.7164217536283761
2,9192,1.0,2.0,1.6882680443911844
2,9193,1.0,2.0,0.28134383554163134
2,9194,1.0,2.0,0.5468268803387087
2,9195,1.0,2.0,0.7572771174593305
2,9196,1.0,2.0,0.8674166365125046
2,9197,1.0,2.0,0.4524436468761727
2,9198,1.0,2.0,1.6007096819914877
2,9199,1.0,2.0,0.30330753894057916
2,9200,1.0,2.0,1.0776814909486097
2,9201,1.0,2.0,1.0534965567511545
2,9202,1.0,2.0,1.4220471302813318
2,9203,1.0,2.0,1.3590241820446565
2,9204,1.0,2.0,1.0100708956180753
2,9205,1.0,2.0,0.7567550654733174
2,9206,1.0,2.0,1.4063860099288834
2,9207,1.0,2.0,0.7649537534619827
2,9208,1.0,2.0,1.7135446819373632
2,9209,1.0,2.0,0.669753481651004
2,9210,1.0,2.0,1.0116670288012954
2,9211,1.0,2.0,0.8114654633595302
2,9212,1.0,2.0,0.7082986904568171
2,9213,1.0,2.0,1.8570798651447862
2,9214,1.0,2.0,1.892574716522546
2,9215,1.0,2.0,1.3424032684018168
2,9216,1.0,2.0,1.1015307938434247
2,9217,1.0,2.0,1.2482980509724846
2,9218,1.0,2.0,1.326806344748869
2,9219,1.0,2.0,0.30348897329708496
2,9220,1.0,2.0,1.2693228165512518
2,9221,1.0,2.0,0.39750428394089443
2,9222,1.0,2.0,0.5260159089602178
2,9223,1.0,2.0,0.2771396732956095
2,9224,1.0,2.0,0.7026765952128758
2,9225,1.0,2.0,0.4580737056266233
2,9226,1.0,2.0,1.0120590392161266
2,9227,1.0,2.0,0.9053437566605586
2,9228,1.0,2.0,1.422537228674619
2,9229,1.0,2.0,1.4436914864575603
2,9230,1.0,2.0,1.8787206766472084
2,9231,1.0,2.0,0.9852479364334572
2,9232,1.0,2.0,1.1446255023581844
2,9233,1.0,2.0,0.732425599871828
2,9234,1.0,2.0,0.9780935732300667
2,9235,1.0,2.0,1.3393388614686748
2,9236,1.0,2.0,0.1240162078535882
2,9237,1.0,2.0,0.42640781532809274
2,9238,1.0,2.0,1.2590368714570563
2,9239,1.0,2.0,0.7800671546849057
2,9240,1.0,2.0,0.778783248178143
2,9241,1.0,2.0,0.7737697458342913
2,9242,1.0,2.0,1.419333870792113
2,9243,1.0,2.0,0.6177269263329407
2,9244,1.0,2.0,1.5437754915064144
2,9245,1.0,2.0,1.3656955377760138
2,9246,1.0,2.0,1.1213097203861282
2,9247,1.0,2.0,0.8568228677223397
2,9248,1.0,2.0,1.0394272479120081
2,9249,1.0,2.0,0.6342224470061394
2,9250,1.0,2.0,1.139257033796083
2,9251,1.0,2.0,1.945024686720844
2,9252,1.0,2.0,0.3082051281612046
2,9253,1.0,2.0,0.32540717283067017
2,9254,1.0,2.0,1.263217660479696
2,9255,1.0,2.0,1.1693736311949485
2,9256,1.0,2.0,0.6814217906890729
2,9257,1.0,2.0,0.8810973662431443
2,9258,1.0,2.0,1.6485372275465682
2,9259,1.0,2.0,1.0374469286943724
2,9260,1.0,2.0,0.5128570785234489
2,9261,1.0,2.0,0.7036070259908559
2,9262,1.0,2.0,1.1215178037291684
2,9263,1.0,2.0,0.879350667481482
2,9264,1.0,2.0,0.8424077169397789
2,9265,1.0,2.0,1.302689834961952
2,9266,1.0,2.0,0.5293244903996923
2,9267,1.0,2.0,1.535873846685183
2,9268,1.0,2.0,0.42674001385420846
2,9269,1.0,2.0,0.9952668507078546
2,9270,1.0,2.0,1.4163843717270004
2,9271,1.0,2.0,0.698036782266215
2,9272,1.0,2.0,1.272165839275206
2,9273,1.0,2.0,0.8567311297653692
2,9274,1.0,2.0,0.5459026440893691
2,9275,1.0,2.0,1.6026916291698006
2,9276,1.0,2.0,1.47440967418592
2,9277,1.0,2.0,0.4510840917605146
2,9278,1.0,2.0,1.2488785442600108
2,9279,1.0,2.0,0.9958994398402166
2,9280,1.0,2.0,0.7984482917546725
2,9281,1.0,2.0,1.61380044885889
2,9282,1.0,2.0,0.6423910951473953
2,9283,1.0,2.0,0.272041190440536
2,9284,1.0,2.0,0.5759321689149255
2,9285,1.0,2.0,1.6004951465411104
2,9286,1.0,2.0,1.1086777099100602
2,9287,1.0,2.0,0.9959235121532152
2,9288,1.0,2.0,0.8420699100546568
2,9289,1.0,2.0,0.8782072296078299
2,9290,1.0,2.0,1.201621377922421
2,9291,1.0,2.0,1.4196662284506179
2,9292,1.0,2.0,1.1894339960222906
2,9293,1.0,2.0,0.8279358935906539
2,9294,1.0,2.0,0.3942661967186118
2,9295,1.0,2.0,1.7577458839155942
2,9296,1.0,2.0,1.6156919174834132
2,9297,1.0,2.0,1.6407874137597123
2,9298,1.0,2.0,1.1026702931950014
2,9299,1.0,2.0,1.7248441739072542
2,9300,1.0,2.0,0.5982285607858896
2,9301,1.0,2.0,0.48923383771619755
2,9302,1.0,2.0,0.46831041717054617
2,9303,1.0,2.0,1.0339698604395302
2,9304,1.0,2.0,0.38994561874159206
2,9305,1.0,2.0,1.647180867990015
2,9306,1.0,2.0,1.24562852830697
2,9307,1.0,2.0,1.382477143758121
2,9308,1.0,2.0,0.970244840578108
2,9309,1.0,2.0,0.8132886840286863
2,9310,1.0,2.0,0.3991000603197874
2,9311,1.0,2.0,1.3404882565728582
2,9312,1.0,2.0,0.7475109086758212
2,9313,1.0,2.0,0.9340654450992357
2,9314,1.0,2.0,0.4023595592541593
2,9315,1.0,2.0,0.8713657297866533
2,9316,1.0,2.0,0.9353450257359219
2,9317,1.0,2.0,0.27054930742457173
2,9318,1.0,2.0,0.963132475775283
2,9319,1.0,2.0,0.5599088999648376
2,9320,1.0,2.0,0.9407146000293407
2,9321,1.0,2.0,1.4260592798785416
2,9322,1.0,2.0,1.2344887925360513
2,9323,1.0,2.0,0.5065152870205127
2,9324,1.0,2.0,1.0008991816093515
2,9325,1.0,2.0,1.4314738531457465
2,9326,1.0,2.0,1.7742624048150573
2,9327,1.0,2.0,1.1668136868517325
2,9328,1.0,2.0,0.9111853126052137
2,9329,1.0,2.0,0.7791160669900267
2,9330,1.0,2.0,0.9521079918092731
2,9331,1.0,2.0,0.3032032554275965
2,9332,1.0,2.0,1.253861575309411
2,9333,1.0,2.0,1.8766706150584518
2,9334,1.0,2.0,1.4892017739882824
2,9335,1.0,2.0,0.7237448528800556
2,9336,1.0,2.0,0.5263661104605193
2,9337,1.0,2.0,0.22864741580618697
2,9338,1.0,2.0,1.0737086270505796
2,9339,1.0,2.0,1.059364067833662
2,9340,1.0,2.0,0.9010936782753974
2,9341,1.0,2.0,1.4514722402096225
2,9342,1.0,2.0,0.40777462031716033
2,9343,1.0,2.0,0.27023992382078216
2,9344,1.0,2.0,1.0783128622028917
2,9345,1.0,2.0,1.8444764047403936
2,9346,1.0,2.0,1.2463309891465477
2,9347,1.0,2.0,1.0607577086109137
2,9348,1.0,2.0,0.97693196838811
2,9349,1.0,2.0,1.27513965394851
2,9350,1.0,2.0,0.88902589337707
2,9351,1.0,2.0,0.5469119744663734
2,9352,1.0,2.0,0.4475504943712653
2,9353,1.0,2.0,1.689013043570025
2,9354,1.0,2.0,0.9898293051627008
2,9355,1.0,2.0,0.9912362839924674
2,9356,1.0,2.0,1.131942239636409
2,9357,1.0,2.0,0.47158542504580186
2,9358,1.0,2.0,1.3577909383100017
2,9359,1.0,2.0,1.2179809754328434
2,9360,1.0,2.0,1.34352298509227
2,9361,1.0,2.0,1.5056458108469788
2,9362,1.0,2.0,1.5218419500601947
2,9363,1.0,2.0,1.635094034008724
2,9364,1.0,2.0,1.116876632826028
2,9365,1.0,2.0,1.035969885102587
2,9366,1.0,2.0,0.6677547717916813
2,9367,1.0,2.0,1.4312090878390211
2,9368,1.0,2.0,1.2392728579578725
2,9369,1.0,2.0,0.6977427565328962
2,9370,1.0,2.0,0.3744232641262933
2,9371,1.0,2.0,0.8414343306532468
2,9372,1.0,2.0,0.870140551765641
2,9373,1.0,2.0,0.7586097895992202
2,9374,1.0,2.0,1.8186641476609626
2,9375,1.0,2.0,1.1983518448117743
2,9376,1.0,2.0,0.33816282415129056
2,9377,1.0,2.0,0.9164216524652528
2,9378,1.0,2.0,0.5257465406683283
2,9379,1.0,2.0,0.4451391297386204
2,9380,1.0,2.0,0.9833006049992516
2,9381,1.0,2.0,0.8588105755342936
2,9382,1.0,2.0,1.6271306462546666
2,9383,1.0,2.0,0.13211764336999554
2,9384,1.0,2.0,0.6001678378828502
2,9385,1.0,2.0,1.079748610403049
2,9386,1.0,2.0,1.2665586602126953
2,9387,1.0,2.0,0.8368701474494993
2,9388,1.0,2.0,0.9498495031308738
2,9389,1.0,2.0,1.888704968674277
2,9390,1.0,2.0,0.8236997958844094
2,9391,1.0,2.0,0.21140665293285954
2,9392,1.0,2.0,0.8680097618095209
2,9393,1.0,2.0,1.1131439634079692
2,9394,1.0,2.0,1.0564865392881488
2,9395,1.0,2.0,0.7517419629813474
2,9396,1.0,2.0,1.8579874397229954
2,9397,1.0,2.0,1.0150418356438182
2,9398,1.0,2.0,0.4463199236653477
2,9399,1.0,2.0,1.7467017163397967
2,9400,1.0,2.0,0.28850413472424474
2,9401,1.0,2.0,0.27508512190677525
2,9402,1.0,2.0,0.6778626683079814
2,9403,1.0,2.0,1.0892363163282242
2,9404,1.0,2.0,1.2101260113282388
2,9405,1.0,2.0,0.4057678575055653
2,9406,1.0,2.0,0.5495229856514993
2,9407,1.0,2.0,1.868079938238407
2,9408,1.0,2.0,1.172273280647714
2,9409,1.0,2.0,0.8858363627871771
2,9410,1.0,2.0,1.1677052857579135
2,9411,1.0,2.0,0.9397126271293958
2,9412,1.0,2.0,0.7644897671252917
2,9413,1.0,2.0,1.6343648818316767
2,9414,1.0,2.0,1.3719688240422645
2,9415,1.0,2.0,1.221678465197109
2,9416,1.0,2.0,1.180869937237012
2,9417,1.0,2.0,1.604929447933558
2,9418,1.0,2.0,0.4288096567292946
2,9419,1.0,2.0,0.7166661350240207
2,9420,1.0,2.0,1.3976255444795642
2,9421,1.0,2.0,1.59265499876843
2,9422,1.0,2.0,0.7786079491691097
2,9423,1.0,2.0,0.2739146806723598
2,9424,1.0,2.0,0.6146046000740624
2,9425,1.0,2.0,1.699538096238694
2,9426,1.0,2.0,0.5854744501520259
2,9427,1.0,2.0,0.5105292565033102
2,9428,1.0,2.0,0.3645941254600881
2,9429,1.0,2.0,1.6496796803154021
2,9430,1.0,2.0,0.8393287030751286
2,9431,1.0,2.0,0.3135966959470599
2,9432,1.0,2.0,0.7189927407652341
2,9433,1.0,2.0,1.2891164855901487
2,9434,1.0,2.0,0.7661585275220036
2,9435,1.0,2.0,1.0922909664497995
2,9436,1.0,2.0,0.0636383030244834
2,9437,1.0,2.0,0.4249507736750123
2,9438,1.0,2.0,0.658657161879499
2,9439,1.0,2.0,0.9000864538481084
2,9440,1.0,2.0,0.9553785722648448
2,9441,1.0,2.0,0.608731747915936
2,9442,1.0,2.0,0.48407048073682685
2,9443,1.0,2.0,0.5360675016920929
2,9444,1.0,2.0,0.4167544905739447
2,9445,1.0,2.0,1.500756218660411
2,9446,1.0,2.0,1.2109656230580441
2,9447,1.0,2.0,1.3942823972547875
2,9448,1.0,2.0,0.8196567766842559
2,9449,1.0,2.0,0.7100791503346845
2,9450,1.0,2.0,1.7754263908487773
2,9451,1.0,2.0,0.8388723584283179
2,9452,1.0,2.0,1.39158166395331
2,9453,1.0,2.0,0.5864147492997454
2,9454,1.0,2.0,1.0887234310420593
2,9455,1.0,2.0,0.6671494268368624
2,9456,1.0,2.0,0.9094947445043756
2,9457,1.0,2.0,1.2356498702094805
2,9458,1.0,2.0,0.6851634803800626
2,9459,1.0,2.0,1.6757954509058395
2,9460,1.0,2.0,0.5325294758693295
2,9461,1.0,2.0,0.8907207399085422
2,9462,1.0,2.0,1.352765977273041
2,9463,1.0,2.0,0.701203493217644
2,9464,1.0,2.0,0.5351704308479944
2,9465,1.0,2.0,0.5596990836912271
2,9466,1.0,2.0,0.23184206866545656
2,9467,1.0,2.0,0.548313146046338
2,9468,1.0,2.0,1.0027324056650695
2,9469,1.0,2.0,1.262622838507487
2,9470,1.0,2.0,1.4108306233376156
2,9471,1.0,2.0,0.988817654555525
2,9472,1.0,2.0,0.865603397440611
2,9473,1.0,2.0,0.02698797979748808
2,9474,1.0,2.0,1.383297775083817
2,9475,1.0,2.0,0.29623068245418954
2,9476,1.0,2.0,0.8602771092888332
2,9477,1.0,2.0,0.514997286360665
2,9478,1.0,2.0,1.2483808434156887
2,9479,1.0,2.0,0.9886655462214355
2,9480,1.0,2.0,0.7474455652677082
2,9481,1.0,2.0,0.5705839053666881
2,9482,1.0,2.0,1.4848572620343892
2,9483,1.0,2.0,0.3224449810569435
2,9484,1.0,2.0,0.6882947526109304
2,9485,1.0,2.0,1.256059170437036
2,9486,1.0,2.0,0.7866890025326767
2,9487,1.0,2.0,0.5506488067816055
2,9488,1.0,2.0,0.41956988537486817
2,9489,1.0,2.0,0.5680412394481437
2,9490,1.0,2.0,0.9800077800625021
2,9491,1.0,2.0,0.7166667125982449
2,9492,1.0,2.0,0.2951271625741817
2,9493,1.0,2.0,0.5615664071789098
2,9494,1.0,2.0,0.16245868751668435
2,9495,1.0,2.0,0.433014202482623
2,9496,1.0,2.0,1.320041002225166
2,9497,1.0,2.0,1.1733495103863718
2,9498,1.0,2.0,1.4334034308058463
2,9499,1.0,2.0,0.1718877749140511
2,9500,1.0,2.0,1.6121822604598335
2,9501,1.0,2.0,0.4736655057686863
2,9502,1.0,2.0,0.6446335558424295
2,9503,1.0,2.0,0.8408521809166966
2,9504,1.0,2.0,1.91896959914326
2,9505,1.0,2.0,0.808544682843634
2,9506,1.0,2.0,1.2780175202075013
2,9507,1.0,2.0,0.8155159647273392
2,9508,1.0,2.0,1.8795456174802048
2,9509,1.0,2.0,0.6734390041432625
2,9510,1.0,2.0,0.7219833918995
2,9511,1.0,2.0,1.0663840518949808
2,9512,1.0,2.0,0.9328033772980681
2,9513,1.0,2.0,0.8557162434740756
2,9514,1.0,2.0,0.5807916715806782
2,9515,1.0,2.0,1.7495228205836546
2,9516,1.0,2.0,0.13055250035495083
2,9517,1.0,2.0,0.8706092220860695
2,9518,1.0,2.0,0.3949197816692993
2,9519,1.0,2.0,1.6771766537256256
2,9520,1.0,2.0,1.2724076543202103
2,9521,1.0,2.0,0.7901885899829213
2,9522,1.0,2.0,0.9329025089039688
2,9523,1.0,2.0,0.6384901457777885
2,9524,1.0,2.0,0.1812717938936394
2,9525,1.0,2.0,0.20736046923846085
2,9526,1.0,2.0,0.33609951857669224
2,9527,1.0,2.0,0.5190318410038943
2,9528,1.0,2.0,1.3057349904688016
2,9529,1.0,2.0,1.0307535643540897
2,9530,1.0,2.0,0.9771150754408175
2,9531,1.0,2.0,1.2710404486483702
2,9532,1.0,2.0,0.8025952120536058
2,9533,1.0,2.0,1.3650799727217746
2,9534,1.0,2.0,0.990257447658086
2,9535,1.0,2.0,0.8667757739076918
2,9536,1.0,2.0,1.2587166378606445
2,9537,1.0,2.0,0.5249387036220561
2,9538,1.0,2.0,1.1409798660681503
2,9539,1.0,2.0,1.0350605725153255
2,9540,1.0,2.0,0.29054673825554894
2,9541,1.0,2.0,0.3585233769483041
2,9542,1.0,2.0,1.535437515803717
2,9543,1.0,2.0,1.0851098196530198
2,9544,1.0,2.0,0.40428918610613923
2,9545,1.0,2.0,0.8451994476162215
2,9546,1.0,2.0,0.7747700632940908
2,9547,1.0,2.0,1.303135146697459
2,9548,1.0,2.0,1.2670786367040592
2,9549,1.0,2.0,0.2411291186561056
2,9550,1.0,2.0,1.6201296380475314
2,9551,1.0,2.0,1.2097837143668728
2,9552,1.0,2.0,0.6683684908464831
2,9553,1.0,2.0,1.1227405896035338
2,9554,1.0,2.0,0.7083105462275112
2,9555,1.0,2.0,0.999828683511956
2,9556,1.0,2.0,1.0731368874350729
2,9557,1.0,2.0,1.1466820043390127
2,9558,1.0,2.0,0.2254723687784312
2,9559,1.0,2.0,0.8509966173362535
2,9560,1.0,2.0,1.7752741400676344
2,9561,1.0,2.0,1.2113933751010886
2,9562,1.0,2.0,1.4660348378694275
2,9563,1.0,2.0,1.37830267491089
2,9564,1.0,2.0,1.9642221111859623
2,9565,1.0,2.0,0.4595546528526665
2,9566,1.0,2.0,0.6203740634033146
2,9567,1.0,2.0,1.4948020851991528
2,9568,1.0,2.0,0.5046031836498592
2,9569,1.0,2.0,0.723318655661676
2,9570,1.0,2.0,0.9902505355120461
2,9571,1.0,2.0,1.306457351621109
2,9572,1.0,2.0,0.8991649124161165
2,9573,1.0,2.0,1.2639750661732232
2,9574,1.0,2.0,0.9483564035524965
2,9575,1.0,2.0,0.9796420861084066
2,9576,1.0,2.0,0.921883840662101
2,9577,1.0,2.0,1.1689762087341051
2,9578,1.0,2.0,1.4258663682703787
2,9579,1.0,2.0,1.3562847071391757
2,9580,1.0,2.0,0.10986467593126274
2,9581,1.0,2.0,1.134136221468684
2,9582,1.0,2.0,1.196619077379318
2,9583,1.0,2.0,0.9732446273336309
2,9584,1.0,2.0,0.47650915995022936
2,9585,1.0,2.0,1.4577566127073875
2,9586,1.0,2.0,1.6424947330551438
2,9587,1.0,2.0,0.7030491723612452
2,9588,1.0,2.0,0.7081685679161912
2,9589,1.0,2.0,0.9024771929374347
2,9590,1.0,2.0,0.7078179912403856
2,9591,1.0,2.0,1.0164346351566809
2,9592,1.0,2.0,1.101963540737687
2,9593,1.0,2.0,1.045247280427291
2,9594,1.0,2.0,0.48404487612704655
2,9595,1.0,2.0,1.2264809966914454
2,9596,1.0,2.0,1.3719069419530987
2,9597,1.0,2.0,0.4886293520409231
2,9598,1.0,2.0,1.0222693335650441
2,9599,1.0,2.0,0.872248583921041
2,9600,1.0,2.0,0.6350441172701229
2,9601,1.0,2.0,0.5015668315920438
2,9602,1.0,2.0,0.2854125411070333
2,9603,1.0,2.0,0.23377710846241204
2,9604,1.0,2.0,1.5448149347991946
2,9605,1.0,2.0,0.24083625010249465
2,9606,1.0,2.0,0.7906887513773048
2,9607,1.0,2.0,1.4417241359957047
2,9608,1.0,2.0,0.9270085199515568
2,9609,1.0,2.0,1.725953714824925
2,9610,1.0,2.0,0.8880374781055508
2,9611,1.0,2.0,1.6746663102114574
2,9612,1.0,2.0,1.6431123048095757
2,9613,1.0,2.0,0.4500788123430582
2,9614,1.0,2.0,0.7249653213069753
2,9615,1.0,2.0,1.2791851976008282
2,9616,1.0,2.0,1.8599070559720854
2,9617,1.0,2.0,1.3545714966449636
2,9618,1.0,2.0,1.268287869962688
2,9619,1.0,2.0,1.1727762363591787
2,9620,1.0,2.0,0.4839102809527415
2,9621,1.0,2.0,0.9464393333668936
2,9622,1.0,2.0,0.9477564891513321
2,9623,1.0,2.0,0.6884063594226891
2,9624,1.0,2.0,1.6434797946135218
2,9625,1.0,2.0,1.4757662826666387
2,9626,1.0,2.0,1.521352175990509
2,9627,1.0,2.0,0.7730741429047885
2,9628,1.0,2.0,1.076157770464451
2,9629,1.0,2.0,0.1544644129710092
2,9630,1.0,2.0,1.935159850712313
2,9631,1.0,2.0,1.2201902950597094
2,9632,1.0,2.0,0.7941367447543943
2,9633,1.0,2.0,0.3787384370859903
2,9634,1.0,2.0,0.8181012978260119
2,9635,1.0,2.0,1.4510216784595462
2,9636,1.0,2.0,0.6489615888352623
2,9637,1.0,2.0,1.401418613248691
2,9638,1.0,2.0,0.13666197725262516
2,9639,1.0,2.0,1.5658206287955319
2,9640,1.0,2.0,1.5704736779512378
2,9641,1.0,2.0,0.8418486668011307
2,9642,1.0,2.0,0.7954201435045696
2,9643,1.0,2.0,1.3848239192333094
2,9644,1.0,2.0,0.726707910908538
2,9645,1.0,2.0,1.2117372757049178
2,9646,1.0,2.0,1.0169848588241948
2,9647,1.0,2.0,1.6422632433661566
2,9648,1.0,2.0,0.8095923219179331
2,9649,1.0,2.0,0.9299460721013932
2,9650,1.0,2.0,0.49667040145443375
2,9651,1.0,2.0,0.5930134487362854
2,9652,1.0,2.0,1.6604939893273774
2,9653,1.0,2.0,0.34502942298561734
2,9654,1.0,2.0,1.2596110733660137
2,9655,1.0,2.0,0.5836853905801235
2,9656,1.0,2.0,0.9966822723673422
2,9657,1.0,2.0,0.8842307443536946
2,9658,1.0,2.0,1.4657144980246302
2,9659,1.0,2.0,0.90559818241054
2,9660,1.0,2.0,1.3086292040321426
2,9661,1.0,2.0,1.6071575091780748
2,9662,1.0,2.0,1.1572300151864554
2,9663,1.0,2.0,0.7955411955691184
2,9664,1.0,2.0,0.818202013797866
2,9665,1.0,2.0,0.8105862573589353
2,9666,1.0,2.0,1.0352879270251847
2,9667,1.0,2.0,1.6237201010417481
2,9668,1.0,2.0,1.226470113182426
2,9669,1.0,2.0,0.4640889303080201
2,9670,1.0,2.0,1.278141472557967
2,9671,1.0,2.0,1.3822775362369926
2,9672,1.0,2.0,0.8194353905809695
2,9673,1.0,2.0,0.4035568775729124
2,9674,1.0,2.0,0.8599241307851099
2,9675,1.0,2.0,1.357512359606351
2,9676,1.0,2.0,1.013952798807939
2,9677,1.0,2.0,0.11905384418835874
2,9678,1.0,2.0,0.8550125464860617
2,9679,1.0,2.0,1.2402065060039589
2,9680,1.0,2.0,1.1670530634041436
2,9681,1.0,2.0,0.9081036548387132
2,9682,1.0,2.0,0.6560304124442335
2,9683,1.0,2.0,1.7237481549666254
2,9684,1.0,2.0,0.6671193614817201
2,9685,1.0,2.0,0.41579313763911313
2,9686,1.0,2.0,1.043034708162844
2,9687,1.0,2.0,0.8140846547125102
2,9688,1.0,2.0,1.8477846520278647
2,9689,1.0,2.0,1.7428469213140587
2,9690,1.0,2.0,0.5755263113755695
2,9691,1.0,2.0,0.570248242760039
2,9692,1.0,2.0,0.9982747207432293
2,9693,1.0,2.0,0.7463251652345488
2,9694,1.0,2.0,0.4288844411391586
2,9695,1.0,2.0,0.5894632092406379
2,9696,1.0,2.0,0.9830192251961929
2,9697,1.0,2.0,1.2213240416115867
2,9698,1.0,2.0,1.2572947177680152
2,9699,1.0,2.0,1.0619656727952096
2,9700,1.0,2.0,1.1513486662209313
2,9701,1.0,2.0,0.16437617311534114
2,9702,1.0,2.0,0.5204207395310432
2,9703,1.0,2.0,1.0153070133159372
2,9704,1.0,2.0,0.6778616018741287
2,9705,1.0,2.0,0.9644953398963867
2,9706,1.0,2.0,1.125015955728058
2,9707,1.0,2.0,0.3806025787277289
2,9708,1.0,2.0,0.7750087061109208
2,9709,1.0,2.0,1.0231256283707926
2,9710,1.0,2.0,1.346839541061859
2,9711,1.0,2.0,1.3538116893793624
2,9712,1.0,2.0,1.3229628486681115
2,9713,1.0,2.0,1.2728729410181012
2,9714,1.0,2.0,0.47068529258619285
2,9715,1.0,2.0,1.589539376237729
2,9716,1.0,2.0,1.0119671815912215
2,9717,1.0,2.0,0.15832503989587518
2,9718,1.0,2.0,0.6039186413024584
2,9719,1.0,2.0,0.9523371799771209
2,9720,1.0,2.0,1.7340873478029266
2,9721,1.0,2.0,0.7419974780593913
2,9722,1.0,2.0,0.8962331121652322
2,9723,1.0,2.0,1.0703890074822597
2,9724,1.0,2.0,0.47725087783978215
2,9725,1.0,2.0,0.9816995490156136
2,9726,1.0,2.0,0.9073578570515488
2,9727,1.0,2.0,1.7218863158233095
2,9728,1.0,2.0,1.687282970110345
2,9729,1.0,2.0,0.774208577832824
2,9730,1.0,2.0,1.4110859227703854
2,9731,1.0,2.0,0.6263490592222368
2,9732,1.0,2.0,1.0404230281799776
2,9733,1.0,2.0,0.9416249710118203
2,9734,1.0,2.0,1.2220828686740406
2,9735,1.0,2.0,1.0501343543955048
2,9736,1.0,2.0,0.9283240259627428
2,9737,1.0,2.0,1.4822887476040059
2,9738,1.0,2.0,0.9983727239259719
2,9739,1.0,2.0,0.4081374302798757
2,9740,1.0,2.0,1.7435365692917233
2,9741,1.0,2.0,0.9298414970750326
2,9742,1.0,2.0,0.5983753836365315
2,9743,1.0,2.0,0.9732256219304263
2,9744,1.0,2.0,0.3780497157693494
2,9745,1.0,2.0,0.9395389672437282
2,9746,1.0,2.0,1.2436754604407425
2,9747,1.0,2.0,1.5218536624250671
2,9748,1.0,2.0,1.627273195100274
2,9749,1.0,2.0,0.5353459347965449
2,9750,1.0,2.0,0.7471791301033829
2,9751,1.0,2.0,1.6200603586739495
2,9752,1.0,2.0,0.923225687102244
2,9753,1.0,2.0,1.26941970194795
2,9754,1.0,2.0,1.2373021712511125
2,9755,1.0,2.0,1.1585868527432537
2,9756,1.0,2.0,0.4084915579792449
2,9757,1.0,2.0,1.0673195503721875
2,9758,1.0,2.0,0.6580102125968529
2,9759,1.0,2.0,0.7049467100006656
2,9760,1.0,2.0,1.4875588404632407
2,9761,1.0,2.0,0.7449435176643129
2,9762,1.0,2.0,1.6428112980684388
2,9763,1.0,2.0,1.4709506654506421
2,9764,1.0,2.0,0.8096251276767941
2,9765,1.0,2.0,0.750245449912158
2,9766,1.0,2.0,0.553154609026877
2,9767,1.0,2.0,1.2274215355066418
2,9768,1.0,2.0,0.6310942902704342
2,9769,1.0,2.0,1.3722999722319724
2,9770,1.0,2.0,1.3929177234308738
2,9771,1.0,2.0,0.5753484332498976
2,9772,1.0,2.0,1.6293141285349395
2,9773,1.0,2.0,1.269981298783407
2,9774,1.0,2.0,0.6577148106532635
2,9775,1.0,2.0,0.6714672572502417
2,9776,1.0,2.0,0.5680088689718339
2,9777,1.0,2.0,1.3284088710969808
2,9778,1.0,2.0,0.6519263210396034
2,9779,1.0,2.0,1.7460652317382055
2,9780,1.0,2.0,0.7768543060135119
2,9781,1.0,2.0,0.9703491024978634
2,9782,1.0,2.0,0.2370622297809361
2,9783,1.0,2.0,1.128584949591351
2,9784,1.0,2.0,1.5647060910737767
2,9785,1.0,2.0,1.6997485348449675
2,9786,1.0,2.0,0.8085349050461926
2,9787,1.0,2.0,1.1819344424255382
2,9788,1.0,2.0,1.3347374302425417
2,9789,1.0,2.0,0.2430147081026195
2,9790,1.0,2.0,0.4196164847483649
2,9791,1.0,2.0,1.4524464166429527
2,9792,1.0,2.0,0.7206314136813254
2,9793,1.0,2.0,0.5947086173035747
2,9794,1.0,2.0,0.34053582303567503
2,9795,1.0,2.0,0.7852417315684294
2,9796,1.0,2.0,0.9649494381535672
2,9797,1.0,2.0,1.0366027603870527
2,9798,1.0,2.0,0.5369500968488481
2,9799,1.0,2.0,1.2135006487556224
2,9800,1.0,2.0,1.761606575929605
2,9801,1.0,2.0,1.3596813200156967
2,9802,1.0,2.0,0.92796216926914
2,9803,1.0,2.0,0.97151418528965
2,9804,1.0,2.0,1.4500249442233946
2,9805,1.0,2.0,1.4278787053869832
2,9806,1.0,2.0,0.6708140396258926
2,9807,1.0,2.0,0.3917030732142015
2,9808,1.0,2.0,1.186998071770843
2,9809,1.0,2.0,0.5736531772970118
2,9810,1.0,2.0,0.6709427570544958
2,9811,1.0,2.0,0.5152655313845003
2,9812,1.0,2.0,0.27286891281200376
2,9813,1.0,2.0,0.9733588728668031
2,9814,1.0,2.0,1.7542850977913027
2,9815,1.0,2.0,0.9565849104980727
2,9816,1.0,2.0,0.43548254455538166
2,9817,1.0,2.0,1.286884887440419
2,9818,1.0,2.0,1.0679529098699332
2,9819,1.0,2.0,1.539745791387288
2,9820,1.0,2.0,0.6063460534552815
2,9821,1.0,2.0,0.7167743011111811
2,9822,1.0,2.0,1.1910564753820085
2,9823,1.0,2.0,1.1494498831813509
2,9824,1.0,2.0,1.4825745617833388
2,9825,1.0,2.0,1.7451285395110319
2,9826,1.0,2.0,1.513406827772911
2,9827,1.0,2.0,0.926534062569652
2,9828,1.0,2.0,1.0044825166693756
2,9829,1.0,2.0,1.335090612879056
2,9830,1.0,2.0,0.7007697978224267
2,9831,1.0,2.0,0.9726522171402904
2,9832,1.0,2.0,1.6743547985637859
2,9833,1.0,2.0,0.4814538397919776
2,9834,1.0,2.0,1.2901954247596827
2,9835,1.0,2.0,1.2860841606518365
2,9836,1.0,2.0,1.8284779800667024
2,9837,1.0,2.0,1.1554757033090728
2,9838,1.0,2.0,1.1198132350566579
2,9839,1.0,2.0,1.1915104957999512
2,9840,1.0,2.0,1.0399471579797237
2,9841,1.0,2.0,1.6329918467825641
2,9842,1.0,2.0,0.5411445920974312
2,9843,1.0,2.0,0.6912597761224113
2,9844,1.0,2.0,0.5311778074224283
2,9845,1.0,2.0,0.8734449618226229
2,9846,1.0,2.0,0.6426005276254873
2,9847,1.0,2.0,1.018348753280554
2,9848,1.0,2.0,1.6355903725891994
2,9849,1.0,2.0,0.8490612494468449
2,9850,1.0,2.0,0.5693932823090799
2,9851,1.0,2.0,0.9295711636942818
2,9852,1.0,2.0,0.4936006877945425
2,9853,1.0,2.0,0.7211873319621805
2,9854,1.0,2.0,0.8288509966441822
2,9855,1.0,2.0,1.5410456069393104
2,9856,1.0,2.0,1.7831127774445863
2,9857,1.0,2.0,0.18736491997215132
2,9858,1.0,2.0,1.430895554616864
2,9859,1.0,2.0,0.9268437166668391
2,9860,1.0,2.0,1.6190770043690708
2,9861,1.0,2.0,0.25750304736195745
2,9862,1.0,2.0,1.0247812298811696
2,9863,1.0,2.0,0.5023534164061124
2,9864,1.0,2.0,1.7485653992917989
2,9865,1.0,2.0,0.29298748056732066
2,9866,1.0,2.0,0.451939342098471
2,9867,1.0,2.0,0.5093728068178919
2,9868,1.0,2.0,0.7783789969763
2,9869,1.0,2.0,0.8445151559681688
2,9870,1.0,2.0,0.554915005404067
2,9871,1.0,2.0,1.2231515061044878
2,9872,1.0,2.0,1.2458563841721657
2,9873,1.0,2.0,1.4649600253885389
2,9874,1.0,2.0,1.1484447842598746
2,9875,1.0,2.0,0.3943289690734495
2,9876,1.0,2.0,0.7456678373555548
2,9877,1.0,2.0,1.0209577911599728
2,9878,1.0,2.0,0.7255220805267565
2,9879,1.0,2.0,0.685502686114224
2,9880,1.0,2.0,1.205800946600795
2,9881,1.0,2.0,0.3969023356143376
2,9882,1.0,2.0,1.3931698643092671
2,9883,1.0,2.0,0.26563864774789886
2,9884,1.0,2.0,0.9671616357002587
2,9885,1.0,2.0,1.0620641601616534
2,9886,1.0,2.0,0.13155112049387482
2,9887,1.0,2.0,1.0807964538810972
2,9888,1.0,2.0,1.438747258194537
2,9889,1.0,2.0,0.8155806197122857
2,9890,1.0,2.0,0.592015894145828
2,9891,1.0,2.0,1.422862072135443
2,9892,1.0,2.0,0.9842577572276183
2,9893,1.0,2.0,0.816448853896999
2,9894,1.0,2.0,0.879888823254309
2,9895,1.0,2.0,0.8587478007832976
2,9896,1.0,2.0,0.9226230406319332
2,9897,1.0,2.0,1.5489497704880621
2,9898,1.0,2.0,1.1327907900601433
2,9899,1.0,2.0,1.2607296602852953
2,9900,1.0,2.0,1.1806524584250964
2,9901,1.0,2.0,0.9870647467532618
2,9902,1.0,2.0,1.4348188259362846
2,9903,1.0,2.0,0.8158209909365934
2,9904,1.0,2.0,0.3914213380080954
2,9905,1.0,2.0,1.1392135175774873
2,9906,1.0,2.0,1.2539658717678726
2,9907,1.0,2.0,0.14683083309151007
2,9908,1.0,2.0,1.0473991214596743
2,9909,1.0,2.0,1.3502368610817155
2,9910,1.0,2.0,1.0130603877790125
2,9911,1.0,2.0,1.1025738267667937
2,9912,1.0,2.0,1.5802117539872482
2,9913,1.0,2.0,0.7301423096732769
2,9914,1.0,2.0,1.254645218078168
2,9915,1.0,2.0,0.26390232108175254
2,9916,1.0,2.0,0.5094432866503943
2,9917,1.0,2.0,0.6049798020529445
2,9918,1.0,2.0,1.8821716233500547
2,9919,1.0,2.0,0.8336553106915713
2,9920,1.0,2.0,1.0215235001027927
2,9921,1.0,2.0,0.12234509593117268
2,9922,1.0,2.0,0.33142210795288085
2,9923,1.0,2.0,0.4294093901404793
2,9924,1.0,2.0,1.3849595189141586
2,9925,1.0,2.0,1.1892100715838825
2,9926,1.0,2.0,0.9747055494438589
2,9927,1.0,2.0,0.5586443360057016
2,9928,1.0,2.0,1.2328657957576128
2,9929,1.0,2.0,0.28400670991397103
2,9930,1.0,2.0,1.5233219646018803
2,9931,1.0,2.0,0.7117092931459642
2,9932,1.0,2.0,1.9057209102453985
2,9933,1.0,2.0,1.161383123609546
2,9934,1.0,2.0,0.8544561888560213
2,9935,1.0,2.0,0.9161055634401085
2,9936,1.0,2.0,0.9086045124542222
2,9937,1.0,2.0,0.7080357008469106
2,9938,1.0,2.0,0.4505869813551466
2,9939,1.0,2.0,1.871684386160938
2,9940,1.0,2.0,0.524515030697945
2,9941,1.0,2.0,0.8739470037195819
2,9942,1.0,2.0,1.2332561437880205
2,9943,1.0,2.0,0.40619958257070626
2,9944,1.0,2.0,0.44592101577091486
2,9945,1.0,2.0,1.5934935510470918
2,9946,1.0,2.0,0.8679972157398052
2,9947,1.0,2.0,0.5608795793135507
2,9948,1.0,2.0,0.5915858517850511
2,9949,1.0,2.0,0.32569131530566603
2,9950,1.0,2.0,0.13255508797061427
2,9951,1.0,2.0,1.5364304331842902
2,9952,1.0,2.0,0.6595934451477306
2,9953,1.0,2.0,1.0048065199059495
2,9954,1.0,2.0,0.8394488805619948
2,9955,1.0,2.0,1.0458817553871527
2,9956,1.0,2.0,0.36217759045124814
2,9957,1.0,2.0,1.0913584978779869
2,9958,1.0,2.0,1.1582399434346105
2,9959,1.0,2.0,1.2075601369755913
2,9960,1.0,2.0,0.4278347915341502
2,9961,1.0,2.0,1.0690703990999355
2,9962,1.0,2.0,1.0268486803547772
2,9963,1.0,2.0,0.5490141335855655
2,9964,1.0,2.0,1.01550930271685
2,9965,1.0,2.0,1.4209941023034502
2,9966,1.0,2.0,0.3155608849206963
2,9967,1.0,2.0,1.526645425398104
2,9968,1.0,2.0,1.087862025010579
2,9969,1.0,2.0,1.3480603504561768
2,9970,1.0,2.0,0.49707911791972853
2,9971,1.0,2.0,1.3162050535966758
2,9972,1.0,2.0,1.0457511124344552
2,9973,1.0,2.0,0.35481344782034296
2,9974,1.0,2.0,0.21527887591361197
2,9975,1.0,2.0,0.24721181134765063
2,9976,1.0,2.0,1.9542082135964758
2,9977,1.0,2.0,0.7291655392784382
2,9978,1.0,2.0,0.7882769057614912
2,9979,1.0,2.0,1.3183875504406266
2,9980,1.0,2.0,0.44558348716483864
2,9981,1.0,2.0,1.328354095601727
2,9982,1.0,2.0,0.7875249940695174
2,9983,1.0,2.0,0.42621235748792313
2,9984,1.0,2.0,0.9942858795040158
2,9985,1.0,2.0,0.9380613402352616
2,9986,1.0,2.0,1.540679621791805
2,9987,1.0,2.0,1.0094556392310188
2,9988,1.0,2.0,0.7779878107793813
2,9989,1.0,2.0,0.6944091459737867
2,9990,1.0,2.0,1.7929003973892774
2,9991,1.0,2.0,0.8715460136048305
2,9992,1.0,2.0,0.6531100959364928
2,9993,1.0,2.0,0.25505531164350426
2,9994,1.0,2.0,0.8141040056394653
2,9995,1.0,2.0,0.6779718301102997
2,9996,1.0,2.0,1.453471163907575
2,9997,1.0,2.0,1.3234226251033832
2,9998,1.0,2.0,0.8386444232385457
2,9999,1.0,2.0,1.835312445007626
2,10000,1.0,2.0,0.21154642456251682
