panel,t,x,a,y,theory_density,kde_density
1,1.0,0.5,1.8,0.0,0.0,0.03783543505875533
1,1.0,0.5,1.8,0.0018,0.0028146451406322686,0.03925918861925617
1,1.0,0.5,1.8,0.0036,0.0056292603362924866,0.040716895424708285
1,1.0,0.5,1.8,0.0054,0.008443815642389748,0.04220855322202641
1,1.0,0.5,1.8,0.0072,0.011258281115095423,0.04373412970617692
1,1.0,0.5,1.8,0.009,0.014072626811724291,0.045293562501578774
1,1.0,0.5,1.8,0.0108,0.016886822791115644,0.04688675921542436
1,1.0,0.5,1.8,0.0126,0.019700839114014337,0.048513597562350255
1,1.0,0.5,1.8,0.0144,0.022514645843451843,0.05017392555958687
1,1.0,0.5,1.8,0.0162,0.025328213045127265,0.05186756179141288
1,1.0,0.5,1.8,0.018,0.028141510787788225,0.053594295741453614
1,1.0,0.5,1.8,0.019799999999999998,0.030954509143611815,0.05535388819108182
1,1.0,0.5,1.8,0.0216,0.03376717818858538,0.057146071681920985
1,1.0,0.5,1.8,0.0234,0.03657948800288726,0.05897055104020113
1,1.0,0.5,1.8,0.0252,0.03939140867126751,0.06082700396049084
1,1.0,0.5,1.8,0.027,0.04220291028342846,0.06271508164611447
1,1.0,0.5,1.8,0.0288,0.04501396293440517,0.06463440950337956
1,1.0,0.5,1.8,0.0306,0.047824536724945896,0.06658458788656556
1,1.0,0.5,1.8,0.0324,0.050634601761892335,0.06856519289048098
1,1.0,0.5,1.8,0.0342,0.0534441281585598,0.07057577718727535
1,1.0,0.5,1.8,0.036,0.056253086035117236,0.0726158709040826
1,1.0,0.5,1.8,0.0378,0.05906144551896726,0.07468498253801027
1,1.0,0.5,1.8,0.039599999999999996,0.0618691767451258,0.07678259990492176
1,1.0,0.5,1.8,0.0414,0.06467624985660189,0.0789081911184379
1,1.0,0.5,1.8,0.0432,0.06748263500477696,0.08106120559557164
1,1.0,0.5,1.8,0.045,0.07028830234978439,0.08324107508543058
1,1.0,0.5,1.8,0.0468,0.07309322206088854,0.08544721471744639
1,1.0,0.5,1.8,0.0486,0.07589736431686388,0.08767902406566433
1,1.0,0.5,1.8,0.0504,0.07870069930637366,0.08993588822567941
1,1.0,0.5,1.8,0.052199999999999996,0.08150319722834862,0.09221717890091788
1,1.0,0.5,1.8,0.054,0.08430482829236546,0.09452225549505537
1,1.0,0.5,1.8,0.055799999999999995,0.08710556271902511,0.09685046620749495
1,1.0,0.5,1.8,0.0576,0.08990537074033064,0.09920114912895567
1,1.0,0.5,1.8,0.0594,0.0927042226000653,0.1015736333343746
1,1.0,0.5,1.8,0.0612,0.09550208855416979,0.10396723997046806
1,1.0,0.5,1.8,0.063,0.09829893887112011,0.1063812833354631
1,1.0,0.5,1.8,0.0648,0.10109474383230423,0.10881507194867741
1,1.0,0.5,1.8,0.06659999999999999,0.10388947373239933,0.11126790960778037
1,1.0,0.5,1.8,0.0684,0.10668309887974826,0.11373909643174629
1,1.0,0.5,1.8,0.0702,0.10947558959673599,0.11622792988766396
1,1.0,0.5,1.8,0.072,0.11226691622016581,0.11873370579974246
1,1.0,0.5,1.8,0.0738,0.1150570491016352,0.12125571933898557
1,1.0,0.5,1.8,0.0756,0.11784595860791112,0.12379326599219174
1,1.0,0.5,1.8,0.0774,0.12063361512130585,0.12634564250903674
1,1.0,0.5,1.8,0.07919999999999999,0.12341998904005151,0.1289121478261667
1,1.0,0.5,1.8,0.081,0.12620505077867508,0.13149208396732204
1,1.0,0.5,1.8,0.0828,0.12898877076837262,0.13408475691864463
1,1.0,0.5,1.8,0.0846,0.13177111945738346,0.13668947747840118
1,1.0,0.5,1.8,0.0864,0.13455206731136404,0.1393055620804631
1,1.0,0.5,1.8,0.0882,0.13733158481376118,0.14193233359093363
1,1.0,0.5,1.8,0.09,0.14010964246618543,0.14456912207739844
1,1.0,0.5,1.8,0.09179999999999999,0.1428862107887837,0.14721526555031503
1,1.0,0.5,1.8,0.0936,0.1456612603206117,0.14987011067608302
1,1.0,0.5,1.8,0.0954,0.1484347616200061,0.15253301346139184
1,1.0,0.5,1.8,0.0972,0.1512066852649562,0.15520333990843077
1,1.0,0.5,1.8,0.09899999999999999,0.15397700185347524,0.15788046664058378
1,1.0,0.5,1.8,0.1008,0.1567456820039716,0.1605637814981894
1,1.0,0.5,1.8,0.1026,0.1595126963556189,0.16325268410400287
1,1.0,0.5,1.8,0.10439999999999999,0.162278015568727,0.1659465863979086
1,1.0,0.5,1.8,0.1062,0.16504161032511108,0.1686449131404878
1,1.0,0.5,1.8,0.108,0.16780345132846128,0.17134710238498713
1,1.0,0.5,1.8,0.1098,0.1705635093047121,0.17405260591722735
1,1.0,0.5,1.8,0.11159999999999999,0.17332175500241034,0.17676088966297876
1,1.0,0.5,1.8,0.1134,0.17607815919308387,0.17947143406232546
1,1.0,0.5,1.8,0.1152,0.17883269267160873,0.18218373441051852
1,1.0,0.5,1.8,0.11699999999999999,0.18158532625657728,0.18489730116482728
1,1.0,0.5,1.8,0.1188,0.18433603079066438,0.1876116602169178
1,1.0,0.5,1.8,0.1206,0.18708477714099395,0.1903263531302817
1,1.0,0.5,1.8,0.1224,0.18983153619950505,0.19304093734228892
1,1.0,0.5,1.8,0.12419999999999999,0.19257627888331746,0.19575498633048333
1,1.0,0.5,1.8,0.126,0.19531897613509672,0.19846808974276345
1,1.0,0.5,1.8,0.1278,0.198059598923418,0.20117985349120707
1,1.0,0.5,1.8,0.1296,0.20079811824313135,0.20388989980935252
1,1.0,0.5,1.8,0.1314,0.20353450511572446,0.20659786727283963
1,1.0,0.5,1.8,0.13319999999999999,0.2062687305896858,0.20930341078346634
1,1.0,0.5,1.8,0.135,0.20900076574086762,0.21200620151681052
1,1.0,0.5,1.8,0.1368,0.2117305816728476,0.21470592683371792
1,1.0,0.5,1.8,0.1386,0.2144581495172906,0.21740229015612575
1,1.0,0.5,1.8,0.1404,0.21718344043430987,0.22009501080784985
1,1.0,0.5,1.8,0.1422,0.21990642561282714,0.22278382382114706
1,1.0,0.5,1.8,0.144,0.22262707627093298,0.22546847971004838
1,1.0,0.5,1.8,0.14579999999999999,0.22534536365624616,0.22814874421167866
1,1.0,0.5,1.8,0.1476,0.22806125904627225,0.23082439799695886
1,1.0,0.5,1.8,0.1494,0.23077473374876242,0.23349523635230335
1,1.0,0.5,1.8,0.1512,0.23348575910207084,0.23616106883415955
1,1.0,0.5,1.8,0.153,0.23619430647551184,0.23882171889840687
1,1.0,0.5,1.8,0.1548,0.23890034726971715,0.2414770235068885
1,1.0,0.5,1.8,0.1566,0.24160385291699119,0.24412683271350705
1,1.0,0.5,1.8,0.15839999999999999,0.24430479488166681,0.24677100923255416
1,1.0,0.5,1.8,0.1602,0.24700314466046047,0.24940942799210267
1,1.0,0.5,1.8,0.162,0.249698873782826,0.25204197567545916
1,1.0,0.5,1.8,0.1638,0.2523919538113084,0.2546685502538718
1,1.0,0.5,1.8,0.1656,0.2550823563418974,0.2572890605137664
1,1.0,0.5,1.8,0.1674,0.2577700530043792,0.2599034255819615
1,1.0,0.5,1.8,0.1692,0.26045501546268857,0.26251157445237716
1,1.0,0.5,1.8,0.17099999999999999,0.26313721541526003,0.26511344551782606
1,1.0,0.5,1.8,0.1728,0.26581662459537836,0.2677089861105408
1,1.0,0.5,1.8,0.1746,0.2684932147715285,0.270298152055085
1,1.0,0.5,1.8,0.1764,0.2711669577477448,0.27288090723730063
1,1.0,0.5,1.8,0.1782,0.2738378253639596,0.2754572231929152
1,1.0,0.5,1.8,0.18,0.2765057894963512,0.2780270787193181
1,1.0,0.5,1.8,0.1818,0.27917082205769084,0.2805904595139546
1,1.0,0.5,1.8,0.18359999999999999,0.28183289499768965,0.2831473578426554
1,1.0,0.5,1.8,0.18539999999999998,0.28449198030334444,0.2856977722409885
1,1.0,0.5,1.8,0.1872,0.28714804999928273,0.28824170725162135
1,1.0,0.5,1.8,0.189,0.2898010761481075,0.29077917320037355
1,1.0,0.5,1.8,0.1908,0.29245103085074076,0.2933101860134304
1,1.0,0.5,1.8,0.1926,0.2950978862467668,0.2958347670778743
1,1.0,0.5,1.8,0.1944,0.2977416145147749,0.2983529431474376
1,1.0,0.5,1.8,0.19619999999999999,0.3003821878727001,0.30086474629496374
1,1.0,0.5,1.8,0.19799999999999998,0.3030195785781653,0.3033702139128015
1,1.0,0.5,1.8,0.1998,0.3056537589288205,0.3058693887619269
1,1.0,0.5,1.8,0.2016,0.30828470126268326,0.30836231907021755
1,1.0,0.5,1.8,0.2034,0.31091237795847615,0.3108490586799169
1,1.0,0.5,1.8,0.2052,0.31353676143596604,0.31332966724388184
1,1.0,0.5,1.8,0.207,0.3161578241563007,0.3158042104698552
1,1.0,0.5,1.8,0.20879999999999999,0.3187755386223452,0.3182727604114875
1,1.0,0.5,1.8,0.21059999999999998,0.32138987737901814,0.3207353958045082
1,1.0,0.5,1.8,0.2124,0.324000813013626,0.32319220244597485
1,1.0,0.5,1.8,0.2142,0.3266083181561975,0.32564327361411755
1,1.0,0.5,1.8,0.216,0.3292123654798173,0.32808871052591415
1,1.0,0.5,1.8,0.2178,0.3318129277009586,0.3305286228291351
1,1.0,0.5,1.8,0.2196,0.33440997757981394,0.3329631291252159
1,1.0,0.5,1.8,0.22139999999999999,0.3370034879206276,0.33539235751894214
1,1.0,0.5,1.8,0.22319999999999998,0.3395934315720251,0.33781644619067314
1,1.0,0.5,1.8,0.225,0.3421797814273426,0.3402355439863928
1,1.0,0.5,1.8,0.2268,0.3447625104249552,0.3426498110207084
1,1.0,0.5,1.8,0.2286,0.3473415915486054,0.3450594192876113
1,1.0,0.5,1.8,0.2304,0.3499169978277295,0.34746455327356696
1,1.0,0.5,1.8,0.2322,0.35248870233778373,0.349865410567344
1,1.0,0.5,1.8,0.23399999999999999,0.3550566782005696,0.35226220246080986
1,1.0,0.5,1.8,0.23579999999999998,0.35762089858455837,0.3546551545347939
1,1.0,0.5,1.8,0.2376,0.36018133670521424,0.3570445072240185
1,1.0,0.5,1.8,0.2394,0.36273796582531737,0.35943051635506407
1,1.0,0.5,1.8,0.2412,0.36529075925528565,0.36181345365125644
1,1.0,0.5,1.8,0.243,0.3678396903534956,0.3641936071984577
1,1.0,0.5,1.8,0.2448,0.37038473252660237,0.3665712818657016
1,1.0,0.5,1.8,0.24659999999999999,0.3729258592298591,0.36894679967476446
1,1.0,0.5,1.8,0.24839999999999998,0.3754630439674352,0.37132050011284484
1,1.0,0.5,1.8,0.2502,0.377996260292734,0.37369274038267924
1,1.0,0.5,1.8,0.252,0.3805254818087086,0.3760638955846417
1,1.0,0.5,1.8,0.25379999999999997,0.38305068216817795,0.3784343588254867
1,1.0,0.5,1.8,0.2556,0.38557183507414217,0.3808045412488127
1,1.0,0.5,1.8,0.2574,0.3880889142800951,0.38317487198240363
1,1.0,0.5,1.8,0.2592,0.39060189359033853,0.3855457979980798
1,1.0,0.5,1.8,0.261,0.39311074686029307,0.38791778387989106
1,1.0,0.5,1.8,0.2628,0.39561544799680987,0.3902913114969158
1,1.0,0.5,1.8,0.2646,0.39811597095848034,0.3926668795772899
1,1.0,0.5,1.8,0.26639999999999997,0.40061228975594604,0.3950450031804736
1,1.0,0.5,1.8,0.2682,0.40310437845220637,0.39742621306520287
1,1.0,0.5,1.8,0.27,0.4055922111629252,0.39981105495100844
1,1.0,0.5,1.8,0.2718,0.40807576205673907,0.4022000886716295
1,1.0,0.5,1.8,0.2736,0.4105550053555608,0.4045938872191696
1,1.0,0.5,1.8,0.2754,0.41302991533488476,0.4069930356782625
1,1.0,0.5,1.8,0.2772,0.41550046632409043,0.4093981300500739
1,1.0,0.5,1.8,0.27899999999999997,0.4179666327067443,0.41180977596646534
1,1.0,0.5,1.8,0.2808,0.42042838892090206,0.41422858729516554
1,1.0,0.5,1.8,0.2826,0.4228857094594085,0.4166551846373392
1,1.0,0.5,1.8,0.2844,0.42533856887019766,0.4190901937194706
1,1.0,0.5,1.8,0.2862,0.427786941756591,0.421534243682066
1,1.0,0.5,1.8,0.288,0.4302308027775951,0.4239879652681983
1,1.0,0.5,1.8,0.2898,0.43267012664819815,0.4264519889155064
1,1.0,0.5,1.8,0.29159999999999997,0.4351048881396655,0.42892694275579185
1,1.0,0.5,1.8,0.2934,0.43753506207983445,0.43141345052698754
1,1.0,0.5,1.8,0.2952,0.43996062335340735,0.4339121294027367
1,1.0,0.5,1.8,0.297,0.4423815469022445,0.4364235877454942
1,1.0,0.5,1.8,0.2988,0.44479780772565536,0.4389484227895273
1,1.0,0.5,1.8,0.3006,0.4472093808806894,0.4414872182608159
1,1.0,0.5,1.8,0.3024,0.44961624148242485,0.4440405419413504
1,1.0,0.5,1.8,0.30419999999999997,0.4520183647042577,0.4466089431858762
1,1.0,0.5,1.8,0.306,0.454415725778189,0.4491929503996734
1,1.0,0.5,1.8,0.3078,0.4568082999951106,0.45179306848642053
1,1.0,0.5,1.8,0.3096,0.45919606270509117,0.45440977627571416
1,1.0,0.5,1.8,0.3114,0.4615789893176597,0.4570435239403077
1,1.0,0.5,1.8,0.3132,0.4639570553020892,0.45969473041346476
1,1.0,0.5,1.8,0.315,0.4663302361876781,0.4623637808173568
1,1.0,0.5,1.8,0.31679999999999997,0.4686985075640319,0.4650510239137663
1,1.0,0.5,1.8,0.3186,0.4710618450813432,0.46775676958866463
1,1.0,0.5,1.8,0.3204,0.47342022445066945,0.4704812863825891
1,1.0,0.5,1.8,0.3222,0.47577362144421154,0.4732247990789879
1,1.0,0.5,1.8,0.324,0.47812201189559084,0.47598748636290805
1,1.0,0.5,1.8,0.3258,0.4804653717001238,0.47876947856259194
1,1.0,0.5,1.8,0.3276,0.4828036768150974,0.4815708554865813
1,1.0,0.5,1.8,0.32939999999999997,0.4851369032600415,0.48439164436909904
1,1.0,0.5,1.8,0.3312,0.48746502711700257,0.4872318179363694
1,1.0,0.5,1.8,0.333,0.4897880245308127,0.49009129260643797
1,1.0,0.5,1.8,0.3348,0.4921058717093623,0.492969926835078
1,1.0,0.5,1.8,0.3366,0.494418544923867,0.4958675196198738
1,1.0,0.5,1.8,0.3384,0.4967260205091361,0.49878380917455245
1,1.0,0.5,1.8,0.3402,0.4990282748638401,0.5017184717850797
1,1.0,0.5,1.8,0.34199999999999997,0.5013252844507746,0.5046711208586431
1,1.0,0.5,1.8,0.3438,0.5036170257971263,0.5076413061761565
1,1.0,0.5,1.8,0.3456,0.5059034754947358,0.5106285133582169
1,1.0,0.5,1.8,0.3474,0.5081846102003593,0.5136321635538246
1,1.0,0.5,1.8,0.3492,0.5104604066359306,0.5166516133603841
1,1.0,0.5,1.8,0.351,0.5127308415888199,0.5196861549825973
1,1.0,0.5,1.8,0.3528,0.5149958919120932,0.5227350166370149
1,1.0,0.5,1.8,0.35459999999999997,0.5172555345247699,0.5257973632079043
1,1.0,0.5,1.8,0.3564,0.5195097464120793,0.5288722971590567
1,1.0,0.5,1.8,0.35819999999999996,0.5217585046257147,0.5319588597050027
1,1.0,0.5,1.8,0.36,0.5240017862840898,0.5350560322438552
1,1.0,0.5,1.8,0.3618,0.5262395685725891,0.538162738052701
1,1.0,0.5,1.8,0.3636,0.5284718287438215,0.5412778442451998
1,1.0,0.5,1.8,0.3654,0.5306985441178698,0.5444001639895387
1,1.0,0.5,1.8,0.36719999999999997,0.5329196920825411,0.5475284589835677
1,1.0,0.5,1.8,0.369,0.535135250093614,0.5506614421824286
1,1.0,0.5,1.8,0.37079999999999996,0.5373451956750861,0.5537977807724779
1,1.0,0.5,1.8,0.3726,0.5395495064194198,0.5569360993838751
1,1.0,0.5,1.8,0.3744,0.5417481599877874,0.5600749835325732
1,1.0,0.5,1.8,0.3762,0.5439411341103134,0.5632129832810955
1,1.0,0.5,1.8,0.378,0.5461284065863187,0.5663486171058099
1,1.0,0.5,1.8,0.37979999999999997,0.548309955284559,0.5694803759571382
1,1.0,0.5,1.8,0.3816,0.5504857581434672,0.5726067274974642
1,1.0,0.5,1.8,0.38339999999999996,0.5526557931713906,0.5757261205003699
1,1.0,0.5,1.8,0.3852,0.5548200384468286,0.5788369893933035
1,1.0,0.5,1.8,0.387,0.5569784721186691,0.5819377589245691
1,1.0,0.5,1.8,0.3888,0.5591310724064232,0.5850268489344497
1,1.0,0.5,1.8,0.3906,0.5612778176004595,0.5881026792089789
1,1.0,0.5,1.8,0.39239999999999997,0.5634186860622364,0.5911636743941029
1,1.0,0.5,1.8,0.3942,0.5655536562245325,0.5942082689468923
1,1.0,0.5,1.8,0.39599999999999996,0.5676827065916785,0.5972349120998977
1,1.0,0.5,1.8,0.3978,0.5698058157397846,0.6002420728139434
1,1.0,0.5,1.8,0.3996,0.5719229623169689,0.6032282446942197
1,1.0,0.5,1.8,0.4014,0.574034125043583,0.6061919508442892
1,1.0,0.5,1.8,0.4032,0.5761392827124379,0.6091317486322297
1,1.0,0.5,1.8,0.40499999999999997,0.578238414189028,0.6120462343433121
1,1.0,0.5,1.8,0.4068,0.580331498411753,0.6149340476935296
1,1.0,0.5,1.8,0.40859999999999996,0.5824185143921389,0.6177938761788168
1,1.0,0.5,1.8,0.4104,0.5844994412150607,0.6206244592350459
1,1.0,0.5,1.8,0.4122,0.5865742580389577,0.6234245921846777
1,1.0,0.5,1.8,0.414,0.588642944096054,0.6261931299466788
1,1.0,0.5,1.8,0.4158,0.5907054786925735,0.6289289904873169
1,1.0,0.5,1.8,0.41759999999999997,0.5927618412089549,0.6316311579905906
1,1.0,0.5,1.8,0.4194,0.5948120111000665,0.6342986857283134
1,1.0,0.5,1.8,0.42119999999999996,0.5968559678954183,0.6369306986114884
1,1.0,0.5,1.8,0.423,0.5988936911993724,0.6395263954059905
1,1.0,0.5,1.8,0.4248,0.6009251606913543,0.6420850505975727
1,1.0,0.5,1.8,0.4266,0.6029503561260607,0.6446060158929926
1,1.0,0.5,1.8,0.4284,0.6049692573336687,0.6470887213460752
1,1.0,0.5,1.8,0.43019999999999997,0.6069818442200392,0.6495326760997424
1,1.0,0.5,1.8,0.432,0.6089880967669242,0.6519374687372197
1,1.0,0.5,1.8,0.43379999999999996,0.610987995032169,0.6543027672379971
1,1.0,0.5,1.8,0.4356,0.6129815191499157,0.6566283185364693
1,1.0,0.5,1.8,0.4374,0.6149686493308029,0.6589139476837789
1,1.0,0.5,1.8,0.4392,0.6169493658621663,0.6611595566156743
1,1.0,0.5,1.8,0.441,0.6189236491082377,0.6633651225319465
1,1.0,0.5,1.8,0.44279999999999997,0.6208914795103403,0.6655306958953564
1,1.0,0.5,1.8,0.4446,0.6228528375870866,0.6676563980606509
1,1.0,0.5,1.8,0.44639999999999996,0.6248077039345721,0.6697424185465738
1,1.0,0.5,1.8,0.4482,0.6267560592265673,0.6717890119664182
1,1.0,0.5,1.8,0.45,0.6286978842147127,0.6737964946348706
1,1.0,0.5,1.8,0.4518,0.6306331597287061,0.6757652408713221
1,1.0,0.5,1.8,0.4536,0.6325618666764946,0.677695679021875
1,1.0,0.5,1.8,0.45539999999999997,0.6344839860444605,0.6795882872244778
1,1.0,0.5,1.8,0.4572,0.6363994988976095,0.6814435889434354
1,1.0,0.5,1.8,0.45899999999999996,0.6383083863797558,0.6832621483013489
1,1.0,0.5,1.8,0.4608,0.6402106297137053,0.6850445652381498
1,1.0,0.5,1.8,0.4626,0.6421062102014401,0.6867914705283139
1,1.0,0.5,1.8,0.4644,0.6439951092242975,0.6885035206884549
1,1.0,0.5,1.8,0.4662,0.6458773082431526,0.6901813928086428
1,1.0,0.5,1.8,0.46799999999999997,0.6477527887985958,0.6918257793414956
1,1.0,0.5,1.8,0.4698,0.6496215325111104,0.6934373828835915
1,1.0,0.5,1.8,0.47159999999999996,0.6514835210812487,0.6950169109841484
1,1.0,0.5,1.8,0.4734,0.6533387362898075,0.6965650710159292
1,1.0,0.5,1.8,0.4752,0.6551871599980007,0.6980825651431564
1,1.0,0.5,1.8,0.477,0.6570287741476314,0.6995700854207766
1,1.0,0.5,1.8,0.4788,0.6588635607612645,0.7010283090587371
1,1.0,0.5,1.8,0.48059999999999997,0.6606915019423938,0.7024578938839838
1,1.0,0.5,1.8,0.4824,0.6625125798756119,0.7038594740317736
1,1.0,0.5,1.8,0.48419999999999996,0.6643267768267757,0.7052336558963548
1,1.0,0.5,1.8,0.486,0.6661340751431732,0.7065810143695443
1,1.0,0.5,1.8,0.4878,0.6679344572536873,0.7079020893937619
1,1.0,0.5,1.8,0.4896,0.6697279056689578,0.7091973828541211
1,1.0,0.5,1.8,0.4914,0.6715144029815439,0.7104673558317001
1,1.0,0.5,1.8,0.49319999999999997,0.6732939318660833,0.7117124262379536
1,1.0,0.5,1.8,0.495,0.6750664750794533,0.7129329668472457
1,1.0,0.5,1.8,0.49679999999999996,0.676832015460924,0.7141293037421294
1,1.0,0.5,1.8,0.4986,0.6785905359323193,0.7153017151827133
1,1.0,0.5,1.8,0.5004,0.680342019498168,0.7164504309087565
1,1.0,0.5,1.8,0.5022,0.6820864492458595,0.7175756318799653
1,1.0,0.5,1.8,0.504,0.6838238083457939,0.7186774504567254
1,1.0,0.5,1.8,0.5058,0.6855540800515346,0.7197559710205853
1,1.0,0.5,1.8,0.5075999999999999,0.6872772476999571,0.7208112310303721
1,1.0,0.5,1.8,0.5094,0.6889932947113954,0.721843222506833
1,1.0,0.5,1.8,0.5112,0.6907022045897916,0.7228518939355018
1,1.0,0.5,1.8,0.513,0.6924039609228384,0.7238371525745287
1,1.0,0.5,1.8,0.5148,0.6940985473821253,0.7247988671509902
1,1.0,0.5,1.8,0.5166,0.6957859477232793,0.7257368709267665
1,1.0,0.5,1.8,0.5184,0.697466145786108,0.7266509651118295
1,1.0,0.5,1.8,0.5202,0.6991391254947384,0.7275409226007765
1,1.0,0.5,1.8,0.522,0.7008048708577549,0.7284064920054791
1,1.0,0.5,1.8,0.5237999999999999,0.7024633659683379,0.7292474019550492
1,1.0,0.5,1.8,0.5256,0.7041145950043991,0.7300633656319226
1,1.0,0.5,1.8,0.5274,0.7057585422287154,0.7308540855114316
1,1.0,0.5,1.8,0.5292,0.7073951919890629,0.731619258270465
1,1.0,0.5,1.8,0.531,0.7090245287183479,0.7323585798297344
1,1.0,0.5,1.8,0.5327999999999999,0.7106465369347376,0.7330717504931398
1,1.0,0.5,1.8,0.5346,0.7122612012417897,0.7337584801469368
1,1.0,0.5,1.8,0.5364,0.7138685063285796,0.7344184934810486
1,1.0,0.5,1.8,0.5382,0.7154684369698259,0.7350515351947096
1,1.0,0.5,1.8,0.54,0.7170609780260172,0.735657375148688
1,1.0,0.5,1.8,0.5418,0.718646114443534,0.7362358134267952
1,1.0,0.5,1.8,0.5436,0.7202238312547721,0.7367866852700923
1,1.0,0.5,1.8,0.5454,0.7217941135782627,0.7373098658480738
1,1.0,0.5,1.8,0.5472,0.7233569466187928,0.7378052748324377
1,1.0,0.5,1.8,0.5489999999999999,0.7249123156675221,0.7382728807404032
1,1.0,0.5,1.8,0.5508,0.7264602061021016,0.738712705016355
1,1.0,0.5,1.8,0.5526,0.7280006033867875,0.7391248258224374
1,1.0,0.5,1.8,0.5544,0.7295334930725554,0.7395093815109006
1,1.0,0.5,1.8,0.5562,0.731058860797214,0.739866573753373
1,1.0,0.5,1.8,0.5579999999999999,0.7325766922855163,0.7401966703045797
1,1.0,0.5,1.8,0.5598,0.734086973349268,0.7405000073809154
1,1.0,0.5,1.8,0.5616,0.7355896898874387,0.7407769916368402
1,1.0,0.5,1.8,0.5634,0.7370848278862676,0.7410281017250427
1,1.0,0.5,1.8,0.5652,0.7385723734193691,0.7412538894292652
1,1.0,0.5,1.8,0.567,0.7400523126478384,0.7414549803617783
1,1.0,0.5,1.8,0.5688,0.7415246318203547,0.7416320742203502
1,1.0,0.5,1.8,0.5706,0.7429893172732819,0.7417859446028424
1,1.0,0.5,1.8,0.5724,0.7444463554307705,0.7419174383805185
1,1.0,0.5,1.8,0.5741999999999999,0.7458957328048561,0.7420274746340407
1,1.0,0.5,1.8,0.576,0.7473374359955567,0.7421170431593456
1,1.0,0.5,1.8,0.5778,0.7487714516909704,0.7421872025532239
1,1.0,0.5,1.8,0.5796,0.750197766667369,0.7422390778912485
1,1.0,0.5,1.8,0.5814,0.7516163677892922,0.7422738580134177
1,1.0,0.5,1.8,0.5831999999999999,0.7530272420096417,0.7422927924352973
1,1.0,0.5,1.8,0.585,0.7544303763697688,0.7422971879047161
1,1.0,0.5,1.8,0.5868,0.7558257579995673,0.7422884046264401
1,1.0,0.5,1.8,0.5886,0.7572133741175595,0.7422678521789935
1,1.0,0.5,1.8,0.5904,0.7585932120309846,0.7422369851496621
1,1.0,0.5,1.8,0.5922,0.7599652591358836,0.7421972985153299
1,1.0,0.5,1.8,0.594,0.761329502917184,0.7421503227980324
1,1.0,0.5,1.8,0.5958,0.7626859309487821,0.7420976190252937
1,1.0,0.5,1.8,0.5976,0.7640345308936244,0.7420407735261318
1,1.0,0.5,1.8,0.5993999999999999,0.765375290503789,0.7419813925944677
1,1.0,0.5,1.8,0.6012,0.7667081976205633,0.741921097051705
1,1.0,0.5,1.8,0.603,0.7680332401745217,0.7418615167409423
1,1.0,0.5,1.8,0.6048,0.7693504061856025,0.7418042849848135
1,1.0,0.5,1.8,0.6066,0.7706596837631813,0.7417510330389122
1,1.0,0.5,1.8,0.6083999999999999,0.7719610611061456,0.7417033845722805
1,1.0,0.5,1.8,0.6102,0.7732545265029667,0.7416629502057098
1,1.0,0.5,1.8,0.612,0.7745400683317702,0.7416313221376758
1,1.0,0.5,1.8,0.6138,0.7758176750604058,0.7416100688868793
1,1.0,0.5,1.8,0.6156,0.7770873352465146,0.7416007301788585
1,1.0,0.5,1.8,0.6174,0.7783490375375968,0.7416048120029671
1,1.0,0.5,1.8,0.6192,0.7796027706710772,0.7416237818643249
1,1.0,0.5,1.8,0.621,0.7808485234743675,0.7416590642538295
1,1.0,0.5,1.8,0.6228,0.7820862848649317,0.7417120363573355
1,1.0,0.5,1.8,0.6245999999999999,0.7833160438503453,0.7417840240234149
1,1.0,0.5,1.8,0.6264,0.7845377895283564,0.7418762980070375
1,1.0,0.5,1.8,0.6282,0.7857515110869444,0.7419900705044578
1,1.0,0.5,1.8,0.63,0.7869571978043771,0.7421264919926406
1,1.0,0.5,1.8,0.6318,0.788154839049267,0.7422866483842357
1,1.0,0.5,1.8,0.6335999999999999,0.7893444242806259,0.7424715585071326
1,1.0,0.5,1.8,0.6354,0.7905259430479188,0.7426821719154187
1,1.0,0.5,1.8,0.6372,0.7916993849911151,0.7429193670364178
1,1.0,0.5,1.8,0.639,0.7928647398407401,0.7431839496563759
1,1.0,0.5,1.8,0.6408,0.7940219974179247,0.7434766517453297
1,1.0,0.5,1.8,0.6426,0.7951711476344518,0.7437981306195646
1,1.0,0.5,1.8,0.6444,0.7963121804928063,0.7441489684382744
1,1.0,0.5,1.8,0.6462,0.7974450860862172,0.7445296720289499
1,1.0,0.5,1.8,0.648,0.798569854598704,0.7449406730343747
1,1.0,0.5,1.8,0.6497999999999999,0.7996864763051186,0.745382328372325
1,1.0,0.5,1.8,0.6516,0.8007949415711872,0.7458549209974159
1,1.0,0.5,1.8,0.6534,0.8018952408535509,0.7463586609531604
1,1.0,0.5,1.8,0.6552,0.8029873646998036,0.7468936867007409
1,1.0,0.5,1.8,0.657,0.804071303748531,0.7474600667098917
1,1.0,0.5,1.8,0.6587999999999999,0.8051470487293455,0.7480578012959822
1,1.0,0.5,1.8,0.6606,0.8062145904629222,0.7486868246864471
1,1.0,0.5,1.8,0.6624,0.8072739198610329,0.7493470072988533
1,1.0,0.5,1.8,0.6642,0.808325027926577,0.7500381582119736
1,1.0,0.5,1.8,0.666,0.8093679057536147,0.7507600278107549
1,1.0,0.5,1.8,0.6678,0.8104025445273949,0.7515123105854341
1,1.0,0.5,1.8,0.6696,0.8114289355243851,0.7522946480647311
1,1.0,0.5,1.8,0.6714,0.8124470701122988,0.7531066318628468
1,1.0,0.5,1.8,0.6732,0.813456939750119,0.7539478068196288
1,1.0,0.5,1.8,0.6749999999999999,0.814458535988127,0.7548176742136209
1,1.0,0.5,1.8,0.6768,0.815451850467922,0.7557156950274048
1,1.0,0.5,1.8,0.6786,0.8164368749224451,0.7566412932452639
1,1.0,0.5,1.8,0.6804,0.8174136011759999,0.7575938591631834
1,1.0,0.5,1.8,0.6822,0.8183820211442722,0.7585727526918324
1,1.0,0.5,1.8,0.6839999999999999,0.8193421268343475,0.7595773066337326
1,1.0,0.5,1.8,0.6858,0.8202939103447286,0.7606068299162462
1,1.0,0.5,1.8,0.6876,0.8212373638653521,0.7616606107629895
1,1.0,0.5,1.8,0.6894,0.8221724796776007,0.7627379197868632
1,1.0,0.5,1.8,0.6912,0.8230992501543185,0.7638380129889797
1,1.0,0.5,1.8,0.693,0.824017667759822,0.7649601346484615
1,1.0,0.5,1.8,0.6948,0.8249277250499113,0.7661035200894265
1,1.0,0.5,1.8,0.6966,0.8258294146718781,0.7672673983122534
1,1.0,0.5,1.8,0.6984,0.8267227293645167,0.7684509944775323
1,1.0,0.5,1.8,0.7001999999999999,0.827607661958127,0.7696535322322889
1,1.0,0.5,1.8,0.702,0.8284842053745238,0.7708742358691313
1,1.0,0.5,1.8,0.7038,0.8293523526270389,0.7721123323104107
1,1.0,0.5,1.8,0.7056,0.8302120968205249,0.7733670529106891
1,1.0,0.5,1.8,0.7074,0.8310634311513582,0.7746376350720121
1,1.0,0.5,1.8,0.7091999999999999,0.8319063489074375,0.7759233236680114
1,1.0,0.5,1.8,0.711,0.8327408434681851,0.7772233722739275
1,1.0,0.5,1.8,0.7128,0.8335669083045444,0.7785370442011751
1,1.0,0.5,1.8,0.7146,0.8343845369789762,0.7798636133362472
1,1.0,0.5,1.8,0.7163999999999999,0.835193723145456,0.7812023647851106
1,1.0,0.5,1.8,0.7182,0.8359944605494668,0.7825525953254404
1,1.0,0.5,1.8,0.72,0.8367867430279939,0.7839136136704488
1,1.0,0.5,1.8,0.7218,0.8375705645095158,0.7852847405490603
1,1.0,0.5,1.8,0.7236,0.8383459190139948,0.7866653086084958
1,1.0,0.5,1.8,0.7253999999999999,0.8391128006528686,0.7880546621464618
1,1.0,0.5,1.8,0.7272,0.8398712036290363,0.7894521566810174
1,1.0,0.5,1.8,0.729,0.8406211222368469,0.7908571583675204
1,1.0,0.5,1.8,0.7308,0.8413625508620851,0.7922690432726228
1,1.0,0.5,1.8,0.7326,0.8420954839819559,0.793687196516445
1,1.0,0.5,1.8,0.7343999999999999,0.8428199161650685,0.7951110112947103
1,1.0,0.5,1.8,0.7362,0.8435358420714179,0.7965398877934031
1,1.0,0.5,1.8,0.738,0.8442432564523672,0.797973232008988
1,1.0,0.5,1.8,0.7398,0.8449421541506265,0.7994104544880037
1,1.0,0.5,1.8,0.7415999999999999,0.8456325301002318,0.8008509690000571
1,1.0,0.5,1.8,0.7434,0.8463143793265244,0.8022941911587869
1,1.0,0.5,1.8,0.7452,0.8469876969461244,0.8037395370053737
1,1.0,0.5,1.8,0.747,0.847652478166908,0.805186421569633
1,1.0,0.5,1.8,0.7488,0.8483087182879808,0.8066342574234711
1,1.0,0.5,1.8,0.7505999999999999,0.8489564126996509,0.8080824532416463
1,1.0,0.5,1.8,0.7524,0.8495955568834008,0.8095304123845026
1,1.0,0.5,1.8,0.7542,0.8502261464118572,0.8109775315171565
1,1.0,0.5,1.8,0.756,0.8508481769487614,0.8124231992792159
1,1.0,0.5,1.8,0.7578,0.8514616442489362,0.8138667950187004
1,1.0,0.5,1.8,0.7595999999999999,0.8520665441582549,0.8153076876032583
1,1.0,0.5,1.8,0.7614,0.8526628726136046,0.8167452343211583
1,1.0,0.5,1.8,0.7632,0.8532506256428535,0.8181787798838457
1,1.0,0.5,1.8,0.765,0.8538297993648131,0.8196076555410045
1,1.0,0.5,1.8,0.7667999999999999,0.8544003899892002,0.8210311783181813
1,1.0,0.5,1.8,0.7686,0.8549623938166002,0.8224486503862637
1,1.0,0.5,1.8,0.7704,0.8555158072384246,0.8238593585708001
1,1.0,0.5,1.8,0.7722,0.8560606267368724,0.8252625740084246
1,1.0,0.5,1.8,0.774,0.8565968488848865,0.8266575519562788
1,1.0,0.5,1.8,0.7757999999999999,0.8571244703461112,0.8280435317594124
1,1.0,0.5,1.8,0.7776,0.8576434878748477,0.82941973697979
1,1.0,0.5,1.8,0.7794,0.8581538983160084,0.830785375689505
1,1.0,0.5,1.8,0.7812,0.8586556986050705,0.8321396409294463
1,1.0,0.5,1.8,0.783,0.8591488857680281,0.8334817113336876
1,1.0,0.5,1.8,0.7847999999999999,0.8596334569213437,0.8348107519183563
1,1.0,0.5,1.8,0.7866,0.8601094092718984,0.8361259150329283
1,1.0,0.5,1.8,0.7884,0.8605767401169397,0.8374263414704423
1,1.0,0.5,1.8,0.7902,0.8610354468440313,0.8387111617321379
1,1.0,0.5,1.8,0.7919999999999999,0.8614855269309978,0.8399794974409751
1,1.0,0.5,1.8,0.7938,0.8619269779458723,0.8412304628973614
1,1.0,0.5,1.8,0.7956,0.8623597975468392,0.8424631667694104
1,1.0,0.5,1.8,0.7974,0.8627839834821791,0.8436767139094434
1,1.0,0.5,1.8,0.7992,0.8631995335902106,0.8448702072870217
1,1.0,0.5,1.8,0.8009999999999999,0.8636064457992322,0.8460427500286709
1,1.0,0.5,1.8,0.8028,0.8640047181274609,0.847193447553269
1,1.0,0.5,1.8,0.8046,0.8643943486829738,0.8483214097917428
1,1.0,0.5,1.8,0.8064,0.8647753356636444,0.8494257534789843
1,1.0,0.5,1.8,0.8082,0.8651476773570802,0.8505056045057218
1,1.0,0.5,1.8,0.8099999999999999,0.8655113721405593,0.8515601003174493
1,1.0,0.5,1.8,0.8118,0.8658664184809646,0.8525883923474522
1,1.0,0.5,1.8,0.8136,0.8662128149347181,0.8535896484707768
1,1.0,0.5,1.8,0.8154,0.8665505601477127,0.8545630554658769
1,1.0,0.5,1.8,0.8171999999999999,0.8668796528552466,0.8555078214706765
1,1.0,0.5,1.8,0.819,0.8672000918819508,0.8564231784200363
1,1.0,0.5,1.8,0.8208,0.867511876141721,0.8573083844516248
1,1.0,0.5,1.8,0.8226,0.8678150046376458,0.8581627262676002
1,1.0,0.5,1.8,0.8244,0.8681094764619346,0.8589855214398292
1,1.0,0.5,1.8,0.8261999999999999,0.8683952907958432,0.8597761206468567
1,1.0,0.5,1.8,0.828,0.8686724469096,0.8605339098311828
1,1.0,0.5,1.8,0.8298,0.8689409441623319,0.8612583122662127
1,1.0,0.5,1.8,0.8316,0.8692007820019858,0.8619487905226684
1,1.0,0.5,1.8,0.8334,0.8694519599652524,0.8626048483250336
1,1.0,0.5,1.8,0.8351999999999999,0.8696944776774874,0.8632260322892964
1,1.0,0.5,1.8,0.837,0.8699283348526322,0.8638119335340193
1,1.0,0.5,1.8,0.8388,0.8701535312931338,0.8643621891575621
1,1.0,0.5,1.8,0.8406,0.8703700668898631,0.8648764835751145
1,1.0,0.5,1.8,0.8423999999999999,0.870577941622032,0.865354549709999
1,1.0,0.5,1.8,0.8442,0.8707771555571104,0.8657961700345684
1,1.0,0.5,1.8,0.846,0.870967708850743,0.8662011774569701
1,1.0,0.5,1.8,0.8478,0.8711496017466621,0.8665694560506181
1,1.0,0.5,1.8,0.8496,0.8713228345766019,0.8669009416245037
1,1.0,0.5,1.8,0.8513999999999999,0.8714874077602125,0.8671956221328284
1,1.0,0.5,1.8,0.8532,0.8716433218049695,0.8674535379236467
1,1.0,0.5,1.8,0.855,0.8717905773060862,0.8676747818266531
1,1.0,0.5,1.8,0.8568,0.8719291749464236,0.8678594990813662
1,1.0,0.5,1.8,0.8586,0.872059115496399,0.8680078871073043
1,1.0,0.5,1.8,0.8603999999999999,0.8721803998138927,0.8681201951187538
1,1.0,0.5,1.8,0.8622,0.8722930288441574,0.8681967235871526
1,1.0,0.5,1.8,0.864,0.8723970036197222,0.868237823554869
1,1.0,0.5,1.8,0.8658,0.8724923252602991,0.8682438958045231
1,1.0,0.5,1.8,0.8675999999999999,0.8725789949726863,0.8682153898887989
1,1.0,0.5,1.8,0.8694,0.872657014050672,0.8681528030257564
1,1.0,0.5,1.8,0.8712,0.8727263838749363,0.8680566788655081
1,1.0,0.5,1.8,0.873,0.8727871059129538,0.8679276061340472
1,1.0,0.5,1.8,0.8748,0.8728391817188924,0.8677662171606418
1,1.0,0.5,1.8,0.8765999999999999,0.8728826129335145,0.8675731862953597
1,1.0,0.5,1.8,0.8784,0.8729174012840745,0.8673492282234537
1,1.0,0.5,1.8,0.8802,0.8729435485842177,0.8670950961835433
1,1.0,0.5,1.8,0.882,0.8729610567338761,0.8668115800967222
1,1.0,0.5,1.8,0.8838,0.8729699277191661,0.8664995046135855
1,1.0,0.5,1.8,0.8855999999999999,0.8729701636122814,0.8661597270865885
1,1.0,0.5,1.8,0.8874,0.8729617665713896,0.8657931354746073
1,1.0,0.5,1.8,0.8892,0.8729447388405234,0.8654006461871392
1,1.0,0.5,1.8,0.891,0.8729190827494755,0.8649832018750145
1,1.0,0.5,1.8,0.8927999999999999,0.8728848007136875,0.8645417691746857
1,1.0,0.5,1.8,0.8946,0.8728418952341438,0.8640773364129725
1,1.0,0.5,1.8,0.8964,0.8727903688972587,0.8635909112789293
1,1.0,0.5,1.8,0.8982,0.8727302243747671,0.8630835184694476
1,1.0,0.5,1.8,0.9,0.8726614644236125,0.8625561973149379
1,1.0,0.5,1.8,0.9017999999999999,0.8725840918858339,0.8620099993913385
1,1.0,0.5,1.8,0.9036,0.8724981096884524,0.8614459861243687
1,1.0,0.5,1.8,0.9054,0.872403520843358,0.8608652263919584
1,1.0,0.5,1.8,0.9072,0.872300328447193,0.8602687941302816
1,1.0,0.5,1.8,0.909,0.872188535681237,0.8596577659488555
1,1.0,0.5,1.8,0.9107999999999999,0.8720681458112893,0.8590332187599424
1,1.0,0.5,1.8,0.9126,0.8719391621875521,0.8583962274270286
1,1.0,0.5,1.8,0.9144,0.8718015882445119,0.8577478624373622
1,1.0,0.5,1.8,0.9162,0.8716554275008204,0.85708918760295
1,1.0,0.5,1.8,0.9179999999999999,0.8715006835591733,0.8564212577945293
1,1.0,0.5,1.8,0.9198,0.871337360106191,0.8557451167126217
1,1.0,0.5,1.8,0.9216,0.8711654609122969,0.8550617946997692
1,1.0,0.5,1.8,0.9234,0.8709849898315932,0.854372306597895
1,1.0,0.5,1.8,0.9252,0.8707959508017404,0.8536776496544299
1,1.0,0.5,1.8,0.9269999999999999,0.8705983478438313,0.8529788014808961
1,1.0,0.5,1.8,0.9288,0.8703921850622658,0.8522767180674712
1,1.0,0.5,1.8,0.9306,0.8701774666446279,0.8515723318568741
1,1.0,0.5,1.8,0.9324,0.869954196861557,0.8508665498808737
1,1.0,0.5,1.8,0.9341999999999999,0.8697223800666223,0.8501602519626599
1,1.0,0.5,1.8,0.9359999999999999,0.8694820206961938,0.8494542889882085
1,1.0,0.5,1.8,0.9378,0.8692331232693148,0.8487494812496347
1,1.0,0.5,1.8,0.9396,0.8689756923875713,0.8480466168635917
1,1.0,0.5,1.8,0.9414,0.8687097327349638,0.8473464502676115
1,1.0,0.5,1.8,0.9431999999999999,0.868435249077774,0.8466497007972565
1,1.0,0.5,1.8,0.945,0.8681522462644361,0.8459570513468982
1,1.0,0.5,1.8,0.9468,0.867860729225402,0.8452691471168804
1,1.0,0.5,1.8,0.9486,0.8675607029730096,0.8445865944497539
1,1.0,0.5,1.8,0.9504,0.8672521726013488,0.8439099597582377
1,1.0,0.5,1.8,0.9521999999999999,0.8669351432861269,0.8432397685473966
1,1.0,0.5,1.8,0.954,0.8666096202845338,0.8425765045336446
1,1.0,0.5,1.8,0.9558,0.8662756089351054,0.8419206088628013
1,1.0,0.5,1.8,0.9576,0.8659331146575878,0.8412724794297037
1,1.0,0.5,1.8,0.9593999999999999,0.8655821429527999,0.8406324703013457
1,1.0,0.5,1.8,0.9611999999999999,0.8652226994024947,0.8400008912457861
1,1.0,0.5,1.8,0.963,0.8648547896692217,0.8393780073686621
1,1.0,0.5,1.8,0.9648,0.8644784194961866,0.8387640388590599
1,1.0,0.5,1.8,0.9666,0.8640935947071123,0.8381591608464393
1,1.0,0.5,1.8,0.9683999999999999,0.8637003212060964,0.83756350336986
1,1.0,0.5,1.8,0.9702,0.8632986049774722,0.8369771514608274
1,1.0,0.5,1.8,0.972,0.8628884520856653,0.8364001453406675
1,1.0,0.5,1.8,0.9738,0.8624698686750502,0.8358324807331103
1,1.0,0.5,1.8,0.9756,0.8620428609698084,0.8352741092925844
1,1.0,0.5,1.8,0.9773999999999999,0.8616074352737841,0.8347249391482923
1,1.0,0.5,1.8,0.9792,0.8611635979703386,0.8341848355639631
1,1.0,0.5,1.8,0.981,0.8607113555222055,0.8336536217127816
1,1.0,0.5,1.8,0.9828,0.8602507144713458,0.8331310795666305
1,1.0,0.5,1.8,0.9845999999999999,0.8597816814387993,0.8326169508985002
1,1.0,0.5,1.8,0.9863999999999999,0.8593042631245389,0.8321109383964503
1,1.0,0.5,1.8,0.9882,0.8588184663073227,0.8316127068872556
1,1.0,0.5,1.8,0.99,0.8583242978445443,0.8311218846672765
1,1.0,0.5,1.8,0.9918,0.8578217646720857,0.8306380649378866
1,1.0,0.5,1.8,0.9935999999999999,0.8573108738041658,0.8301608073422826
1,1.0,0.5,1.8,0.9954,0.8567916323331911,0.8296896396000569
1,1.0,0.5,1.8,0.9972,0.8562640474296042,0.829224059235593
1,1.0,0.5,1.8,0.999,0.8557281263417333,0.8287635353958164
1,1.0,0.5,1.8,1.0008,0.8551838763956398,0.82830751075257
1,1.0,0.5,1.8,1.0026,0.8546313049949635,0.8278554034842955
1,1.0,0.5,1.8,1.0044,0.8540704196207735,0.8274066093314628
1,1.0,0.5,1.8,1.0062,0.8535012278314108,0.8269605037197777
1,1.0,0.5,1.8,1.008,0.8529237372623353,0.8265164439447817
1,1.0,0.5,1.8,1.0098,0.852337955625971,0.8260737714111367
1,1.0,0.5,1.8,1.0116,0.8517438907115504,0.8256318139196416
1,1.0,0.5,1.8,1.0134,0.8511415503849581,0.8251898879946221
1,1.0,0.5,1.8,1.0151999999999999,0.8505309425885736,0.8247473012441522
1,1.0,0.5,1.8,1.017,0.849912075341116,0.8243033547452473
1,1.0,0.5,1.8,1.0188,0.8492849567374842,0.8238573454461107
1,1.0,0.5,1.8,1.0206,0.8486495949485995,0.8234085685771315
1,1.0,0.5,1.8,1.0224,0.8480059982212476,0.8229563200624178
1,1.0,0.5,1.8,1.0242,0.8473541748779176,0.8224998989234306
1,1.0,0.5,1.8,1.026,0.8466941333166437,0.8220386096661954
1,1.0,0.5,1.8,1.0278,0.8460258820108431,0.8215717646437554
1,1.0,0.5,1.8,1.0296,0.845349429509157,0.8210986863852829
1,1.0,0.5,1.8,1.0313999999999999,0.8446647844352885,0.820618709883578
1,1.0,0.5,1.8,1.0332,0.843971955487839,0.8201311848326474
1,1.0,0.5,1.8,1.035,0.8432709514401489,0.8196354778073236
1,1.0,0.5,1.8,1.0368,0.8425617811401317,0.8191309743769715
1,1.0,0.5,1.8,1.0386,0.8418444535101128,0.8186170811456686
1,1.0,0.5,1.8,1.0404,0.8411189775466644,0.8180932277115245
1,1.0,0.5,1.8,1.0422,0.8403853623204411,0.817558868537973
1,1.0,0.5,1.8,1.044,0.8396436169760152,0.8170134847305616
1,1.0,0.5,1.8,1.0458,0.8388937507317121,0.8164565857126952
1,1.0,0.5,1.8,1.0475999999999999,0.8381357728794434,0.8158877107946882
1,1.0,0.5,1.8,1.0493999999999999,0.8373696927845409,0.8153064306306205
1,1.0,0.5,1.8,1.0512,0.8365955198855903,0.8147123485580575
1,1.0,0.5,1.8,1.053,0.8358132636942636,0.8141051018163403
1,1.0,0.5,1.8,1.0548,0.8350229337951508,0.8134843626394073
1,1.0,0.5,1.8,1.0566,0.8342245398455939,0.8128498392200267
1,1.0,0.5,1.8,1.0584,0.8334180915755155,0.8122012765425074
1,1.0,0.5,1.8,1.0602,0.8326035987872524,0.8115384570818138
1,1.0,0.5,1.8,1.062,0.8317810713553847,0.8108612013674402
1,1.0,0.5,1.8,1.0638,0.8309505192265658,0.8101693684110913
1,1.0,0.5,1.8,1.0655999999999999,0.830111952419353,0.8094628559977322
1,1.0,0.5,1.8,1.0674,0.8292653810240365,0.8087416008401223
1,1.0,0.5,1.8,1.0692,0.8284108152024678,0.808005578597698
1,1.0,0.5,1.8,1.071,0.827548265187889,0.807254803760988
1,1.0,0.5,1.8,1.0728,0.8266777412847603,0.8064893294036031
1,1.0,0.5,1.8,1.0746,0.8257992538685871,0.8057092468039938
1,1.0,0.5,1.8,1.0764,0.8249128133857488,0.8049146849401013
1,1.0,0.5,1.8,1.0782,0.8240184303533246,0.804105809860213
1,1.0,0.5,1.8,1.08,0.8231161153589198,0.8032828239339569
1,1.0,0.5,1.8,1.0817999999999999,0.8222058790604928,0.8024459649876877
1,1.0,0.5,1.8,1.0836,0.8212877321861797,0.8015955053291611
1,1.0,0.5,1.8,1.0854,0.8203616855341205,0.8007317506664331
1,1.0,0.5,1.8,1.0872,0.8194277499722837,0.7998550389265935
1,1.0,0.5,1.8,1.089,0.8184859364382914,0.798965738979996
1,1.0,0.5,1.8,1.0908,0.8175362559392425,0.7980642492761357
1,1.0,0.5,1.8,1.0926,0.8165787195515375,0.7971509963973777
1,1.0,0.5,1.8,1.0944,0.8156133384207014,0.796226433537054
1,1.0,0.5,1.8,1.0962,0.8146401237612076,0.79529103890861
1,1.0,0.5,1.8,1.0979999999999999,0.8136590868563006,0.7943453140925095
1,1.0,0.5,1.8,1.0997999999999999,0.8126702390578167,0.7933897823278273
1,1.0,0.5,1.8,1.1016,0.8116735917860094,0.7924249867554077
1,1.0,0.5,1.8,1.1034,0.8106691565293683,0.7914514886195664
1,1.0,0.5,1.8,1.1052,0.8096569448444422,0.7904698654352016
1,1.0,0.5,1.8,1.107,0.8086369683556596,0.7894807091272676
1,1.0,0.5,1.8,1.1088,0.8076092387551502,0.7884846241493454
1,1.0,0.5,1.8,1.1106,0.8065737678025645,0.7874822255880214
1,1.0,0.5,1.8,1.1124,0.8055305673248946,0.786474137259642
1,1.0,0.5,1.8,1.1142,0.8044796492162939,0.7854609898057973
1,1.0,0.5,1.8,1.1159999999999999,0.8034210254378974,0.7844434187937959
1,1.0,0.5,1.8,1.1178,0.8023547080176396,0.7834220628280477
1,1.0,0.5,1.8,1.1196,0.8012807090500751,0.782397561678229
1,1.0,0.5,1.8,1.1214,0.8001990406961962,0.7813705544296515
1,1.0,0.5,1.8,1.1232,0.7991097151832516,0.7803416776611869
1,1.0,0.5,1.8,1.125,0.7980127448045651,0.7793115636556678
1,1.0,0.5,1.8,1.1268,0.796908141919353,0.7782808386475322
1,1.0,0.5,1.8,1.1286,0.7957959189525412,0.7772501211120785
1,1.0,0.5,1.8,1.1304,0.7946760883945846,0.7762200201005202
1,1.0,0.5,1.8,1.1321999999999999,0.793548662801281,0.7751911336245316
1,1.0,0.5,1.8,1.134,0.7924136547935905,0.7741640470938836
1,1.0,0.5,1.8,1.1358,0.7912710770574514,0.7731393318103288
1,1.0,0.5,1.8,1.1376,0.790120942343596,0.7721175435206148
1,1.0,0.5,1.8,1.1394,0.788963263467367,0.7710992210311759
1,1.0,0.5,1.8,1.1412,0.7877980533085334,0.7700848848867909
1,1.0,0.5,1.8,1.143,0.7866253248111061,0.7690750361151968
1,1.0,0.5,1.8,1.1448,0.7854450909831533,0.7680701550392053
1,1.0,0.5,1.8,1.1466,0.7842573648966149,0.7670707001579259
1,1.0,0.5,1.8,1.1483999999999999,0.7830621596871186,0.7660771070979157
1,1.0,0.5,1.8,1.1502,0.7818594885537933,0.7650897876352851
1,1.0,0.5,1.8,1.152,0.780649364759085,0.7641091287892431
1,1.0,0.5,1.8,1.1538,0.7794318016285692,0.7631354919874019
1,1.0,0.5,1.8,1.1556,0.7782068125507672,0.762169212302834
1,1.0,0.5,1.8,1.1574,0.7769744109769572,0.7612105977628325
1,1.0,0.5,1.8,1.1592,0.7757346104209905,0.7602599287288889
1,1.0,0.5,1.8,1.161,0.774487424459103,0.7593174573472794
1,1.0,0.5,1.8,1.1628,0.7732328667297298,0.7583834070695352
1,1.0,0.5,1.8,1.1645999999999999,0.7719709509333175,0.757457972241735
1,1.0,0.5,1.8,1.1663999999999999,0.7707016908321364,0.7565413177614773
1,1.0,0.5,1.8,1.1682,0.7694251002500948,0.7556335788012297
1,1.0,0.5,1.8,1.17,0.7681411930725505,0.7547348605965856
1,1.0,0.5,1.8,1.1718,0.7668499832461221,0.7538452382977703
1,1.0,0.5,1.8,1.1736,0.7655514847785037,0.7529647568827751
1,1.0,0.5,1.8,1.1754,0.7642457117382743,0.7520934311301406
1,1.0,0.5,1.8,1.1772,0.7629326782547109,0.7512312456495891
1,1.0,0.5,1.8,1.179,0.7616123985176001,0.7503781549683773
1,1.0,0.5,1.8,1.1808,0.760284886777049,0.7495340836713867
1,1.0,0.5,1.8,1.1825999999999999,0.7589501573432972,0.7486989265926728
1,1.0,0.5,1.8,1.1844,0.757608224586527,0.7478725490563866
1,1.0,0.5,1.8,1.1862,0.7562591029366759,0.7470547871647487
1,1.0,0.5,1.8,1.188,0.7549028068832461,0.7462454481309049
1,1.0,0.5,1.8,1.1898,0.7535393509751153,0.7454443106542696
1,1.0,0.5,1.8,1.1916,0.7521687498203495,0.7446511253362327
1,1.0,0.5,1.8,1.1934,0.7507910180860099,0.7438656151338332
1,1.0,0.5,1.8,1.1952,0.7494061704979657,0.7430874758492553
1,1.0,0.5,1.8,1.197,0.7480142218407043,0.7423163766528792
1,1.0,0.5,1.8,1.1987999999999999,0.7466151869571411,0.7415519606377675
1,1.0,0.5,1.8,1.2006,0.7452090807484274,0.7407938454034015
1,1.0,0.5,1.8,1.2024,0.743795918173764,0.7400416236667033
1,1.0,0.5,1.8,1.2042,0.7423757142502088,0.7392948638982543
1,1.0,0.5,1.8,1.206,0.7409484840524859,0.738553110981868
1,1.0,0.5,1.8,1.2078,0.7395142427127965,0.7378158868956538
1,1.0,0.5,1.8,1.2096,0.7380730054206284,0.7370826914128181
1,1.0,0.5,1.8,1.2114,0.7366247874225642,0.7363530028205726
1,1.0,0.5,1.8,1.2132,0.7351696040220915,0.7356262786556024
1,1.0,0.5,1.8,1.2149999999999999,0.7337074705794117,0.7349019564545863
1,1.0,0.5,1.8,1.2167999999999999,0.7322384025112495,0.7341794545185144
1,1.0,0.5,1.8,1.2186,0.730762415290661,0.7334581726895012
1,1.0,0.5,1.8,1.2204,0.7292795244468439,0.7327374931389659
1,1.0,0.5,1.8,1.2222,0.7277897455649458,0.7320167811662172
1,1.0,0.5,1.8,1.224,0.7262930942858725,0.7312953860064688
1,1.0,0.5,1.8,1.2258,0.7247895863060976,0.7305726416475128
1,1.0,0.5,1.8,1.2276,0.7232792373774708,0.729847867654393
1,1.0,0.5,1.8,1.2294,0.7217620633070259,0.7291203700014111
1,1.0,0.5,1.8,1.2312,0.72023807995679,0.7283894419110447
1,1.0,0.5,1.8,1.2329999999999999,0.7187073032435929,0.727654364699351
1,1.0,0.5,1.8,1.2348,0.7171697491388737,0.7269144086275526
1,1.0,0.5,1.8,1.2366,0.7156254336684891,0.7261688337596066
1,1.0,0.5,1.8,1.2384,0.7140743729125246,0.7254168908256161
1,1.0,0.5,1.8,1.2402,0.7125165830051001,0.7246578220909808
1,1.0,0.5,1.8,1.242,0.7109520801341785,0.7238908622313629
1,1.0,0.5,1.8,1.2438,0.7093808805413745,0.7231152392134963
1,1.0,0.5,1.8,1.2456,0.7078030005217634,0.7223301751819042
1,1.0,0.5,1.8,1.2474,0.7062184564236877,0.7215348873518022
1,1.0,0.5,1.8,1.2491999999999999,0.7046272646485668,0.720728588908254
1,1.0,0.5,1.8,1.251,0.7030294416507036,0.7199104899119237
1,1.0,0.5,1.8,1.2528,0.7014250039370941,0.7190797982115843
1,1.0,0.5,1.8,1.2546,0.6998139680672347,0.7182357203637011
1,1.0,0.5,1.8,1.2564,0.6981963506529302,0.7173774625593445
1,1.0,0.5,1.8,1.2582,0.6965721683581022,0.7165042315586733
1,1.0,0.5,1.8,1.26,0.6949414378985966,0.7156152356332987
1,1.0,0.5,1.8,1.2618,0.6933041760419927,0.714709685516749
1,1.0,0.5,1.8,1.2636,0.6916603996074101,0.7137867953632272
1,1.0,0.5,1.8,1.2653999999999999,0.6900101254653176,0.7128457837149351
1,1.0,0.5,1.8,1.2671999999999999,0.6883533705373406,0.7118858744780194
1,1.0,0.5,1.8,1.269,0.6866901517960687,0.7109062979073647
1,1.0,0.5,1.8,1.2708,0.6850204862648666,0.7099062916002035
1,1.0,0.5,1.8,1.2726,0.6833443910176779,0.7088851014986561
1,1.0,0.5,1.8,1.2744,0.6816618831788366,0.7078419829010724
1,1.0,0.5,1.8,1.2762,0.6799729799228736,0.7067762014821408
1,1.0,0.5,1.8,1.278,0.678277698474326,0.7056870343215449
1,1.0,0.5,1.8,1.2798,0.6765760561075426,0.7045737709409231
1,1.0,0.5,1.8,1.2816,0.6748680701464963,0.703435714348842
1,1.0,0.5,1.8,1.2833999999999999,0.6731537579645887,0.7022721820933112
1,1.0,0.5,1.8,1.2852,0.6714331369844602,0.7010825073213847
1,1.0,0.5,1.8,1.287,0.6697062246777964,0.699866039845194
1,1.0,0.5,1.8,1.2888,0.6679730385651393,0.6986221472137738
1,1.0,0.5,1.8,1.2906,0.6662335962156943,0.6973502157898225
1,1.0,0.5,1.8,1.2924,0.6644879152471365,0.696049651830487
1,1.0,0.5,1.8,1.2942,0.662736013325423,0.6947198825711186
1,1.0,0.5,1.8,1.296,0.6609779081645988,0.6933603573108605
1,1.0,0.5,1.8,1.2978,0.6592136175266057,0.6919705484987616
1,1.0,0.5,1.8,1.2995999999999999,0.6574431592210918,0.6905499528189566
1,1.0,0.5,1.8,1.3014,0.6556665511052182,0.6890980922733329
1,1.0,0.5,1.8,1.3032,0.6538838110834709,0.6876145152600397
1,1.0,0.5,1.8,1.305,0.6520949571074667,0.6860987976458351
1,1.0,0.5,1.8,1.3068,0.6503000071757631,0.6845505438303441
1,1.0,0.5,1.8,1.3086,0.6484989793336682,0.6829693877999489
1,1.0,0.5,1.8,1.3104,0.6466918916730464,0.6813549941689964
1,1.0,0.5,1.8,1.3122,0.6448787623321316,0.6797070592057245
1,1.0,0.5,1.8,1.314,0.6430596094953343,0.678025311840277
1,1.0,0.5,1.8,1.3157999999999999,0.6412344513930501,0.6763095146518152
1,1.0,0.5,1.8,1.3175999999999999,0.6394033063014698,0.6745594648317343
1,1.0,0.5,1.8,1.3194,0.6375661925423893,0.6727749951197082
1,1.0,0.5,1.8,1.3212,0.6357231284830186,0.6709559747091505
1,1.0,0.5,1.8,1.323,0.6338741325357893,0.6691023101185389
1,1.0,0.5,1.8,1.3248,0.6320192231581674,0.6672139460247717
1,1.0,0.5,1.8,1.3266,0.6301584188524628,0.665290866054766
1,1.0,0.5,1.8,1.3284,0.6282917381656355,0.6633330935311607
1,1.0,0.5,1.8,1.3302,0.6264191996891085,0.6613406921679427
1,1.0,0.5,1.8,1.332,0.6245408220585787,0.6593137667117654
1,1.0,0.5,1.8,1.3337999999999999,0.622656623953823,0.6572524635244805
1,1.0,0.5,1.8,1.3356,0.6207666240985119,0.65515697110236
1,1.0,0.5,1.8,1.3374,0.6188708412600188,0.6530275205276
1,1.0,0.5,1.8,1.3392,0.6169692942492304,0.6508643858472914
1,1.0,0.5,1.8,1.341,0.6150620019203561,0.6486678843754421
1,1.0,0.5,1.8,1.3428,0.61314898317074,0.6464383769133275
1,1.0,0.5,1.8,1.3446,0.6112302569406719,0.6441762678836529
1,1.0,0.5,1.8,1.3464,0.6093058422131952,0.6418820053740495
1,1.0,0.5,1.8,1.3482,0.6073757580139214,0.6395560810855089
1,1.0,0.5,1.8,1.3499999999999999,0.6054400234108394,0.6371990301815819
1,1.0,0.5,1.8,1.3518,0.6034986575141262,0.6348114310341992
1,1.0,0.5,1.8,1.3536,0.6015516794759591,0.6323939048624468
1,1.0,0.5,1.8,1.3554,0.5995991084903275,0.6299471152605182
1,1.0,0.5,1.8,1.3572,0.5976409637928418,0.6274717676118065
1,1.0,0.5,1.8,1.359,0.5956772646605485,0.6249686083860339
1,1.0,0.5,1.8,1.3608,0.5937080304117396,0.6224384243169752
1,1.0,0.5,1.8,1.3626,0.5917332804057661,0.619882041458583
1,1.0,0.5,1.8,1.3644,0.5897530340428475,0.6173003241178789
1,1.0,0.5,1.8,1.3661999999999999,0.5877673107638876,0.6146941736634082
1,1.0,0.5,1.8,1.3679999999999999,0.5857761300502817,0.6120645272085936
1,1.0,0.5,1.8,1.3698,0.583779511423736,0.6094123561699106
1,1.0,0.5,1.8,1.3716,0.5817774744460726,0.6067386647003259
1,1.0,0.5,1.8,1.3734,0.5797700387190481,0.6040444879991417
1,1.0,0.5,1.8,1.3752,0.5777572238841632,0.6013308904999707
1,1.0,0.5,1.8,1.377,0.5757390496224764,0.5985989639392203
1,1.0,0.5,1.8,1.3788,0.5737155356544178,0.5958498253081363
1,1.0,0.5,1.8,1.3806,0.571686701739602,0.5930846146922277
1,1.0,0.5,1.8,1.3824,0.5696525676766397,0.5903044930023628
1,1.0,0.5,1.8,1.3841999999999999,0.567613153302955,0.5875106396028242
1,1.0,0.5,1.8,1.386,0.5655684784945957,0.5847042498419945
1,1.0,0.5,1.8,1.3878,0.5635185631660491,0.5818865324921829
1,1.0,0.5,1.8,1.3896,0.5614634272700549,0.5790587071057895
1,1.0,0.5,1.8,1.3914,0.5594030907974195,0.5762220012954915
1,1.0,0.5,1.8,1.3932,0.5573375737768312,0.5733776479468861
1,1.0,0.5,1.8,1.395,0.5552668962746736,0.5705268823725551
1,1.0,0.5,1.8,1.3968,0.553191078394841,0.5676709394170413
1,1.0,0.5,1.8,1.3986,0.5511101402785531,0.564811050522767
1,1.0,0.5,1.8,1.4003999999999999,0.549024102104169,0.5619484407673401
1,1.0,0.5,1.8,1.4022,0.5469329840870024,0.5590843258831456
1,1.0,0.5,1.8,1.404,0.544836806479139,0.5562199092703826
1,1.0,0.5,1.8,1.4058,0.54273558956925,0.5533563790151397
1,1.0,0.5,1.8,1.4076,0.540629353682407,0.5504949049241455
1,1.0,0.5,1.8,1.4094,0.5385181191799002,0.5476366355881547
1,1.0,0.5,1.8,1.4112,0.5364019064590524,0.5447826954858822
1,1.0,0.5,1.8,1.413,0.5342807359530352,0.5419341821405376
1,1.0,0.5,1.8,1.4148,0.5321546281306855,0.5390921633408754
1,1.0,0.5,1.8,1.4165999999999999,0.5300236034963238,0.5362576744385588
1,1.0,0.5,1.8,1.4183999999999999,0.5278876825895675,0.5334317157334814
1,1.0,0.5,1.8,1.4202,0.52574688598515,0.5306152499583665
1,1.0,0.5,1.8,1.422,0.5236012342927368,0.5278091998736556
1,1.0,0.5,1.8,1.4238,0.5214507481567436,0.5250144459832298
1,1.0,0.5,1.8,1.4256,0.5192954482561509,0.5222318243810761
1,1.0,0.5,1.8,1.4274,0.5171353553043254,0.5194621247384469
1,1.0,0.5,1.8,1.4292,0.5149704900488351,0.5167060884404104
1,1.0,0.5,1.8,1.431,0.5128008732712669,0.513964406880038
1,1.0,0.5,1.8,1.4327999999999999,0.5106265257870468,0.5112377199177857
1,1.0,0.5,1.8,1.4345999999999999,0.5084474684452551,0.5085266145127516
1,1.0,0.5,1.8,1.4364,0.5062637221284484,0.5058316235317956
1,1.0,0.5,1.8,1.4382,0.5040753077524738,0.5031532247415006
1,1.0,0.5,1.8,1.44,0.5018822462662915,0.5004918399871932
1,1.0,0.5,1.8,1.4418,0.4996845586517926,0.49784783456223497
1,1.0,0.5,1.8,1.4436,0.4974822659236166,0.4952215167698519
1,1.0,0.5,1.8,1.4454,0.4952753891289729,0.49261313767889253
1,1.0,0.5,1.8,1.4472,0.49306394934745956,0.4900228910738272
1,1.0,0.5,1.8,1.449,0.49084796769088107,0.4874509135983998
1,1.0,0.5,1.8,1.4507999999999999,0.488627465303072,0.48489728509142815
1,1.0,0.5,1.8,1.4526,0.4864024633597133,0.48236202911215226
1,1.0,0.5,1.8,1.4544,0.4841729830681556,0.4798451136517948
1,1.0,0.5,1.8,1.4562,0.4819390456672367,0.47734645202693576
1,1.0,0.5,1.8,1.458,0.479700672427105,0.4748659039495359
1,1.0,0.5,1.8,1.4598,0.47745788464903904,0.4724032767675404
1,1.0,0.5,1.8,1.4616,0.47521070366526674,0.46995832686929057
1,1.0,0.5,1.8,1.4634,0.4729591508387902,0.46753076124412646
1,1.0,0.5,1.8,1.4652,0.4707032475632048,0.4651202391909636
1,1.0,0.5,1.8,1.4669999999999999,0.4684430152625206,0.46272637416596546
1,1.0,0.5,1.8,1.4687999999999999,0.46617847539098467,0.4603487357598448
1,1.0,0.5,1.8,1.4706,0.463909649432904,0.4579868517948759
1,1.0,0.5,1.8,1.4724,0.46163655890246613,0.4556402105311951
1,1.0,0.5,1.8,1.4742,0.4593592253435615,0.4533082629716516
1,1.0,0.5,1.8,1.476,0.45707767032960755,0.4509904252541605
1,1.0,0.5,1.8,1.4778,0.4547919154633706,0.44868608112027
1,1.0,0.5,1.8,1.4796,0.45250198237678746,0.44639458444850455
1,1.0,0.5,1.8,1.4814,0.45020789273079087,0.4441152618409867
1,1.0,0.5,1.8,1.4831999999999999,0.4479096682151325,0.4418474152517799
1,1.0,0.5,1.8,1.4849999999999999,0.44560733054820334,0.4395903246455073
1,1.0,0.5,1.8,1.4868,0.44330090147686124,0.43734325067489
1,1.0,0.5,1.8,1.4886,0.44099040277625373,0.43510543736604884
1,1.0,0.5,1.8,1.4904,0.4386758562496417,0.43287611480064253
1,1.0,0.5,1.8,1.4922,0.43635728372822274,0.4306545017842987
1,1.0,0.5,1.8,1.494,0.4340347070709582,0.42843980849104596
1,1.0,0.5,1.8,1.4958,0.43170814816439546,0.42623123907399296
1,1.0,0.5,1.8,1.4976,0.42937762892249376,0.42402799423285004
1,1.0,0.5,1.8,1.4994,0.4270431712864497,0.42182927372949264
1,1.0,0.5,1.8,1.5011999999999999,0.4247047972245227,0.41963427884324733
1,1.0,0.5,1.8,1.503,0.422362528731859,0.4174422147581496
1,1.0,0.5,1.8,1.5048,0.4200163878303187,0.41525229287509413
1,1.0,0.5,1.8,1.5066,0.41766639656830085,0.4130637330423109
1,1.0,0.5,1.8,1.5084,0.4153125770205714,0.41087576569834566
1,1.0,0.5,1.8,1.5102,0.41295495128808635,0.40868763392228497
1,1.0,0.5,1.8,1.512,0.41059354149782135,0.4064985953866731
1,1.0,0.5,1.8,1.5138,0.4082283698025964,0.40430792420920925
1,1.0,0.5,1.8,1.5156,0.405859458380903,0.402114912699921
1,1.0,0.5,1.8,1.5173999999999999,0.40348682943673286,0.39991887300122664
1,1.0,0.5,1.8,1.5191999999999999,0.40111050519940167,0.3977191386188388
1,1.0,0.5,1.8,1.521,0.39873050792338116,0.39551506584212975
1,1.0,0.5,1.8,1.5228,0.3963468598881228,0.39330603505312234
1,1.0,0.5,1.8,1.5246,0.3939595833978881,0.3910914519238438
1,1.0,0.5,1.8,1.5264,0.3915687007815764,0.3888707485023097
1,1.0,0.5,1.8,1.5282,0.38917423439255117,0.3866433841878896
1,1.0,0.5,1.8,1.53,0.3867762066084709,0.3844088465972608
1,1.0,0.5,1.8,1.5318,0.38437463983111686,0.38216665232261465
1,1.0,0.5,1.8,1.5335999999999999,0.38196955648622155,0.3799163475840845
1,1.0,0.5,1.8,1.5353999999999999,0.37956097902329755,0.3776575087788398
1,1.0,0.5,1.8,1.5372,0.3771489299154685,0.3753897429294455
1,1.0,0.5,1.8,1.539,0.37473343165929746,0.37311268803445413
1,1.0,0.5,1.8,1.5408,0.3723145067746145,0.37082601332440196
1,1.0,0.5,1.8,1.5426,0.36989217780435024,0.36852941942652223
1,1.0,0.5,1.8,1.5444,0.36746646731436416,0.3662226384416945
1,1.0,0.5,1.8,1.5462,0.36503739789327366,0.36390543393718894
1,1.0,0.5,1.8,1.548,0.36260499215228653,0.3615776008589035
1,1.0,0.5,1.8,1.5498,0.3601692727250307,0.3592389653667877
1,1.0,0.5,1.8,1.5515999999999999,0.3577302622673846,0.3568893845971534
1,1.0,0.5,1.8,1.5534,0.3552879834573075,0.35452874635554793
1,1.0,0.5,1.8,1.5552,0.3528424589946736,0.3521569687438721
1,1.0,0.5,1.8,1.557,0.35039371160110094,0.34977399972523887
1,1.0,0.5,1.8,1.5588,0.3479417640197827,0.34737981663008793
1,1.0,0.5,1.8,1.5606,0.3454866390153208,0.34497442560689445
1,1.0,0.5,1.8,1.5624,0.3430283593735571,0.3425578610207093
1,1.0,0.5,1.8,1.5642,0.3405669479014036,0.34013018480262286
1,1.0,0.5,1.8,1.566,0.338102427426678,0.3376914857531167
1,1.0,0.5,1.8,1.5677999999999999,0.3356348207979349,0.3352418788021022
1,1.0,0.5,1.8,1.5695999999999999,0.3331641508842971,0.3327815042283157
1,1.0,0.5,1.8,1.5714,0.3306904405752899,0.3303105268405963
1,1.0,0.5,1.8,1.5732,0.32821371278067457,0.3278291351234062
1,1.0,0.5,1.8,1.575,0.3257339904302815,0.3253375403488622
1,1.0,0.5,1.8,1.5768,0.3232512964738408,0.3228359756574097
1,1.0,0.5,1.8,1.5786,0.3207656538808203,0.3203246951091405
1,1.0,0.5,1.8,1.5804,0.31827708564025725,0.31780397270770633
1,1.0,0.5,1.8,1.5822,0.31578561476059097,0.31527410139868406
1,1.0,0.5,1.8,1.5839999999999999,0.3132912642695,0.31273539204416356
1,1.0,0.5,1.8,1.5857999999999999,0.3107940572137336,0.3101881723753443
1,1.0,0.5,1.8,1.5876,0.30829401665894834,0.3076327859248759
1,1.0,0.5,1.8,1.5894,0.3057911656895412,0.3050695909406628
1,1.0,0.5,1.8,1.5912,0.3032855274084862,0.30249895928291803
1,1.0,0.5,1.8,1.593,0.30077712493716846,0.29992127530624535
1,1.0,0.5,1.8,1.5948,0.2982659814152185,0.29733693472864
1,1.0,0.5,1.8,1.5966,0.29575212000034995,0.29474634348932
1,1.0,0.5,1.8,1.5984,0.29323556386819366,0.29214991659743533
1,1.0,0.5,1.8,1.6002,0.29071633621213216,0.28954807697381024
1,1.0,0.5,1.8,1.6019999999999999,0.2881944602431395,0.28694125428797523
1,1.0,0.5,1.8,1.6038,0.2856699591896128,0.2843298837928933
1,1.0,0.5,1.8,1.6056,0.2831428562972127,0.2817144051599532
1,1.0,0.5,1.8,1.6074,0.28061317482869597,0.2790952613169037
1,1.0,0.5,1.8,1.6092,0.2780809380637558,0.2764728972916071
1,1.0,0.5,1.8,1.611,0.27554616929885534,0.2738477590646133
1,1.0,0.5,1.8,1.6128,0.2730088918470665,0.27122029243373486
1,1.0,0.5,1.8,1.6146,0.2704691290379072,0.26859094189393196
1,1.0,0.5,1.8,1.6164,0.2679269042171781,0.26596014953597874
1,1.0,0.5,1.8,1.6181999999999999,0.26538224074679956,0.26332835396748355
1,1.0,0.5,1.8,1.6199999999999999,0.26283516200464996,0.26069598926000487
1,1.0,0.5,1.8,1.6218,0.2602856913844031,0.2580634839260431
1,1.0,0.5,1.8,1.6236,0.2577338522953673,0.2554312599298186
1,1.0,0.5,1.8,1.6254,0.25517966816232146,0.2527997317357946
1,1.0,0.5,1.8,1.6272,0.25262316242535504,0.25016930539890114
1,1.0,0.5,1.8,1.629,0.25006435853970627,0.24754037770051185
1,1.0,0.5,1.8,1.6308,0.2475032799755987,0.24491333533410387
1,1.0,0.5,1.8,1.6326,0.2449399502180835,0.24228855414455258
1,1.0,0.5,1.8,1.6343999999999999,0.24237439276687514,0.23966639842491577
1,1.0,0.5,1.8,1.6361999999999999,0.2398066311361919,0.23704722027442604
1,1.0,0.5,1.8,1.638,0.23723668885459434,0.2344313590212986
1,1.0,0.5,1.8,1.6398,0.23466458946482613,0.23181914071375487
1,1.0,0.5,1.8,1.6416,0.2320903565236524,0.2292108776824593
1,1.0,0.5,1.8,1.6434,0.22951401360169865,0.2266068681773215
1,1.0,0.5,1.8,1.6452,0.22693558428329133,0.2240073960813372
1,1.0,0.5,1.8,1.647,0.22435509216629917,0.22141273070381046
1,1.0,0.5,1.8,1.6488,0.22177256086197014,0.21882312665499914
1,1.0,0.5,1.8,1.6505999999999998,0.21918801399477486,0.21623882380381113
1,1.0,0.5,1.8,1.6523999999999999,0.21660147520224418,0.21366004731981336
1,1.0,0.5,1.8,1.6542,0.21401296813481258,0.21108700780037423
1,1.0,0.5,1.8,1.656,0.21142251645565488,0.208519901483345
1,1.0,0.5,1.8,1.6578,0.20883014384053142,0.2059589105451887
1,1.0,0.5,1.8,1.6596,0.20623587397762627,0.20340420348402263
1,1.0,0.5,1.8,1.6614,0.20363973056738818,0.2008559355865348
1,1.0,0.5,1.8,1.6632,0.2010417373223732,0.19831424947724086
1,1.0,0.5,1.8,1.665,0.1984419179670854,0.195779275748059
1,1.0,0.5,1.8,1.6668,0.19584029623781732,0.19325113366565103
1,1.0,0.5,1.8,1.6685999999999999,0.19323689588249268,0.1907299319535169
1,1.0,0.5,1.8,1.6703999999999999,0.1906317406605074,0.18821576964530543
1,1.0,0.5,1.8,1.6722,0.1880248543425728,0.1857087370053366
1,1.0,0.5,1.8,1.674,0.1854162607105551,0.18320891651187604
1,1.0,0.5,1.8,1.6758,0.18280598355731986,0.18071638389822878
1,1.0,0.5,1.8,1.6776,0.18019404668657368,0.17823120924631594
1,1.0,0.5,1.8,1.6794,0.17758047391270373,0.17575345812699691
1,1.0,0.5,1.8,1.6812,0.1749652890606246,0.17328319278101967
1,1.0,0.5,1.8,1.683,0.17234851596561837,0.17082047333416198
1,1.0,0.5,1.8,1.6847999999999999,0.16973017847317698,0.16836535903980704
1,1.0,0.5,1.8,1.6865999999999999,0.16711030043884542,0.1659179095419525
1,1.0,0.5,1.8,1.6884,0.16448890572806565,0.1634781861514261
1,1.0,0.5,1.8,1.6902,0.1618660182160192,0.16104625312790147
1,1.0,0.5,1.8,1.692,0.15924166178746743,0.15862217896017367
1,1.0,0.5,1.8,1.6938,0.15661586033659958,0.15620603763707833
1,1.0,0.5,1.8,1.6956,0.15398863776687324,0.15379790990139422
1,1.0,0.5,1.8,1.6974,0.1513600179908571,0.1513978844790848
1,1.0,0.5,1.8,1.6992,0.1487300249300766,0.1490060592762814
1,1.0,0.5,1.8,1.7009999999999998,0.14609868251485708,0.1466225425365422
1,1.0,0.5,1.8,1.7027999999999999,0.14346601468416498,0.14424745395106267
1,1.0,0.5,1.8,1.7046,0.1408320453854549,0.1418809257147226
1,1.0,0.5,1.8,1.7064,0.13819679857451275,0.1395231035211132
1,1.0,0.5,1.8,1.7082,0.13556029821529916,0.13717414748997492
1,1.0,0.5,1.8,1.71,0.1329225682797928,0.1348342330208322
1,1.0,0.5,1.8,1.7118,0.13028363274783655,0.13250355156698643
1,1.0,0.5,1.8,1.7136,0.12764351560698134,0.1301823113244465
1,1.0,0.5,1.8,1.7154,0.12500224085232764,0.1278707378308475
1,1.0,0.5,1.8,1.7172,0.12235983248637464,0.12556907446988688
1,1.0,0.5,1.8,1.7189999999999999,0.11971631451886215,0.12327758287733583
1,1.0,0.5,1.8,1.7207999999999999,0.11707171096661477,0.12099654324523135
1,1.0,0.5,1.8,1.7226,0.11442604585338778,0.11872625452142047
1,1.0,0.5,1.8,1.7244,0.11177934320971131,0.11646703450222642
1,1.0,0.5,1.8,1.7262,0.10913162707273666,0.11421921981659973
1,1.0,0.5,1.8,1.728,0.10648292148607855,0.11198316580074522
1,1.0,0.5,1.8,1.7298,0.10383325049966294,0.10975924626282602
1,1.0,0.5,1.8,1.7316,0.10118263816957093,0.10754785313798744
1,1.0,0.5,1.8,1.7334,0.09853110855788282,0.10534939603454134
1,1.0,0.5,1.8,1.7351999999999999,0.09587868573252645,0.10316430167280495
1,1.0,0.5,1.8,1.7369999999999999,0.09322539376711789,0.1009930132186604
1,1.0,0.5,1.8,1.7388,0.09057125674081228,0.09883598951452502
1,1.0,0.5,1.8,1.7406,0.08791629873814455,0.09669370421098494
1,1.0,0.5,1.8,1.7424,0.0852605438488781,0.09456664480290093
1,1.0,0.5,1.8,1.7442,0.0826040161678492,0.09245531157434075
1,1.0,0.5,1.8,1.746,0.079946739794812,0.09036021645717802
1,1.0,0.5,1.8,1.7478,0.07728873883428478,0.08828188180868868
1,1.0,0.5,1.8,1.7496,0.07463003739539696,0.08622083911390087
1,1.0,0.5,1.8,1.7513999999999998,0.07197065959173268,0.08417762761886927
1,1.0,0.5,1.8,1.7531999999999999,0.06931062954117777,0.0821527929013996
1,1.0,0.5,1.8,1.755,0.06664997136576631,0.08014688538608371
1,1.0,0.5,1.8,1.7568,0.06398870919152634,0.07816045881077592
1,1.0,0.5,1.8,1.7586,0.06132686714832327,0.07619406865188752
1,1.0,0.5,1.8,1.7604,0.05866446936971031,0.07424827051606667
1,1.0,0.5,1.8,1.7622,0.056001539992772055,0.07232361850597867
1,1.0,0.5,1.8,1.764,0.05333810315796985,0.07042066356800021
1,1.0,0.5,1.8,1.7658,0.05067418300899022,0.06853995182970611
1,1.0,0.5,1.8,1.7676,0.04800980369258997,0.06668202293502248
1,1.0,0.5,1.8,1.7693999999999999,0.04534498935844202,0.06484740838489501
1,1.0,0.5,1.8,1.7711999999999999,0.04267976415898105,0.06303662989123716
1,1.0,0.5,1.8,1.773,0.04001415224925275,0.061250197751798456
1,1.0,0.5,1.8,1.7748,0.03734817778675797,0.059488609253425175
1,1.0,0.5,1.8,1.7766,0.034681864931298316,0.057752347110980436
1,1.0,0.5,1.8,1.7784,0.03201523784482484,0.056041877948946335
1,1.0,0.5,1.8,1.7802,0.029348320691283764,0.054357650832441824
1,1.0,0.5,1.8,1.782,0.026681137636460243,0.05270009585408145
1,1.0,0.5,1.8,1.7838,0.024013712847829417,0.051069622782744906
1,1.0,0.5,1.8,1.7855999999999999,0.02134607049440028,0.04946661977995048
1,1.0,0.5,1.8,1.7873999999999999,0.018678234746561797,0.04789145218912346
1,1.0,0.5,1.8,1.7892,0.01601022977593023,0.04634446140261835
1,1.0,0.5,1.8,1.791,0.013342079755196443,0.0448259638109087
1,1.0,0.5,1.8,1.7928,0.010673808857972093,0.04333624983788897
1,1.0,0.5,1.8,1.7946,0.008005441258633563,0.0418755830657554
1,1.0,0.5,1.8,1.7964,0.005337001132173086,0.040444199452438274
1,1.0,0.5,1.8,1.7982,0.0026685126540427033,0.03904230664406167
1,1.0,0.5,1.8,1.8,0.0,0.03767008338439773
2,0.2,0.5,2.5,0.0,0.0,0.07511688298092507
2,0.2,0.5,2.5,0.0025,0.008104580983310657,0.07939705775330161
2,0.2,0.5,2.5,0.005,0.016208718751347346,0.08382237986043868
2,0.2,0.5,2.5,0.0075,0.024311970120989197,0.08839167039864011
2,0.2,0.5,2.5,0.01,0.03241389197342042,0.09310341334391646
2,0.2,0.5,2.5,0.0125,0.04051404128627987,0.09795576184354571
2,0.2,0.5,2.5,0.015,0.048611975165807515,0.10294654658265305
2,0.2,0.5,2.5,0.0175,0.05670725087898585,0.10807328616041238
2,0.2,0.5,2.5,0.02,0.06479942588567607,0.11333319939182941
2,0.2,0.5,2.5,0.0225,0.072888057870747,0.11872321943366755
2,0.2,0.5,2.5,0.025,0.08097270477619639,0.12424000961717523
2,0.2,0.5,2.5,0.0275,0.08905292483326248,0.1298799808560527
2,0.2,0.5,2.5,0.03,0.09712827659452572,0.13563931048571837
2,0.2,0.5,2.5,0.0325,0.10519831896599866,0.1415139623795439
2,0.2,0.5,2.5,0.035,0.11326261123920323,0.1474997081793601
2,0.2,0.5,2.5,0.0375,0.12132071312323388,0.15359214947129815
2,0.2,0.5,2.5,0.04,0.12937218477680618,0.15978674073384397
2,0.2,0.5,2.5,0.0425,0.1374165868402884,0.16607881288287957
2,0.2,0.5,2.5,0.045,0.14545348046771542,0.17246359723829513
2,0.2,0.5,2.5,0.0475,0.15348242735878503,0.1789362497384502
2,0.2,0.5,2.5,0.05,0.16150298979083277,0.1854918752320879
2,0.2,0.5,2.5,0.0525,0.16951473065078618,0.19212555168215853
2,0.2,0.5,2.5,0.055,0.1775172134670963,0.1988323541221223
2,0.2,0.5,2.5,0.0575,0.18551000244164548,0.20560737821249495
2,0.2,0.5,2.5,0.06,0.19349266248162925,0.2124457632533602
2,0.2,0.5,2.5,0.0625,0.20146475923141272,0.21934271451721893
2,0.2,0.5,2.5,0.065,0.2094258591043584,0.22629352477539294
2,0.2,0.5,2.5,0.0675,0.21737552931462487,0.23329359490029877
2,0.2,0.5,2.5,0.07,0.2253133379089348,0.24033845343485183
2,0.2,0.5,2.5,0.0725,0.2332388537983115,0.2474237750289229
2,0.2,0.5,2.5,0.075,0.24115164678978096,0.2545453976510825
2,0.2,0.5,2.5,0.0775,0.24905128761804018,0.2616993384915557
2,0.2,0.5,2.5,0.08,0.25693734797708845,0.2688818084794554
2,0.2,0.5,2.5,0.0825,0.26480940055182045,0.2760892253438118
2,0.2,0.5,2.5,0.085,0.27266701904958146,0.28331822515374805
2,0.2,0.5,2.5,0.08750000000000001,0.28050977823167994,0.2905656722783796
2,0.2,0.5,2.5,0.09,0.28833725394485876,0.2978286677117249
2,0.2,0.5,2.5,0.0925,0.2961490231527228,0.3051045557123197
2,0.2,0.5,2.5,0.095,0.30394466396711894,0.3123909287113476
2,0.2,0.5,2.5,0.0975,0.31172375567947186,0.3196856304472314
2,0.2,0.5,2.5,0.1,0.31948587879206797,0.32698675728905585
2,0.2,0.5,2.5,0.10250000000000001,0.3272306150492909,0.3342926577158738
2,0.2,0.5,2.5,0.105,0.33495754746880385,0.34160192992453936
2,0.2,0.5,2.5,0.1075,0.342666260372678,0.3489134175449422
2,0.2,0.5,2.5,0.11,0.3503563394184649,0.35622620344914524
2,0.2,0.5,2.5,0.1125,0.3580273716302117,0.3635396016496271
2,0.2,0.5,2.5,0.115,0.3656789454294176,0.37085314729221264
2,0.2,0.5,2.5,0.11750000000000001,0.37331065066592795,0.37816658476110265
2,0.2,0.5,2.5,0.12,0.380922078648765,0.38547985392704004
2,0.2,0.5,2.5,0.1225,0.38851282217689576,0.3927930745849075
2,0.2,0.5,2.5,0.125,0.39608247556993076,0.4001065291439
2,0.2,0.5,2.5,0.1275,0.40363063469875426,0.40742064365198727
2,0.2,0.5,2.5,0.13,0.4111568970160855,0.41473596725603556
2,0.2,0.5,2.5,0.1325,0.41866086158696386,0.42205315021999057
2,0.2,0.5,2.5,0.135,0.42614212911916194,0.4293729206451612
2,0.2,0.5,2.5,0.1375,0.4336003019935195,0.4366960600588294
2,0.2,0.5,2.5,0.14,0.4410349842942001,0.4440233780595165
2,0.2,0.5,2.5,0.14250000000000002,0.4484457818388648,0.451355686228973
2,0.2,0.5,2.5,0.145,0.45583230220876236,0.45869377154161267
2,0.2,0.5,2.5,0.1475,0.46319415477873555,0.4660383695213682
2,0.2,0.5,2.5,0.15,0.47053095074713774,0.4733901374131039
2,0.2,0.5,2.5,0.1525,0.47784230316565895,0.48074962765031265
2,0.2,0.5,2.5,0.155,0.4851278269690618,0.4881172619123451
2,0.2,0.5,2.5,0.1575,0.49238713900481895,0.49549330607241276
2,0.2,0.5,2.5,0.16,0.49961985806265635,0.5028778463414292
2,0.2,0.5,2.5,0.1625,0.506825604903996,0.5102707669124286
2,0.2,0.5,2.5,0.165,0.514004002291295,0.5176717294051635
2,0.2,0.5,2.5,0.1675,0.521154675017282,0.5250801544004373
2,0.2,0.5,2.5,0.17,0.528277249934086,0.5324952053388485
2,0.2,0.5,2.5,0.17250000000000001,0.5353713559822552,0.5399157750385393
2,0.2,0.5,2.5,0.17500000000000002,0.5424366242196629,0.5473404750618089
2,0.2,0.5,2.5,0.1775,0.5494726878503002,0.5547676281307057
2,0.2,0.5,2.5,0.18,0.556479182252952,0.5621952637580253
2,0.2,0.5,2.5,0.1825,0.5634557450097486,0.5696211172220762
2,0.2,0.5,2.5,0.185,0.5704020159345989,0.5770426319725479
2,0.2,0.5,2.5,0.1875,0.5773176371014973,0.5844569655106348
2,0.2,0.5,2.5,0.19,0.5842022528727006,0.5918609987406276
2,0.2,0.5,2.5,0.1925,0.5910555099267765,0.5992513487427685
2,0.2,0.5,2.5,0.195,0.5978770572865141,0.6066243848693004
2,0.2,0.5,2.5,0.1975,0.6046665463467032,0.6139762480183061
2,0.2,0.5,2.5,0.2,0.61142363090177,0.621302872893604
2,0.2,0.5,2.5,0.2025,0.6181479671732717,0.6286000130149625
2,0.2,0.5,2.5,0.20500000000000002,0.6248392138372448,0.6358632682018035
2,0.2,0.5,2.5,0.20750000000000002,0.6314970320514087,0.6430881142161118
2,0.2,0.5,2.5,0.21,0.6381210854822125,0.6502699342174675
2,0.2,0.5,2.5,0.2125,0.6447110403317315,0.6574040516553703
2,0.2,0.5,2.5,0.215,0.6512665653644047,0.6644857642019381
2,0.2,0.5,2.5,0.2175,0.6577873319336137,0.6715103783122406
2,0.2,0.5,2.5,0.22,0.6642730140080945,0.678473243990156
2,0.2,0.5,2.5,0.2225,0.6707232881981876,0.6853697893348225
2,0.2,0.5,2.5,0.225,0.6771378337819134,0.6921955544470243
2,0.2,0.5,2.5,0.2275,0.6835163327308793,0.6989462242854331
2,0.2,0.5,2.5,0.23,0.6898584697360072,0.7056176600801229
2,0.2,0.5,2.5,0.2325,0.6961639322330838,0.7122059289341546
2,0.2,0.5,2.5,0.23500000000000001,0.7024324104281273,0.7187073312734215
2,0.2,0.5,2.5,0.23750000000000002,0.7086635973225697,0.7251184258393086
2,0.2,0.5,2.5,0.24,0.7148571887382479,0.7314360519579358
2,0.2,0.5,2.5,0.2425,0.721012883342206,0.7376573488625042
2,0.2,0.5,2.5,0.245,0.7271303826712981,0.7437797718912357
2,0.2,0.5,2.5,0.2475,0.7332093911565947,0.7498011054314285
2,0.2,0.5,2.5,0.25,0.7392496161475859,0.7557194725295305
2,0.2,0.5,2.5,0.2525,0.745250767936182,0.7615333411367964
2,0.2,0.5,2.5,0.255,0.7512125597804983,0.7672415270093015
2,0.2,0.5,2.5,0.2575,0.7571347079284352,0.7728431933288579
2,0.2,0.5,2.5,0.26,0.7630169316410383,0.7783378471568693
2,0.2,0.5,2.5,0.2625,0.7688589532156402,0.7837253328757302
2,0.2,0.5,2.5,0.265,0.7746604980087792,0.7890058228110599
2,0.2,0.5,2.5,0.2675,0.7804212944588951,0.794179805262553
2,0.2,0.5,2.5,0.27,0.7861410741087905,0.7992480702007326
2,0.2,0.5,2.5,0.2725,0.7918195716278648,0.804211692911175
2,0.2,0.5,2.5,0.275,0.7974565248341058,0.8090720158863142
2,0.2,0.5,2.5,0.2775,0.8030516747158486,0.8138306292779701
2,0.2,0.5,2.5,0.28,0.8086047654532847,0.8184893502303945
2,0.2,0.5,2.5,0.28250000000000003,0.8141155444397288,0.8230502014151692
2,0.2,0.5,2.5,0.28500000000000003,0.8195837623026332,0.827515389084374
2,0.2,0.5,2.5,0.28750000000000003,0.8250091729243492,0.831887280948672
2,0.2,0.5,2.5,0.29,0.8303915334626317,0.8361683841720233
2,0.2,0.5,2.5,0.2925,0.8357306043708826,0.8403613237549186
2,0.2,0.5,2.5,0.295,0.841026149418131,0.8444688215545582
2,0.2,0.5,2.5,0.2975,0.8462779357087434,0.8484936761631766
2,0.2,0.5,2.5,0.3,0.8514857337018676,0.852438743835861
2,0.2,0.5,2.5,0.3025,0.8566493172305955,0.8563069206270723
2,0.2,0.5,2.5,0.305,0.861768463520854,0.8601011258617756
2,0.2,0.5,2.5,0.3075,0.8668429532100123,0.863824287032925
2,0.2,0.5,2.5,0.31,0.8718725703652014,0.8674793261830541
2,0.2,0.5,2.5,0.3125,0.87685710250135,0.871069147794515
2,0.2,0.5,2.5,0.315,0.8817963405989256,0.8745966281810066
2,0.2,0.5,2.5,0.3175,0.8866900791213816,0.8780646063434113
2,0.2,0.5,2.5,0.32,0.8915381160323045,0.881475876225716
2,0.2,0.5,2.5,0.3225,0.8963402528122617,0.8848331802828576
2,0.2,0.5,2.5,0.325,0.901096294475339,0.8881392042517432
2,0.2,0.5,2.5,0.3275,0.905806049585376,0.8913965730002208
2,0.2,0.5,2.5,0.33,0.910469330271885,0.894607847315905
2,0.2,0.5,2.5,0.3325,0.9150859522456526,0.8977755214887803
2,0.2,0.5,2.5,0.335,0.9196557348140291,0.9009020215369403
2,0.2,0.5,2.5,0.3375,0.92417850089589,0.9039897039252054
2,0.2,0.5,2.5,0.34,0.9286540770362737,0.9070408546302879
2,0.2,0.5,2.5,0.3425,0.9330822934206928,0.9100576884138856
2,0.2,0.5,2.5,0.34500000000000003,0.9374629838891111,0.9130423481765846
2,0.2,0.5,2.5,0.34750000000000003,0.9417959859495854,0.9159969042794596
2,0.2,0.5,2.5,0.35000000000000003,0.9460811407915729,0.9189233537372407
2,0.2,0.5,2.5,0.3525,0.9503182932988908,0.9218236192056977
2,0.2,0.5,2.5,0.355,0.9545072920623395,0.924699547706089
2,0.2,0.5,2.5,0.3575,0.9586479893919708,0.9275529090508339
2,0.2,0.5,2.5,0.36,0.9627402413290106,0.9303853939556771
2,0.2,0.5,2.5,0.3625,0.9667839076574255,0.9331986118448228
2,0.2,0.5,2.5,0.365,0.970778851915135,0.9359940883755686
2,0.2,0.5,2.5,0.3675,0.9747249414048611,0.9387732627273443
2,0.2,0.5,2.5,0.37,0.9786220472046182,0.941537484716876
2,0.2,0.5,2.5,0.3725,0.982470044177838,0.9442880118152003
2,0.2,0.5,2.5,0.375,0.9862688109831227,0.9470260061535224
2,0.2,0.5,2.5,0.3775,0.9900182300836328,0.949752531613173
2,0.2,0.5,2.5,0.38,0.9937181877560968,0.9524685510998775
2,0.2,0.5,2.5,0.3825,0.9973685740994455,0.9551749241037187
2,0.2,0.5,2.5,0.385,1.0009692830430683,0.9578724046446103
2,0.2,0.5,2.5,0.3875,1.0045202123546888,0.9605616396973404
2,0.2,0.5,2.5,0.39,1.0080212636478547,0.9632431681819962
2,0.2,0.5,2.5,0.3925,1.0114723423890395,0.9659174205939504
2,0.2,0.5,2.5,0.395,1.014873357904358,0.9685847193336834
2,0.2,0.5,2.5,0.3975,1.0182242233858911,0.9712452797804082
2,0.2,0.5,2.5,0.4,1.0215248558976107,0.9738992121356559
2,0.2,0.5,2.5,0.4025,1.0247751763809148,0.9765465240439789
2,0.2,0.5,2.5,0.405,1.0279751096597614,0.9791871239782332
2,0.2,0.5,2.5,0.40750000000000003,1.0311245844454013,0.9818208253573543
2,0.2,0.5,2.5,0.41000000000000003,1.034223533340711,0.9844473513453795
2,0.2,0.5,2.5,0.41250000000000003,1.0372718928441116,0.9870663402627229
2,0.2,0.5,2.5,0.41500000000000004,1.0402696033530967,0.9896773515241452
2,0.2,0.5,2.5,0.4175,1.0432166091673336,0.9922798720040342
2,0.2,0.5,2.5,0.42,1.0461128584913668,0.9948733227178556
2,0.2,0.5,2.5,0.4225,1.0489583034369023,0.9974570657002388
2,0.2,0.5,2.5,0.425,1.0517529000246792,1.0000304109545128
2,0.2,0.5,2.5,0.4275,1.0544966081859237,1.0025926233468518
2,0.2,0.5,2.5,0.43,1.0571893917633879,1.0051429293194651
2,0.2,0.5,2.5,0.4325,1.0598312185119674,1.0076805233023893
2,0.2,0.5,2.5,0.435,1.0624220600988943,1.0102045737118637
2,0.2,0.5,2.5,0.4375,1.064961892103517,1.0127142284349062
2,0.2,0.5,2.5,0.44,1.0674506940166448,1.0152086197141186
2,0.2,0.5,2.5,0.4425,1.0698884492394762,1.0176868683639346
2,0.2,0.5,2.5,0.445,1.0722751450820942,1.020148087268698
2,0.2,0.5,2.5,0.4475,1.0746107727615393,1.0225913841336505
2,0.2,0.5,2.5,0.45,1.0768953273994513,1.0250158634817974
2,0.2,0.5,2.5,0.4525,1.0791288080192767,1.027420627911876
2,0.2,0.5,2.5,0.455,1.0813112175430573,1.0298047786549394
2,0.2,0.5,2.5,0.4575,1.0834425627877706,1.0321674154882134
2,0.2,0.5,2.5,0.46,1.0855228544612536,1.034507636085339
2,0.2,0.5,2.5,0.4625,1.0875521071576824,1.0368245349001102
2,0.2,0.5,2.5,0.465,1.0895303393526221,1.0391172016966206
2,0.2,0.5,2.5,0.4675,1.0914575733976415,1.0413847198518458
2,0.2,0.5,2.5,0.47000000000000003,1.0933338355144944,1.0436261645661886
2,0.2,0.5,2.5,0.47250000000000003,1.0951591557888616,1.0458406011237453
2,0.2,0.5,2.5,0.47500000000000003,1.0969335681636576,1.0480270833463234
2,0.2,0.5,2.5,0.47750000000000004,1.0986571104319096,1.050184652383603
2,0.2,0.5,2.5,0.48,1.100329824229184,1.0523123359761328
2,0.2,0.5,2.5,0.4825,1.1019517550255928,1.0544091483184865
2,0.2,0.5,2.5,0.485,1.1035229521173524,1.0564740906364232
2,0.2,0.5,2.5,0.4875,1.1050434686179118,1.0585061525750468
2,0.2,0.5,2.5,0.49,1.1065133614486418,1.0605043144749629
2,0.2,0.5,2.5,0.4925,1.1079326913290863,1.0624675505907637
2,0.2,0.5,2.5,0.495,1.109301522766787,1.0643948332806674
2,0.2,0.5,2.5,0.4975,1.1106199240466588,1.0662851381698393
2,0.2,0.5,2.5,0.5,1.1118879672199393,1.068137450261544
2,0.2,0.5,2.5,0.5025000000000001,1.1131057280927044,1.0699507709421712
2,0.2,0.5,2.5,0.505,1.114273286213944,1.0717241257976933
2,0.2,0.5,2.5,0.5075000000000001,1.1153907248632111,1.0734565731320125
2,0.2,0.5,2.5,0.51,1.1164581310378339,1.0751472130516093
2,0.2,0.5,2.5,0.5125,1.1174755954396982,1.07679519695737
2,0.2,0.5,2.5,0.515,1.1184432124616002,1.0783997372636673
2,0.2,0.5,2.5,0.5175,1.1193610801731677,1.079960117147165
2,0.2,0.5,2.5,0.52,1.1202293003063568,1.0814757001144364
2,0.2,0.5,2.5,0.5225,1.1210479782405163,1.082945939168078
2,0.2,0.5,2.5,0.525,1.1218172229870316,1.0843703853463273
2,0.2,0.5,2.5,0.5275,1.1225371471735417,1.085748695411752
2,0.2,0.5,2.5,0.53,1.1232078670277323,1.0870806384695963
2,0.2,0.5,2.5,0.5325,1.1238295023607117,1.088366101307175
2,0.2,0.5,2.5,0.535,1.1244021765499617,1.0896050922609173
2,0.2,0.5,2.5,0.5375,1.1249260165218755,1.0907977434383023
2,0.2,0.5,2.5,0.54,1.1254011527338772,1.0919443111466745
2,0.2,0.5,2.5,0.5425,1.1258277191561281,1.0930451744102208
2,0.2,0.5,2.5,0.545,1.1262058532528196,1.0941008314890932
2,0.2,0.5,2.5,0.5475,1.1265356959630592,1.0951118943505798
2,0.2,0.5,2.5,0.55,1.1268173916813429,1.0960790810805794
2,0.2,0.5,2.5,0.5525,1.1270510882376312,1.0970032062635635
2,0.2,0.5,2.5,0.555,1.1272369368770123,1.097885169400008
2,0.2,0.5,2.5,0.5575,1.1273750922389711,1.0987259414711805
2,0.2,0.5,2.5,0.56,1.1274657123362561,1.0995265498011024
2,0.2,0.5,2.5,0.5625,1.127508958533355,1.1002880614037265
2,0.2,0.5,2.5,0.5650000000000001,1.1275049955245735,1.10101156503918
2,0.2,0.5,2.5,0.5675,1.1274539913117236,1.1016981522348712
2,0.2,0.5,2.5,0.5700000000000001,1.1273561171814297,1.102348897555733
2,0.2,0.5,2.5,0.5725,1.127211547682046,1.102964838430681
2,0.2,0.5,2.5,0.5750000000000001,1.127020460600191,1.1035469548602066
2,0.2,0.5,2.5,0.5775,1.1267830369369098,1.1040961493418238
2,0.2,0.5,2.5,0.58,1.1264994608834573,1.1046132273551195
2,0.2,0.5,2.5,0.5825,1.1261699197967094,1.1050988787470892
2,0.2,0.5,2.5,0.585,1.1257946041742068,1.1055536603500837
2,0.2,0.5,2.5,0.5875,1.1253737076288342,1.1059779801501322
2,0.2,0.5,2.5,0.59,1.1249074268631405,1.106372083301766
2,0.2,0.5,2.5,0.5925,1.1243959616432921,1.106736040258124
2,0.2,0.5,2.5,0.595,1.1238395147726838,1.1070697372514713
2,0.2,0.5,2.5,0.5975,1.123238292065191,1.1073728693211153
2,0.2,0.5,2.5,0.6,1.1225925023180785,1.1076449360423184
2,0.2,0.5,2.5,0.6025,1.1219023572845659,1.1078852400637331
2,0.2,0.5,2.5,0.605,1.1211680716460535,1.1080928885112937
2,0.2,0.5,2.5,0.6075,1.1203898629840163,1.10826679726583
2,0.2,0.5,2.5,0.61,1.1195679517515613,1.1084056980700467
2,0.2,0.5,2.5,0.6125,1.1187025612446677,1.1085081483695927
2,0.2,0.5,2.5,0.615,1.1177939175730944,1.1085725437432217
2,0.2,0.5,2.5,0.6175,1.1168422496309773,1.1085971327301996
2,0.2,0.5,2.5,0.62,1.1158477890671108,1.1085800338196872
2,0.2,0.5,2.5,0.6225,1.1148107702549188,1.108519254328048
2,0.2,0.5,2.5,0.625,1.1137314302621228,1.1084127108563093
2,0.2,0.5,2.5,0.6275000000000001,1.1126100088201116,1.1082582509927799
2,0.2,0.5,2.5,0.63,1.1114467482930124,1.108053675905012
2,0.2,0.5,2.5,0.6325000000000001,1.1102418936464724,1.1077967634515042
2,0.2,0.5,2.5,0.635,1.1089956924161584,1.1074852914375337
2,0.2,0.5,2.5,0.6375000000000001,1.1077083946759707,1.1071170606406877
2,0.2,0.5,2.5,0.64,1.1063802530059823,1.1066899172404203
2,0.2,0.5,2.5,0.6425,1.1050115224601118,1.1062017743022237
2,0.2,0.5,2.5,0.645,1.1036024605335228,1.1056506319897217
2,0.2,0.5,2.5,0.6475,1.102153327129769,1.1050345962074735
2,0.2,0.5,2.5,0.65,1.1006643845276798,1.1043518954124711
2,0.2,0.5,2.5,0.6525,1.0991358973479979,1.1036008953717842
2,0.2,0.5,2.5,0.655,1.0975681325197721,1.102780111688188
2,0.2,0.5,2.5,0.6575,1.0959613592465067,1.1018882199621445
2,0.2,0.5,2.5,0.66,1.0943158489720806,1.100924063507394
2,0.2,0.5,2.5,0.6625,1.092631875346434,1.0998866585869727
2,0.2,0.5,2.5,0.665,1.0909097141910373,1.0987751971857476
2,0.2,0.5,2.5,0.6675,1.089149643464134,1.0975890473833163
2,0.2,0.5,2.5,0.67,1.0873519432257766,1.0963277514368073
2,0.2,0.5,2.5,0.6725,1.0855168956026555,1.09499102172447
2,0.2,0.5,2.5,0.675,1.0836447847527253,1.0935787347392922
2,0.2,0.5,2.5,0.6775,1.0817358968296342,1.0920909233535798
2,0.2,0.5,2.5,0.68,1.0797905199469695,1.090527767602535
2,0.2,0.5,2.5,0.6825,1.0778089441423107,1.0888895842548618
2,0.2,0.5,2.5,0.685,1.0757914613411124,1.0871768154521861
2,0.2,0.5,2.5,0.6875,1.07373836532041,1.0853900167057984
2,0.2,0.5,2.5,0.6900000000000001,1.0716499516723619,1.0835298445388306
2,0.2,0.5,2.5,0.6925,1.069526517767629,1.0815970440553968
2,0.2,0.5,2.5,0.6950000000000001,1.067368362718602,1.0795924367044083
2,0.2,0.5,2.5,0.6975,1.0651757873424788,1.0775169084868446
2,0.2,0.5,2.5,0.7000000000000001,1.0629490941241986,1.0753713988300462
2,0.2,0.5,2.5,0.7025,1.0606885871792435,1.073156890323683
2,0.2,0.5,2.5,0.705,1.058394572216305,1.0708743994784058
2,0.2,0.5,2.5,0.7075,1.056067356499829,1.0685249686324276
2,0.2,0.5,2.5,0.71,1.0537072488124442,1.0661096590932697
2,0.2,0.5,2.5,0.7125,1.0513145594172724,1.0636295455630675
2,0.2,0.5,2.5,0.715,1.0488896000201433,1.0610857118572101
2,0.2,0.5,2.5,0.7175,1.0464326837316982,1.058479247888811
2,0.2,0.5,2.5,0.72,1.0439441250294104,1.0558112478560597
2,0.2,0.5,2.5,0.7225,1.04142423971951,1.0530828095376874
2,0.2,0.5,2.5,0.725,1.0388733448988368,1.0502950345729798
2,0.2,0.5,2.5,0.7275,1.0362917589166087,1.047449029579736
2,0.2,0.5,2.5,0.73,1.0336798013361321,1.0445459079446575
2,0.2,0.5,2.5,0.7325,1.03103779289644,1.0415867921076003
2,0.2,0.5,2.5,0.735,1.0283660554738836,1.038572816154562
2,0.2,0.5,2.5,0.7375,1.0256649120436678,1.0355051285324959
2,0.2,0.5,2.5,0.74,1.0229346866413451,1.032384894704121
2,0.2,0.5,2.5,0.7425,1.0201757043242767,1.0292132995711842
2,0.2,0.5,2.5,0.745,1.0173882911330578,1.0259915495101677
2,0.2,0.5,2.5,0.7475,1.0145727740529193,1.0227208738847844
2,0.2,0.5,2.5,0.75,1.0117294809751154,1.0194025259241188
2,0.2,0.5,2.5,0.7525000000000001,1.0088587406582956,1.0160377828827216
2,0.2,0.5,2.5,0.755,1.005960882689874,1.0126279454294589
2,0.2,0.5,2.5,0.7575000000000001,1.0030362374473965,1.0091743362430874
2,0.2,0.5,2.5,0.76,1.000085136059919,1.0056782978251488
2,0.2,0.5,2.5,0.7625000000000001,0.9971079103693955,1.0021411895721624
2,0.2,0.5,2.5,0.765,0.9941048928920887,0.9985643841796119
2,0.2,0.5,2.5,0.7675000000000001,0.9910764167800056,0.9949492634780573
2,0.2,0.5,2.5,0.77,0.988022815782366,0.9912972138267369
2,0.2,0.5,2.5,0.7725,0.9849444242071058,0.9876096212105455
2,0.2,0.5,2.5,0.775,0.9818415768824319,0.983887866202914
2,0.2,0.5,2.5,0.7775,0.9787146091184237,0.9801333189680062
2,0.2,0.5,2.5,0.78,0.9755638566686891,0.9763473344814867
2,0.2,0.5,2.5,0.7825,0.9723896556920902,0.97253124814902
2,0.2,0.5,2.5,0.785,0.9691923427145352,0.968686371996037
2,0.2,0.5,2.5,0.7875,0.9659722545908427,0.964813991590798
2,0.2,0.5,2.5,0.79,0.9627297284666941,0.9609153638463037
2,0.2,0.5,2.5,0.7925,0.959465101740668,0.9569917158246911
2,0.2,0.5,2.5,0.795,0.956178712026369,0.9530442446421563
2,0.2,0.5,2.5,0.7975,0.9528708971146636,0.949074118542533
2,0.2,0.5,2.5,0.8,0.9495419949360087,0.9450824791754284
2,0.2,0.5,2.5,0.8025,0.9461923435229038,0.9410704450803096
2,0.2,0.5,2.5,0.805,0.9428222809724518,0.9370391163425853
2,0.2,0.5,2.5,0.8075,0.9394321454090511,0.9329895803522162
2,0.2,0.5,2.5,0.81,0.9360222749472095,0.928922918560909
2,0.2,0.5,2.5,0.8125,0.9325930076544986,0.9248402141013303
2,0.2,0.5,2.5,0.8150000000000001,0.9291446815146456,0.920742560101858
2,0.2,0.5,2.5,0.8175,0.9256776343907728,0.9166310685044308
2,0.2,0.5,2.5,0.8200000000000001,0.9221922039887911,0.9125068791708341
2,0.2,0.5,2.5,0.8225,0.918688727820946,0.9083711690464362
2,0.2,0.5,2.5,0.8250000000000001,0.9151675431695343,0.9042251611385533
2,0.2,0.5,2.5,0.8275,0.9116289870507829,0.9000701330614822
2,0.2,0.5,2.5,0.8300000000000001,0.9080733961789059,0.895907424900475
2,0.2,0.5,2.5,0.8325,0.9045011069303416,0.8917384461536193
2,0.2,0.5,2.5,0.835,0.9009124553081721,0.8875646815229465
2,0.2,0.5,2.5,0.8375,0.8973077769067349,0.8833876953443376
2,0.2,0.5,2.5,0.84,0.8936874068764336,0.8792091344690363
2,0.2,0.5,2.5,0.8425,0.8900516798887428,0.8750307294375658
2,0.2,0.5,2.5,0.845,0.886400930101426,0.8708542938191539
2,0.2,0.5,2.5,0.8475,0.8827354911239618,0.8666817216247183
2,0.2,0.5,2.5,0.85,0.8790556959831852,0.8625149827394727
2,0.2,0.5,2.5,0.8525,0.875361877089155,0.8583561163603738
2,0.2,0.5,2.5,0.855,0.8716543662012426,0.8542072224634917
2,0.2,0.5,2.5,0.8575,0.8679334943944567,0.8500704513660658
2,0.2,0.5,2.5,0.86,0.8641995920260002,0.8459479914862787
2,0.2,0.5,2.5,0.8625,0.8604529887020708,0.8418420554402386
2,0.2,0.5,2.5,0.865,0.8566940132449077,0.8377548646490501
2,0.2,0.5,2.5,0.8675,0.8529229936600846,0.8336886326587721
2,0.2,0.5,2.5,0.87,0.8491402571040648,0.8296455474019256
2,0.2,0.5,2.5,0.8725,0.8453461298520069,0.8256277526500412
2,0.2,0.5,2.5,0.875,0.8415409372658429,0.8216373289229406
2,0.2,0.5,2.5,0.8775000000000001,0.8377250037626192,0.8176762741309328
2,0.2,0.5,2.5,0.88,0.8338986527831111,0.8137464842314175
2,0.2,0.5,2.5,0.8825000000000001,0.8300622067607168,0.8098497341811287
2,0.2,0.5,2.5,0.885,0.8262159870906295,0.8059876594595727
2,0.2,0.5,2.5,0.8875000000000001,0.8223603140992943,0.802161738428798
2,0.2,0.5,2.5,0.89,0.8184955070141597,0.798373275779075
2,0.2,0.5,2.5,0.8925000000000001,0.8146218839337143,0.7946233872905226
2,0.2,0.5,2.5,0.895,0.8107397617978263,0.7909129861175064
2,0.2,0.5,2.5,0.8975,0.8068494563583817,0.7872427707758266
2,0.2,0.5,2.5,0.9,0.8029512821502285,0.7836132149842243
2,0.2,0.5,2.5,0.9025,0.7990455524624267,0.7800245594805219
2,0.2,0.5,2.5,0.905,0.7951325793098118,0.7764768059011902
2,0.2,0.5,2.5,0.9075,0.7912126734048753,0.7729697127807348
2,0.2,0.5,2.5,0.91,0.787286144129959,0.7695027936952549
2,0.2,0.5,2.5,0.9125,0.7833532995097776,0.7660753175435159
2,0.2,0.5,2.5,0.915,0.7794144461842621,0.762686310929149
2,0.2,0.5,2.5,0.9175,0.7754698893817337,0.7593345625800996
2,0.2,0.5,2.5,0.92,0.7715199328924089,0.7560186297161546
2,0.2,0.5,2.5,0.9225,0.7675648790422415,0.7527368462531816
2,0.2,0.5,2.5,0.925,0.7636050286670977,0.7494873327135855
2,0.2,0.5,2.5,0.9275,0.7596406810872776,0.7462680076966205
2,0.2,0.5,2.5,0.93,0.755672134082374,0.7430766007499215
2,0.2,0.5,2.5,0.9325,0.7516996838664833,0.7399106664748729
2,0.2,0.5,2.5,0.935,0.747723625063762,0.7367675996930905
2,0.2,0.5,2.5,0.9375,0.743744250684333,0.7336446514993645
2,0.2,0.5,2.5,0.9400000000000001,0.7397618521005499,0.730538946027589
2,0.2,0.5,2.5,0.9425,0.7357767190236145,0.7274474977605625
2,0.2,0.5,2.5,0.9450000000000001,0.7317891394805521,0.7243672292208928
2,0.2,0.5,2.5,0.9475,0.7277993997915511,0.7212949888899044
2,0.2,0.5,2.5,0.9500000000000001,0.7238077845476625,0.7182275692117766
2,0.2,0.5,2.5,0.9525,0.7198145765888637,0.7151617245530392
2,0.2,0.5,2.5,0.9550000000000001,0.7158200569824924,0.7120941890009154
2,0.2,0.5,2.5,0.9575,0.7118245050020473,0.7090216938982242
2,0.2,0.5,2.5,0.96,0.7078281981063583,0.7059409850271671
2,0.2,0.5,2.5,0.9625,0.7038314119191297,0.7028488393686215
2,0.2,0.5,2.5,0.965,0.6998344202088602,0.6997420813776599
2,0.2,0.5,2.5,0.9675,0.6958374948691333,0.6966175987289839
2,0.2,0.5,2.5,0.97,0.691840905899289,0.6934723574982903
2,0.2,0.5,2.5,0.9725,0.6878449213854713,0.6903034167561469
2,0.2,0.5,2.5,0.975,0.6838498074820553,0.6871079425604124
2,0.2,0.5,2.5,0.9775,0.6798558283934569,0.6838832213406572
2,0.2,0.5,2.5,0.98,0.6758632463563236,0.6806266726740197
2,0.2,0.5,2.5,0.9825,0.6718723216221071,0.6773358614558288
2,0.2,0.5,2.5,0.985,0.6678833124400207,0.6740085094706743
2,0.2,0.5,2.5,0.9875,0.6638964750403825,0.6706425063698183
2,0.2,0.5,2.5,0.99,0.6599120636183441,0.6672359200598235
2,0.2,0.5,2.5,0.9925,0.655930330318002,0.6637870065043073
2,0.2,0.5,2.5,0.995,0.6519515252169018,0.6602942189365463
2,0.2,0.5,2.5,0.9975,0.6479758963109254,0.6567562164753664
2,0.2,0.5,2.5,1.0,0.644003689499568,0.6531718721302887
2,0.2,0.5,2.5,1.0025,0.6400351485716036,0.649540280174804
2,0.2,0.5,2.5,1.0050000000000001,0.636070515191138,0.6458607628592448
2,0.2,0.5,2.5,1.0075,0.6321100288840515,0.6421328764267555
2,0.2,0.5,2.5,1.01,0.628153927024832,0.6383564163883436
2,0.2,0.5,2.5,1.0125,0.6242024448237917,0.6345314220055939
2,0.2,0.5,2.5,1.0150000000000001,0.6202558153146818,0.6306581799228997
2,0.2,0.5,2.5,1.0175,0.616314269342687,0.6267372268851793
2,0.2,0.5,2.5,1.02,0.6123780355528149,0.622769351472346
2,0.2,0.5,2.5,1.0225,0.6084473403786707,0.6187555947782705
2,0.2,0.5,2.5,1.025,0.6045224080316218,0.6146972499600424
2,0.2,0.5,2.5,1.0275,0.6006034604903482,0.6105958605830987
2,0.2,0.5,2.5,1.03,0.5966907174907834,0.6064532176891653
2,0.2,0.5,2.5,1.0325,0.592784396516437,0.6022713555175351
2,0.2,0.5,2.5,1.035,0.588884712789109,0.5980525458153703
2,0.2,0.5,2.5,1.0375,0.5849918792599825,0.5937992906801643
2,0.2,0.5,2.5,1.04,0.5811061066011103,0.5895143138866907
2,0.2,0.5,2.5,1.0425,0.5772276031972735,0.5852005506619278
2,0.2,0.5,2.5,1.045,0.5733565751382335,0.5808611358844695
2,0.2,0.5,2.5,1.0475,0.569493226211356,0.5764993906995424
2,0.2,0.5,2.5,1.05,0.5656377578946276,0.5721188075567775
2,0.2,0.5,2.5,1.0525,0.5617903693500353,0.5677230336955261
2,0.2,0.5,2.5,1.055,0.55795125741734,0.563315853120773
2,0.2,0.5,2.5,1.0575,0.5541206166082162,0.558901167132125
2,0.2,0.5,2.5,1.06,0.5502986391007736,0.5544829734881255
2,0.2,0.5,2.5,1.0625,0.5464855147344473,0.5500653443081533
2,0.2,0.5,2.5,1.065,0.5426814310052634,0.5456524028340244
2,0.2,0.5,2.5,1.0675000000000001,0.5388865730614755,0.5412482991929707
2,0.2,0.5,2.5,1.07,0.5351011236995703,0.5368571853222821
2,0.2,0.5,2.5,1.0725,0.5313252633606376,0.5324831892334546
2,0.2,0.5,2.5,1.075,0.5275591701271111,0.5281303888099862
2,0.2,0.5,2.5,1.0775000000000001,0.5238030197198681,0.5238027853471813
2,0.2,0.5,2.5,1.08,0.5200569854956946,0.5195042770548571
2,0.2,0.5,2.5,1.0825,0.5163212384451086,0.5152386327538495
2,0.2,0.5,2.5,1.085,0.51259594719054,0.5110094660047899
2,0.2,0.5,2.5,1.0875000000000001,0.5088812779848711,0.5068202099123871
2,0.2,0.5,2.5,1.09,0.5051773947103234,0.5026740928503923
2,0.2,0.5,2.5,1.0925,0.501484458877703,0.4985741153512171
2,0.2,0.5,2.5,1.095,0.4978026296259893,0.49452302839994633
2,0.2,0.5,2.5,1.0975,0.49413206372227503,0.49052331336511207
2,0.2,0.5,2.5,1.1,0.490472915562046,0.48657716378795296
2,0.2,0.5,2.5,1.1025,0.486825337169808,0.48268646923841296
2,0.2,0.5,2.5,1.105,0.4831894782000493,0.478852801429436
2,0.2,0.5,2.5,1.1075,0.4795654859385396,0.4750774027619058
2,0.2,0.5,2.5,1.11,0.47595350530396646,0.47136117745045475
2,0.2,0.5,2.5,1.1125,0.4723536788499013,0.4677046853562621
2,0.2,0.5,2.5,1.115,0.4687661467670936,0.4641081386264593
2,0.2,0.5,2.5,1.1175,0.4651910468860919,0.4605714012118158
2,0.2,0.5,2.5,1.12,0.46162851468018895,0.4570939913048255
2,0.2,0.5,2.5,1.1225,0.458078683268687,0.45367508670988776
2,0.2,0.5,2.5,1.125,0.4545416834204777,0.4503135331262206
2,0.2,0.5,2.5,1.1275,0.4510176435579418,0.4470078552928305
2,0.2,0.5,2.5,1.1300000000000001,0.44750668976115515,0.443756270913811
2,0.2,0.5,2.5,1.1325,0.4440089457724079,0.4405567072518206
2,0.2,0.5,2.5,1.135,0.4405245330010257,0.43740682024814964
2,0.2,0.5,2.5,1.1375,0.43705357052849253,0.4343040159998243
2,0.2,0.5,2.5,1.1400000000000001,0.4335961751138777,0.43124547439798827
2,0.2,0.5,2.5,1.1425,0.43015246119955514,0.4282281747078208
2,0.2,0.5,2.5,1.145,0.4267225409172132,0.42524892284861393
2,0.2,0.5,2.5,1.1475,0.4233065240941588,0.4223043801138915
2,0.2,0.5,2.5,1.1500000000000001,0.41990451825990543,0.41939109305560124
2,0.2,0.5,2.5,1.1525,0.41651662865304384,0.4165055242438368
2,0.2,0.5,2.5,1.155,0.41314295822839026,0.4136440836042685
2,0.2,0.5,2.5,1.1575,0.4097836076644143,0.4108031600296967
2,0.2,0.5,2.5,1.16,0.4064386753709379,0.407979152959865
2,0.2,0.5,2.5,1.1625,0.4031082574971014,0.40516850362499723
2,0.2,0.5,2.5,1.165,0.39979244793959856,0.40236772565317663
2,0.2,0.5,2.5,1.1675,0.3964913383511686,0.3995734347499851
2,0.2,0.5,2.5,1.17,0.39320501814935294,0.39678237717017
2,0.2,0.5,2.5,1.1725,0.3899335745255005,0.3939914567156515
2,0.2,0.5,2.5,1.175,0.3866770924540312,0.3911977600116
2,0.2,0.5,2.5,1.1775,0.38343565470193813,0.3883985798323102
2,0.2,0.5,2.5,1.18,0.38020934183854144,0.385591436270949
2,0.2,0.5,2.5,1.1825,0.3769982322454788,0.38277409557162156
2,0.2,0.5,2.5,1.185,0.37380240212693305,0.3799445864682235
2,0.2,0.5,2.5,1.1875,0.37062192552009204,0.3771012139019705
2,0.2,0.5,2.5,1.19,0.36745687430583807,0.37424257001781047
2,0.2,0.5,2.5,1.1925000000000001,0.3643073182196616,0.3713675423689156
2,0.2,0.5,2.5,1.195,0.3611733248628005,0.36847531928770405
2,0.2,0.5,2.5,1.1975,0.35805495971358825,0.3655653924108659
2,0.2,0.5,2.5,1.2,0.3549522861390257,0.3626375563746919
2,0.2,0.5,2.5,1.2025000000000001,0.35186536540655644,0.3596919057247921
2,0.2,0.5,2.5,1.205,0.3487942566960513,0.3567288291111933
2,0.2,0.5,2.5,1.2075,0.3457390171119935,0.3537490008652855
2,0.2,0.5,2.5,1.21,0.3426997016958626,0.35075337007901386
2,0.2,0.5,2.5,1.2125000000000001,0.3396763634387139,0.3477431473287354
2,0.2,0.5,2.5,1.215,0.3366690532939482,0.34471978920632584
2,0.2,0.5,2.5,1.2175,0.33367782019026704,0.34168498083797955
2,0.2,0.5,2.5,1.22,0.3307027110448119,0.3386406165868378
2,0.2,0.5,2.5,1.2225,0.3277437707764841,0.3355887791488993
2,0.2,0.5,2.5,1.225,0.3248010423194342,0.33253171726250047
2,0.2,0.5,2.5,1.2275,0.3218745666367307,0.329471822260183
2,0.2,0.5,2.5,1.23,0.31896438273418753,0.3264116036977747
2,0.2,0.5,2.5,1.2325,0.3160705276743618,0.3233536642991517
2,0.2,0.5,2.5,1.235,0.3131930365907061,0.32030067445656496
2,0.2,0.5,2.5,1.2375,0.3103319427018791,0.31725534652541326
2,0.2,0.5,2.5,1.24,0.3074872773262067,0.31422040914941796
2,0.2,0.5,2.5,1.2425,0.30465906989629044,0.3111985818469936
2,0.2,0.5,2.5,1.245,0.30184734797376006,0.308192550082789
2,0.2,0.5,2.5,1.2475,0.2990521372641675,0.3052049410395585
2,0.2,0.5,2.5,1.25,0.2962734616320122,0.30223830029534293
2,0.2,0.5,2.5,1.2525,0.29351134311590416,0.29929506959911967
2,0.2,0.5,2.5,1.2550000000000001,0.2907658019438517,0.2963775659250533
2,0.2,0.5,2.5,1.2575,0.2880368565486733,0.29348796197132937
2,0.2,0.5,2.5,1.26,0.2853245235835317,0.2906282682542639
2,0.2,0.5,2.5,1.2625,0.2826288179375823,0.2878003169324353
2,0.2,0.5,2.5,1.2650000000000001,0.27994975275173745,0.2850057474787187
2,0.2,0.5,2.5,1.2675,0.27728733943453593,0.28224599430083586
2,0.2,0.5,2.5,1.27,0.2746415876781181,0.2795222763931871
2,0.2,0.5,2.5,1.2725,0.27201250547430567,0.27683558908461464
2,0.2,0.5,2.5,1.2750000000000001,0.26940009913077395,0.27418669792847306
2,0.2,0.5,2.5,1.2775,0.26680437328732143,0.27157613476287495
2,0.2,0.5,2.5,1.28,0.2642253309322261,0.26900419595068126
2,0.2,0.5,2.5,1.2825,0.2616629734186906,0.2664709427904718
2,0.2,0.5,2.5,1.285,0.25911730048136733,0.26397620407174227
2,0.2,0.5,2.5,1.2875,0.25658831025296347,0.2615195807298499
2,0.2,0.5,2.5,1.29,0.2540759992809216,0.2591004525390251
2,0.2,0.5,2.5,1.2925,0.25158036254416805,0.25671798676500385
2,0.2,0.5,2.5,1.295,0.24910139346993188,0.25437114868285265
2,0.2,0.5,2.5,1.2975,0.2466390839506279,0.25205871385020573
2,0.2,0.5,2.5,1.3,0.24419342436079747,0.24977928201174548
2,0.2,0.5,2.5,1.3025,0.24176440357410697,0.2475312924972626
2,0.2,0.5,2.5,1.305,0.2393520089803999,0.24531304096328826
2,0.2,0.5,2.5,1.3075,0.23695622650279768,0.2431226973170621
2,0.2,0.5,2.5,1.31,0.23457704061484744,0.24095832465173375
2,0.2,0.5,2.5,1.3125,0.23221443435770947,0.23881789901315645
2,0.2,0.5,2.5,1.315,0.22986838935738732,0.2366993298116465
2,0.2,0.5,2.5,1.3175000000000001,0.22753888584198909,0.2346004806866636
2,0.2,0.5,2.5,1.32,0.22522590265902598,0.23251919062859946
2,0.2,0.5,2.5,1.3225,0.22292941729273405,0.230453295159853
2,0.2,0.5,2.5,1.325,0.22064940588142368,0.22840064737720644
2,0.2,0.5,2.5,1.3275000000000001,0.2183858432348511,0.22635913865908966
2,0.2,0.5,2.5,1.33,0.21613870285160805,0.2243267188448949
2,0.2,0.5,2.5,1.3325,0.21390795693652734,0.2223014156988609
2,0.2,0.5,2.5,1.335,0.21169357641809708,0.2202813534782983
2,0.2,0.5,2.5,1.3375000000000001,0.20949553096588844,0.21826477043500228
2,0.2,0.5,2.5,1.34,0.2073137890079857,0.21625003508951446
2,0.2,0.5,2.5,1.3425,0.20514831774841863,0.21423566113040418
2,0.2,0.5,2.5,1.345,0.20299908318459506,0.2122203208047443
2,0.2,0.5,2.5,1.3475,0.20086605012473102,0.21020285668143782
2,0.2,0.5,2.5,1.35,0.1987491822052685,0.20818229168573088
2,0.2,0.5,2.5,1.3525,0.19664844190828895,0.20615783732099097
2,0.2,0.5,2.5,1.355,0.19456379057891193,0.2041289000124537
2,0.2,0.5,2.5,1.3575,0.1924951884426741,0.20209508552687946
2,0.2,0.5,2.5,1.36,0.19044259462289376,0.2000562014416713
2,0.2,0.5,2.5,1.3625,0.18840596715801347,0.1980122576568382
2,0.2,0.5,2.5,1.365,0.18638526301891192,0.19596346496283926
2,0.2,0.5,2.5,1.3675,0.18438043812619506,0.1939102316967282
2,0.2,0.5,2.5,1.37,0.18239144736745416,0.1918531585377559
2,0.2,0.5,2.5,1.3725,0.1804182446144884,0.1897930315115601
2,0.2,0.5,2.5,1.375,0.17846078274049396,0.18773081328894597
2,0.2,0.5,2.5,1.3775,0.17651901363721398,0.18566763288096316
2,0.2,0.5,2.5,1.3800000000000001,0.174592888232048,0.18360477384621698
2,0.2,0.5,2.5,1.3825,0.17268235650511354,0.1815436611390656
2,0.2,0.5,2.5,1.385,0.1707873675062657,0.17948584673834433
2,0.2,0.5,2.5,1.3875,0.1689078693720657,0.17743299420553602
2,0.2,0.5,2.5,1.3900000000000001,0.16704380934269578,0.1753868623287003
2,0.2,0.5,2.5,1.3925,0.16519513377882433,0.17334928801406824
2,0.2,0.5,2.5,1.395,0.16336178817841,0.1713221685909587
2,0.2,0.5,2.5,1.3975,0.16154371719344873,0.1693074436976198
2,0.2,0.5,2.5,1.4000000000000001,0.15974086464666032,0.16730707691585242
2,0.2,0.5,2.5,1.4025,0.15795317354810984,0.1653230373208887
2,0.2,0.5,2.5,1.405,0.15618058611176264,0.16335728111010664
2,0.2,0.5,2.5,1.4075,0.15442304377197294,0.1614117334699476
2,0.2,0.5,2.5,1.41,0.15268048719990102,0.15948827083489459
2,0.2,0.5,2.5,1.4125,0.15095285631985617,0.15758870368588884
2,0.2,0.5,2.5,1.415,0.1492400903255686,0.15571476002808005
2,0.2,0.5,2.5,1.4175,0.14754212769638017,0.15386806967965266
2,0.2,0.5,2.5,1.42,0.14585890621335978,0.15205014949464615
2,0.2,0.5,2.5,1.4225,0.1441903629753354,0.15026238963341496
2,0.2,0.5,2.5,1.425,0.142536434414845,0.14850604098473025
2,0.2,0.5,2.5,1.4275,0.14089705631400146,0.14678220383360543
2,0.2,0.5,2.5,1.43,0.1392721638202701,0.14509181785883227
2,0.2,0.5,2.5,1.4325,0.13766169146215917,0.14343565353397242
2,0.2,0.5,2.5,1.435,0.13606557316482165,0.1418143049951974
2,0.2,0.5,2.5,1.4375,0.13448374226555884,0.1402281844289263
2,0.2,0.5,2.5,1.44,0.13291613152923462,0.13867751802169298
2,0.2,0.5,2.5,1.4425000000000001,0.13136267316359515,0.1371623435039815
2,0.2,0.5,2.5,1.445,0.12982329883448815,0.1356825093089855
2,0.2,0.5,2.5,1.4475,0.12829793968098335,0.13423767535622033
2,0.2,0.5,2.5,1.45,0.12678652633039478,0.13282731545870957
2,0.2,0.5,2.5,1.4525000000000001,0.1252889889132,0.13145072134093125
2,0.2,0.5,2.5,1.455,0.12380525707785528,0.1301070082429455
2,0.2,0.5,2.5,1.4575,0.12233526000550429,0.12879512207399582
2,0.2,0.5,2.5,1.46,0.12087892642458666,0.12751384806648794
2,0.2,0.5,2.5,1.4625000000000001,0.11943618462532891,0.12626182086855595
2,0.2,0.5,2.5,1.465,0.11800696247413489,0.12503753600053455
2,0.2,0.5,2.5,1.4675,0.1165911874278634,0.12383936258761366
2,0.2,0.5,2.5,1.47,0.1151887865479891,0.12266555726789553
2,0.2,0.5,2.5,1.4725,0.11379968651465829,0.12151427916213074
2,0.2,0.5,2.5,1.475,0.11242381364062552,0.12038360577874077
2,0.2,0.5,2.5,1.4775,0.11106109388507608,0.11927154971558133
2,0.2,0.5,2.5,1.48,0.10971145286733189,0.11817607600838916
2,0.2,0.5,2.5,1.4825,0.10837481588044219,0.1170951199653429
2,0.2,0.5,2.5,1.485,0.10705110790465058,0.11602660531776429
2,0.2,0.5,2.5,1.4875,0.10574025362074811,0.11496846250906131
2,0.2,0.5,2.5,1.49,0.10444217742330252,0.11391864693771686
2,0.2,0.5,2.5,1.4925,0.10315680343376811,0.11287515696576593
2,0.2,0.5,2.5,1.495,0.10188405551347098,0.11183605150194316
2,0.2,0.5,2.5,1.4975,0.10062385727647227,0.11079946696874149
2,0.2,0.5,2.5,1.5,0.09937613210230911,0.10976363346516066
2,0.2,0.5,2.5,1.5025,0.09814080314860783,0.10872688994202258
2,0.2,0.5,2.5,1.5050000000000001,0.09691779336357279,0.10768769821453088
2,0.2,0.5,2.5,1.5075,0.09570702549835121,0.1066446556471952
2,0.2,0.5,2.5,1.51,0.09450842211926705,0.10559650635935162
2,0.2,0.5,2.5,1.5125,0.09332190561993048,0.10454215081519343
2,0.2,0.5,2.5,1.5150000000000001,0.09214739823321905,0.10348065368030268
2,0.2,0.5,2.5,1.5175,0.09098482204312715,0.10241124984699503
2,0.2,0.5,2.5,1.52,0.08983409899649085,0.101333348553043
2,0.2,0.5,2.5,1.5225,0.08869515091457851,0.10024653554229453
2,0.2,0.5,2.5,1.5250000000000001,0.08756789950455576,0.0991505732409228
2,0.2,0.5,2.5,1.5275,0.08645226637081535,0.09804539894922291
2,0.2,0.5,2.5,1.53,0.08534817302617805,0.0969311210755291
2,0.2,0.5,2.5,1.5325,0.0842555409029636,0.09580801346556042
2,0.2,0.5,2.5,1.5350000000000001,0.08317429136392668,0.09467650790685422
2,0.2,0.5,2.5,1.5375,0.08210434571306374,0.09353718491342979
2,0.2,0.5,2.5,1.54,0.0810456252062864,0.09239076292002697
2,0.2,0.5,2.5,1.5425,0.0799980510619614,0.09123808603773804
2,0.2,0.5,2.5,1.545,0.07896154447131816,0.0900801105431471
2,0.2,0.5,2.5,1.5475,0.07793602660872713,0.08891789029091052
2,0.2,0.5,2.5,1.55,0.07692141864183763,0.08775256125463816
2,0.2,0.5,2.5,1.5525,0.0759176417415886,0.08658532541274971
2,0.2,0.5,2.5,1.555,0.07492461709208491,0.08541743420442595
2,0.2,0.5,2.5,1.5575,0.07394226590033784,0.08425017178567568
2,0.2,0.5,2.5,1.56,0.07297050940587531,0.08308483831683688
2,0.2,0.5,2.5,1.5625,0.07200926889021583,0.08192273351045101
2,0.2,0.5,2.5,1.565,0.07105846568621266,0.08076514066244712
2,0.2,0.5,2.5,1.5675000000000001,0.07011802118725921,0.07961331138005395
2,0.2,0.5,2.5,1.57,0.0691878568563683,0.07846845120698843
2,0.2,0.5,2.5,1.5725,0.06826789423511341,0.07733170633047196
2,0.2,0.5,2.5,1.575,0.06735805495243614,0.07620415153580931
2,0.2,0.5,2.5,1.5775000000000001,0.06645826073332474,0.07508677955295208
2,0.2,0.5,2.5,1.58,0.06556843340735821,0.0739804919160415
2,0.2,0.5,2.5,1.5825,0.06468849491711802,0.0728860914318359
2,0.2,0.5,2.5,1.585,0.06381836732646663,0.07180427632657185
2,0.2,0.5,2.5,1.5875000000000001,0.06295797282869593,0.0707356361137105
2,0.2,0.5,2.5,1.59,0.06210723375454299,0.06968064919760954
2,0.2,0.5,2.5,1.5925,0.06126607258007487,0.06863968220094896
2,0.2,0.5,2.5,1.595,0.06043441193444224,0.06761299097716397
2,0.2,0.5,2.5,1.5975000000000001,0.059612174607502996,0.06660072324368166
2,0.2,0.5,2.5,1.6,0.058799283557315264,0.06560292274780118
2,0.2,0.5,2.5,1.6025,0.05799566191750022,0.06461953485502858
2,0.2,0.5,2.5,1.605,0.05720123300447515,0.06365041342989504
2,0.2,0.5,2.5,1.6075,0.056415920324560484,0.06269532886205839
2,0.2,0.5,2.5,1.61,0.055639647580954354,0.06175397707605587
2,0.2,0.5,2.5,1.6125,0.05487233868058311,0.06082598935164191
2,0.2,0.5,2.5,1.615,0.054113917740820236,0.05991094277331522
2,0.2,0.5,2.5,1.6175,0.053364309096081516,0.05900837112251606
2,0.2,0.5,2.5,1.62,0.05262343730429345,0.05811777602404118
2,0.2,0.5,2.5,1.6225,0.05189122715323484,0.05723863815945611
2,0.2,0.5,2.5,1.625,0.051167603666753485,0.05637042836456042
2,0.2,0.5,2.5,1.6275,0.05045249211085832,0.05551261843514614
2,0.2,0.5,2.5,1.6300000000000001,0.04974581799968866,0.054664691475159934
2,0.2,0.5,2.5,1.6325,0.049047507101358745,0.053826151633707756
2,0.2,0.5,2.5,1.635,0.048357485443679536,0.052996533091827565
2,0.2,0.5,2.5,1.6375,0.04767567931976141,0.052175408176312714
2,0.2,0.5,2.5,1.6400000000000001,0.04700201529349034,0.051362394495730795
2,0.2,0.5,2.5,1.6425,0.04633642020488822,0.050557161012829636
2,0.2,0.5,2.5,1.645,0.04567882117535265,0.04975943298737372
2,0.2,0.5,2.5,1.6475,0.04502914561277471,0.04896899574375723
2,0.2,0.5,2.5,1.6500000000000001,0.04438732121654122,0.04818569723814475
2,0.2,0.5,2.5,1.6525,0.043753275982418356,0.04740944942004053
2,0.2,0.5,2.5,1.655,0.0431269382073208,0.04664022840276613
2,0.2,0.5,2.5,1.6575,0.04250823649395907,0.04587807347603292
2,0.2,0.5,2.5,1.6600000000000001,0.04189709975537973,0.04512308501133908
2,0.2,0.5,2.5,1.6625,0.04129345721938414,0.04437542132707467
2,0.2,0.5,2.5,1.665,0.040697238432837346,0.04363529459475558
2,0.2,0.5,2.5,1.6675,0.0401083732658644,0.04290296588056182
2,0.2,0.5,2.5,1.67,0.03952679191593509,0.042178739427181464
2,0.2,0.5,2.5,1.6725,0.03895242491183344,0.041462956289766977
2,0.2,0.5,2.5,1.675,0.03838520311752404,0.04075598744651763
2,0.2,0.5,2.5,1.6775,0.037825057735905644,0.04005822650900094
2,0.2,0.5,2.5,1.68,0.03727192031245434,0.039370082159805496
2,0.2,0.5,2.5,1.6825,0.03672572273876412,0.03869197044553396
2,0.2,0.5,2.5,1.685,0.036186397255979844,0.03802430705155759
2,0.2,0.5,2.5,1.6875,0.03565387645811993,0.03736749968146382
2,0.2,0.5,2.5,1.69,0.035128093295302476,0.03672194065886454
2,0.2,0.5,2.5,1.6925000000000001,0.03460898107686248,0.03608799986232584
2,0.2,0.5,2.5,1.695,0.03409647347436639,0.0354660180958055
2,0.2,0.5,2.5,1.6975,0.03359050452452929,0.03485630098731284
2,0.2,0.5,2.5,1.7,0.03309100863202654,0.03425911349772238
2,0.2,0.5,2.5,1.7025000000000001,0.032597920572209935,0.033674675109984675
2,0.2,0.5,2.5,1.705,0.03211117549372172,0.033103155756576526
2,0.2,0.5,2.5,1.7075,0.03163070892101273,0.032544672530132844
2,0.2,0.5,2.5,1.71,0.031156456756763904,0.0319992872090027
2,0.2,0.5,2.5,1.7125000000000001,0.030688355284213046,0.03146700461618144
2,0.2,0.5,2.5,1.715,0.03022634116938491,0.030947771816879716
2,0.2,0.5,2.5,1.7175,0.029770351463226943,0.03044147814709759
2,0.2,0.5,2.5,1.72,0.029320323603658462,0.029947956053155377
2,0.2,0.5,2.5,1.7225000000000001,0.02887619541751933,0.02946698271036154
2,0.2,0.5,2.5,1.725,0.028437905122435526,0.02899828237803495
2,0.2,0.5,2.5,1.7275,0.02800539132859375,0.028541529438083225
2,0.2,0.5,2.5,1.73,0.02757859304042106,0.02809635205539702
2,0.2,0.5,2.5,1.7325,0.02715744965818911,0.02766233639057128
2,0.2,0.5,2.5,1.735,0.026741900979519364,0.027239031288981433
2,0.2,0.5,2.5,1.7375,0.026331887200813572,0.026825953365118168
2,0.2,0.5,2.5,1.74,0.025927348918591463,0.02642259239734932
2,0.2,0.5,2.5,1.7425,0.02552822713075286,0.026028416945975043
2,0.2,0.5,2.5,1.745,0.025134463237750995,0.025642880106567137
2,0.2,0.5,2.5,1.7475,0.024745999043688592,0.025265425311128693
2,0.2,0.5,2.5,1.75,0.02436277675733514,0.024895492091531374
2,0.2,0.5,2.5,1.7525,0.02398473899305873,0.0245325217229281
2,0.2,0.5,2.5,1.7550000000000001,0.023611828771687257,0.024175962669315123
2,0.2,0.5,2.5,1.7575,0.02324398952129101,0.023825275759031168
2,0.2,0.5,2.5,1.76,0.02288116507788396,0.02347993902461019
2,0.2,0.5,2.5,1.7625,0.022523299686058637,0.02313945214891551
2,0.2,0.5,2.5,1.7650000000000001,0.022170337999540265,0.02280334046772666
2,0.2,0.5,2.5,1.7675,0.021822225081674414,0.02247115848776295
2,0.2,0.5,2.5,1.77,0.021478906405836027,0.022142492888346185
2,0.2,0.5,2.5,1.7725,0.021140327855775964,0.021816964984349593
2,0.2,0.5,2.5,1.7750000000000001,0.02080643572589094,0.021494232637578
2,0.2,0.5,2.5,1.7775,0.02047717672142873,0.021173991613104536
2,0.2,0.5,2.5,1.78,0.020152497958626375,0.020855976386177356
2,0.2,0.5,2.5,1.7825,0.019832346964779726,0.02053996041395443
2,0.2,0.5,2.5,1.7850000000000001,0.01951667167825012,0.020225755894373507
2,0.2,0.5,2.5,1.7875,0.01920542044840377,0.019913213041787295
2,0.2,0.5,2.5,1.79,0.018898542035492634,0.01960221891547912
2,0.2,0.5,2.5,1.7925,0.018595985610468487,0.019292695842729433
2,0.2,0.5,2.5,1.795,0.01829770075473731,0.01898459948264888
2,0.2,0.5,2.5,1.7975,0.01800363745985745,0.018677916580498173
2,0.2,0.5,2.5,1.8,0.017713746127170114,0.018372662464634565
2,0.2,0.5,2.5,1.8025,0.017427977567381462,0.018068878339576266
2,0.2,0.5,2.5,1.805,0.017146283000081437,0.017766628428975195
2,0.2,0.5,2.5,1.8075,0.016868614053208296,0.01746599702157775
2,0.2,0.5,2.5,1.81,0.016594922762458084,0.01716708547161069
2,0.2,0.5,2.5,1.8125,0.016325161570640564,0.016870009202522476
2,0.2,0.5,2.5,1.815,0.016059283326983382,0.01657489475975591
2,0.2,0.5,2.5,1.8175000000000001,0.015797241286379583,0.016281876954326487
2,0.2,0.5,2.5,1.82,0.015538989108589599,0.015991096134555825
2,0.2,0.5,2.5,1.8225,0.015284480857391035,0.015702695618494755
2,0.2,0.5,2.5,1.825,0.015033670999676728,0.015416819314485337
2,0.2,0.5,2.5,1.8275000000000001,0.014786514404509763,0.015133609552088369
2,0.2,0.5,2.5,1.83,0.014542966342127813,0.014853205140367047
2,0.2,0.5,2.5,1.8325,0.014302982482903693,0.014575739665378012
2,0.2,0.5,2.5,1.835,0.014066518896256285,0.014301340033787678
2,0.2,0.5,2.5,1.8375000000000001,0.013833532049524824,0.014030125264894087
2,0.2,0.5,2.5,1.84,0.013603978806791964,0.013762205529068101
2,0.2,0.5,2.5,1.8425,0.013377816427668918,0.013497681426797073
2,0.2,0.5,2.5,1.845,0.013155002566039575,0.013236643499160787
2,0.2,0.5,2.5,1.8475000000000001,0.012935495268761399,0.012979171957720699
2,0.2,0.5,2.5,1.85,0.012719252974328818,0.012725336619473252
2,0.2,0.5,2.5,1.8525,0.012506234511497764,0.012475197030696905
2,0.2,0.5,2.5,1.855,0.012296399097870777,0.012228802762195906
2,0.2,0.5,2.5,1.8575,0.012089706338447557,0.01198619385757675
2,0.2,0.5,2.5,1.86,0.011886116224138403,0.011747401415743583
2,0.2,0.5,2.5,1.8625,0.011685589130243635,0.011512448288719373
2,0.2,0.5,2.5,1.865,0.011488085814895561,0.011281349876127802
2,0.2,0.5,2.5,1.8675,0.011293567417471057,0.011054114998153477
2,0.2,0.5,2.5,1.87,0.011101995456970189,0.010830746829471357
2,0.2,0.5,2.5,1.8725,0.010913331830362673,0.010611243877439466
2,0.2,0.5,2.5,1.875,0.010727538810904113,0.010395600988733433
2,0.2,0.5,2.5,1.8775,0.010544579046421414,0.010183810369511763
2,0.2,0.5,2.5,1.8800000000000001,0.010364415557571298,0.009975862605097544
2,0.2,0.5,2.5,1.8825,0.010187011736067487,0.009771747666014642
2,0.2,0.5,2.5,1.885,0.010012331342883629,0.009571455887995746
2,0.2,0.5,2.5,1.8875,0.009840338506426707,0.009374978914276936
2,0.2,0.5,2.5,1.8900000000000001,0.00967099772068668,0.00918231058910205
2,0.2,0.5,2.5,1.8925,0.00950427384335924,0.008993447791884492
2,0.2,0.5,2.5,1.895,0.009340132093946303,0.008808391201932116
2,0.2,0.5,2.5,1.8975,0.009178538051831373,0.00862714598405011
2,0.2,0.5,2.5,1.9000000000000001,0.009019457654332362,0.008449722385726001
2,0.2,0.5,2.5,1.9025,0.008862857194733098,0.008276136237004664
2,0.2,0.5,2.5,1.905,0.008708703320294022,0.008106409344609856
2,0.2,0.5,2.5,1.9075,0.00855696303023957,0.007940569772401361
2,0.2,0.5,2.5,1.9100000000000001,0.008407603673730765,0.007778652000907461
2,0.2,0.5,2.5,1.9125,0.008260592947811996,0.00762069695946893
2,0.2,0.5,2.5,1.915,0.008115898895346816,0.007466751925505473
2,0.2,0.5,2.5,1.9175,0.007973489902929969,0.007316870286584931
2,0.2,0.5,2.5,1.92,0.007833334698786902,0.007171111162352635
2,0.2,0.5,2.5,1.9225,0.007695402350653861,0.007029538884971679
2,0.2,0.5,2.5,1.925,0.0075596622636433086,0.006892222338523357
2,0.2,0.5,2.5,1.9275,0.007426084178097425,0.0067592341598128585
2,0.2,0.5,2.5,1.93,0.007294638167421058,0.00663064980518954
2,0.2,0.5,2.5,1.9325,0.007165294635907611,0.006506546490292445
2,0.2,0.5,2.5,1.935,0.007038024316548934,0.006387002012029874
2,0.2,0.5,2.5,1.9375,0.006912798268831344,0.00627209346454341
2,0.2,0.5,2.5,1.94,0.006789587876523445,0.006161895863340223
2,0.2,0.5,2.5,1.9425000000000001,0.006668364845450736,0.00605648069413983
2,0.2,0.5,2.5,1.945,0.006549101201260146,0.00595591440520916
2,0.2,0.5,2.5,1.9475,0.006431769287174723,0.005860256863989499
2,0.2,0.5,2.5,1.95,0.006316341761739581,0.005769559800585336
2,0.2,0.5,2.5,1.9525000000000001,0.006202791596558446,0.005683865262127111
2,0.2,0.5,2.5,1.955,0.006091092074022749,0.005603204103082298
2,0.2,0.5,2.5,1.9575,0.005981216785031978,0.0055275945372197455
2,0.2,0.5,2.5,1.96,0.005873139626709231,0.00545704077709265
2,0.2,0.5,2.5,1.9625000000000001,0.005766834800107703,0.005391531786560334
2,0.2,0.5,2.5,1.965,0.00566227680791408,0.005331040171001101
2,0.2,0.5,2.5,1.9675,0.005559440452143337,0.0052755212284677465
2,0.2,0.5,2.5,1.97,0.005458300831832418,0.00522491218310845
2,0.2,0.5,2.5,1.9725000000000001,0.005358833340725822,0.005179131619737785
2,0.2,0.5,2.5,1.975,0.00526101366496122,0.0051380791355252016
2,0.2,0.5,2.5,1.9775,0.005164817780747814,0.005101635221416675
2,0.2,0.5,2.5,1.98,0.005070221952044973,0.005069661382175839
2,0.2,0.5,2.5,1.9825000000000002,0.004977202728237541,0.005042000499890299
2,0.2,0.5,2.5,1.985,0.004885736941808314,0.005018477441515973
2,0.2,0.5,2.5,1.9875,0.0047958017060105015,0.004998899906612121
2,0.2,0.5,2.5,1.99,0.00470737441253815,0.004983059506944891
2,0.2,0.5,2.5,1.9925,0.004620432729197479,0.004970733065203772
2,0.2,0.5,2.5,1.995,0.004534954597575826,0.004961684115782547
2,0.2,0.5,2.5,1.9975,0.004450918230713988,0.004955664586521571
2,0.2,0.5,2.5,2.0,0.004368302110776682,0.004952416636587554
2,0.2,0.5,2.5,2.0025,0.004287084986725228,0.004951674622370618
2,0.2,0.5,2.5,2.005,0.004207245871992406,0.004953167160488861
2,0.2,0.5,2.5,2.0075,0.004128764042158531,0.004956619254781701
2,0.2,0.5,2.5,2.0100000000000002,0.004051619032630177,0.004961754452605947
2,0.2,0.5,2.5,2.0125,0.003975790636321608,0.0049682969948713525
2,0.2,0.5,2.5,2.015,0.0039012589013394973,0.00497597392409848
2,0.2,0.5,2.5,2.0175,0.003828004128671641,0.004984517115368083
2,0.2,0.5,2.5,2.02,0.003756006869877722,0.00499366519635887
2,0.2,0.5,2.5,2.0225,0.0036852479247869107,0.005003165324722129
2,0.2,0.5,2.5,2.025,0.003615708339198336,0.005012774793784111
2,0.2,0.5,2.5,2.0275,0.0035473694025863357,0.005022262440949385
2,0.2,0.5,2.5,2.0300000000000002,0.003480212645812528,0.005031409837134979
2,0.2,0.5,2.5,2.0325,0.003414219838841038,0.005040012240015063
2,0.2,0.5,2.5,2.035,0.0033493729884623417,0.0050478792987064475
2,0.2,0.5,2.5,2.0375,0.0032856543360209,0.005054835502671636
2,0.2,0.5,2.5,2.04,0.00322304635515099,0.005060720372947278
2,0.2,0.5,2.5,2.0425,0.0031615317495176476,0.0050653883992022915
2,0.2,0.5,2.5,2.045,0.0031010934505666774,0.005068708731471639
2,0.2,0.5,2.5,2.0475,0.003041714615280479,0.005070564640576736
2,0.2,0.5,2.5,2.05,0.0029833786239414116,0.005070852766113466
2,0.2,0.5,2.5,2.0525,0.00292606907790425,0.005069482175351127
2,0.2,0.5,2.5,2.055,0.0028697697973759594,0.005066373260335882
2,0.2,0.5,2.5,2.0575,0.002814464819203472,0.005061456503837088
2,0.2,0.5,2.5,2.06,0.0027601383946707077,0.0050546711474350236
2,0.2,0.5,2.5,2.0625,0.0027067749873045982,0.005045963796959532
2,0.2,0.5,2.5,2.065,0.0026543592706893865,0.0050352870016042274
2,0.2,0.5,2.5,2.0675,0.0026028761262906503,0.005022597843331964
2,0.2,0.5,2.5,2.07,0.0025523106412897083,0.005007856572645443
2,0.2,0.5,2.5,2.0725000000000002,0.0025026481064254966,0.004991025325432449
2,0.2,0.5,2.5,2.075,0.0024538740138492494,0.004972066953439549
2,0.2,0.5,2.5,2.0775,0.0024059740549869316,0.004950943998029067
2,0.2,0.5,2.5,2.08,0.0023589341184129457,0.004927617833300303
2,0.2,0.5,2.5,2.0825,0.002312740287734782,0.004902048000488871
2,0.2,0.5,2.5,2.085,0.0022673788394871244,0.0048741917508961985
2,0.2,0.5,2.5,2.0875,0.0022228362410385135,0.004844003809552814
2,0.2,0.5,2.5,2.09,0.0021790991485071552,0.004811436366502517
2,0.2,0.5,2.5,2.0925000000000002,0.0021361544046890188,0.00477643929713368
2,0.2,0.5,2.5,2.095,0.0020939890369973094,0.004738960607506719
2,0.2,0.5,2.5,2.0975,0.002052590255412973,0.004698947095258848
2,0.2,0.5,2.5,2.1,0.0020119454504468606,0.004656345211534714
2,0.2,0.5,2.5,2.1025,0.0019720421911140003,0.004611102104609268
2,0.2,0.5,2.5,2.105,0.0019328682229194307,0.00456316682154843
2,0.2,0.5,2.5,2.1075,0.0018944114658560563,0.004512491640488079
2,0.2,0.5,2.5,2.11,0.0018566600124152095,0.004459033502987226
2,0.2,0.5,2.5,2.1125,0.00181960212560812,0.004402755513491784
2,0.2,0.5,2.5,2.115,0.0017832262370015655,0.004343628471282121
2,0.2,0.5,2.5,2.1175,0.0017475209447646548,0.004281632399399419
2,0.2,0.5,2.5,2.12,0.001712475011728208,0.004216758034966255
2,0.2,0.5,2.5,2.1225,0.0016780773634578789,0.0041490082460270495
2,0.2,0.5,2.5,2.125,0.0016443170863387935,0.004078399341509181
2,0.2,0.5,2.5,2.1275,0.0016111834256737586,0.00400496224310113
2,0.2,0.5,2.5,2.13,0.0015786657837941172,0.003928743490701636
2,0.2,0.5,2.5,2.1325,0.0015467537181835952,0.003849806056536993
2,0.2,0.5,2.5,2.1350000000000002,0.0015154369396156088,0.0037682299469884535
2,0.2,0.5,2.5,2.1375,0.0014847053103026427,0.0036841125755181113
2,0.2,0.5,2.5,2.14,0.0014545488420606358,0.003597568894728867
2,0.2,0.5,2.5,2.1425,0.0014249576944842656,0.0035087312804303245
2,0.2,0.5,2.5,2.145,0.0013959221731378476,0.0034177491654992214
2,0.2,0.5,2.5,2.1475,0.0013674327277581983,0.0033247884262082423
2,0.2,0.5,2.5,2.15,0.0013394799504706238,0.0032300305284467907
2,0.2,0.5,2.5,2.1525,0.0013120545740201558,0.003133671445767968
2,0.2,0.5,2.5,2.1550000000000002,0.001285147470014035,0.003035920365379091
2,0.2,0.5,2.5,2.1575,0.0012587496471786934,0.002936998201962777
2,0.2,0.5,2.5,2.16,0.0012328522496311842,0.0028371359425055833
2,0.2,0.5,2.5,2.1625,0.0012074465551624029,0.0027365728480617598
2,0.2,0.5,2.5,2.165,0.0011825239735349608,0.0026355545405504248
2,0.2,0.5,2.5,2.1675,0.0011580760447947986,0.0025343310042453366
2,0.2,0.5,2.5,2.17,0.0011340944375954254,0.0024331545325571003
2,0.2,0.5,2.5,2.1725,0.0011105709475367012,0.0023322776510258584
2,0.2,0.5,2.5,2.1750000000000003,0.0010874974955167938,0.002231951047157686
2,0.2,0.5,2.5,2.1775,0.0010648661260986294,0.002132421536874402
2,0.2,0.5,2.5,2.18,0.001042669005887392,0.0020339300959477643
2,0.2,0.5,2.5,2.1825,0.0010208984219252158,0.001936709982902914
2,0.2,0.5,2.5,2.185,0.0009995467800970697,0.0018409849775631805
2,0.2,0.5,2.5,2.1875,0.0009786066035500577,0.0017469677567328718
2,0.2,0.5,2.5,2.19,0.0009580705311288858,0.0016548584255497607
2,0.2,0.5,2.5,2.1925,0.0009379313158209859,0.001564843219854702
2,0.2,0.5,2.5,2.195,0.000918181823218959,0.0014770933916009544
2,0.2,0.5,2.5,2.1975000000000002,0.0008988150299937357,0.0013917642859302033
2,0.2,0.5,2.5,2.2,0.0008798240223836556,0.0013089946151516514
2,0.2,0.5,2.5,2.2025,0.0008612019946931375,0.001228905931538116
2,0.2,0.5,2.5,2.205,0.0008429422478102145,0.0011516022976659618
2,0.2,0.5,2.5,2.2075,0.0008250381877336633,0.0010771701500243182
2,0.2,0.5,2.5,2.21,0.0008074833241117522,0.001005678348857032
2,0.2,0.5,2.5,2.2125,0.000790271268801339,0.0009371784047139883
2,0.2,0.5,2.5,2.215,0.0007733957344323288,0.0008717048700123636
2,0.2,0.5,2.5,2.2175000000000002,0.0007568505329896863,0.000809275882063124
2,0.2,0.5,2.5,2.22,0.0007406295744084472,0.0007498938425211757
2,0.2,0.5,2.5,2.2225,0.0007247268651807757,0.0006935462170722193
2,0.2,0.5,2.5,2.225,0.0007091365069751693,0.0006402064383772866
2,0.2,0.5,2.5,2.2275,0.0006938526952716006,0.0005898348948444004
2,0.2,0.5,2.5,2.23,0.0006788697180071299,0.0005423799876739503
2,0.2,0.5,2.5,2.2325,0.0006641819542346104,0.0004977792388057379
2,0.2,0.5,2.5,2.235,0.000649783872795555,0.0004559604328577855
2,0.2,0.5,2.5,2.2375000000000003,0.0006356700310051047,0.0004168427768577786
2,0.2,0.5,2.5,2.24,0.0006218350733484604,0.00038033806249679873
2,0.2,0.5,2.5,2.2425,0.0006082737301912558,0.0003463518167450788
2,0.2,0.5,2.5,2.245,0.0005949808165035907,0.00031478442792763937
2,0.2,0.5,2.5,2.2475,0.0005819512305925941,0.000285532235725847
2,0.2,0.5,2.5,2.25,0.0005691799528521972,0.0002584885750166764
2,0.2,0.5,2.5,2.2525,0.0005566620445218973,0.00023354476494944607
2,0.2,0.5,2.5,2.255,0.0005443926464587695,0.0002105910361603472
2,0.2,0.5,2.5,2.2575,0.0005323669779211292,0.00018951739050822918
2,0.2,0.5,2.5,2.2600000000000002,0.000520580335366647,0.00017021438915632378
2,0.2,0.5,2.5,2.2625,0.0005090280912585266,0.000152573866200465
2,0.2,0.5,2.5,2.265,0.0004977056928863131,0.0001364895663368261
2,0.2,0.5,2.5,2.2675,0.00048660866119849973,0.00012185770625521898
2,0.2,0.5,2.5,2.27,0.00047573258964425246,0.00010857746052616492
2,0.2,0.5,2.5,2.2725,0.00046507314303192304,9.655137371244828e-05
2,0.2,0.5,2.5,2.275,0.0004546260563922301,8.568570127396952e-05
2,0.2,0.5,2.5,2.2775,0.0004443871338590379,7.589068254577262e-05
2,0.2,0.5,2.5,2.2800000000000002,0.0004343522475572291,6.708074965429378e-05
2,0.2,0.5,2.5,2.2825,0.0004245173365062352,5.917467669873406e-05
2,0.2,0.5,2.5,2.285,0.00041487840552763375,5.209567386859113e-05
2,0.2,0.5,2.5,2.2875,0.00040543152417321643,4.577143140142149e-05
2,0.2,0.5,2.5,2.29,0.0003961728256547728,4.013411841540364e-05
2,0.2,0.5,2.5,2.2925,0.0003870985057912202,3.512034168847408e-05
2,0.2,0.5,2.5,2.295,0.0003782048219637479,3.0671069410056646e-05
2,0.2,0.5,2.5,2.2975,0.0003694880920818939,2.673152481305823e-05
2,0.2,0.5,2.5,2.3000000000000003,0.00036094469356028037,2.3251054413823875e-05
2,0.2,0.5,2.5,2.3025,0.00035257106230520715,2.0182975356557673e-05
2,0.2,0.5,2.5,2.305,0.00034436369171455855,1.7484406086813428e-05
2,0.2,0.5,2.5,2.3075,0.00033631913168119494,1.511608427573966e-05
2,0.2,0.5,2.5,2.31,0.0003284339876156926,1.3042175592089374e-05
2,0.2,0.5,2.5,2.3125,0.0003207049194708348,1.1230076580932047e-05
2,0.2,0.5,2.5,2.315,0.00031312864077964243,9.650214564189997e-06
2,0.2,0.5,2.5,2.3175,0.00030570191770421115,8.275847135175215e-06
2,0.2,0.5,2.5,2.32,0.00029842156809288306,7.082863483093321e-06
2,0.2,0.5,2.5,2.3225000000000002,0.0002912844605445789,6.0495894588029755e-06
2,0.2,0.5,2.5,2.325,0.0002842875134866194,5.156597984023164e-06
2,0.2,0.5,2.5,2.3275,0.00027742769426171654,4.386526115735004e-06
2,0.2,0.5,2.5,2.33,0.0002707020182181675,3.7238998081290613e-06
2,0.2,0.5,2.5,2.3325,0.0002641075478184456,3.1549671676423083e-06
2,0.2,0.5,2.5,2.335,0.00025764139174862347,2.6675407734116215e-06
2,0.2,0.5,2.5,2.3375,0.00025130070403999317,2.2508494361540646e-06
2,0.2,0.5,2.5,2.34,0.00024508268320072633,1.8953995929547356e-06
2,0.2,0.5,2.5,2.3425000000000002,0.00023898457135518484,1.592846383098826e-06
2,0.2,0.5,2.5,2.345,0.0002330036533870599,1.3358743200210947e-06
2,0.2,0.5,2.5,2.3475,0.00022713725610029053,1.1180873654384265e-06
2,0.2,0.5,2.5,2.35,0.0002213827473796739,9.339081223837499e-07
2,0.2,0.5,2.5,2.3525,0.00021573753536328005,7.784857925892666e-07
2,0.2,0.5,2.5,2.355,0.0002101990676240844,6.476124888350404e-07
2,0.2,0.5,2.5,2.3575,0.00020476483035530103,5.376474527715706e-07
2,0.2,0.5,2.5,2.36,0.00019943234756807158,4.454487016506939e-07
2,0.2,0.5,2.5,2.3625000000000003,0.00019419918029243193,3.6831161168266955e-07
2,0.2,0.5,2.5,2.365,0.00018906292579141942,3.039139397794755e-07
2,0.2,0.5,2.5,2.3675,0.0001840212167745372,2.502667877195367e-07
2,0.2,0.5,2.5,2.37,0.00017907172062846849,2.056710218643377e-07
2,0.2,0.5,2.5,2.3725,0.00017421213864424418,1.6867867616331765e-07
2,0.2,0.5,2.5,2.375,0.0001694402052601951,1.3805888512118163e-07
2,0.2,0.5,2.5,2.3775,0.0001647536873064405,1.1276791560883163e-07
2,0.2,0.5,2.5,2.38,0.00016015038325960067,9.192289094322851e-08
2,0.2,0.5,2.5,2.3825,0.00015562812250063837,7.477882672752453e-08
2,0.2,0.5,2.5,2.3850000000000002,0.00015118476458077414,6.070862483526237e-08
2,0.2,0.5,2.5,2.3875,0.00014681819849681648,4.918569905299431e-08
2,0.2,0.5,2.5,2.39,0.00014252634196526223,3.976893277983316e-08
2,0.2,0.5,2.5,2.3925,0.00013830714071265163,3.2089695427244196e-08
2,0.2,0.5,2.5,2.395,0.0001341585677605221,2.5840669459731516e-08
2,0.2,0.5,2.5,2.3975,0.0001300786227263507,2.0766264132745313e-08
2,0.2,0.5,2.5,2.4,0.00012606533112327362,1.6654414749718326e-08
2,0.2,0.5,2.5,2.4025,0.0001221167436701583,1.3329587563031328e-08
2,0.2,0.5,2.5,2.4050000000000002,0.00011823093560257088,1.0646830219737679e-08
2,0.2,0.5,2.5,2.4075,0.00011440600599187911,8.486725877343646e-09
2,0.2,0.5,2.5,2.41,0.00011064007707203843,6.751125796285421e-09
2,0.2,0.5,2.5,2.4125,0.00010693129356206945,5.359550388276598e-09
2,0.2,0.5,2.5,2.415,0.0001032778220073778,4.246162418266539e-09
2,0.2,0.5,2.5,2.4175,9.967785011327988e-05,3.357228392289429e-09
2,0.2,0.5,2.5,2.42,9.612958608885194e-05,2.648995194804945e-09
2,0.2,0.5,2.5,2.4225,9.263125799606967e-05,2.0859188549574425e-09
2,0.2,0.5,2.5,2.4250000000000003,8.918111310256598e-05,1.6391910131752378e-09
2,0.2,0.5,2.5,2.4275,8.57774172344427e-05,1.285516320515823e-09
2,0.2,0.5,2.5,2.43,8.241845414083596e-05,1.006100725186491e-09
2,0.2,0.5,2.5,2.4325,7.910252485652641e-05,7.858164732482076e-10
2,0.2,0.5,2.5,2.435,7.582794706961365e-05,6.125147594704239e-10
2,0.2,0.5,2.5,2.4375,7.259305449525874e-05,4.764613908285968e-10
2,0.2,0.5,2.5,2.44,6.939619625207421e-05,3.698746451917076e-10
2,0.2,0.5,2.5,2.4425,6.623573623781692e-05,2.8654779168745335e-10
2,0.2,0.5,2.5,2.445,6.311005251505662e-05,2.2154155166232555e-10
2,0.2,0.5,2.5,2.4475000000000002,6.001753669750943e-05,1.7093417888980544e-10
2,0.2,0.5,2.5,2.45,5.6956593334908774e-05,1.316188778969033e-10
2,0.2,0.5,2.5,2.4525,5.392563930913175e-05,1.0114000770000777e-10
2,0.2,0.5,2.5,2.455,5.092310322616692e-05,7.756097743590945e-11
2,0.2,0.5,2.5,2.4575,4.794742481459579e-05,5.93579680742935e-11
2,0.2,0.5,2.5,2.46,4.49970543234776e-05,4.5334643867375475e-11
2,0.2,0.5,2.5,2.4625,4.207045192823652e-05,3.455387758631925e-11
2,0.2,0.5,2.5,2.465,3.916608713151665e-05,2.628323034314789e-11
2,0.2,0.5,2.5,2.4675000000000002,3.6282438170038273e-05,1.995152196741238e-11
2,0.2,0.5,2.5,2.47,3.34179914273055e-05,1.511432055858563e-11
2,0.2,0.5,2.5,2.4725,3.057124083734088e-05,1.1426586352724327e-11
2,0.2,0.5,2.5,2.475,2.7740687304152833e-05,8.621039450113748e-12
2,0.2,0.5,2.5,2.4775,2.4924838109206833e-05,6.491095200891276e-12
2,0.2,0.5,2.5,2.48,2.212220633133659e-05,4.8774352817914254e-12
2,0.2,0.5,2.5,2.4825,1.93313102597745e-05,3.657465292533384e-12
2,0.2,0.5,2.5,2.485,1.6550672816116567e-05,2.7370582733333242e-12
2,0.2,0.5,2.5,2.4875000000000003,1.3778820969122329e-05,2.044103949019804e-12
2,0.2,0.5,2.5,2.49,1.1014285157416724e-05,1.5234807980732275e-12
2,0.2,0.5,2.5,2.4925,8.255598707720748e-06,1.1331464366376776e-12
2,0.2,0.5,2.5,2.495,5.501297258596384e-06,8.411047900789266e-13
2,0.2,0.5,2.5,2.4975,2.7499181807331803e-06,6.230589837918126e-13
2,0.2,0.5,2.5,2.5,0.0,4.605991974394505e-13
