panel,t,a,y,theory_density,kde_density
1,0.2,2.0,0.0,0.0,0.09789005235046977
1,0.2,2.0,0.002,0.010000824770797776,0.10316130490014974
1,0.2,2.0,0.004,0.02000104950110996,0.10859980814045739
1,0.2,2.0,0.006,0.030000074210453687,0.1142039436293985
1,0.2,2.0,0.008,0.03999729903834323,0.11997171987731775
1,0.2,2.0,0.01,0.04999212430426749,0.12590077940174665
1,0.2,2.0,0.012,0.05998395056764234,0.13198840795028302
1,0.2,2.0,0.014,0.06997217868772945,0.1382315458320582
1,0.2,2.0,0.016,0.07995620988351308,0.1446268012800302
1,0.2,2.0,0.018000000000000002,0.08993544579352647,0.15117046574906276
1,0.2,2.0,0.02,0.09990928853561964,0.15785853103875816
1,0.2,2.0,0.022,0.10987714076666007,0.16468670811551575
1,0.2,2.0,0.024,0.11983840574215782,0.17165044749543748
1,0.2,2.0,0.026000000000000002,0.12979248737580706,0.17874496103866505
1,0.2,2.0,0.028,0.1397387902989357,0.18596524499656308
1,0.2,2.0,0.03,0.14967671991985412,0.19330610414598204
1,0.2,2.0,0.032,0.15960568248309573,0.20076217683964123
1,0.2,2.0,0.034,0.16952508512854048,0.20832796079843133
1,0.2,2.0,0.036000000000000004,0.179434335950413,0.21599783947012674
1,0.2,2.0,0.038,0.1893328440561479,0.2237661087795407
1,0.2,2.0,0.04,0.19922001962511285,0.23162700409735887
1,0.2,2.0,0.042,0.20909527396718197,0.23957472725868445
1,0.2,2.0,0.044,0.21895801958115255,0.24760347346744924
1,0.2,2.0,0.046,0.2288076702129934,0.2557074579291632
1,0.2,2.0,0.048,0.2386436409139218,0.26388094206168633
1,0.2,2.0,0.05,0.24846534809829596,0.27211825914167476
1,0.2,2.0,0.052000000000000005,0.2582722096013196,0.28041383925273344
1,0.2,2.0,0.054,0.26806364473654576,0.28876223340995294
1,0.2,2.0,0.056,0.2778390743531768,0.29715813674421215
1,0.2,2.0,0.058,0.28759792089314934,0.30559641063803267
1,0.2,2.0,0.06,0.29733960844799745,0.314072103712932
1,0.2,2.0,0.062,0.30706356281548597,0.3225804715757527
1,0.2,2.0,0.064,0.3167692115560068,0.33111699523845634
1,0.2,2.0,0.066,0.3264559840487291,0.33967739813199604
1,0.2,2.0,0.068,0.3361233115474975,0.34825766164043004
1,0.2,2.0,0.07,0.3457706272364688,0.35685403908608637
1,0.2,2.0,0.07200000000000001,0.355397366285481,0.3654630681006121
1,0.2,2.0,0.074,0.3650029659051456,0.37408158132009967
1,0.2,2.0,0.076,0.374586865401659,0.3827067153453374
1,0.2,2.0,0.078,0.3841485062313183,0.39133591791081695
1,0.2,2.0,0.08,0.39368733205474515,0.3999669532084912
1,0.2,2.0,0.082,0.40320278879079813,0.4085979053148093
1,0.2,2.0,0.084,0.41269432467017564,0.41722717967230577
1,0.2,2.0,0.08600000000000001,0.4221613902886989,0.4258535025804791
1,0.2,2.0,0.088,0.431603438660264,0.43447591865483187
1,0.2,2.0,0.09,0.4410199252694644,0.4430937862182503
1,0.2,2.0,0.092,0.4504103081238673,0.4517067705954499
1,0.2,2.0,0.094,0.45977404780594455,0.4603148352892572
1,0.2,2.0,0.096,0.46911060752464734,0.4689182310272165
1,0.2,2.0,0.098,0.4784194531666164,0.47751748267853655
1,0.2,2.0,0.1,0.4877000533470259,0.4861133740546481
1,0.2,2.0,0.10200000000000001,0.4969518794600488,0.4947069306220279
1,0.2,2.0,0.10400000000000001,0.5061744057289425,0.5032994001728734
1,0.2,2.0,0.106,0.5153671092557403,0.511892231518143
1,0.2,2.0,0.108,0.5245294700705522,0.5204870512878119
1,0.2,2.0,0.11,0.5336609711804599,0.529085638944898
1,0.2,2.0,0.112,0.5427610986180041,0.5376899001427106
1,0.2,2.0,0.114,0.5518293414892568,0.5463018385781063
1,0.2,2.0,0.116,0.5608651920214709,0.5549235265174872
1,0.2,2.0,0.11800000000000001,0.5698681456103035,0.5635570741957938
1,0.2,2.0,0.12,0.5788377008666056,0.5722045983119013
1,0.2,2.0,0.122,0.5877733596627704,0.5808681898656645
1,0.2,2.0,0.124,0.5966746271786374,0.5895498816021904
1,0.2,2.0,0.126,0.6055410119469432,0.5982516153470637
1,0.2,2.0,0.128,0.6143720258983165,0.606975209531709
1,0.2,2.0,0.13,0.6231671844058089,0.6157223272205071
1,0.2,2.0,0.132,0.6319260063289565,0.6244944449600522
1,0.2,2.0,0.134,0.6406480140573682,0.6332928227758596
1,0.2,2.0,0.136,0.6493327335538326,0.6421184756423308
1,0.2,2.0,0.138,0.6579796943969414,0.6509721467480283
1,0.2,2.0,0.14,0.6665884298232194,0.6598542828694994
1,0.2,2.0,0.14200000000000002,0.6751584767687613,0.6687650121536439
1,0.2,2.0,0.14400000000000002,0.6836893759103666,0.6777041245903612
1,0.2,2.0,0.146,0.6921806717061669,0.6866710554343523
1,0.2,2.0,0.148,0.7006319124357446,0.695664871807724
1,0.2,2.0,0.15,0.7090426502397342,0.7046842626834222
1,0.2,2.0,0.152,0.7174124411589028,0.7137275324142592
1,0.2,2.0,0.154,0.7257408451727039,0.7227925979336995
1,0.2,2.0,0.156,0.7340274262373062,0.7318769897130228
1,0.2,2.0,0.158,0.7422717523230812,0.7409778565159855
1,0.2,2.0,0.16,0.7504733954515557,0.7500919739467442
1,0.2,2.0,0.162,0.7586319317318199,0.7592157567410436
1,0.2,2.0,0.164,0.7667469413963898,0.7683452747043533
1,0.2,2.0,0.166,0.7748180088365121,0.777476272155286
1,0.2,2.0,0.168,0.7828447226369231,0.7866041906884651
1,0.2,2.0,0.17,0.7908266756100361,0.7957241950290791
1,0.2,2.0,0.17200000000000001,0.7987634648295758,0.8048312017119518
1,0.2,2.0,0.17400000000000002,0.8066546916636386,0.8139199102823392
1,0.2,2.0,0.176,0.8144999618071835,0.8229848366835368
1,0.2,2.0,0.178,0.8222988853139521,0.8320203484693215
1,0.2,2.0,0.18,0.8300510766278025,0.8410207014565324
1,0.2,2.0,0.182,0.8377561546134709,0.8499800774162072
1,0.2,2.0,0.184,0.8454137425867423,0.8588926223897642
1,0.2,2.0,0.186,0.8530234683440332,0.8677524852110343
1,0.2,2.0,0.188,0.8605849641913909,0.876553855814402
1,0.2,2.0,0.19,0.8680978669728868,0.885291002914954
1,0.2,2.0,0.192,0.8755618180984235,0.8939583106573642
1,0.2,2.0,0.194,0.8829764635709371,0.9025503138465978
1,0.2,2.0,0.196,0.890341454012997,0.9110617313946494
1,0.2,2.0,0.198,0.8976564446928043,0.9194874976435615
1,0.2,2.0,0.2,0.9049210955495791,0.9278227912548292
1,0.2,2.0,0.202,0.9121350712183405,0.9360630613891243
1,0.2,2.0,0.20400000000000001,0.9192980410540732,0.9442040509368433
1,0.2,2.0,0.20600000000000002,0.9264096791552826,0.9522418165993988
1,0.2,2.0,0.20800000000000002,0.9334696643869284,0.9601727456622376
1,0.2,2.0,0.21,0.9404776804027457,0.9679935693429828
1,0.2,2.0,0.212,0.9474334156669468,0.9757013726411373
1,0.2,2.0,0.214,0.9543365634752923,0.9832936006590429
1,0.2,2.0,0.216,0.9611868219755475,0.9907680614061493
1,0.2,2.0,0.218,0.9679838941873142,0.9981229251403172
1,0.2,2.0,0.22,0.9747274880212302,1.0053567203396916
1,0.2,2.0,0.222,0.9814173162975437,1.0124683264363536
1,0.2,2.0,0.224,0.9880530967640601,1.0194569634785482
1,0.2,2.0,0.226,0.9946345521134596,1.0263221789202523
1,0.2,2.0,0.228,1.0011614099999788,1.0330638317664633
1,0.2,2.0,0.23,1.007633403055464,1.039682074327972
1,0.2,2.0,0.232,1.0140502689047934,1.0461773318616794
1,0.2,2.0,0.234,1.0204117501806604,1.0525502803905187
1,0.2,2.0,0.23600000000000002,1.0267175945377265,1.0588018230114666
1,0.2,2.0,0.23800000000000002,1.032967554666139,1.064933065010354
1,0.2,2.0,0.24,1.0391613883044135,1.0709452881084152
1,0.2,2.0,0.242,1.045298858251679,1.076839924167942
1,0.2,2.0,0.244,1.0513797323792895,1.0826185286828183
1,0.2,2.0,0.246,1.057403783641801,1.088282754374309
1,0.2,2.0,0.248,1.0633707900873084,1.0938343252037617
1,0.2,2.0,0.25,1.0692805348671508,1.0992750111013632
1,0.2,2.0,0.252,1.07513280624498,1.1046066036945454
1,0.2,2.0,0.254,1.0809273976051927,1.1098308933012344
1,0.2,2.0,0.256,1.0866641074607308,1.1149496474317842
1,0.2,2.0,0.258,1.0923427394602427,1.1199645910197493
1,0.2,2.0,0.26,1.0979631023946161,1.124877388575892
1,0.2,2.0,0.262,1.1035250102028744,1.1296896284321414
1,0.2,2.0,0.264,1.1090282819774453,1.134402809213221
1,0.2,2.0,0.266,1.1144727419687879,1.1390183286432671
1,0.2,2.0,0.268,1.1198582195894036,1.143537474763879
1,0.2,2.0,0.27,1.125184549417207,1.147961419608647
1,0.2,2.0,0.272,1.1304515711982748,1.1522912153476155
1,0.2,2.0,0.274,1.1356591298489627,1.1565277928843405
1,0.2,2.0,0.276,1.140807075457404,1.1606719628574584
1,0.2,2.0,0.278,1.1458952632843773,1.164724418969877
1,0.2,2.0,0.28,1.1509235537635567,1.1686857435405273
1,0.2,2.0,0.28200000000000003,1.1558918125011401,1.1725564151478798
1,0.2,2.0,0.28400000000000003,1.1607999102748567,1.1763368182105185
1,0.2,2.0,0.28600000000000003,1.1656477230323619,1.1800272543286772
1,0.2,2.0,0.28800000000000003,1.1704351318890125,1.183627955192024
1,0.2,2.0,0.29,1.175162023125033,1.1871390968432414
1,0.2,2.0,0.292,1.1798282881820674,1.1905608150743476
1,0.2,2.0,0.294,1.1844338236591263,1.1938932217235643
1,0.2,2.0,0.296,1.1889785313079237,1.197136421634536
1,0.2,2.0,0.298,1.1934623180276136,1.2002905300373383
1,0.2,2.0,0.3,1.1978850958589229,1.203355690111628
1,0.2,2.0,0.302,1.2022467819776876,1.206332090496618
1,0.2,2.0,0.304,1.2065472986877899,1.2092199825200791
1,0.2,2.0,0.306,1.2107865734135048,1.2120196969289534
1,0.2,2.0,0.308,1.2149645386912573,1.214731659917684
1,0.2,2.0,0.31,1.2190811321607853,1.2173564082656883
1,0.2,2.0,0.312,1.223136296555729,1.219894603413617
1,0.2,2.0,0.314,1.2271299796936281,1.2223470443273976
1,0.2,2.0,0.316,1.2310621344653472,1.2247146790198369
1,0.2,2.0,0.318,1.2349327188239259,1.22699861462169
1,0.2,2.0,0.32,1.2387416957728539,1.2292001259158205
1,0.2,2.0,0.322,1.2424890333537812,1.231320662270741
1,0.2,2.0,0.324,1.2461747046336646,1.233361852931192
1,0.2,2.0,0.326,1.2497986876913483,1.2353255106447847
1,0.2,2.0,0.328,1.2533609656035924,1.237213633623023
1,0.2,2.0,0.33,1.2568615264305445,1.2390284058535463
1,0.2,2.0,0.332,1.2603003632006637,1.2407721957965634
1,0.2,2.0,0.334,1.263677473895097,1.2424475535127726
1,0.2,2.0,0.336,1.2669928614315156,1.244057206282158
1,0.2,2.0,0.338,1.2702465336474114,1.2456040527827794
1,0.2,2.0,0.34,1.2734385032828608,1.2470911559058355
1,0.2,2.0,0.342,1.2765687879627612,1.2485217342886665
1,0.2,2.0,0.34400000000000003,1.2796374101785375,1.249899152650079
1,0.2,2.0,0.34600000000000003,1.2826443972693309,1.2512269110129959
1,0.2,2.0,0.34800000000000003,1.2855897814026733,1.2525086328988195
1,0.2,2.0,0.35000000000000003,1.288473599554642,1.2537480525752491
1,0.2,2.0,0.352,1.2912958934895167,1.2549490014354092
1,0.2,2.0,0.354,1.2940567097389257,1.2561153935819864
1,0.2,2.0,0.356,1.2967560995805,1.2572512106845624
1,0.2,2.0,0.358,1.2993941190160272,1.2583604861734927
1,0.2,2.0,0.36,1.3019708287491234,1.2594472888285184
1,0.2,2.0,0.362,1.304486294162417,1.260515705815868
1,0.2,2.0,0.364,1.3069405852942548,1.2615698252243317
1,0.2,2.0,0.366,1.3093337768149351,1.2626137181480184
1,0.2,2.0,0.368,1.3116659480024702,1.2636514203627434
1,0.2,2.0,0.37,1.3139371827178854,1.264686913643399
1,0.2,2.0,0.372,1.3161475693800604,1.2657241067716476
1,0.2,2.0,0.374,1.318297200940117,1.2667668162870054
1,0.2,2.0,0.376,1.3203861748553558,1.2678187470396547
1,0.2,2.0,0.378,1.322414593062755,1.2688834726099458
1,0.2,2.0,0.38,1.3243825619520264,1.2699644156677712
1,0.2,2.0,0.382,1.3262901923382429,1.2710648283535113
1,0.2,2.0,0.384,1.3281375994340383,1.2721877727727178
1,0.2,2.0,0.386,1.3299249028213833,1.2733361017062106
1,0.2,2.0,0.388,1.3316522264229493,1.2745124396480318
1,0.2,2.0,0.39,1.3333196984730626,1.275719164293146
1,0.2,2.0,0.392,1.3349274514882474,1.2769583886063023
1,0.2,2.0,0.394,1.33647562223738,1.278231943611476
1,0.2,2.0,0.396,1.3379643517114408,1.279541362047709
1,0.2,2.0,0.398,1.3393937850928863,1.2808878630422265
1,0.2,2.0,0.4,1.3407640717246325,1.2822723379543464
1,0.2,2.0,0.402,1.3420753650786699,1.28369533754414
1,0.2,2.0,0.404,1.3433278227243024,1.2851570606175253
1,0.2,2.0,0.406,1.3445216062960257,1.2866573442951756
1,0.2,2.0,0.40800000000000003,1.345656881461047,1.2881956560448506
1,0.2,2.0,0.41000000000000003,1.346733817886455,1.2897710876071868
1,0.2,2.0,0.41200000000000003,1.3477525892060371,1.291382350932426
1,0.2,2.0,0.41400000000000003,1.3487133729867642,1.2930277762307638
1,0.2,2.0,0.41600000000000004,1.3496163506949395,1.2947053122223025
1,0.2,2.0,0.418,1.3504617076620153,1.2964125286541213
1,0.2,2.0,0.42,1.351249633050095,1.2981466211316075
1,0.2,2.0,0.422,1.351980319817114,1.2999044182906083
1,0.2,2.0,0.424,1.3526539646817142,1.301682391314882
1,0.2,2.0,0.426,1.3532707680878147,1.3034766657815753
1,0.2,2.0,0.428,1.3538309341688846,1.3052830357956542
1,0.2,2.0,0.43,1.3543346707119281,1.3070969803531631
1,0.2,2.0,0.432,1.3547821891211804,1.3089136818526572
1,0.2,2.0,0.434,1.355173704381531,1.310728046655744
1,0.2,2.0,0.436,1.3555094350216716,1.312534727579836
1,0.2,2.0,0.438,1.3557896030769783,1.3143281481910931
1,0.2,2.0,0.44,1.3560144340521378,1.3161025287519597
1,0.2,2.0,0.442,1.3561841568835165,1.3178519136661084
1,0.2,2.0,0.444,1.3562990039012877,1.3195702002548253
1,0.2,2.0,0.446,1.3563592107913158,1.3212511686915478
1,0.2,2.0,0.448,1.3563650165568057,1.322888512916181
1,0.2,2.0,0.45,1.3563166634797303,1.3244758723483345
1,0.2,2.0,0.452,1.35621439708203,1.326006864216648
1,0.2,2.0,0.454,1.3560584660866026,1.3274751163223357
1,0.2,2.0,0.456,1.3558491223780846,1.3288743000561225
1,0.2,2.0,0.458,1.3555866209634277,1.3301981634907374
1,0.2,2.0,0.46,1.3552712199322856,1.3314405643740896
1,0.2,2.0,0.462,1.3549031804172047,1.3325955028524248
1,0.2,2.0,0.464,1.3544827665536399,1.3336571537563793
1,0.2,2.0,0.466,1.354010245439787,1.3346198982871151
1,0.2,2.0,0.468,1.3534858870962552,1.3354783549431624
1,0.2,2.0,0.47000000000000003,1.3529099644255635,1.3362274095323736
1,0.2,2.0,0.47200000000000003,1.3522827531714932,1.3368622441155693
1,0.2,2.0,0.47400000000000003,1.3516045318782797,1.3373783647317599
1,0.2,2.0,0.47600000000000003,1.3508755818496712,1.3377716277556306
1,0.2,2.0,0.47800000000000004,1.350096187107836,1.3380382647401994
1,0.2,2.0,0.48,1.3492666343521518,1.338174905598138
1,0.2,2.0,0.482,1.3483872129178636,1.338178599976369
1,0.2,2.0,0.484,1.3474582147346217,1.3380468366795801
1,0.2,2.0,0.486,1.346479934284915,1.3377775609995006
1,0.2,2.0,0.488,1.3454526685623884,1.3373691898090714
1,0.2,2.0,0.49,1.3443767170300711,1.336820624283338
1,0.2,2.0,0.492,1.3432523815785045,1.3361312601132989
1,0.2,2.0,0.494,1.342079966483786,1.3353009950846264
1,0.2,2.0,0.496,1.3408597783655323,1.334330233901029
1,0.2,2.0,0.498,1.339592126144769,1.3332198901414332
1,0.2,2.0,0.5,1.3382773210017511,1.3319713852528492
1,0.2,2.0,0.502,1.3369156763337215,1.3305866444948728
1,0.2,2.0,0.504,1.335507507712617,1.3290680897692693
1,0.2,2.0,0.506,1.3340531328427199,1.3274186292879846
1,0.2,2.0,0.508,1.3325528715182713,1.3256416440551024
1,0.2,2.0,0.51,1.331007045581044,1.3237409711635668
1,0.2,2.0,0.512,1.3294159788778852,1.3217208839341723
1,0.2,2.0,0.514,1.3277799972182376,1.319586068953958
1,0.2,2.0,0.516,1.3260994283316352,1.3173416001015283
1,0.2,2.0,0.518,1.324374601825192,1.3149929096789137
1,0.2,2.0,0.52,1.3226058491410824,1.3125457568025332
1,0.2,2.0,0.522,1.3207935035140181,1.3100061932381335
1,0.2,2.0,0.524,1.3189378999287358,1.307380526897799
1,0.2,2.0,0.526,1.3170393750774898,1.3046752832478838
1,0.2,2.0,0.528,1.315098267317565,1.301897164907126
1,0.2,2.0,0.53,1.3131149166288123,1.299053009741772
1,0.2,2.0,0.532,1.3110896645712111,1.2961497477891502
1,0.2,2.0,0.534,1.3090228542424707,1.2931943573629556
1,0.2,2.0,0.536,1.3069148302356621,1.290193820710771
1,0.2,2.0,0.538,1.3047659385969097,1.287155079607781
1,0.2,2.0,0.54,1.3025765267831195,1.2840849912790426
1,0.2,2.0,0.542,1.300346943619777,1.2809902850457293
1,0.2,2.0,0.544,1.2980775392587987,1.2778775200895462
1,0.2,2.0,0.546,1.2957686651364562,1.2747530447212636
1,0.2,2.0,0.548,1.293420673931377,1.271622957527498
1,0.2,2.0,0.55,1.2910339195226128,1.2684930707509559
1,0.2,2.0,0.552,1.2886087569478102,1.2653688762364446
1,0.2,2.0,0.554,1.2861455423614536,1.2622555142469332
1,0.2,2.0,0.556,1.2836446329932159,1.259157745420695
1,0.2,2.0,0.558,1.2811063871064032,1.2560799261045834
1,0.2,2.0,0.56,1.2785311639565096,1.2530259872579481
1,0.2,2.0,0.562,1.275919323749878,1.2499994170786677
1,0.2,2.0,0.5640000000000001,1.2732712276024845,1.24700324745817
1,0.2,2.0,0.5660000000000001,1.270587237498835,1.2440400443253605
1,0.2,2.0,0.5680000000000001,1.2678677162509961,1.2411119018926309
1,0.2,2.0,0.5700000000000001,1.2651130274577544,1.238220440770177
1,0.2,2.0,0.5720000000000001,1.26232353546391,1.235366809868773
1,0.2,2.0,0.5740000000000001,1.259499605319715,1.2325516919672992
1,0.2,2.0,0.5760000000000001,1.2566416027404559,1.229775312779222
1,0.2,2.0,0.578,1.2537498940661875,1.22703745331414
1,0.2,2.0,0.58,1.2508248462216227,1.2243374652952705
1,0.2,2.0,0.582,1.2478668266761825,1.221674289363917
1,0.2,2.0,0.584,1.2448762034042118,1.2190464757760364
1,0.2,2.0,0.586,1.241853344845362,1.216452207275872
1,0.2,2.0,0.588,1.238798619865153,1.2138893238168849
1,0.2,2.0,0.59,1.235712397715709,1.2113553487908253
1,0.2,2.0,0.592,1.2325950479966792,1.2088475164226504
1,0.2,2.0,0.594,1.2294469406163473,1.2063627999908924
1,0.2,2.0,0.596,1.2262684457529311,1.2038979405412151
1,0.2,2.0,0.598,1.2230599338160788,1.2014494757733833
1,0.2,2.0,0.6,1.2198217754085667,1.1990137688002194
1,0.2,2.0,0.602,1.2165543412881987,1.1965870364988347
1,0.2,2.0,0.604,1.2132580023299167,1.1941653772009855
1,0.2,2.0,0.606,1.2099331294881248,1.191744797498324
1,0.2,2.0,0.608,1.2065800937592261,1.1893212379705167
1,0.2,2.0,0.61,1.203199266144383,1.1868905976778166
1,0.2,2.0,0.612,1.1997910176125017,1.1844487572945213
1,0.2,2.0,0.614,1.196355719063445,1.1819916007952669
1,0.2,2.0,0.616,1.1928937412914746,1.1795150356406676
1,0.2,2.0,0.618,1.1894054549489335,1.177015011442913
1,0.2,2.0,0.62,1.1858912305101632,1.1744875371238606
1,0.2,2.0,0.622,1.182351438235667,1.1719286966078513
1,0.2,2.0,0.624,1.178786448136519,1.1693346631181802
1,0.2,2.0,0.626,1.1751966299390193,1.1667017121693284
1,0.2,2.0,0.628,1.1715823530496101,1.1640262333665603
1,0.2,2.0,0.63,1.1679439865200407,1.1613047411394888
1,0.2,2.0,0.632,1.1642818990127952,1.1585338845472692
1,0.2,2.0,0.634,1.160596458766786,1.1557104562990375
1,0.2,2.0,0.636,1.1568880335633072,1.1528314011354652
1,0.2,2.0,0.638,1.1531569906922639,1.1498938237140404
1,0.2,2.0,0.64,1.1494036969186676,1.1468949961345818
1,0.2,2.0,0.642,1.1456285184494133,1.143832365229899
1,0.2,2.0,0.644,1.1418318209003286,1.140703559732919
1,0.2,2.0,0.646,1.1380139692635065,1.1375063974134068
1,0.2,2.0,0.648,1.1341753278749231,1.1342388922578046
1,0.2,2.0,0.65,1.1303162603823382,1.130899261743253
1,0.2,2.0,0.652,1.1264371297134876,1.1274859342334174
1,0.2,2.0,0.654,1.1225382980445675,1.1239975564990177
1,0.2,2.0,0.656,1.1186201267690101,1.1204330013416564
1,0.2,2.0,0.658,1.1146829764665576,1.1167913752748138
1,0.2,2.0,0.66,1.110727206872636,1.1130720261931106
1,0.2,2.0,0.662,1.1067531768480272,1.109274550938928
1,0.2,2.0,0.664,1.1027612443488481,1.1053988026561663
1,0.2,2.0,0.666,1.098751766396833,1.1014448978038418
1,0.2,2.0,0.668,1.0947250990499238,1.0974132226884774
1,0.2,2.0,0.67,1.0906815973731725,1.093304439363364
1,0.2,2.0,0.672,1.0866216154099522,1.0891194907360109
1,0.2,2.0,0.674,1.082545506153486,1.0848596047215306
1,0.2,2.0,0.676,1.0784536215186855,1.0805262972804341
1,0.2,2.0,0.678,1.074346312314315,1.0761213741834061
1,0.2,2.0,0.68,1.0702239282154682,1.0716469313537937
1,0.2,2.0,0.682,1.0660868177363663,1.0671053536499586
1,0.2,2.0,0.684,1.061935328203488,1.0624993119645494
1,0.2,2.0,0.686,1.0577698057290068,1.0578317585352597
1,0.2,2.0,0.6880000000000001,1.0535905951845717,1.0531059203824154
1,0.2,2.0,0.6900000000000001,1.0493980401754026,1.048325290810569
1,0.2,2.0,0.6920000000000001,1.0451924830147206,1.0434936189360802
1,0.2,2.0,0.6940000000000001,1.0409742646985032,1.0386148972272817
1,0.2,2.0,0.6960000000000001,1.0367437248805773,1.0336933470705014
1,0.2,2.0,0.6980000000000001,1.0325012018480393,1.028733402400736
1,0.2,2.0,0.7000000000000001,1.0282470324970097,1.0237396914619175
1,0.2,2.0,0.7020000000000001,1.023981552308721,1.0187170167865234
1,0.2,2.0,0.704,1.0197050953259452,1.0136703335080208
1,0.2,2.0,0.706,1.015417994129755,1.0086047261413928
1,0.2,2.0,0.708,1.0111205798166194,1.0035253839872469
1,0.2,2.0,0.71,1.0068131819758452,0.9984375753321865
1,0.2,2.0,0.712,1.0024961286673497,0.9933466206332879
1,0.2,2.0,0.714,0.9981697463997761,0.9882578648865283
1,0.2,2.0,0.716,0.9938343601089514,0.9831766493883135
1,0.2,2.0,0.718,0.9894902931366809,0.9781082831054024
1,0.2,2.0,0.72,0.9851378672098898,0.9730580138719894
1,0.2,2.0,0.722,0.9807774024200975,0.9680309996330152
1,0.2,2.0,0.724,0.9764092172032472,0.9630322799506352
1,0.2,2.0,0.726,0.9720336283198647,0.9580667479858461
1,0.2,2.0,0.728,0.967650950835571,0.9531391231603694
1,0.2,2.0,0.73,0.9632614981019315,0.9482539246943975
1,0.2,2.0,0.732,0.9588655817376519,0.9434154462054716
1,0.2,2.0,0.734,0.9544635116101153,0.9386277315408743
1,0.2,2.0,0.736,0.9500555958172672,0.9338945520029862
1,0.2,2.0,0.738,0.945642140669837,0.9292193851126583
1,0.2,2.0,0.74,0.9412234506739124,0.9246053950411349
1,0.2,2.0,0.742,0.9367998285138488,0.9200554148260502
1,0.2,2.0,0.744,0.9323715750355269,0.9155719304726926
1,0.2,2.0,0.746,0.9279389892299542,0.9111570670268788
1,0.2,2.0,0.748,0.9235023682172037,0.906812576692278
1,0.2,2.0,0.75,0.9190620072307037,0.902539829051641
1,0.2,2.0,0.752,0.9146181996018643,0.8983398034390029
1,0.2,2.0,0.754,0.9101712367450436,0.8942130834982789
1,0.2,2.0,0.756,0.9057214081428651,0.8901598539531341
1,0.2,2.0,0.758,0.9012690013318649,0.8861798996026702
1,0.2,2.0,0.76,0.8968143018884869,0.8822726065487423
1,0.2,2.0,0.762,0.8923575934154141,0.8784369656517427
1,0.2,2.0,0.764,0.88789915752824,0.8746715782038758
1,0.2,2.0,0.766,0.8834392738424792,0.8709746638011046
1,0.2,2.0,0.768,0.8789782199609169,0.8673440703873248
1,0.2,2.0,0.77,0.8745162714612893,0.8637772864367623
1,0.2,2.0,0.772,0.8700537018843078,0.8602714552327293
1,0.2,2.0,0.774,0.8655907827220135,0.856823391192618
1,0.2,2.0,0.776,0.8611277834064686,0.8534295981802841
1,0.2,2.0,0.778,0.8566649712987765,0.850086289737439
1,0.2,2.0,0.78,0.852202611678442,0.8467894111555726
1,0.2,2.0,0.782,0.8477409677330513,0.8435346632986506
1,0.2,2.0,0.784,0.843280300548297,0.8403175280751555
1,0.2,2.0,0.786,0.838820869098315,0.8371332954449738
1,0.2,2.0,0.788,0.8343629302363628,0.8339770918334407
1,0.2,2.0,0.79,0.8299067386858171,0.8308439098103305
1,0.2,2.0,0.792,0.8254525470314982,0.8277286388772166
1,0.2,2.0,0.794,0.8210006057113175,0.8246260971916166
1,0.2,2.0,0.796,0.8165511630082495,0.8215310640413271
1,0.2,2.0,0.798,0.8121044650426211,0.8184383128679705
1,0.2,2.0,0.8,0.807660755764723,0.8153426446244283
1,0.2,2.0,0.802,0.8032202769477382,0.8122389212380028
1,0.2,2.0,0.804,0.7987832681809894,0.8091220989391437
1,0.2,2.0,0.806,0.7943499668634947,0.8059872612054252
1,0.2,2.0,0.808,0.7899206081978429,0.8028296510622236
1,0.2,2.0,0.81,0.7854954251843806,0.79964470247573
1,0.2,2.0,0.812,0.7810746486157019,0.7964280705703629
1,0.2,2.0,0.8140000000000001,0.7766585070714547,0.7931756604025331
1,0.2,2.0,0.8160000000000001,0.7722472269134492,0.7898836540252208
1,0.2,2.0,0.8180000000000001,0.7678410322810704,0.7865485355837828
1,0.2,2.0,0.8200000000000001,0.763440145086996,0.7831671141930603
1,0.2,2.0,0.8220000000000001,0.7590447850132138,0.7797365443584453
1,0.2,2.0,0.8240000000000001,0.7546551695073367,0.7762543437203723
1,0.2,2.0,0.8260000000000001,0.7502715137792191,0.7727184079212288
1,0.2,2.0,0.8280000000000001,0.7458940307978614,0.7691270224171448
1,0.2,2.0,0.8300000000000001,0.7415229312886177,0.7654788710832853
1,0.2,2.0,0.8320000000000001,0.737158423730683,0.7617730414905163
1,0.2,2.0,0.834,0.7328007143548787,0.7580090267631547
1,0.2,2.0,0.836,0.7284500071417215,0.7541867239613075
1,0.2,2.0,0.838,0.7241065038197766,0.7503064289671564
1,0.2,2.0,0.84,0.7197704038642946,0.7463688278914803
1,0.2,2.0,0.842,0.71544190449613,0.7423749850545865
1,0.2,2.0,0.844,0.711121200680935,0.7383263276338796
1,0.2,2.0,0.846,0.7068084851286355,0.7342246271082129
1,0.2,2.0,0.848,0.7025039482931714,0.7300719776662057
1,0.2,2.0,0.85,0.6982077783725201,0.7258707717813794
1,0.2,2.0,0.852,0.6939201613089796,0.7216236731908887
1,0.2,2.0,0.854,0.6896412807897248,0.7173335875460878
1,0.2,2.0,0.856,0.6853713182476262,0.7130036310316751
1,0.2,2.0,0.858,0.6811104528623314,0.7086370972756497
1,0.2,2.0,0.86,0.6768588615616061,0.7042374228937884
1,0.2,2.0,0.862,0.6726167190229339,0.6998081520301153
1,0.2,2.0,0.864,0.6683841976753703,0.6953529002679515
1,0.2,2.0,0.866,0.6641614677016499,0.6908753182951379
1,0.2,2.0,0.868,0.6599486970405438,0.6863790557110516
1,0.2,2.0,0.87,0.6557460513894648,0.6818677253623527
1,0.2,2.0,0.872,0.6515536942073189,0.6773448685892248
1,0.2,2.0,0.874,0.6473717867175965,0.6728139217535608
1,0.2,2.0,0.876,0.6432004879117088,0.6682781844061644
1,0.2,2.0,0.878,0.6390399545525566,0.6637407894308514
1,0.2,2.0,0.88,0.63489034117834,0.6592046754803454
1,0.2,2.0,0.882,0.6307518001065939,0.6546725619917956
1,0.2,2.0,0.884,0.6266244814384611,0.6501469270395286
1,0.2,2.0,0.886,0.622508533063185,0.6456299882491401
1,0.2,2.0,0.888,0.6184041006628344,0.6411236869610852
1,0.2,2.0,0.89,0.6143113277172448,0.636629675793746
1,0.2,2.0,0.892,0.6102303555091824,0.6321493097163906
1,0.2,2.0,0.894,0.6061613231297228,0.6276836407014543
1,0.2,2.0,0.896,0.6021043674838464,0.6232334159843212
1,0.2,2.0,0.898,0.5980596232962434,0.6187990799172665
1,0.2,2.0,0.9,0.594027223117327,0.6143807793634185
1,0.2,2.0,0.902,0.590007297329456,0.6099783725363497
1,0.2,2.0,0.904,0.5859999741533558,0.6055914411526876
1,0.2,2.0,0.906,0.5820053796547445,0.6012193057282507
1,0.2,2.0,0.908,0.5780236377511556,0.5968610438140879
1,0.2,2.0,0.91,0.5740548702189545,0.5925155109370712
1,0.2,2.0,0.912,0.5700991967005488,0.5881813639812614
1,0.2,2.0,0.914,0.5661567347117883,0.5838570867209304
1,0.2,2.0,0.916,0.5622275996495522,0.579541017194631
1,0.2,2.0,0.918,0.5583119047995185,0.5752313765917587
1,0.2,2.0,0.92,0.5544097613441195,0.5709262993092302
1,0.2,2.0,0.922,0.5505212783706699,0.5666238638259995
1,0.2,2.0,0.924,0.5466465628796758,0.5623221240373777
1,0.2,2.0,0.926,0.5427857197933145,0.5580191406894301
1,0.2,2.0,0.928,0.5389388519640861,0.553713012556055
1,0.2,2.0,0.93,0.5351060601836298,0.5494019070076888
1,0.2,2.0,0.932,0.5312874431917104,0.5450840896306477
1,0.2,2.0,0.934,0.5274830976853602,0.5407579525699194
1,0.2,2.0,0.936,0.5236931183281869,0.5364220412854354
1,0.2,2.0,0.9380000000000001,0.5199175977598329,0.5320750794322013
1,0.2,2.0,0.9400000000000001,0.5161566266055915,0.5277159915980525
1,0.2,2.0,0.9420000000000001,0.5124102934861717,0.5233439236588064
1,0.2,2.0,0.9440000000000001,0.5086786850276147,0.5189582605387485
1,0.2,2.0,0.9460000000000001,0.5049618858713506,0.5145586411948982
1,0.2,2.0,0.9480000000000001,0.5012599786844043,0.5101449706752207
1,0.2,2.0,0.9500000000000001,0.49757304416973597,0.5057174291343638
1,0.2,2.0,0.9520000000000001,0.49390116107672044,0.5012764777244729
1,0.2,2.0,0.9540000000000001,0.49024440621176263,0.49682286131352754
1,0.2,2.0,0.9560000000000001,0.48660285444904255,0.4923576080183433
1,0.2,2.0,0.9580000000000001,0.48297657874139055,0.4878820255742458
1,0.2,2.0,0.96,0.47936565013128796,0.48339769459746623
1,0.2,2.0,0.962,0.47577013776199073,0.47890645882968197
1,0.2,2.0,0.964,0.472190108888776,0.4744104124860806
1,0.2,2.0,0.966,0.4686256288903054,0.46991188485885727
1,0.2,2.0,0.968,0.4650767612801018,0.4654134223566652
1,0.2,2.0,0.97,0.461543567718142,0.4609177681870101
1,0.2,2.0,0.972,0.4580261080225576,0.45642783991266345
1,0.2,2.0,0.974,0.4545244401814432,0.45194670513451496
1,0.2,2.0,0.976,0.4510386203647687,0.447477555571942
1,0.2,2.0,0.978,0.44756870293639467,0.44302367982719704
1,0.2,2.0,0.98,0.44411474046618643,0.43858843513273416
1,0.2,2.0,0.982,0.44067678374222347,0.434175218389317
1,0.2,2.0,0.984,0.437254881783106,0.42978743680853126
1,0.2,2.0,0.986,0.43384908185034876,0.42542847847543397
1,0.2,2.0,0.988,0.4304594294608651,0.42110168314595103
1,0.2,2.0,0.99,0.42708596839954066,0.41681031358896076
1,0.2,2.0,0.992,0.4237287407318835,0.4125575277750979
1,0.2,2.0,0.994,0.4203877868167612,0.4083463522030729
1,0.2,2.0,0.996,0.417063145319214,0.4041796566400627
1,0.2,2.0,0.998,0.41375485322334327,0.40006013053544154
1,0.2,2.0,1.0,0.41046294584527376,0.39599026134720994
1,0.2,2.0,1.002,0.40718745684618646,0.39197231499798085
1,0.2,2.0,1.004,0.4039284182454205,0.3880083186526916
1,0.2,2.0,1.006,0.4006858604336387,0.3841000459835323
1,0.2,2.0,1.008,0.3974598121860586,0.38024900505924336
1,0.2,2.0,1.01,0.39425030067574285,0.37645642896631193
1,0.2,2.0,1.012,0.39105735148694704,0.37272326923879706
1,0.2,2.0,1.014,0.3878809886285262,0.36905019214236473
1,0.2,2.0,1.016,0.3847212345473923,0.36543757782627373
1,0.2,2.0,1.018,0.3815781101420229,0.36188552232558946
1,0.2,2.0,1.02,0.37845163477601895,0.35839384236461075
1,0.2,2.0,1.022,0.3753418262917093,0.3549620828820733
1,0.2,2.0,1.024,0.37224870102379765,0.3515895271692401
1,0.2,2.0,1.026,0.36917227381305234,0.34827520948407575
1,0.2,2.0,1.028,0.36611255802003484,0.34501792997831954
1,0.2,2.0,1.03,0.3630695655388635,0.34181627175006085
1,0.2,2.0,1.032,0.36004330681101554,0.3386686198123188
1,0.2,2.0,1.034,0.3570337908391579,0.3355731817486723
1,0.2,2.0,1.036,0.354041025201009,0.33252800981005715
1,0.2,2.0,1.038,0.35106501606323004,0.32953102419305763
1,0.2,2.0,1.04,0.3481057681953388,0.32658003722898704
1,0.2,2.0,1.042,0.34516328498364957,0.3236727782054556
1,0.2,2.0,1.044,0.3422375684452329,0.320806918537543
1,0.2,2.0,1.046,0.33932861924189406,0.31798009700454666
1,0.2,2.0,1.048,0.3364364366941705,0.315189944770343
1,0.2,2.0,1.05,0.33356101879534017,0.31243410991072235
1,0.2,2.0,1.052,0.33070236222544674,0.3097102811796509
1,0.2,2.0,1.054,0.32786046236533334,0.30701621075799357
1,0.2,2.0,1.056,0.32503531331068375,0.3043497357427898
1,0.2,2.0,1.058,0.322226907886072,0.3017087981525745
1,0.2,2.0,1.06,0.319435237659016,0.2990914632440288
1,0.2,2.0,1.062,0.3166602929540324,0.29649593595752033
1,0.2,2.0,1.064,0.31390206286669325,0.29392057533328353
1,0.2,2.0,1.066,0.3111605352776804,0.2913639067659697
1,0.2,2.0,1.068,0.30843569686683675,0.28882463199262426
1,0.2,2.0,1.07,0.3057275331272116,0.2863016367376573
1,0.2,2.0,1.072,0.30303602837910026,0.28379399596739935
1,0.2,2.0,1.074,0.30036116578407196,0.2813009767363581
1,0.2,2.0,1.076,0.2977029273589892,0.2788220386366474
1,0.2,2.0,1.078,0.29506129399001285,0.2763568318909971
1,0.2,2.0,1.08,0.2924362454465926,0.27390519315789424
1,0.2,2.0,1.082,0.28982776039544217,0.2714671391443262
1,0.2,2.0,1.084,0.287235816414495,0.26904285814698337
1,0.2,2.0,1.086,0.2846603900068395,0.26663269966626735
1,0.2,2.0,1.088,0.2821014566146351,0.2642371622587828
1,0.2,2.0,1.09,0.2795589906330029,0.26185687981280953
1,0.2,2.0,1.092,0.27703296542389044,0.25949260644737765
1,0.2,2.0,1.094,0.2745233533299126,0.25714520024880766
1,0.2,2.0,1.096,0.27203012568816143,0.254815606068718
1,0.2,2.0,1.098,0.2695532528439873,0.2525048376144509
1,0.2,2.0,1.1,0.26709270416474806,0.250213959066646
1,0.2,2.0,1.102,0.26464844805352566,0.24794406645915118
1,0.2,2.0,1.104,0.2622204519628074,0.24569626905376074
1,0.2,2.0,1.106,0.2598086824081293,0.24347167093645405
1,0.2,2.0,1.108,0.2574131049816873,0.24127135305303923
1,0.2,2.0,1.11,0.25503368436590196,0.2390963558905364
1,0.2,2.0,1.112,0.25267038434694783,0.2369476629965636
1,0.2,2.0,1.114,0.2503231678282388,0.23482618551265216
1,0.2,2.0,1.116,0.24799199684386938,0.2327327478790725
1,0.2,2.0,1.118,0.24567683257201173,0.23066807484888985
1,0.2,2.0,1.12,0.24337763534826753,0.2286327799277313
1,0.2,2.0,1.122,0.24109436467897,0.22662735533371636
1,0.2,2.0,1.124,0.23882697925443752,0.2246521635493884
1,0.2,2.0,1.1260000000000001,0.2365754369621791,0.2227074305147922
1,0.2,2.0,1.1280000000000001,0.23433969490004627,0.22079324048835727
1,0.2,2.0,1.1300000000000001,0.23211970938933196,0.21890953258035406
1,0.2,2.0,1.1320000000000001,0.22991543598781639,0.21705609894274552
1,0.2,2.0,1.1340000000000001,0.22772682950275813,0.21523258457951827
1,0.2,2.0,1.1360000000000001,0.22555384400382672,0.21343848872335555
1,0.2,2.0,1.1380000000000001,0.22339643283598015,0.21167316770802183
1,0.2,2.0,1.1400000000000001,0.2212545486322825,0.2099358392512512
1,0.2,2.0,1.1420000000000001,0.21912814332665972,0.20822558805043648
1,0.2,2.0,1.1440000000000001,0.2170171681665998,0.20654137258308203
1,0.2,2.0,1.1460000000000001,0.21492157372578474,0.20488203299582886
1,0.2,2.0,1.1480000000000001,0.2128413099166634,0.2032462999599957
1,0.2,2.0,1.1500000000000001,0.21077632600295892,0.20163280436779998
1,0.2,2.0,1.1520000000000001,0.2087265706121117,0.20004008774178872
1,0.2,2.0,1.154,0.20669199174765476,0.19846661323032885
1,0.2,2.0,1.156,0.20467253680152322,0.196910777064092
1,0.2,2.0,1.158,0.20266815256629644,0.19537092035221523
1,0.2,2.0,1.16,0.20067878524736918,0.19384534110192755
1,0.2,2.0,1.162,0.19870438047505512,0.19233230635173518
1,0.2,2.0,1.164,0.19674488331661774,0.19083006431545885
1,0.2,2.0,1.166,0.19480023828823007,0.18933685644235146
1,0.2,2.0,1.168,0.19287038936686382,0.18785092930682767
1,0.2,2.0,1.17,0.19095528000210188,0.18637054624992935
1,0.2,2.0,1.172,0.18905485312787984,0.1848939987031378
1,0.2,2.0,1.174,0.1871690511741524,0.1834196171334941
1,0.2,2.0,1.176,0.1852978160784809,0.1819457815568786
1,0.2,2.0,1.178,0.18344108929754863,0.1804709315736911
1,0.2,2.0,1.18,0.18159881181859772,0.1789935758878604
1,0.2,2.0,1.182,0.17977092417078647,0.17751230127605933
1,0.2,2.0,1.184,0.17795736643647114,0.1760257809791451
1,0.2,2.0,1.186,0.1761580782624077,0.17453278249211945
1,0.2,2.0,1.188,0.1743729988708717,0.17303217473239502
1,0.2,2.0,1.19,0.17260206707070166,0.1715229345688142
1,0.2,2.0,1.192,0.17084522126825946,0.17000415269585464
1,0.2,2.0,1.194,0.16910239947830832,0.1684750388387484
1,0.2,2.0,1.196,0.1673735393348111,0.16693492627609607
1,0.2,2.0,1.198,0.16565857810164503,0.16538327566693528
1,0.2,2.0,1.2,0.16395745268323225,0.16381967816941118
1,0.2,2.0,1.202,0.16227009963508862,0.16224385783823903
1,0.2,2.0,1.204,0.1605964551742885,0.1606556732882365
1,0.2,2.0,1.206,0.158936455189842,0.15905511861145455
1,0.2,2.0,1.208,0.15729003525299248,0.15744232353601867
1,0.2,2.0,1.21,0.15565713062742417,0.1558175528157753
1,0.2,2.0,1.212,0.15403767627938628,0.15418120484137424
1,0.2,2.0,1.214,0.15243160688773022,0.15253380946553804
1,0.2,2.0,1.216,0.15083885685386197,0.15087602503813213
1,0.2,2.0,1.218,0.14925936031160422,0.14920863465011494
1,0.2,2.0,1.22,0.14769305113697498,0.1475325415897669
1,0.2,2.0,1.222,0.14613986295787768,0.1458487640195151
1,0.2,2.0,1.224,0.1445997291637019,0.14415842888731653
1,0.2,2.0,1.226,0.14307258291483685,0.14246276509280978
1,0.2,2.0,1.228,0.1415583571520996,0.14076309593516895
1,0.2,2.0,1.23,0.14005698460607013,0.13906083087677978
1,0.2,2.0,1.232,0.1385683978063398,0.13735745666426524
1,0.2,2.0,1.234,0.13709252909067238,0.1356545278559828
1,0.2,2.0,1.236,0.1356293106140727,0.13395365681267096
1,0.2,2.0,1.238,0.13417867435776892,0.13225650321531032
1,0.2,2.0,1.24,0.132740552138104,0.13056476318133417
1,0.2,2.0,1.242,0.13131487561533772,0.12888015805688235
1,0.2,2.0,1.244,0.1299015763023579,0.127204422968733
1,0.2,2.0,1.246,0.12850058557330535,0.12553929522467067
1,0.2,2.0,1.248,0.12711183467210438,0.12388650265528645
1,0.2,2.0,1.25,0.12573525472090613,0.12224775199337255
1,0.2,2.0,1.252,0.12437077672844223,0.12062471738915816
1,0.2,2.0,1.254,0.12301833159828492,0.11901902916046025
1,0.2,2.0,1.256,0.12167785013702181,0.11743226287645042
1,0.2,2.0,1.258,0.12034926306233625,0.11586592887202524
1,0.2,2.0,1.26,0.11903250101100142,0.11432146228683315
1,0.2,2.0,1.262,0.11772749454677964,0.1128002137187465
1,0.2,2.0,1.264,0.11643417416823625,0.11130344057613469
1,0.2,2.0,1.266,0.11515247031646092,0.10983229920669094
1,0.2,2.0,1.268,0.11388231338269898,0.10838783787288839
1,0.2,2.0,1.27,0.1126236337158926,0.10697099063554531
1,0.2,2.0,1.272,0.11137636163013476,0.10558257219751868
1,0.2,2.0,1.274,0.11014042741202908,0.10422327374942662
1,0.2,2.0,1.276,0.10891576132796257,0.1028936598486145
1,0.2,2.0,1.278,0.10770229363129125,0.10159416635154837
1,0.2,2.0,1.28,0.10649995456942901,0.10032509940852341
1,0.2,2.0,1.282,0.10530867439085617,0.09908663551827554
1,0.2,2.0,1.284,0.1041283833520316,0.09787882262884298
1,0.2,2.0,1.286,0.10295901172422116,0.09670158226008863
1,0.2,2.0,1.288,0.10180048980023239,0.0955547126127492
1,0.2,2.0,1.29,0.10065274790106517,0.09443789261890004
1,0.2,2.0,1.292,0.0995157163824731,0.09335068687942448
1,0.2,2.0,1.294,0.09838932564143206,0.09229255142559732
1,0.2,2.0,1.296,0.09727350612252983,0.09126284023428734
1,0.2,2.0,1.298,0.09616818832425711,0.09026081241968915
1,0.2,2.0,1.3,0.09507330280522154,0.08928564001893835
1,0.2,2.0,1.302,0.0939887801902666,0.08833641628451946
1,0.2,2.0,1.304,0.0929145511765091,0.08741216439305463
1,0.2,2.0,1.306,0.09185054653928496,0.08651184647790515
1,0.2,2.0,1.308,0.0907966971380139,0.08563437289198478
1,0.2,2.0,1.31,0.08975293392197564,0.08477861160730422
1,0.2,2.0,1.312,0.08871918793599701,0.08394339765895417
1,0.2,2.0,1.314,0.0876953903260624,0.0831275425434916
1,0.2,2.0,1.316,0.08668147234482805,0.08232984348491294
1,0.2,2.0,1.318,0.08567736535706205,0.08154909248554723
1,0.2,2.0,1.32,0.08468300084499189,0.08078408508417305
1,0.2,2.0,1.322,0.0836983104135738,0.08003362874937084
1,0.2,2.0,1.324,0.08272322579567265,0.07929655084248091
1,0.2,2.0,1.326,0.08175767885716674,0.07857170609143309
1,0.2,2.0,1.328,0.08080160160195957,0.07785798352403711
1,0.2,2.0,1.33,0.07985492617691706,0.07715431281698638
1,0.2,2.0,1.332,0.07891758487672129,0.07645967002469657
1,0.2,2.0,1.334,0.07798951014863668,0.07577308266009103
1,0.2,2.0,1.336,0.07707063459720451,0.07509363410743229
1,0.2,2.0,1.338,0.07616089098884687,0.07442046735519682
1,0.2,2.0,1.34,0.07526021225639862,0.07375278804469265
1,0.2,2.0,1.342,0.074368531503551,0.07308986683753912
1,0.2,2.0,1.344,0.0734857820092256,0.07243104111218011
1,0.2,2.0,1.346,0.07261189723185789,0.0717757160062052
1,0.2,2.0,1.348,0.07174681081361127,0.07112336482736062
1,0.2,2.0,1.35,0.07089045658451022,0.0704735288616445
1,0.2,2.0,1.352,0.07004276856649139,0.06982581661180173
1,0.2,2.0,1.354,0.06920368097738507,0.06917990250377995
1,0.2,2.0,1.356,0.06837312823481265,0.06853552510228458
1,0.2,2.0,1.358,0.06755104496001377,0.0678924848794373
1,0.2,2.0,1.36,0.06673736598159108,0.06725064158271858
1,0.2,2.0,1.362,0.06593202633918899,0.06660991124983988
1,0.2,2.0,1.364,0.06513496128708653,0.06597026291898204
1,0.2,2.0,1.366,0.06434610629772376,0.06533171508297494
1,0.2,2.0,1.368,0.06356539706515459,0.06469433193549771
1,0.2,2.0,1.37,0.06279276950841918,0.06405821945632979
1,0.2,2.0,1.372,0.06202815977485201,0.0634235213810881
1,0.2,2.0,1.374,0.06127150424331182,0.06279041509883998
1,0.2,2.0,1.3760000000000001,0.060522739527343994,0.06215910751853081
1,0.2,2.0,1.3780000000000001,0.059781802478266616,0.061529830942380105
1,0.2,2.0,1.3800000000000001,0.05904863018819357,0.06090283898134744
1,0.2,2.0,1.3820000000000001,0.05832315999297915,0.06027840254453908
1,0.2,2.0,1.3840000000000001,0.057605329475097805,0.05965680593105547
1,0.2,2.0,1.3860000000000001,0.05689507646645783,0.059038343049376565
1,0.2,2.0,1.3880000000000001,0.056192339051137075,0.0584233137859818
1,0.2,2.0,1.3900000000000001,0.05549705556806171,0.057812020541580814
1,0.2,2.0,1.3920000000000001,0.054809164613609684,0.05720476495014725
1,0.2,2.0,1.3940000000000001,0.05412860504415221,0.05660184479293367
1,0.2,2.0,1.3960000000000001,0.05345531597852473,0.056003551116868895
1,0.2,2.0,1.3980000000000001,0.05278923680043889,0.05541016556419932
1,0.2,2.0,1.4000000000000001,0.052130307160820934,0.054821957917989675
1,0.2,2.0,1.4020000000000001,0.051478466980091724,0.054239183866128776
1,0.2,2.0,1.4040000000000001,0.0508336564503836,0.05366208298482817
1,0.2,2.0,1.4060000000000001,0.050195816037686684,0.05309087694122152
1,0.2,2.0,1.408,0.04956488648394173,0.05252576791358133
1,0.2,2.0,1.41,0.04894080880906255,0.05196693722683328
1,0.2,2.0,1.412,0.04832352431290417,0.051414544200442315
1,0.2,2.0,1.414,0.047712974577162684,0.05086872520533578
1,0.2,2.0,1.416,0.04710910146722218,0.050329592926279
1,0.2,2.0,1.418,0.046511847133934504,0.04979723582598393
1,0.2,2.0,1.42,0.045921154015346,0.04927171780717082
1,0.2,2.0,1.422,0.0453369648383612,0.04875307806876628
1,0.2,2.0,1.424,0.044759222620351743,0.04824133115238031
1,0.2,2.0,1.426,0.04418787067070407,0.04773646717509456
1,0.2,2.0,1.428,0.04362285259231441,0.047238452244405774
1,0.2,2.0,1.43,0.04306411228302546,0.046747229050846974
1,0.2,2.0,1.432,0.042511593937004315,0.046262717633346946
1,0.2,2.0,1.434,0.04196524204607388,0.045784816311753
1,0.2,2.0,1.436,0.04142500140097796,0.04531340278013605
1,0.2,2.0,1.438,0.040890817092604,0.04484833535351065
1,0.2,2.0,1.44,0.04036263451314332,0.0443894543594399
1,0.2,2.0,1.442,0.03984039935720569,0.043936583664685724
1,0.2,2.0,1.444,0.039324057622875046,0.04348953232561112
1,0.2,2.0,1.446,0.03881355561272153,0.043048096349491013
1,0.2,2.0,1.448,0.038308839934753675,0.04261206055227313
1,0.2,2.0,1.45,0.03780985750332747,0.04218120049669149
1,0.2,2.0,1.452,0.037316555540003564,0.041755284493023105
1,0.2,2.0,1.454,0.0368288815743519,0.041334075643247065
1,0.2,2.0,1.456,0.03634678344471329,0.04091733390796618
1,0.2,2.0,1.458,0.035870209298908245,0.04050481817423157
1,0.2,2.0,1.46,0.03539910759490222,0.04009628830143753
1,0.2,2.0,1.462,0.03493342710141935,0.03969150712176048
1,0.2,2.0,1.464,0.03447311689851703,0.03929024237125967
1,0.2,2.0,1.466,0.03401812637810629,0.03889226852777041
1,0.2,2.0,1.468,0.03356840524443294,0.03849736853213454
1,0.2,2.0,1.47,0.03312390351451522,0.03810533537015776
1,0.2,2.0,1.472,0.032684571518530076,0.037715973493964904
1,0.2,2.0,1.474,0.03225035990016559,0.037329100063148504
1,0.2,2.0,1.476,0.03182121961692271,0.03694454598826904
1,0.2,2.0,1.478,0.03139710194038084,0.03656215676184296
1,0.2,2.0,1.48,0.030977958456416408,0.03618179306492258
1,0.2,2.0,1.482,0.030563741065386583,0.03580333114068533
1,0.2,2.0,1.484,0.030154401982265336,0.035426662930061116
1,0.2,2.0,1.486,0.029749893736745036,0.03505169596827642
1,0.2,2.0,1.488,0.029350169173298992,0.0346783530452101
1,0.2,2.0,1.49,0.028955181451198887,0.0343065716365672
1,0.2,2.0,1.492,0.028564884044502834,0.033936303117003706
1,0.2,2.0,1.494,0.028179230741997855,0.03356751177038576
1,0.2,2.0,1.496,0.027798175647111116,0.03320017361627031
1,0.2,2.0,1.498,0.027421673177779965,0.03283427507534236
1,0.2,2.0,1.5,0.027049678066291504,0.03246981149987977
1,0.2,2.0,1.502,0.026682145359079586,0.03210678559823609
1,0.2,2.0,1.504,0.02631903041649287,0.03174520578478141
1,0.2,2.0,1.506,0.025960288912527784,0.03138508448863789
1,0.2,2.0,1.508,0.025605876834522652,0.031026436455852156
1,0.2,2.0,1.51,0.025255750482825766,0.030669277080303783
1,0.2,2.0,1.512,0.02490986647042536,0.030313620798628437
1,0.2,2.0,1.514,0.024568181722549612,0.029959479583725294
1,0.2,2.0,1.516,0.024230653476233602,0.029606861570004406
1,0.2,2.0,1.518,0.023897239279859008,0.029255769841435072
1,0.2,2.0,1.52,0.02356789699265618,0.028906201410694648
1,0.2,2.0,1.522,0.023242584784182424,0.028558146414339017
1,0.2,2.0,1.524,0.022921261133769563,0.028211587544969018
1,0.2,2.0,1.526,0.022603884829938036,0.027866499736924774
1,0.2,2.0,1.528,0.02229041496978858,0.027522850117174705
1,0.2,2.0,1.53,0.021980810958361213,0.02718059822787907
1,0.2,2.0,1.532,0.02167503250796948,0.026839696521687845
1,0.2,2.0,1.534,0.021373039637504906,0.026500091125290646
1,0.2,2.0,1.536,0.02107479267171891,0.026161722861185455
1,0.2,2.0,1.538,0.020780252240473873,0.0258245285121766
1,0.2,2.0,1.54,0.020489379277971582,0.02548844230787473
1,0.2,2.0,1.542,0.020202135021957855,0.02515339760755045
1,0.2,2.0,1.544,0.019918481012897366,0.02481932874920436
1,0.2,2.0,1.546,0.019638379093130456,0.024486173030746013
1,0.2,2.0,1.548,0.019361791406001815,0.02415387278582078
1,0.2,2.0,1.55,0.019088680394968586,0.023822377514151023
1,0.2,2.0,1.552,0.018819008802683095,0.023491646024340413
1,0.2,2.0,1.554,0.018552739670057872,0.0231616485459668
1,0.2,2.0,1.556,0.018289836335302682,0.022832368767491756
1,0.2,2.0,1.558,0.018030262432944977,0.022503805757064625
1,0.2,2.0,1.56,0.017773981892829447,0.022175975724683713
1,0.2,2.0,1.562,0.01752095893909241,0.021848913586384845
1,0.2,2.0,1.564,0.017271158089121986,0.021522674294112087
1,0.2,2.0,1.566,0.017024544152495165,0.021197333898643866
1,0.2,2.0,1.568,0.016781082229896802,0.020872990317318582
1,0.2,2.0,1.57,0.01654073771201919,0.020549763783256497
1,0.2,2.0,1.572,0.016303476278445715,0.020227796958201743
1,0.2,2.0,1.574,0.016069263896512562,0.01990725469691636
1,0.2,2.0,1.576,0.015838066820157627,0.019588323457126872
1,0.2,2.0,1.578,0.015609851588748785,0.019271210355234276
1,0.2,2.0,1.58,0.015384585025896737,0.018956141874236557
1,0.2,2.0,1.582,0.015162234238253459,0.018643362236447532
1,0.2,2.0,1.584,0.014942766614291227,0.01833313145951701
1,0.2,2.0,1.586,0.014726149823070179,0.018025723119842664
1,0.2,2.0,1.588,0.014512351812987124,0.017721421852614182
1,0.2,2.0,1.59,0.014301340810513888,0.017420520622341694
1,0.2,2.0,1.592,0.014093085318916619,0.01712331780171272
1,0.2,2.0,1.594,0.013887554116965925,0.016830114099916964
1,0.2,2.0,1.596,0.013684716257630684,0.016541209384126773
1,0.2,2.0,1.598,0.013484541066759073,0.016256899439573168
1,0.2,2.0,1.6,0.013286998141748399,0.015977472714593547
1,0.2,2.0,1.602,0.013092057350200702,0.015703207097139685
1,0.2,2.0,1.604,0.012899688828568085,0.015434366768529221
1,0.2,2.0,1.606,0.01270986298078444,0.015171199178730867
1,0.2,2.0,1.608,0.012522550476888964,0.01491393218522992
1,0.2,2.0,1.61,0.012337722251634074,0.014662771394587094
1,0.2,2.0,1.612,0.01215534950308881,0.014417897742245334
1,0.2,2.0,1.614,0.011975403691226493,0.0141794653420399
1,0.2,2.0,1.616,0.011797856536504869,0.013947599632312981
1,0.2,2.0,1.618,0.011622680018438287,0.0137223958406268
1,0.2,2.0,1.62,0.011449846374156993,0.013503917783907502
1,0.2,2.0,1.622,0.0112793280969608,0.013292197015539728
1,0.2,2.0,1.624,0.011111097934862188,0.013087232325577704
1,0.2,2.0,1.6260000000000001,0.010945128889122302,0.012888989594940082
1,0.2,2.0,1.6280000000000001,0.010781394212778237,0.01269740199931469
1,0.2,2.0,1.6300000000000001,0.010619867409163295,0.012512370553603967
1,0.2,2.0,1.6320000000000001,0.010460522230418913,0.012333764983178506
1,0.2,2.0,1.6340000000000001,0.010303332676001102,0.012161424904045186
1,0.2,2.0,1.6360000000000001,0.010148272991178623,0.011995161290341151
1,0.2,2.0,1.6380000000000001,0.00999531766552576,0.011834758204383752
1,0.2,2.0,1.6400000000000001,0.009844441431408701,0.011679974761877297
1,0.2,2.0,1.6420000000000001,0.009695619262465089,0.011530547302821065
1,0.2,2.0,1.6440000000000001,0.009548826372079796,0.01138619173719099
1,0.2,2.0,1.6460000000000001,0.0094040382118534,0.01124660603357379
1,0.2,2.0,1.6480000000000001,0.00926123047006769,0.011111472818603852
1,0.2,2.0,1.6500000000000001,0.009120379070144015,0.010980462055259389
1,0.2,2.0,1.6520000000000001,0.008981460169099387,0.010853233768778878
1,0.2,2.0,1.6540000000000001,0.008844450155996794,0.010729440790114342
1,0.2,2.0,1.6560000000000001,0.008709325650392325,0.010608731488389842
1,0.2,2.0,1.6580000000000001,0.008576063500777832,0.010490752465722081
1,0.2,2.0,1.6600000000000001,0.008444640783021101,0.010375151189920363
1,0.2,2.0,1.6620000000000001,0.00831503479880167,0.01026157854295148
1,0.2,2.0,1.6640000000000001,0.008187223074044413,0.010149691265562361
1,0.2,2.0,1.666,0.00806118335734984,0.010039154281038193
1,0.2,2.0,1.668,0.007936893618422265,0.009929642883670707
1,0.2,2.0,1.67,0.007814332046495226,0.009820844780068679
1,0.2,2.0,1.672,0.007693477048755361,0.00971246197390326
1,0.2,2.0,1.674,0.007574307248763665,0.009604212487006849
1,0.2,2.0,1.676,0.0074568014848758225,0.009495831911893285
1,0.2,2.0,1.678,0.0073409388086603244,0.009387074792716457
1,0.2,2.0,1.68,0.007226698483316272,0.009277715833410121
1,0.2,2.0,1.682,0.007114059982089369,0.009167550933246088
1,0.2,2.0,1.684,0.00700300298668714,0.009056398051305118
1,0.2,2.0,1.686,0.006893507385694175,0.008944097902383494
1,0.2,2.0,1.688,0.006785553272985915,0.008830514487666823
1,0.2,2.0,1.69,0.006679120946143266,0.008715535464113423
1,0.2,2.0,1.692,0.006574190904866037,0.008599072356922512
1,0.2,2.0,1.694,0.006470743849387765,0.008481060619749056
1,0.2,2.0,1.696,0.006368760678889288,0.008361459547494664
1,0.2,2.0,1.698,0.006268222489914245,0.008240252046587402
1,0.2,2.0,1.7,0.00616911057478442,0.008117444267692411
1,0.2,2.0,1.702,0.006071406420015571,0.007993065105804366
1,0.2,2.0,1.704,0.005975091704735764,0.007867165572689232
1,0.2,2.0,1.706,0.005880148299102517,0.007739818046693132
1,0.2,2.0,1.708,0.0057865582627235,0.007611115405044491
1,0.2,2.0,1.71,0.005694303843077038,0.007481170043957369
1,0.2,2.0,1.712,0.0056033674739355,0.007350112792113173
1,0.2,2.0,1.714,0.005513731773788532,0.007218091723460759
1,0.2,2.0,1.716,0.0054253795442712445,0.007085270875733127
1,0.2,2.0,1.718,0.005338293768590869,0.00695182888162742
1,0.2,2.0,1.72,0.0052524576099581355,0.006817957520225009
1,0.2,2.0,1.722,0.005167854410020317,0.006683860196923624
1,0.2,2.0,1.724,0.0050844676872956185,0.006549750360897009
1,0.2,2.0,1.726,0.005002281135611753,0.006415849869865283
1,0.2,2.0,1.728,0.0049212786225462145,0.0062823873127252645
1,0.2,2.0,1.73,0.004841444187869497,0.006149596301329384
1,0.2,2.0,1.732,0.004762762041990808,0.006017713743383915
1,0.2,2.0,1.734,0.004685216564408732,0.0058869781090359116
1,0.2,2.0,1.736,0.004608792302161678,0.005757627704205297
1,0.2,2.0,1.738,0.004533473968284564,0.005629898964070321
1,0.2,2.0,1.74,0.004459246440268319,0.005504024780308133
1,0.2,2.0,1.742,0.0043860947585206604,0.005380232875709983
1,0.2,2.0,1.744,0.004314004124833384,0.005258744239617221
1,0.2,2.0,1.746,0.004242959900851471,0.005139771637252524
1,0.2,2.0,1.748,0.0041729476065470155,0.0050235182054445115
1,0.2,2.0,1.75,0.0041039529186943915,0.0049101761464648425
1,0.2,2.0,1.752,0.004035961669354512,0.004799925530722424
1,0.2,2.0,1.754,0.003968959844357274,0.004692933217899588
1,0.2,2.0,1.756,0.0039029335817912874,0.004589351904788116
1,0.2,2.0,1.758,0.003837869170498653,0.004489319306608375
1,0.2,2.0,1.76,0.003773753048570366,0.004392957476999599
1,0.2,2.0,1.762,0.003710571801849473,0.004300372270180141
1,0.2,2.0,1.764,0.0036483121624371964,0.004211652947025684
1,0.2,2.0,1.766,0.003586961007203474,0.004126871925032637
1,0.2,2.0,1.768,0.003526505356301285,0.00404608467035845
1,0.2,2.0,1.77,0.0034669323716883084,0.003969329728393126
1,0.2,2.0,1.772,0.003408229355649433,0.003896628887649954
1,0.2,2.0,1.774,0.003350383749326387,0.003827987470201314
1,0.2,2.0,1.776,0.0032933831312524074,0.0037633947404548253
1,0.2,2.0,1.778,0.0032372152158891784,0.0037028244227940376
1,0.2,2.0,1.78,0.0031818678521713674,0.0036462353175173816
1,0.2,2.0,1.782,0.003127329022055109,0.0035935720036194474
1,0.2,2.0,1.784,0.003073586839070152,0.003544765616282188
1,0.2,2.0,1.786,0.0030206295468783047,0.003499734686490867
1,0.2,2.0,1.788,0.0029684455178381128,0.00345838602996377
1,0.2,2.0,1.79,0.0029170232515709923,0.0034206156725860672
1,0.2,2.0,1.792,0.002866351373534624,0.003386309799760645
1,0.2,2.0,1.794,0.002816418633604087,0.0033553457175218063
1,0.2,2.0,1.796,0.0027672139046512655,0.0033275928138879027
1,0.2,2.0,1.798,0.002718726181136856,0.0033029135097362907
1,0.2,2.0,1.8,0.0026709445777026936,0.0032811641894480463
1,0.2,2.0,1.802,0.002623858327771014,0.0032621961026644327
1,0.2,2.0,1.804,0.0025774567821480513,0.0032458562296964148
1,0.2,2.0,1.806,0.002531729407635943,0.0032319881044029775
1,0.2,2.0,1.808,0.0024866657856447267,0.0032204325896746174
1,0.2,2.0,1.81,0.0024422556108131058,0.0032110286019951056
1,0.2,2.0,1.812,0.002398488689635563,0.003203613782878493
1,0.2,2.0,1.814,0.002355354939090183,0.003198025116260672
1,0.2,2.0,1.816,0.0023128443852768145,0.0031940994921396374
1,0.2,2.0,1.818,0.0022709471620570463,0.0031916742178813053
1,0.2,2.0,1.82,0.0022296535097018296,0.003190587479617203
1,0.2,2.0,1.822,0.0021889537735406144,0.003190678757038065
1,0.2,2.0,1.824,0.002148838402623445,0.003191789195618757
1,0.2,2.0,1.826,0.002109297948377713,0.003193761940884153
1,0.2,2.0,1.828,0.002070323063279209,0.0031964424397353188
1,0.2,2.0,1.83,0.0020319044995256255,0.0031996787140981388
1,0.2,2.0,1.832,0.001994033107712185,0.0032033216122328238
1,0.2,2.0,1.834,0.0019566998355168186,0.003207225042958055
1,0.2,2.0,1.836,0.0019198957263895638,0.0032112461978060928
1,0.2,2.0,1.838,0.0018836119182454143,0.003215245765747229
1,0.2,2.0,1.84,0.0018478396421631085,0.003219088144618562
1,0.2,2.0,1.842,0.0018125702210924795,0.0032226416527812224
1,0.2,2.0,1.844,0.0017777950685600584,0.0032257787438313584
1,0.2,2.0,1.846,0.001743505687386823,0.0032283762264257985
1,0.2,2.0,1.848,0.0017096936684082398,0.003230315490475348
1,0.2,2.0,1.85,0.001676350689196726,0.003231482740131233
1,0.2,2.0,1.852,0.0016434685127943525,0.0032317692331661264
1,0.2,2.0,1.854,0.0016110389864474202,0.003231071525553584
1,0.2,2.0,1.856,0.0015790540403467996,0.003229291719300209
1,0.2,2.0,1.858,0.0015475056863714339,0.0032263377109035445
1,0.2,2.0,1.86,0.0015163860168427381,0.0032221234372134915
1,0.2,2.0,1.862,0.0014856872032748376,0.0032165691149816673
1,0.2,2.0,1.864,0.0014554014951379494,0.003209601470003939
1,0.2,2.0,1.866,0.001425521218623589,0.0032011539515061317
1,0.2,2.0,1.868,0.0013960387754111102,0.003191166927297556
1,0.2,2.0,1.87,0.0013669466414457554,0.003179587855224472
1,0.2,2.0,1.872,0.0013382373657164002,0.003166371426594985
1,0.2,2.0,1.874,0.0013099035690394998,0.003151479677513904
1,0.2,2.0,1.8760000000000001,0.0012819379428485609,0.0031348820644534724
1,0.2,2.0,1.8780000000000001,0.001254333247986966,0.003116555500882832
1,0.2,2.0,1.8800000000000001,0.0012270823135044474,0.0030964843523723752
1,0.2,2.0,1.8820000000000001,0.0012001780354633687,0.0030746603882630774
1,0.2,2.0,1.8840000000000001,0.001173613375741791,0.003051082688727546
1,0.2,2.0,1.8860000000000001,0.0011473813608449534,0.0030257575068299387
1,0.2,2.0,1.8880000000000001,0.0011214750807250165,0.0029986980859957944
1,0.2,2.0,1.8900000000000001,0.0010958876875952807,0.0029699244341092616
1,0.2,2.0,1.8920000000000001,0.0010706123947587553,0.0029394630562440856
1,0.2,2.0,1.8940000000000001,0.0010456424754352683,0.002907346648785727
1,0.2,2.0,1.8960000000000001,0.00102097126159379,0.0028736137583965237
1,0.2,2.0,1.8980000000000001,0.0009965921427880964,0.002838308409896365
1,0.2,2.0,1.9000000000000001,0.0009724985650013383,0.002801479707663406
1,0.2,2.0,1.9020000000000001,0.0009486840294867865,0.002763181415589483
1,0.2,2.0,1.9040000000000001,0.0009251420916169291,0.002723471520943845
1,0.2,2.0,1.9060000000000001,0.0009018663597398202,0.0026824117876988736
1,0.2,2.0,1.9080000000000001,0.000878850494029933,0.002640067304949686
1,0.2,2.0,1.9100000000000001,0.0008560882053523234,0.0025965060360145045
1,0.2,2.0,1.9120000000000001,0.0008335732541249549,0.0025517983736371053
1,0.2,2.0,1.9140000000000001,0.0008112994491862835,0.0025060167064326977
1,0.2,2.0,1.9160000000000001,0.0007892606466642598,0.002459235001331697
1,0.2,2.0,1.9180000000000001,0.0007674507488550935,0.0024115284062943077
1,0.2,2.0,1.92,0.0007458637030966039,0.002362972877004548
1,0.2,2.0,1.922,0.0007244935006517238,0.002313644830622198
1,0.2,2.0,1.924,0.0007033341755914139,0.002263620828990472
1,0.2,2.0,1.926,0.0006823798036834931,0.0022129772929841305
1,0.2,2.0,1.928,0.0006616245012846756,0.0021617902489560387
1,0.2,2.0,1.93,0.0006410624242299448,0.002110135107516695
1,0.2,2.0,1.932,0.0006206877667336787,0.002058086474180138
1,0.2,2.0,1.934,0.0006004947602875206,0.00200571799074637
1,0.2,2.0,1.936,0.0005804776725633809,0.0019531022056814506
1,0.2,2.0,1.938,0.0005606308063169266,0.001900310471214208
1,0.2,2.0,1.94,0.0005409484983001075,0.0018474128644058224
1,0.2,2.0,1.942,0.0005214251181659064,0.001794478129073737
1,0.2,2.0,1.944,0.000502055067385997,0.0017415736351711283
1,0.2,2.0,1.946,0.0004828327781646953,0.0016887653520423894
1,0.2,2.0,1.948,0.0004637527123568956,0.001636117831894049
1,0.2,2.0,1.95,0.0004448093603886081,0.0015836941998390028
1,0.2,2.0,1.952,0.0004259972401799011,0.0015315561469851332
1,0.2,2.0,1.954,0.0004073108960694348,0.0014797639232423093
1,0.2,2.0,1.956,0.00038874489773948556,0.0014283763268050466
1,0.2,2.0,1.958,0.0003702938391495587,0.0013774506876226362
1,0.2,2.0,1.96,0.0003519523374609131,0.0013270428425818052
1,0.2,2.0,1.962,0.0003337150319737257,0.0012772071005872163
1,0.2,2.0,1.964,0.0003155765830598388,0.001227996196218113
1,0.2,2.0,1.966,0.0002975316710984826,0.0011794612311512326
1,0.2,2.0,1.968,0.0002795749954142255,0.0011316516030576795
1,0.2,2.0,1.97,0.00026170127321628156,0.0010846149221900797
1,0.2,2.0,1.972,0.00024390523853898163,0.00103839691636426
1,0.2,2.0,1.974,0.00022618164118184107,0.000993041325494102
1,0.2,2.0,1.976,0.00020852524565751824,0.0009485897872496347
1,0.2,2.0,1.978,0.00019093083012982327,0.0009050817157668434
1,0.2,2.0,1.98,0.00017339318536397207,0.000862554175636587
1,0.2,2.0,1.982,0.00015590711367121697,0.0008210417536331562
1,0.2,2.0,1.984,0.00013846742785613138,0.0007805764308075429
1,0.2,2.0,1.986,0.00012106895016506447,0.0007411874576640856
1,0.2,2.0,1.988,0.00010370651123542641,0.0007029012351619228
1,0.2,2.0,1.99,8.637494904522908e-05,0.0006657412042370662
1,0.2,2.0,1.992,6.90691078615161e-05,0.0006297277464296467
1,0.2,2.0,1.994,5.1783837196004696e-05,0.000594878098029621
1,0.2,2.0,1.996,3.4513990749892635e-05,0.0005612062799285321
1,0.2,2.0,1.998,1.725442537024957e-05,0.0005287230450928963
1,0.2,2.0,2.0,0.0,0.0004974358452636692
2,1.0,2.0,0.0,0.0,0.03962681666847948
2,1.0,2.0,0.002,0.00271214908918317,0.041054422743570955
2,1.0,2.0,0.004,0.005424264103323912,0.042513950790967155
2,1.0,2.0,0.006,0.00813631096800906,0.04400536702632882
2,1.0,2.0,0.008,0.01084825561008397,0.04552861246345523
2,1.0,2.0,0.01,0.013560063958281712,0.04708360299951423
2,1.0,2.0,0.012,0.01627170194385223,0.04867022955266293
2,1.0,2.0,0.014,0.018983135501191437,0.05028835825144538
2,1.0,2.0,0.016,0.021694330568470206,0.05193783067520346
2,1.0,2.0,0.018000000000000002,0.024405253088263232,0.0536184641445751
2,1.0,2.0,0.02,0.027115869008177803,0.055330052061013706
2,1.0,2.0,0.022,0.029826144281482433,0.057072364294117724
2,1.0,2.0,0.024,0.032536044867735286,0.058845147615421596
2,1.0,2.0,0.026000000000000002,0.03524553673341241,0.06064812617717525
2,1.0,2.0,0.028,0.03795458585253585,0.06248100203451323
2,1.0,2.0,0.03,0.040663158207301514,0.06434345570930353
2,1.0,2.0,0.032,0.043371219788706734,0.0662351467938548
2,1.0,2.0,0.034,0.04607873659717762,0.06815571459256356
2,1.0,2.0,0.036000000000000004,0.048785674643196206,0.07010477879948496
2,1.0,2.0,0.038,0.05149199994792718,0.07208194020973853
2,1.0,2.0,0.04,0.054197678543844406,0.07408678146255936
2,1.0,2.0,0.042,0.0569026764753571,0.07611886781376075
2,1.0,2.0,0.044,0.05960695979943558,0.07817774793529349
2,1.0,2.0,0.046,0.062310494586236866,0.08026295473953601
2,1.0,2.0,0.048,0.06501324691972951,0.08237400622590284
2,1.0,2.0,0.05,0.06771518289831849,0.08451040634731927
2,1.0,2.0,0.052000000000000005,0.07041626863546935,0.0866716458940739
2,1.0,2.0,0.054,0.0731164702603321,0.0888572033925256
2,1.0,2.0,0.056,0.07581575391836458,0.09106654601614221
2,1.0,2.0,0.058,0.07851408577195523,0.09329913050631147
2,1.0,2.0,0.06,0.08121143200104565,0.09555440410037519
2,1.0,2.0,0.062,0.08390775880375241,0.09783180546432849
2,1.0,2.0,0.064,0.08660303239698865,0.10013076562763892
2,1.0,2.0,0.066,0.08929721901708443,0.10245070891764532
2,1.0,2.0,0.068,0.09199028492040763,0.10479105389102944
2,1.0,2.0,0.07,0.09468219638398316,0.10715121425986315
2,1.0,2.0,0.07200000000000001,0.09737291970611225,0.1095305998097765
2,1.0,2.0,0.074,0.10006242120699108,0.11192861730783275
2,1.0,2.0,0.076,0.10275066722932828,0.11434467139773037
2,1.0,2.0,0.078,0.10543762413896256,0.11677816548001602
2,1.0,2.0,0.08,0.108123258325479,0.11922850257503377
2,1.0,2.0,0.082,0.1108075362028249,0.12169508616641972
2,1.0,2.0,0.084,0.11349042420992501,0.1241773210229949
2,1.0,2.0,0.08600000000000001,0.11617188881129603,0.12667461399701305
2,1.0,2.0,0.088,0.11885189649766019,0.12918637479676784
2,1.0,2.0,0.09,0.1215304137865583,0.13171201673168587
2,1.0,2.0,0.092,0.12420740722296184,0.13425095742808985
2,1.0,2.0,0.094,0.12688284337988426,0.1368026195139443
2,1.0,2.0,0.096,0.12955668885899196,0.13936643127097628
2,1.0,2.0,0.098,0.1322289102912135,0.14194182725268864
2,1.0,2.0,0.1,0.13489947433734886,0.14452824886688412
2,1.0,2.0,0.10200000000000001,0.13756834768867734,0.14712514492144999
2,1.0,2.0,0.10400000000000001,0.14023549706756488,0.14973197213226883
2,1.0,2.0,0.106,0.1429008892280702,0.1523481955922492
2,1.0,2.0,0.108,0.1455644909565502,0.1549732892006082
2,1.0,2.0,0.11,0.14822626907226435,0.1576067360516733
2,1.0,2.0,0.112,0.15088619042797838,0.16024802878260438
2,1.0,2.0,0.114,0.15354422191056658,0.16289666987959617
2,1.0,2.0,0.116,0.15620033044161327,0.16555217194225152
2,1.0,2.0,0.11800000000000001,0.1588544829780139,0.16821405790598554
2,1.0,2.0,0.12,0.16150664651257385,0.17088186122245003
2,1.0,2.0,0.122,0.16415678807460737,0.1735551259981494
2,1.0,2.0,0.124,0.166804874730535,0.17623340709155136
2,1.0,2.0,0.126,0.16945087358447994,0.17891627016917
2,1.0,2.0,0.128,0.172094751778863,0.18160329172125145
2,1.0,2.0,0.13,0.17473647649499752,0.1842940590378374
2,1.0,2.0,0.132,0.1773760149536818,0.18698817014616978
2,1.0,2.0,0.134,0.18001333441579137,0.18968523371052448
2,1.0,2.0,0.136,0.1826484021828697,0.1923848688957324
2,1.0,2.0,0.138,0.18528118559771795,0.19508670519578739
2,1.0,2.0,0.14,0.18791165204498322,0.1977903822291206
2,1.0,2.0,0.14200000000000002,0.19053976895174604,0.20049554950220105
2,1.0,2.0,0.14400000000000002,0.1931655037881062,0.2032018661433459
2,1.0,2.0,0.146,0.19578882406776763,0.20590900060867934
2,1.0,2.0,0.148,0.1984096973486221,0.2086166303623707
2,1.0,2.0,0.15,0.2010280912333312,0.21132444153335414
2,1.0,2.0,0.152,0.20364397336990764,0.21403212855088588
2,1.0,2.0,0.154,0.2062573114522948,0.21673939376137671
2,1.0,2.0,0.156,0.2088680732209451,0.21944594702903705
2,1.0,2.0,0.158,0.21147622646339714,0.22215150532297004
2,1.0,2.0,0.16,0.21408173901485142,0.22485579229340322
2,1.0,2.0,0.162,0.21668457875874456,0.22755853783983584
2,1.0,2.0,0.164,0.21928471362732246,0.23025947767391172
2,1.0,2.0,0.166,0.2218821116022116,0.2329583528798658
2,1.0,2.0,0.168,0.2244767407149897,0.23565490947544152
2,1.0,2.0,0.17,0.22706856904775352,0.2383488979761367
2,1.0,2.0,0.17200000000000001,0.22965756473368726,0.2410400729656902
2,1.0,2.0,0.17400000000000002,0.23224369595762792,0.2437281926756447
2,1.0,2.0,0.176,0.23482693095662888,0.24641301857681935
2,1.0,2.0,0.178,0.23740723802052438,0.24909431498544804
2,1.0,2.0,0.18,0.23998458549248936,0.2517718486866857
2,1.0,2.0,0.182,0.2425589417695999,0.2544453885780852
2,1.0,2.0,0.184,0.24513027530339196,0.25711470533553366
2,1.0,2.0,0.186,0.24769855460041712,0.259779571104033
2,1.0,2.0,0.188,0.2502637482227988,0.26243975921553825
2,1.0,2.0,0.19,0.25282582478878474,0.26509504393594185
2,1.0,2.0,0.192,0.25538475297330016,0.2677452002430844
2,1.0,2.0,0.194,0.25794050150849723,0.27039000363749877
2,1.0,2.0,0.196,0.26049303918430405,0.27302922998737905
2,1.0,2.0,0.198,0.26304233484897216,0.27566265540903884
2,1.0,2.0,0.2,0.2655883574096211,0.27829005618389907
2,1.0,2.0,0.202,0.26813107583278334,0.28091120871276565
2,1.0,2.0,0.20400000000000001,0.27067045914494525,0.28352588950795043
2,1.0,2.0,0.20600000000000002,0.27320647643308804,0.2861338752234292
2,1.0,2.0,0.20800000000000002,0.27573909684522624,0.2887349427230509
2,1.0,2.0,0.21,0.27826828959094463,0.29132886918643364
2,1.0,2.0,0.212,0.2807940239419337,0.2939154322519659
2,1.0,2.0,0.214,0.2833162692325222,0.2964944101959599
2,1.0,2.0,0.216,0.28583499486020975,0.2990655821467952
2,1.0,2.0,0.218,0.2883501702861961,0.30162872833249443
2,1.0,2.0,0.22,0.29086176503590905,0.3041836303599884
2,1.0,2.0,0.222,0.29336974869953114,0.3067300715239545
2,1.0,2.0,0.224,0.29587409093252354,0.30926783714289696
2,1.0,2.0,0.226,0.2983747614561488,0.31179671491982824
2,1.0,2.0,0.228,0.3008717300579912,0.31431649532471795
2,1.0,2.0,0.23,0.3033649665924759,0.3168269719955731
2,1.0,2.0,0.232,0.30585444098138576,0.3193279421548708
2,1.0,2.0,0.234,0.30834012321437576,0.32181920703781014
2,1.0,2.0,0.23600000000000002,0.31082198334948674,0.3243005723287486
2,1.0,2.0,0.23800000000000002,0.3132999915136561,0.32677184860196634
2,1.0,2.0,0.24,0.315774117903227,0.32923285176289463
2,1.0,2.0,0.242,0.3182443327844558,0.33168340348574804
2,1.0,2.0,0.244,0.32071060649401667,0.33412333164356656
2,1.0,2.0,0.246,0.32317290943950566,0.33655247072655253
2,1.0,2.0,0.248,0.3256312120999414,0.3389706622447073
2,1.0,2.0,0.25,0.32808548502626417,0.3413777551107481
2,1.0,2.0,0.252,0.33053569884183354,0.34377360599944895
2,1.0,2.0,0.254,0.332981824242923,0.34615807967962486
2,1.0,2.0,0.256,0.3354238319992138,0.3485310493151939
2,1.0,2.0,0.258,0.337861692954285,0.3508923967319256
2,1.0,2.0,0.26,0.3402953780261031,0.3532420126467789
2,1.0,2.0,0.262,0.34272485820750864,0.35557979685692676
2,1.0,2.0,0.264,0.3451501045667009,0.3579056583860012
2,1.0,2.0,0.266,0.3475710882477207,0.36021951558529647
2,1.0,2.0,0.268,0.34998778047093043,0.3625212961882048
2,1.0,2.0,0.27,0.35240015253349316,0.3648109373164135
2,1.0,2.0,0.272,0.3548081758098477,0.36708838543692734
2,1.0,2.0,0.274,0.35721182175218386,0.36935359626940967
2,1.0,2.0,0.276,0.35961106189091313,0.3716065346437677
2,1.0,2.0,0.278,0.36200586783513933,0.37384717430842945
2,1.0,2.0,0.28,0.36439621127312494,0.37607549769027904
2,1.0,2.0,0.28200000000000003,0.3667820639727574,0.3782914956076404
2,1.0,2.0,0.28400000000000003,0.36916339778201124,0.38049516693829316
2,1.0,2.0,0.28600000000000003,0.3715401846294092,0.38268651824493705
2,1.0,2.0,0.28800000000000003,0.37391239652448066,0.38486556336104166
2,1.0,2.0,0.29,0.3762800055582176,0.38703232294051226
2,1.0,2.0,0.292,0.378642983903529,0.3891868239750248
2,1.0,2.0,0.294,0.3810013038156921,0.3913290992833403
2,1.0,2.0,0.296,0.3833549376328016,0.39345918697735177
2,1.0,2.0,0.298,0.385703857776217,0.395577129909907
2,1.0,2.0,0.3,0.3880480367510075,0.3976829751099094
2,1.0,2.0,0.302,0.39038744714639356,0.3997767732103854
2,1.0,2.0,0.304,0.39272206163618767,0.40185857787553436
2,1.0,2.0,0.306,0.3950518529792316,0.4039284452329538
2,1.0,2.0,0.308,0.39737679401983206,0.4059864333173802
2,1.0,2.0,0.31,0.39969685768819296,0.4080326015324022
2,1.0,2.0,0.312,0.40201201700084654,0.41006701013660124
2,1.0,2.0,0.314,0.4043222450610813,0.4120897197606094
2,1.0,2.0,0.316,0.40662751505936745,0.4141007909614282
2,1.0,2.0,0.318,0.40892780027378045,0.416100283820271
2,1.0,2.0,0.32,0.41122307407042186,0.4180882575898697
2,1.0,2.0,0.322,0.41351330990383744,0.42006477039711176
2,1.0,2.0,0.324,0.41579848131743374,0.4220298790062679
2,1.0,2.0,0.326,0.41807856194389065,0.42398363864794425
2,1.0,2.0,0.328,0.4203535255055733,0.4259261029182313
2,1.0,2.0,0.33,0.4226233458149398,0.42785732375214625
2,1.0,2.0,0.332,0.4248879967749478,0.42977735147480806
2,1.0,2.0,0.334,0.42714745237945834,0.43168623493324365
2,1.0,2.0,0.336,0.42940168671363543,0.4335840217110041
2,1.0,2.0,0.338,0.4316506739543463,0.4354707584271339
2,1.0,2.0,0.34,0.433894388370556,0.43734649112024393
2,1.0,2.0,0.342,0.4361328043237218,0.43921126571771346
2,1.0,2.0,0.34400000000000003,0.438365896268183,0.441065128589271
2,1.0,2.0,0.34600000000000003,0.44059363875155044,0.4429081271833803
2,1.0,2.0,0.34800000000000003,0.4428160064150913,0.4447403107440229
2,1.0,2.0,0.35000000000000003,0.4450329739941119,0.4465617311047804
2,1.0,2.0,0.352,0.4472445163183403,0.44837244355613515
2,1.0,2.0,0.354,0.4494506083123018,0.45017250778127843
2,1.0,2.0,0.356,0.4516512249956956,0.4519619888548448
2,1.0,2.0,0.358,0.45384634148376723,0.453740958298278
2,1.0,2.0,0.36,0.4560359329876788,0.45550949518485756
2,1.0,2.0,0.362,0.4582199748148762,0.4572676872866535
2,1.0,2.0,0.364,0.4603984423694547,0.45901563225520187
2,1.0,2.0,0.366,0.4625713111525196,0.4607534388269553
2,1.0,2.0,0.368,0.46473855676254794,0.4624812280442352
2,1.0,2.0,0.37,0.46690015489574305,0.4641991344818413
2,1.0,2.0,0.372,0.4690560813463903,0.4659073074691707
2,1.0,2.0,0.374,0.47120631200720875,0.46760591229741466
2,1.0,2.0,0.376,0.4733508228696984,0.4692951314011801
2,1.0,2.0,0.378,0.4754895900244877,0.47097516550372914
2,1.0,2.0,0.38,0.4776225896616771,0.47264623471507505
2,1.0,2.0,0.382,0.4797497980711786,0.4743085795721119
2,1.0,2.0,0.384,0.48187119164305464,0.47596246201021675
2,1.0,2.0,0.386,0.4839867468678533,0.47760816625585056
2,1.0,2.0,0.388,0.48609644033694016,0.47924599963016207
2,1.0,2.0,0.39,0.488200248742829,0.4808762932538475
2,1.0,2.0,0.392,0.4902981488795085,0.48249940264413704
2,1.0,2.0,0.394,0.492390117642766,0.484115708195229
2,1.0,2.0,0.396,0.4944761320305097,0.4857256155342846
2,1.0,2.0,0.398,0.4965561691430873,0.4873295557456566
2,1.0,2.0,0.4,0.49863020618360193,0.48892798545698396
2,1.0,2.0,0.402,0.5006982204582247,0.4905213867814915
2,1.0,2.0,0.404,0.5027601893765065,0.4921102671118493
2,1.0,2.0,0.406,0.5048160904516843,0.49369515876185527
2,1.0,2.0,0.40800000000000003,0.5068659013009865,0.49527661845323717
2,1.0,2.0,0.41000000000000003,0.5089095996459349,0.4968552266458688
2,1.0,2.0,0.41200000000000003,0.5109471633126441,0.498431586710804
2,1.0,2.0,0.41400000000000003,0.5129785702321172,0.5000063239465956
2,1.0,2.0,0.41600000000000004,0.5150037984405403,0.5015800844404092
2,1.0,2.0,0.418,0.5170228260795725,0.5031535337766229
2,1.0,2.0,0.42,0.5190356313966339,0.50472735559661
2,1.0,2.0,0.422,0.521042192745191,0.506302250014463
2,1.0,2.0,0.424,0.5230424885850382,0.5078789318945159
2,1.0,2.0,0.426,0.5250364974825781,0.5094581289974456
2,1.0,2.0,0.428,0.5270241981110969,0.5110405800027288
2,1.0,2.0,0.43,0.5290055692510387,0.5126270324161296
2,1.0,2.0,0.432,0.5309805897902763,0.5142182403717404
2,1.0,2.0,0.434,0.5329492387243788,0.5158149623388628
2,1.0,2.0,0.436,0.5349114951568764,0.5174179587447354
2,1.0,2.0,0.438,0.5368673382995229,0.5190279895247679
2,1.0,2.0,0.44,0.538816747472555,0.5206458116124237
2,1.0,2.0,0.442,0.5407597021049483,0.5222721763814313
2,1.0,2.0,0.444,0.5426961817346708,0.5239078270533355
2,1.0,2.0,0.446,0.5446261660089333,0.5255534960836709
2,1.0,2.0,0.448,0.5465496346844375,0.5272099025402541
2,1.0,2.0,0.45,0.5484665676276206,0.5288777494871327
2,1.0,2.0,0.452,0.5503769448148966,0.5305577213878269
2,1.0,2.0,0.454,0.5522807463328956,0.5322504815412007
2,1.0,2.0,0.456,0.5541779523786997,0.5339566695633808
2,1.0,2.0,0.458,0.5560685432600762,0.5356768989285398
2,1.0,2.0,0.46,0.5579524993957079,0.5374117545812923
2,1.0,2.0,0.462,0.5598298013154192,0.5391617906327629
2,1.0,2.0,0.464,0.5617004296604018,0.5409275281519466
2,1.0,2.0,0.466,0.5635643651834348,0.5427094530633996
2,1.0,2.0,0.468,0.5654215887491041,0.5445080141615029
2,1.0,2.0,0.47000000000000003,0.5672720813340172,0.5463236212509633
2,1.0,2.0,0.47200000000000003,0.5691158240270155,0.5481566434222187
2,1.0,2.0,0.47400000000000003,0.5709527980293846,0.5500074074697558
2,1.0,2.0,0.47600000000000003,0.57278298465506,0.5518761964603242
2,1.0,2.0,0.47800000000000004,0.5746063653308318,0.5537632484571764
2,1.0,2.0,0.48,0.5764229215965438,0.5556687554054495
2,1.0,2.0,0.482,0.5782326351052933,0.557592862182979
2,1.0,2.0,0.484,0.5800354876236239,0.5595356658196259
2,1.0,2.0,0.486,0.5818314610317181,0.5614972148874188
2,1.0,2.0,0.488,0.5836205373235861,0.5634775090627756
2,1.0,2.0,0.49,0.585402698607252,0.56547649886102
2,1.0,2.0,0.492,0.5871779271049358,0.5674940855426002
2,1.0,2.0,0.494,0.5889462051532344,0.5695301211893617
2,1.0,2.0,0.496,0.5907075152032971,0.57158440894846
2,1.0,2.0,0.498,0.5924618398210012,0.5736567034405372
2,1.0,2.0,0.5,0.5942091616871217,0.5757467113280297
2,1.0,2.0,0.502,0.5959494635974999,0.5778540920387196
2,1.0,2.0,0.504,0.5976827284632077,0.5799784586389285
2,1.0,2.0,0.506,0.5994089393107114,0.582119378850053
2,1.0,2.0,0.508,0.6011280792820283,0.5842763762015791
2,1.0,2.0,0.51,0.6028401316348849,0.5864489313131883
2,1.0,2.0,0.512,0.6045450797428686,0.5886364832980688
2,1.0,2.0,0.514,0.6062429070955786,0.5908384312791013
2,1.0,2.0,0.516,0.6079335972987726,0.5930541360093438
2,1.0,2.0,0.518,0.6096171340745108,0.5952829215877957
2,1.0,2.0,0.52,0.6112935012612978,0.5975240772613499
2,1.0,2.0,0.522,0.6129626828142197,0.5997768593036129
2,1.0,2.0,0.524,0.6146246628050807,0.6020404929610882
2,1.0,2.0,0.526,0.6162794254225332,0.6043141744574063
2,1.0,2.0,0.528,0.6179269549722093,0.6065970730460074
2,1.0,2.0,0.53,0.6195672358768451,0.6088883331019584
2,1.0,2.0,0.532,0.6212002526764053,0.6111870762436131
2,1.0,2.0,0.534,0.6228259900282026,0.6134924034750272
2,1.0,2.0,0.536,0.6244444327070153,0.615803397340146
2,1.0,2.0,0.538,0.6260555656052017,0.6181191240802026
2,1.0,2.0,0.54,0.6276593737328106,0.6204386357858211
2,1.0,2.0,0.542,0.6292558422176907,0.6227609725358603
2,1.0,2.0,0.544,0.6308449563055951,0.6250851645151693
2,1.0,2.0,0.546,0.6324267013602843,0.6274102341039508
2,1.0,2.0,0.548,0.634001062863625,0.6297351979316845
2,1.0,2.0,0.55,0.6355680264156863,0.6320590688891062
2,1.0,2.0,0.552,0.6371275777348337,0.634380858091998
2,1.0,2.0,0.554,0.6386797026578193,0.6366995767911511
2,1.0,2.0,0.556,0.6402243871398692,0.6390142382231345
2,1.0,2.0,0.558,0.6417616172547678,0.6413238593970733
2,1.0,2.0,0.56,0.6432913791949395,0.6436274628130834
2,1.0,2.0,0.562,0.6448136592715273,0.6459240781083458
2,1.0,2.0,0.5640000000000001,0.646328443914468,0.6482127436274866
2,1.0,2.0,0.5660000000000001,0.647835719672565,0.6504925079140903
2,1.0,2.0,0.5680000000000001,0.6493354732135583,0.652762431120931
2,1.0,2.0,0.5700000000000001,0.65082769132419,0.655021586336729
2,1.0,2.0,0.5720000000000001,0.6523123609102698,0.6572690608278029
2,1.0,2.0,0.5740000000000001,0.6537894689967338,0.6595039571934141
2,1.0,2.0,0.5760000000000001,0.6552590027277033,0.6617253944339727
2,1.0,2.0,0.578,0.6567209493665399,0.6639325089318387
2,1.0,2.0,0.58,0.6581752962958969,0.6661244553447028
2,1.0,2.0,0.582,0.659622031017768,0.6683004074120964
2,1.0,2.0,0.584,0.661061141153534,0.670459558675955
2,1.0,2.0,0.586,0.662492614444005,0.6726011231164118
2,1.0,2.0,0.588,0.6639164387494612,0.6747243357046939
2,1.0,2.0,0.59,0.6653326020496894,0.6768284528750287
2,1.0,2.0,0.592,0.6667410924440184,0.6789127529181672
2,1.0,2.0,0.594,0.6681418981513486,0.6809765362991624
2,1.0,2.0,0.596,0.6695350075101825,0.683019125902715
2,1.0,2.0,0.598,0.6709204089786472,0.6850398672095314
2,1.0,2.0,0.6,0.6722980911345205,0.6870381284074272
2,1.0,2.0,0.602,0.6736680426752476,0.6890133004414515
2,1.0,2.0,0.604,0.6750302524179593,0.6909647970073242
2,1.0,2.0,0.606,0.6763847092994852,0.6928920544929164
2,1.0,2.0,0.608,0.6777314023763652,0.6947945318726884
2,1.0,2.0,0.61,0.6790703208248569,0.6966717105602062
2,1.0,2.0,0.612,0.6804014539409408,0.698523094224161
2,1.0,2.0,0.614,0.681724791140323,0.700348208573286
2,1.0,2.0,0.616,0.6830403219584338,0.7021466011159375
2,1.0,2.0,0.618,0.6843480360504246,0.7039178409000163
2,1.0,2.0,0.62,0.6856479231911617,0.7056615182390843
2,1.0,2.0,0.622,0.6869399732752164,0.7073772444305582
2,1.0,2.0,0.624,0.6882241763168532,0.7090646514718073
2,1.0,2.0,0.626,0.6895005224500146,0.7107233917799357
2,1.0,2.0,0.628,0.6907690019283038,0.7123531379210666
2,1.0,2.0,0.63,0.6920296051249627,0.7139535823545697
2,1.0,2.0,0.632,0.6932823225328497,0.7155244371977971
2,1.0,2.0,0.634,0.6945271447644126,0.717065434016303
2,1.0,2.0,0.636,0.6957640625516589,0.7185763236447154
2,1.0,2.0,0.638,0.6969930667461248,0.7200568760426154
2,1.0,2.0,0.64,0.6982141483188394,0.7215068801897627
2,1.0,2.0,0.642,0.6994272983602876,0.7229261440244695
2,1.0,2.0,0.644,0.7006325080803685,0.7243144944285241
2,1.0,2.0,0.646,0.7018297688083533,0.7256717772614693
2,1.0,2.0,0.648,0.7030190719928388,0.7269978574466286
2,1.0,2.0,0.65,0.7042004092016974,0.7282926191106611
2,1.0,2.0,0.652,0.7053737721220268,0.7295559657778172
2,1.0,2.0,0.654,0.7065391525600947,0.7307878206194366
2,1.0,2.0,0.656,0.7076965424412818,0.7319881267586383
2,1.0,2.0,0.658,0.7088459338100214,0.733156847629368
2,1.0,2.0,0.66,0.7099873188297363,0.7342939673884481
2,1.0,2.0,0.662,0.7111206897827749,0.7353994913784468
2,1.0,2.0,0.664,0.7122460390703399,0.7364734466385321
2,1.0,2.0,0.666,0.7133633592124202,0.7375158824598673
2,1.0,2.0,0.668,0.7144726428477155,0.7385268709813007
2,1.0,2.0,0.67,0.7155738827335592,0.739506507820573
2,1.0,2.0,0.672,0.716667071745841,0.7404549127355544
2,1.0,2.0,0.674,0.717752202878923,0.7413722303094362
2,1.0,2.0,0.676,0.7188292692455565,0.7422586306532599
2,1.0,2.0,0.678,0.7198982640767931,0.7431143101186467
2,1.0,2.0,0.68,0.7209591807218962,0.7439394920131359
2,1.0,2.0,0.682,0.7220120126482468,0.7447344273100067
2,1.0,2.0,0.684,0.7230567534412488,0.7454993953443675
2,1.0,2.0,0.686,0.7240933968042308,0.7462347044866705
2,1.0,2.0,0.6880000000000001,0.7251219365583453,0.7469406927849097
2,1.0,2.0,0.6900000000000001,0.7261423666424649,0.747617728566368
2,1.0,2.0,0.6920000000000001,0.7271546811130761,0.7482662109899498
2,1.0,2.0,0.6940000000000001,0.7281588741441718,0.7488865705398561
2,1.0,2.0,0.6960000000000001,0.7291549400271381,0.7494792694517595
2,1.0,2.0,0.6980000000000001,0.7301428731706416,0.7500448020626165
2,1.0,2.0,0.7000000000000001,0.7311226681005125,0.7505836950755517
2,1.0,2.0,0.7020000000000001,0.7320943194596247,0.7510965077315931
2,1.0,2.0,0.704,0.7330578220077749,0.7515838318805682
2,1.0,2.0,0.706,0.7340131706215581,0.7520462919436864
2,1.0,2.0,0.708,0.7349603602942397,0.7524845447612561
2,1.0,2.0,0.71,0.7358993861356271,0.7528992793193536
2,1.0,2.0,0.712,0.7368302433719365,0.7532912163500787
2,1.0,2.0,0.714,0.7377529273456589,0.7536611078007973
2,1.0,2.0,0.716,0.7386674335154227,0.7540097361686534
2,1.0,2.0,0.718,0.7395737574558541,0.7543379136972842
2,1.0,2.0,0.72,0.7404718948574345,0.7546464814338887
2,1.0,2.0,0.722,0.7413618415263554,0.7549363081455589
2,1.0,2.0,0.724,0.742243593384372,0.7552082890947016
2,1.0,2.0,0.726,0.7431171464686527,0.7554633446746649
2,1.0,2.0,0.728,0.7439824969316267,0.7557024189072721
2,1.0,2.0,0.73,0.7448396410408293,0.7559264778053426
2,1.0,2.0,0.732,0.7456885751787452,0.7561365076040539
2,1.0,2.0,0.734,0.7465292958426479,0.7563335128660563
2,1.0,2.0,0.736,0.7473617996444379,0.7565185144662104
2,1.0,2.0,0.738,0.7481860833104784,0.7566925474627365
2,1.0,2.0,0.74,0.7490021436814274,0.756856658862381
2,1.0,2.0,0.742,0.7498099777120688,0.7570119052882487
2,1.0,2.0,0.744,0.7506095824711407,0.7571593505594104
2,1.0,2.0,0.746,0.7514009551411602,0.7573000631924302
2,1.0,2.0,0.748,0.7521840930182478,0.7574351138354057
2,1.0,2.0,0.75,0.7529589935119475,0.75756557264579
2,1.0,2.0,0.752,0.7537256541450458,0.7576925066236729
2,1.0,2.0,0.754,0.7544840725533872,0.7578169769128165
2,1.0,2.0,0.756,0.7552342464856889,0.7579400360817183
2,1.0,2.0,0.758,0.7559761738033518,0.7580627253976393
2,1.0,2.0,0.76,0.7567098524802698,0.7581860721063545
2,1.0,2.0,0.762,0.7574352806026365,0.758311086730628
2,1.0,2.0,0.764,0.7581524563687496,0.7584387604002334
2,1.0,2.0,0.766,0.7588613780888137,0.7585700622265031
2,1.0,2.0,0.768,0.7595620441847393,0.7587059367336743
2,1.0,2.0,0.77,0.7602544531899413,0.7588473013596773
2,1.0,2.0,0.772,0.7609386037491341,0.7589950440378663
2,1.0,2.0,0.774,0.7616144946181244,0.7591500208714672
2,1.0,2.0,0.776,0.7622821246636028,0.7593130539112956
2,1.0,2.0,0.778,0.7629414928629317,0.759484929047227
2,1.0,2.0,0.78,0.763592598303932,0.7596663940228668
2,1.0,2.0,0.782,0.7642354401846678,0.7598581565822142
2,1.0,2.0,0.784,0.7648700178132275,0.7600608827563734
2,1.0,2.0,0.786,0.7654963306075045,0.7602751952974285
2,1.0,2.0,0.788,0.7661143780949743,0.7605016722657059
2,1.0,2.0,0.79,0.76672415991247,0.7607408457757582
2,1.0,2.0,0.792,0.7673256758059563,0.7609932009053866
2,1.0,2.0,0.794,0.7679189256302997,0.7612591747711055
2,1.0,2.0,0.796,0.7685039093490383,0.7615391557723672
2,1.0,2.0,0.798,0.7690806270341486,0.7618334830059349
2,1.0,2.0,0.8,0.76964907886581,0.7621424458507859
2,1.0,2.0,0.802,0.7702092651321678,0.7624662837229046
2,1.0,2.0,0.804,0.7707611862290943,0.7628051859983995
2,1.0,2.0,0.806,0.7713048426599463,0.7631592921024096
2,1.0,2.0,0.808,0.7718402350353226,0.7635286917603645
2,1.0,2.0,0.81,0.7723673640728183,0.7639134254072476
2,1.0,2.0,0.812,0.7728862305967767,0.7643134847497993
2,1.0,2.0,0.8140000000000001,0.7733968355380405,0.7647288134756832
2,1.0,2.0,0.8160000000000001,0.7738991799336998,0.7651593081029181
2,1.0,2.0,0.8180000000000001,0.7743932649268385,0.7656048189624096
2,1.0,2.0,0.8200000000000001,0.7748790917662789,0.7660651513055592
2,1.0,2.0,0.8220000000000001,0.7753566618063238,0.7665400665284929
2,1.0,2.0,0.8240000000000001,0.775825976506498,0.7670292835041573
2,1.0,2.0,0.8260000000000001,0.776287037431285,0.7675324800128345
2,1.0,2.0,0.8280000000000001,0.7767398462498658,0.7680492942615319
2,1.0,2.0,0.8300000000000001,0.7771844047358524,0.7685793264824637
2,1.0,2.0,0.8320000000000001,0.7776207147670202,0.7691221406005928
2,1.0,2.0,0.834,0.7780487783250399,0.769677265960089
2,1.0,2.0,0.836,0.7784685974952062,0.7702441990997914
2,1.0,2.0,0.838,0.7788801744661645,0.7708224055674738
2,1.0,2.0,0.84,0.7792835115296364,0.771411321763208
2,1.0,2.0,0.842,0.7796786110801436,0.7720103568020631
2,1.0,2.0,0.844,0.7800654756147289,0.7726188943868436
2,1.0,2.0,0.846,0.7804441077326764,0.7732362946817947
2,1.0,2.0,0.848,0.7808145101352288,0.7738618961786649
2,1.0,2.0,0.85,0.7811766856253052,0.7744950175470219
2,1.0,2.0,0.852,0.7815306371072132,0.7751349594611047
2,1.0,2.0,0.854,0.7818763675863629,0.7757810063961837
2,1.0,2.0,0.856,0.7822138801689786,0.7764324283879434
2,1.0,2.0,0.858,0.7825431780618063,0.7770884827490221
2,1.0,2.0,0.86,0.7828642645718213,0.777748415737547
2,1.0,2.0,0.862,0.7831771431059356,0.7784114641731346
2,1.0,2.0,0.864,0.7834818171706999,0.7790768569966179
2,1.0,2.0,0.866,0.783778290372007,0.779743816770333
2,1.0,2.0,0.868,0.7840665664147921,0.7804115611166934
2,1.0,2.0,0.87,0.7843466491027326,0.7810793040932787
2,1.0,2.0,0.872,0.7846185423379436,0.7817462575035292
2,1.0,2.0,0.874,0.7848822501206758,0.7824116321427703
2,1.0,2.0,0.876,0.7851377765490083,0.7830746389799251
2,1.0,2.0,0.878,0.7853851258185414,0.783734490275879
2,1.0,2.0,0.88,0.7856243022220872,0.7843904006402183
2,1.0,2.0,0.882,0.7858553101493598,0.7850415880283191
2,1.0,2.0,0.884,0.7860781540866623,0.785687274681673
2,1.0,2.0,0.886,0.7862928386165731,0.7863266880143919
2,1.0,2.0,0.888,0.786499368417631,0.7869590614495847
2,1.0,2.0,0.89,0.7866977482640184,0.7875836352094641
2,1.0,2.0,0.892,0.7868879830252417,0.7881996570633565
2,1.0,2.0,0.894,0.7870700776658133,0.788806383038144
2,1.0,2.0,0.896,0.7872440372449295,0.7894030780956685
2,1.0,2.0,0.898,0.7874098669161472,0.789989016781898
2,1.0,2.0,0.9,0.7875675719270606,0.7905634838526112
2,1.0,2.0,0.902,0.787717157618975,0.7911257748803556
2,1.0,2.0,0.904,0.7878586294265794,0.7916751968473845
2,1.0,2.0,0.906,0.7879919928776191,0.7922110687290852
2,1.0,2.0,0.908,0.7881172535925648,0.7927327220722635
2,1.0,2.0,0.91,0.7882344172842821,0.7932395015723565
2,1.0,2.0,0.912,0.7883434897576986,0.7937307656533555
2,1.0,2.0,0.914,0.788444476909469,0.7942058870538056
2,1.0,2.0,0.916,0.7885373847276412,0.7946642534219344
2,1.0,2.0,0.918,0.7886222192913195,0.7951052679223886
2,1.0,2.0,0.92,0.7886989867703258,0.7955283498567458
2,1.0,2.0,0.922,0.7887676934248605,0.7959329352991448
2,1.0,2.0,0.924,0.7888283456051638,0.7963184777482923
2,1.0,2.0,0.926,0.7888809497511708,0.7966844487960081
2,1.0,2.0,0.928,0.7889255123921717,0.7970303388124075
2,1.0,2.0,0.93,0.7889620401464648,0.7973556576468033
2,1.0,2.0,0.932,0.7889905397210127,0.797659935343131
2,1.0,2.0,0.934,0.7890110179110957,0.7979427228679887
2,1.0,2.0,0.936,0.789023481599963,0.7982035928488153
2,1.0,2.0,0.9380000000000001,0.7890279377584841,0.7984421403192593
2,1.0,2.0,0.9400000000000001,0.7890243934447988,0.7986579834681798
2,1.0,2.0,0.9420000000000001,0.7890128558039656,0.79885076438833
2,1.0,2.0,0.9440000000000001,0.7889933320676091,0.7990201498202376
2,1.0,2.0,0.9460000000000001,0.7889658295535671,0.799165831886439
2,1.0,2.0,0.9480000000000001,0.7889303556655349,0.7992875288108405
2,1.0,2.0,0.9500000000000001,0.7888869178927104,0.7993849856176684
2,1.0,2.0,0.9520000000000001,0.7888355238094363,0.7994579748042536
2,1.0,2.0,0.9540000000000001,0.788776181074844,0.7995062969815936
2,1.0,2.0,0.9560000000000001,0.7887088974324918,0.7995297814766545
2,1.0,2.0,0.9580000000000001,0.788633680710008,0.7995282868901398
2,1.0,2.0,0.96,0.7885505388187269,0.7995017016035416
2,1.0,2.0,0.962,0.78845947975333,0.7994499442293692
2,1.0,2.0,0.964,0.7883605115914802,0.7993729639984392
2,1.0,2.0,0.966,0.7882536424934593,0.7992707410784429
2,1.0,2.0,0.968,0.7881388807018034,0.7991432868181978
2,1.0,2.0,0.97,0.7880162345409352,0.7989906439122554
2,1.0,2.0,0.972,0.7878857124167995,0.7988128864810259
2,1.0,2.0,0.974,0.7877473228164943,0.7986101200618813
2,1.0,2.0,0.976,0.7876010743079028,0.7983824815072568
2,1.0,2.0,0.978,0.7874469755393224,0.7981301387863293
2,1.0,2.0,0.98,0.7872850352390974,0.7978532906873479
2,1.0,2.0,0.982,0.7871152622152445,0.7975521664183027
2,1.0,2.0,0.984,0.7869376653550826,0.79722702510444
2,1.0,2.0,0.986,0.7867522536248611,0.796878155181568
2,1.0,2.0,0.988,0.786559036069383,0.7965058736849355
2,1.0,2.0,0.99,0.7863580218116338,0.7961105254342106
2,1.0,2.0,0.992,0.7861492200524046,0.79569248211572
2,1.0,2.0,0.994,0.7859326400699154,0.7952521412638953
2,1.0,2.0,0.996,0.7857082912194411,0.7947899251445596
2,1.0,2.0,0.998,0.7854761829329316,0.7943062795435314
2,1.0,2.0,1.0,0.7852363247186346,0.7938016724644638
2,1.0,2.0,1.002,0.7849887261607168,0.7932765927408081
2,1.0,2.0,1.004,0.7847333969188844,0.7927315485672606
2,1.0,2.0,1.006,0.7844703467280026,0.7921670659566604
2,1.0,2.0,1.008,0.7841995853977154,0.7915836871290298
2,1.0,2.0,1.01,0.7839211228120629,0.7909819688397668
2,1.0,2.0,1.012,0.7836349689291008,0.790362480654667
2,1.0,2.0,1.014,0.7833411337805163,0.7897258031797759
2,1.0,2.0,1.016,0.7830396274712457,0.7890725262544361
2,1.0,2.0,1.018,0.78273046017909,0.7884032471162844
2,1.0,2.0,1.02,0.7824136421543308,0.7877185685470943
2,1.0,2.0,1.022,0.7820891837193448,0.7870190970086196
2,1.0,2.0,1.024,0.7817570952682189,0.7863054407776651
2,1.0,2.0,1.026,0.7814173872663638,0.7855782080896803
2,1.0,2.0,1.028,0.7810700702501272,0.7848380053001384
2,1.0,2.0,1.03,0.7807151548264071,0.7840854350728917
2,1.0,2.0,1.032,0.7803526516722643,0.7833210946045155
2,1.0,2.0,1.034,0.7799825715345343,0.7825455738934549
2,1.0,2.0,1.036,0.7796049252294386,0.7817594540625493
2,1.0,2.0,1.038,0.7792197236421966,0.7809633057430794
2,1.0,2.0,1.04,0.7788269777266354,0.7801576875281802
2,1.0,2.0,1.042,0.7784266985048007,0.7793431445030136
2,1.0,2.0,1.044,0.7780188970665661,0.7785202068584764
2,1.0,2.0,1.046,0.7776035845692444,0.7776893885948967
2,1.0,2.0,1.048,0.7771807722371938,0.7768511863214271
2,1.0,2.0,1.05,0.7767504713614302,0.7760060781562755
2,1.0,2.0,1.052,0.7763126932992331,0.7751545227323484
2,1.0,2.0,1.054,0.7758674494737549,0.7742969583120625
2,1.0,2.0,1.056,0.7754147513736291,0.7734338020146826
2,1.0,2.0,1.058,0.7749546105525772,0.772565449158426
2,1.0,2.0,1.06,0.7744870386290167,0.7716922727193821
2,1.0,2.0,1.062,0.7740120472856681,0.7708146229081224
2,1.0,2.0,1.064,0.7735296482691616,0.7699328268645074
2,1.0,2.0,1.066,0.7730398533896435,0.7690471884703699
2,1.0,2.0,1.068,0.772542674520384,0.7681579882790556
2,1.0,2.0,1.07,0.7720381235973817,0.7672654835602426
2,1.0,2.0,1.072,0.7715262126189707,0.766369908457725
2,1.0,2.0,1.074,0.7710069536454266,0.7654714742572959
2,1.0,2.0,1.076,0.7704803587985722,0.7645703697612659
2,1.0,2.0,1.078,0.7699464402613824,0.7636667617655772
2,1.0,2.0,1.08,0.7694052102775909,0.7627607956350578
2,1.0,2.0,1.082,0.7688566811512947,0.7618525959717041
2,1.0,2.0,1.084,0.7683008652465602,0.7609422673707011
2,1.0,2.0,1.086,0.7677377749870273,0.7600298952582144
2,1.0,2.0,1.088,0.7671674228555162,0.7591155468049059
2,1.0,2.0,1.09,0.7665898213936314,0.7581992719085923
2,1.0,2.0,1.092,0.7660049832013669,0.7572811042394135
2,1.0,2.0,1.094,0.7654129209367112,0.7563610623404751
2,1.0,2.0,1.096,0.764813647315254,0.7554391507768554
2,1.0,2.0,1.098,0.7642071751097886,0.7545153613258611
2,1.0,2.0,1.1,0.7635935171499194,0.7535896742009621
2,1.0,2.0,1.102,0.7629726863216654,0.7526620593022643
2,1.0,2.0,1.104,0.7623446955670663,0.7517324774859959
2,1.0,2.0,1.106,0.7617095578837884,0.7508008818457773
2,1.0,2.0,1.108,0.761067286324728,0.7498672189982816
2,1.0,2.0,1.11,0.7604178939976185,0.7489314303662924
2,1.0,2.0,1.112,0.7597613940646364,0.7479934534519638
2,1.0,2.0,1.114,0.7590977997420048,0.7470532230935939
2,1.0,2.0,1.116,0.7584271242996015,0.7461106726991589
2,1.0,2.0,1.118,0.7577493810605636,0.7451657354502004
2,1.0,2.0,1.12,0.7570645834008946,0.7442183454699663
2,1.0,2.0,1.122,0.7563727447490699,0.7432684389497746
2,1.0,2.0,1.124,0.7556738785856437,0.7423159552280326
2,1.0,2.0,1.1260000000000001,0.7549679984428563,0.741360837816675
2,1.0,2.0,1.1280000000000001,0.7542551179042399,0.7404030353698492
2,1.0,2.0,1.1300000000000001,0.7535352506042269,0.739442502590369
2,1.0,2.0,1.1320000000000001,0.7528084102277567,0.7384792010694708
2,1.0,2.0,1.1340000000000001,0.7520746105098839,0.7375131000560098
2,1.0,2.0,1.1360000000000001,0.7513338652353855,0.7365441771514286
2,1.0,2.0,1.1380000000000001,0.7505861882383705,0.7355724189273016
2,1.0,2.0,1.1400000000000001,0.749831593401887,0.7345978214626018
2,1.0,2.0,1.1420000000000001,0.7490700946575322,0.7336203907982114
2,1.0,2.0,1.1440000000000001,0.7483017059850615,0.7326401433065822
2,1.0,2.0,1.1460000000000001,0.7475264414119973,0.7316571059748576
2,1.0,2.0,1.1480000000000001,0.7467443150132402,0.7306713166001787
2,1.0,2.0,1.1500000000000001,0.7459553409106786,0.7296828238962427
2,1.0,2.0,1.1520000000000001,0.7451595332727987,0.7286916875106024
2,1.0,2.0,1.154,0.7443569063142979,0.7276979779525847
2,1.0,2.0,1.156,0.7435474742956931,0.7267017764321962
2,1.0,2.0,1.158,0.7427312515229362,0.7257031746105491
2,1.0,2.0,1.16,0.7419082523470233,0.7247022742630753
2,1.0,2.0,1.162,0.7410784911636097,0.7236991868568278
2,1.0,2.0,1.164,0.7402419824126227,0.7226940330439032
2,1.0,2.0,1.166,0.7393987405778747,0.7216869420731237
2,1.0,2.0,1.168,0.7385487801866785,0.7206780511227416
2,1.0,2.0,1.17,0.737692115809461,0.7196675045571229
2,1.0,2.0,1.172,0.7368287620593797,0.7186554531108978
2,1.0,2.0,1.174,0.7359587335919382,0.7176420530043175
2,1.0,2.0,1.176,0.7350820451046015,0.71662746499401
2,1.0,2.0,1.178,0.7341987113364148,0.7156118533636108
2,1.0,2.0,1.18,0.7333087470676197,0.714595384859185
2,1.0,2.0,1.182,0.7324121671192731,0.7135782275745213
2,1.0,2.0,1.184,0.7315089863528651,0.7125605497919056
2,1.0,2.0,1.186,0.7305992196699388,0.7115425187840613
2,1.0,2.0,1.188,0.7296828820117105,0.7105242995834246
2,1.0,2.0,1.19,0.7287599883586904,0.7095060537250027
2,1.0,2.0,1.192,0.7278305537303025,0.708487937969428
2,1.0,2.0,1.194,0.7268945931845083,0.707470103012947
2,1.0,2.0,1.196,0.7259521218174283,0.7064526921912657
2,1.0,2.0,1.198,0.7250031547629653,0.7054358401844484
2,1.0,2.0,1.2,0.7240477071924286,0.7044196717299531
2,1.0,2.0,1.202,0.7230857943141588,0.7034043003511792
2,1.0,2.0,1.204,0.7221174313731529,0.7023898271088648
2,1.0,2.0,1.206,0.7211426336506904,0.7013763393826701
2,1.0,2.0,1.208,0.7201614164639604,0.7003639096902853
2,1.0,2.0,1.21,0.7191737951656891,0.6993525945513105
2,1.0,2.0,1.212,0.718179785143768,0.6983424334030912
2,1.0,2.0,1.214,0.7171794018208836,0.6973334475754873
2,1.0,2.0,1.216,0.7161726606541471,0.6963256393313665
2,1.0,2.0,1.218,0.7151595771347247,0.6953189909794616
2,1.0,2.0,1.22,0.7141401667874698,0.6943134640658417
2,1.0,2.0,1.222,0.713114445170556,0.6933089986500361
2,1.0,2.0,1.224,0.7120824278751087,0.6923055126713694
2,1.0,2.0,1.226,0.7110441305248404,0.6913029014108737
2,1.0,2.0,1.228,0.709999568775686,0.6903010370535053
2,1.0,2.0,1.23,0.7089487583154379,0.689299768355048
2,1.0,2.0,1.232,0.7078917148633826,0.6882989204175727
2,1.0,2.0,1.234,0.7068284541699396,0.6872982945768072
2,1.0,2.0,1.236,0.7057589920162983,0.6862976684042029
2,1.0,2.0,1.238,0.7046833442140595,0.6852967958259021
2,1.0,2.0,1.24,0.7036015266048732,0.6842954073602804
2,1.0,2.0,1.242,0.7025135550600828,0.6832932104750296
2,1.0,2.0,1.244,0.7014194454803657,0.6822898900642821
2,1.0,2.0,1.246,0.7003192137953769,0.6812851090454651
2,1.0,2.0,1.248,0.6992128759633934,0.6802785090751295
2,1.0,2.0,1.25,0.6981004479709595,0.6792697113822025
2,1.0,2.0,1.252,0.6969819458325336,0.6782583177166502
2,1.0,2.0,1.254,0.6958573855901339,0.6772439114107671
2,1.0,2.0,1.256,0.6947267833129888,0.6762260585498345
2,1.0,2.0,1.258,0.6935901550971841,0.6752043092482439
2,1.0,2.0,1.26,0.6924475170653163,0.674178199026586
2,1.0,2.0,1.262,0.69129888536614,0.6731472502847567
2,1.0,2.0,1.264,0.6901442761742244,0.6721109738655218
2,1.0,2.0,1.266,0.6889837056896039,0.6710688707025632
2,1.0,2.0,1.268,0.6878171901374353,0.6700204335465324
2,1.0,2.0,1.27,0.6866447457676508,0.6689651487622689
2,1.0,2.0,1.272,0.6854663888546173,0.6679024981898829
2,1.0,2.0,1.274,0.6842821356967935,0.6668319610621867
2,1.0,2.0,1.276,0.6830920026163881,0.6657530159705226
2,1.0,2.0,1.278,0.6818960059590219,0.6646651428708444
2,1.0,2.0,1.28,0.6806941620933871,0.6635678251217485
2,1.0,2.0,1.282,0.6794864874109121,0.662460551545833
2,1.0,2.0,1.284,0.6782729983254231,0.6613428185057985
2,1.0,2.0,1.286,0.6770537112728109,0.6602141319864719
2,1.0,2.0,1.288,0.6758286427106954,0.6590740096739806
2,1.0,2.0,1.29,0.6745978091180935,0.6579219830233107
2,1.0,2.0,1.292,0.6733612269950882,0.6567575993053759
2,1.0,2.0,1.294,0.6721189128624971,0.6555804236250452
2,1.0,2.0,1.296,0.6708708832615449,0.6543900409014083
2,1.0,2.0,1.298,0.6696171547535338,0.6531860578019361
2,1.0,2.0,1.3,0.668357743919518,0.6519681046222229
2,1.0,2.0,1.302,0.6670926673599783,0.6507358371033126
2,1.0,2.0,1.304,0.6658219416944978,0.6494889381787686
2,1.0,2.0,1.306,0.6645455835614392,0.6482271196439418
2,1.0,2.0,1.308,0.6632636096176229,0.6469501237402588
2,1.0,2.0,1.31,0.6619760365380077,0.6456577246475245
2,1.0,2.0,1.312,0.6606828810153706,0.6443497298777252
2,1.0,2.0,1.314,0.6593841597599908,0.643025981564055
2,1.0,2.0,1.316,0.6580798894993308,0.6416863576393436
2,1.0,2.0,1.318,0.656770086977725,0.6403307728984099
2,1.0,2.0,1.32,0.6554547689560624,0.6389591799392775
2,1.0,2.0,1.322,0.6541339522114774,0.637571569978668
2,1.0,2.0,1.324,0.6528076535370363,0.6361679735374967
2,1.0,2.0,1.326,0.6514758897414294,0.6347484609926232
2,1.0,2.0,1.328,0.6501386776486622,0.6333131429915615
2,1.0,2.0,1.33,0.6487960340977481,0.631862170727269
2,1.0,2.0,1.332,0.6474479759424039,0.6303957360705973
2,1.0,2.0,1.334,0.6460945200507447,0.6289140715584997
2,1.0,2.0,1.336,0.6447356833049822,0.6274174502365106
2,1.0,2.0,1.338,0.6433714826011222,0.6259061853545518
2,1.0,2.0,1.34,0.6420019348486662,0.6243806299155779
2,1.0,2.0,1.342,0.6406270569703114,0.6228411760770277
2,1.0,2.0,1.344,0.6392468659016554,0.6212882544056001
2,1.0,2.0,1.346,0.6378613785908994,0.6197223329864251
2,1.0,2.0,1.348,0.6364706119985538,0.6181439163879738
2,1.0,2.0,1.35,0.6350745830971471,0.6165535444848936
2,1.0,2.0,1.352,0.6336733088709329,0.6149517911411838
2,1.0,2.0,1.354,0.632266806315602,0.6133392627567541
2,1.0,2.0,1.356,0.630855092437992,0.6117165966809711
2,1.0,2.0,1.358,0.6294381842558028,0.6100844594971769
2,1.0,2.0,1.36,0.628016098797309,0.6084435451828432
2,1.0,2.0,1.362,0.6265888531010786,0.6067945731503541
2,1.0,2.0,1.364,0.6251564642156884,0.6051382861741087
2,1.0,2.0,1.366,0.6237189491994443,0.603475448209981
2,1.0,2.0,1.368,0.6222763251201028,0.6018068421137697
2,1.0,2.0,1.37,0.6208286090545913,0.6001332672657271
2,1.0,2.0,1.372,0.6193758180887343,0.5984555371087255
2,1.0,2.0,1.374,0.6179179693169763,0.5967744766081196
2,1.0,2.0,1.3760000000000001,0.6164550798421108,0.5950909196417298
2,1.0,2.0,1.3780000000000001,0.6149871667750072,0.5934057063289441
2,1.0,2.0,1.3800000000000001,0.6135142472343418,0.5917196803081998
2,1.0,2.0,1.3820000000000001,0.6120363383463288,0.590033685972531
2,1.0,2.0,1.3840000000000001,0.6105534572444531,0.5883485656732999
2,1.0,2.0,1.3860000000000001,0.6090656210692066,0.5866651569024242
2,1.0,2.0,1.3880000000000001,0.6075728469678222,0.5849842894637971
2,1.0,2.0,1.3900000000000001,0.6060751520940136,0.5833067826447862
2,1.0,2.0,1.3920000000000001,0.6045725536077137,0.581633442398922
2,1.0,2.0,1.3940000000000001,0.6030650686748161,0.5799650585510904
2,1.0,2.0,1.3960000000000001,0.6015527144669173,0.5783024020365038
2,1.0,2.0,1.3980000000000001,0.600035508161062,0.5766462221850014
2,1.0,2.0,1.4000000000000001,0.5985134669394876,0.5749972440620675
2,1.0,2.0,1.4020000000000001,0.5969866079893724,0.5733561658779399
2,1.0,2.0,1.4040000000000001,0.5954549485025858,0.5717236564761087
2,1.0,2.0,1.4060000000000001,0.5939185056754368,0.5701003529123421
2,1.0,2.0,1.408,0.5923772967084289,0.5684868581350256
2,1.0,2.0,1.41,0.5908313388060111,0.566883738777469
2,1.0,2.0,1.412,0.5892806491763378,0.5652915230723572
2,1.0,2.0,1.414,0.5877252450310221,0.5637106988981173
2,1.0,2.0,1.416,0.586165143584897,0.5621417119665687
2,1.0,2.0,1.418,0.5846003620557757,0.560584964160491
2,1.0,2.0,1.42,0.583030917664214,0.559040812029387
2,1.0,2.0,1.422,0.5814568276332737,0.5575095654507987
2,1.0,2.0,1.424,0.5798781091882896,0.5559914864639943
2,1.0,2.0,1.426,0.5782947795566351,0.5544867882819738
2,1.0,2.0,1.428,0.5767068559674925,0.5529956344869424
2,1.0,2.0,1.43,0.5751143556516242,0.5515181384135447
2,1.0,2.0,1.432,0.573517295841143,0.5500543627232075
2,1.0,2.0,1.434,0.5719156937692894,0.5486043191720726
2,1.0,2.0,1.436,0.5703095666702042,0.5471679685739171
2,1.0,2.0,1.438,0.5686989317787087,0.5457452209585919
2,1.0,2.0,1.44,0.5670838063300818,0.5443359359254202
2,1.0,2.0,1.442,0.5654642075598434,0.5429399231899704
2,1.0,2.0,1.444,0.563840152703534,0.5415569433217488
2,1.0,2.0,1.446,0.5622116589965026,0.5401867086690669
2,1.0,2.0,1.448,0.5605787436736898,0.5388288844666633
2,1.0,2.0,1.45,0.558941423969417,0.5374830901204541
2,1.0,2.0,1.452,0.5572997171171772,0.5361489006628635
2,1.0,2.0,1.454,0.5556536403494237,0.5348258483714394
2,1.0,2.0,1.456,0.5540032108973653,0.5335134245423234
2,1.0,2.0,1.458,0.5523484459907604,0.532211081409544
2,1.0,2.0,1.46,0.5506893628577134,0.5309182342002126
2,1.0,2.0,1.462,0.549025978724473,0.5296342633150161
2,1.0,2.0,1.464,0.5473583108152332,0.5283585166227819
2,1.0,2.0,1.466,0.5456863763519334,0.5270903118572908
2,1.0,2.0,1.468,0.5440101925540634,0.5258289391040328
2,1.0,2.0,1.47,0.5423297766384686,0.5245736633642273
2,1.0,2.0,1.472,0.540645145819156,0.5233237271829784
2,1.0,2.0,1.474,0.5389563173071048,0.5220783533283851
2,1.0,2.0,1.476,0.5372633083100751,0.5208367475080777
2,1.0,2.0,1.478,0.5355661360324219,0.5195981011097394
2,1.0,2.0,1.48,0.5338648176749083,0.5183615939521137
2,1.0,2.0,1.482,0.5321593704345221,0.517126397033153
2,1.0,2.0,1.484,0.5304498115042927,0.5158916752621271
2,1.0,2.0,1.486,0.528736158073111,0.5146565901629243
2,1.0,2.0,1.488,0.5270184273255517,0.5134203025359567
2,1.0,2.0,1.49,0.5252966364416938,0.5121819750667442
2,1.0,2.0,1.492,0.5235708025969488,0.5109407748696576
2,1.0,2.0,1.494,0.5218409429618835,0.50969587595595
2,1.0,2.0,1.496,0.5201070747020528,0.5084464616159029
2,1.0,2.0,1.498,0.5183692149778251,0.5071917267056057
2,1.0,2.0,1.5,0.5166273809442186,0.5059308798297177
2,1.0,2.0,1.502,0.5148815897507322,0.5046631454123692
2,1.0,2.0,1.504,0.5131318585411818,0.5033877656492465
2,1.0,2.0,1.506,0.5113782044535391,0.5021040023348702
2,1.0,2.0,1.508,0.5096206446197679,0.5008111385598525
2,1.0,2.0,1.51,0.5078591961656682,0.4995084802741014
2,1.0,2.0,1.512,0.5060938762107162,0.49819535771270274
2,1.0,2.0,1.514,0.5043247018679111,0.49687112668225064
2,1.0,2.0,1.516,0.5025516902436189,0.4955351697063935
2,1.0,2.0,1.518,0.5007748584374239,0.49418689703019963
2,1.0,2.0,1.52,0.49899422354197526,0.4928257474839514
2,1.0,2.0,1.522,0.49720980264284037,0.49145118920781
2,1.0,2.0,1.524,0.49542161281835895,0.4900627202396686
2,1.0,2.0,1.526,0.4936296711394967,0.48865986896929337
2,1.0,2.0,1.528,0.49183399466970407,0.48724219446263645
2,1.0,2.0,1.53,0.49003460046477376,0.4858092866608645
2,1.0,2.0,1.532,0.4882315055727028,0.4843607664593323
2,1.0,2.0,1.534,0.4864247270335536,0.48289628567225223
2,1.0,2.0,1.536,0.48461428187932026,0.481415526889425
2,1.0,2.0,1.538,0.48280018713379214,0.4799182032316542
2,1.0,2.0,1.54,0.48098245981242393,0.47840405801204694
2,1.0,2.0,1.542,0.47916111692220426,0.47687286431056697
2,1.0,2.0,1.544,0.4773361754615279,0.47532442446940604
2,1.0,2.0,1.546,0.47550765242006854,0.4737585695170444
2,1.0,2.0,1.548,0.47367556477865347,0.4721751585287362
2,1.0,2.0,1.55,0.4718399295091425,0.4705740779313456
2,1.0,2.0,1.552,0.4700007635743035,0.4689552407602822
2,1.0,2.0,1.554,0.46815808392769614,0.46731858587620423
2,1.0,2.0,1.556,0.4663119075135519,0.4656640771489537
2,1.0,2.0,1.558,0.4644622512666587,0.4639917026159432
2,1.0,2.0,1.56,0.4626091321122485,0.462301473621928
2,1.0,2.0,1.562,0.4607525669658815,0.4605934239466928
2,1.0,2.0,1.564,0.4588925727333392,0.4588676089268976
2,1.0,2.0,1.566,0.4570291663105134,0.45712410457775077
2,1.0,2.0,1.568,0.4551623645832998,0.4553630067198719
2,1.0,2.0,1.57,0.4532921844274931,0.4535844301160892
2,1.0,2.0,1.572,0.4514186427086837,0.45178850762251616
2,1.0,2.0,1.574,0.4495417562821551,0.449975389357639
2,1.0,2.0,1.576,0.44766154199278557,0.44814524189271193
2,1.0,2.0,1.578,0.4457780166749489,0.44629824746617264
2,1.0,2.0,1.58,0.44389119715241815,0.4444346032242733
2,1.0,2.0,1.582,0.44200110023827244,0.44255452048964156
2,1.0,2.0,1.584,0.4401077427348024,0.4406582240589613
2,1.0,2.0,1.586,0.43821114143342094,0.43874595153050855
2,1.0,2.0,1.588,0.4363113131145727,0.4368179526618133
2,1.0,2.0,1.59,0.43440827454764736,0.4348744887573008
2,1.0,2.0,1.592,0.4325020424908935,0.43291583208537976
2,1.0,2.0,1.594,0.43059263369133555,0.4309422653240993
2,1.0,2.0,1.596,0.4286800648846912,0.42895408103415483
2,1.0,2.0,1.598,0.4267643527952893,0.42695158115777526
2,1.0,2.0,1.6,0.4248455141359952,0.4249350765418034
2,1.0,2.0,1.602,0.4229235656081296,0.42290488648300956
2,1.0,2.0,1.604,0.4209985239013966,0.4208613382936517
2,1.0,2.0,1.606,0.419070405693808,0.4188047668850828
2,1.0,2.0,1.608,0.417139227651614,0.4167355143671833
2,1.0,2.0,1.61,0.4152050064292304,0.414653929661407
2,1.0,2.0,1.612,0.41326775866917365,0.41256036812515195
2,1.0,2.0,1.614,0.41132750100199184,0.4104551911853232
2,1.0,2.0,1.616,0.4093842500462003,0.4083387659789497
2,1.0,2.0,1.618,0.40743802240822113,0.4062114649988962
2,1.0,2.0,1.62,0.4054888346823183,0.40407366574280673
2,1.0,2.0,1.622,0.40353670345054105,0.4019257503636216
2,1.0,2.0,1.624,0.40158164528266416,0.39976810532016405
2,1.0,2.0,1.6260000000000001,0.3996236767361329,0.39760112102652295
2,1.0,2.0,1.6280000000000001,0.3976628143560083,0.39542519149915756
2,1.0,2.0,1.6300000000000001,0.39569907467491483,0.3932407140008728
2,1.0,2.0,1.6320000000000001,0.3937324742129879,0.3910480886810556
2,1.0,2.0,1.6340000000000001,0.3917630294778263,0.3888477182117978
2,1.0,2.0,1.6360000000000001,0.38979075696444454,0.38664000741972754
2,1.0,2.0,1.6380000000000001,0.38781567315522525,0.38442536291360674
2,1.0,2.0,1.6400000000000001,0.38583779451987704,0.38220419270798117
2,1.0,2.0,1.6420000000000001,0.3838571375153898,0.3799769058433348
2,1.0,2.0,1.6440000000000001,0.38187371858599634,0.3777439120033899
2,1.0,2.0,1.6460000000000001,0.37988755416313014,0.3755056211303344
2,1.0,2.0,1.6480000000000001,0.37789866066539074,0.37326244303895045
2,1.0,2.0,1.6500000000000001,0.37590705449850603,0.3710147870306475
2,1.0,2.0,1.6520000000000001,0.37391275205529795,0.3687630615085632
2,1.0,2.0,1.6540000000000001,0.3719157697156516,0.3665076735949047
2,1.0,2.0,1.6560000000000001,0.3699161238464819,0.3642490287517753
2,1.0,2.0,1.6580000000000001,0.36791383080170686,0.3619875304067022
2,1.0,2.0,1.6600000000000001,0.36590890692221745,0.3597235795840943
2,1.0,2.0,1.6620000000000001,0.36390136853585375,0.35745757454375876
2,1.0,2.0,1.6640000000000001,0.3618912319573783,0.35518991042759457
2,1.0,2.0,1.666,0.3598785134884565,0.352920978915431
2,1.0,2.0,1.668,0.35786322941763116,0.3506511678908653
2,1.0,2.0,1.67,0.3558453960203071,0.3483808611178454
2,1.0,2.0,1.672,0.3538250295587305,0.3461104379285138
2,1.0,2.0,1.674,0.35180214628197426,0.3438402729227335
2,1.0,2.0,1.676,0.3497767624259217,0.34157073567943197
2,1.0,2.0,1.678,0.3477488942132543,0.3393021904798121
2,1.0,2.0,1.68,0.34571855785344063,0.33703499604213594
2,1.0,2.0,1.682,0.34368576954272473,0.33476950526771976
2,1.0,2.0,1.684,0.34165054546411994,0.33250606499743957
2,1.0,2.0,1.686,0.33961290178739933,0.3302450157779537
2,1.0,2.0,1.688,0.33757285466909337,0.32798669163654676
2,1.0,2.0,1.69,0.33553042025248314,0.3257314198634169
2,1.0,2.0,1.692,0.3334856146676011,0.323479520799966
2,1.0,2.0,1.694,0.3314384540312279,0.32123130763155594
2,1.0,2.0,1.696,0.32938895444689525,0.3189870861830452
2,1.0,2.0,1.698,0.32733713200488673,0.3167471547153217
2,1.0,2.0,1.7,0.32528300278224265,0.31451180372091647
2,1.0,2.0,1.702,0.3232265828427658,0.31228131571683476
2,1.0,2.0,1.704,0.32116788823702713,0.3100559650325956
2,1.0,2.0,1.706,0.31910693500237586,0.30783601759157014
2,1.0,2.0,1.708,0.31704373916294765,0.3056217306837363
2,1.0,2.0,1.71,0.314978316729678,0.3034133527280046
2,1.0,2.0,1.712,0.31291068370031333,0.30121112302243913
2,1.0,2.0,1.714,0.310840856059427,0.29901527148080637
2,1.0,2.0,1.716,0.3087688497784339,0.2968260183540956
2,1.0,2.0,1.718,0.30669468081560824,0.2946435739358501
2,1.0,2.0,1.72,0.30461836511610335,0.2924681382503835
2,1.0,2.0,1.722,0.3025399186119699,0.2902999007233009
2,1.0,2.0,1.724,0.30045935722217987,0.28813903983393835
2,1.0,2.0,1.726,0.2983766968526476,0.28598572274976747
2,1.0,2.0,1.728,0.2962919533962563,0.2838401049431136
2,1.0,2.0,1.73,0.2942051427328819,0.28170232979088317
2,1.0,2.0,1.732,0.29211628072942275,0.279572528158449
2,1.0,2.0,1.734,0.2900253832398265,0.27745081796916543
2,1.0,2.0,1.736,0.28793246610512113,0.275337303761417
2,1.0,2.0,1.738,0.285837545153447,0.27323207623551693
2,1.0,2.0,1.74,0.2837406362000884,0.2711352117931382
2,1.0,2.0,1.742,0.28164175504751,0.26904677207237915
2,1.0,2.0,1.744,0.2795409174853899,0.26696680348192764
2,1.0,2.0,1.746,0.2774381392906598,0.2648953367381375
2,1.0,2.0,1.748,0.2753334362275401,0.26283238640921347
2,1.0,2.0,1.75,0.2732268240475829,0.2607779504709471
2,1.0,2.0,1.752,0.2711183184897103,0.2587320098787707
2,1.0,2.0,1.754,0.2690079352802586,0.2566945281611421
2,1.0,2.0,1.756,0.26689569013302206,0.2546654510394338
2,1.0,2.0,1.758,0.2647815987492963,0.2526447060797124
2,1.0,2.0,1.76,0.26266567681792713,0.25063220238187667
2,1.0,2.0,1.762,0.26054794001535553,0.24862783031169633
2,1.0,2.0,1.764,0.2584284040056694,0.24663146128130145
2,1.0,2.0,1.766,0.25630708444065115,0.24464294758364571
2,1.0,2.0,1.768,0.25418399695983135,0.24266212228635145
2,1.0,2.0,1.77,0.25205915719053995,0.24068879919019642
2,1.0,2.0,1.772,0.24993258074796074,0.23872277285731264
2,1.0,2.0,1.774,0.2478042832351879,0.23676381871386695
2,1.0,2.0,1.776,0.2456742802432798,0.23481169323170503
2,1.0,2.0,1.778,0.2435425873513198,0.23286613419304142
2,1.0,2.0,1.78,0.2414092201264724,0.2309268610418687
2,1.0,2.0,1.782,0.23927419412404588,0.22899357532526607
2,1.0,2.0,1.784,0.23713752488755113,0.22706596122728448
2,1.0,2.0,1.786,0.2349992279487671,0.22514368619749225
2,1.0,2.0,1.788,0.23285931882780156,0.22322640167568772
2,1.0,2.0,1.79,0.23071781303315775,0.22131374391362948
2,1.0,2.0,1.792,0.2285747260618009,0.21940533489397543
2,1.0,2.0,1.794,0.22643007339922328,0.21750078334592665
2,1.0,2.0,1.796,0.22428387051951557,0.2155996858563597
2,1.0,2.0,1.798,0.22213613288543302,0.21370162807452522
2,1.0,2.0,1.8,0.2199868759484693,0.2118061860076388
2,1.0,2.0,1.802,0.2178361151489256,0.20991292740399786
2,1.0,2.0,1.804,0.21568386591598582,0.2080214132194944
2,1.0,2.0,1.806,0.21353014366778822,0.20613119916274353
2,1.0,2.0,1.808,0.21137496381150211,0.2042418373133105
2,1.0,2.0,1.81,0.20921834174340412,0.20235287780689853
2,1.0,2.0,1.812,0.20706029284895364,0.2004638705807147
2,1.0,2.0,1.814,0.20490083250287364,0.19857436717163907
2,1.0,2.0,1.816,0.2027399760692271,0.19668392255931855
2,1.0,2.0,1.818,0.20057773890150052,0.19479209704574474
2,1.0,2.0,1.82,0.19841413634268226,0.19289845816251225
2,1.0,2.0,1.822,0.19624918372534766,0.19100258259651196
2,1.0,2.0,1.824,0.19408289637174017,0.1891040581245406
2,1.0,2.0,1.826,0.19191528959385792,0.18720248554703453
2,1.0,2.0,1.828,0.1897463786935373,0.18529748061094112
2,1.0,2.0,1.83,0.18757617896254025,0.1833886759116836
2,1.0,2.0,1.832,0.1854047056826425,0.18147572276406324
2,1.0,2.0,1.834,0.18323197412571984,0.179558293032043
2,1.0,2.0,1.836,0.18105799955383986,0.17763608090742022
2,1.0,2.0,1.838,0.17888279721934974,0.17570880462761093
2,1.0,2.0,1.84,0.17670638236497008,0.17377620812299868
2,1.0,2.0,1.842,0.17452877022388436,0.17183806258463363
2,1.0,2.0,1.844,0.17234997601983454,0.16989416794347426
2,1.0,2.0,1.846,0.1701700149672128,0.1679443542527907
2,1.0,2.0,1.848,0.16798890227115734,0.16598848296589788
2,1.0,2.0,1.85,0.16580665312764892,0.16402644810194458
2,1.0,2.0,1.852,0.1636232827236055,0.16205817729312091
2,1.0,2.0,1.854,0.1614388062369819,0.16008363270730805
2,1.0,2.0,1.856,0.15925323883686593,0.15810281184093494
2,1.0,2.0,1.858,0.15706659568357964,0.15611574817753865
2,1.0,2.0,1.86,0.15487889192877724,0.15412251170831343
2,1.0,2.0,1.862,0.15269014271554798,0.15212320931174694
2,1.0,2.0,1.864,0.15050036317851595,0.1501179849902544
2,1.0,2.0,1.866,0.14830956844394302,0.1481070199625585
2,1.0,2.0,1.868,0.14611777362983336,0.14609053261140556
2,1.0,2.0,1.87,0.14392499384603497,0.1440687782870269
2,1.0,2.0,1.872,0.14173124419434702,0.14204204896759565
2,1.0,2.0,1.874,0.13953653976862285,0.14001067277871748
2,1.0,2.0,1.8760000000000001,0.13734089565487875,0.1379750133748008
2,1.0,2.0,1.8780000000000001,0.1351443269313982,0.1359354691858859
2,1.0,2.0,1.8800000000000001,0.1329468486688424,0.13389247253425224
2,1.0,2.0,1.8820000000000001,0.1307484759303563,0.13184648862580434
2,1.0,2.0,1.8840000000000001,0.12854922377167874,0.12979801442186628
2,1.0,2.0,1.8860000000000001,0.12634910724125317,0.12774757739762785
2,1.0,2.0,1.8880000000000001,0.12414814138033584,0.12569573419400357
2,1.0,2.0,1.8900000000000001,0.12194634122310968,0.12364306917017015
2,1.0,2.0,1.8920000000000001,0.11974372179679335,0.12159019286446596
2,1.0,2.0,1.8940000000000001,0.11754029812175658,0.11953774037170888
2,1.0,2.0,1.8960000000000001,0.1153360852116303,0.1174863696452901
2,1.0,2.0,1.8980000000000001,0.11313109807342325,0.11543675973265721
2,1.0,2.0,1.9000000000000001,0.11092535170763397,0.11338960895296513
2,1.0,2.0,1.9020000000000001,0.10871886110836668,0.11134563302580824
2,1.0,2.0,1.9040000000000001,0.10651164126344782,0.10930556315999378
2,1.0,2.0,1.9060000000000001,0.10430370715453988,0.10727014411131273
2,1.0,2.0,1.9080000000000001,0.10209507375726065,0.10524013221820583
2,1.0,2.0,1.9100000000000001,0.099885756041298,0.10321629342410236
2,1.0,2.0,1.9120000000000001,0.09767576897053008,0.10119940129502591
2,1.0,2.0,1.9140000000000001,0.0954651275031412,0.09919023504084665
2,1.0,2.0,1.9160000000000001,0.09325384659174318,0.09718957754827978
2,1.0,2.0,1.9180000000000001,0.0910419411834926,0.09519821343341872
2,1.0,2.0,1.92,0.08882942622021167,0.09321692712122236
2,1.0,2.0,1.922,0.08661631663850829,0.09124650095900079
2,1.0,2.0,1.924,0.08440262736989783,0.08928771337050148
2,1.0,2.0,1.926,0.08218837334092284,0.08734133705676292
2,1.0,2.0,1.928,0.07997356947327554,0.0854081372494163
2,1.0,2.0,1.93,0.077758230683921,0.08348887002164017
2,1.0,2.0,1.932,0.0755423718852177,0.08158428066145545
2,1.0,2.0,1.934,0.07332600798504291,0.07969510211155047
2,1.0,2.0,1.936,0.07110915388691386,0.07782205347930184
2,1.0,2.0,1.938,0.06889182449011388,0.07596583862015156
2,1.0,2.0,1.94,0.06667403468981442,0.07412714479698233
2,1.0,2.0,1.942,0.0644557993772019,0.07230664141764427
2,1.0,2.0,1.944,0.06223713343960046,0.07050497885228744
2,1.0,2.0,1.946,0.060018051760599614,0.06872278733169405
2,1.0,2.0,1.948,0.05779856922017783,0.06696067592733869
2,1.0,2.0,1.95,0.0555787006948295,0.06521923161348758
2,1.0,2.0,1.952,0.05335846105769221,0.06349901841122753
2,1.0,2.0,1.954,0.051137865178671076,0.06180057661394359
2,1.0,2.0,1.956,0.0489169279245684,0.06012442209340158
2,1.0,2.0,1.958,0.046695664159208165,0.05847104568527899
2,1.0,2.0,1.96,0.04447408874356616,0.056840912652678224
2,1.0,2.0,1.962,0.04225221653589518,0.055234462225904335
2,1.0,2.0,1.964,0.04003006239185549,0.05365210721654928
2,1.0,2.0,1.966,0.037807641164640964,0.05209423370372124
2,1.0,2.0,1.968,0.03558496770510834,0.05056120079009026
2,1.0,2.0,1.97,0.03336205686190696,0.04905334042527223
2,1.0,2.0,1.972,0.031138923481605345,0.04757095729396367
2,1.0,2.0,1.974,0.028915582408822797,0.04611432876614946
2,1.0,2.0,1.976,0.026692048486356156,0.044683704906647824
2,1.0,2.0,1.978,0.02446833655531163,0.0432793085412182
2,1.0,2.0,1.98,0.022244461455231908,0.0419013353764454
2,1.0,2.0,1.982,0.020020438024228315,0.04054995417061931
2,1.0,2.0,1.984,0.01779628109910847,0.039225306952858155
2,1.0,2.0,1.986,0.015572005515507139,0.037927509287759634
2,1.0,2.0,1.988,0.013347626108017263,0.03665665058293081
2,1.0,2.0,1.99,0.011123157710317862,0.035412794436807664
2,1.0,2.0,1.992,0.008898615155306799,0.03419597902426074
2,1.0,2.0,1.994,0.0066740132752285495,0.033006217517570324
2,1.0,2.0,1.996,0.004449366901807072,0.03184349854044693
2,1.0,2.0,1.998,0.0022246908663736994,0.030707786652873912
2,1.0,2.0,2.0,0.0,0.029599022864646708
