draw,y_t1,y_t2
1,0.41083179868021524,1.2778663754463295
2,1.0399132836320042,1.0653662918112157
3,0.5414954431180133,1.8778213735002238
4,0.3919993555563322,1.6394275455812608
5,0.37016076118021224,1.592430015586371
6,0.5687736017899836,1.4708748593807086
7,0.544903950834879,1.7655022362227275
8,0.762786878648862,1.4283227457408558
9,0.7460149442838487,1.229676379479987
10,0.6476012556100271,1.4595744039824479
11,0.7008836923761985,1.2106202835571707
12,0.6309128640169069,1.0776312336025513
13,0.6930620658875705,1.4775736651354057
14,0.2692144402801922,1.0905023542829446
15,1.1124754789630706,0.9678172507297242
16,0.3397789960436547,1.5656156448955483
17,1.2317280438152798,1.316636361906558
18,0.8490822684725737,1.7548217662918908
19,0.3856847183941746,1.085910354507833
20,0.5111997334344739,1.3114601435680147
21,0.7061246032481249,1.7795529606818032
22,0.2234706094129779,0.9890702502044171
23,0.32603427274455576,1.1158758443785093
24,0.7011093490827173,1.1724501489366839
25,0.6629959085831872,1.6365576312739
26,0.23351692640841498,0.8714517994094613
27,0.5778655643458117,1.1923077675065406
28,1.050367493199048,0.7690467725296497
29,0.3056723723741333,1.0962914701032682
30,1.0299989066882007,0.8286929056125427
31,0.3046573424437881,1.0674373428265969
32,0.6033733150782171,1.37214854212499
33,0.8478999893383143,1.337853544391547
34,0.4187678585718888,1.8067997794968538
35,0.3483276309449052,1.8910222607046325
36,0.9741032965739378,1.1190470623662765
37,0.31126272469827493,1.2119518140938812
38,0.7967331344112286,1.0832530031613377
39,0.7798891426615135,1.108961956115782
40,0.5703218476884344,1.7423206751056157
41,0.6278455323983955,1.0135301135599497
42,0.5167029665105293,1.4734045117779215
43,0.6252507641046431,1.1502322653194468
44,0.27371892375626566,1.464515372039152
45,0.8100553810148449,0.5721019158446661
46,0.3637417720207193,1.5176923618417528
47,1.1959615630008043,1.184046362235501
48,0.26251413766470416,0.9717315713611667
49,0.6233933174859593,1.1946222316345085
50,0.6131220307707667,1.43982691669546
51,0.49997849506909303,1.1658344815054238
52,1.0347018116525621,0.8393285771397903
53,0.49211779709491293,1.398326146628283
54,0.8878682000666875,1.2278691457146167
55,0.521900721570194,1.3675043437764836
56,0.7051822054395264,1.175783772362899
57,0.889037650619112,1.4571943136692724
58,0.42617392159849826,1.3112635092436895
59,0.367549845105604,1.0995992250362325
60,0.6299282121881996,0.8622064038250854
61,0.8013788080220623,1.8087272857832146
62,0.5713449555558654,0.8911645731246429
63,0.44385242542932957,1.495199730390297
64,0.48546660703972544,0.3755299630475737
65,0.9879179832700405,1.0540846853795194
66,0.3751088117811992,1.2916559786450958
67,0.6765064869473605,1.5072301770298533
68,0.40794124701708334,1.3858929866263208
69,0.7536352056410889,1.5260571396624507
70,0.5307599767951857,1.096327181647958
71,1.6960167220224582,1.0978991511527876
72,0.47805446729844764,1.2475589614769016
73,0.6244937083452798,1.008606925075222
74,0.48197389164656557,1.355784015591976
75,0.4669502916737909,0.7280276299834505
76,0.5562187864692186,1.711108327707874
77,1.1908767300757435,1.3656309099689325
78,0.6110137487031263,1.3723506511610641
79,0.8172558799286997,1.0680529655892363
80,0.6653087618238331,1.3566668644884463
81,0.6575221361634721,1.5445467995279083
82,0.9623888459979616,1.2330084247977386
83,1.0077941678760949,1.1236174396993417
84,1.095061007963853,1.252912823172441
85,0.5845696732264951,1.279536593427291
86,0.7253418899508467,1.5487884821828162
87,1.0037765532113125,1.8459376454244258
88,0.48499564605565537,1.4594615168455174
89,0.4853745379280635,1.2864956574295143
90,0.9393171025579513,1.4562101281610804
91,0.6440360512205398,1.4166199165862947
92,0.468695971601357,1.51074825305101
93,1.2340188922621138,1.4998613213382668
94,0.7487415845333097,1.6090847210566703
95,0.6014962314732675,1.3185481183612762
96,0.6491379456711477,1.34531962542717
97,0.5258187011240739,1.7222206653087124
98,0.6149730662779305,1.4340206438868108
99,0.35865414636113785,1.3785614282738663
100,0.43234674570925874,0.991244255754347
101,1.0677388371120546,1.2083175710511607
102,0.5930976654845127,1.6659528983526188
103,0.7828745873423782,1.3760640988763728
104,1.0370367348697715,1.29208313458299
105,0.8859419426918954,0.8575509613846266
106,0.6011585792414572,1.3972122806211247
107,0.1490336639840436,0.7393423479762249
108,0.4689822314371677,1.4540374402543965
109,0.9284331872114583,1.4578234992465138
110,0.8436017983031299,1.2724436816465245
111,0.7121924035300672,1.5749897418298915
112,0.33869752494160194,1.516866424610545
113,0.7022288618445993,1.0791612122961065
114,0.7912740138526017,1.3646820606798766
115,0.8746002368688868,1.784714020669229
116,0.3108228477380189,1.596412969958999
117,0.8959625709877901,0.8535294259639996
118,0.44939522512617164,1.294495720169556
119,0.9519697704679319,1.2839600057887661
120,0.4648217040797946,1.7109756952283877
121,0.7740887374904833,1.3991814940270466
122,0.6071781861043394,1.5244164605222468
123,0.689370031217743,1.273378859585516
124,0.699667235286624,1.1423172365282634
125,0.3634107297200445,1.6437467221072901
126,0.752099915626435,1.2714250746866669
127,0.6594323054829655,1.0692021444876834
128,0.2788577219885295,0.9528083992550869
129,0.7781220249305224,1.0935067162667769
130,0.5666197652867999,1.3624438753560166
131,0.6802318205098864,1.4110023971296393
132,1.0403202851509732,1.3792147745847467
133,0.8000284431458914,1.118381367920847
134,0.18061317705486268,1.363608092886322
135,0.6333694256150465,1.0855364773098488
136,0.49514539934558194,1.3501713338970918
137,0.9522407900439457,1.172572285418756
138,0.8142898377405116,1.4050630506309099
139,1.0516451411279768,1.5206979034798869
140,0.7636654730089655,1.5741892879821493
141,0.7127559009934956,1.4228301997602195
142,0.5422778628053982,0.9781779854998414
143,1.090905247991794,1.6223339872332647
144,0.6063569372497655,1.6820486725155925
145,0.9338390330805786,0.8054933411143677
146,0.6963457924327184,1.5186336633254083
147,0.5614330300853202,1.0839304529876015
148,0.5094726099021276,1.8679230181250617
149,0.38860427965385685,0.8336903370141155
150,0.5143834473163201,1.371517112171821
151,0.9253346008336125,1.7768628777481037
152,0.21862632100052193,1.255642044979029
153,0.5647035330979372,0.7032863763420596
154,0.3314722532907182,1.8903433112532182
155,0.7436017134793951,1.7393285113304093
156,0.839149932147371,1.0479789858058792
157,1.102027900933179,1.2543570661597139
158,0.6126878663596136,1.1844523952210249
159,0.5197419711067646,1.228975354410246
160,0.1747818381608841,1.2061695376893793
161,0.5148382162019057,1.4920491576739172
162,1.015264436941914,1.7311424159630857
163,0.931993435524506,1.4306111312410268
164,0.309185886347133,1.5319809704192546
165,0.4666690030739464,0.6424051408713014
166,0.6697974936854376,1.5783538867055242
167,1.0180113460687756,1.3347004921989163
168,0.6515840743806839,1.2100640665858275
169,0.4200643278484854,1.074269026978396
170,0.584872388056021,1.4082800017796964
171,0.3287510069708447,1.4605368491753175
172,0.4810067246265124,1.4009132138254654
173,0.9376191014436613,1.0877484981268055
174,0.7203854243907174,1.5940882283424225
175,0.7169908186776476,1.2924927659760306
176,0.7730764508416355,0.9488799833282449
177,0.5432973536719583,1.183987263717781
178,0.9322654068783391,0.5799779220995953
179,0.9675227108521802,1.3549318675597297
180,0.8206861875118568,1.347599639845203
181,0.25903933890863506,1.1038556455730761
182,0.9203935033336121,1.3328109077739332
183,0.7422329170947976,0.7198715921998697
184,0.41029114384820514,1.5184098591896613
185,0.41562415342008713,1.5304631685925312
186,0.7566693447443713,1.087175419263641
187,0.527868085845938,1.258377071087767
188,0.2984864072997425,1.591661259028893
189,0.7170479656915278,1.3695884400847764
190,0.4358170423194384,1.4627525749453996
191,0.7535715393143871,1.2344565056640846
192,0.409966034594082,1.3841990050174628
193,0.6044935573288994,1.4920417233947911
194,0.4503291355687641,1.7871371023033795
195,0.16754989813769178,1.4212904786102545
196,0.9374361252663934,1.2454836009971952
197,1.0711139719496416,1.0366431148633066
198,0.5979734641685789,1.1886419100666399
199,0.31280490608013756,1.1026368052152618
200,0.8520262617018604,0.8404674210785459
201,0.41663154993970736,0.9313600018599062
202,0.789439702443791,1.8654342281333236
203,0.8157113986947631,1.2063404598868657
204,0.6652180834760861,1.686822846170327
205,0.48132424819100544,1.3675591746004536
206,0.7118683906047768,0.7730387942796233
207,0.2713915167839287,1.0186973062418212
208,0.3540450366074155,1.8697716822479586
209,1.2203169193629664,1.6658657292407837
210,0.6017606031093836,1.6536997161616793
211,0.30192383650892785,0.9828004416621641
212,1.078217602865174,1.3235597995729014
213,0.35206719967562633,1.657264895143459
214,1.0753297088326796,1.2108150534401405
215,0.7395449005408157,1.4775576332472644
216,0.8381218755669478,1.522671683575586
217,0.9717361935694352,0.7358335059759511
218,0.7613270596618322,1.6017302508058058
219,0.4939810443558241,1.0139244099567817
220,0.4302938445442128,1.2861545386618993
221,0.9455460037342125,1.343804957377225
222,0.4290053980136374,0.9138526681293533
223,0.5249447054602635,1.4926424390748876
224,0.48554986011378015,1.4856250268886066
225,0.4230816105304871,1.03536141590862
226,0.745568015393013,1.5858797509501636
227,1.0503465851241756,1.7085877547406567
228,0.721254510760384,1.1160305673190258
229,0.4101694842099631,1.544467614455709
230,0.40355544848137836,0.9983942081477502
231,0.8648734348775539,1.2355362328094475
232,0.3533583109047778,1.6243873467561434
233,0.8727985124445717,1.4687230216022515
234,0.5246269302102339,1.2004085239218796
235,0.7083370192659613,1.25221204301662
236,0.6266884413615966,1.3260848300040344
237,1.033377627142903,1.7231768100006803
238,0.35844340446034795,1.223812221422105
239,0.898249294353772,1.3872371870751277
240,0.642680446098837,1.5689825860698845
241,0.8504495279105587,0.9537300596243241
242,0.962478671870801,1.2375349749194653
243,0.6698552638705223,0.9097044063419313
244,0.21147085765204512,1.42135694617581
245,1.0024903814316983,1.600407972323298
246,0.41013932325895586,1.726973082581684
247,0.8308874489359782,0.9937017377267565
248,0.26362973829758657,1.1128355013832882
249,0.556372282834356,1.4097719831200926
250,0.8277355281552731,1.3030733532169898
251,0.7222576392530513,0.9713550036578058
252,1.043052689369644,0.8805455104067506
253,1.0823507091462827,0.9131592402248663
254,1.0058029716018473,0.5619566977473134
255,0.5136089084005713,0.8246297025091724
256,0.4511501503573941,1.1451141098879785
257,0.9010214552547288,0.9359746633049746
258,0.8505278696292281,1.0367707828984163
259,1.0136209734267478,1.1732811398598517
260,0.5952057963448801,1.6294076307585603
261,0.21948426721357026,1.0078434661872775
262,0.49587425689258485,1.3957080386160223
263,0.6897313563784226,1.44157712638865
264,1.1020648311430616,0.9861782470441078
265,0.382698078806385,1.466471012378603
266,0.26819849160212206,1.3232591097402255
267,0.6424864886922977,1.870292414802836
268,0.6538019815261588,1.0614475564044117
269,0.559361350861757,1.0353720426018147
270,1.048318647862388,1.446593958262468
271,0.12860979064952632,1.3403132083414184
272,0.9074787085558329,1.648248846722011
273,0.788955270275811,1.308330981225595
274,0.3961584435715769,1.3935876723513512
275,0.7354045100941168,1.4451541318506793
276,0.5359424405248095,1.6305958313504412
277,0.44444645872980393,1.2250684257826352
278,0.5847330527891667,1.0475381698062232
279,0.5448048128925963,0.9888216088559267
280,0.21627114040892043,1.8073989123154213
281,0.8276384554683742,1.2726162681053093
282,0.7229420531214186,1.4908295229066924
283,0.5399303599346151,1.3646948038228572
284,0.3007259255835029,1.562292191235679
285,0.7299776735803439,0.9834077751898209
286,0.4214273361754926,1.4042311449021212
287,0.5167644422779507,1.4017724459153693
288,0.3398408961980134,1.5056204800596606
289,0.5469454082800969,1.3925452650150862
290,0.9384631334288295,1.6919584755503627
291,0.4881425633468734,1.6306256222678328
292,1.2413784370312975,1.6042358014807208
293,0.9399774593237871,1.3163395241686642
294,0.6222317593097784,1.1831906351448485
295,0.5766697266457255,1.3279954011259139
296,0.8519821907529271,1.216049517957562
297,0.3595599297739671,1.7271645250857608
298,0.6577653307389992,1.2099577772782193
299,0.4993736938948166,1.3837903637601223
300,0.5884741037780437,1.6946687339281077
301,0.7024381307930392,1.2186623589585066
302,1.2739871060419168,1.4993014360540435
303,0.8921792629409468,1.3257023951820008
304,0.9893038836031023,1.5074856165302108
305,0.3851601666738576,0.709902128866732
306,0.36828932913317436,0.7816801035012617
307,0.665875578151024,1.0110427964125677
308,0.8232678967619401,0.8249882923223106
309,0.5595611612524106,1.5554628685052574
310,0.867907443977568,1.1273317856933975
311,0.6520105562594571,1.274264999874847
312,0.7976941934746019,1.4187952159432213
313,1.1864251128465613,1.3405113218702769
314,0.5584894040368568,1.603759336756848
315,1.1501327827536676,1.3140837908888305
316,0.9063287766546294,1.6291951186115312
317,0.24528296005283445,1.2250056062856625
318,0.7047397956706708,1.4844607333037658
319,0.7932531466080988,0.8009837277128773
320,0.8576765201890916,1.4109052155812771
321,0.5392229251551388,1.2336981744405164
322,1.335278216505205,1.7124803446039487
323,0.5526972748670282,1.3794234724362817
324,0.49002678540463285,1.797382584460194
325,0.8718162412321641,1.7890186536401078
326,0.5710086476514815,1.173725851072974
327,0.6339537393988866,1.0470537371029238
328,0.7464873953610672,1.1589744445972108
329,0.38125198624809015,1.0841935409708272
330,0.6055146482837616,1.3736190846428618
331,0.5566072090651866,1.151788395938396
332,0.7707255297670755,1.4031593528548014
333,0.8470049030621799,1.505968973843669
334,0.7822937034077199,1.2478171076235602
335,0.49097468487256707,1.2440571263337168
336,0.4660172371313477,1.139405500176614
337,1.0248922106923803,1.2366685308533918
338,0.5048931740238591,1.2800412815125077
339,0.6087400759215595,1.6635913379898408
340,0.9362384917648194,1.0915358247223976
341,1.162143986265808,1.3321737094355215
342,0.551154730402374,1.5993660562319851
343,0.7646409665215774,0.6173636549203874
344,0.9530859264502719,1.220705051938356
345,0.25605865787428916,1.189549444669346
346,0.4089543760707302,1.6111867693659456
347,0.6103522436565606,1.5146549153007802
348,0.33260114740558433,1.4292923268490465
349,0.5209301950970251,1.517684968236783
350,0.26993422760393176,1.5536050143665114
351,0.868122486914983,1.5068803914098152
352,0.7883441926305252,1.3046514077619444
353,0.7545458746893722,1.3787232321823606
354,0.3559817113830531,1.2461471452681399
355,0.4771655042288087,1.8255840953072384
356,0.42147362751324713,1.666572692911198
357,0.5585915393379165,1.2859731026102688
358,0.7696824550901986,1.445229048315525
359,0.37586250039851027,1.112996541584378
360,0.779132405859964,0.7379059362917355
361,0.8475878769615782,0.9512878486201195
362,0.6658698457212747,1.0270312312410264
363,0.5624250750426041,1.4586084945770406
364,0.48752597899755706,1.5239509869757308
365,0.3872654059437552,1.4788447199929342
366,0.24324209895388105,1.1166938364027985
367,0.9679819796090352,1.7183892033304797
368,1.0162971558526361,1.8299643018258784
369,0.7995029621982364,1.37403455828608
370,0.6445835051402454,1.503061169012571
371,0.5386720207082125,1.119433760859897
372,0.23677675614603344,0.8291530790917123
373,0.4187461214509239,1.1827569862277105
374,0.26976330999480197,1.369611632421412
375,0.7822346288650537,1.1544642055016425
376,1.177370478538299,1.452325676652765
377,0.7064488329120437,1.650239157171201
378,0.9910979999017514,1.0397772877523006
379,0.504353755338386,1.3688884158013308
380,0.15645697330185648,1.3609691518959504
381,1.0724133544850125,0.7559918114137085
382,0.7778752814982525,0.9376631266392355
383,0.34799847387805966,1.2015010354265638
384,1.2493779909827214,1.1571955442318502
385,0.44864242951296174,1.0494664272904577
386,1.4556637710610894,1.434227386552207
387,0.8813913291238886,1.371299693268723
388,0.8343298506376319,1.3398554355554806
389,0.7464759084814098,1.7380973174093424
390,0.5972246288159387,1.1712247002093945
391,0.20625433832328066,1.4152735272581083
392,0.5756635271985068,1.514311041430803
393,0.3481760559448478,1.5399584161182347
394,1.222535239545958,1.2405601231736152
395,0.2816221225052676,1.5932984931903218
396,0.7113528460341844,0.6949008750940535
397,0.6901248670811123,1.2537158941520847
398,0.8142508195700271,1.5036786934417996
399,0.8858961869523727,1.6300552944476514
400,0.7311210003006618,1.2702117201385021
401,0.3783935251095594,1.125564520549214
402,0.6436197359254106,1.1826992966245524
403,0.7551704523131404,1.0701585125597335
404,0.6681281925755409,1.2405211432433345
405,0.48518683239147276,1.3189733523173572
406,0.6987918965771472,1.27816375379841
407,0.1999262038993881,1.543773713926603
408,1.1939673654841068,1.223612308987795
409,0.7404986648537122,1.432508102619698
410,0.889139902367251,1.4917982305370923
411,0.503041045967229,1.1205480360074245
412,0.5237678302719859,1.5663149000204546
413,0.3824390730095685,1.75873542125684
414,0.9092928943153239,1.6823119422827442
415,0.5386297567153919,1.3186836834505775
416,0.7164841671329651,1.4342295639001863
417,0.5167829787657962,0.9137396992130651
418,1.432892079584748,1.1581563819662066
419,0.989515825241567,1.6003239516011343
420,1.0868450570256738,1.2133565425362964
421,0.7627448416422388,1.6112367953902313
422,0.24619252237396688,1.6297376221150617
423,0.8811972887902911,0.9994773897784712
424,0.40817401495427297,1.361120047842571
425,0.8202147038547134,1.6737149262983668
426,0.6179078969508317,1.4604428757726358
427,0.44694803599938426,1.4071897041290438
428,1.0219643895818113,1.4459397552945321
429,0.6420308170957916,1.5592161352113336
430,0.25927035251557273,1.5829409792534324
431,0.19648116089242382,1.4309687371351698
432,0.9773137000303835,0.7344240889220903
433,0.3531952444448171,1.2845526846378263
434,0.6595137339982392,1.4824006068238422
435,0.6686548575388583,1.8190467850044874
436,0.9032690563550518,1.3472785646826515
437,0.48216222943314924,1.2414888624630436
438,0.782368118228799,1.2325117195691535
439,0.2903780438340743,1.3728994749266166
440,0.6103326573635722,1.4314342981361299
441,1.1340281188826402,0.9925341735441329
442,0.7311967258448554,1.5144961026600885
443,0.7829126755362136,1.1218597296977402
444,0.41061276872628627,1.5457279685227887
445,0.8585700450004725,0.8386737371600343
446,0.3674635591333376,1.5986961724438653
447,0.5210301418275148,1.3129036100523066
448,0.5462026110731389,1.0703059925048755
449,0.9305956502593999,1.6318391794146245
450,0.8989265913332397,1.0144928518811671
451,0.6440432194439618,1.6014481473296636
452,0.7929959618608076,1.437142534198173
453,0.8184790380357622,1.4229231681763732
454,0.7864190806223631,1.142276040136456
455,0.47946681768899907,1.2014522956217752
456,0.4710023486084641,1.567353627044315
457,0.27114015745860426,1.3800813723044032
458,0.22846150586157152,1.379213703691664
459,0.2781174863979318,0.9820370766628672
460,0.6206120262115445,1.449324491666974
461,0.6573911204417687,0.9854619251425456
462,0.8251312165249488,1.447218712987842
463,0.6076073522175772,1.1153492286321782
464,0.8967595892718163,1.0413712680522929
465,0.7025790568763061,1.3598928373326962
466,0.7886133101030549,1.1448522414149553
467,0.4165418018611088,0.8415014344019585
468,0.6509895289041103,1.524553409809027
469,1.187516385543542,0.8979530203214356
470,0.40177920055788835,1.3445026435637626
471,0.6896042157115062,0.9082780841359674
472,0.48823407339675856,0.8557203866443861
473,0.9928457380747573,1.419343406470158
474,0.6540925461064852,1.0912226688009459
475,0.7930944608398757,1.5639772935181826
476,0.7810271114732004,1.5839926792688077
477,0.5986192469668431,0.8698145895645912
478,0.20604299540674406,1.1335984306414428
479,0.3256515672198511,1.033706675173397
480,0.45937994685367417,1.2596169524439664
481,0.9689614206921578,0.9712265897171986
482,0.5783267784508394,1.0816771458902528
483,1.2594623057435128,1.4423420441939632
484,1.003125468887351,1.5645082909746333
485,1.1322143080766847,1.3928346456252352
486,0.728947988415984,1.473268062704319
487,0.49428953812019205,1.7224667406568226
488,0.300466335259253,1.7011270516895478
489,0.5207167135018747,1.0892108452084701
490,0.6737754456676461,1.5240551762899415
491,0.4014542446105797,1.597621437282828
492,0.9480645051009997,0.9199992465369526
493,0.4547092940631098,1.0040158058446327
494,0.8133249899692457,1.3684968831387896
495,0.5671970861998464,1.3585067811517288
496,0.8054880987457167,1.8468445866834466
497,0.36511418203465174,1.7549072614101373
498,0.4209752034147392,1.4865500807062138
499,0.4001161800460716,1.6688831390067835
500,0.6631358857181396,1.0080261840135938
501,0.7496367957919061,1.1662900243135756
502,0.6870968910228097,1.5034644273459208
503,0.8786501199383725,1.2269316389851013
504,0.9427912760012798,1.304702736538673
505,0.2389010917205036,1.3350181497372406
506,0.2403599224263233,1.3285224686201316
507,1.1000313545580809,1.054032246423596
508,0.6425808624885548,1.0718292902453792
509,0.6951413044949696,1.5523558280104317
510,0.25574353669080935,1.5380306559593468
511,0.9698013728468111,1.6990266231440725
512,0.49020657158937797,1.1552465352750403
513,1.0001599505217618,1.6184815048358343
514,0.616219269234013,1.4905581467796196
515,1.0261497885022506,1.4690179242762627
516,0.8190603707470543,1.5536730932777933
517,0.3482214830626988,1.1094276715805278
518,0.31234472398666674,1.1120145340712688
519,0.7640771684889732,1.2926872931326927
520,0.770947276073065,1.8589203932305125
521,0.3434090085839145,0.9928587921477785
522,0.5571492354700738,1.132592250919145
523,0.7508883480361214,1.112248912742389
524,0.36443433964269284,0.7605256560638043
525,0.8629902473696408,1.1705056962872695
526,0.774888347265111,0.9607610804881208
527,1.3583163476590552,1.4138550452230767
528,0.8394782655490207,1.4151683563397752
529,0.5776700732666491,1.3874210908677356
530,0.7231517076159941,1.2776857854765598
531,0.39103278815964315,1.307713128344619
532,0.5265746358156728,1.4142347608172146
533,0.4687168401830637,1.2596764063354473
534,0.7568421958308577,1.2104811895387853
535,0.4677760765536415,1.5574521516112965
536,0.5954036460235317,0.842299009473066
537,0.43904520661430196,1.4469476063625746
538,0.44585251173530915,1.4167620886886962
539,0.979381258532935,1.4152808652955025
540,1.2748125621686093,1.5478517816224069
541,0.5623358370342726,1.2496050836711539
542,0.7195888175256536,1.6231321230225617
543,0.8247563847916493,1.3448954287419173
544,1.0607338161804822,1.8957286805817133
545,0.2742161255549167,1.0652635027937025
546,0.8521498556865343,0.5744740568961362
547,1.252833749794666,1.3305939502254522
548,0.4242135281215758,1.4412366485982782
549,0.6074056950793166,1.2887692533028545
550,0.4111190845876285,1.4203198821720917
551,0.5359785417589569,1.7621692535792417
552,0.5445534224591614,1.1521343326974076
553,0.49252783175773435,1.652077702441712
554,0.4939514748480671,1.2558708341091092
555,0.9378612973906697,1.5064295980193876
556,0.5339173934960905,1.5558442361752727
557,0.95969567762816,1.4199998139679826
558,0.6671872971055189,1.093029354387197
559,0.7515896786389021,1.4424423122434733
560,0.7060834395171163,1.5684308889954797
561,0.41392787079056415,1.612231199845776
562,0.44979916748085574,1.3748814584696047
563,0.6394696408626033,1.0743763751962705
564,0.21557633046224858,1.2816408231884686
565,0.7831145475958087,1.3788782697422672
566,0.37653998158069557,1.571472038388929
567,0.6510258001836277,1.4945003869818332
568,0.9197856103776676,0.9811653814255976
569,0.4232186799018275,1.598437005663829
570,0.7829483271289573,1.586207289950876
571,0.8525691686434794,1.3957796765710961
572,0.9846338545910083,1.6158719058152573
573,0.7068857132401085,1.513199871250121
574,0.8360575071479714,1.4071496873034566
575,1.088189780572252,1.1827472739976783
576,0.5402260193205746,1.5544831460057316
577,1.1061552921933933,1.4101106011416253
578,0.7177610897956271,1.8664606684872722
579,0.5192708343259135,1.122166713296755
580,0.4223413479921459,1.1826256122295424
581,0.6382398180704301,1.5078815128799619
582,0.9240633799591694,1.1031131279833386
583,0.9753531494053415,1.2792981140520079
584,0.5120755581311057,1.474441900824158
585,0.6362847144538932,1.4135901226040768
586,0.3856331710387582,0.9492816429619171
587,0.771155984571461,1.5314262583895029
588,0.4180748404925875,1.4313812565588826
589,0.8386514859720999,1.3428459674452822
590,0.5208724552257137,1.1645846043102543
591,0.020373547407163788,1.5608957925128704
592,0.2959776194635075,1.0157911297820708
593,0.5328062641999756,1.5420957611886528
594,0.8021990666368617,1.2532960875717236
595,0.6544025666070855,1.2051455522831742
596,0.5173382148279047,1.2547471056099821
597,0.3747465837165364,1.5154749296244767
598,0.8729580058230435,1.0458076780805723
599,0.6201637446705515,1.4941198999656642
600,1.0888384458201041,1.3301472610753984
601,1.0203867755971692,1.7702400860722591
602,0.9918445117525378,1.3776243688255139
603,0.08417325744010039,1.302110849283173
604,0.14857920312122214,1.5585907275602808
605,0.8784442911269742,1.4935188470577474
606,1.0832652497843647,1.3440190616271024
607,0.7614186267531132,1.0712192713174116
608,0.6769468945178552,1.1622412314639416
609,0.3883587799048468,1.64283248914656
610,0.4918061215035159,1.501553116773267
611,0.9142507640835077,1.1369816493684608
612,1.1826709944485172,0.7821414744347239
613,0.5820704000883243,1.330852782969563
614,0.739006848127951,1.555191456044086
615,0.6270760738591012,0.8811948333717718
616,0.8736445908059035,1.5831401853670788
617,0.6755099480219701,1.1131123379541519
618,0.8357588013904979,1.4248264638833235
619,0.33777587218453425,1.324350163175142
620,0.4179213241490905,1.6916952334960373
621,0.26113623264836555,1.0507088937244138
622,0.4052326930077366,1.2923940323843643
623,0.5991539346582718,1.356123736961318
624,1.231383864340615,1.36726490419725
625,1.1857009270654881,1.4569943856852052
626,0.615683391072257,1.6418331475561039
627,0.9115123070807227,1.2750599051992166
628,0.6542153429779463,1.2985496948549
629,1.3173836448938716,1.4011103913731042
630,0.7698884515394708,1.1501730275683464
631,0.5225943533030717,1.2759163498999515
632,0.4720547488976964,1.0147615904844156
633,0.855989434735691,1.4702405560616696
634,0.41460081391819176,1.4024908526839313
635,0.22060853756516197,1.513133683665219
636,0.5048885428971477,1.3296331829349386
637,0.8477947077051836,1.5545280436843438
638,1.5175400774716943,1.3296721893497674
639,1.3811778391383445,1.4835220505813966
640,1.1993221459954067,1.0005573266428192
641,0.7692195469183504,1.8587195630793356
642,0.889946473501345,1.4050799845184065
643,0.9239886436313641,1.1498611199961681
644,0.8098425624750744,1.722474708180025
645,0.3140230045254925,1.5563900707943203
646,0.3812849391443157,1.034779121765752
647,0.4941045708852051,1.3159177409204077
648,0.5330370701588502,1.2088812765062282
649,0.6350854438689268,1.5517353679068804
650,0.6542170589363346,1.557893524113516
651,0.8639125531255925,1.2057110809654064
652,0.16235691427622628,1.7851617459918703
653,0.48420143126258786,1.5677989905627197
654,0.5511586267850521,1.0687015609711659
655,0.7656897403687095,1.675704004901778
656,0.5788884723677833,1.5883711855786105
657,0.8350915464500949,1.6147943578583153
658,0.5145158525551705,1.6390343051707987
659,1.0084861536927143,0.9265610667760138
660,0.632687243588796,1.415785180883741
661,0.6680009621236476,1.6544052523464274
662,1.1267343702378716,1.467402738562363
663,0.44570970642991087,1.2038044118416453
664,0.8004636702204582,1.3320406931730417
665,0.5121316640446288,1.3322294452857375
666,0.48504432507875833,0.9021243438892901
667,0.6050212966153077,1.3012687266914205
668,0.8367262511185218,1.112018752747321
669,0.1596812063287177,1.522976905778259
670,0.4454775472301093,1.5533153341374633
671,0.7002975109214087,1.1763551076541785
672,1.1848485080267845,1.6089856483389133
673,0.9955989023674069,0.9768832935077638
674,0.29912634754453726,1.1702073102439225
675,0.7594197576195871,1.6918660213457022
676,0.6279069758120229,1.0514022750249419
677,0.7558325571869642,1.5288019778673605
678,0.5586150686447643,1.4095429752771902
679,0.2539235940652157,1.1860327735007226
680,0.46981495946782786,1.3314890814606244
681,0.5105192734581199,1.5757602352549134
682,0.7313597859369544,1.5978852312535148
683,0.7569389340341779,1.5828810653074394
684,0.6984123019984163,1.0452375120778434
685,0.722251864616673,1.5393244287985315
686,1.1647323268021395,1.8870916936243727
687,0.7753878068883292,1.54011087844444
688,0.8259674737119913,1.1136076556235641
689,0.6145284436475433,1.5631958672459487
690,0.5644887738152818,1.4307568803807675
691,0.5156509506931384,1.3661298680536018
692,0.814111543768216,1.1305890524505389
693,1.2487981208217043,1.053097005831676
694,0.23300381191740985,1.6394363473156102
695,1.3598786926660384,1.291127208822005
696,0.644207143618489,1.7150315486529406
697,0.6864491443838342,1.1795609149990338
698,0.4961270436618744,0.7446514913017057
699,0.2647775908952917,1.299838342285852
700,0.8825732955875784,1.0506218459903223
701,0.9084271274652957,1.3311016489632963
702,0.2551015434914166,1.127186745302943
703,0.18803899465462598,1.413457879351177
704,0.525557794327488,1.5511419846795647
705,1.0225769627203745,1.2071987446548733
706,0.3928195286186161,1.4721486671763624
707,0.36193458096030967,1.5828726880375443
708,0.602591712889006,1.3901730867448054
709,1.0442810865691607,1.392355957863249
710,0.7591566135640672,1.0550533164640181
711,0.715870172133151,1.3001451220621028
712,0.47164825960934104,0.7425684864929005
713,0.9749384061394453,1.0926682491741648
714,1.0760865407732771,1.4907196567797123
715,0.7735628096857521,1.5139331732349786
716,1.1147925768828502,1.0931662027617663
717,0.8297256086094966,1.4254013057405746
718,0.4955665604260984,0.9422002954495108
719,0.5027027664723575,1.2438722098212671
720,0.6692122970873092,1.6844986993569964
721,0.7352214982135401,1.2047197487114198
722,0.6484474147262036,1.4086583127288779
723,1.1500401191428802,1.4902500294169085
724,0.800574438515426,1.1327761172780981
725,1.0155134776501358,1.1853161433250867
726,0.5762990166681007,1.0555214618943798
727,0.638724602207978,1.5768027082237346
728,0.7963362963936211,1.5365560568899548
729,0.7068784701759108,1.7489252057371827
730,0.3874994003537875,1.1965685575003104
731,0.6529651842955996,1.111865080994431
732,0.6028539954928164,1.4538969994726187
733,0.9001283341641482,1.1527676493610017
734,0.3423094570759578,1.2918211102657602
735,0.7789278434143033,1.3298258177956186
736,0.5063068947091371,1.4366642815854034
737,0.45299087844080466,1.5345435013487514
738,0.6274455124163553,0.9164006824618369
739,0.5830059458785105,0.9052840922413863
740,0.524508106143832,1.0468286111410792
741,0.1637628613246362,0.9454361916199947
742,1.0695673143811413,1.1583281828019871
743,0.7904968559852117,1.1903227983628406
744,0.7935035924104945,1.6569735140785102
745,0.9802627831309323,1.3782238870642722
746,0.6687264128294038,1.5866392732832906
747,0.8282626392229988,1.437744399139795
748,0.3534926853679896,1.4854810939512566
749,0.9576806201601616,1.0046333038038728
750,0.43061000776824454,1.217679430986308
751,0.5124637538316975,1.5444532999359144
752,0.9761635677963905,1.3825823951484697
753,0.6680513546487786,1.6679654560731803
754,0.5570629300318998,1.2026207510782365
755,0.398906593891767,1.4824510366108252
756,0.7826444125974695,1.5662111920622033
757,0.6145682967084286,1.1477433876119232
758,0.643187792817252,1.2024551716642407
759,0.9271495393710008,1.6483261742376385
760,0.6727707334385522,1.737828304741672
761,0.538318204195187,1.374428622057322
762,0.3200751241699051,1.3123460958246569
763,0.5406660506888067,1.157155422993549
764,0.9105974504447254,1.0413335405480537
765,0.6629502663134569,1.4780099738658359
766,0.7745395390738307,1.6801564022842492
767,0.23814975157807672,1.3668755806782422
768,0.4342571261191174,1.7552956812653893
769,0.7862259440915877,1.7879886182117541
770,0.45614062212462636,1.0811965403929933
771,0.9945220134322418,1.3974592505141583
772,0.6055036101584645,1.147665986465407
773,0.9018792199984789,1.0887862869769918
774,0.8227925207585207,1.4795556437103174
775,0.6734105280362971,1.369991084982869
776,0.6763557391200317,1.2936938710098989
777,0.7658620049172302,1.3581911362478145
778,0.6537438794345821,1.471515299340159
779,0.22561114110740776,1.3718737050872611
780,1.2685919176657259,1.6198851265112992
781,0.4341373803951708,1.6879880014428141
782,0.9432858085245782,1.3265521458665737
783,0.4587239159571894,0.7303384475005608
784,0.8681307834283531,0.852406446000771
785,0.4593493282832846,1.9072110958295145
786,0.8735932054376958,1.7996607493358876
787,0.663806362558693,1.2506916381221238
788,1.3782470579964519,1.5401312979872148
789,0.7531783314456686,1.4424213616182466
790,0.857745034111118,1.5474372977073767
791,0.5486999407533492,1.5956008490630533
792,0.9568830740239993,0.735190183242002
793,0.5569257476421335,1.8720362978638014
794,1.0565186657297145,1.5403583468220132
795,0.6669568815839653,1.0483475477753619
796,0.6631230490261104,1.764191699602102
797,0.31968459363418616,1.366138926169247
798,1.2619505597972234,1.7507448884176784
799,0.8652200714898189,1.7908840913176987
800,0.9822123587450665,0.8107796076903659
801,1.022120015262469,1.0889777979474635
802,0.2828295595824266,1.4463653471596012
803,0.6017665037080281,1.5073210590245978
804,0.4909885614839137,1.4803004082001219
805,1.0503559685086354,1.4136626978165843
806,0.6377502495476313,1.4673824446532504
807,0.4220746159863205,1.2970693252800922
808,1.0886940977014634,1.2274863691423534
809,0.6602468298296065,1.2248018394123974
810,0.7065056582921355,1.4506822086277031
811,0.26387452869434264,1.5091661801152816
812,0.47295512271714524,1.848355382103883
813,0.8044934418012492,1.4997906391327147
814,0.76324770443493,1.3600874254585475
815,1.083305824562449,1.1415907175690125
816,0.5664942785049364,0.786942224111731
817,0.28437945243162993,1.1498948307245545
818,0.7130466463870899,1.1451612557200035
819,0.6402900070589346,1.1998104246662278
820,0.5217777612072662,0.9031211043765999
821,0.6891321179778698,1.3770238259624188
822,0.7494657477489618,1.3923250683410058
823,0.33818257413007113,1.1595393632396382
824,0.8633445071583963,1.565454122175571
825,0.2002090273628232,1.0983190894931536
826,0.6455680016230045,1.1085144764473953
827,0.5306439637100285,1.1099358410112796
828,0.833670857064933,0.7961312817988098
829,0.7609866981759082,1.2091522625909605
830,0.5341640776584551,1.0658317681755194
831,0.06380877020499086,1.0556964921866974
832,0.5924635816701325,1.4979726124095698
833,1.0106161721578688,1.444391769685034
834,0.6072701202487457,1.4714592576888166
835,0.8783928784352466,1.5126888100351612
836,0.46266892773485485,1.4028833898293285
837,0.7277954227054548,1.2968408516656964
838,0.6487948171021409,1.1048286327277939
839,0.7991151344633379,1.0054180739723582
840,0.834647032574201,1.4130266194231431
841,0.516734065671724,1.4934937061983256
842,0.5250064894822911,1.5449656118385953
843,0.9750168553590269,1.3829505245309868
844,0.43606923824123445,1.3631308985621624
845,0.7480686829946093,1.7830757365074346
846,0.6374163890629773,1.1007055597031314
847,0.5889864675865552,1.2708398070200462
848,0.6246724108708731,1.661227122041183
849,0.0552867795781313,1.3418239195527
850,0.6658456259499818,1.1596058005064502
851,0.8383194203346265,1.4091140978874734
852,0.6734750325255259,1.3813515489082624
853,0.6168158519588015,1.1299502278287166
854,0.5277114400149078,1.3508305306126456
855,0.7950781111626032,1.3713706942504764
856,0.9540258722850526,1.3981778766763784
857,0.6979292011221457,0.6744149554426868
858,0.6078127996467007,1.4150734823968505
859,0.4328769018899617,1.435752723042574
860,0.2233762920730402,1.5703444400703237
861,1.0237529817044555,1.3392556950967998
862,0.9484067255340508,1.6002493689644322
863,0.3615083453659621,0.8766032438145839
864,0.7129111702813663,1.3372040223750903
865,0.4844446610013813,1.3482676902999722
866,0.4516613134862905,1.3398046965548445
867,0.8829463851623474,1.5074925193540454
868,0.6004862170086611,1.2273275870531495
869,0.7192169559433699,1.4832010718449058
870,0.3319990251715668,1.547051243642372
871,0.8157563021916876,1.6036040269591179
872,1.4585272039950719,1.4568155265069447
873,0.8281730631284312,0.8892590618070442
874,0.5686336620706623,1.118972226929469
875,0.8550814981567777,1.4202816257908804
876,0.4779838941090557,1.6001072357023816
877,0.6121249328300439,1.6307707814001686
878,0.8460383014950975,1.290200563527729
879,0.4232479129562548,1.5336598282469562
880,0.6930696270020161,1.4319525187787558
881,0.7293244422884689,1.4533659598205209
882,0.48520839301985746,0.8373808061662207
883,0.6690380128888921,1.2969527227936055
884,0.5068194447009071,1.504051049550272
885,0.6916278431276628,1.7684529063735992
886,0.414038074503288,1.8722676820196806
887,0.46912194956455894,1.2836212724048215
888,0.37005328275226107,1.2110035735492837
889,0.8946330625086777,1.6199399418849123
890,0.28400035357201325,1.2133948961621894
891,0.3960860204032487,1.6163833992136225
892,0.37696685064135427,1.4537020486790966
893,0.17831678814652127,1.4804001939840163
894,0.5881382683910807,1.5895917400621118
895,0.5503789302474182,0.9975374526223355
896,0.38811905434670213,1.5248073269971885
897,0.814465572550204,0.8411526630767663
898,0.9756703171925798,0.6172624247168124
899,0.5974030713876612,1.220150481314433
900,0.8197278396299593,1.5690680020516221
901,0.6108374385231398,1.3317716375494237
902,0.7796663586240082,1.433876380517511
903,0.6421814396866686,1.2863503357543438
904,0.7271033907658736,1.390349570921769
905,0.2975094409901216,1.0626742313382023
906,0.31677766624263737,1.160280359592548
907,0.44076392551845034,1.4255445561703781
908,0.2952213375577277,1.6358189674594728
909,0.8624095886552354,1.024285586861525
910,0.3345112136473588,1.0395265186319813
911,0.7755280500191336,1.2995985898700968
912,0.5092800290737017,1.3275407654877183
913,0.6663879041158376,1.0085523606630353
914,0.47190510330467655,1.5690182737673786
915,0.29389877834367795,0.775543860464486
916,0.7380390689883324,1.2150707475265579
917,0.8138268379136427,0.8825993855701542
918,0.4990366010929922,1.2258240308263442
919,0.9038771878948004,1.4574211284691647
920,0.5572996086382522,1.3870847302388234
921,0.528784187218739,1.2835066796982453
922,0.9779870005179547,1.4467141464985955
923,0.39772098796560745,1.5291391118531255
924,0.401824591122734,1.3501347336046372
925,0.6844129264970197,1.4324143316321973
926,0.5746249331298509,1.1282343183483765
927,0.7101729480397209,1.731324853653442
928,0.6720989522409104,0.9337246787919518
929,0.3391381667115274,1.7487820339462457
930,0.7442812722292539,1.4020954513891266
931,0.11072683788064347,1.1146562279129908
932,0.6607864142861614,1.7867629713033384
933,0.8269242247646815,1.680168295588092
934,1.0961111373370231,1.353086941357359
935,0.38618548917800155,1.2111555962415894
936,0.44625078214757286,1.6976589940212896
937,1.0180707990902733,0.9008316383367807
938,0.6171069513574898,1.4026818680660793
939,0.23436037226473222,1.424408204437288
940,0.6638648900899535,1.707433996232085
941,1.373047121609773,1.624531807668719
942,0.5021959822446311,0.8351911924785467
943,0.6321257323405097,1.3966026305582242
944,0.5764516056267487,1.1822989617718296
945,0.37194285125908016,1.3897949436449752
946,0.37229788908964323,1.4974976963647615
947,0.46166376599427406,1.684931590344454
948,1.036938117889736,1.6353841920126664
949,0.5851413851176563,1.3613439009359263
950,0.703913046711858,1.5017836457805918
951,0.30539276358476974,1.5334339844376246
952,0.8447204940639541,1.4125616268342096
953,0.7673896558644445,1.4939541009786261
954,0.30417109916115626,1.252395052346213
955,0.355460933739023,1.047732293374946
956,0.725217955982078,1.5870645109070358
957,0.3181185121534908,1.6275880082029597
958,1.2719136757388174,1.0887246783324043
959,0.9161335043353607,1.8774384017365835
960,0.6826012338687981,0.8813827858734262
961,0.63246009231432,0.7950062944194425
962,0.8642173678815189,1.5277790016622517
963,0.5201494536353095,1.3464156202107578
964,0.37713939850501027,1.3027160795622361
965,0.17960803217406668,0.7211760092031856
966,0.7418791941257977,1.4083720493579586
967,1.0208878668678076,1.6958917114478989
968,0.2857490489128117,1.657790663671368
969,0.3971810333789186,1.4938337584376178
970,0.6114489782491195,0.8506516778428077
971,0.7095456018456161,0.7812456615996046
972,0.7133626152494137,1.0820824297466993
973,0.4851116726731108,1.5804552887572836
974,0.6839338310589064,1.653171009866197
975,0.6769448961250908,1.8593983618535
976,0.5719268370297711,1.7883276884505546
977,0.32245219267976766,1.3236394584606233
978,0.3578064538764059,1.5844831751366697
979,0.48230727129891393,1.107856276509037
980,0.2793931980307241,0.7969048293279379
981,0.6313839581269033,0.8033428716920552
982,0.8104839852351174,1.1716185491664004
983,0.715567516169805,1.0341770159799255
984,0.16284475862790565,1.2491768425431125
985,0.994759433620326,1.1920698481862129
986,0.36177042127549586,0.4767861059891769
987,0.8640280569883909,1.0470921385566319
988,0.47326812441852256,1.228049566571745
989,1.100922884678853,1.840271689965284
990,0.6094638946339171,1.7092947456501308
991,0.717393163808363,1.634366636570902
992,0.6812883797240925,1.4568701886951783
993,0.9704051927169948,0.8214874467959905
994,0.7382574544552188,1.5280907097662852
995,0.6978963695083609,1.1767226411987233
996,0.5528813999768177,1.4503232508411212
997,0.7434698016903701,1.346954571093463
998,0.37755718111436803,0.9157365528352319
999,0.5804687851555532,1.470224383341891
1000,0.8415754625812059,1.6739221038786387
1001,0.4990445604722185,1.537070907158994
1002,0.5699327554687219,0.9482199195515373
1003,1.622706795842333,1.6467620358044806
1004,0.31474140647757815,1.2004858699096541
1005,0.48048359818339875,1.4416123487720975
1006,0.9742092792206036,1.48656136355991
1007,0.9532422373045503,1.5085081268427338
1008,0.48255609573563624,1.7398928520468682
1009,0.5749185998105057,1.0088315047237102
1010,0.950717265040433,0.8601273961049978
1011,0.4940611499188393,1.3893698574978126
1012,0.4142371166119746,1.3837851477631151
1013,0.38661128266277967,1.4743860722964657
1014,0.6270456925488418,1.123534012300759
1015,1.1896146966698633,1.4389687273491556
1016,0.17073273728247088,1.3300880413052503
1017,0.3890857890502935,1.5368602475239008
1018,0.691500236143433,1.7573729697594185
1019,0.8199044818256118,1.300455704523055
1020,0.623744672585454,1.5087323198306497
1021,0.6958154484219805,0.969820181380058
1022,0.9486615951188894,1.257028290458189
1023,0.7624942460440005,1.6561800856089004
1024,0.5143986710404639,0.8221129615897345
1025,0.877770633278618,0.6349171169791628
1026,1.0133894143044453,1.2187954845954216
1027,0.3200140784571458,1.223745730155703
1028,0.5063077682470989,1.6956856290630422
1029,0.8051223298045507,1.6230785781720314
1030,0.41319949300454867,1.353798408755174
1031,0.6052338034738843,1.3766161892886652
1032,0.8946072606332587,1.4149142808311268
1033,0.4260727577665721,1.416994306593692
1034,0.5770156719382268,1.3363343962973973
1035,0.9294628550354395,1.0885414277219958
1036,1.0992585184529864,1.6090424691313239
1037,1.0527452957474683,1.3641198080184054
1038,0.7039626978444743,1.193664595870485
1039,0.6064564416981477,1.1006665367683086
1040,0.6087467040648232,1.4489944562642827
1041,0.1588111944800536,1.4350609044923361
1042,0.3465609571878205,1.5106822031639089
1043,0.9543412211468134,1.2725942226856648
1044,0.5328578024803993,1.2671414343194118
1045,0.21985655027352774,1.4055140163845512
1046,0.8206499313601796,0.819976877831851
1047,0.1904029560487143,1.517794862040327
1048,1.2952614141941234,1.268169627731603
1049,0.4748375724805253,1.1158570303067084
1050,0.33420260938911317,1.4614690369159167
1051,0.5541190150104135,1.2432426977227156
1052,0.8640734085562012,1.309389429599943
1053,0.7046104159039395,1.1833851007128269
1054,0.40223343178934284,1.4192143379563786
1055,0.8251851802817858,1.3297048579574064
1056,0.7481660671880314,1.3763687872296066
1057,1.1113749546329943,1.331538510635296
1058,0.5553954898768737,0.8473848714348495
1059,0.9018833558438083,1.2477172321732994
1060,0.8737283284083376,1.372244058358243
1061,0.23490648977386452,1.1019656412517298
1062,0.8659696544712704,1.6202497717392994
1063,0.5077231266285788,1.2123464367725938
1064,0.5983930835925894,1.5893893560917474
1065,0.42858911365784463,1.1495738715629973
1066,0.09473860718048252,1.3794756814774682
1067,0.5465213974819152,1.3772214841745818
1068,0.357089021324031,1.338857198065876
1069,0.46678438408400974,1.5966093153917225
1070,0.4994484824806108,1.165017560700242
1071,0.4574633021533604,1.2652797228982402
1072,0.5882711517666578,1.2844753377933014
1073,0.6296983474350429,0.87532242427545
1074,1.0624598340933578,1.4872991344376918
1075,1.0418040657912617,0.7466284399388115
1076,0.6344629532081829,1.2751984498749263
1077,0.5811264425719064,0.7375189314108401
1078,0.3823729665998341,1.4341458126015758
1079,0.6086617915163097,1.3083817045240504
1080,1.5112007726360503,1.2391397598360705
1081,0.7227814858342476,0.5701372391622435
1082,0.27703788831787446,1.432515720746193
1083,0.8913266334515664,1.1302838355164648
1084,0.16882478612567228,1.2986843201140994
1085,0.17065489958690233,1.3603072715472604
1086,0.8683558364655206,1.4285090214072151
1087,0.40846688496447275,0.9433483893126684
1088,1.3835058025039808,1.448603646271548
1089,0.7085054175548439,1.3072562047603213
1090,0.4173974149519019,1.442542980649475
1091,1.2065585815868591,1.2418823199016304
1092,1.2164197787284867,1.8026909984327903
1093,0.36581452861696706,1.648323042310319
1094,0.5160622541151355,1.2083501027323356
1095,0.916005480782566,1.789629069820531
1096,0.34841283452951777,1.6854713789829228
1097,0.7084895660214651,0.9488787488431334
1098,1.0606545653107247,1.2323025162829966
1099,0.7469050742510824,1.276132079179042
1100,0.9646177935047211,1.4878466130594552
1101,0.45310529132691263,1.20940806033579
1102,0.43009425333483103,1.151702355835289
1103,0.3403396539347743,1.3502990812771465
1104,0.5348100501224438,1.0592689928167078
1105,0.4687559856877451,1.549711503722868
1106,0.6008085267076732,1.1727671882951847
1107,0.7553300629690639,1.6150683855704027
1108,0.7306698728574061,1.3301271332392894
1109,0.6330518034830683,1.1175578208870562
1110,0.602128314396477,1.8471454421185811
1111,0.44769199495110523,0.9854618735678897
1112,0.9731015826575413,0.9307492038323166
1113,0.5438528325173375,1.3658684540762658
1114,0.7017272475086853,1.4438073202821728
1115,1.446183740228498,1.4243925029446127
1116,1.0095311771985416,1.5471812877454965
1117,0.4968810569691203,1.656077590483262
1118,0.9577484962320214,1.099087941851103
1119,0.3690174085366341,1.2730233391468526
1120,1.132550473132383,1.1729005684382774
1121,0.7367645738542181,1.696477454882257
1122,0.9158579664996033,1.5350794362637792
1123,0.7482748146466633,1.3100011000787544
1124,0.45939477845440785,1.4525889134074816
1125,0.2630840304028683,1.3498127866752982
1126,0.8851275223804248,1.4667664345943228
1127,0.9588235194480775,1.3985864695294876
1128,0.36388936481412715,1.441555669365603
1129,0.5153533377443377,1.1470992161558047
1130,1.4705057247386357,1.5935534165850527
1131,0.5963459827925818,1.4829107961969843
1132,0.6463173936185802,1.7700540602506825
1133,0.4599285374555722,1.3856948663030453
1134,1.1818754572280452,1.4983326748418555
1135,0.8547324140472728,1.3838521332961555
1136,0.7126546795333164,1.7896714268179679
1137,0.883518516907771,1.569810081240412
1138,0.47156145762601215,1.6206260336448355
1139,0.4094396703301002,1.2247870601041924
1140,0.4984739266192727,1.2438085086727635
1141,0.659254939980001,1.6232314646243036
1142,0.5529668105873554,1.6309011828838957
1143,0.4347105339223758,1.4775100968907813
1144,0.6165523597461995,1.0895399695545005
1145,0.6641474805387086,1.1495850707694708
1146,0.5721645009934947,1.1630769735602606
1147,0.6977125474520995,0.9159262985601138
1148,0.7408980758901321,1.2586680412828557
1149,0.7266163544223703,1.3751007462753546
1150,0.6219316872037601,1.3731169605952416
1151,0.1800606184642996,1.7138616587272941
1152,0.8232017836648069,1.8540770286498103
1153,0.9913212209260571,1.3811381407974292
1154,0.9661668144516907,1.47466700167988
1155,0.6662575700251568,1.0239603649921605
1156,0.950564897887426,1.7939762678198345
1157,0.4668900172948561,1.5963341124775825
1158,0.48490316498395053,1.4045804376638773
1159,1.1859646828429624,1.5333563773133019
1160,0.38721586371749955,0.9543285597775348
1161,0.7658538835380295,1.3302109331330851
1162,0.6322882722639568,1.511032506684134
1163,0.09690378099122818,1.2501515030221755
1164,0.7000051415644776,0.9475924704315215
1165,0.6721942847459875,1.1934661583428485
1166,0.8745013999743645,0.8860957425950842
1167,0.2563993323984775,0.9925292242553161
1168,0.6585349586720944,0.97827451585235
1169,0.6903394151045268,1.1289505979735912
1170,0.4233631460925081,1.1791846399850887
1171,0.5889015558275085,1.610516806646267
1172,0.4099939510233609,1.1184030176582267
1173,0.8371712482633082,0.812125444844467
1174,0.8162769856671059,1.687113670523777
1175,1.2931519431491865,1.659415183343756
1176,1.0742245113397493,1.6239795671776718
1177,0.5500243394517951,1.3623599012564838
1178,0.4484088985446068,1.4681213311612464
1179,0.9467651155155444,1.1177346718467276
1180,0.5800420819361686,1.1390828840639435
1181,0.5183676046404301,1.547409943152364
1182,0.3896070019805092,1.0643713395619079
1183,0.4391568249650139,0.7000102988722634
1184,0.6808472239012315,1.4072552294681682
1185,0.9912931471362085,1.367201229550977
1186,0.5077680545201108,1.5696077921098572
1187,0.6743652729384707,0.9744444887561792
1188,0.514252928526366,1.346245487008217
1189,0.9885197233114459,1.1476572881961926
1190,0.725976316299571,1.6187892996685733
1191,0.6843537936939149,1.3586046188174716
1192,0.7770377958784722,1.2739861637065961
1193,0.3134761069261161,1.216108810485406
1194,0.9428170810406216,1.8953447421955902
1195,0.15524350659525019,0.8862966632358009
1196,0.4381597342999444,1.619026371551029
1197,0.3511277932251387,1.4586257524265238
1198,0.4169841108705523,1.0836627453382062
1199,0.7815039877422193,1.1479315222786266
1200,0.8631886822817635,1.4339843904856915
1201,0.4989666122002433,1.3008397850230127
1202,0.6734227635392658,1.2955320874375638
1203,0.5619696766293685,1.3331302879651636
1204,0.258077083526134,1.8804069701965904
1205,0.7081758256192863,1.8141148412289247
1206,1.069844691017036,1.7600749137506848
1207,0.9194668005145917,1.5721113123895094
1208,0.3659538399966919,0.8933293915315974
1209,0.47625550089147106,1.3574142783776748
1210,0.8847661725014325,0.9506823066469781
1211,0.7009843500415917,1.547411022090111
1212,0.8657047166239517,1.412584131789998
1213,1.0230197584578986,1.4373084955460842
1214,0.6505289908584554,1.6115635546056766
1215,0.2627207868294299,1.4104675886868394
1216,0.18105942366051275,1.327978727133863
1217,0.5774823584272716,1.7058517733285496
1218,0.3581683459072287,1.1092497828622383
1219,0.3266697229241115,1.6518641526287698
1220,0.4404906710784094,1.4637974490422954
1221,0.5772555689191686,1.1008060094754404
1222,0.6427493262956342,1.1676319499116996
1223,0.8975152545853436,1.4507553816714946
1224,0.5751716513819146,1.1985176250917067
1225,1.0130335154686405,1.49103177918548
1226,1.0939921962538168,0.8856895867324999
1227,0.8238675675413358,1.3221224415227155
1228,0.15300254887481424,1.4045590256109302
1229,0.2497412886854594,1.7138290110282526
1230,0.5115338529608793,1.6335523825326883
1231,0.7444257682372583,1.7124115002014948
1232,0.5375937049191686,1.343400919015291
1233,1.1178246216187708,1.3763171917023598
1234,0.7426477527740044,1.6647578774943363
1235,0.43653805110505395,1.381245845894023
1236,0.2462022454376568,0.586065252273589
1237,1.1378222627482513,1.6763453927121528
1238,0.4904760893989626,1.3600750610060488
1239,0.06549989904238962,1.542285727640016
1240,0.7736176076617673,1.5982484512087987
1241,0.6753171922312147,0.6012482783318618
1242,1.1286399470862067,1.0059129721434394
1243,1.036885807204649,1.309026124402299
1244,1.1359713396735034,1.4814714555375954
1245,0.7135986580476026,1.6188804066709845
1246,0.5587631904158347,1.5932996123173266
1247,0.7950041641458093,0.948528089602515
1248,0.7379395955523107,1.2806492253941015
1249,0.11163039685955017,1.2595806498867255
1250,0.3822519946295571,1.2669130469446992
1251,0.4433449449013995,0.8088580213412688
1252,0.3294224604844827,1.2321991356563315
1253,0.5013319221657441,0.9678016499038296
1254,0.9876346981047538,1.6051678750933744
1255,0.909070751781621,1.4548862919407721
1256,0.23000304796353527,1.6296852109155358
1257,0.3896433773908192,0.8715436871629703
1258,0.4480807046635136,1.3529566480539115
1259,0.7606986256676381,1.5246774686780293
1260,1.2628828200763542,0.9939285571938881
1261,0.48939417163276305,1.6354648237226537
1262,0.6814719403238845,1.3032117876964873
1263,0.8249507515872507,0.6362609617094817
1264,0.21005120647988731,1.4326726324304733
1265,0.5470408840058889,1.0390787815691431
1266,0.450249071389554,1.4959968558820074
1267,0.6294005289916521,1.3000333602680842
1268,0.41665987779278346,1.3143749866141878
1269,1.2398007476022428,1.1097801791925404
1270,0.29982723250113896,1.2840815244636765
1271,0.41783286852917756,1.3404611516883085
1272,0.9605469349893834,1.3394191958783157
1273,0.5474093260357912,1.1591368672865816
1274,0.8759151128880752,1.31724099559214
1275,0.7435934791563121,1.6183618424233361
1276,0.4656669873423615,1.7704583150975888
1277,0.33183501144786576,0.9576662830553364
1278,0.8789670296577398,0.8465672291595834
1279,0.674168503585028,0.8166942341448413
1280,0.18287317455313426,1.234867395423076
1281,0.879582519833486,1.5068615697543115
1282,0.8434486842367283,1.4533423172676492
1283,0.5537600976244351,1.1672308304103634
1284,0.6972237123899114,0.6774466738487555
1285,0.6156943218808042,0.9569481167930549
1286,0.36170859184317267,1.2371987694663522
1287,0.6027051847078235,0.9713634174314025
1288,0.6114837899846088,1.182027915149483
1289,0.43523555467678515,1.575050496483648
1290,0.587624501099394,1.5861177346569717
1291,0.5119931208908415,1.5273723807738278
1292,0.8138322049183216,1.3299237944721667
1293,0.6854846690267439,1.4662950310869807
1294,0.4032613496811399,1.3331390397197063
1295,1.007358463110308,1.2246604246492616
1296,0.4107102027093036,1.2581212225097411
1297,0.5046218226166317,0.8359226438678866
1298,0.26821998714401873,1.3712942977600397
1299,0.6877489325313971,1.1052795767360368
1300,0.6201028852505008,1.7146825289361005
1301,0.6084682774006325,1.3475427878157553
1302,0.4669751506969606,1.0358692814534598
1303,0.658742897885324,1.4087791790818158
1304,0.4794412665064436,0.7747581560636072
1305,0.6603659598291389,1.4190175653770996
1306,1.004097759688686,1.2495304864022831
1307,0.5864016955299185,1.3631848967701388
1308,0.6729951557942647,1.4840719084384177
1309,0.1879543674828201,1.3586033345161819
1310,0.8854084288213102,1.2795051261406112
1311,0.6226177868008754,1.5815890230689835
1312,0.21593239082627974,1.5370708645364837
1313,0.5986331251579379,1.317668407376529
1314,1.4486845833072728,1.0600335891563906
1315,0.6962787532640564,1.304884042386551
1316,0.7538156701852764,1.0992128449121312
1317,0.363555582716266,1.3520909199665565
1318,0.4890240460297775,0.7226669721282297
1319,0.6803746751353774,1.0854853504429776
1320,0.3293782294628393,1.4040304436595594
1321,0.5623313726294783,1.1833665510420552
1322,0.8562647679172881,1.075997678161705
1323,1.4858649663556895,0.8055152199229891
1324,0.32635038340440226,1.2611905504540681
1325,0.653388835853941,1.850877227028229
1326,0.84460993648205,1.2416436480952902
1327,0.7719527069822485,0.9448061117598945
1328,1.224660675869728,1.538769705975307
1329,0.41304014087769897,1.0925937675860107
1330,0.5503876770900384,1.393858076169179
1331,0.37880917056017577,1.3904459963182065
1332,0.2884128155479497,1.352962162273017
1333,0.7605025224428501,0.8110808749102298
1334,0.1125407269917939,1.5107443007397383
1335,0.6887940551088468,1.6450268740473009
1336,0.967947388854093,1.5300320911501912
1337,0.10163377908118733,0.9222226222070551
1338,0.5698251711006496,0.7272944721101249
1339,0.10285367992648722,1.1262473159337487
1340,0.7841232944000232,0.8553884056983927
1341,0.6864461154123186,1.756829854775206
1342,0.4778380242082428,1.6642924010713624
1343,0.4046737075186098,1.317182842706461
1344,0.7173470362373976,1.7412820668009297
1345,0.7386784981448157,0.8338985842705626
1346,0.6855133443186335,1.3847412123498843
1347,0.8670369586163515,1.1740639232847567
1348,0.08518301227142297,1.161812905764608
1349,0.8435460143739612,1.7002664110235495
1350,0.753519400258347,1.3581474926670651
1351,0.4441231931347434,1.7053715599850632
1352,0.4346488526263622,1.314091180318989
1353,0.8275569312990584,1.6246606685445228
1354,0.9407952175602662,1.57661719256146
1355,1.0761208288009163,1.6952843962529878
1356,0.48340305656558974,0.6652750571969741
1357,0.3675113656969423,1.5999648354141873
1358,0.5644204813316941,1.6814298645939068
1359,0.54763133975881,1.4203911168995047
1360,0.5016917815989236,1.2759006817475522
1361,0.656532790090482,1.5992332046612523
1362,0.7304175453384694,0.9897260970880539
1363,1.166846125853186,1.6784151525517046
1364,0.48955222270394777,1.4034191990286962
1365,0.677361954284906,1.4878543821496104
1366,0.7365948203986118,0.9070804649495146
1367,0.7095645171291144,1.088061162035109
1368,0.5816236056567686,1.565248247517397
1369,0.6677252558454754,1.2439409944834585
1370,0.3427937107563935,1.5775214773098254
1371,0.49528307744838396,0.8371780463283942
1372,1.048283783586694,1.74474451571764
1373,0.39326298432624307,1.2344537934588624
1374,0.5893483025292507,1.6761961587808358
1375,0.30223365782291906,1.7252546006090954
1376,0.7736328121283808,1.1350243618022557
1377,0.7100691590644813,1.444944546724584
1378,0.723740291718484,1.6778395544861873
1379,0.7958377469019593,0.886828415812883
1380,0.7262515423296357,0.9238953207428973
1381,0.5660591925522948,1.2704261877961152
1382,0.8194598492208278,1.5193105454945512
1383,1.1283779988384208,1.1372782603597393
1384,0.40171763635822555,1.3608080990589635
1385,0.9034476548817647,1.7233796884743264
1386,0.29338453921647994,0.83772774495306
1387,0.5963508983227651,1.3107140975819336
1388,0.9319422062283197,1.5970755228527596
1389,0.9128539855879754,1.2735287752913593
1390,0.15025983788980418,0.8760269430226462
1391,0.8414711403434929,1.3764362301003126
1392,0.5384649139613579,1.6002414220284564
1393,1.2195806023535956,1.3194270223458806
1394,1.0357018582165705,1.393492244923186
1395,0.6970680954383889,1.1365857461323507
1396,0.4822127161325265,1.6073769608262196
1397,0.9247615277294702,1.6765123946263292
1398,0.7107071983200454,1.8275328019753505
1399,0.7695278788346815,1.8029366112737388
1400,1.1123100696225194,0.7921437596370309
1401,0.5602645062242491,1.1853959514012675
1402,0.6547450378575181,1.4685341686240614
1403,0.6012860640547348,1.0934869498550823
1404,0.8138013732228516,1.1500807101468562
1405,1.0252580999205227,1.4669150216605926
1406,0.2866760859501697,1.213390678171593
1407,0.8925430832037156,1.1881942097618388
1408,0.4775977820152853,1.6806951630281268
1409,0.9505992045084732,1.558829549801286
1410,0.44742579316752334,1.533202154638627
1411,0.7147313999711239,1.3675304914914093
1412,0.4657572859669996,1.3263148403241842
1413,0.09273574326714847,1.226680804547613
1414,0.8694548871149507,1.2152491892773387
1415,0.6617610607257771,1.0405037671476545
1416,0.6573256501828284,1.1606434959724414
1417,0.2716776916142799,1.6169694837366846
1418,0.31077240293744995,1.0854252301481115
1419,0.7853291511792226,1.1277795920185345
1420,0.8982014172850331,1.2685756192190176
1421,0.6449275763963837,0.8485310279400533
1422,1.1689265115853142,1.1096118187233963
1423,0.932169967513095,1.260665740814558
1424,0.8396299897664055,0.6426338216663281
1425,0.7928731900241759,1.6615673699010987
1426,0.6599721268775728,0.851340912374084
1427,0.5558094935776837,1.0276633665332913
1428,0.2730653273371986,1.2987389217640943
1429,0.6946222378247587,1.3742942850525566
1430,0.2895505717757824,1.1617134810677663
1431,0.4197503038030008,0.9196089501842435
1432,0.4599485662859,0.3248559060529157
1433,0.3080205527295367,1.400309603218617
1434,0.7941710463953772,1.49120618818122
1435,0.314642511110015,1.0244384596059826
1436,0.5269150187600506,1.3096311152766718
1437,0.6295154939319334,0.816339280464903
1438,0.8248215661504836,1.5544544980479904
1439,0.19372483832423845,1.6278471752094488
1440,0.4841627306642923,1.650783271664332
1441,0.7270619421790271,1.4259865156596472
1442,0.20142430995423527,1.3051372314469027
1443,0.26311411987201205,1.6607442600970614
1444,0.5824387958939368,1.5367779067165046
1445,0.7231042856840196,1.4092360332616891
1446,0.9870140407143307,1.3437343199043266
1447,0.8271214751696261,1.5683501257083599
1448,1.155216100990378,1.2652838787871539
1449,0.8637106038657406,1.229788077025031
1450,0.998712799345484,1.4948077433849574
1451,0.18454828711350227,1.2939036223919145
1452,0.3434499955681934,1.6012067502093053
1453,0.759284842135832,1.7276710097749985
1454,0.6892041852857488,1.3214949503759301
1455,0.24431173277213325,1.433621223658165
1456,0.5001675523226292,1.6476737322466832
1457,0.3521353889204631,0.9412973496284147
1458,1.277979857202591,1.4226456979103665
1459,0.864726158051688,1.3960227686604587
1460,0.35032111255352383,1.2335103674905663
1461,1.229921381195498,1.0078350095179052
1462,0.8264038491423681,1.8828742065801696
1463,0.6746890748070946,1.1462982534137476
1464,0.5838411041808267,0.8040845522320261
1465,1.0351303152970681,1.2080536687619428
1466,0.5748438471513838,1.7296941878179228
1467,0.3589326031097591,1.694613683643634
1468,1.1426875833291616,1.1651969126494928
1469,0.5192634036241424,1.3842014469150732
1470,0.7409110279422266,0.8611647776774782
1471,0.9337022228555093,1.3468657343185089
1472,0.43397412360547494,1.155293580924866
1473,1.3127819148448436,1.5690026126012486
1474,0.45064160581745666,1.0097797899983532
1475,0.4374706357532791,1.1941071659860159
1476,0.9098197333948513,1.8334512261115372
1477,0.40975449881709314,1.523021869796887
1478,0.418935243822667,1.3345073793892925
1479,1.2063068043333796,1.4182835570922516
1480,0.16548228386510833,1.5204670489303294
1481,0.8000997196761443,1.0472749781127917
1482,0.8568295784202757,1.1300862909120335
1483,0.38309498125566693,1.1546008655022417
1484,0.2811086372878249,1.329839502704643
1485,0.8150110953968448,1.2964477285691598
1486,0.21182786625991534,1.2282633756055645
1487,0.29051112977418875,1.1072573169382505
1488,0.6996749807788893,1.6829619722302513
1489,0.7204427214239225,1.8340929651802529
1490,1.2219131717696758,0.9879935957946784
1491,0.25329755269373283,0.8626788619242953
1492,0.376115405371575,1.3049139621257375
1493,0.5989022699194337,1.4989013361902515
1494,0.7411099926561185,1.65999639480968
1495,0.6551352681783201,1.4879816917967355
1496,0.3658216825262271,1.4914368177637112
1497,1.1001510127973733,1.7379709698494579
1498,0.7214365911344326,1.061488719454519
1499,0.10091162286761005,1.1621092608976729
1500,0.31583473434391096,1.476005319157792
1501,0.7362925639496792,1.3529825573130243
1502,0.7276767270580862,1.2412431012740068
1503,0.4299000019425167,1.3362650866451196
1504,1.0402594764726498,1.4556460441510577
1505,0.753377971644683,1.1116896932784726
1506,0.7459520300256751,1.7325438966028706
1507,0.3613984418247959,1.3370506948171808
1508,0.656130854249661,1.311401100416691
1509,0.6206988200372887,1.1121166447871609
1510,0.7840059395591433,1.017878352634018
1511,1.0843892095271501,1.279212011525439
1512,0.40387954545388,1.5075164771743115
1513,0.8367148875475586,1.2787714058302226
1514,0.767893509198891,1.0276923799297693
1515,0.8581391641749528,1.6783830713499546
1516,0.6287550698752205,1.0441013602105587
1517,0.5825564675680815,1.4210898869154724
1518,0.5366432590429124,1.0171947576768399
1519,0.23187037499482588,1.4832505894691859
1520,0.23177418828098312,1.5239505194163896
1521,0.4113146682826078,1.4009613015180846
1522,0.3799362239774997,1.5430671043319732
1523,0.5726527692367153,1.6580405398037974
1524,0.7793663636470318,1.7116347081925707
1525,0.2914476850684693,1.2220261546089035
1526,0.4574754781693174,1.3701345317772406
1527,0.6374085387619565,0.4866300969315758
1528,0.8293949749038351,1.2952350023969095
1529,0.25776508792808905,1.3520612633676965
1530,0.3739482970928569,1.258221567607753
1531,0.9175866664883757,1.3778522050665232
1532,1.002875834580041,1.1268011103080036
1533,0.4750190837185294,1.0720111412295028
1534,0.313172768053295,1.1744413256808253
1535,0.4808430987952409,1.3461297945624533
1536,0.62692114372492,1.5165189836743607
1537,0.2898429587147086,1.679054701227374
1538,0.8369987189599921,1.4481518828737012
1539,0.4714913952973679,0.9223867293437908
1540,0.68674523760491,0.909307681711077
1541,0.5658170982069893,1.605224879622917
1542,0.6059734409274942,1.3644019263587883
1543,0.388646333059325,1.4453108504728145
1544,1.223725672465176,1.4295216934264192
1545,0.2227746752721721,0.8398589691544422
1546,0.8302364475684536,1.2021984882243413
1547,0.7214599021387607,1.621165671601008
1548,0.29386982156732755,1.2969001291705493
1549,0.783104439841576,1.1442931594793557
1550,0.7101440525014873,1.2229313274574376
1551,1.1496707503917496,1.0348592922756197
1552,0.6031951656256576,1.1071418809478255
1553,0.8621053106166827,1.2528555252884028
1554,0.660356994938819,1.4968210523488097
1555,1.441051102318381,1.7537331315235216
1556,0.9693814789197331,1.1764272692681026
1557,0.6843969660916958,1.804642898585996
1558,0.5250166417755106,1.3203006990078539
1559,0.6858944803627827,0.7443881093772329
1560,1.4545478004202226,1.3849026228678285
1561,0.5927133467870247,1.1912195399999923
1562,0.6547726834829933,1.2470250917523087
1563,0.1584861043233625,1.376663088350178
1564,0.5623140271719133,1.5028805876044213
1565,0.877140450760537,1.5557856413164506
1566,0.6693960617520658,1.1898046586501174
1567,1.0889652772617568,1.2049703125009241
1568,0.5996104607464059,1.0467615083776436
1569,0.6868381587490803,1.1499506648351392
1570,0.8873754604082581,1.7373754100464782
1571,0.8223771272551755,1.080555187558728
1572,0.5319545820245957,1.8023971277255642
1573,0.5058195099063845,1.544419603180799
1574,1.3522031812288977,1.5272142365306438
1575,0.5347549653661697,1.2223332712607893
1576,0.9790921798677676,1.1077932478924133
1577,0.48811290079571,0.9064397090671541
1578,1.172005765749285,1.231376242538319
1579,0.677285938106543,1.4231874405641767
1580,0.7802140414045592,0.7402333615274166
1581,0.05119054239958678,1.6517530482676268
1582,0.2961445960587091,1.6373767681771434
1583,0.9197726524022449,1.275953885144777
1584,0.6658102825441314,1.4928452866677207
1585,0.9028018143115326,1.032452307145813
1586,0.639409517276105,0.4734759382793219
1587,0.7886164946306412,1.664142364833182
1588,0.5140272086415614,1.4058544462839278
1589,0.3285702940653966,0.9458186055081776
1590,1.0127366965085656,1.0768342305565444
1591,0.0689446752470113,1.553921919787266
1592,1.4148698096586703,1.4663751100629656
1593,0.26044356506779287,1.5228917359719547
1594,0.5241429204972327,1.1542026738665134
1595,0.26903256437839435,1.5592836966638841
1596,0.6672088207746079,1.6198850683189696
1597,0.5857019510614767,1.0075298775836443
1598,0.5244351703909956,1.4634293947880312
1599,0.6422743676895974,0.720803643709963
1600,0.4854478196529028,1.2460634426235613
1601,0.45002756170302105,1.4058916877683185
1602,0.31284662842855954,0.8571876668995737
1603,0.29581108787995614,1.330753834393402
1604,0.589959261326472,1.8308278398578408
1605,0.7536054117283816,1.0495599537006237
1606,0.44775585614324154,1.49559988210319
1607,0.2861466481355962,1.835651762444325
1608,0.715364381142575,1.5738978427131696
1609,0.8274078647318467,1.8682564360215654
1610,0.9074301817612915,1.6634396469177206
1611,0.44534108545535817,0.706032651476485
1612,0.7812217522533137,1.4043466848087325
1613,0.14134094564793181,1.7177527077612402
1614,0.19796690449852059,1.9457200399597399
1615,0.8475502917218308,1.1083004623376036
1616,0.5110904846586143,1.0606087915762106
1617,0.7256025218541161,1.3528640398416523
1618,0.5615021695257846,1.2144098197089461
1619,0.9763892884622621,0.9361617967867293
1620,0.8658946965438802,1.7484625393756725
1621,0.5002267362443458,1.223297214170068
1622,0.8227976430736782,0.7636036332802123
1623,0.2808556147593085,1.1077584576575248
1624,0.037361686364085316,1.600707493622358
1625,0.8186020138071963,1.293760018430825
1626,0.7598981737390009,1.7534209969540815
1627,0.8255268544424287,1.3475966694945183
1628,0.6464738868995161,1.5362081977342938
1629,1.0984275273029322,1.5737093275490817
1630,0.298589520576642,1.555529501651142
1631,0.48240310528227953,1.3924673520601654
1632,0.6543568322646347,1.4120433082728567
1633,0.832416208422231,0.7995260664168711
1634,0.3166091118616548,1.7031293317797744
1635,0.21474522668506588,0.9870710544726231
1636,0.9746848215178388,0.8078665171467851
1637,1.045645248572752,1.290651640633517
1638,0.8820116440573321,1.2497566874569337
1639,0.8149675840163971,1.613715865041932
1640,0.8998479355999901,1.550604266859858
1641,0.3644494147517596,1.689775867700623
1642,0.2714428053742213,1.1874142091623732
1643,0.7554733359328201,1.2056512656459915
1644,0.946329415478829,0.985211221695335
1645,1.028599893119427,0.9186894208490788
1646,0.39467120547002466,1.4669662280031006
1647,0.6127443668767425,1.3581461258905319
1648,0.8552372289255965,1.0487926316413259
1649,0.5800142697350935,1.0354268945930831
1650,0.8489121870221165,1.4690239101790235
1651,0.214325403900501,1.1807800785378861
1652,0.34804362557071483,1.7494229606512175
1653,0.519745669107997,1.425244037202794
1654,0.3764169967107844,1.1688222724382489
1655,1.2401153126881406,1.3613665366560461
1656,0.3487861145612847,0.990955416942481
1657,0.6067335001821438,1.1648758252328406
1658,0.5807763621574389,1.3430343438643007
1659,0.7995484475323008,1.5934969592917807
1660,0.12076069081972006,1.3174967069475032
1661,0.44455862328398843,1.125368648416603
1662,0.3569292454112177,1.295324936097935
1663,0.5467613565156995,1.4521344918669206
1664,0.4463848889468246,1.0036036867753872
1665,0.5588075062106299,1.3873576727241712
1666,0.42151369838730135,1.3162935050049516
1667,0.7595255363044736,0.9562027318391857
1668,0.43946493834142253,1.3023690397132235
1669,0.39819142188382917,1.2533030663005955
1670,0.6303135820133762,1.2931472135465134
1671,1.3358097646390212,1.0082769454094636
1672,0.8031845474177638,1.3805129854093368
1673,0.28514174798475095,1.5621597628411987
1674,0.5912996095906651,1.49372735114353
1675,1.037876467681882,1.529369798519963
1676,1.0984587455214492,1.125475883873236
1677,1.0793276819587654,1.4083807529111634
1678,0.29227931117658285,1.2645725683633953
1679,0.8489164394904286,1.312641278331376
1680,0.9167178959222787,1.5367459735526836
1681,0.3404487055641506,1.8114109089076944
1682,0.5263127468997452,1.7045347948313
1683,0.20401948064192008,1.5252068793961666
1684,0.9064548304228421,0.9529425098129876
1685,0.4708732092650818,1.7861472362187667
1686,0.6537415291357509,1.3819634634695004
1687,1.0390551758444944,0.982561087412088
1688,0.19453654511251714,1.6686618334860337
1689,1.086196861091653,1.6184434343224394
1690,1.223034710515624,1.1941117322231896
1691,0.5062257949779235,1.3982343429924775
1692,0.7408994907258509,1.7101593873092182
1693,0.60708306154049,1.0856893167637325
1694,0.3490237848208258,0.7157508237851953
1695,0.11864360666226464,1.1377438999713498
1696,0.9917994171167306,1.3996121499022285
1697,0.6567943522394357,1.063316766336066
1698,0.56023131303655,1.195079463424377
1699,0.42080777584847173,0.6815231076497497
1700,1.2577934367108756,0.8546893940252065
1701,0.5581858709927592,1.6545810824319185
1702,1.1008490713991128,0.9169844065231092
1703,0.6069709692667815,1.1367527914139672
1704,0.5675389779268731,1.3340174127796143
1705,0.5299678917335018,1.5104798816719853
1706,0.5187729767139038,1.3533979800895843
1707,0.3767698253012854,0.9504453010788039
1708,0.3269605542825202,1.467548912624883
1709,1.0067435065480776,1.433654771348078
1710,0.7242748775517346,1.6704598376958197
1711,0.39011130163389396,1.4359670680287628
1712,0.5521586963717108,1.6739680352380966
1713,0.8558988497122118,1.2595609890043549
1714,0.5871882248974033,1.2139225021250017
1715,0.365790400702333,1.2051618219122426
1716,0.34355167351408344,1.6920057711004317
1717,0.5649624941106406,1.1141098003623036
1718,0.24211326350390905,1.1968607635496906
1719,0.6653666039152615,1.234965365924657
1720,0.41306068138673707,1.7324521936026147
1721,0.6855233435843453,1.4137965181906338
1722,0.8715166598474952,1.6481419642015358
1723,0.382567225642772,1.2617626180135333
1724,0.19016870820339526,1.718102095466906
1725,0.82879471906224,1.1702160473717256
1726,0.6167603749478352,1.5811072064527676
1727,0.8576178255760286,1.3866655121392557
1728,0.5708275707679802,1.3458438264354915
1729,1.019275455941424,1.7137497570563285
1730,0.49822466261637804,1.0262007850295602
1731,0.3409532715767987,1.1935734898914276
1732,0.8258123930983966,1.0000119350473786
1733,0.3630500880200649,1.5629424230912885
1734,0.3926982457603292,1.5774002492590258
1735,0.7958766703127871,1.4155143133704646
1736,0.6042684589354373,1.4084327847637996
1737,0.37577795830360483,1.1588777592805266
1738,0.3197561880128327,1.7860491137217984
1739,1.0571861209925704,1.6917538655945195
1740,0.560664388736437,1.5336341248472776
1741,0.6262309327185356,0.9446854941202152
1742,0.41393135712268264,0.9717775546627234
1743,0.7890762069823763,0.9644707240537584
1744,0.7284250755664111,1.2456696420208715
1745,0.38310809364750603,1.5735760954180933
1746,0.6680345722158217,1.6600094516598736
1747,0.7715832488460914,1.3635554473215286
1748,0.6874588730460891,1.1028297140260632
1749,0.5702537483490834,1.1028896914775927
1750,0.8876592214925424,1.3054132428273295
1751,0.6537519307578579,1.4897976384553058
1752,0.4736505911315695,0.8616993322489268
1753,0.3686260079555222,0.931218041824911
1754,0.6341723476173413,1.6591343131498884
1755,0.5758657831870492,1.561924884722889
1756,0.4630775897519004,1.3708521842558163
1757,0.521923926699301,1.3276742608255674
1758,0.5160521668827239,1.3301538696084736
1759,0.4504594564950621,1.7153909133043803
1760,0.4991969215237152,1.4893821209731244
1761,0.7863704843247397,1.4356483062639962
1762,0.6035797006953045,1.225529049067681
1763,0.21051835890147155,1.7259620170381686
1764,0.3984550256237322,1.6870035706605104
1765,0.634528461960028,0.9807450112534537
1766,0.7854379993265648,1.6393532414348786
1767,0.9268842005265029,1.5896543985606133
1768,0.8962535380297652,1.661415752288276
1769,1.0089908278900062,1.1957102692547399
1770,0.3266459349570479,1.2573686955389816
1771,0.669970394730949,1.1050566410499947
1772,1.2565217406056552,1.1764733353160106
1773,0.5807970060377958,1.5238556459262127
1774,0.3177617584113013,1.3663804480788504
1775,0.5272225769639198,1.6816841179718538
1776,0.43203459740160294,1.0117668536131301
1777,0.5655183696582798,1.158199119017386
1778,1.0401255527232227,1.0841939062457646
1779,0.6382703321055418,1.0265431415411355
1780,0.5471653994147689,1.5694828440966795
1781,0.1259889771552472,1.472338437248403
1782,0.2961361632897277,0.8323850454926489
1783,0.1375314227433099,1.2924419715501414
1784,0.5133954733777584,1.2971525661170207
1785,0.32852388162743584,1.0361858211841497
1786,0.3460061387889359,1.4572205141697867
1787,0.6622630015220087,1.7784225112411176
1788,0.49924025085025203,1.063742196992805
1789,0.9007869178264839,1.0912940368895239
1790,0.5425554490427036,1.5005967655123709
1791,0.5142432821361005,1.2157586033301848
1792,0.5643241110529664,1.6726144697546528
1793,0.25206975789094677,1.624247538536417
1794,1.1238117502761322,1.5889947141462832
1795,0.49613746644665263,1.3134372311925333
1796,1.038227953577811,1.5494414013418059
1797,0.7620998415741291,1.6404407683821067
1798,0.6201440737701722,0.8783747839675109
1799,0.5797873651456997,1.7349707244997266
1800,0.25018478897223523,0.9089545151428655
1801,0.3695372217416436,1.6658645278226374
1802,0.42934566186948847,1.1100703260413614
1803,0.5685035685138705,0.8444530190394586
1804,0.702645991644829,1.3602928246996693
1805,0.9325321129374209,1.5325665705808156
1806,0.47408623837077524,0.88973233188401
1807,1.4082608959092822,1.6601324851050214
1808,1.1141712942314423,1.6706633547248222
1809,0.43295277670883897,1.8665390358812788
1810,0.8742785129555588,0.9918946314037618
1811,1.221534977558786,1.3917639297260225
1812,0.38879345371230706,0.7150685630739868
1813,1.2742008577256219,1.6535343553854462
1814,0.663402104776543,1.6815346124975985
1815,0.4806891331431938,1.2826494913295292
1816,1.245187476001641,1.0886162240997344
1817,0.955361677121951,1.4021614737370849
1818,0.5838334157686456,1.486559978380737
1819,0.19071342991965828,1.0316020994339121
1820,0.9022099321723027,1.4072280680976088
1821,0.749573294935501,1.446146856481345
1822,0.6410509494970617,0.9643682149263162
1823,0.40173285629450556,1.5051801216551608
1824,0.5117103968674656,1.7033470481272057
1825,0.7498742828540628,1.3363065875701694
1826,0.2805767337146101,0.8319953742799875
1827,1.2499694188113168,1.2892001461053781
1828,0.8823081559319804,1.722386676352563
1829,1.095586647501943,1.7755580377917968
1830,0.4914280126148653,1.6131177957682914
1831,0.8320774205831423,1.6782682589445328
1832,0.6541125222770403,0.9825914588957911
1833,0.573927924940729,1.7468128734254067
1834,0.45172221732769896,0.8011625723021065
1835,0.44561773546921285,1.334729033879774
1836,0.9873677212451607,1.318696978011975
1837,0.5868635715376683,0.9291938724510433
1838,0.9049470198105718,1.5801084530186764
1839,0.9463992715544656,1.55526916386243
1840,1.3138723970301052,1.078013688795798
1841,0.9230322397205853,1.5572675571247812
1842,1.3043670088521073,1.905585329557209
1843,0.6211774332847783,0.8933869313662381
1844,0.610261601952799,1.6060782746784719
1845,0.4963053423396905,1.5549248941692937
1846,0.7949255324878378,1.6950683041223158
1847,1.1541910971205858,1.4352421934837414
1848,0.6338977995504298,1.4242366505649051
1849,0.3851301022193633,1.13190469375919
1850,0.564090815205419,1.238345024331144
1851,1.3198908193934418,1.1225319412218582
1852,1.0140322688798298,1.4455538920217825
1853,0.24655795286350013,1.3797359969385545
1854,0.08361044894171392,0.7526114186016766
1855,0.41596883467369056,1.5407539301022986
1856,0.6388561228851358,1.722121968088639
1857,0.6189525668255728,1.6920120173634898
1858,0.5869266568949842,1.4808060330296633
1859,0.49948724347371887,1.199618326601882
1860,0.37673230795654755,1.5435626063612442
1861,0.4582609089400606,1.3594262428681172
1862,0.5694350726222241,1.220539315997655
1863,0.2572976614266046,1.647535951356393
1864,0.5429073112191587,1.5804049698209044
1865,0.44491433743304093,1.3402455475281856
1866,0.3201941877550139,1.2989300587353183
1867,0.1787869610505778,1.4933851526260238
1868,0.5427961829496012,1.3964636606101513
1869,0.6057031045401852,1.4086002072225277
1870,0.27017947182560736,1.5906436163052131
1871,0.33660470997144776,1.7248964904449018
1872,0.7763876271294272,1.1092413894825346
1873,0.8554925790220811,1.3319368620807799
1874,1.1539095480617063,0.8413454517324943
1875,0.8088554619294596,1.3530954230723715
1876,0.4613554361955076,0.8196895313581023
1877,0.8354723093507133,1.2599165022993728
1878,0.5869927548196406,0.9340411346906219
1879,0.7624536634850297,1.308952288888896
1880,0.4438559797225142,1.441820855134539
1881,0.5053149757953618,1.3952233551754962
1882,0.5543396974698278,1.1709526442185636
1883,0.34896330466237874,1.3627410916910279
1884,1.0303692170920904,1.0192976888638245
1885,0.48050817936210294,1.6739579211671214
1886,0.6494810977766614,1.3461200002414189
1887,0.6897392466016694,1.0739594800593455
1888,0.6753386704199535,1.4689494212636973
1889,0.7231442900480696,1.190490910848879
1890,0.8476294442127017,1.5529492902854267
1891,0.6766812023070559,1.3870034119173085
1892,0.9366372266049674,1.349595632039975
1893,0.36674319072093997,1.3589290571034747
1894,0.6906790695641345,1.049353483827082
1895,0.43918147320412426,1.2107186902387608
1896,0.9821829769703818,1.5274478752596774
1897,0.8644770936075291,1.786214884098265
1898,0.4129199269144613,1.5767187035291779
1899,0.759069753210366,0.9718502534567601
1900,0.6479730494922405,1.2119516338159988
1901,0.45362799767540524,1.6847765432889765
1902,0.5989034844268191,1.2763361227151948
1903,0.8940094082520872,1.132694385860984
1904,0.23818266405426428,1.365209930709812
1905,0.5082871905255275,1.6719952535429425
1906,0.7695797697736235,1.7008471816769937
1907,0.42823619296286386,1.1670796330705993
1908,0.11940991875500967,1.636393271681973
1909,0.6922808985448655,1.628616041865996
1910,1.0574499500305539,1.3144915511909403
1911,0.47318263737318406,1.0625592510848652
1912,0.7995467184407333,1.202747948146842
1913,0.5624883714393956,1.2229934101311333
1914,0.42946928381208227,1.0437127306069198
1915,0.335935915216421,1.6686312268471506
1916,0.6373844775990739,1.718569939346085
1917,0.5527902659465678,0.9588784006939823
1918,0.580122992255812,1.4516438883584408
1919,1.1048006787481697,1.1661252846754762
1920,0.40073220770684154,1.1503971199737064
1921,0.5914241348073361,1.5835600108056604
1922,0.6882758757760753,1.0611752970248
1923,0.4117047009312216,1.2397628677899655
1924,0.6486795928530165,1.7598396995813772
1925,0.973248673241303,0.6153757719745756
1926,0.4534094949610839,1.6076147606274998
1927,0.7056703848701777,1.1178940075741377
1928,0.4486789963501597,1.5883082622626215
1929,0.6138135825661082,1.6323767543458512
1930,0.7544493653208006,0.9895416635128162
1931,0.4362277540790068,0.9412652553383412
1932,0.687270857154905,1.1890809766044774
1933,0.156298285991681,1.1913443031626625
1934,0.368223786953783,1.3616072908670973
1935,1.0305092036100962,0.645415640134801
1936,0.7005180447797015,1.191138961329997
1937,0.6271066816974401,1.2603705795274047
1938,0.2770422282429915,1.4950634602475295
1939,0.37097492665556436,1.4551788449417435
1940,0.3479443471619162,1.1177505940538328
1941,0.1635921666166394,1.5187136042771625
1942,1.1599454091207524,1.3881219674403389
1943,0.856543344425589,1.0300632893412187
1944,1.1306869501243537,1.2617070702244906
1945,0.4054710444730669,1.1903173351464957
1946,0.9708133642250191,1.1994325168943476
1947,0.37231057027420117,1.291987134786714
1948,0.476990153398312,1.2457403209292646
1949,0.8294022108383264,1.5536222570659717
1950,0.8946169368154845,1.538950170406406
1951,0.24102590623729186,1.7657353313013133
1952,0.7932896262754258,1.5273196591129061
1953,0.8143174483786967,1.4099090046501765
1954,0.8891654007534365,1.5557619615643157
1955,0.5528600744528491,1.3293517945624442
1956,0.49828083040448473,1.0781689839934017
1957,0.31475984538568214,1.268946214118194
1958,1.0035919021202757,0.9364797098761675
1959,0.8063364987520323,1.3607605826190519
1960,0.6249821159652651,1.3064129956753825
1961,0.5825192621953869,1.1296769155385924
1962,0.8003768126154982,1.2745746842632129
1963,0.730616793191112,1.2881926872361227
1964,0.7253793778017925,1.2272399209292724
1965,1.1349837871442916,1.5293315111767947
1966,0.9354566816246943,1.3838217587288901
1967,0.5645449290202312,1.8515521598340605
1968,0.33783644884367864,1.2938344405370674
1969,0.48266219793829196,1.464631633586087
1970,0.4191892958121842,1.1298687197354815
1971,0.7225311352029652,1.686783976989727
1972,0.6802183845286379,0.828419512949452
1973,0.9916118047161478,1.3818283450777553
1974,0.5207779010384656,1.5346475061106088
1975,1.0875564624527045,1.4683659028367722
1976,0.6226315402783796,1.5591339602536114
1977,0.34468909593197006,1.8296408638665618
1978,1.1379782681966748,1.4470291992578757
1979,0.9674012093973742,1.798434334402709
1980,0.3017535843106072,1.4928925110917783
1981,1.269313926379895,1.4783711090017413
1982,0.7741893078829872,1.800609742085096
1983,0.3144509073573535,1.3328475071449772
1984,0.516321733877492,1.2239176661138487
1985,0.49212783900208396,1.4218421915218422
1986,0.9013765826066154,1.3339723873866924
1987,0.341307975517762,1.3705163411005152
1988,0.5606209760076261,1.6376308271248536
1989,0.6503859165159386,1.6436624568735279
1990,0.6443592738561179,1.2348582181354804
1991,0.3674252860571067,1.7156385315359364
1992,0.7265262106389229,1.5010479657994076
1993,0.5351568631529818,1.4840073972706351
1994,0.8084086301732852,0.7752828156980818
1995,0.7086805454234333,1.326186808699874
1996,0.8578792636505094,1.7048210472761354
1997,0.6010200242762048,1.3283070693070207
1998,0.7447933202344342,1.700141936423596
1999,0.4019664662411409,0.9622618103978899
2000,0.7097466676530818,1.6264799634992715
2001,0.5231395251115368,1.862525657892434
2002,0.6754767842677932,1.2527805926193585
2003,0.3164963612008526,1.0309332650251934
2004,0.44707526316429586,1.3415709812706047
2005,1.1108106687426145,1.301544698658624
2006,0.22637202480382282,1.5652267046830022
2007,1.167918016534601,1.7495673501211346
2008,0.6140921230225538,1.0015882156342366
2009,0.7381151284285667,1.2087898819532628
2010,0.2848678825838302,1.4564424237702696
2011,0.792202194403253,1.6247675531650372
2012,0.40333246936277756,1.2580919539521362
2013,0.38994723190903,1.6906752469059834
2014,0.5296183651459683,1.3030566940983093
2015,0.5699658134351944,0.9341691319709913
2016,0.2734624610199315,1.6080105303908814
2017,0.5212791155477948,1.4983498575933538
2018,1.0753512682527175,1.7198162035220321
2019,0.6502891457791455,1.5070939742421023
2020,0.429706390995237,1.7803191466254753
2021,0.3410650648289263,1.5253394786650207
2022,1.2235793139809057,1.1318857592267824
2023,0.296690134914049,1.5031767712653847
2024,0.8043041414110028,1.570123710374266
2025,1.1825608828216072,1.2000110531282973
2026,0.3730721593244413,0.9507293809831459
2027,0.6051335545877702,1.5272490319706478
2028,0.2605260845862125,1.64885607440046
2029,0.9279481381955449,1.1463312799720753
2030,0.9378583037918429,1.214076561851503
2031,0.6486754264076122,1.4469345141832315
2032,0.6285581462653823,1.501100890354346
2033,0.4857341719933709,1.456644672025934
2034,0.5981750420436197,1.6498218126968063
2035,1.0330797764611344,1.1133253664557436
2036,0.9189074234626035,1.3159858717539676
2037,1.1758902358148577,1.5838673717674665
2038,1.1285462901305203,1.477673790168593
2039,0.546415024637822,1.2319929248808668
2040,0.559382104050963,1.026361207250356
2041,0.4940436168319702,1.304288058023432
2042,0.9057147802650838,1.1913269670939761
2043,0.27043681478560244,1.1318503583883737
2044,0.3833322513149969,1.7573891269432877
2045,0.7113748393988177,1.2755922004202667
2046,0.5411383989557956,1.8549859767593868
2047,0.6369273240034091,0.7216029537193069
2048,1.095184931685894,1.5099758477908383
2049,0.6344028197764279,1.2594517046453162
2050,0.9411194858863893,1.508202163382878
2051,0.7049551215398601,1.4170077949751694
2052,0.5177152030103142,0.737905529482729
2053,0.9308853560973113,1.0403997546833117
2054,0.5414209014745546,1.4955635993950356
2055,0.9005323779974892,1.4209478847242
2056,0.5049473995889019,0.9410918208220906
2057,0.3629104355876058,1.5642216715446708
2058,1.032176379464231,1.3050438620726368
2059,0.18178652167870246,0.941219357504836
2060,0.14379368494452782,1.4936360020096884
2061,0.7363862875030452,0.8287013665126621
2062,0.4326199462676173,1.5423400381775636
2063,0.7445291876981898,1.6793125694258266
2064,0.4684445934433552,1.5112788638868322
2065,0.6641673574384905,1.5306438172567078
2066,0.18569545553309075,1.3452262519184233
2067,0.5176633166544329,1.43133895838851
2068,0.7067670221406528,1.48707265343891
2069,0.48073728136824684,1.0818083295959489
2070,0.9090247338750875,1.105798619625109
2071,0.20220061392634908,1.2631160818436986
2072,0.3468268702648647,1.1541735290363915
2073,0.9075957028328885,1.2786374209492675
2074,1.085233170330679,1.4856867523342279
2075,0.6151498543160142,1.3359616054651493
2076,0.3530289160446001,1.7813804703809286
2077,0.10690320011147879,1.3987093218184494
2078,0.7680519973056614,1.5293712216670579
2079,0.5601519992549235,1.5946068020547113
2080,0.40777013598130873,0.9439187616439451
2081,0.45744042683693303,1.5490436773783782
2082,0.545250326331729,1.5829750980694792
2083,0.9106033871423503,0.9095709848094211
2084,0.683285759736748,1.031718927127711
2085,0.3346098293327468,1.3856355730658003
2086,1.2309868281146308,1.015806066054771
2087,0.34886830317850265,1.4987860745921655
2088,0.7524914563726843,1.4194808216468333
2089,0.5092239626242213,1.452757383902333
2090,0.7632961843499343,1.3850015419029114
2091,0.6554896468021862,1.2388911096445592
2092,0.4560696397275118,1.084869272469867
2093,0.941329231081516,1.7138205357555287
2094,0.4998311276652471,1.4289261919524567
2095,1.1325849363267275,1.7190452523401318
2096,0.8939267354806805,1.4880574716258947
2097,0.6630083834612072,1.8565593405836347
2098,0.6423601772093586,1.2008007113146255
2099,0.36704536874097593,1.2950929047411854
2100,0.21303126405111716,1.6380748977168325
2101,0.41847855055654043,1.2574184540919298
2102,0.17853660837632312,1.442565965742292
2103,0.6161815629295146,1.3535242569486823
2104,0.7455141756107273,0.9396151159324933
2105,0.7142715040441088,1.0990554195095392
2106,0.4422749809572416,0.8049531229422948
2107,0.6219257980951372,1.3437761639208574
2108,0.6513397820574832,1.449019779122375
2109,0.7539461822537821,1.5530907818358881
2110,0.3111404868164694,1.6315064401838912
2111,0.33950062373157286,0.8859740975816424
2112,0.59112335981464,0.8969993438982204
2113,0.7812933571674457,0.9467160320937851
2114,0.4662491640766782,1.4298541893026164
2115,0.19896012032498037,1.3939577206562772
2116,0.4590766031893391,1.1601992871476812
2117,1.2725664176497096,1.4446873008166266
2118,0.5118061231365275,1.7795624126042788
2119,0.7596830765836439,1.225988651217976
2120,0.3652934735774417,1.7892559367844239
2121,0.6867921962637494,1.4383687620038914
2122,0.42773187018849107,0.615539788237178
2123,0.9316529671998502,1.3156951066486313
2124,0.8312960086915535,1.2898104413783842
2125,0.6887378519869242,1.2775736859251312
2126,0.9445028487379697,1.3969372783404568
2127,0.7485216248629885,1.4107694810303468
2128,0.4685537759544017,1.7638136208377329
2129,0.3940203904672967,1.5814538497736246
2130,1.181134659457101,1.2637000354880252
2131,0.49090015545827287,0.8208221295605418
2132,0.9255028313879218,0.9270415658788398
2133,0.40354974031410557,1.5920253530375537
2134,0.5398451916826769,1.2926935591659594
2135,0.567505475052236,1.5280615367428823
2136,1.140536547229964,1.2388279210343178
2137,0.5733766428479884,1.1740872848549682
2138,0.744980384343888,1.4065047333827139
2139,0.4457607477858386,1.341348389840432
2140,1.021590709069678,0.907317535296857
2141,0.8175073662493537,1.4484287322036655
2142,0.4184160289982214,1.4295715216259184
2143,0.3590433697870369,1.379833909861931
2144,1.1461815197840528,1.5459825221773147
2145,0.4722871984738862,1.392578974792182
2146,0.6173136271636461,1.2309701473167736
2147,1.2795768535985812,1.2332474286474395
2148,0.3675438206400137,1.5699491296553245
2149,1.0069961091303172,1.3880968545197998
2150,0.31163526290449284,1.0961872375814066
2151,0.906906305954626,1.24456398682131
2152,0.6694965085903154,1.2074231184911364
2153,0.5493672466278504,1.2107829843471722
2154,1.0728786137794815,1.811545009134196
2155,0.7972490256497462,1.707380853268441
2156,0.8420989799493735,1.8452979606930624
2157,1.3436561521652273,1.1558466656687068
2158,0.667952399605815,1.252908743532303
2159,0.871631106736209,0.9711858700371268
2160,0.9782998033378574,1.2614719859153323
2161,0.5018251110693508,1.5688507139376493
2162,0.3810535314552206,1.5683939405115974
2163,0.6952920351099534,1.0479933553816678
2164,0.8978872535426173,1.3783180808276685
2165,0.5326873059904755,1.090509243869995
2166,0.7291160282457244,1.321533992417663
2167,0.6830757040928607,1.4668373135323074
2168,0.7015881604261769,1.7657275005637534
2169,0.5280793178761127,1.569320551269479
2170,0.5776788109657903,1.5233794597186723
2171,0.9663282276934438,1.3448211358165263
2172,0.39263122840299614,1.5890989348363722
2173,0.8892238168205046,1.6473994230697127
2174,0.38119014539444307,1.2001995268050694
2175,0.43737796538144796,1.388466105549854
2176,0.23847435432634462,1.4017097132284422
2177,0.6267016911221611,1.0313016550090506
2178,0.3806313764309634,1.1418678712903447
2179,0.28525382225130663,1.4866761524223095
2180,0.6295787449048671,1.0039343515734096
2181,1.0788764118427687,1.4395419673585226
2182,1.028914299423469,1.2078563159361497
2183,0.7542184407188778,1.703195972228094
2184,0.3762895961033327,1.4359581856260544
2185,0.6605351689684897,1.2426728270845346
2186,0.28221281995565073,1.072479602551147
2187,0.7668058276616697,1.7862232938730132
2188,0.6376093034510313,1.2003084745485397
2189,0.42855078768716814,1.0176503461243067
2190,1.20550479990054,1.6570613515804928
2191,0.4320745500647175,0.7981358897264479
2192,0.4297302819516406,1.3758873211916969
2193,0.3776059374045682,1.5794508862239607
2194,0.37081473925180236,0.8891095239918989
2195,0.30977005423757,1.0060753580626367
2196,0.6685286664354733,0.7116064176623877
2197,0.9514531260387874,1.4203948114349212
2198,0.779219938386103,1.2684030176856114
2199,0.43650464145201423,1.4041242954277084
2200,0.7080789376104775,1.0827908796697194
2201,0.6007609982368497,1.2287050000825233
2202,0.5439112707737345,1.3742781134037387
2203,0.5365773149376551,1.5799800770927173
2204,0.6312824549030318,0.9633109261404205
2205,0.5558435150482534,1.3074977904663343
2206,0.8430963591354153,0.8615501583095961
2207,0.31953071638714764,1.3426970312687314
2208,0.5889755553875288,1.0653508192728298
2209,0.24295040930989012,1.3464883791854945
2210,0.6055320698056516,0.8090179013486227
2211,0.849102372225507,1.2749113535824779
2212,0.6278465530716365,1.4551525178894633
2213,1.051247356373038,1.2630681575992133
2214,0.6071661324488111,1.4976657602891863
2215,0.6324826861277103,1.2500349113853875
2216,0.5395278872619684,1.026022904974577
2217,0.483313589201284,1.2130746272378827
2218,0.29381212319383515,1.3912986939910814
2219,0.7741989291814435,1.3727530963406491
2220,1.0090887431467923,1.4992411760433875
2221,0.6595518508299475,1.7791558456983354
2222,0.6095844560464027,1.3363651389921012
2223,0.6500670360989735,1.2428024332300756
2224,0.9683963282604984,0.9665802161781099
2225,0.5679753864163993,1.2554808888980973
2226,0.6022820100727004,1.6376103311017542
2227,0.8542000944070429,1.852611293974982
2228,0.5419305602728857,1.3029852992280286
2229,0.5194596076376394,1.0069710146466955
2230,1.1105635997740053,1.6871402655542043
2231,0.6842523242505436,1.4101839512606575
2232,0.5400683182949163,0.9690241014587564
2233,0.34692892899936323,0.914918727182485
2234,0.5828593445381863,1.6526468373910947
2235,0.3776786593340028,1.3055525175837506
2236,0.149852378234613,1.6956840262706776
2237,0.5057380352123954,1.252985133178876
2238,1.1245081920541444,1.6050450691907834
2239,0.39849870378275476,0.6736595084068122
2240,0.5363781120849517,1.2225430917815567
2241,0.9260358011019129,1.9222136970491355
2242,0.9383609530944007,0.9745747818220214
2243,0.9042851771712691,1.6491194623680743
2244,0.36858456937977774,1.1608130724061407
2245,0.3919478156663946,1.2558992133523574
2246,1.1017052930130529,1.5914927701995423
2247,0.5932241365603131,1.423531060963204
2248,0.3409310316883166,1.5111995504713711
2249,0.38718000185653806,1.381877714989638
2250,0.6625168915815449,1.3866137039330901
2251,0.9559365819643634,1.107655304462928
2252,0.9698929791339028,1.5255509820330213
2253,0.5043706428211042,1.381464685555776
2254,0.47522544756983237,1.4145442592113597
2255,1.0003760624396456,0.692353677957172
2256,0.8054836787570774,1.740451176593886
2257,0.6888266638299229,1.6186653372866093
2258,1.1676505606788188,1.836755902746379
2259,0.5907424308562172,1.5889677827809654
2260,0.747343788540103,0.7698196968556499
2261,0.6486369331342775,0.967905670693497
2262,1.0967692739296135,1.456253649019697
2263,1.1869514394517844,1.1677874718246883
2264,0.8875935246521977,1.871772381554656
2265,0.8661956148093141,0.8391984296705604
2266,0.7255207125600263,1.4900720010932607
2267,0.33220625823085176,1.474820567391116
2268,0.3158613735806885,1.7022495759451992
2269,0.32026793733603465,1.688038111560806
2270,0.3868819690832575,1.165583674079361
2271,0.8788691671348358,0.9486561355281453
2272,0.8761636123893671,1.2930830375801092
2273,0.2837772882385728,1.518935754644606
2274,0.4549420314887829,0.9685257097346305
2275,0.5825178414571853,1.4928071006368362
2276,0.6189979012073032,1.4604057956464462
2277,0.4596844306867047,1.2122415454811795
2278,0.3992615279112075,1.1236117536826074
2279,0.5060694520063415,1.6202711813717667
2280,0.17176105607764616,1.546432467689675
2281,0.46755934243921654,1.570543961306073
2282,0.8388080042243875,0.9116405958368052
2283,0.609422925384103,0.9516075370116621
2284,0.8750416208692743,1.0619791425370058
2285,0.7588881051861595,1.856838057610549
2286,0.13838359000641068,1.3179291590230298
2287,0.5854112008706424,1.6510479782580658
2288,0.46737953049875186,1.4511216642973064
2289,0.4592793135573029,0.7970978360200298
2290,0.837847813977451,1.4133770081947925
2291,0.5267627487053067,1.4803392248379073
2292,1.0891323935636397,1.055988947471355
2293,0.5223074789881418,1.7018417338052423
2294,0.6663275912495984,1.3941301238720125
2295,0.5249137877219658,0.9738654791309544
2296,1.1653466853099987,1.5792076873538867
2297,0.7720922768610954,0.8545030161521372
2298,0.6030452971478236,1.6729481264890547
2299,0.700461448421962,1.4673336683391318
2300,0.5886303752989062,1.7173937142198792
2301,0.6583194332134075,1.0297712859907757
2302,0.1781861493202786,1.540927661406991
2303,0.3681808072364181,1.4073457959340159
2304,0.5419067537564577,1.2260787911938409
2305,0.5362075727084465,1.5915653054765737
2306,0.5474170202527526,1.0932054596659835
2307,0.7504835412294877,1.4563343238724729
2308,0.8692807247503366,1.4819793225552702
2309,0.8624487729521318,1.3777386296944618
2310,0.639119411069348,1.1964307605758737
2311,0.4133768362250258,1.6007179648698686
2312,0.8163440254529601,1.2302499083361602
2313,0.3252585704554625,1.4474732067661877
2314,0.20750777362007472,1.3711194946920129
2315,0.8639276203692785,0.8306239757468705
2316,0.4042157013516197,1.4223539949923532
2317,0.7872383760209003,1.8085717083122839
2318,0.41098956629812833,1.6992425850979984
2319,0.627590480857379,1.2936864566846538
2320,1.1916770042932618,1.3314724659787123
2321,0.6027010594256468,1.5228857693313231
2322,0.47637912814108496,1.004156731803459
2323,0.5160341760731467,1.482792435160077
2324,0.9843560290893957,0.9316418123739947
2325,0.5577906135995677,1.902539841802413
2326,0.30432646567636085,1.747933234241385
2327,0.735112923803229,0.8724533901119045
2328,0.7087646700163085,1.7751973966829997
2329,0.07420619333760856,1.0811003016608696
2330,0.7081644240905798,0.9164813882191105
2331,1.3692779259395522,1.5913338434800566
2332,0.8139060218362881,1.0452219464761225
2333,0.5123328556644496,0.6355273566032074
2334,0.3045949859052134,1.0812913975793146
2335,0.9857582283895828,1.4864109500431426
2336,0.4987863667423929,1.5761449829764047
2337,0.5700409380365538,1.4926315423754297
2338,0.23633033198509648,1.445759354716418
2339,1.0949778004324358,1.1764255151995675
2340,0.32245781023505937,1.3895934826596519
2341,0.37141807031268587,1.1902685431950055
2342,1.147961703455483,1.7715353822774444
2343,0.6598512838777479,0.9902917901813735
2344,0.8598811853007127,1.5888003152354446
2345,0.9092833882814086,0.8700021661108743
2346,0.7992000575329539,1.4523254111061197
2347,0.746000344908662,1.3878926987171059
2348,0.4242147958319035,1.6567824084607496
2349,0.6041946490445773,1.2456770197644091
2350,0.5256769061422999,1.1462419800983206
2351,0.8547996332697022,1.795878617607676
2352,0.6909786755442692,1.1802728596463155
2353,1.2187508644449043,1.792820107071044
2354,0.6421311137403299,1.2483921294073435
2355,1.0407281199411869,1.1431178631247194
2356,0.7797477243692394,1.676538458190892
2357,0.3616489447199354,1.3581823340226558
2358,0.34453973487231876,1.3062703932573743
2359,1.0669534008841597,1.1707285752956293
2360,0.6045576968594223,1.2964972324787096
2361,0.5617612424319957,0.9950623695603722
2362,0.37711064513113113,1.360224272275199
2363,0.9434057392283831,1.499194574944872
2364,0.5597501407973289,1.210228300012437
2365,0.8063503335053929,0.9388427329715827
2366,0.2803050121524678,1.3267781422359257
2367,0.6472828800318581,1.7125838780459706
2368,0.5129602623790718,1.0967902963366292
2369,1.2835682373908468,1.7696228165058336
2370,0.67050479657928,1.1880554565978105
2371,1.2170053011758264,1.4269217370998846
2372,0.5025785992002538,1.5560173342804657
2373,0.8951021028890042,1.1258516705709156
2374,0.7130611772852194,1.2412778765248738
2375,0.22066539633473742,1.0717325751154148
2376,0.6353235195116631,1.7883271857835579
2377,0.669589489856149,1.0327187443562424
2378,0.2549218965322658,1.3891308699754132
2379,0.8278873727099609,1.3660001890896403
2380,0.9182982856594913,1.2200427000340568
2381,0.559806122370698,0.9999109977859677
2382,0.609791867480879,1.1239818507203732
2383,0.3270164515304559,0.9111902373212424
2384,0.8390501833142634,1.7646549513591467
2385,0.5240206509639465,1.0293625504880568
2386,0.4348323535071207,1.1732629392004692
2387,0.3901472142505825,1.4260518798002462
2388,0.24492890118644497,0.9291919087150131
2389,0.9135632660693331,1.6129495786787
2390,0.6423079929662486,1.2334437573652435
2391,0.9637449896947554,1.3976759561433383
2392,0.2095206526998476,1.4211613928392293
2393,0.3341286070776726,1.536126929567994
2394,0.2965339881729879,1.5966975562665702
2395,0.2951138632682558,1.6471190088326713
2396,0.7531730698487071,0.6759983269201668
2397,0.5925723630741941,1.180398243506526
2398,0.8809482945603093,1.2875190710734696
2399,0.5119624546861676,1.026594692585402
2400,1.0480492750817991,1.2774228001814412
2401,0.6269350017801613,1.3663399197248696
2402,0.7588211339996571,1.384497498310096
2403,0.764449233768629,1.4198589215811115
2404,0.3304083564802645,1.4601186171985943
2405,0.7633401777930383,0.40110467385485804
2406,1.0482670925311266,1.5822943164547418
2407,0.7093100103095631,1.1748175686198523
2408,0.49585763817554734,1.6640363084596836
2409,0.18902411124284357,1.0898537909675752
2410,0.7810294716208269,1.2722278601237764
2411,0.6719464393787609,1.3296695895946988
2412,0.21064428718299824,1.6352313658205164
2413,0.6258628070649717,1.347732000288413
2414,0.6853044874981251,1.5841653984019106
2415,0.25360408096504555,1.5314550002709133
2416,0.24029426962856676,1.5091934187050609
2417,0.38914928563862256,1.1426617326373267
2418,0.2479164955298408,1.6440505661292237
2419,0.586598435222451,1.3973686673289691
2420,1.2062960326745902,1.1647790024554765
2421,0.7385268426994096,1.0139089631679714
2422,0.3115977279139345,1.894556352457831
2423,0.1353980805658294,1.8372471907271375
2424,0.8142172599077768,1.1870600534135065
2425,0.10177368629907792,1.8057922718502832
2426,0.9408659806322884,0.8880438484682445
2427,0.31453234432002425,1.2588125326754236
2428,1.1842287671748808,1.5336452318865488
2429,0.5588394627078582,1.043409534212076
2430,0.4972238362581782,1.4812944137319537
2431,0.8728259091263368,1.6112680101336267
2432,0.8383695057849636,1.5888789187369567
2433,0.5307075005520697,1.517104956890122
2434,0.4202509919512431,1.2008504324224187
2435,0.752909243450492,0.9268081164621202
2436,1.4509539474372863,1.5996420711830706
2437,0.40151589266919163,1.748682981598538
2438,0.6886802370635261,1.5578212969793832
2439,0.2612581851483577,1.39651772117845
2440,0.7893492645171934,1.4058610391967115
2441,0.7630924394614415,1.3046234756818493
2442,0.7792095353229901,1.209628581482702
2443,0.678158824197871,1.5741878028168073
2444,0.6522958653100789,1.1096204702207046
2445,0.6820816682286331,1.5295423257606662
2446,0.2247127671566311,1.3342030583383588
2447,0.63112985748682,1.3705118982116327
2448,0.8334679957396527,1.7299899797196128
2449,0.44063560020336795,1.1718848356879812
2450,0.29278272107732034,0.9145992420584073
2451,0.9838063631192702,1.4021947694554084
2452,0.5955627887324018,1.0802544646906043
2453,0.4330329034646026,0.6662550279934942
2454,0.776451367098145,1.436313146761172
2455,0.5174842396628386,1.0655719607022158
2456,0.7736968649201422,0.7675626538660829
2457,0.9635216750603095,1.0790848770227608
2458,0.64476731809553,0.7283853140666174
2459,0.5050017751629271,1.4874957257456036
2460,0.7987772631438803,1.4747373661928682
2461,0.6825332477214776,1.6536018275397333
2462,1.0747966240151223,1.5336152324983698
2463,1.0992891437915022,0.999323504087235
2464,0.8201351897828318,1.6556968568977812
2465,1.1621200136016128,1.239609918515121
2466,0.7013075691421727,1.5549663506143743
2467,0.9194501085298545,1.3412386305740074
2468,0.3853045538446272,1.5128749707310316
2469,0.6642121907822915,1.1164717264931234
2470,0.5598928571680437,1.1639291647114622
2471,0.8273010017710963,1.423452824183256
2472,0.18030600678857356,1.6249988056564701
2473,0.25656336204456953,1.5360875030405892
2474,0.3859643170150328,1.2273471837539853
2475,0.5187013273018531,1.179298054288448
2476,0.41416497479992764,1.4313254650067702
2477,0.8968375873401905,1.3169575428610858
2478,0.9226233192164228,1.1568776599225967
2479,0.9052934050463088,1.5244063283168265
2480,0.7346478264829074,1.483795727909055
2481,0.4248010496823723,1.7050252709304432
2482,0.4072712439996754,1.1377337052477414
2483,0.6758744888781408,1.3844075058401861
2484,0.7348439009450874,1.123759802412435
2485,0.48392457789091714,1.1436026588710826
2486,0.7349929633836029,1.446607265798138
2487,1.016189072861486,1.3278301258638414
2488,0.18260797915843688,1.6776924265201434
2489,0.3857410032674263,1.24499609201311
2490,0.9643247034755329,0.9701136445550593
2491,0.5326618728056144,1.3191621240845817
2492,0.8986347342683826,1.3882834176395222
2493,0.38771280988165097,1.223285305742254
2494,0.9479163848215748,1.5017676073753514
2495,0.19790922457867247,1.3319109279777934
2496,0.3613303519745803,1.5405707244412299
2497,0.5207730022516511,0.841816324098998
2498,0.840178037334354,1.6538587481615274
2499,0.6444813317406376,1.3552013829635214
2500,0.4489135196596046,1.6175540536498287
2501,0.5210373935916243,1.5271347273493272
2502,0.5626212038417481,1.3466529911305778
2503,0.3284594383043154,1.7519943937295532
2504,0.6964103721252168,1.6907793659465837
2505,0.510628067140286,1.5791599654884956
2506,0.3254881059065686,1.4974402926151988
2507,0.6253032196581179,1.4112309384168533
2508,0.3143007757655146,1.3881918098739603
2509,0.6179072864670255,1.9090973502998363
2510,0.7079408746669194,1.3215551551988367
2511,0.377733409799453,1.4427495375138037
2512,0.7217031691411868,1.6047684971312608
2513,0.5145040328777448,1.728221804659273
2514,0.5401408817087067,1.0521816832788393
2515,0.3236093654636039,1.667065039174856
2516,0.5442689271078841,1.5990208719226109
2517,0.5670583253291422,0.6736080478991937
2518,0.5720450741340221,1.077624158404582
2519,0.9079648565229701,1.465224079668594
2520,0.48232176455073134,1.34565103643798
2521,0.6119511957122773,1.2647255804253703
2522,0.8475440708880503,1.3619670863658095
2523,0.43145968762397113,0.8369624942272209
2524,0.6913454352240973,1.1654406239290833
2525,0.6030673485133347,0.7421990815520005
2526,0.4141480970087732,1.6240684285728544
2527,1.0529254403549382,1.0463937263731662
2528,0.8579994213208263,1.4410784973917692
2529,0.5918180170082501,1.5269989005861926
2530,0.7027505716490756,1.6960669456345343
2531,0.6606036223626197,1.742395916165851
2532,0.7073319907327678,1.1860755162851202
2533,0.6728130514036149,0.8277383873510658
2534,1.4615040386372742,1.5385091160307918
2535,0.2757940538446274,1.807205738566497
2536,0.25612522763970247,1.2106405218495397
2537,0.6715544022386492,1.8795513716605703
2538,0.8823724467148106,0.9323767129046208
2539,0.37859996089346837,0.9710590533636401
2540,0.5718570791086138,1.0987274501118898
2541,0.6982668367062069,1.2080495645946945
2542,1.013691431867519,1.033842004287782
2543,0.5015989005716155,1.5012983314188395
2544,0.2408963265822205,1.3922546191453673
2545,0.45786833134465876,0.9194752297483786
2546,0.8007238023942044,1.5890867140969531
2547,0.4319443515779975,1.1538346552829113
2548,0.5499381364394248,1.2695555849281492
2549,0.5970095699357291,1.5727185008746143
2550,0.7780777197595313,1.2297034234788808
2551,0.7843144358478196,1.2843237839594568
2552,0.42737631427818557,1.516319033789327
2553,0.1973736841926951,1.6595305177404658
2554,0.5926434447612917,1.5188492759187928
2555,0.7418853308088631,1.7950234576066513
2556,0.5748602808418001,0.8474865834661816
2557,1.5900762884168862,1.2882748167458078
2558,1.017467102466831,1.4467642427215668
2559,0.4984171176764726,1.6057480274770428
2560,0.5426044770463235,1.4344914419794272
2561,0.3484524966663802,1.7840427786196238
2562,0.5531559329294046,1.2264459147981226
2563,0.5700561264227855,1.504506236930009
2564,1.1667960112226323,1.2948193225765645
2565,0.6047314476115762,1.482352432923777
2566,0.6510798756864079,1.035866282481313
2567,1.029915047659872,1.3948870015341197
2568,0.38842168708254426,1.5116443216901363
2569,0.6355559169979441,0.804459637073307
2570,0.5534976745378761,1.3725244548898585
2571,0.4328275878306172,1.202310559819924
2572,0.22547469127082634,1.4356966974684116
2573,0.499851300039756,0.9628963580393153
2574,0.49361142178389916,1.5984767781792337
2575,0.6319756556234318,1.4645942455969685
2576,0.31074565174617663,1.5641011900570059
2577,0.8759675334272298,1.0259115803246592
2578,0.9793639688138618,1.2482271422063007
2579,0.6971424097357231,1.6972495048270833
2580,0.39543540490834883,1.6187888486058075
2581,0.9784252119290308,1.3690824458880404
2582,0.4634940511819344,1.4936338887620024
2583,0.8335310939149747,1.5990975955159688
2584,0.2722837597933596,1.6010844271285807
2585,0.6229037578460406,1.3788381752888403
2586,0.49090061247446637,1.3598063562414962
2587,0.9234844307100583,1.2207889025652725
2588,0.553707547690152,1.4257115575871606
2589,1.1635859178911787,1.6583715431957087
2590,0.2352039962218596,1.2513482004174068
2591,0.4759185248364384,1.4209904887919347
2592,0.7449021469631707,1.346276259969386
2593,0.5042118341632191,1.3374072987371717
2594,0.49324630412796167,1.4875620840272008
2595,0.6219323364428081,1.5458433682169719
2596,0.28045188777667585,1.8775514251199161
2597,1.0128998827959401,0.9898793869817173
2598,0.7012024275446309,1.1875634833186397
2599,0.6145216081997774,1.3813897963214017
2600,0.24616025013230441,1.1897286239781528
2601,0.7985331985112858,1.1068567491853218
2602,0.22343083640490155,1.7285764271586748
2603,0.5747413102864158,1.4013843428855937
2604,0.4079144042290773,0.9743526596742831
2605,0.6092135251873193,1.0942503657548044
2606,0.6791041645122106,1.4525484317973645
2607,0.5701107988326793,1.2727232157646298
2608,0.6736712856826669,1.5260780154327744
2609,0.3674102758682385,1.8260919066863268
2610,0.7926026766985557,1.3186403432697116
2611,0.7077223364870278,1.3995108632167539
2612,0.4235253350413701,1.5472512750402434
2613,0.33137116603902644,1.344828321297327
2614,0.3295779989465265,1.0982588799519002
2615,0.6900718976302304,1.1504509423222473
2616,0.8871578853781875,1.1471662463968635
2617,0.6815054542311025,1.6697602169946422
2618,1.1701165547228474,0.9530391842410553
2619,0.40693980886556763,1.5886330725198414
2620,0.8785966207747434,1.4443438100720938
2621,0.2291176616256835,1.4678171904332151
2622,1.1543036690119575,1.4503161619256615
2623,0.5639177758322939,1.5209181850607831
2624,0.6561973484077799,0.9528973701201997
2625,0.5774269638742039,1.1143687494984258
2626,1.0318121400479436,1.2828666197513998
2627,0.4153004103767923,1.1805947795780347
2628,0.8054705919374009,1.6507619565927154
2629,0.3294826257650852,0.9239533921178145
2630,0.5896591925256743,0.9211284471316534
2631,1.013733858892059,1.4233706504354666
2632,0.9442865686259797,1.1905393458552291
2633,0.4301637478907484,1.3507905663457511
2634,0.583705438735463,1.1395019902002854
2635,0.4380776232444501,1.675970357227389
2636,0.4762317614307414,1.1761845069445178
2637,0.2751568182515354,1.410447075182848
2638,0.3188266571030298,1.382254365011399
2639,0.9135433720926114,1.217190257141767
2640,0.6464374832770072,1.3134911031790102
2641,0.1603750482508816,1.3883453580019953
2642,0.5000222206192603,1.0582656512336723
2643,0.8113914562261094,1.486607408542846
2644,0.4439256185187773,1.5483229930392917
2645,1.0354261163741612,0.9981965528070029
2646,0.5133387290060529,1.5099495182711467
2647,0.3708943940810693,1.4825105924712763
2648,0.3703165257968351,1.1705557224466605
2649,0.5762480953937372,1.2168731052653892
2650,0.41433756137743655,1.543153078132777
2651,0.5195424473578419,1.1199342968749808
2652,0.6350527957311438,1.7822805487726117
2653,0.5286870012849286,0.5432203445908823
2654,0.2685239714542062,1.6362996833435373
2655,0.14818089395685083,1.4662966017581374
2656,0.6437465944645792,1.231894431333095
2657,0.5613363639383909,1.4457411751467375
2658,0.5176652205982624,0.9276116882921495
2659,0.6771128480695326,1.5197619588132063
2660,0.8230651030429861,0.9786780482181856
2661,0.786272396631975,1.4269175876872626
2662,0.7219653526606985,1.2442979210888985
2663,0.835248535260539,1.5817509175175373
2664,0.8882624054898143,1.6410373124388253
2665,0.9315294847733719,1.528305866541132
2666,1.0349038063898348,1.4305967171693974
2667,0.44166159903384056,1.58285484892685
2668,0.7334713298189551,1.7007009171614844
2669,0.5335912912557215,1.2303211080017662
2670,0.3009956866531226,1.4522424065044222
2671,0.13863660991583776,1.3327378875226978
2672,0.28053574517293195,1.3152201794668692
2673,0.4663074270394564,0.9373356914290287
2674,0.4072392767201699,0.8873131923010502
2675,0.6273828230903715,1.277799673747828
2676,1.3641995008054106,1.4503880795152668
2677,0.4386541615322882,1.2923811997486914
2678,1.0468332872177284,1.472674027088049
2679,1.1983303942942394,1.520753129032915
2680,0.7181803461656513,1.1579511409742154
2681,0.4737813995299434,1.5449714611038339
2682,0.8233650463411688,1.7086777418320909
2683,0.8142506778051888,0.8159432366969357
2684,0.5282897240601556,1.322135425279483
2685,0.44195186708931367,1.761375120345301
2686,0.3042777103499816,1.2200576126390485
2687,0.9122422132692923,1.8379421165990257
2688,0.6014506800570626,1.3865206858677661
2689,0.39584157055071983,1.6261193598994073
2690,1.1719776949080625,0.6649940949641253
2691,0.1205698265827169,1.5967187906689395
2692,0.67348264231062,1.0528153529536555
2693,0.5238393220557206,1.2768482520491433
2694,1.0265795813767764,1.0550227406316184
2695,0.5955480603996308,0.9829205659113056
2696,0.38059537413394834,1.3332984641286405
2697,0.43928319122152815,0.9209011757143319
2698,0.48312321984188566,1.13851450969211
2699,0.7139535089113921,1.7860451146857215
2700,1.0449221578516685,1.8203945582156749
2701,0.4266552402712627,1.6287165460222663
2702,0.6060330281000383,1.3076327850601182
2703,0.8818877328755967,0.8968712666489262
2704,0.6843412388799037,1.2893661019601237
2705,0.4434081479140238,1.6589973879475755
2706,0.9934944689478977,1.2974677658835714
2707,0.49555099119385937,1.4694768468205668
2708,0.9675082113638911,1.6190092839872432
2709,0.5936647874592804,1.5664407913915748
2710,0.6809247436348398,1.7382874327662923
2711,0.31821270482509856,1.4663675991970708
2712,0.3130376916239359,1.1383731686127256
2713,0.27788002968272507,1.5385965847029552
2714,0.21167724331525134,1.508168009409639
2715,0.7655908251374162,1.1674609752956049
2716,0.34367650049581594,1.4394005567487191
2717,0.27373217421077556,1.566845447413249
2718,0.44960364080479737,1.050777978386079
2719,1.1587995262162611,1.622210156958329
2720,0.45682395671688764,1.5372047795595032
2721,0.15610079089533552,0.8505564606874556
2722,0.5077890839742638,1.7380041087762932
2723,0.5250537347089896,1.5281723465142067
2724,0.36427624362751576,1.7773967240347703
2725,0.6497252658354348,1.23373964057356
2726,0.5507742310689014,1.1554851932552306
2727,0.39081204748085163,1.1579894872617005
2728,0.739836990141144,1.5721274907852112
2729,0.28017360549823866,1.4507139616178306
2730,0.39016553049976127,1.5719314763224097
2731,0.5186021321936988,1.3651149610041737
2732,0.49296384980837094,1.4944010429944825
2733,0.5333315984007851,1.5044727598853758
2734,0.5984612793890687,1.5676401705010512
2735,1.3411018062839832,1.3776383870410642
2736,0.5425410298809944,1.684616228913829
2737,0.8497595660890728,1.1562135730442542
2738,0.2931513387694987,1.1652570380386513
2739,0.750575562279404,0.9573321339992964
2740,1.1336373119910508,1.376049231254655
2741,0.20098821956453503,1.6113800923393575
2742,0.6051547429511805,1.5487971907915261
2743,0.7242688755078339,1.4501018977681617
2744,0.5711981493161955,1.455757616891967
2745,0.2020390168880729,1.6955945874303435
2746,0.2190729862875464,1.4447356944046668
2747,1.0078001219680612,1.0661556309705462
2748,0.6486282132314389,1.4311108667070203
2749,0.3624889752636251,0.7324210209781248
2750,1.1368608550722947,1.2564204218375115
2751,0.5182964623213526,1.4280528435897115
2752,0.9207592116048231,1.696875116054548
2753,0.4055952033775314,1.5672114847798322
2754,0.8958840197438983,1.5920823158643347
2755,0.4854360527665032,0.7893152222012301
2756,0.6247003736944107,1.77127330298425
2757,0.6010083339479225,1.214129451174561
2758,1.191628589988904,0.7670269181428719
2759,0.42986359216274844,1.8099788321846084
2760,0.7690013294092775,1.470885745442159
2761,0.3527410691500414,1.6672173872892313
2762,0.27346612363245165,1.4855678736571292
2763,0.2879702922776931,1.7636675405506232
2764,0.5850863598144209,1.6606602296348734
2765,0.46783471950209116,1.3649618274522282
2766,0.46240797825494234,1.538341958587637
2767,0.2702676966048484,1.5163959357672216
2768,0.8060723377733239,1.5634622226588
2769,0.9196919403115381,1.4315460454842213
2770,1.0348142955017376,0.6685592365943898
2771,0.46364596832673866,1.8439595688516037
2772,0.8273604942875117,1.440473166982286
2773,0.5882789679246739,1.264160178162176
2774,0.5849448418309054,1.8819862205494797
2775,1.17641329248402,1.4924979137564296
2776,1.19424663826134,1.4497663455019068
2777,0.42921501479631796,1.5132727442181453
2778,0.6598427056216364,1.4478171719380826
2779,0.6983529616674181,1.6684855004972485
2780,0.40313897028338325,1.542076148407689
2781,1.5107055433080252,1.4469256198406057
2782,0.47919807994759506,1.127279365285894
2783,0.5186070794651056,1.2015939964623845
2784,0.5023798470708908,1.425806546421426
2785,0.42306138373928825,1.899149338783284
2786,1.1967079077264984,1.3612462635329587
2787,1.337864660443194,1.2063969816910436
2788,0.8313352944520463,1.361919275892019
2789,0.8630571899726308,1.5152928158074834
2790,0.5851889109680101,1.266488349203048
2791,0.5763087128016354,1.3269853050354663
2792,0.6844024772753378,0.51575851005414
2793,0.7870878797074977,0.7519835813402267
2794,0.5604422945730394,1.0799823063044713
2795,1.0103389683889064,1.2986209798764352
2796,0.6373793079503016,1.2505220663782874
2797,0.34422183871353995,0.8961560129030393
2798,0.8179831609254572,1.0696625717764092
2799,0.7117882536131905,0.8941644956661747
2800,0.48493729638120575,1.480685523313726
2801,0.5084934203468182,1.5689714224448714
2802,0.9817107523126462,1.0922801065280114
2803,0.8711535083403864,1.4619660407494717
2804,0.24313918743076074,1.4927392498107284
2805,0.8544889472675181,1.6182003324891847
2806,0.20882428984027385,1.05177322532398
2807,0.3459973831631395,1.6156140082426533
2808,0.3160990468897505,1.0592280639465372
2809,0.6641098019174682,1.0579573970926992
2810,0.7602157586627742,1.0596745109191947
2811,0.6493817341930961,1.3137783050341854
2812,0.428203449194357,1.3642243965311578
2813,0.4329712309230225,0.5358581703040972
2814,0.8048122478044152,1.546297632018918
2815,0.8635949368040544,1.5975260992695153
2816,0.3903441075126441,1.6005840687573556
2817,0.28871825815821117,1.407750936616509
2818,0.8864835058487505,1.431061568312442
2819,0.38306832557350123,1.840286751934463
2820,0.6114206684200252,1.5686967368087452
2821,0.7315320581563124,1.2813003815288455
2822,0.31715026480821873,1.3265412744637701
2823,0.7093636275660754,1.4223904805695535
2824,0.537365078136813,1.2332619775738916
2825,0.6969958992986914,1.3413482667729273
2826,0.6682784992077625,1.4168014695228135
2827,0.8764792315412651,1.636855513296301
2828,0.3258544230148185,1.1673061067615205
2829,0.5698979021971372,1.4009631770635183
2830,0.9225411446255614,1.429229323713639
2831,0.6741154727838399,1.8783766956734287
2832,1.2487466352910475,1.4571043845883247
2833,0.1959588923216561,1.8417167604453593
2834,0.35449658121006766,1.6183407048249654
2835,1.0292892522527017,1.6818152767573233
2836,0.7434488091860534,1.1308740054289899
2837,0.6231737748193288,1.2745202909905453
2838,1.1344507914973,1.1080068576692312
2839,0.6815290627048953,1.7585962453261952
2840,0.7594450419645101,1.5216097931721198
2841,0.6249629644875327,1.6671124015131986
2842,0.7367480059925112,1.470224275461602
2843,0.4223890196057503,0.6099418164152544
2844,0.8635676719102295,1.3105280914511024
2845,0.41391575886350884,1.7046137525564127
2846,0.9040998913507167,0.7743947186984339
2847,0.8111617938395714,1.7562697835430892
2848,0.43340154565749933,1.1613622789885658
2849,0.349594466734499,1.7472277676308952
2850,0.38328292093765975,1.415458391511327
2851,0.7466056677345931,1.5590023803080135
2852,0.36144992615974053,1.3232030406719724
2853,0.3708294063129965,1.8406311656794596
2854,0.7188599467697254,1.2614329371016115
2855,0.171515822164835,1.0260029345174746
2856,0.7198219888977733,1.0162416495219904
2857,0.5405275474712455,1.3474689169749343
2858,0.38174176570197393,1.6514992761456422
2859,0.36617393376375634,1.8512589834586264
2860,0.7089866938429402,1.0887789858928372
2861,0.394363521099714,1.202109563300757
2862,0.36661491917805145,1.4086198116740796
2863,1.1117044694369342,1.677750017228675
2864,1.0388650751988993,1.407542142149924
2865,0.448155010490388,1.19531840059761
2866,0.20370418481480213,1.5544243904336552
2867,0.39158567845301523,1.1418006609341158
2868,0.5998929052356369,1.451922166368213
2869,0.47762127503770757,1.798814184351342
2870,0.5937495728755047,1.2802695361599432
2871,0.20700111071574046,1.420582396854086
2872,0.42900552448042706,1.1423453871015186
2873,0.11652511401615002,1.2362487890774645
2874,0.9254252704618134,1.3813642739807657
2875,0.4617591082469273,1.5295589874703697
2876,0.8991247751620526,1.6128413743840246
2877,1.0336423517382893,1.1554494158989899
2878,1.1686414031132133,0.5960145249277431
2879,0.2368436200467359,1.633631935588015
2880,0.41183880196930717,1.5015356594695803
2881,0.9965681777146358,1.5496170177065844
2882,1.3222566791602677,1.0320394244535538
2883,0.26560837842021306,0.9265026253906543
2884,1.0443859363601646,1.60751357446645
2885,0.8095938506517816,1.8853403054541902
2886,0.39785906590780423,1.6308762300166748
2887,0.7285103200805136,1.3427686675888388
2888,0.38273338817293784,1.5549685068975716
2889,0.5917623402366469,1.2495969494335641
2890,0.32944909199624467,1.2638651152063853
2891,0.6465926345866202,1.0210964082628164
2892,0.3796337969927234,0.4756680364476049
2893,0.43507643108618993,1.5674138400500524
2894,0.7828070375663959,1.5840686437635632
2895,0.2779221832165707,1.269479319166242
2896,0.8122638763910885,1.649418346268341
2897,0.6166368024602633,1.4262492669841313
2898,0.6045353418374123,1.6611647068518964
2899,0.303375698223254,1.742693065270057
2900,0.5075010116121909,1.1427191288136214
2901,0.4507399933070357,1.5868839602345606
2902,0.9990352332392146,1.4511357907178946
2903,0.9222749063912202,1.3265893075021533
2904,1.0461507168076998,1.2019281040177492
2905,0.12976329597918193,1.7182907676198702
2906,0.641648783802964,0.8908103328059194
2907,1.1256598130109907,1.2140567160992417
2908,0.8444118191817781,1.1691811417059328
2909,0.3816236322423044,1.518130494924883
2910,0.8789981539331094,0.8286851004088778
2911,0.41457703345864805,1.5715596770399778
2912,0.8286811378705327,1.56191239291865
2913,0.7438266929779359,1.6494445090885335
2914,0.26384378127295116,1.5049527365975124
2915,0.5643329709019764,1.6830215396149542
2916,0.6783593039889337,0.9308689026286621
2917,0.4044928945856446,1.0944875852366986
2918,0.7327340015583919,0.5989637464771402
2919,0.7081768761203763,1.070064933792091
2920,0.3687581332018986,1.5723415017774651
2921,1.256767336630821,1.1973244708708553
2922,0.41361211870535164,1.8509890115182
2923,0.7957241069077872,1.0843372768344839
2924,0.7773492612746059,1.2551493320713654
2925,0.7431229542558297,1.6036658178967165
2926,1.2357607171535836,1.30047242021435
2927,0.8656039598277779,1.5790606061522605
2928,0.8337454940673856,1.3801921353089273
2929,0.9959516671483117,1.1043714543347902
2930,0.2397438772841689,1.3346164788557904
2931,0.5693466073000145,1.3163012667879295
2932,0.9891211480175648,1.6642754143354725
2933,0.35056637779750466,0.941557862488491
2934,0.5316673430442362,1.1124877971756761
2935,0.3898434191126717,1.6093312715262464
2936,0.20874044109089068,0.9339311222757789
2937,0.8962493319477942,1.4039891194254395
2938,0.45151626347444024,1.5914901503155927
2939,0.622116478847826,1.6554035107407203
2940,0.43366303094822417,1.4895284986740651
2941,0.8156239258664074,1.0748791387187877
2942,0.46902906033483505,0.9847404224742067
2943,0.38646260122290815,0.9313396256218258
2944,0.7000571231735765,1.8763389403318622
2945,0.639414659607211,1.3096491156826473
2946,0.5496618213375675,0.8985811852492971
2947,0.8435679873354142,1.4007196885649706
2948,0.4411273662093983,1.6329882811578094
2949,0.9992012219225657,1.0858071516723427
2950,0.8384938673859563,1.3848984463626746
2951,0.7744484670236462,1.1020785865971727
2952,0.3517002760581287,1.2419797960594492
2953,0.2963981228639977,1.6045122600350643
2954,0.8778167216726672,1.8515476867004332
2955,0.6199592775791328,1.5257521866543176
2956,0.13391528556416005,1.560641301414955
2957,0.9317596168386441,1.510043856328832
2958,0.5177379674333297,1.6018532201010895
2959,0.4542032462118605,0.24043208791320714
2960,0.6716042535866859,1.1145311603624204
2961,0.6540511528594033,1.581545749152227
2962,0.635702069543973,1.3304482455834412
2963,0.24828244078418582,1.4807971222091985
2964,0.6990044289280563,1.199146960802518
2965,0.8637129965304753,1.344887567976349
2966,0.7623382810591335,1.1308137478732965
2967,0.7108788437457688,1.7477721171669176
2968,0.4667605288340156,1.3534455028411196
2969,0.5999788244890116,1.0491575975004634
2970,0.33148087377101476,0.6137802418581828
2971,1.0782317828456849,1.5238511273394537
2972,0.7016998365636008,1.3613290694031663
2973,0.7983933989015574,1.5788452740898822
2974,0.5511764716661206,1.256099365465431
2975,0.7291858975081453,1.7795695926356552
2976,0.4401352497349334,1.398852235743589
2977,0.852110041522384,1.4247287901962988
2978,0.7405605857526901,0.9280827580250846
2979,0.4139759680842084,1.4945452424698185
2980,1.0086146717927484,1.5442261962619552
2981,0.598908846724491,1.2218359083326729
2982,0.6141024418208649,1.1148386752829103
2983,0.5812816277995247,1.659401329398296
2984,0.6509559299061847,1.623130110678278
2985,0.5414762145926308,1.3544043238516452
2986,0.18018963506489213,1.6028495070951643
2987,0.7421163679450623,1.51791562044418
2988,0.5448851254718046,1.4095279060836914
2989,0.5140695177747662,1.5502794351843323
2990,0.25667555931182373,1.44156087883509
2991,0.36834309184213915,1.2155546448374657
2992,0.653742831630541,1.1646453327919541
2993,0.771525656080018,1.4988874276948891
2994,1.0584660495653002,1.296654225595013
2995,0.3770669608663757,1.4975798282019928
2996,1.0208002923617456,1.1242226042381571
2997,0.6993040387003787,1.4859937393556324
2998,0.650650640609385,1.3094284884574228
2999,1.3698208886959025,1.4159155096437228
3000,0.31739224581749537,1.3786851579960717
3001,0.46681215770788126,1.3119518741610716
3002,0.7752092821257699,1.2875564102454566
3003,0.5740890602111188,1.6303397385377603
3004,0.9207501953120527,1.6050760139980873
3005,0.48407255562783297,1.517231977784486
3006,0.5041120511926643,1.277274034408526
3007,1.003791029225625,1.3106564901513598
3008,0.4524209954662835,1.2471552744828287
3009,0.18993031805595229,1.8781339290997825
3010,0.6804594562428277,1.6213518055712055
3011,1.034866816925829,1.4492200798796766
3012,0.5639721951478742,1.236416408758577
3013,0.692884338792541,1.3790358042900221
3014,1.0181350097849367,1.6727861470462624
3015,0.5898391453998189,1.1254373449987198
3016,0.22813389979094886,1.0522532482645928
3017,0.4156856443404711,1.4065980068045012
3018,0.6043760454127206,0.8568933014799331
3019,0.4810945403574077,1.3157857683681602
3020,0.33721313087511895,1.1702736552589288
3021,1.2862731175585378,0.68352721897402
3022,0.46357620778064945,1.2034973731995668
3023,0.5772515718460409,1.4982256544078147
3024,0.7883318359033592,1.6594956389971152
3025,0.42804527338520326,1.4521429919316269
3026,0.39822749125027956,0.597393060323413
3027,0.5808093319768378,1.7341851019705836
3028,0.4172953844163555,1.2383042660986505
3029,0.5051025104263475,1.3552258524079934
3030,0.7913557761038513,1.2618781721092396
3031,0.4092284060949973,1.7471933218773423
3032,0.6973362404770406,1.751142742914758
3033,0.6750745974292587,1.2957868857187549
3034,0.4245309128124811,1.5365689992644977
3035,0.768743863882525,1.750591454309804
3036,0.3685859175617821,1.9098629126040565
3037,0.4049264858424956,0.7072300583425988
3038,0.5152930647403444,1.5480719032821446
3039,0.5737612884056864,1.5274813013563526
3040,0.7803905693803447,1.2989141153225705
3041,0.6978840582757969,1.438646056848367
3042,0.6919383257889102,1.1676959779388398
3043,0.8213220765277721,0.8764094523391861
3044,0.37318290206711124,1.755448547604015
3045,0.6340025981239582,0.8202201708795656
3046,1.162444603562161,1.630674853000108
3047,0.6625887053637494,1.4020949006874108
3048,0.8166188301299172,1.254091937082924
3049,0.44497463682440136,1.3420884799349488
3050,0.5427473582789426,0.7946275660584907
3051,1.14419415415162,1.4137644060791545
3052,0.49758149038303867,1.7097643761566268
3053,0.3698808936721747,1.0603347473995859
3054,0.49672587507762417,1.5717493409109922
3055,1.3408786331860527,1.4635712711099162
3056,1.0253205366071958,1.3585261817499257
3057,0.890692103200923,1.467478592473364
3058,0.8159347659171934,0.9927976504103142
3059,0.3801697063375119,1.6012993542493716
3060,0.23538521600869375,1.4905167642334989
3061,1.250646885104799,1.8267541202730095
3062,0.5344110410219095,1.559051581716799
3063,0.31962842251894574,1.376013390140549
3064,0.9173312630858506,1.1561276077239802
3065,0.7733221117566207,0.646962344760017
3066,0.33143968699387566,1.3733612576710557
3067,1.2292205557637081,1.5383905744959632
3068,0.5392704999417026,0.972216438401655
3069,1.098312463946008,1.5566522106380045
3070,0.47743557652594737,1.4648472084440676
3071,0.61451451588436,0.8184107472210331
3072,0.5945744102065069,1.7164355989697324
3073,0.7886701566668938,1.5839670510555017
3074,0.9177903855121234,1.6817109504532346
3075,0.22038167127307134,1.584375426146122
3076,0.6304545446496368,1.5563460812201226
3077,0.11828939425592712,1.168901090461914
3078,0.26176660521319456,0.7835767177168151
3079,0.26328317923586386,1.4317689426067888
3080,0.31134025893770334,1.6331667575037425
3081,0.36043635857263395,1.5804996425458004
3082,0.9808488163391996,1.6736191713168398
3083,0.49822298812439036,1.2191093739469427
3084,0.9261663736946771,0.4148092248790436
3085,1.113319204216486,1.1124666830825705
3086,0.7810988685064025,0.8715392574684426
3087,0.700732415342052,1.4644144272900124
3088,0.7583345184096904,0.98327249732558
3089,0.38260480641221517,1.3115669518685196
3090,0.41378965141393437,1.4863437046090788
3091,0.3494739246011593,1.727049155372102
3092,0.2815114036335117,1.6255947682809346
3093,0.18558139666868723,1.6353277222443068
3094,0.4892708563771699,0.7158774627247908
3095,0.9213486819659762,1.4563196991853853
3096,0.8934116093350409,0.7601936495467407
3097,0.7365138003528922,0.5918138930323582
3098,0.31758503747633704,1.1233034818975804
3099,0.1754269354061788,1.5521437017628528
3100,0.8423195977388349,1.6224236513703763
3101,0.41742704912440226,1.9696412148445075
3102,0.721426920084994,0.898748698788616
3103,0.8536301514312404,1.4402833044098635
3104,0.2749162000151694,1.2892029086626573
3105,0.433736477454106,1.5288621654655146
3106,0.1914334464396009,1.6434172705195658
3107,0.5856800718836676,1.3366246752871205
3108,0.19912354758090836,1.3149671320158522
3109,0.46257144639205217,1.0710008442487466
3110,0.7861119176782921,1.2494717576535201
3111,0.6211605132590451,1.6884616480372467
3112,1.0249526576245955,1.4169354100100355
3113,0.38510846775647256,1.370189858284626
3114,0.8643064364002436,1.4619837744282482
3115,0.8368347821802153,1.2243307052230623
3116,0.9867798634611007,1.0914521624005742
3117,0.19300599781901814,1.6096835741035804
3118,0.5387620436359484,1.347643909603617
3119,0.42651974287656497,1.7062561360834558
3120,0.5935919257407913,1.755350916478976
3121,0.5550945888356396,0.7802932363654984
3122,0.7780829183955088,1.7298321462939743
3123,0.6012923931181149,1.0013406383101016
3124,0.4425273861650339,0.6926676250723436
3125,1.2597319936702043,1.6069373363182564
3126,0.3927839779583844,1.1912887937373182
3127,0.6873419924087393,1.7021655558957327
3128,1.070014935184892,1.82693532238476
3129,0.13665728208258662,1.5585744242487176
3130,0.33154470314766143,1.3841400306567166
3131,0.5753991071157483,1.186199497450886
3132,1.1871503148606706,1.2223273302223643
3133,0.8442802339645723,1.6562095436248085
3134,0.40029244090997496,1.0734879705282974
3135,0.20585227687845417,1.367741041823061
3136,0.500019770978543,1.7080186481481712
3137,0.7383444828372482,1.637278646524415
3138,0.32556689680746187,1.0695904388599589
3139,1.4005355175442125,1.1724152650384352
3140,0.4072403360194716,1.666362486792823
3141,1.0777147564618268,1.6930024649473867
3142,0.25916618094588223,1.3539959672645208
3143,0.8242475978703925,1.1037744360244113
3144,0.41226005568803314,1.3096733837323655
3145,0.6259879414257796,1.6431192373578911
3146,0.9983694219770199,1.5713211651686545
3147,0.3348361393482325,1.270047530510947
3148,0.9949652902553224,0.878040991698221
3149,0.9035914924907112,1.567063996011135
3150,0.7140752534333495,0.8593651166152898
3151,0.7893733002265484,1.3705513068753026
3152,0.8087588219506,1.3091150959010784
3153,0.19103273648965874,1.2719257747278736
3154,0.69785130033568,1.3089806207660204
3155,1.0454162291491116,1.6918823893816406
3156,0.22716875047466986,1.3824149168409716
3157,0.9496820575969319,1.3303805128267787
3158,1.0084436638198537,1.2454401956688317
3159,0.5116091654174876,1.7745810622157268
3160,0.5464472389059335,1.7812615300906012
3161,0.2747849073315256,1.0354069906342431
3162,1.2216328324045043,1.0016011603285022
3163,0.422094119185003,1.4452410673891718
3164,0.3294512038789633,1.190317055760934
3165,0.8936782000882094,1.1206933576068216
3166,0.7095093075698202,1.5635338909143504
3167,1.0449037160387111,1.6575713905566132
3168,1.167316161417785,0.770528118171288
3169,0.7368747428944384,0.858265956123947
3170,0.6392744913721621,1.1127308574292845
3171,0.41320436870464644,1.078189846910952
3172,0.6242423037724055,1.0038232966628702
3173,1.6290173003417157,1.3847619146870855
3174,0.8281438377332951,1.31453262011857
3175,0.8419034456227253,0.5865826645997787
3176,0.668466269616797,1.3288351479183378
3177,0.3847397298232148,1.4029379473470982
3178,0.872738872926198,1.4673284022869675
3179,0.5679767006371592,1.3296357343697935
3180,0.43281732349861024,1.2391004197154984
3181,0.3070872293118083,1.2349333385541745
3182,0.813071754753961,1.266963592121602
3183,1.4522607919646615,1.3367276329525644
3184,0.8065678944409576,1.019558404886035
3185,0.6290980929776817,1.3064964483825503
3186,1.3029800670971503,1.9322902509689313
3187,0.6685785666152615,1.1651624585053035
3188,0.784417220341341,1.2494557198290743
3189,0.3820705198320788,1.7029488954290717
3190,0.600623988354144,0.9805339706305838
3191,0.544964991223234,1.0059858379378586
3192,0.7502744360598499,1.299161774582859
3193,0.46691881991292766,1.2783660377450063
3194,0.2525005870126668,1.4173702829044643
3195,0.793246410927278,1.0169882112775441
3196,0.6178752718013172,1.575052251917445
3197,0.42457918485402757,1.2124504073328946
3198,0.7212091253127823,1.5425803297968166
3199,0.8239472787692331,1.7802097631861022
3200,0.2627244236162581,1.3228417905028813
3201,1.3081435823804168,1.1570868529924598
3202,0.41211396423440655,1.1956686710551498
3203,0.42589416787060075,1.1266128334573426
3204,0.3092045795287251,1.5104938557971397
3205,0.7092624733043057,1.7962694042242917
3206,0.24014928880225853,1.6175493291833343
3207,0.8782703658794315,1.6331044604231666
3208,0.3048993056099156,1.9491362859307526
3209,0.4347016374163012,1.2094679940879636
3210,0.9821226128644442,1.4210980116129148
3211,0.6855194789712071,1.0377058000260633
3212,0.3966910137356528,1.0816186725502974
3213,0.9279795121956205,1.6383799156633687
3214,0.6499892575542618,1.439607839237463
3215,0.6975354447556404,1.2181736024756349
3216,0.8350484091170193,0.6537386660775482
3217,0.7802777119442624,1.5409795314836576
3218,0.5413731796687401,1.4870488752612339
3219,0.664463660008603,1.3445526107031986
3220,0.3284257478977504,0.743450431925103
3221,0.22494043030321034,0.48277813611402465
3222,0.6214117638413029,1.6946905520236055
3223,0.3648847581409568,1.4198169944951984
3224,0.5309059005605259,1.148201858474006
3225,0.4080648290299466,1.418569437930456
3226,0.5197711770414086,1.027119835647396
3227,0.8611323731780427,1.6841816676498815
3228,0.6126569523449928,1.6187563067058894
3229,0.46102893841282155,1.7479495866061194
3230,0.7623896462125475,1.7093598775570495
3231,0.3604181013324355,1.3921716556420756
3232,0.7619810782487246,1.585515535430877
3233,0.7761488382743437,1.7151295465341716
3234,0.20406204130932357,1.6540078413740493
3235,0.1443247203534249,1.252382471302925
3236,0.6052006769995718,1.233228854234945
3237,0.8361088946702034,1.4847257910187872
3238,0.6081149789029519,1.355456341017174
3239,0.9199991258706263,1.5734693137453453
3240,0.757803276550855,1.2266098493303907
3241,0.6115683410274337,1.1063797981641683
3242,0.5820745980556384,0.9444295358449355
3243,0.5641817567454702,1.5769766019359777
3244,0.7029210036712837,1.1589751614519697
3245,0.5631238222765501,1.6047937992280277
3246,0.46658748848813153,1.6869453795480784
3247,0.6377835880495984,1.0744989895443937
3248,0.8825983900320734,1.6033048861484704
3249,0.44540494201287173,1.2990727583511692
3250,0.8850304754716152,1.4967991123955935
3251,0.6762313102471674,1.3561505443036017
3252,0.63904925684318,1.1663018837761985
3253,0.8057619933775724,1.356660850159393
3254,0.3973330482236156,1.1393625280773911
3255,0.6435396606751547,1.6125650230671817
3256,0.26617260341911636,1.2403262541509381
3257,0.5208303469009495,0.8642322731377019
3258,0.6267447076424769,0.8854066084830845
3259,0.6739857821189015,1.5894020033088514
3260,1.8206835126340621,1.2489522106588993
3261,0.9655675924429503,1.1946801689209638
3262,0.7073650894472031,1.3510127753823684
3263,0.7603338627667977,1.3988577264283466
3264,0.22264616308712354,1.6260756798032303
3265,0.8368422798105635,1.1213458754214656
3266,0.47566104294282074,1.4096749333902312
3267,0.5533521467029113,1.0903027646375443
3268,0.9909013136511339,0.9787391100325997
3269,1.2280241690843992,1.2527074308629107
3270,0.8360751535360184,1.5563481457458452
3271,0.9916964474987996,1.59738330355682
3272,0.6624020374324588,1.4147686533869572
3273,0.5256603335755994,1.4558255876339343
3274,0.551688128600163,1.3017993608964602
3275,0.7903302048874887,0.8690023450085684
3276,0.5312066486984907,1.426505269634351
3277,0.28713102712585975,1.4858615583332977
3278,0.5297156095345645,1.0412733105495322
3279,0.6999071510378175,1.395863917841857
3280,0.4403210287751334,1.0563798733454584
3281,0.8172941635079978,1.5366716836789969
3282,0.8534167256256555,0.8399420240758526
3283,1.0494781085110587,1.424126328839246
3284,0.5844830665187304,1.2276662551061177
3285,0.7733756749965199,1.5841105413497365
3286,0.5210393641103351,1.0268795414529357
3287,0.4158647391604321,1.3262872638803134
3288,0.8737291728385047,1.2391241321818725
3289,1.2285881261224043,0.9791883680602196
3290,0.5789600445283544,1.702372256683422
3291,0.3005034268249602,1.439860573176451
3292,0.9434059854896111,1.4212468064207395
3293,0.6912873282783275,1.7442148302650677
3294,0.32248182606689085,1.034514568398499
3295,0.7917688538065025,1.245006425632131
3296,0.5968334600140853,1.4776919396980068
3297,0.6243941288232572,1.3014356912718683
3298,0.6101256885773512,1.094677145502255
3299,0.4035179591881053,1.6719441722351827
3300,0.9067488368083493,1.0458480027675785
3301,0.6315947983783706,1.1289081256521916
3302,0.5767741513597574,1.8016240441792415
3303,0.5262295626790319,1.386830331492464
3304,0.3666609816364405,0.5596014122353461
3305,0.28345905276085287,1.7097837195242418
3306,0.2774265117449339,1.4336960857566514
3307,0.4589321742067634,1.463843845520354
3308,0.3111124242964274,1.6354489555721738
3309,0.9646705600744856,1.2705686994982215
3310,0.5382318915973341,1.7282409123971498
3311,0.8766364251721505,0.7257716228643867
3312,0.5018368837554822,1.7172588947530976
3313,0.3142259637645304,1.2682325163830943
3314,0.8526982641188728,1.7159358080867397
3315,0.5246143657655049,0.9865148944860327
3316,0.7771210123782665,1.6081151381419914
3317,0.2838514175264071,1.4115127274293666
3318,1.2020426598677343,1.4429603954057628
3319,1.3125029100864412,1.2773257647591323
3320,0.6757084953865672,1.165983483195928
3321,0.5892176795452775,1.143146477658878
3322,0.5260715074731193,1.5543421916409519
3323,1.1003299320210402,1.4390839348163307
3324,1.2213813650622403,1.6718410113176867
3325,1.2524134058492724,0.9387540051110523
3326,0.7330385900072289,1.8648220121880423
3327,0.43860280729913226,1.3373430049346857
3328,0.5472144024716377,1.4118044464209085
3329,1.2173909430907737,1.3291425070306777
3330,0.5935930150419318,0.9045913166511839
3331,0.32719537352989625,1.5424677708662369
3332,0.6050628794576985,1.4193348180419858
3333,0.6602519846145868,1.592316982315669
3334,0.4962314333458028,1.6759769805020883
3335,0.69726011349398,1.0934186640537058
3336,0.5949464621530945,1.1514863981382033
3337,0.39465298186383196,1.0072750283119993
3338,0.5916372799918836,1.5446417581745855
3339,0.30989012054930193,1.220426368560992
3340,0.7451599397473087,0.9533890980091453
3341,1.1635320129768902,1.2056080150866486
3342,0.66817962514339,1.337395011065601
3343,0.1374610049622448,1.7814421433343979
3344,0.9764207545656777,1.5719290529502303
3345,0.5045679976941203,1.2788368740780256
3346,0.18428953196785647,1.28386318561085
3347,0.47049003426167196,1.2469786176290794
3348,0.6709504780782798,1.5046045899781577
3349,0.9012546054672855,1.7917884550769145
3350,0.988323476188171,1.4107856655566162
3351,0.42297568842765354,1.6979820646942911
3352,1.2140552530664181,1.5103173883136174
3353,0.3253167019577886,1.1437568150938424
3354,1.1011254872858416,1.3196007687739635
3355,0.7147945115706518,1.578756793507818
3356,0.7058345450878074,1.5803815231102638
3357,0.5325600124200093,1.2165494298127792
3358,0.8430331457315017,0.8166325873130194
3359,0.40600631329129827,1.465476608287542
3360,0.8665825891823973,1.7658910079076284
3361,0.8672285689311128,1.4623657145406423
3362,0.5252275651992399,1.6304986894307638
3363,0.1607684352992946,1.0687322003914441
3364,0.7459058173040075,1.0729675920832547
3365,0.915583219574129,1.4361048128436047
3366,0.6497267799656733,1.6485818526402132
3367,0.47436278961303924,1.5885329873397658
3368,0.38683069687481053,1.4954061508977667
3369,0.7561188492178499,1.399194377967798
3370,0.649074670718741,1.2397716176074356
3371,0.7358399710317394,1.285259563256116
3372,0.457270479144716,1.2420002221258768
3373,0.36442321070469397,1.155889617194393
3374,1.3738606635396802,1.2331761680159103
3375,0.6317369476822982,0.8797808509946219
3376,0.48610788411482025,1.2488669682616198
3377,0.7317930958686628,1.708273114155919
3378,0.8802022428269246,0.8594568731237231
3379,0.6691357067189346,1.2471221027352986
3380,0.9403112896844387,1.5765380812614525
3381,0.4080290696649298,1.4093898315202913
3382,0.5862481664451525,1.3700824228615947
3383,0.4549412380347812,1.0706305139231347
3384,0.3457737140147278,0.8349080890767235
3385,0.63037514284601,1.296541377912974
3386,0.6027360365836637,1.072198676132607
3387,0.5583927004852043,1.4657431413354258
3388,0.9306183666464829,1.5623775974974357
3389,0.8978818151539214,1.9708087935461656
3390,0.43775077995452427,1.2523062400056897
3391,0.1799413741845508,1.259561257626189
3392,0.9586587940520483,0.9685419785020442
3393,0.7615408621786084,1.0254383625044248
3394,0.6939614977285355,1.385640312510855
3395,0.7051032810082465,1.6923389470079504
3396,0.5425272728872487,1.7191273980719293
3397,0.43732447341746244,0.9393881559209472
3398,0.2234230830185795,1.5448850796906215
3399,0.8843465689773132,1.1973088549601976
3400,0.8701132290708142,1.5859267488307551
3401,0.8387482363801821,1.3542167116311588
3402,0.43934885371799065,1.875219449810474
3403,1.0780664702592857,1.3808783319000058
3404,1.135109366304236,0.8898957824840958
3405,0.5649297953849846,0.9350947283144104
3406,0.6073573901832214,1.790983436492454
3407,1.0073111350293475,1.317315669748076
3408,0.9715191321224013,1.1653575284716577
3409,0.2780806623701095,1.4398087245671718
3410,0.9624408743990467,0.8392951528785157
3411,0.7419733647894129,1.4376745208071484
3412,0.848770508523925,1.4927069716016632
3413,0.7894860979714354,1.547753530803123
3414,0.6001884474313559,1.353617325313952
3415,0.9081203432307868,1.3323486662010038
3416,0.6520863972380455,0.7741615108881075
3417,0.40961690120922817,1.386145436042454
3418,0.5974865713234919,1.6495723800095365
3419,0.6603487362867143,1.7479112153204606
3420,0.6863868276093091,1.614346255019973
3421,0.5418976165542808,1.0487397465228419
3422,0.5537117895104788,1.3998959981348538
3423,0.636510760502182,1.534924539071172
3424,0.12539816127150427,1.5290233932801405
3425,0.7197256832479457,1.3799480652413456
3426,0.8335093583519049,1.6011614218884476
3427,0.5415916461989772,1.3500664199717165
3428,0.7535843603311104,1.7131666804740227
3429,0.7212716114813996,1.0061089403783265
3430,0.6309960632852203,1.5927014790308331
3431,0.5271744593063385,0.8915255470095329
3432,0.9686667575517658,1.0012628434214148
3433,1.1876235201820489,1.1859633815194373
3434,1.0910808687136297,0.8514279752671334
3435,0.6332031397460842,1.65506139541688
3436,0.6011171250807165,1.3529138612440204
3437,0.592917039731451,1.3984750573693887
3438,0.7352904094907489,1.5867428871970373
3439,0.5840099201316248,0.9094931855015513
3440,0.9048768792689185,1.4989359453925244
3441,0.33644687172547516,1.4618792637911078
3442,1.1111890143808136,0.9725733057657988
3443,0.7291045299150178,1.3799502270220634
3444,0.0413497217843614,0.6660530008534331
3445,0.7649294803269879,1.291500759878925
3446,0.9171353316631011,0.9917910672394241
3447,1.1010101195041506,1.4197135693507001
3448,0.9344742216713902,1.0515593561251446
3449,0.16115792240155968,1.2112356669740878
3450,0.8167247094044133,1.7523694865055839
3451,0.5413329999719538,1.5795668865661296
3452,0.5987191789554447,1.2610782569079337
3453,0.24415672660338653,1.1843525393382888
3454,0.754752636180989,1.754191240045118
3455,0.3892111104059971,1.557491670584358
3456,0.4410171299075984,0.9771489912372249
3457,0.440350031159023,0.9880569592171684
3458,0.6408997940216048,1.2503776342869561
3459,0.441328154930836,0.9420876070164645
3460,0.4370094153308699,1.1294265788826756
3461,0.6808276721932207,1.516225415285687
3462,0.5101204729221189,1.739983969233467
3463,1.1016098733539066,1.4171072313530417
3464,0.803205464203267,1.6653846714186604
3465,0.8757183355781059,1.6910732663302306
3466,0.43218734852460444,1.326384377972759
3467,0.993498131817327,1.151775818072116
3468,0.40661544835866115,0.788937476088498
3469,0.344912798391683,1.1492643772628695
3470,0.9351145097287153,1.460459849122834
3471,1.20459583892002,1.6197710612928882
3472,0.6659037110645867,1.35888001364131
3473,0.36833615589262936,0.9774014055335232
3474,0.5669488071740223,0.9832837921567523
3475,0.8499942091106348,1.4843473591403353
3476,0.5681308377799366,0.8440161154021506
3477,0.3447030656614867,1.2027857021227717
3478,1.2122257918170591,1.2964857105475218
3479,0.5915909843555275,1.436193416193921
3480,0.6264505131481614,1.6385110856896679
3481,0.31309577350700585,1.654169545384828
3482,0.553176955652196,1.3526804343035868
3483,0.21345388540615173,1.150963372032742
3484,0.6341976824400639,1.8205901311237278
3485,0.39520031196925043,1.693571366991202
3486,0.8444869817778923,0.9474029803163833
3487,1.3069014434142734,1.2951217113867584
3488,0.3304588799505711,1.0699527329558087
3489,0.6816151067570805,1.0349697214449396
3490,0.5476649901846268,1.2777153823079708
3491,0.5820782186231683,1.6494913188909768
3492,0.9482855448376127,1.2026353782508814
3493,0.2078488344400065,1.2966883618805727
3494,0.9613877442792125,1.0724525835691
3495,0.8602777904747593,1.6171075549288585
3496,1.0257154408737712,1.3767782931069708
3497,0.62265128961639,1.1290604570550422
3498,0.7739305427210059,1.1460478369019005
3499,0.49993970237838303,0.9240393557081599
3500,0.492524677765196,1.2269833905894096
3501,0.34498097562504015,1.2462282771518347
3502,0.3968014683774394,1.8972967340416818
3503,0.34911451018261197,1.916150641300598
3504,0.8592123590477432,1.661174282536318
3505,0.785468596590213,1.3869939685810404
3506,0.46794498285952363,1.1157368200382667
3507,0.46525487105273156,1.5440262447591229
3508,0.5155198149266084,1.6978384972549756
3509,0.3203478233371411,1.4364454136898934
3510,0.8048975646977624,1.6443429391803075
3511,0.717942811939655,1.5632992086323676
3512,0.42575438712106173,1.5918510517318152
3513,1.1585070446059675,1.2405015563491146
3514,0.7549760984880571,1.5168748263405702
3515,0.8057006477984244,1.098013061322856
3516,0.7221359733359105,1.255821799845796
3517,1.2500459739566472,0.8898684031388484
3518,1.6144967662957304,1.7191584539177773
3519,0.24443556107111405,1.1832367869956797
3520,0.8901288123485915,0.9759946486887547
3521,1.0664171776327285,1.270689760145085
3522,0.35386385269223675,1.1219074293677853
3523,0.16107957801291,1.754260253254194
3524,0.8145667278952358,0.9876106830305973
3525,0.47216707055057366,1.4314771880607204
3526,0.6106670329845162,1.5149969341397298
3527,0.21804992361931258,1.4486281420181433
3528,0.8354065723277224,1.804862255995529
3529,1.1286532340112132,1.471421653283061
3530,0.923741331854491,1.3792440371564991
3531,0.509547014997328,1.0436863572218282
3532,0.4334657296202166,1.8946813701505723
3533,0.39417904569570805,1.712021465938078
3534,0.6154284167500599,1.1847710000664458
3535,1.0178037534905275,1.4026861238492503
3536,0.5253293567081291,1.3127999391484444
3537,0.8099841761152563,1.2269143279148633
3538,0.15799402954847647,0.6010371171079492
3539,0.8333284741080781,0.8836350766567127
3540,0.1053198531302312,1.4822995389230662
3541,0.5634670644147282,1.6356674453572313
3542,0.7576916811312601,1.2966355933802185
3543,0.48345732068082603,1.867175800009707
3544,0.5625567729391867,1.6992530129256507
3545,0.5841707778045688,0.9967457291292756
3546,0.3511025686836892,1.6852755301993227
3547,0.4018722591882612,0.9942469950349053
3548,0.3919597124574099,1.163108868097324
3549,0.16315038236890658,1.0347514410880922
3550,0.33253762501718187,1.3468590253832606
3551,0.8669250748711294,1.9296046693163347
3552,0.3945121211522804,1.0476813276683006
3553,0.6774215496591783,1.2585914878697575
3554,0.9806823669282038,1.450305785650274
3555,0.7037165118991375,1.3060770650852254
3556,0.9234090790554321,1.4023463707248642
3557,0.6038675319739087,0.9146446603467111
3558,0.45531476184115605,1.2536576805724735
3559,0.4741925076223857,1.5514044531973887
3560,0.5448478553394864,1.4054166169168822
3561,1.0539562166519763,1.4506698065088206
3562,0.6828595389135935,1.7618111906259177
3563,0.5653279519585379,0.9667777313209187
3564,0.5346339404700039,1.4960785680613902
3565,0.4601625112778264,1.3599915530533306
3566,0.7886688673021984,1.5404775026598712
3567,0.8507038710214087,0.934760474565915
3568,0.25504923219320985,1.2479364103734736
3569,0.2985606281770443,1.0443362039519193
3570,0.48203599972667166,1.2363646958503969
3571,0.920418624178281,1.087549115850895
3572,0.4728733687777826,1.2480180692492016
3573,0.7048783654114898,1.2290341536345708
3574,0.2927054383025957,1.8184085816034197
3575,0.8621551662293045,1.6043018765270742
3576,0.34587085900362474,1.2485973499106429
3577,1.18790468816621,1.2627538422787559
3578,0.516564236466498,1.4756981798929252
3579,0.549101624387858,0.517242121434047
3580,0.6431395011480018,1.1101575327960274
3581,0.7322830024472908,1.7273202335129954
3582,0.6671301049049612,1.6521480232357513
3583,0.3462916463064542,1.3840531506969334
3584,0.9067318411180526,1.3765344077320838
3585,0.4611594821067107,1.1840610419060362
3586,1.1809068341634983,0.8973933592445547
3587,0.5576816502919872,1.1713771300707485
3588,0.3220695138973782,1.086933341705603
3589,0.23213084150318294,1.6781147157096508
3590,0.7330208106051683,1.5493241130399606
3591,1.010288095781422,1.3469470168048385
3592,0.5314567176934543,1.6330002568756408
3593,0.8803826103379092,1.2991961865182666
3594,0.904919103783932,1.0732861701335068
3595,1.0912889645117787,1.0016829875070004
3596,0.6164944600189786,1.651761607258839
3597,1.28185641215399,1.569771019021553
3598,0.16314316122685232,1.590298951736822
3599,1.0955106207679606,0.9638064168853495
3600,0.2970126230607557,1.6873177117437
3601,0.6067206885183865,0.8780418830041632
3602,1.1031509776240662,1.5011305731489621
3603,0.7882513961594986,1.0369575970747789
3604,0.5075135976545788,1.091444472734369
3605,0.5873625584906174,1.5490325012408366
3606,0.4124158997727207,1.1057758949120373
3607,0.5903179230555781,1.0226005024768483
3608,0.9361583942721728,1.006611592162949
3609,0.28100510401320167,0.866208238423126
3610,0.7955893659462594,0.8291938293352077
3611,0.7757384780666471,1.3929260247081037
3612,0.7313961687582953,1.0544917166281
3613,0.8063191135996278,1.6945900523478041
3614,0.9437565032145329,0.9047060276876924
3615,0.8407279055333132,1.1491094065055947
3616,0.7018974960707309,1.126306623060938
3617,0.8065222685536719,1.515343553095434
3618,0.7297150422157875,1.5082995486511965
3619,0.8767109800163183,1.3550773493815198
3620,0.3915446216142892,1.379177891463669
3621,0.7211128944277478,1.4671231061062344
3622,0.6832317341528901,1.5887990497740412
3623,0.33783335639717693,1.5289453612521273
3624,0.9764132287048513,1.4608112891178184
3625,1.3411972025427705,1.6351823302246378
3626,0.39867091897590096,1.5656734524957001
3627,1.518824074903156,0.7376796174053566
3628,0.3733040864282961,1.4103343622665638
3629,0.23318484365350978,1.0429934001771453
3630,0.6290298497590117,1.666692245086615
3631,0.5805708795214183,1.1649441406978154
3632,0.7076560091531533,1.1802591983447845
3633,0.8513959504993155,1.6780497725285632
3634,0.8739952713282619,1.607074971532757
3635,0.7292883594136848,1.3155145919833693
3636,0.20062780718362502,1.3484243132092388
3637,0.9527097629411392,1.3813295562132808
3638,0.8559560952318591,1.600994047554672
3639,0.5714605161915832,1.0698218900012981
3640,1.0193518897786198,1.485836409622084
3641,1.5084898968670697,0.7318869824440137
3642,0.5324080751931883,1.1462708936319896
3643,0.6675327336392484,0.6384892665186415
3644,0.48747349073368695,1.1688383082273297
3645,0.683838047730376,1.4328769041532587
3646,0.6571206738395013,1.6731947648314542
3647,0.32971890162627493,1.7076053921168741
3648,0.2657472353703558,1.6099793678390426
3649,0.4421857482897674,1.7585630235712804
3650,0.2799485643852139,1.5780851329508403
3651,0.8027378298364095,0.8776756975755058
3652,1.147233261896709,1.0485722422623032
3653,0.5488312872232259,1.2445854848807265
3654,0.8443942060940488,1.3341811037437665
3655,0.7200872760827873,0.5618319875329469
3656,1.0783380109506142,1.657560173397827
3657,1.271712647401003,1.026736376392864
3658,0.6218381550077694,1.606059063028813
3659,0.745746860853912,1.346648148856695
3660,0.571317921586812,1.2759015789429893
3661,1.0460877240588107,1.0424079009056832
3662,1.117797533715257,1.3209106673328503
3663,0.6109991865929535,0.8328655056907972
3664,0.5483528413366235,1.2845374169089605
3665,1.384433244200546,0.8132870381964845
3666,0.1617015913031672,1.2397712919878572
3667,0.3009857753371283,1.5037445517530763
3668,0.7908322470499766,1.713696880050254
3669,0.6570335141011188,0.7923386380198001
3670,0.6601686188935292,1.4389655228828833
3671,0.6469907754219097,1.6348448963922215
3672,0.680663203481765,1.4352746616571446
3673,0.25000172619075867,1.742816401289477
3674,0.9453868734522249,1.167356701667695
3675,1.0814464258073007,1.6009968548799165
3676,0.4849523459193868,1.205138185408312
3677,0.5914144584243419,1.4098525811003653
3678,0.7372454743165542,1.0116905698020753
3679,0.21618822525328357,1.178586793495239
3680,0.5160435463260911,1.1477531325974537
3681,0.42513717852785055,1.4976990955155198
3682,0.5252467050403752,1.5551061027907642
3683,0.5585813930314896,1.6631788427384926
3684,0.6154978168084727,0.6503458056829488
3685,0.5511141780010427,1.5296005964127997
3686,0.5094165077239843,1.2919722314116953
3687,0.630891343537065,1.172798101824326
3688,0.9655654057723729,1.6045043553793397
3689,0.6269860839855156,1.5739070596402582
3690,0.388555094152042,1.3195071669049
3691,0.4371515969710783,0.8434675349691065
3692,1.1058286782925124,0.9239753063786562
3693,1.0543575597186858,1.7283396133340712
3694,1.3177757118482274,1.664982061908977
3695,0.7746144092153016,1.5441608771005835
3696,0.5667600940188688,1.3197086943146896
3697,0.3896635974838225,0.8082516541076474
3698,0.6040853302983141,0.979302708370605
3699,0.508799300974175,1.3862846784046656
3700,1.5771760008487843,1.8074487756990012
3701,0.9233876566940558,1.3376716881692743
3702,0.6064750052318647,1.1840195525601565
3703,0.49861589101923415,1.0558891840289233
3704,0.41466265155232807,1.391731507850079
3705,1.413247213738241,1.3096050171116889
3706,0.5074259530155579,0.7573165315978683
3707,1.1703160729685749,1.5863690652554843
3708,0.7145498513043076,1.7436570008069698
3709,0.5297374832287671,1.7179850287998975
3710,1.2420876651738428,1.3488925383646415
3711,0.5938495764727969,1.5213505762720079
3712,0.41909351146511725,1.3366873557403038
3713,0.40457934663988737,1.1413039545075778
3714,0.23430839920415936,1.5158462015095395
3715,0.5730002847175117,1.1788192321272484
3716,0.8624119666692373,1.6500505234008367
3717,0.3052066251707631,1.7719893596107403
3718,0.8066217319730916,1.2918133186226248
3719,0.732339455342277,0.9303566386264661
3720,0.7740851339083135,0.8605028049644512
3721,0.3528720427758082,1.1062709898726304
3722,0.37859456321787477,1.0080340190663417
3723,1.2006883356286115,0.5680418336849318
3724,0.7834959569782198,1.381424770975552
3725,1.020131750450134,1.0574534516301526
3726,0.7483651932354977,1.5717827415831138
3727,0.5931991644829387,1.4946977812082618
3728,0.7501190441925427,1.2580945064790812
3729,0.5736722614319223,1.1882416068174004
3730,0.28846470023399223,1.4844390418860587
3731,0.7792989065295779,1.4279613545004688
3732,0.5700820043908471,0.863433187290541
3733,0.3682125350237516,1.12538265056362
3734,0.5742939205059315,0.9825724873404154
3735,0.49976664942931853,1.4277876565051948
3736,0.9971561882464548,1.5060807583812237
3737,0.36139722944482733,1.0412157389744636
3738,0.7206349311318887,1.3533837583282697
3739,0.7063664626330745,1.6309031901076771
3740,0.5644882306849086,1.2891533436404818
3741,0.43321656144334153,1.4879060591211632
3742,0.7375148440281357,1.1048408025484229
3743,1.1465925298297777,1.0104419670667413
3744,0.9198737064375294,1.0411882154747147
3745,0.5190247955083714,1.8023993629183883
3746,0.4672321613981717,1.3827115587520802
3747,0.5454616782699269,1.1454381525464634
3748,0.8769573355416416,1.2964712178913755
3749,0.48050696939394894,1.1498555515898174
3750,0.6460969627288828,1.2656339355076796
3751,0.3840197554264623,1.1787675467044667
3752,0.07986179422516103,1.0055853393926606
3753,0.31621510990866075,1.415826011126284
3754,0.6055698582836068,1.6012127565628975
3755,0.7313589410777794,1.4164649226289505
3756,0.5360745342116716,1.1659288069193345
3757,0.46360307829003305,0.6792276669031037
3758,0.8377977806494485,1.2042799349088076
3759,1.0508419636438282,1.2099601992119884
3760,0.47665328736399026,1.4758942211733386
3761,0.7485858603794533,0.893687801683948
3762,0.16297409420918285,1.2031071252342456
3763,0.5168988802661995,1.0866533374250582
3764,0.8642873905892792,1.4812123049320731
3765,0.260126703121623,1.8640806361833802
3766,0.48698549423114756,1.1461866641569782
3767,0.2151379148132953,1.7161792314242406
3768,0.3139281340902986,1.351345369004969
3769,0.4816491288041136,1.6403640385112443
3770,0.8749332217471638,1.137183171175787
3771,0.4939592416377041,1.7002354038949714
3772,0.6916360484216767,1.0247485221766324
3773,1.0630181359386253,0.5278962761169268
3774,0.9432439606433008,1.5795997662011878
3775,0.7158699688020506,1.5799953149209964
3776,0.9504214744292881,0.7997279276150371
3777,0.9354615644421282,1.2642434678935488
3778,0.1897514064482258,1.5693389685617372
3779,0.7379435079759868,1.4317185348826689
3780,0.5335012080700922,1.108575815702773
3781,0.9607416411414706,0.5850597989206772
3782,0.43139681205850305,1.3029866954173994
3783,0.34714898213581247,1.0343328134846757
3784,0.8081749062197537,1.2569162414201431
3785,0.3716241505957981,1.0869921739758044
3786,1.2231821129797311,1.1257031473904986
3787,1.1970258926855215,1.6347034188855378
3788,0.6496276510817285,1.3763243904552547
3789,0.8569034714934906,1.365176124423586
3790,0.5731612235172819,1.562352656375982
3791,0.4385219850033135,1.3968630445910508
3792,0.6708207539112306,1.5322664253649982
3793,0.3589593458175408,1.3931655058784558
3794,0.8930931948343312,1.0005111475215287
3795,0.6898335876740623,1.5991060340653673
3796,0.929415612607887,1.3496278215948916
3797,0.7626708142047374,1.6173637292253045
3798,0.4749616275506102,1.6842460219664421
3799,0.3732027426426508,1.0505434978177317
3800,0.9680878828564021,0.7780090650626639
3801,1.2641539986621304,1.5207705129104783
3802,0.22185559797548288,1.1022669327296728
3803,0.7311505387265025,1.120410529035825
3804,0.15762421607510185,1.0795457439872203
3805,0.4360529234791776,1.762038226101977
3806,0.786802247752562,1.2807275547604628
3807,0.4243984408570972,1.1129722785859844
3808,0.24731827241249207,0.7044005944991669
3809,0.48756159464516463,1.2795138762958729
3810,0.4556404534909581,1.4997842222434477
3811,1.1817999791866336,1.1557525380715123
3812,0.655716518878521,1.328029617128851
3813,0.4279273640152512,0.8511922265500871
3814,0.6952752283317568,1.378235119175542
3815,0.6253298189856898,0.8711328594771732
3816,0.7507761977420994,1.0179618544272109
3817,0.4285320423301043,1.0684925597174595
3818,1.3718905282968845,1.62361000772852
3819,0.5278301618763512,1.257135551589219
3820,0.7957106005670929,1.1300878462956478
3821,0.7753046692365768,1.6687919467016574
3822,0.19614142279981878,1.2209850508620765
3823,0.5202339431171055,0.6665927929061124
3824,0.8909967113663205,1.3426499295218135
3825,0.6060860663100687,0.9980506755926901
3826,0.849395963358541,1.045035431194663
3827,0.4433671001988596,1.5733667778131615
3828,0.546137096522653,1.3019672361247738
3829,0.26708600472489924,1.7596739975464717
3830,0.9156371578932925,1.5783934632364551
3831,0.7567147919168111,1.301962998141689
3832,1.1470929613655068,0.8592796718309419
3833,1.1335473594254006,1.828398968567997
3834,0.8550523127761931,1.1347874504286573
3835,0.3071819291811429,1.583255331229334
3836,0.7863910027461403,1.1984750233081676
3837,0.5472472815297628,1.4850223737345178
3838,0.1736883175019576,0.7606422455290822
3839,1.2495521211790919,1.3498952921698109
3840,0.28029210630113344,1.8616017515812748
3841,0.6370968677674523,1.1891472570664907
3842,0.8994187546004557,0.6212746970773748
3843,0.5392590159264521,1.3782048009236199
3844,0.4852582445582454,1.3445267380528363
3845,0.8995176775899313,1.7208988621796693
3846,0.34446875152360884,1.3079968804787079
3847,0.5045478247843729,1.3707006218589988
3848,0.7830712911936547,1.435857629005739
3849,0.8650967923475049,1.65211120173535
3850,0.505137647315568,1.5172589464214086
3851,0.927123413144371,1.4103258234958729
3852,0.782190880155153,1.5834005372324973
3853,0.73932983430476,1.2727056547152142
3854,0.6269989207842845,0.8628886703767544
3855,0.5900383470805107,1.6261835892748877
3856,0.30615474917098623,1.2432083148178052
3857,0.43408062249842205,1.3572058142535002
3858,1.1817016919868362,0.7190211867004817
3859,0.47357994686248056,1.2065655133681976
3860,0.5412625291594757,1.120473117693748
3861,0.5488779825305683,1.243260260787247
3862,1.216559992908935,1.2900888144620735
3863,0.7528920874255092,1.272828815267511
3864,0.3453225766794355,1.2691466471052972
3865,0.5059589306580342,1.2305603418682574
3866,0.48037176382053115,1.2301189676102458
3867,0.5514727131347057,1.8361597996780503
3868,0.6237374319782586,1.6831785152367507
3869,0.5574514795134321,1.6171647919209478
3870,0.7132788734108785,1.3513849840245045
3871,0.6196776916998693,1.2915723820345133
3872,0.9417335943672751,1.5674421712785154
3873,0.6925633975973241,1.399642794065194
3874,1.0986243585843882,1.4486350900695215
3875,0.4949026711462167,1.1776717254449536
3876,0.7920422974067197,1.5717638940978136
3877,0.28235370448686054,1.6488935869696686
3878,0.7806648870520898,1.300214886891297
3879,0.8981782223490522,1.481221040802331
3880,0.6383713552258568,0.7763022126327619
3881,1.0869297217206075,1.7061155882617007
3882,0.14843542106412136,1.3767546777155286
3883,0.6745551335394582,1.5486987010742288
3884,0.5911207686313531,1.7516933777907429
3885,0.395877125886731,1.1485086630877834
3886,0.5583134766232534,1.1023932280168884
3887,0.31858918568570754,1.4760616865961151
3888,0.32528006583849456,0.9627886426223478
3889,0.45583488167075625,1.2648220961062226
3890,0.2997917795640425,1.4111730132317697
3891,0.6103238366938566,0.7873944520953569
3892,1.0289495141118121,1.5046910604919685
3893,0.7162250476242566,1.1339356779666945
3894,0.31051283745713565,0.7843099898786978
3895,0.37590105131745616,1.5205322937673296
3896,0.601343834740538,1.7858212304648429
3897,0.6921323727976009,0.805205577755641
3898,1.0819679578163366,1.0842656197443463
3899,0.7556592588642481,0.6191642214786559
3900,0.70095139211681,1.2712830327395634
3901,0.7568124921729942,1.81131889875726
3902,0.19965004461857408,1.483222113453488
3903,0.8512090058522014,1.8678199123235482
3904,0.858071093514047,1.4669194251145214
3905,0.7035589921337684,1.0137564178372294
3906,1.045293417683643,1.589163645899267
3907,1.017203336031944,0.7443418241964408
3908,0.7839022456470844,1.3236819352734477
3909,0.2026232196146167,1.3274172957186516
3910,0.5720082864846465,1.4402906800681081
3911,0.8006025902209682,1.319625550517217
3912,1.3017691788659909,1.156011093027454
3913,0.4020619425231489,1.6147214582875409
3914,0.6934124413932164,1.3663628254918214
3915,0.9104470216982623,1.2746878306830232
3916,0.4692088611469333,1.5720131524613536
3917,0.6920295811559898,1.4676323736011452
3918,0.9023172890306733,1.0630193070493563
3919,0.9358231524316704,1.2172626955424672
3920,0.09456658958409027,1.5178089104834185
3921,0.7815268633957612,1.011038642875048
3922,0.1688578304674235,1.4053520200655958
3923,1.0863607912313142,1.7609837623973783
3924,0.6241362435443164,1.1915054174835997
3925,0.7445830616267258,1.2261756226431808
3926,0.9207381966502456,1.2390669503900256
3927,0.8354046385492984,1.7368183470661966
3928,0.7655186013051478,1.2731374775939934
3929,0.8698198530646098,1.1526518904075527
3930,0.49344068869668595,1.693464915947506
3931,0.6213346878770013,1.4465910996569649
3932,0.5287406236105857,1.43851833798116
3933,0.34687205155400774,0.41995992160308604
3934,0.5634706754382863,1.5031456166974366
3935,0.7203098568617726,1.507336010381974
3936,0.5266038575444427,1.4180348326706065
3937,1.1639905523036134,0.9309087249697177
3938,0.5553823139904256,1.0271713961783986
3939,0.5744873593336025,1.0625837281372725
3940,0.23776526493531067,1.2825307671511135
3941,0.8000937993483974,0.987107574523985
3942,0.3689727339220777,1.5435695048545497
3943,0.2818672918249666,1.799075411089246
3944,0.3505106462481948,1.5899575873952947
3945,0.4948305728748679,1.4300593544552231
3946,0.9567046324011084,0.90218676670092
3947,1.0805412692325655,1.2049295546650591
3948,0.2273576331751967,1.1707373519229918
3949,0.6724348429881196,1.2515607963047901
3950,1.001321586099599,0.9433668397949231
3951,0.17002332314086183,1.5682535131648296
3952,1.0856474359150388,1.4751842437788947
3953,0.5808088355539031,1.264661470652296
3954,1.17359849571437,1.623599061785203
3955,0.5977982091231877,1.6517196553491709
3956,0.8202218430595134,1.2807129038305998
3957,0.5838235188660502,1.1751708010262631
3958,0.5934463777821719,1.1779384494519718
3959,0.6842723975919168,0.943952632760791
3960,0.7237389246532884,1.2631749554886476
3961,0.9928313824779864,0.7201460212575588
3962,0.8486932268189767,1.3852155667194024
3963,0.7057298740755891,1.4585896182678286
3964,0.8275027658052009,1.015957187502955
3965,1.6349806247134304,1.4378423050267795
3966,0.6066606002371837,1.5006814887661026
3967,0.3399914930280186,1.0120964086458035
3968,0.8526667740428101,1.495316971151011
3969,0.6848273223423359,1.1724565655113492
3970,1.062769206252069,1.1537526210452875
3971,0.48557816373320317,1.590847101747075
3972,1.016864817698162,1.2949656127135225
3973,1.1158567078754225,1.1375084504941064
3974,0.4859842521589006,1.4472393803712937
3975,1.0002606829284395,1.7801168691106712
3976,0.9791120873583895,1.0935019270909323
3977,0.5767452859708445,1.4236821343989643
3978,0.7746356893772182,1.18007101809608
3979,1.010643271701133,1.0654302115724839
3980,0.8284952336012158,1.32806896742672
3981,0.6635953538447699,1.345645466722171
3982,0.6243119566856411,1.0484156288283386
3983,0.30411002400871284,0.5355045440803814
3984,0.5618864136116055,1.7895744650485128
3985,1.5334973359945803,1.1591435302990774
3986,0.3369725101656411,1.2402572968747196
3987,0.8152628328938666,1.2078320956815738
3988,0.5820594200696604,1.3123410080706797
3989,1.070832525263744,0.31212440563597155
3990,0.45060300821218585,0.44726192549628974
3991,0.7185129926318373,0.6506879234334562
3992,0.1707636497116009,1.1544417678007277
3993,0.4827312170740221,1.3209484329571288
3994,0.7588432412578419,1.4935221633584115
3995,0.4326244896652471,1.120456718030867
3996,0.7170153433841404,1.0234566000119933
3997,1.1870577885431925,1.0269278511748023
3998,0.7580485483283936,1.5737998625897014
3999,0.4084289036452208,1.6869240170035296
4000,0.24549436865239763,1.3494256430775087
4001,0.8606628756893171,1.7668940836042215
4002,1.1191478574814235,1.4643197002087778
4003,0.9527279107779344,1.1930269888674379
4004,1.2417303427775417,1.5148607638622726
4005,0.5461166302110768,1.4749204962869817
4006,0.5561822590324336,0.7263329424636344
4007,0.5179245764020194,1.3656583311143629
4008,0.9429389924279091,1.205580936475082
4009,1.0272999569882806,1.2473950702845522
4010,0.4849469925111717,1.4699485408582778
4011,0.7934527018118382,1.8391176727621048
4012,0.6257024080394764,1.3389065933970423
4013,0.44243288707945055,0.9678543166336506
4014,0.9694961682610641,1.7272886959948597
4015,0.4785863997791724,1.2467035593232771
4016,0.9920034324446129,1.7888040435292494
4017,0.28144104011508975,1.3266834526578914
4018,0.38600463783691724,1.475934974124045
4019,0.6442835501670978,1.338918071218632
4020,0.852729969417672,0.9957819198798701
4021,0.4183254709038665,1.4382515240061238
4022,0.0948033945715005,0.8873231423882466
4023,0.4966552887269807,1.283097168751282
4024,0.6480214681430361,1.2976167019774318
4025,0.7083739848413003,1.7051812566060605
4026,1.1337975426496587,1.5747436892191178
4027,1.4162870164038583,1.6033021235028857
4028,0.2606497605693946,1.3928413081836721
4029,1.0115909105583254,1.5652240213644961
4030,0.31064043638710553,1.4229212080272857
4031,0.989402354200279,1.2609720815349568
4032,0.794401052417378,0.7368172585083164
4033,1.3660638664501792,1.196223453243763
4034,0.9447830308026314,1.3055411600934725
4035,0.44819780891293204,1.4042078815099275
4036,0.37432795426210186,1.1722595226721815
4037,0.5050438797981471,1.470616087662901
4038,1.0269761684506011,1.584068447201851
4039,0.9056355287809431,1.2606608524426224
4040,0.1591391946614096,1.4000051396213042
4041,0.09380575522787356,1.4525278030135458
4042,0.3248062653935225,1.6840161879833395
4043,0.540099736051298,1.076282395856559
4044,0.8245887302963124,1.2601244667516385
4045,1.0592009819984383,1.3177147888055818
4046,0.8876643933344034,1.4170104340751837
4047,0.28913025724606994,1.2914750983678736
4048,0.9147026885244445,0.590918694159293
4049,0.6980685277023054,0.7426655665543209
4050,0.3583133681707015,1.420625229211394
4051,0.41887340574311044,1.3588843472798522
4052,1.1085352927573973,1.0638554695545193
4053,0.4319760534421097,1.6633124361782783
4054,0.6600047811214625,1.4711992522831765
4055,0.6751069903744787,1.5151525546212707
4056,0.6960445635791477,1.663900653644891
4057,0.2196187292378134,1.4782094199929667
4058,0.5352451490824067,1.8775356710489122
4059,0.7957978390153018,1.4007653257255335
4060,1.1064047822726786,1.2211121041671897
4061,1.1661374407941743,1.4584905762385414
4062,0.9910326677392803,1.6840295679800632
4063,0.9367861825253797,1.3244418895865695
4064,0.7222347223882133,1.245184143484455
4065,0.4551531210313574,1.3125481467991298
4066,0.29084759513466957,0.38867653179916895
4067,0.4635114943549426,1.0022976316864187
4068,0.8429139945826233,1.5816730053899575
4069,0.3053487301184671,1.625229510409602
4070,0.315527429955064,1.534328658926133
4071,0.6912718570971682,1.1715927862305415
4072,0.39440365562204444,1.6026235613015767
4073,0.5434473516418981,1.483367825388393
4074,0.4929574453957081,1.5907555874040327
4075,0.5651252197928014,1.335602846250405
4076,0.5090838201757589,1.4911447391015114
4077,0.8511222948158613,1.295971909843804
4078,0.6183317334765449,1.4503603904360969
4079,0.6633019057318779,1.4709659102307662
4080,1.2496119189895518,1.228125409893765
4081,0.29751571451405057,1.21380703106911
4082,0.9839231156550939,1.2339271700277281
4083,0.37195806979634105,1.214718094994415
4084,0.9241748719945689,0.8322659880744765
4085,0.9962770550016958,1.366692536654965
4086,0.5669618204247188,1.2394900319671152
4087,0.42187703329610965,1.0233029536312181
4088,0.32566543662653663,1.2415463223983552
4089,0.5539652273582656,0.8468818232473279
4090,0.728350527054906,1.4939490489697043
4091,0.6016601039787298,0.874466966159618
4092,0.7150981063300378,1.6947027111073973
4093,0.42152274843159687,1.1413055657616118
4094,0.3205623524197224,1.4157052881547876
4095,0.714096526200568,1.6626685545143174
4096,0.25004388017673623,1.0826441309774824
4097,0.5009226723366602,1.3506713118641946
4098,0.755301545867754,1.5524071438515374
4099,0.3515146642607873,0.9601514373878208
4100,0.42578685287958945,1.5994344107160825
4101,0.539611043706964,1.1710162691408157
4102,0.770103451609085,1.4669358762290665
4103,0.3101952169668749,1.4401296035863946
4104,1.0890538644747028,1.3089237901618642
4105,0.32719409725398824,1.6237550327028736
4106,0.7285208671935449,1.502500681361898
4107,0.7517843262538093,1.8709913597708339
4108,0.5200743870718999,1.309867050291504
4109,0.5850258714111356,1.5353771788754527
4110,0.9403097568396966,1.593628391184797
4111,0.20532427530635486,1.271153816469086
4112,0.701924465937625,1.5500678936081647
4113,0.838278617699509,1.4024970810808561
4114,0.5965257515131445,1.523393066584947
4115,1.0044249245152337,1.4289386161409063
4116,0.7241966959613038,1.017763864313193
4117,0.38556071260167474,0.6811967080037236
4118,0.2378325401650787,1.4702865678238843
4119,0.7419726875080924,1.1302837168028657
4120,0.7949986155278549,1.6066717947799376
4121,0.48911895994752874,1.3942917616112163
4122,1.1926488674405842,1.5688119797141287
4123,0.3589868799526358,1.5008742842992313
4124,0.4612233415976834,1.3546231522808803
4125,0.5570690135684021,1.8106110893553415
4126,0.6078751431180305,1.4110446553261298
4127,0.4140810758806326,1.6125710372906394
4128,0.506307907871461,1.2765133632310839
4129,0.8316952373514259,1.4741792487684635
4130,1.4158237259898494,0.6297769271151956
4131,0.29878182430976874,1.4633690135813342
4132,0.2531732072136216,1.3478302172062264
4133,1.1260081983871106,1.2695095689741829
4134,0.5538069416315919,1.8433688180603707
4135,0.8581915933875454,1.2432502375938528
4136,0.5684551645386735,1.0412962431219488
4137,0.6724713655673542,1.4825258306566598
4138,0.17277953254139156,1.4235553386432545
4139,0.7977020065650007,1.714622544596618
4140,0.9258888819113847,0.6971055647168387
4141,0.6457414828751515,0.6019278188663255
4142,0.819730315560774,1.6991980468372057
4143,0.18059049099060992,1.572285032288286
4144,0.43289995030560985,1.7581146360020048
4145,0.5801970172076027,0.7818996091987864
4146,0.7909312536022657,1.4707195982805046
4147,0.7225496764866326,1.25527120436884
4148,0.9231394466626838,0.9909434091090337
4149,1.2610198719255377,1.5720932536676206
4150,0.5625671832376655,1.0494462647390266
4151,0.9384010911765048,1.6901070680259374
4152,0.9994180843792065,1.5115929232547685
4153,0.86704841212944,1.7496312680041721
4154,1.1325926721185122,1.426883760395474
4155,1.2182644872442374,1.4470611858192264
4156,0.43981066996960483,0.932683948820086
4157,0.5062307028323143,1.2535214800524321
4158,0.7059187883500824,1.450289005337143
4159,0.5669680512235753,1.1581160718599803
4160,0.5652069550407156,1.3373976523409183
4161,0.5338160513555753,1.2797138518096964
4162,1.132918654929822,1.627013206789547
4163,0.8264627408825804,1.5352530678099812
4164,0.6974004477943554,1.2811317780408569
4165,1.2081866890088124,1.5334590688957146
4166,0.3848284031678067,1.4901281586614794
4167,0.30358080398237464,1.2611603716194757
4168,0.7197410640266195,1.510408519931196
4169,0.42152938661240164,1.2676603575757948
4170,0.5120021007588551,1.2910677157887038
4171,0.946505696590046,0.5975482862371799
4172,0.7122588813472056,1.403318806966075
4173,0.570032572183744,0.9757924111135687
4174,0.5865121554760193,1.1846239044290359
4175,0.4921470139642813,1.8801387062467074
4176,0.8947918205412954,1.1825407679758189
4177,0.3315648398089892,1.0013532647390626
4178,0.8166852807454156,1.712458903427068
4179,0.5777943248276269,0.766900532981756
4180,0.3549447430962783,1.2437272219999143
4181,0.7955554317284879,1.5157327963047635
4182,0.615933456199937,1.607827156984413
4183,0.4722682932912897,1.2437704408823473
4184,0.8827333787274061,1.1830813540984828
4185,0.7993965952992428,1.6325192192332172
4186,0.22292919448428566,1.1821773708763712
4187,0.30978223116975634,1.3412419931095942
4188,0.9620417546269281,1.1239822065144498
4189,0.6484495015614117,1.4242272602651036
4190,0.40288514313832907,1.4365727924154874
4191,0.3661298830416735,1.1771226945101856
4192,0.714241536143329,1.4399033439453413
4193,0.9783036511947358,1.5198390930146506
4194,0.7232866833760014,1.4878293952121817
4195,0.08129997662024323,1.787855748348178
4196,0.8754768287184896,0.9001100670819506
4197,0.34039382975529314,1.6128635441523906
4198,0.7265804026340775,1.591711768405222
4199,0.8252286093225677,0.9521882344726724
4200,1.0485519570317448,1.2794928919585025
4201,0.6647320792636264,1.8635868498458785
4202,0.6381745638405683,1.4488290279550131
4203,0.3229224273405978,1.3883524342747573
4204,0.8996154030120715,1.6434384774762816
4205,1.4467346477464416,1.5051695669538985
4206,0.7887581683776392,1.6207489746924528
4207,0.4641125420406912,1.827828984327038
4208,0.8707391865777618,1.0065120213182734
4209,0.9695212479548891,1.0875432166765555
4210,0.7764996956152417,0.9769116418075554
4211,0.45165032447212217,1.0188683795884468
4212,0.36021136582862817,1.450251710007232
4213,0.4148771742637986,1.4870335540082362
4214,0.6602865262156545,1.6399988871059905
4215,0.6147711160150948,1.5907316296110843
4216,0.5453606164982608,1.7855268489992013
4217,0.5703850341190811,1.7221476309291897
4218,0.46092028740231994,1.605889767266043
4219,0.3812278719066191,1.487740899713109
4220,0.8202870877160561,1.4042470472299007
4221,0.6436774496879547,1.7771940627714806
4222,0.9220216036604271,1.9209018377242109
4223,0.8216171753325751,0.9335970806426603
4224,0.8862819246879539,1.2539356560716377
4225,0.4676058786640856,1.2424749343424124
4226,0.4844122853925669,1.4105193028050658
4227,0.7620604238972039,1.1574175041535966
4228,0.287349818697401,1.309542063702526
4229,0.5693365499560282,1.098389072462314
4230,0.7979329371488504,1.5097760173975547
4231,0.5389888431397979,1.4630094116006327
4232,0.34319717402807476,0.5887064913847144
4233,0.7790584907601025,0.7613689633555789
4234,1.0351767751585639,0.7190691492342292
4235,0.18743162718707232,1.6178359066215284
4236,0.7868859683765848,1.6118734511927957
4237,0.608818156681912,0.9883823685967619
4238,1.3785836604492174,1.0783775246113887
4239,0.8547600306336014,1.2518262518686853
4240,0.17217722256483606,1.6947570907523848
4241,0.5023479854407362,1.223105924309617
4242,0.36996293909711586,1.2969343881098436
4243,0.818658191047181,1.5864263276902153
4244,0.3705020259804232,1.8077440381961043
4245,0.7760015685551146,1.0985484206551384
4246,1.1539279528850566,1.41704419556536
4247,0.5975273376266412,1.5856191923384082
4248,0.5288938582261451,1.3839299476232245
4249,1.1992786772235926,1.48829848670599
4250,0.5157646000006256,1.6927923978083237
4251,0.35503648301014135,1.4404222840954048
4252,0.8143798839942527,1.2779988813299774
4253,0.45894866127364187,1.3828225406070094
4254,0.8394355430212461,0.8512259452771866
4255,1.443201591553538,1.349468145125852
4256,0.6060514556978908,1.0416678397496293
4257,1.1161376328040753,1.4569276605149843
4258,0.27530398678991325,1.4147363144869305
4259,0.7694576704764453,1.3032726296836117
4260,0.8268134190185668,1.246244592470856
4261,0.27916497384063643,1.6112560919788472
4262,0.5077770143349697,1.0671559605112089
4263,0.4664860849273072,1.66460417258889
4264,0.984878169802356,1.3925927277602828
4265,0.5587411356407093,1.1520572547805092
4266,0.7105752653004359,1.093129284402667
4267,0.44908618612526735,1.4896941864002506
4268,0.7100344298249044,0.987889328204991
4269,1.161750764759383,1.366127238663641
4270,0.3541925199559948,1.2222602905773288
4271,1.0401936918917851,1.34767376773573
4272,1.0353869315318065,1.7300989148367185
4273,0.4334247520349663,1.288928672027256
4274,0.4866367944960559,1.4863510294005988
4275,0.825722974496857,0.9966692387857905
4276,1.0839275319283297,1.755036174621782
4277,0.5656234094097324,1.0570305631629688
4278,0.9054501778048398,1.7604293219486222
4279,0.6816112794217475,1.4642811341069917
4280,0.31651800186598356,1.272143946593819
4281,0.4771554847944245,1.2239043572152957
4282,0.9276700229222513,0.9840764452958672
4283,0.6610293875830537,0.6423357632845732
4284,0.46164608731795964,1.205712264203291
4285,0.4896082293078635,1.2791789615238058
4286,0.5531016368766222,0.6329496937032761
4287,0.8469977760936133,1.641950302017018
4288,1.1276971787554073,1.5267843934514325
4289,0.7867744886326878,0.9276591123989106
4290,0.13073088002658104,0.9663296415396798
4291,0.43545256167007257,1.616744216824848
4292,0.6574479921352826,1.4199760501287089
4293,0.5454699748244152,1.3982765166497448
4294,0.5780203690609675,1.427645583613511
4295,1.0366880938700462,0.8697615506865704
4296,0.39309147980942527,1.422537175410251
4297,0.4229999782148259,1.5299563223600665
4298,0.7100691747913536,0.9848618192070415
4299,0.6372113741791994,1.5382563451221982
4300,0.7075023768486376,1.1202068548868984
4301,0.29536562312913356,1.440880338751582
4302,0.8959175159300914,1.4199684102922077
4303,0.8518899258465091,0.9713628712239546
4304,0.8067055252436036,1.4390692867425274
4305,0.5113051853209177,1.4999166590160078
4306,0.8525928266900438,1.3026332037296084
4307,0.9680048114677117,1.5791335451552928
4308,0.1993866078868796,1.083221983181757
4309,0.8327085005766633,1.1197451971923136
4310,0.8037379522348187,1.1034741910672743
4311,1.0362813878406383,1.3732609053096105
4312,0.8629589035872642,1.3849927258198664
4313,1.056460059208885,1.5620943325195766
4314,0.604331990202864,1.2863164211985296
4315,0.11571270309223924,1.3721419861222728
4316,0.3833955936322513,1.201719727433197
4317,0.7789390409820421,1.1468853373177963
4318,0.36544635764358785,1.54688960495649
4319,0.3588184821035417,1.345544270897131
4320,0.5395103293918037,1.424342272266721
4321,0.7115322391528276,0.9135911277431144
4322,0.5271284753114752,1.218667621637167
4323,0.6342356919240554,0.7473410691458717
4324,0.540620127645096,1.1288492749569787
4325,1.0600745402093181,1.649108350957813
4326,0.7554095754191162,1.2579651933019496
4327,0.802704924582031,0.7980625402975898
4328,0.5485542240479573,1.2433277736752881
4329,0.41751754949860237,1.7545359546311168
4330,0.40915741574730313,1.315520619997097
4331,0.8218065116005943,1.1507562108937819
4332,0.30577190033703444,0.8265828512628774
4333,0.5123195647386161,1.2226624746323513
4334,0.652266769596134,1.0414605289347358
4335,0.8080934716158142,1.3353511144685641
4336,0.6616519037791638,1.2689416714956927
4337,0.9317980034357234,1.1672727683721562
4338,0.8776106391864901,1.1803172815083123
4339,0.35385563864496405,1.109904943042641
4340,0.6425443671841654,1.655895125897255
4341,0.4094942766142346,1.1944202711368446
4342,1.0364695826709502,1.2969396034497758
4343,0.36182996087111496,1.7812395265535717
4344,0.8116298498961687,1.291868230593155
4345,0.46045285408352365,1.4977213652988457
4346,0.9906830182941757,1.3944727394983354
4347,0.46809835773341435,1.7140418609492998
4348,0.8622448660445108,1.0906280388453249
4349,0.4680760111336325,1.6505451421696296
4350,0.6136162577152888,1.0374205259528901
4351,0.7924579707429497,1.3383651436652326
4352,0.6138510042976871,1.7023612182780181
4353,0.38690902588014775,1.4223029008679982
4354,0.3836600289936897,1.5358483641734268
4355,0.35900513210229373,1.610497489729155
4356,1.0366160230257593,1.1667291457215998
4357,0.3887487548766014,1.6682941824651698
4358,0.2645276125711771,0.7588056869091333
4359,0.7090282831633674,1.6287024865569364
4360,0.6031281542146696,0.8126475866207823
4361,0.578863543530164,0.9829248342098937
4362,0.26308906745081734,1.1382809690561837
4363,0.9066607748314522,1.262207855681182
4364,0.2472116777573437,1.6340644699492213
4365,0.3174285964434476,1.4601595921152706
4366,0.5066742883659535,1.3510959810858938
4367,0.4638464144604496,1.1320289922106292
4368,0.17383794022119553,1.2911394217267866
4369,0.5524573537041635,1.4946536480247115
4370,1.027708917628286,1.2750182204638363
4371,0.21086796141000394,1.479067742894713
4372,0.6152761231351705,1.4864383445997347
4373,0.5933550219799625,1.6012262049145878
4374,0.5297047566360915,1.2572834940972772
4375,0.3128907160055281,1.2271137456254655
4376,1.3519182946059574,1.7767307661193312
4377,0.5705305910134095,1.2372118148778986
4378,0.3209120338374588,1.6751417350966673
4379,0.7459250482202641,1.62358169809516
4380,0.3086007295403294,1.5729501990646613
4381,0.3575449496877389,1.2991443699342937
4382,0.45204804804627846,0.9013491853569122
4383,0.36563213541830347,1.2025042320539368
4384,0.5112982938838875,1.3592552394630366
4385,0.33560263764961895,1.4968174654332003
4386,0.326740298636599,1.145510781127523
4387,1.069849973272576,1.1411343637615459
4388,0.25443476323400976,1.593189530276295
4389,0.5229146807599572,1.85495118429494
4390,0.6465192578824451,1.7950262658408016
4391,0.8820471200174228,1.5327934301840394
4392,0.7109817716887247,0.9214976160961137
4393,0.7360055842379699,1.6096243073620853
4394,1.0070659986387926,1.4278205979151106
4395,0.5148186869082755,1.549028391173129
4396,0.7974826072807698,1.6375963804713336
4397,0.47826023518789734,1.2174784393002855
4398,0.24587873691123005,1.3058693332187705
4399,0.9933307284689598,1.3628476948628072
4400,0.8934158629168784,1.73485266551418
4401,0.7390766772393749,1.144034567208036
4402,0.7628185644916238,1.6949876285659027
4403,0.8350927974634311,1.7785172188378924
4404,0.5507258073612219,1.5329574971480524
4405,0.37196632561770765,1.1057744441817048
4406,0.4697049857340411,0.5110209287483443
4407,0.36967462580125154,1.4206344355418912
4408,1.001977447912763,1.5226638728932604
4409,0.6170828048540252,1.07813973296564
4410,1.1282472629117473,1.1572943842446688
4411,0.6152556291532786,1.3073766598075547
4412,0.7042188161933888,1.27991491444195
4413,0.43819273167577455,1.1462688867281035
4414,0.44742292174723586,1.0929986492877792
4415,0.7444268006534955,1.1350409686908232
4416,0.5779624072780715,1.5630283603603286
4417,0.4636261877490976,1.7039006836971573
4418,0.46712760358042094,1.1205104608804914
4419,0.5619659535915287,0.7850501085659094
4420,0.5922465278420548,1.516669200042216
4421,0.6464728838703344,0.8683935244146019
4422,0.8846037655007961,1.125246514553111
4423,0.4005869921958863,1.2454358180159932
4424,0.9616448536337839,1.3658502661473744
4425,0.6115555861477603,1.28984780519193
4426,0.6766418678392748,1.2003297038110827
4427,0.890180666678962,1.3698394277944312
4428,0.19717230430876534,0.927339195854822
4429,0.2732100796295565,1.3025437571409002
4430,0.5673573352243493,1.4581394580155171
4431,0.6810834574416759,1.869245886645677
4432,0.561405216733541,1.3339759593152127
4433,0.8617116136430409,1.1199443706972803
4434,0.48950029082152224,1.2042406507344205
4435,0.8595308743752692,1.4320554286272258
4436,0.9124904342897453,1.513015595848711
4437,0.3952332390926266,1.4371718870860772
4438,1.0537989132376944,1.0848289594709168
4439,1.0875065910684325,0.6439917539154254
4440,0.707151814583529,1.3072706986051
4441,0.8945183594856624,1.0313025596431098
4442,0.4350025512698541,1.2302873087512123
4443,0.25937188008890594,1.7279038174937926
4444,0.4625574323587415,1.2978216435186791
4445,1.1148000265727402,1.4893766059278364
4446,0.9332609326955474,1.018330470932563
4447,0.6806181510448291,0.9063377781019109
4448,0.3135284156176885,1.387360931844622
4449,0.5507689071736867,1.2559910466575437
4450,0.5472509686851514,1.3287089788962962
4451,1.0238026621909981,1.157947108246577
4452,0.5230948665820911,1.5944580922880676
4453,0.7217620934065272,1.5607198090764567
4454,0.624821648604022,1.1337178281774531
4455,1.1163433341093978,1.7415408053921908
4456,0.23921877304154407,1.4628074029090383
4457,0.7416865747364988,1.3135768852732235
4458,0.4763881103524428,0.4895183100544007
4459,0.3200175862232579,1.1563200663200757
4460,1.1536396406096983,1.0915634503051255
4461,0.20584375181567113,1.0339821861072065
4462,0.9204479487339615,1.6778893003822495
4463,0.3448216606576277,1.6796062145461659
4464,0.748787795636281,1.3318885721547145
4465,0.803583333301257,1.0123127270290833
4466,0.14214962580068066,0.8285158074580319
4467,0.8740466752968934,0.7542402538865876
4468,0.4848351412621018,0.8719810533318304
4469,1.1155056239180872,1.1165805330637646
4470,0.16782144156354264,1.3938970203765244
4471,0.6243567605334637,1.005049557818194
4472,0.893502028997678,1.4605288119205775
4473,0.3292732411985824,0.8677670899544261
4474,0.5881342007793194,1.1001281475503983
4475,0.722573273580344,1.1518952172601833
4476,1.1167524028845424,1.1531039083494519
4477,0.3651894613026476,1.2354192717579933
4478,0.8598044291011108,0.7177118531416351
4479,0.7032801319214258,1.4199709204945994
4480,0.8319267495119993,1.2062295117133766
4481,0.5320499449700222,1.0809077376485945
4482,1.3212792952039165,1.3324867542768102
4483,1.0097021162576088,1.5737979268636058
4484,0.8637245734209085,1.6478673455542674
4485,0.8773516773816914,1.1610783596744674
4486,1.111868888726005,1.4826629054387
4487,0.3240001736902526,0.9455294910846885
4488,0.30810397449200627,1.4648442804469535
4489,0.340681575502323,1.21956426169563
4490,0.5656976021129904,1.3092041884095957
4491,0.837105518342591,1.248435087858013
4492,0.9017775189256869,1.29704623702621
4493,0.0402690748826762,1.6629653321674978
4494,1.1424869317157833,1.359642191318771
4495,0.4872632225069661,1.4970287999382972
4496,1.009073763402204,0.9644837249501907
4497,1.265427833169008,1.7000564093343273
4498,0.7745644310789602,1.3531167858200246
4499,0.7686108108740681,1.5161802978641337
4500,0.6595930694164691,1.3798760012933688
4501,0.3980960802488961,1.3664136836499075
4502,0.8075571208344395,1.0687140510055884
4503,0.43470330173958244,0.9858076914322709
4504,0.5002829910511987,1.3260184428342705
4505,0.9712875373622913,1.3874399710022884
4506,1.1674252639874962,1.359700092504428
4507,1.0837204431565253,1.4074028769864326
4508,0.2767495406510233,1.667817989158682
4509,1.360105642701489,1.7643422515654517
4510,0.7916506727697247,1.3576566080011778
4511,0.7319811254491873,1.1898998153612668
4512,0.836847826763724,1.3528170204882302
4513,0.7744829717879452,1.8208868891661016
4514,0.310073460516162,1.3380796889809319
4515,0.3062032590917121,0.9853807029340371
4516,0.6528183707361113,1.195042396635702
4517,0.4903085523934011,1.69515453462444
4518,0.5252121094861222,1.4365553317492137
4519,0.33248612157754204,0.8820798732407946
4520,0.2580196164074744,1.1128856968159793
4521,0.6810021391294148,1.8363634821338521
4522,0.5885443517426742,1.5294170036462498
4523,0.3802837330146239,1.5898452792063529
4524,0.7351883994940851,1.1168648544083002
4525,0.6861950653906682,1.1285071301461955
4526,0.6418861739704063,1.4423296562834569
4527,0.7515977939795747,1.4631053050795015
4528,0.6667085901654882,1.7783751623666746
4529,0.7148375746438796,1.5546926233776972
4530,0.6468422693188519,1.5839754393937968
4531,0.840068857349162,0.7248978427843791
4532,0.8307122269426077,0.8596283042811723
4533,0.6047218001110106,1.5297176781278825
4534,0.7031303049828648,0.7910742168841589
4535,0.6313853604321278,1.251995489869724
4536,0.82037449514592,1.6341794826036469
4537,0.2984686284152067,1.2045215230058233
4538,0.451851277786334,1.1730573562252622
4539,0.43090928377360804,1.5188496954880366
4540,0.37239592263548954,1.4213829990216253
4541,0.5597405911630955,1.2224648825479125
4542,0.5784964394524419,1.5789285830893574
4543,0.8137944171396481,0.8988190713603759
4544,0.5666582974074194,0.8578454680981982
4545,0.6483718582303102,1.3151930864678842
4546,0.6080017023798364,1.3140912109537788
4547,0.3868141192486872,1.6561832576037054
4548,0.5132657260903284,1.4163646072136467
4549,0.4083890798084598,1.12170793208493
4550,0.852011809067955,1.357954244340708
4551,0.8850477478720847,1.94659930412108
4552,0.5249808297906334,1.4455887589850127
4553,1.0255331495594464,1.5346577764717373
4554,0.6512950681543335,1.4301819534591484
4555,1.0900878393157378,1.1664206819789924
4556,0.8043285671033141,1.5194501340027478
4557,0.27692415720457697,0.9503172128946717
4558,0.32303701761612236,1.2897266012585238
4559,1.0278793432408815,1.5435413071585997
4560,0.4236805175804634,1.03214350450853
4561,0.9295933289953627,1.5207925610084563
4562,0.465428664715229,1.1615753355739034
4563,0.48203952598195887,1.4594088052795984
4564,0.25872046009838356,1.2607902209380697
4565,0.4794827524693599,1.1133069410065104
4566,0.3482115457874491,1.4629917305030355
4567,0.39917893904860313,1.140049854265424
4568,0.35117765019967584,1.34875351953481
4569,0.698579375700066,1.611537155977528
4570,0.673459080066911,1.6557852770414385
4571,0.2869094966379935,1.3624043431507769
4572,0.8380920144241669,1.5119952500352745
4573,1.0902488400713195,1.7477996063359513
4574,0.8312007920662352,1.2294843511657465
4575,0.4450559945618519,0.9013526886875065
4576,0.42867547858378,0.8997236280067329
4577,0.8513677008749757,1.7886946487736946
4578,0.8085603969770494,1.5174812899017145
4579,1.0074616801144924,0.7101469785309455
4580,0.8009149627342341,0.9428948712318039
4581,0.6955956720726435,0.8876309573361185
4582,1.0466826726705876,1.4955797211580666
4583,0.9797151003808899,0.9572879598635937
4584,0.5982495211428456,1.1417877845812643
4585,1.1374380463399427,1.5681771747915927
4586,1.1402787278363704,1.8119439485410118
4587,0.5858174641627865,0.37405269360868987
4588,0.6943393181064443,0.5986586819463426
4589,0.6989423607798717,1.395657855091439
4590,0.4134292177613903,1.5033204062221275
4591,0.32451431053701213,1.404891535487712
4592,0.9703929558457874,1.8774825216514621
4593,0.7169276097257996,1.5442733300666904
4594,0.6138706075226229,0.7508001679615324
4595,0.05250957688250018,1.4752804527994905
4596,0.2976675619697918,1.5363618970806403
4597,0.3193370815188636,1.2897833279639879
4598,0.44690599123289654,0.8503625434690165
4599,0.8126260806755161,1.734440530803928
4600,0.3561593166548464,1.2715618359996408
4601,0.608778991953767,1.5855857365355452
4602,0.5371295349214469,0.8085983132258057
4603,0.6001915543152274,1.8531330922447775
4604,0.3529938261950651,1.2749700769484922
4605,1.225327795052815,1.1862315944587913
4606,0.4171324114938881,1.3240015070927302
4607,0.6317010134813668,1.507497450515587
4608,0.843697614993162,1.6289184980619058
4609,0.523298684779639,1.3710501691287633
4610,0.7783087163942403,0.9357873827225405
4611,0.6548559748885168,1.3302781843686642
4612,0.26858415540894237,1.0643638448550239
4613,0.5674101239935252,1.337197525176534
4614,0.834876993187087,1.5863074351935573
4615,0.2877647226948043,1.5944198550471949
4616,0.35155738842502965,1.4262567896272773
4617,0.6555199469427732,1.5487770698200318
4618,0.4516930072164618,1.3947529949314061
4619,0.26456776672225757,0.9841316242997946
4620,0.659817804234936,1.0125553831017038
4621,0.08620101094900179,1.15641046243078
4622,0.7322558354846447,1.3783250191234293
4623,0.7146933363880635,1.4180248243588716
4624,0.21102997453364866,1.4838003139893843
4625,0.6752011806352105,0.6978055899448028
4626,0.8295714587725791,1.353808930289955
4627,0.44810210114515747,1.4596236735532324
4628,0.8134305108747306,0.9917912814083238
4629,0.6895074980591053,1.318241790768508
4630,0.35922288531089985,1.1489508820749783
4631,0.5382493740626954,0.9440366847268225
4632,0.6204151764305041,1.5062930075533587
4633,0.19245466716431192,1.3961650249193625
4634,0.6487701132623483,1.3633624276177598
4635,0.5506857385536004,1.0448686157961933
4636,1.1350902578426565,1.3362553657592686
4637,0.5456076369053591,1.302318583249769
4638,0.23187445814453836,1.3197311966573277
4639,0.1866696250851307,1.5701783765013537
4640,0.3792542106689807,1.4542391189910269
4641,0.19101429128857755,0.9521553304891361
4642,0.9133225705525847,1.006231539672846
4643,1.0932776232839554,1.1310120887982347
4644,0.8393069614997917,1.4087785676447926
4645,0.6253542735882738,1.497897756921791
4646,0.405563875996359,1.5328782759071204
4647,0.44418973154226804,1.1294083032651847
4648,0.23856462602891645,1.6363596475152695
4649,0.5475362789960924,1.4999951768177913
4650,0.8192241349867201,0.7682597565453337
4651,0.8054612386004845,1.0173929104156092
4652,1.1072286467316255,1.5321073309305238
4653,0.3067550082275989,1.5800808696388093
4654,0.5984784262545394,1.6102307353884453
4655,0.34302059789920836,1.3411470251173698
4656,0.4583803118423673,1.0921168269168438
4657,0.7430076714881163,1.537065112596543
4658,0.3769711171639571,1.0114610595478628
4659,0.7105158188243839,1.7357438430136685
4660,0.5832610371346133,1.4428929244409872
4661,0.6235678423136543,1.7742326722215764
4662,1.0201684327650933,1.7414121742386555
4663,0.10068036237518363,1.4105760007202575
4664,0.8644420186011297,1.4433344937371373
4665,0.35989034264816744,1.3673843255523168
4666,0.45750143947681493,1.5703162847874572
4667,0.6346275841943909,1.1017238645893386
4668,0.3088373877643683,1.5934631997164752
4669,0.8906763579229195,1.5143639444372006
4670,0.49951075322717736,1.4843437915513262
4671,0.5676084879846844,1.278264560501737
4672,0.5975592125139173,1.2943425591506421
4673,0.49803048265456606,1.6356280697337469
4674,0.879668466250655,1.714491987807043
4675,0.5647056297910452,1.5824760697467737
4676,0.5495318138387144,0.7648225394237627
4677,0.8596643087813668,1.6382358105341597
4678,0.4483036961554438,1.1944461854150834
4679,0.7985261959508574,0.9038133297010473
4680,0.5283489656372615,1.7180668066179154
4681,0.4566875024807331,1.8012759454481766
4682,1.3757347824098343,0.8743155868317656
4683,0.8479486716843744,1.27452961837497
4684,1.3659533415009544,0.9937568769626433
4685,0.8173090054394625,1.40357322241839
4686,0.22574482921297775,0.8931253078444912
4687,0.5532082023151409,1.4337658325369589
4688,0.8013684839462014,0.6597683655249698
4689,0.7933134996269635,1.4298519296581687
4690,0.4389952334343378,1.4003465034412934
4691,0.581280812518582,1.223605872369106
4692,0.6748032523653662,1.4520804241197804
4693,0.41366720276734176,1.531449569196725
4694,0.383073964038932,1.4747337976067654
4695,0.921670680593209,1.4984912280837723
4696,0.437404798335441,1.2783011947474008
4697,0.7957127960682736,1.4986091132915011
4698,0.5627002118496038,1.430859793813243
4699,0.6828875332818396,1.375405499183921
4700,0.6234241109080161,1.648383688642475
4701,0.47694288724732214,1.5585340144024245
4702,0.38008476673084546,1.6082890877600602
4703,0.6374484208281906,1.528966695201378
4704,0.8270125855626913,1.5963836342192752
4705,0.6639625493674317,1.2150396901851592
4706,0.524564207593345,1.1549572779225266
4707,0.6284860021047494,1.5057991634480496
4708,0.7226096766044171,1.3725713463684057
4709,0.7016152058741434,1.1749553713990497
4710,0.7927135412664159,1.02021768844588
4711,0.5077424713853435,1.0363565245285635
4712,0.32064823946779886,0.8772790360898244
4713,0.43151819798488006,1.2092222438995486
4714,0.19779018908777535,0.5042850103558785
4715,0.6131853586313635,0.9514177556573291
4716,0.49788277317125273,1.762465468170309
4717,1.2469403040005964,0.9893756391275363
4718,0.8381039602577581,1.6531997016966784
4719,0.27577467248272713,1.1712653296033286
4720,1.1530009692852268,0.975219454600099
4721,0.4439302861843413,1.713207779534467
4722,0.7104347331646577,1.609395823571965
4723,0.4662482895190021,1.2533586064529056
4724,1.1942400031501004,1.5243486744272665
4725,0.4589573306854361,1.518622192925731
4726,0.5012820315671987,1.6714285696366402
4727,0.5607632939344248,1.3250710895211169
4728,0.6000223348409816,1.433689667213626
4729,0.5848055699162743,1.404468364948845
4730,0.6547310117483316,1.4656032801965204
4731,0.6473241481706022,1.1910566629382342
4732,0.4520430435646473,1.1242495914926187
4733,0.7261849093966148,1.3554425646528578
4734,0.04445503266709533,1.3715959960067083
4735,0.1925449953265795,1.2453500795988228
4736,0.8721320734147634,1.27891421422015
4737,0.3325614031709281,1.5198963962301992
4738,0.5006865457706227,1.488238470483668
4739,0.5075751066503029,1.2567904068815428
4740,0.3386141174165372,1.390295576944073
4741,0.5685619013586859,1.2146925810934883
4742,0.8203811049033898,1.2697164738462166
4743,0.6036424365918674,1.494694124709111
4744,0.26733867386835675,1.4050225849856626
4745,1.1808501885009266,1.3604052517888168
4746,1.0187957397129193,1.185203090361051
4747,0.9220608096677706,1.3925817736782722
4748,0.6867952224704444,1.747079490098772
4749,0.42313406731620856,1.2927674030046028
4750,0.7047436927033857,1.407944756596236
4751,0.4504087267731392,1.7277808495711056
4752,0.58848436381373,1.431840909060008
4753,0.8798139065391528,1.1814957372009347
4754,0.7928250177083317,1.5662438636869698
4755,0.9539547790271861,1.0245579778593865
4756,1.0551878981084877,1.455903711826962
4757,0.6639879842814085,1.0240545325028934
4758,0.5092577998141528,1.4194679461860495
4759,0.525619764420651,1.7618592976804457
4760,0.9040831642516649,1.0150465830745175
4761,0.7807210598429964,1.5359197118285342
4762,0.8206407107326665,1.018782736991462
4763,0.29857448209033205,1.580460138091128
4764,1.2057097079183285,1.1195898706359784
4765,1.2149666786768683,1.6037245369814683
4766,0.3959453678044661,1.0894558807546382
4767,0.6710915804008505,1.1940659066794068
4768,0.629673400936015,1.1753242448632335
4769,0.3069390299468065,1.1096131914410448
4770,0.6640433766083781,0.8769089026615162
4771,0.3669286387916984,1.2516469471970666
4772,0.9205679149743148,0.650164534699023
4773,0.7337053939106345,1.2894520068249409
4774,0.21269298967834763,1.431339391598884
4775,0.21721499597780436,1.196365825182061
4776,0.9725039762761254,1.4862920773497876
4777,0.6135632315617673,1.229307552771618
4778,0.7629187980438279,1.544987309740713
4779,0.8809260767929481,0.6691641605520706
4780,0.7285737916330329,1.3927900001734395
4781,1.0633333913484673,0.9519594899429908
4782,0.664479022200995,1.7979603293844275
4783,0.76326442096249,1.4399227299881197
4784,0.9039203700012368,1.0523221374299243
4785,0.2640733508200963,1.210499194381978
4786,0.3153236752992232,1.185228062164476
4787,0.6814280673578099,1.2645403966375706
4788,0.38384029899580135,1.6689367027664184
4789,0.7262295444955744,0.7847607835456092
4790,0.6343109401166078,1.1373056623185067
4791,0.3429991790070013,1.541170064573998
4792,0.7171670720192633,0.9429017902404968
4793,0.8503983293918007,0.8206253227917335
4794,0.4318264923879775,1.2769954885568466
4795,0.9430229169980859,1.4981577648294606
4796,0.6386595236300164,1.659647716273828
4797,0.8139134942405298,1.3286894000636558
4798,0.7722843148381222,1.4279075456186425
4799,0.7307890849535956,1.0718032258437393
4800,0.7215185810737103,1.4977294124541967
4801,0.34381518534169847,1.4410530915636515
4802,0.5829981459001661,1.2478406483827675
4803,1.339686258368237,0.9838578162408735
4804,0.2079940605203644,1.6151112693307237
4805,0.9523101529579691,1.456133184068574
4806,0.8810907360259771,1.8653337652308182
4807,0.5072350799086432,1.7438232410074188
4808,1.2520692452848914,1.549118660378892
4809,0.6745721352561056,1.517252721012332
4810,0.512362724848501,1.2367245338046142
4811,0.6149423335082929,1.0073999631677082
4812,0.6308540504342989,1.522055234840297
4813,0.6451140349980073,1.7156595998358197
4814,0.5083542477474378,1.642474170244785
4815,1.1576362126140751,0.9447832934229119
4816,0.7538126863696695,0.6970877901805856
4817,0.48003815043383663,1.8501510876469915
4818,0.6645731526694807,0.9559173575238331
4819,1.2644917475046311,1.1623206950413594
4820,0.688697738445563,0.5678017824024948
4821,0.6475567826311951,1.589088137939028
4822,0.5755108641044376,1.4725292702547206
4823,0.7399202314424254,1.7399757223647845
4824,0.7816482193132552,1.4352399354145673
4825,0.7073116758131223,1.811035347392167
4826,1.0773137848979604,1.3808017701389685
4827,0.6304867185415575,1.0367666486430394
4828,0.7837794015526859,1.3005891678482109
4829,0.3083623244388038,1.280231585850396
4830,0.6060502771358695,1.123583540073679
4831,0.5129825236741552,1.3542162736978902
4832,0.3764732159811787,1.3403080502235516
4833,0.7123503577440511,1.5529748128744068
4834,0.5566328193222778,1.104939762976965
4835,0.9916368990373183,1.765219862028618
4836,0.4016121024835784,1.075459228615964
4837,0.9646918507729494,1.6754177158681558
4838,0.5466954513415196,0.9544354182945114
4839,0.6596852567312966,1.0897578721030512
4840,1.0543359192222934,0.9462838799220838
4841,0.4317334064953698,1.4200677716804695
4842,0.8348061698234224,0.980807999312246
4843,0.7687384003915778,1.4414047076688008
4844,0.3608762076666632,1.570157636482302
4845,0.4682585793915232,1.3282048282868213
4846,0.5379574676588477,1.4278253626895485
4847,0.6965277917467895,1.2439607088259652
4848,0.4520296906741105,1.6818981134522586
4849,0.4187341539428387,1.2506130650169691
4850,0.5243185509647162,1.1267999651504672
4851,0.9076845397055309,0.9434274264941978
4852,0.3912031212041671,1.4546890904384657
4853,1.1518139956559958,0.9033011322008522
4854,0.6900720466902333,1.5927053006391005
4855,1.0312956587759878,1.036378107750986
4856,0.5663959521342579,1.4180156275227462
4857,1.3136113425065459,0.8050718302569131
4858,0.8074365979577705,1.237403534738567
4859,0.4323566325535114,1.5506258931098067
4860,0.46576803911761266,1.5529189663051195
4861,0.49594490617035375,1.2312761035471187
4862,0.8525785631533872,1.3429790297485376
4863,1.009383437713804,0.9294930674819306
4864,0.5080728891476445,1.1183169495478549
4865,0.34393466557453056,1.3779614279739123
4866,0.5915917668799024,1.3955814818313037
4867,0.7154897187661264,1.523540989255595
4868,1.3526508791539649,1.196946383742875
4869,0.9661611273945812,1.352698511113911
4870,0.09144652751349011,1.1789635285913744
4871,0.7522099099755264,1.6486907183836124
4872,0.4099474170800175,1.1851191255568336
4873,0.38023323378844087,1.4720081982573068
4874,0.45028484005526365,1.2599078398139372
4875,0.3306667874584698,1.4375327434391059
4876,0.8088878296354681,0.7995915165291523
4877,0.7662834013527988,1.4627122236886554
4878,0.5595867338509282,1.1555793914373733
4879,0.9633835772731842,1.7911397796159443
4880,0.49652508375435656,1.4045195519107123
4881,0.6473926672229864,1.502321733134997
4882,0.481778994182175,1.383426337455363
4883,0.2634640211113008,1.6478071494580704
4884,0.539138576358554,1.1727104843983573
4885,0.488178686887046,1.0127732302971628
4886,0.825648316986808,0.9134348070350169
4887,0.8086208627941354,1.098793742317673
4888,0.24387101963559085,1.4985017671068326
4889,0.5477323925037244,1.940558600686277
4890,0.7702806412593518,1.3238799012137044
4891,0.8239937957879275,0.7612290510177222
4892,0.5752685227103267,1.629792416244118
4893,0.25448507385639835,1.2020417999518387
4894,0.8217353080051841,1.1930842293485984
4895,0.625792188264138,1.2913512574170296
4896,0.8446164792192025,0.8953920629236509
4897,0.6197821532958532,1.036231990469672
4898,0.9072482129739889,1.7180560190261
4899,0.2338667717881999,1.824484717963924
4900,0.4068280847757673,1.3295018846169167
4901,0.3390209122526005,1.422701900351765
4902,0.9046506160622655,1.1829014489452874
4903,0.5309517478876034,1.1722390223324293
4904,0.4207530930686364,1.6847310549501606
4905,0.9014180307695762,1.2386668771720233
4906,0.7717088490909514,1.3724495527553948
4907,0.7012450997303958,1.5724306333445743
4908,0.8923358905614003,1.7290938632288344
4909,0.7429321392824649,1.025652254334109
4910,0.5819591661512942,0.9401678892262981
4911,0.8180176224013851,0.8472272303729034
4912,0.6359112220679288,1.4198843548909046
4913,0.332444982823183,1.2906167361215761
4914,0.9617839745580373,1.6910680614595368
4915,1.156102576556389,1.083378943803019
4916,0.7112310931093814,1.43165707721657
4917,0.1962655063728501,1.2573815884305222
4918,0.4929812042306513,0.9722808760504182
4919,0.2730962971423117,1.4593139200969407
4920,0.9874384514406801,1.2571513498730065
4921,0.7281303430742684,1.6503937869134273
4922,0.8189160743731612,1.3822121676276367
4923,0.47452642737877443,1.4340644195504566
4924,0.47044097547926517,0.9991919260421125
4925,0.4615939546351772,1.2324371928728808
4926,0.5247142479382333,1.716312576248275
4927,1.0357325301220668,1.013263083102904
4928,0.7669356561303103,1.2167524187415606
4929,0.11254595107403936,1.0542163006809364
4930,0.22262184788721065,1.4132220878700625
4931,0.7599999081376763,1.11334165499532
4932,0.4341352801867321,0.9282522651806926
4933,1.2972808640158775,1.5255631940386287
4934,0.7730780394129627,1.4801141062871714
4935,0.28207981807494553,1.4801587193262011
4936,0.4170415499000526,0.6488131486087241
4937,0.7280462553040432,0.9464865589545113
4938,0.5277196424251278,0.702825634154109
4939,0.8736342053846534,1.372168624316875
4940,0.845200971407048,1.3300395227968984
4941,0.5400533276578106,1.5606721773570265
4942,0.9122628347591675,1.246409787583611
4943,0.5559984423222739,0.5414042381985567
4944,0.5020417957536774,1.3773034574286727
4945,0.7135794948174742,1.4475930887543842
4946,0.6310932243651252,1.1236485593498597
4947,0.49985276326203354,1.4224656622844294
4948,0.98202192967059,1.3124559184064324
4949,0.5688813153200156,1.0621416212233812
4950,0.9530270809413803,1.7617368173912578
4951,1.0018217963564877,1.401942502674901
4952,0.7209512417880347,1.7228926988267133
4953,0.9247262260940239,0.9582401050816443
4954,0.570744390989297,1.746218853675221
4955,0.9911443887175663,1.3101843124617014
4956,0.8320841655325341,1.322319557037323
4957,0.9909683328159804,1.318800414132824
4958,1.235303144561648,0.9668330206980549
4959,0.3878449840311102,1.7619338604181454
4960,0.30360905976940933,1.6635940700860623
4961,0.8678179646083095,1.2424497554436194
4962,0.8450710169473288,1.5719179532126213
4963,0.4030671276131944,1.5867502049981832
4964,1.0324076326296445,1.5024184718792948
4965,0.8214556040621941,0.9395159437049971
4966,0.5911539265197985,1.3113447939886462
4967,0.5080737147323213,0.50235318195942
4968,0.519716614044338,1.5270762736999233
4969,0.5017451573895356,1.1807197285484081
4970,0.6249806313203217,1.2675741561713496
4971,0.7705597896478588,1.3612630996178319
4972,0.5378887489775793,1.6381083031011334
4973,0.4527600667713988,1.342793811421778
4974,0.6208766163374454,0.8662488353896098
4975,0.7305110908728356,1.657556343644861
4976,0.3169490736517367,1.856761548809509
4977,0.8378699374387978,0.9965017663272486
4978,0.5772207884218974,0.948179961048869
4979,0.5868075476008932,1.5568438489914036
4980,0.5525117181372113,1.2554738870822058
4981,0.769773252193347,1.675283640758567
4982,0.6082649197936794,1.4363854610464037
4983,0.39253154515231514,1.1772716465642747
4984,0.6816376455329899,1.4944578219528148
4985,0.4638326751977336,1.5122216440446807
4986,0.9838636338187289,1.4991619293814797
4987,0.26693911443259405,1.715810924361285
4988,0.6317954497193291,1.1959064191362159
4989,1.1314293289734763,1.276270723948141
4990,0.4870329973723352,1.2172512670447628
4991,0.5879710770956899,1.4444539792639253
4992,0.7433642195197193,1.0925604248117362
4993,0.5670850514331485,0.9542597220590492
4994,1.127509028488411,1.6176824428674887
4995,0.7710283996156264,1.6759136115689588
4996,0.9719741715019238,1.5785220320314108
4997,0.9745823962064367,1.1897900032179558
4998,1.2481323305228402,1.07288258258657
4999,0.47544428387246823,1.6761318399685676
5000,0.27254055640090974,1.317071877245837
5001,0.6178391682137774,1.034877464685731
5002,0.4754930784192566,0.8556304470125478
5003,0.9022493228094965,1.4445810548310776
5004,0.902290752645769,1.2641359206930605
5005,0.45882022271642364,1.0863873564137483
5006,0.6338796482861089,1.0726360083483266
5007,1.072503021200513,1.3096532913993721
5008,0.28583914732695265,1.400607292552968
5009,0.8977372508722098,1.262662626448081
5010,0.9211297603895542,1.3790623776332276
5011,0.4764027980540207,1.3585063182314734
5012,0.4068506278055288,1.0494684919605994
5013,0.5064539227004367,1.064407646346989
5014,1.105509292872161,1.205912085255653
5015,0.29502953320382935,0.7001101311836844
5016,1.221336734113366,1.8394843674446213
5017,0.8119564799868698,1.1883270397275911
5018,0.5811983989577452,1.1016096152798334
5019,0.8315882874042763,0.7735043961113932
5020,0.45194733109864493,1.461183428725437
5021,0.7338381995793974,1.3765650192445982
5022,1.1606887621280217,1.1101576951365262
5023,0.578017159642604,1.150953425272796
5024,1.152020176774358,1.6992694196638511
5025,0.8565958395711819,1.14711653011293
5026,0.6922866952427692,1.1785329513852738
5027,1.0349179650119478,1.5950712557404652
5028,0.9473049014585047,1.4404483155084797
5029,0.5843669742658086,1.0679359096646341
5030,1.148565642173337,1.1697647312210613
5031,0.8333651090017402,1.4206381079975965
5032,0.7605583673714413,1.2866278180442408
5033,0.7093598214186814,1.5439815126262886
5034,0.6059366171855062,1.7800290260980496
5035,0.34243807819288996,1.4514982073699727
5036,0.9969934599461937,1.1811888893875464
5037,0.5975360452993492,1.9219049201952796
5038,1.1226573380840994,0.6427148406233216
5039,0.56125990013136,1.198502554170619
5040,0.32267616779107383,1.7954392110562063
5041,1.0433976981150586,1.3491429397230077
5042,1.309202535205223,1.0636694169381324
5043,0.8745295589643792,1.7981610754050121
5044,0.48632344175208236,1.4282315106681989
5045,0.19881514244727166,1.0023994067280448
5046,0.5796978615634908,1.3559592817467088
5047,0.402398631315354,1.3761710613984341
5048,0.4570449730577168,1.2030429886568967
5049,0.1843412346563745,1.5145796606354494
5050,0.8243667786671671,1.1861843621226764
5051,0.6361094439957312,1.2083780945126825
5052,0.4124757651389354,1.4883891322673262
5053,0.7628694365744263,1.2713707239798353
5054,0.3531944710626177,0.3707654273817127
5055,0.9860623021162066,1.6222252223205407
5056,0.7265011390535951,1.2731565603489101
5057,0.8162319710102316,1.2522265762967046
5058,0.8934804642254226,0.9110082071508379
5059,0.550690841971108,0.9081565043860813
5060,0.19837599989795135,1.0648598364801125
5061,0.8976879310102651,1.7230185381488312
5062,0.44798207650780575,1.1294511358362924
5063,0.7871407590576754,1.7190711250967887
5064,0.7904763351673316,1.3581274924832412
5065,0.5645142596622019,1.8482631565217624
5066,0.8512252869576962,1.5472504373064462
5067,0.37175923056112337,1.5417931869013732
5068,0.7434891320506739,1.8079428755525102
5069,1.5048554846229916,1.789918553477817
5070,0.3793829464918258,1.0312531524844104
5071,0.6965317923655243,1.0679521572247173
5072,0.3914296733229742,1.6207816804516653
5073,0.8478956480409848,1.2435251981969477
5074,0.21872738568865488,0.854765207473843
5075,0.8700610995576094,1.2484718044214556
5076,0.4568222468152077,1.2003204857739571
5077,0.8574775107459177,1.3024428496515799
5078,0.5627854090150901,0.920702632076577
5079,0.6164526233852334,1.6291431543223158
5080,0.31726105801195964,1.4253774539991175
5081,0.6949279912352974,1.580047371214516
5082,0.6964311439047737,1.6768816246266383
5083,0.5497735668999637,1.0430343067543015
5084,0.7437180695070356,1.6121233727953286
5085,0.8685485354937043,1.0960032557840358
5086,0.40941907674874684,1.3807777399398582
5087,0.6066589799344452,1.5622353414237566
5088,1.2408094328310408,1.6319326141633521
5089,1.6239563580575456,1.7211077422906973
5090,0.6772015817565734,0.7763852592849383
5091,0.3895642000833599,1.657709927646733
5092,0.8694168182585005,1.3875640263358715
5093,0.3083762419294277,1.4910443845251353
5094,0.596669265079117,1.4737840567723839
5095,0.6823312213397583,1.5498713411840737
5096,0.6280627538065229,1.1880174049168943
5097,1.0758301550881997,1.0827282834483563
5098,1.0505633340018503,1.550794114302107
5099,0.9708380914074713,0.899146649099658
5100,0.7052925673601923,0.7802859198981436
5101,0.1820774257432187,1.6854537886608667
5102,0.5662361024921583,1.0292711874842582
5103,0.372700418597718,1.1629786130887616
5104,0.12206364346723722,1.5818312431043586
5105,1.1367061976259978,1.2825903314721556
5106,0.832550258994054,1.715441884137699
5107,0.3668654571838401,1.1918792164941836
5108,0.20504202869761545,0.8795838780870795
5109,0.814288915673294,0.9172224523340562
5110,0.7331268620475749,1.2436075257844192
5111,0.6956131094566868,1.5190076723076595
5112,0.45593508577553676,1.8907785353222253
5113,0.7980200889303268,1.270809538314829
5114,0.7205372464495234,1.4937514031541463
5115,0.8993635687414235,1.351848827425544
5116,0.9320693161631332,1.4261219373514367
5117,0.7723691298018628,0.5465385799099078
5118,0.6782970882727407,1.6205462024745887
5119,0.3942113465572068,1.6278683300520538
5120,0.2601585948361549,0.6633583634573192
5121,0.722665617568345,1.1743022042486038
5122,0.5048549548309744,1.3081695234664297
5123,0.9852708972560779,1.3476776154920516
5124,0.37486614002833385,1.7363855238988104
5125,0.7354807875618652,0.7148734290668795
5126,0.3660634121678848,1.239899489396291
5127,0.4440167926940962,1.2676923482470979
5128,0.8711089293073286,1.475796670501102
5129,0.19552956261747392,1.6161277463264092
5130,0.8286472451408516,1.6560264032974026
5131,1.1547777419552605,1.7867132145070281
5132,0.033210699470368706,1.8180220109621668
5133,0.6396773929813454,1.432246524380431
5134,0.683023133545487,1.345208764071828
5135,0.908046600660102,1.6059877850015947
5136,1.0737768636410963,1.4383244543672262
5137,0.5061803873100019,1.388891948357933
5138,0.8001217561781812,1.698131310140016
5139,0.5121451864851989,1.419972936625654
5140,0.8110708793522177,1.5938271693980022
5141,0.503095724144826,1.058752281493566
5142,0.3696738427649164,0.8583622936319384
5143,0.6462085126511764,1.6332384192497154
5144,0.5457680595392005,1.7783926944828194
5145,0.32268225723272354,1.356271133505385
5146,0.7702315203641305,1.6583144077648233
5147,0.5565840752265105,1.661814904602565
5148,0.25634402258186356,1.56762749186725
5149,0.6151567405100707,1.1301053913306376
5150,0.5356737140468203,1.793096911104049
5151,0.3734683522033074,1.3464469880724546
5152,0.5392640793674287,1.2236297401322558
5153,0.569595569771496,1.1115665583942969
5154,0.35914350025469816,1.4141332796982657
5155,0.7335872242295514,0.8949349227148247
5156,0.8014863183791171,1.5211019671680768
5157,0.47621871286574086,1.3602744483742841
5158,0.6022716647897133,1.026556152310702
5159,0.30686219845977303,1.2905290004261487
5160,0.8923713442424132,1.7847298391693087
5161,1.5914153552593326,1.6321052750247802
5162,0.8642939458740103,1.4351789765118625
5163,0.5430728880523364,1.2421194283747672
5164,0.24848568748167735,1.7509128328701395
5165,0.44829960322883455,1.3518354023761532
5166,0.7501578894642037,1.1347345874271182
5167,0.6658454146963528,1.2691333103304396
5168,0.7683797576068959,1.1793737260423818
5169,1.435018492932036,1.878766974387247
5170,0.5149746401646591,0.9827632704536804
5171,0.7215076117681014,1.5269454146439554
5172,0.4838091912756639,1.291749353506785
5173,0.6541703748933444,0.8323922999472844
5174,0.5529142067407169,1.2952080882369594
5175,0.740342367007586,0.7001099135043558
5176,0.31491039941122617,1.452731417843119
5177,0.21649151847972783,1.0912673065125666
5178,0.7155913446551329,1.0053562402762801
5179,0.4979476628939401,1.2429480008228888
5180,0.3390195884742453,1.4722492893931816
5181,0.48075199552398395,1.298970165009056
5182,0.5464257966450045,1.4426661753421848
5183,0.4628210477737514,1.4942201230280674
5184,0.6361525477719546,1.028970594261288
5185,0.5729220365151041,1.6640944877069195
5186,0.43978147442398235,1.0623525500418403
5187,0.8829330381242876,1.372810693380187
5188,0.7449359298623555,1.165786139658633
5189,0.6270504778237822,1.2452704505409464
5190,0.2289529247940111,1.7433866442154047
5191,0.8862573891595853,1.5025306848918576
5192,0.7121626109974228,1.434528307318026
5193,0.6718650340566803,1.5052743768792822
5194,0.6921797123325159,1.7192916877675994
5195,0.24970854643813434,1.205656786546799
5196,0.526255284528424,1.546074319100369
5197,0.8521057485943351,1.4805146446240407
5198,0.2541710316843698,1.1949599035672713
5199,0.6007270609678507,1.3808620397985634
5200,1.156931236971629,1.384527211796549
5201,0.4340830321061373,1.4764452037838232
5202,0.5016042405552393,1.3038599184513249
5203,0.842360225698775,1.092130230836392
5204,0.32974809420166135,1.378532242496712
5205,0.5410964196392827,1.4011601190751577
5206,0.4836849556391516,0.9410804891128259
5207,0.573850765496976,1.3808871274586498
5208,0.32336554631741293,1.4222107246962783
5209,0.624680696407582,1.6116244671184135
5210,0.7614315611604339,1.1139538385185075
5211,0.8719294338418695,1.2748055595838848
5212,0.8671455101422783,1.0641452285172872
5213,0.2909756585635577,1.5025504861080439
5214,0.8512343921877358,1.7591763794791615
5215,1.1354613116710763,1.2342250369298602
5216,0.29803705420641585,1.482120101927338
5217,0.5955402807939107,1.5961087288344287
5218,0.506504550238109,1.0532046191345676
5219,1.037097584022189,1.528806407003036
5220,0.8343452963119746,1.3946255831617844
5221,0.09904217922829303,1.5316533166256692
5222,0.535512835100884,1.3604141477045024
5223,0.6381180441643173,1.7222221060812297
5224,0.7517644396404055,1.1144829527091729
5225,0.647114500949199,1.3936464155575818
5226,0.7152745577531008,1.3061201877267383
5227,1.2538151223378686,1.5728855258285348
5228,0.37420683217793915,1.3119760847723572
5229,0.552779790840165,1.7266119612855033
5230,0.560877540454533,0.8699991228630828
5231,0.9497074259542534,0.9867140746396967
5232,0.44305808286813303,1.3366576749286183
5233,0.9249452162297433,0.9099620745114938
5234,1.0931288605671046,1.191593440898881
5235,0.9315580700790334,1.2194170775852191
5236,1.2122974186447617,1.4459737953173522
5237,0.8360334521917171,1.7982080548532817
5238,1.0893126701711,1.0545634823660093
5239,0.4776932761963365,1.2943803287321871
5240,0.7137107339215543,1.2960194837468528
5241,0.5367393078240168,1.5785780136024508
5242,0.37390083479719,1.52549310532273
5243,0.6788636183375983,0.6972660546928235
5244,0.5277196969727006,1.1905041805539196
5245,0.4705611455900138,1.6446685188066326
5246,0.4023919665324151,1.2298004999387944
5247,0.9488764655312365,0.8723648736431198
5248,0.4916071594959281,1.1790691051838422
5249,0.31537370325432584,1.9017742073452109
5250,0.40905178727444025,1.0632719287654637
5251,0.35061876111442897,1.6076913288293584
5252,0.6887220859329787,1.565654259629834
5253,0.5104015684513271,1.4730674435098483
5254,0.3524880955469919,1.1306151949929482
5255,0.3059080985642212,1.5052319473365925
5256,0.5436585933838197,1.309715854832214
5257,0.6153951963905181,1.4130204054679312
5258,0.7467147173299192,0.99793872922985
5259,0.9312489385382491,1.345025461524667
5260,0.6089528946737442,1.3504331844893291
5261,0.9693784768334445,1.010848528033892
5262,0.4895859330308406,1.2785603905912777
5263,1.2451087966035326,1.0187180416286252
5264,0.7507596193863287,1.186353911815603
5265,0.6714885371483111,1.7098207267644001
5266,0.6283009239208375,1.313781055612643
5267,0.5327562927737961,1.4689482246519927
5268,0.15706919638055122,0.9624341503664506
5269,0.4115812155551303,1.5578777218214386
5270,1.0021566862226527,1.5144191350450429
5271,0.2152840713176707,1.3207491870111845
5272,0.5965256470937879,1.2134118824612599
5273,1.0935652673717275,0.7575274875015041
5274,0.29264892298339423,1.7331617442720093
5275,0.42342218281079924,1.7337333905049737
5276,0.6212614010318254,0.9562375343898248
5277,0.7384075719444467,1.3543430171100974
5278,0.3606261940477542,1.448409454017707
5279,0.5791167970130205,0.7413922522653928
5280,0.5367421760724206,1.3258943930816876
5281,0.8752360421251225,1.4869800642783446
5282,0.5637112433939124,1.790294967582617
5283,0.6296276883068826,1.3281877774286084
5284,0.8849160300705874,1.204041097081856
5285,0.7342930253651793,1.5407181949475572
5286,0.856151026155773,1.1931853727679782
5287,0.7281501663689893,1.1477129140602587
5288,0.7694180172334982,1.0161672838933011
5289,0.2811366846885421,1.1961171476394687
5290,0.5842437584785471,1.498122671409876
5291,0.6480536075076222,1.715999406574291
5292,0.5073796915797241,1.1928095587542962
5293,1.0164619470872176,1.5967994945258446
5294,0.43907575959361467,1.3576901005853377
5295,0.5564886628053345,1.4144733233430462
5296,0.969836595156615,1.0306258755483464
5297,0.4157950378783874,1.5856487484980868
5298,0.4927190870439655,0.8121784245339272
5299,0.6665763048494661,1.4667379030397545
5300,0.29827549151124383,1.451472170702994
5301,0.7383156986230209,1.2476174559617235
5302,0.5913378795311189,0.9506876560262276
5303,0.7939271060507631,1.6369120786744749
5304,0.39019807349267144,1.309689398129077
5305,0.8090711850622814,1.3723649786224832
5306,0.4073444197996039,1.1529223668389774
5307,0.6282808809026341,1.326542187382278
5308,1.0568752706975149,1.4157467217515793
5309,0.596118673216654,1.3682350130094076
5310,0.4231803749859563,1.2647879817654202
5311,0.37507067117230314,1.7356006514959952
5312,0.7488701296120469,1.6406447602247503
5313,0.8898756013742377,1.4214379369001158
5314,0.19581692498024694,1.5451628035607707
5315,0.5617571461422635,1.5972283837114425
5316,0.6945241538599668,1.3538936509991168
5317,0.6456460317512944,1.7514890806621737
5318,0.7767357592068971,1.1510310623422098
5319,0.7600992284141419,1.0101477528998632
5320,0.5605841548806076,1.053965787847428
5321,1.3452045588692192,1.8185332630335793
5322,1.0809697313201236,1.8561840284964641
5323,0.7433840176833502,1.3073483004977828
5324,0.4731844330421359,1.3238605037732292
5325,0.5346622078593324,1.6350978879971114
5326,0.8517978444996516,1.0983723574425337
5327,0.5970768871567429,1.6782819330935463
5328,0.7607720115204204,1.2461101208538508
5329,0.9139284353358561,1.5324481838362907
5330,0.6281586033879721,1.799220649758698
5331,0.45081243088456013,1.75334740529748
5332,0.40063840523218236,1.380235960117031
5333,0.24697826494281727,0.8504688501926374
5334,0.6940073153501172,1.412190025251797
5335,0.5556562057410807,1.4835097819759067
5336,0.5211143167049251,1.7282583852592541
5337,0.8452193859651809,1.5225889354677247
5338,0.6607183517114753,1.5579819780000603
5339,0.5752863101846412,1.6534732007241142
5340,0.9555876709816346,1.6510560778486092
5341,0.5367079067931165,1.4036992526305894
5342,0.6122772038308592,1.064770748862569
5343,0.7365140919485195,1.642449207657267
5344,0.29280489235075013,1.234340249617619
5345,1.0523057672307996,1.4419072817418717
5346,0.7399642799726179,1.8210796484617913
5347,1.045863690018131,0.8365709579379199
5348,1.3293099945921838,1.2500635884880307
5349,0.2773751552883903,1.5952547669507968
5350,0.7500221392451517,0.7699035252431914
5351,0.47321852890798816,1.668361575045827
5352,0.6306870462122117,1.1909917375266281
5353,0.7029036580004409,1.5743426480381588
5354,0.6036515821404876,1.6591562886124043
5355,0.7382234085233617,1.2509166988135365
5356,0.311710731845378,1.5929883574948072
5357,0.43738647636234335,1.4204971569773024
5358,1.1054469446050987,1.0752221638297947
5359,1.068919861449481,1.3957760471035108
5360,0.4374757191015608,1.2135991068249399
5361,1.3900296019615406,1.506626045618644
5362,0.94872538771752,0.9496541741786906
5363,0.6631551702871678,0.940046499982371
5364,0.22615855122614728,1.3053287837923273
5365,1.1452263823181008,1.4689875634638465
5366,0.9116772037462725,1.3918847106592058
5367,0.47369063047100574,1.236136504722929
5368,0.8572327140143248,1.5951708928314339
5369,0.7931058918038854,1.1681047783384528
5370,0.7247497616718205,1.2938260840738562
5371,0.6967222374686797,1.411539578288501
5372,0.31475739666319535,0.9992869542329239
5373,1.1968301208285976,1.0685868960237248
5374,0.6632537611655676,1.5646930248025468
5375,0.20052994032763616,1.8191991248256776
5376,1.1930599018543662,1.31263439343514
5377,0.9274472564682248,1.3032807614901047
5378,0.36234172108275325,1.26443604034321
5379,0.5739995549801581,1.301535520883944
5380,0.6876838566703384,1.2071536749133918
5381,1.0940408752686273,1.3074612658139961
5382,0.7730365609883231,1.6908902193743378
5383,0.559497176509822,1.5278282448182434
5384,0.5692723395511691,1.2972454144468073
5385,0.42990401188579797,1.5954943973539204
5386,0.36540649233475925,0.9416279334472102
5387,0.9794219114518881,1.0744324338011932
5388,1.0760030246242325,0.7074653074576744
5389,0.5445087632132027,1.2239622695011656
5390,0.8388025633820806,1.4820706466785216
5391,0.30468189818078995,1.0117117763804968
5392,0.9613192331764319,1.2494675581434254
5393,0.8770064222164798,1.0992126528213944
5394,0.7493080192873924,1.2043364132363865
5395,0.38718627687964574,1.6191809370613472
5396,0.6497644469875087,1.3650581245812217
5397,0.9266621448519793,1.2812676430080123
5398,0.5534747794862845,1.3767322598732707
5399,1.2726765905570072,1.4236948175296418
5400,0.4664871534413196,1.2984076097855484
5401,0.26390600408056736,1.5835799229956624
5402,0.48054270720553505,1.3519800937277169
5403,0.8083915280043096,1.7691540030552286
5404,0.4061924953131925,1.4158480166368124
5405,0.8055167637373343,0.9405054053073536
5406,0.7248449855739558,0.8902088123272034
5407,1.1094239877234422,1.1108393112917738
5408,0.5229491903254976,1.4190401414551084
5409,0.4817857723914064,1.5747888660995302
5410,0.9160876046865389,1.668702482638774
5411,0.8757293513986196,0.9785509633178759
5412,0.5784639225548391,1.4181421802167333
5413,0.9272558836535495,1.0480748420179058
5414,0.7208241985050775,1.8553331282798957
5415,0.26516886384668314,1.3611365518310472
5416,0.4862935827464964,1.1756965153749932
5417,0.9165180373357528,1.30361839892563
5418,0.5795629993489262,1.3081457381350123
5419,0.5466462914408349,1.1224152815363304
5420,0.4942771359013869,1.4943266014085728
5421,0.7648796922276575,1.1213729691377654
5422,0.7486825900048655,1.0219872072560492
5423,0.3522834151558572,1.466769278687061
5424,0.7781807972240955,1.6446291508247586
5425,0.7442278177128817,1.3194633730054197
5426,0.7967482307651499,1.6952855801548703
5427,0.5332734514833469,1.4115779236371198
5428,0.1277958090529861,1.545457275117614
5429,0.6938145565030082,1.4101310363833868
5430,0.9900961145511664,1.7415142500185803
5431,0.48231122074479554,1.3262568495659788
5432,0.7970230150931605,1.6580353819074531
5433,0.8083151764763216,1.272533672745399
5434,0.4150658086218251,0.8517430081818365
5435,0.6034195395971573,1.8010809121512448
5436,0.3338055187174996,1.3073249956223294
5437,0.5205880092830888,1.6606949940417657
5438,0.8870288831443139,1.1211876948966932
5439,1.2363975224389034,1.4917781898399534
5440,0.887828905657796,1.7648465735741585
5441,0.5499082404036795,1.3377655862014168
5442,0.8213734735415632,0.7336297635237907
5443,0.6061757260534266,1.0379896815968779
5444,0.5284409978009831,1.607791179367433
5445,0.724018628453104,1.485142382518503
5446,0.21352147890245693,1.5917939017333942
5447,0.5202097931937808,1.375184556700745
5448,0.8415380023337309,1.1432107413839836
5449,0.6296440177555241,1.4540843534531764
5450,1.0767481349236254,1.0848019886617926
5451,0.43976537207407107,1.5858239463200863
5452,0.6761982265031223,0.9920030011659544
5453,0.4842820123545476,1.6736533661514876
5454,0.35145797566753556,1.338387020530143
5455,0.9254920468491646,1.1488381817036553
5456,0.9894685383296058,1.2430060081220549
5457,0.6656324695684678,1.6656147556100889
5458,0.7501851578062945,1.6702297016915766
5459,0.27949134868659076,0.9884912863921846
5460,1.2826766037046222,1.1536508729435475
5461,0.5531468437715488,1.247085264819609
5462,0.7312858906617522,1.1951738629139728
5463,0.3537816904155707,1.620415493710627
5464,0.9707063454430518,1.6826431628051368
5465,1.5729002502548426,1.3334524086092028
5466,0.715248739358151,1.3432566497828613
5467,0.6197215863329724,1.3426144798475697
5468,0.8127879951185846,1.292237363901703
5469,0.943572398100827,1.2261266468610739
5470,0.6492553324545024,1.1851070559708794
5471,0.3009815001394274,0.8332858822069684
5472,0.50031372791637,0.9204015493404247
5473,0.3467475586897242,1.1605641179929873
5474,0.36310469733786166,1.650810090735419
5475,0.8892247744576711,1.339370420004728
5476,0.6742454033575712,0.9376862277386386
5477,0.20547188374708017,1.430466463651253
5478,0.46952787532917584,1.2703032841256587
5479,0.4007904412663869,1.3807354908752028
5480,0.3156447159682362,1.1881266988831976
5481,0.6295562405019713,1.0524010323948385
5482,0.6328134962667034,1.2395511684236862
5483,0.4778305103151295,1.609057549705089
5484,0.6678096826149615,1.4138398129891825
5485,0.19465291502202958,1.5356422318720306
5486,0.35833025883691133,1.2658879778296013
5487,0.778201593765039,1.5175393459575814
5488,0.8083834548116431,0.9151290990879624
5489,0.6824181860619849,1.4495375787905143
5490,0.3005864584938912,1.3726900430900209
5491,1.0439683732339453,1.264332620773184
5492,0.9131111554596,1.4415615565074016
5493,0.8386374391255582,1.3759720407844651
5494,0.684240331974505,1.4645685447245933
5495,0.5176270468328105,1.6680239957944385
5496,0.4946298962322665,1.2425382607584772
5497,0.0721956323519848,1.0843342258289754
5498,0.7815934569369923,1.3663135027402857
5499,0.8723203882270236,1.6758907811836372
5500,0.47471104840030875,1.605935902262158
5501,0.3776803541115809,1.4155033079880086
5502,0.5083460466669756,0.8043578794965303
5503,0.8436823150267541,1.0118723421489193
5504,0.323326120785996,1.3501649660027522
5505,0.5761521507494978,1.748873726944495
5506,0.4782267935350315,1.4939847414589686
5507,0.9440880767100428,1.4390722819450075
5508,0.7712606573357091,1.2792336748531996
5509,0.7640643669698584,1.5130522382943332
5510,0.4004610593415715,0.6764363402597615
5511,0.40487147585602123,1.3124376473375343
5512,0.9245584977760619,1.6929868927092093
5513,0.8304483403656632,0.9176425864378486
5514,0.36747067328176886,1.639327627057527
5515,0.5259075775173968,1.5036364838150105
5516,0.5540534361975273,1.527564920917342
5517,0.967746553326594,1.7193031196577544
5518,0.8805419552497596,1.328442640499147
5519,0.6364759569358168,1.586172502061019
5520,0.6465250628027739,1.7187201361480264
5521,0.7867595202476304,1.1424962096004947
5522,0.4800130124659155,1.4747124601525323
5523,0.7535438185063247,0.9576381224936512
5524,0.5027292124764089,1.212102737556187
5525,0.522581772173061,1.0968568091943525
5526,0.7199844481117007,1.4147051783922158
5527,0.8290499192840681,1.1304580309475556
5528,0.9949263500120203,1.1692642166881135
5529,0.4424570658261845,1.299380764957107
5530,0.48058916948408953,1.43590410064693
5531,0.6673771116805868,1.193083016885585
5532,0.7432166065210972,1.478360015672666
5533,0.9270388765768196,1.0287397169021206
5534,1.0242607366505074,1.5068355865220668
5535,0.8248933084774182,1.6072440317794374
5536,0.6151374553185693,1.72346138150428
5537,1.125361764274296,0.9759162451142462
5538,0.7978685991379386,1.3398620757817916
5539,1.069873559868103,1.6290580706630808
5540,0.8433382078130072,1.3237467265429235
5541,0.8862790654388466,1.293147827698973
5542,0.9575733881081835,1.3691577770104053
5543,0.8969431396807812,1.723280956051568
5544,0.4968832848326826,1.4185651017610463
5545,0.5274204538463889,1.1686240081582238
5546,0.7237763538710094,1.3913761000970828
5547,0.2566827242727317,1.1404400975366098
5548,1.010133989624369,1.1986013351468672
5549,0.38392729594337005,0.8864226293539117
5550,0.5967304163703686,1.0210986995373061
5551,0.6032137267884434,1.3792709125323928
5552,0.526913094541795,1.658843566894797
5553,1.3070623300194109,1.5523785193966622
5554,0.860958325632995,0.9996493272568423
5555,0.6999233539431995,1.349480460763307
5556,0.4261404307142791,1.5371160474322767
5557,0.699334394016655,1.0678197741504203
5558,0.5837105668625647,0.695125800129416
5559,0.30735092649341456,1.6498309088419219
5560,0.4571362814281006,1.5914343542756573
5561,0.5170113175008318,1.0983577179073118
5562,0.4682668350255903,1.5480654153712021
5563,0.7026722223358958,1.6894014272861577
5564,1.0214346047683616,1.5532111115912843
5565,0.9811772546531145,0.8317970538248183
5566,0.32907579414931193,0.961644709187536
5567,0.870712661971756,1.4964011464174687
5568,0.3008762916725883,1.128497437590431
5569,0.37227443505773494,1.5177991089520881
5570,0.4127172888982821,1.5134339876560148
5571,0.5561555827991094,1.2041375510309422
5572,0.565514821204841,1.3994401609572282
5573,0.6747061999896664,0.5687335703610819
5574,0.24183489391142882,1.7595263860609147
5575,0.7105729393071917,1.6305382648439042
5576,0.18308879376643775,1.4953344026675635
5577,0.49298767326978826,1.4760766278253057
5578,0.3983919296714112,1.4826363254722914
5579,0.5023723673253075,1.4458375901762057
5580,0.4500659351625614,1.2779628812139996
5581,0.8704257136839302,1.2927091567014362
5582,0.5566790168237677,1.0612193068973124
5583,1.0254892175708616,1.580445296880931
5584,0.3114014054723844,1.574995809328063
5585,0.5452207604817484,0.9894006731191005
5586,0.6746018513127114,1.1153309228928234
5587,0.35850996519974215,1.6078894130297836
5588,0.274236091657686,0.954509020877119
5589,0.5187465116615434,1.4192291923096896
5590,1.1431003075132025,1.5174877029313996
5591,0.2980256092860473,1.032313186117625
5592,0.6262826053347496,1.6306114587417355
5593,0.16041584420980898,1.657656824046772
5594,0.6428478038746339,1.3081157816223847
5595,0.4467400479259763,1.6757011419710404
5596,0.7690016422603909,0.9065916644701564
5597,1.0812512312525138,0.9672661410422341
5598,0.24775140206928223,1.0158362602072106
5599,0.5678634793736066,1.495828634379984
5600,0.4161302498774442,1.320540034039575
5601,0.621147899225112,1.212599081513343
5602,0.625771457274128,1.5818693310734662
5603,0.855502023815632,1.4774625790036549
5604,1.079010368615565,1.5273903664959239
5605,0.7806495051265453,1.55236264251136
5606,0.39554094576016563,0.8853055053814374
5607,0.2356617710370346,1.5332645324128502
5608,0.6801271249111528,1.6370972143050864
5609,0.9855971865800113,1.2128754266343735
5610,0.7399930468928633,1.50726201238707
5611,0.551569723185754,1.0036787256961475
5612,0.7500114014204751,1.5716470683474084
5613,0.25895227998421233,1.8003529929842175
5614,0.8723490566731179,1.3123189358408123
5615,0.5306401013049022,1.7066823226175778
5616,0.7299626252429072,0.930275942610683
5617,0.9717685142604116,1.2695564939085069
5618,0.6789358982837518,1.7833512042449629
5619,0.36418487902380486,1.1282742528583842
5620,1.0319992325166978,1.6669924698153238
5621,1.200167520829735,1.1542246699498862
5622,0.743759037023755,1.4510948660693104
5623,1.0904474375701851,1.250410347329254
5624,0.8818569992938742,1.7331671406612759
5625,0.7340598392384154,1.5072626136562668
5626,0.7209508293613107,0.9752038955894478
5627,0.8854009262165773,1.704403254767806
5628,0.5532094854740123,1.6146487061214576
5629,0.26791562476207487,0.47514832769711934
5630,0.6816035885120032,1.5642118038362982
5631,0.4850325193131264,1.0996570539673096
5632,0.7423116143949486,1.6586231011956734
5633,0.7749886923370517,1.3903205095248325
5634,0.39304909744774436,1.615010081454017
5635,0.49354423836538663,1.1628224361360926
5636,0.8846154074735544,1.0414429470881146
5637,0.8604618633898712,1.5614678666851969
5638,0.7401546086222981,1.065562747150617
5639,0.4819556034731625,1.172249608762056
5640,0.14756115863825917,1.313326428518003
5641,1.1472324123747586,1.2074516207998174
5642,1.154708737353871,1.7880375629184542
5643,0.8203094144314564,1.2492680105069485
5644,0.49140644467958683,1.0029126679753115
5645,0.6059790584939249,1.1522961965355834
5646,0.40040800291358736,0.9080735696553461
5647,0.517054435606135,1.5321907647344282
5648,0.6896337656118263,1.0227672753335733
5649,0.8446687927942058,1.1600259781597337
5650,0.3390545175870474,1.8636583290253705
5651,0.8971062340589115,1.4244852987829928
5652,0.7584599320946688,1.6694194098131885
5653,0.7186659418459296,1.4141594353889526
5654,0.6177924823165714,1.6329916140887597
5655,0.43168165469710607,1.2782110173130437
5656,0.7404499917084438,1.2644857210784481
5657,1.1491564130375775,1.5121322264310135
5658,0.5383914753084349,1.1128049769372526
5659,0.4625244452849115,1.1254762709599335
5660,0.7654738889870504,0.8115921742015793
5661,0.8441255494706463,1.4076335300124376
5662,0.5695987768846102,1.82216546147435
5663,0.6347568145628504,1.577184582361238
5664,1.1463209404336072,1.0781379142112546
5665,0.7524373729691223,1.480801989262222
5666,1.2668783191280466,1.4588065796884573
5667,0.4660489576508907,1.3039439464795919
5668,0.7534357622177855,1.554122149176046
5669,0.30782484379196795,1.7212817038812864
5670,0.4386662846325498,1.246705759850117
5671,0.7902540571185611,1.1596500990919032
5672,0.3811079947812119,1.3260321849808758
5673,0.7113250602195811,1.3226213638693478
5674,1.1916258045287655,1.2725517992891024
5675,0.37396523070272963,1.734058624114573
5676,0.5014159789463728,1.3034668505556093
5677,0.5790485358083511,1.0317508143363923
5678,0.4504658605908578,1.1667885047206994
5679,0.7856852858298474,1.7400148368116812
5680,0.5167178708255877,1.3272475453900916
5681,0.5578605090533421,0.900387651297075
5682,0.49726532176467864,1.1434703028484807
5683,1.033221201542686,1.6308402710438972
5684,0.5771764528740471,1.0374828799584015
5685,1.036693604647155,1.131225079747439
5686,0.36543418785252646,1.8013821937592924
5687,0.8022097836706473,0.9255115696181571
5688,0.6408680981180174,1.1346817931490127
5689,0.39000771706983955,0.9900424433525945
5690,0.6625435609892809,1.6332507337911404
5691,0.4865986674244084,1.0944998188410584
5692,0.24580469324753199,1.5492417255658675
5693,0.8832683079681087,1.1044732575327498
5694,0.5934011156128143,1.2002149526135608
5695,0.7442593465973956,1.1862230645947993
5696,0.40735992079929656,0.672664691985507
5697,0.41249357023979877,1.2171058122556462
5698,0.6936631844961161,1.217054190686695
5699,0.5417137181314606,1.249164953811643
5700,0.1824431804947958,1.2592822627344948
5701,0.7574497589354474,1.140103354577887
5702,0.4401413626170138,1.807066281267759
5703,0.14293348254725965,1.5696204338333568
5704,1.048393098956133,1.530368849817597
5705,0.6471461065053616,1.6122201564042
5706,0.9840678888983231,1.1786612678496984
5707,0.5735238725844088,1.6101119807927962
5708,0.27714715317696065,0.9098243804586725
5709,0.46287919457780907,1.0954782106710446
5710,0.4106974525773411,1.1698792664651902
5711,0.7764580910388453,1.5550829077748087
5712,0.9410101103313497,1.143067912679156
5713,1.1639741172130083,1.1277230722361682
5714,0.6862072158387109,1.3808996306166714
5715,0.5131951522022009,0.7986754731488686
5716,0.3113659523946445,0.7038144964527577
5717,0.566813688601599,1.6174019703944693
5718,1.0694442274308367,1.4540034621073923
5719,0.6603265422240424,1.4199329806595264
5720,0.6389023588515668,1.280685245007367
5721,0.7319222395058397,1.4637952215050265
5722,0.4369800511754798,0.7477482076749942
5723,0.7712663170840218,1.2342971478945894
5724,0.3889024313120333,0.7360903130436875
5725,1.11966418531831,1.4473226652699893
5726,0.4491373326411515,1.311526109029868
5727,0.4044235103879853,1.4459946469314204
5728,0.9108200263696121,1.7775326569890209
5729,0.18260011378480648,1.6771356104091972
5730,0.8287261169935927,1.2848415641692803
5731,0.6787501302908832,1.6207218912088617
5732,0.31012498241342945,1.178752091406225
5733,0.7636075161502557,1.186073030891984
5734,1.0107486714964629,1.337757512549111
5735,1.0803076522295996,0.9921896142500772
5736,0.6807889658959297,1.731047605191946
5737,0.7310309682056289,1.1552732248262891
5738,0.7009930486874109,1.3918843970710646
5739,0.7054110049840162,1.704094466057081
5740,0.38208277791072753,1.4657120868234639
5741,0.5309170082132417,1.0383468318966513
5742,1.0546110245844418,1.769910233229026
5743,0.9375910447988108,1.3175280823151914
5744,0.6147215818205596,1.4054856357199423
5745,0.7933685881098506,1.6812799101695677
5746,0.5640315661618444,1.011236830936401
5747,0.6129472172286351,1.5990265906500398
5748,0.44101339105336124,1.7483499563025848
5749,1.014050886905731,1.3974877437674356
5750,0.5887058716343458,1.0033373605824094
5751,0.7778032212777891,1.5384519656997093
5752,0.6141722104601208,0.9677612587241751
5753,0.9763545123810733,1.4902329169641733
5754,0.6145688255918433,1.156327578768178
5755,0.7245674373812399,1.4279130079081122
5756,0.3965884560539478,1.5974396941018147
5757,0.5926244369176599,1.604681537628514
5758,0.4508161419625766,1.6875396489978611
5759,0.9905816484263714,0.954559076978543
5760,0.40654307804016765,1.183118279858995
5761,1.1628723383717336,1.41906977285082
5762,1.2387640830772428,1.5245030374141157
5763,0.720604914571333,1.0142349457279691
5764,0.6378971268154051,1.4366344727076417
5765,0.41493560368387367,1.4653441885021699
5766,1.2319070946383455,1.5753775234152225
5767,0.5042799430554452,1.4489992045273699
5768,0.5224788817916093,1.1091560574126242
5769,0.6217866528728554,1.2082613812507352
5770,1.1052071061723931,1.0554389355546334
5771,0.5654619641783425,1.1222908206673239
5772,0.39717582192687484,1.0081232154597395
5773,0.8673350815565637,1.429146374082557
5774,0.4306164428800592,1.191789572323291
5775,0.3108224686011477,1.425560193499038
5776,0.7455557184651985,1.4639315644391915
5777,0.9053128667365749,1.2978829583164433
5778,0.9028542499673675,1.6322166584580953
5779,1.3240153452667294,0.9483744606225362
5780,0.6313537867306563,1.1789524482044837
5781,0.45162864079173015,1.1466123582738779
5782,0.619616430071732,1.0772407162353497
5783,0.7793106565826001,1.165959046057044
5784,0.6423907321839991,0.7967089836026258
5785,0.7937640596218836,0.7815761109557231
5786,0.39909182072525007,1.024808216139323
5787,0.8756242257296672,1.0756131403844442
5788,0.8192774725106218,1.3777888347135947
5789,1.242461048635077,1.7289328815233163
5790,1.0946145238920935,1.318425727414956
5791,1.1906149330509794,0.49900866059574267
5792,1.1060523696938989,1.6393179717654776
5793,0.8342100606607256,1.273108921744343
5794,1.1910110096666966,0.9578317266749501
5795,0.33500236226608554,1.7422524159783506
5796,0.2727846427593987,0.8531877292325023
5797,0.44526624307437374,1.4420914996552
5798,0.5535315356560085,1.4540567571573273
5799,1.1400540615096486,0.7297104986893368
5800,0.9203451005803919,1.5908207667011212
5801,0.42131780312546524,1.5657578492999615
5802,0.6083060072805628,1.3210629940616918
5803,0.5748741159060401,1.8277185879507178
5804,0.5831667494467422,1.4177472788379244
5805,0.9780289297188776,1.7082414046441918
5806,0.7952184106487515,1.26411028495118
5807,0.9228256722589724,0.9288318252931298
5808,0.4758173957322221,1.3251596901620903
5809,1.1409044655877973,0.7809003961671424
5810,1.3285078136361894,1.7242881400985632
5811,0.550443264074877,1.0522964931556058
5812,0.29353769830133675,1.0693819269604417
5813,0.6421929739018216,1.2543290565299925
5814,0.4927316696558408,1.428618055210864
5815,0.46527315030835403,1.3381632921596367
5816,0.544936222932806,1.1384005750675412
5817,1.1603676670449232,1.4566505210456264
5818,0.4330727821061295,0.7918933426436459
5819,0.954410240213869,1.3309522277038124
5820,0.6335162490206541,0.5663861794469949
5821,0.24029827893553324,1.0110746158876704
5822,0.8266779080692455,1.2038560863655832
5823,0.41416383222068304,1.6674844701993279
5824,0.5785955056635106,0.9181888728276237
5825,1.0002349334722138,1.7691438453086192
5826,0.7072114165750609,1.399144348079723
5827,0.5507619594980454,1.0337103471160858
5828,0.3774366715714637,1.2672590579580265
5829,0.5391700178482591,1.3793058037057606
5830,0.5688302470933678,0.6269752362798513
5831,0.8868563137908806,0.9916860146891415
5832,0.49753855507362654,0.9787742168432079
5833,0.7652357882510568,1.259059588617429
5834,0.2842525680523533,1.11746822456056
5835,0.5534660903089174,1.67911571028671
5836,1.1306399709086215,0.8745006505602888
5837,0.19918244090692344,1.2059800360216428
5838,0.8364773976810231,1.02771489898508
5839,0.556792699303105,1.4859723800073783
5840,0.5345061629844715,0.8801289075544549
5841,0.49891787459973036,1.4782519817773356
5842,1.1074623904756578,1.3035409625861003
5843,0.4158604072158601,1.3269185409264912
5844,0.38520741514931733,1.1078150205716701
5845,0.36771352150466696,1.222093602980162
5846,0.7725848900741108,1.0541308809427687
5847,0.7364167060118919,1.8395773191105957
5848,0.865961103235289,0.9162007168658144
5849,0.5644647763388974,1.1479232744433037
5850,0.47103913446920087,1.0571332507068472
5851,0.3123691571111666,1.1753866737305938
5852,1.1220465047239794,1.9189950251737542
5853,0.8999932820514764,1.8444408307854516
5854,0.19850787328602992,1.5491173011727057
5855,0.2811920542274624,1.222393831846865
5856,0.2714706667414826,1.2620219286654697
5857,0.9258905418882573,0.9675772004129004
5858,0.8085245432808178,1.2078097578093132
5859,0.7939603518484208,1.763914867825339
5860,0.7635542222639801,1.3153648931420614
5861,0.6719533850642218,1.564314487920738
5862,0.6840052999907261,1.119696458017716
5863,1.0935337242049612,1.745905513744325
5864,0.7640135012236451,1.387509885793761
5865,0.46544172486963925,1.0630768619566913
5866,0.22338364015396642,1.1927635008506474
5867,0.8973596202544797,1.5298256553935445
5868,0.5985418642441075,1.8098394090981846
5869,0.3785701292188119,1.217753566052831
5870,0.8969635366452859,0.9610467571944954
5871,0.31917309865308124,1.5387124156678966
5872,1.0978779980546038,1.3123844832153355
5873,1.0577825124071691,0.9106411644057959
5874,0.44234709732975663,1.5717616706189725
5875,0.7401467460815717,1.1422040740022967
5876,1.1228642098327264,1.1576520582133356
5877,0.3800216013952097,1.0685771961061035
5878,0.17439205575938557,1.2244173282557882
5879,0.9000174467504238,1.1853691482341635
5880,0.9240352096959519,1.4822563991552178
5881,0.27779017277045376,1.378570926249373
5882,0.7865053908818367,1.483863550605942
5883,1.5465677559777204,1.5359285947350312
5884,0.8859652194813346,1.0676251053869648
5885,0.557645165245991,1.0933829811271596
5886,0.29802742249206604,1.500356077815157
5887,0.26292653709371233,1.3200671105281256
5888,0.8866056202000403,1.3009849983624724
5889,0.9104358066080545,1.4859345265222508
5890,0.8167380309120964,1.4718429356791392
5891,0.8926267205540142,1.1517287639600462
5892,1.2689016781549793,1.332636884518199
5893,1.2142559448575336,0.9857396311617155
5894,0.8089664610150169,1.2958943091878368
5895,0.23308584758476955,0.9659244267427021
5896,0.8332548947636544,1.58644720445099
5897,0.6093059523020865,1.3922413344800324
5898,0.7848613242837218,1.3632390563930348
5899,0.9292300281520093,1.2862053225658754
5900,0.640058412813934,1.6503380728652277
5901,0.8760151808382892,1.6255460664124073
5902,0.42730977254980074,1.2497726300865115
5903,1.4735877431688786,1.380366425290601
5904,0.8260682705639382,1.6585791409333843
5905,0.6263108771424709,1.3162170175192256
5906,0.4963123441322618,1.6430569782849453
5907,0.9181233924770722,1.4016412043848452
5908,0.5157434479366052,1.5413516281220505
5909,0.3282667861585671,1.0029427007649532
5910,0.9149645489671219,1.321827489642373
5911,0.4168398321967733,1.4728536883078176
5912,0.24746107346584445,0.9887650224433546
5913,0.19781476894985067,0.8124731293306722
5914,0.7516219915970714,1.3510082323197956
5915,0.4186944028923592,1.1119479912939347
5916,0.3844579124369294,1.447172302546199
5917,0.7145243160364244,0.7971665558378858
5918,0.7946606567514061,0.9777998271434325
5919,0.5209484649973602,1.4310819983931466
5920,0.10272610148411603,0.8954328542717278
5921,0.41726144602954984,0.9972446454851995
5922,1.0058178294334899,1.5811898034288658
5923,0.3502609112624327,1.2042912488759827
5924,0.7322217149725739,1.31391298630554
5925,0.658852566271822,0.8295460539258817
5926,0.8218325875311727,1.2520412268148822
5927,0.6641002501585387,1.6258816803077805
5928,0.8966656599714445,1.3326400879674267
5929,0.7290731163249934,1.3462573857194418
5930,0.6739072968966552,1.4547934418263355
5931,0.30174380599397915,1.3547169054808492
5932,0.7822862047098943,0.6794885871302256
5933,0.4412338197946448,1.4519979498757944
5934,0.4945141590083958,1.6287464640537315
5935,0.6577847455606006,1.2476658783065926
5936,1.5021237874852944,1.7340657619271664
5937,0.6885625137734024,0.9374386709063836
5938,0.40851590142279115,0.9680732692901257
5939,0.7621070766301778,1.335484661509574
5940,0.43653547822219224,1.2922005104214318
5941,0.6563663061267926,1.3122737550181567
5942,0.21287772664018298,1.3678983103246272
5943,0.7166066521027212,1.3446839255295515
5944,0.4175747866016767,1.6803768829191401
5945,0.746066760639753,0.668153646406149
5946,0.3852171137983953,1.7327693290469688
5947,0.9638888944861966,1.124581617449252
5948,0.5956695802172562,1.4916387409818221
5949,0.792802653776017,1.0596933971322033
5950,1.1327140738590131,1.3490215776543963
5951,0.5760256002203208,0.5279086536133513
5952,0.2344158718739263,0.7357738635204392
5953,1.1941009258965922,1.0806909786968144
5954,0.2835529280669569,0.8912071514584639
5955,0.6673602549249821,1.2896133413673165
5956,1.16321004186642,1.1536046018046524
5957,0.30810191377282964,0.9327078820610009
5958,0.6039409790590341,0.7552876655653782
5959,0.4743390185711067,0.5430789738493624
5960,1.1829624682851254,1.3754393033992316
5961,0.31737709846827444,1.1973992986213249
5962,0.9467001868732936,1.6172151636976793
5963,0.8627362727457272,1.7064007363020683
5964,0.29117093823965257,1.1961958048632613
5965,0.6122444358225522,1.4095710288480203
5966,0.4948668151417196,1.4189155543261607
5967,0.7494950692913226,1.4230595079419917
5968,0.6849848173595277,1.376416541050109
5969,0.6131770846548603,1.5000976213440798
5970,0.6173023853390117,0.8946625966502262
5971,0.6960097198435443,1.965870564936418
5972,0.23923938025616676,1.887413102277249
5973,0.6514443389860068,1.2820479550539976
5974,0.8818128038475451,0.9940327996900524
5975,0.6793605966112211,1.662000504493791
5976,0.8238702613729301,1.1429805436784362
5977,0.5179011217570717,1.5134405142856504
5978,0.7354002559100488,1.2503557902904037
5979,1.1070697916110732,1.1677243007962788
5980,0.6784206396937311,1.5699648902387744
5981,0.35701793577504587,0.5664083302617668
5982,0.6460542801541499,1.5521977563980491
5983,0.8611456002764573,1.146529788509567
5984,0.5428155429042915,1.4453766152097378
5985,0.7463542535557979,1.2752984098441549
5986,0.3455235256980534,1.354343401805346
5987,0.6647189251901792,0.8572018078481016
5988,0.5259238001567631,1.4812332012211726
5989,0.39709331252503244,0.7469065992891304
5990,0.6523661247355821,1.545758823192639
5991,0.9488255006192586,0.9880020545373871
5992,0.6449966864552086,1.6742955476409396
5993,0.6673606881377211,1.2270028720842936
5994,0.377768762075559,1.1839159864307631
5995,0.7771527019427198,1.0691526369382394
5996,0.8775870313576832,1.394982120521752
5997,1.2038408453373497,1.3290012011904602
5998,0.7690505595815911,1.3725728846604415
5999,1.187719135581023,0.9374523104764299
6000,0.7843504944543159,1.6752298878874208
6001,1.1750022271330611,1.360490806501149
6002,0.49472996514305617,1.2219334218615971
6003,0.9264862523276898,1.5828102543461842
6004,0.8207027679994735,1.3617677328089757
6005,0.5445737558492072,1.6338941202009947
6006,0.3178752645791766,1.010835009847081
6007,0.6942032692458822,1.067219468387525
6008,0.6612222341648861,0.7966333732240298
6009,0.6061664269901442,1.439173793201602
6010,0.876110191356581,1.681766050607647
6011,1.0020546304954132,1.4070745260758257
6012,1.2166378314686173,1.2774809756004362
6013,0.5912404292251421,1.4285467498554736
6014,1.0417442729395656,1.4692714306726236
6015,0.6910895481497336,0.9995615142603143
6016,0.4149178347758159,1.0621544534507317
6017,0.7645489825607572,1.2791909354848054
6018,0.6008764822473917,1.5941012696320063
6019,0.5278824241802667,0.857393416146967
6020,0.5287408150657962,1.3067158025439949
6021,1.1919784843521832,1.496811886326429
6022,0.657616075035659,1.2730825820421314
6023,0.9102606237961618,1.3531199405532024
6024,0.9815240621004154,1.8544530954587652
6025,0.6586131706574736,1.707358976714188
6026,0.6624821864709913,1.0699277268208025
6027,0.6248139348144791,1.7154269526372736
6028,0.5785980324775151,0.861747692267621
6029,0.2439047560677919,1.3809945770901226
6030,0.7869344192777208,1.6610250846365533
6031,1.0065732180188978,1.3432135587422342
6032,0.42971255064649955,1.1409837630978918
6033,0.44401484610501757,0.8818628349859388
6034,0.681179959709697,1.469849235689841
6035,0.6306195611380566,1.592503356315575
6036,0.7561190670223571,1.0946399993383618
6037,0.7242469755463662,0.8120694815590357
6038,0.7434580912102527,1.4489674081515291
6039,0.669079077838355,1.717282299354967
6040,0.19726702960665937,1.564279945846232
6041,0.4872906109375489,1.4635013741134193
6042,0.5801713282019473,1.2415744923462206
6043,0.585556433536822,1.3060367359032594
6044,0.5370596047486703,0.681421599996878
6045,0.5050315144051318,1.2983631364866248
6046,0.45613730851363643,1.3271991154112177
6047,0.5000251000849284,1.2527410666550365
6048,0.4039903127388541,1.1646372320710952
6049,0.6159116447850359,1.574906586339339
6050,0.3588621513184144,1.5973411720403217
6051,0.672322323559065,0.9263836820949893
6052,0.4283205050185719,1.292745929200281
6053,0.19043385919432207,1.5492501512552304
6054,0.6572029770185158,0.48963087911298375
6055,0.22923538918615405,1.5775689715120182
6056,0.4273623950850064,1.4365697979580698
6057,0.4807198476039942,1.7970727883815416
6058,0.38622730150996676,1.104142590472257
6059,0.14518895455583092,1.1962598860896265
6060,0.6488046516922624,0.7451484954485115
6061,0.818586942545489,1.2137012465415964
6062,0.40548947115087286,1.2344904122382565
6063,1.320450790805033,1.5100865713972684
6064,0.4861314747790627,1.6881086683088562
6065,0.936058407052445,1.7217359360682036
6066,0.45961085282788255,1.0400415680267419
6067,0.6988397007510851,1.5608733232982686
6068,0.3650292959055518,1.1383842700513114
6069,0.8106657810201485,1.3890900809552018
6070,0.7472420673144929,1.526614536789475
6071,0.19514476832617125,1.7826727184172533
6072,0.35132112844647934,1.009783789557554
6073,0.6065940908284115,1.3417040617878118
6074,1.1814549833956687,1.518906445572449
6075,0.6602645170907196,1.5688807293200593
6076,0.565328195128551,1.4958993931855669
6077,0.7925412689194063,0.8837938426040197
6078,1.5858147649898278,1.5446688470071375
6079,0.49737333520699106,1.8219527759049827
6080,0.9108730313011789,1.544729786103173
6081,0.5882618323122428,1.3293074898991772
6082,0.826121951603722,1.017568075533514
6083,0.24464230149383664,1.5879485755328346
6084,0.8104674262566922,0.7214208547883716
6085,0.26034400341630487,1.503453602927912
6086,0.4985138334754641,1.7364019093529017
6087,0.22075410917245086,1.2922416611911127
6088,0.5357237543582816,1.4270399859254441
6089,1.003464548981424,1.3287107775502087
6090,0.5880928972732078,1.3763248881057004
6091,0.9981869524302237,1.2985093117340785
6092,0.6209658134365529,1.760306132956369
6093,0.9148870121889788,1.4643487137636386
6094,0.8890249886158313,0.8571299558177226
6095,0.8761775356927509,1.1471359588080163
6096,0.34350865804455544,1.4586318093626804
6097,0.9185782564928546,1.1622207719677486
6098,0.9048873990319918,0.8990045188926756
6099,0.7682122580843503,0.8651674274070191
6100,0.6573111286846289,1.216634863391096
6101,0.6155533417709351,1.8793953434991706
6102,0.5659703467768504,1.211498397266916
6103,1.0854702598349468,1.1504089214743152
6104,0.8607861318613476,1.4585964288580144
6105,0.488835872966209,1.7869779609037992
6106,0.8257104398675131,1.3331701846666446
6107,0.29453523258513575,1.2182509514027258
6108,0.8144828493978258,1.54531129232081
6109,0.7373917166315536,1.3763714074476239
6110,0.23302224778983027,0.7737531102148416
6111,0.3289264600074006,1.4381600174063616
6112,0.4567662105393063,1.3200550972113936
6113,0.7516043918609571,1.5621975701756383
6114,0.6660461635150021,0.8254855668263712
6115,0.41677731165763554,1.1203593539121215
6116,0.5648748485012081,1.883392801073225
6117,0.8135424478798259,1.3421318739864432
6118,0.2471054039913817,1.1083189261224726
6119,0.8125011813444711,1.2883503974036747
6120,0.4199041779516201,1.2909413758871693
6121,0.6931865888722047,1.845514404633275
6122,0.8522085787640955,0.938593030646369
6123,0.3534237139746697,1.8037584070589028
6124,0.6877122372715182,1.5997050470242011
6125,0.7667670431362567,1.237378588030985
6126,0.8691515595310663,1.2777068705955532
6127,0.19812829240316984,1.1793692368848059
6128,0.8189060307856071,1.6421504855561446
6129,0.5818681222965124,1.3978207468807984
6130,0.34976782654111344,1.5778498429925236
6131,0.7592070102238212,1.3456336469959633
6132,0.5500991294770121,1.213155388259798
6133,0.6603270355764232,1.5143975091886275
6134,0.4190320461017486,1.6878187233137334
6135,0.384297148385443,1.1724904589870486
6136,0.36457940206315975,0.9991669325692041
6137,0.6505940721530681,1.3845782382684775
6138,0.5177732140409591,1.1336959199644703
6139,0.6662942949818448,1.0879763524644925
6140,0.7778827601342642,0.8266055014668967
6141,1.1493805506584065,1.3193472835940923
6142,0.6945530408456846,1.36988801045086
6143,0.7027568419719096,1.1063993195436366
6144,0.39865843773343657,1.1372304975003789
6145,0.48363512379245316,1.1994706522075058
6146,0.5703812302995062,1.5094759446813473
6147,0.4504963789402192,0.504495973705472
6148,0.26798968014607216,0.6630607256036549
6149,0.4372073254028948,1.4803970804291193
6150,0.4531244762883534,1.2651387772846254
6151,0.6620449712431224,0.8539120045081123
6152,1.152602795313516,1.9058760694884793
6153,0.6652520579119331,1.0893879598082352
6154,0.7710190735722954,1.6508537540700048
6155,0.6092519950830813,1.0394692990620653
6156,0.6090080718093098,1.4298880069010869
6157,0.4744710504618716,0.9876559488915577
6158,0.9015411223309474,1.007477741315531
6159,0.5056177758592237,1.2925319805096218
6160,0.4798288045227993,1.5169516748695877
6161,1.1074180843277175,1.1786909178561338
6162,0.6853906489902297,0.4365844010599511
6163,0.721981462079436,1.1397801630512925
6164,1.0347758143643728,1.2070192254117487
6165,0.41747861953654153,0.8798482472192264
6166,0.4095814794736609,1.4388748571985794
6167,0.709867097695478,1.2258683729330735
6168,0.884475372250293,1.5378009512539261
6169,0.6778090862175887,0.9539777432929464
6170,0.847177505057467,1.5299403835229184
6171,0.44522439676527825,1.0410035799148172
6172,0.1589820138210407,1.4003986950326626
6173,0.8020907547680203,1.093403923977299
6174,0.654130534057683,1.076931988224906
6175,0.5464408190717185,1.0037068620899507
6176,0.5694740104468486,0.916086495758456
6177,0.7776216792054691,0.9502982772504989
6178,0.9261103808158241,1.273184838554534
6179,0.3562231272969649,1.3463079971784904
6180,1.1624912689647593,1.1261973774812841
6181,0.809197017370168,1.1305468425349394
6182,0.7075302587304952,1.4717213968922542
6183,0.19924534912861322,1.721852593587763
6184,0.7229774892841697,1.0513152411679512
6185,1.1435472061794085,1.5851185882381886
6186,0.8354642691850873,1.7839744676444023
6187,0.6055458266292989,1.5387556118603853
6188,0.7095130920116385,1.1691076352486163
6189,0.523566115019411,1.2960405215449706
6190,0.8311968113793492,1.2799302345526582
6191,0.5332683723042182,1.553024129513392
6192,0.8596970446618912,1.2186589889079125
6193,0.5895764587632905,1.4152016325311183
6194,0.30863325678827175,1.2837332969329522
6195,0.7941241004774708,1.4063088465235274
6196,0.9069562798133122,1.4543485771191529
6197,0.8658953777190503,1.0110349359034836
6198,0.8565891002620107,1.2992302393506834
6199,0.25549088812356996,1.1268956266941779
6200,1.221717212629086,1.710055302038678
6201,0.5454288432854304,1.4910821914971932
6202,1.1673015506356983,0.79722673805616
6203,0.2505845813189209,1.4630824167999235
6204,0.891387449248406,1.264317959520712
6205,0.294040839732313,1.4771913840318942
6206,0.2531588578202463,1.0562112261228882
6207,0.5784241320188843,1.5454730199268045
6208,1.342769012832555,1.3143374869655267
6209,0.6470384165004555,1.6280222797399135
6210,1.0759223169017067,1.3295428744257065
6211,0.29427582785569284,1.7283699944725193
6212,0.4902786815783304,1.1275609514794236
6213,1.3292059196270707,1.785220529238635
6214,0.9735322587677312,1.208556227527783
6215,1.0758012517269417,1.2514192359925234
6216,0.3662153994858499,1.156653251143834
6217,0.657299633569951,1.645462584545297
6218,0.8513868285340771,1.1992153149450577
6219,1.1449994730682882,1.469220485801607
6220,0.6583622916084605,1.2691410124872293
6221,0.5124262109473293,1.3216289372809333
6222,0.705356869261744,1.4249196343056774
6223,0.41986786149469807,1.474562800349538
6224,0.5823875314936071,1.5210795503373693
6225,0.5814122621620723,1.5615438655540796
6226,0.19143796311331562,1.4797838859367052
6227,0.6024086024332603,0.7735273038694832
6228,0.13099138471112612,1.0618154733410838
6229,0.25862679394650007,1.327874962808131
6230,1.3291471651101587,0.8378239641580723
6231,0.5375211966359232,1.7522946853352175
6232,0.38023281382912827,1.1765366462800095
6233,0.4177516087472789,1.367079270953183
6234,0.9413767521789879,1.4025072455358707
6235,0.5085102437134573,1.235332294975376
6236,1.4626194641238637,1.0217596407054226
6237,0.9933736443152936,0.9507605618859445
6238,0.3964433866170796,1.4667368351890082
6239,0.5003926329456269,1.4759857735008735
6240,0.9379856382902485,1.2074038469633863
6241,0.9355709355341518,1.288507698924186
6242,0.7990911727938605,0.9231134784415391
6243,0.8364218512881645,1.566641965094567
6244,0.3710641659396024,1.699449681087789
6245,0.7479155577195755,1.2352684925824151
6246,0.9159864712958109,1.5324134382943317
6247,0.4167864830794003,1.81027588039929
6248,0.46344958908553757,0.9377708810412551
6249,0.8309962956209466,1.6009950177558299
6250,0.4512924488846398,1.1547114812163848
6251,0.25084526031251764,1.4809959724014286
6252,0.3979689138827112,1.2451257925400712
6253,0.6081906375584576,1.1817836567025577
6254,0.6267269941021215,1.4961620341866417
6255,0.40512508303263456,1.4437047067637465
6256,0.20888335658087256,1.577324858873804
6257,0.5829074059828735,1.1704032350578766
6258,0.825450356780286,1.1149476920404267
6259,0.5155781934408352,1.4624005262456752
6260,0.45168637628439123,0.5441100988273497
6261,0.32829762630052933,1.072842993567446
6262,0.34372982078427433,0.8504177085547875
6263,1.1189550712634877,1.682101497234133
6264,0.6446939655760189,1.509333783022136
6265,0.34040991095298806,0.6747072202881776
6266,0.8066251884654768,0.9103265807701653
6267,0.788071848183233,1.7052319484060448
6268,1.0641384213970546,0.9295501111924418
6269,0.7410877842986761,0.8926037696454756
6270,0.4407623933242858,1.3450047429159921
6271,0.44334024483288464,1.4665764618020527
6272,0.4070256128659767,1.4488706915929082
6273,1.0027620884313702,0.934511958282203
6274,0.7463365365592167,1.0418852234127476
6275,0.5966482552380634,1.0696165544836729
6276,1.0088167162060107,1.6890869408589009
6277,0.9308409669300195,1.1602397161205813
6278,0.5849159501434646,1.5838531201728943
6279,0.7219276477252922,1.4624173807151373
6280,0.667595590456741,0.7071955462427206
6281,1.14316218820448,1.801761799586206
6282,0.7704836641479159,1.4814680875134747
6283,0.6886649550165519,1.1023130474785139
6284,0.9462847615097421,1.752070945951437
6285,0.605088936172366,0.8433108879124656
6286,0.7967775474305888,1.0760303457508678
6287,0.91752224078959,1.314262633250327
6288,1.0641228427776614,1.3593434581616888
6289,0.9814721050767193,1.2103207984484539
6290,0.11684123507214282,0.8613186729109645
6291,0.7547318300214201,1.178022067161108
6292,0.8103463709694966,1.223242931310876
6293,0.7434986807414147,1.802758575979913
6294,0.5015993401793895,1.4868861804494378
6295,0.7431070607014632,0.8484784685277573
6296,0.6049755728631375,1.786395212862995
6297,0.9651680789296107,1.6353887261078652
6298,0.9523208442847537,1.2564046387532644
6299,0.24793695809563898,1.5266191733621994
6300,0.7987207040628018,1.5653222737829233
6301,0.9675955147741773,1.3686535193618607
6302,1.2359932405537257,1.5028149339918422
6303,0.5589555769981365,1.3778566223182236
6304,0.5949826269208761,1.4579857039516018
6305,1.0612589119412534,0.9115444594837803
6306,0.4054816557029048,1.8865324148544156
6307,0.6443993437252252,1.3626029334661767
6308,0.2923918182398462,0.9985426574661529
6309,0.4860976025776354,1.6158128914532313
6310,0.5984878452067407,1.6060198229305405
6311,0.4795922149227092,1.3547029014641252
6312,1.2949363351730903,1.4904011184715442
6313,0.8245904719724738,1.216890765734208
6314,0.48721183033728005,1.3388235152827308
6315,0.6257987030945196,1.5107917963348514
6316,0.44171287831436523,1.712341847458844
6317,0.8613810852921466,1.103776145435071
6318,0.34594898645855066,1.0717530455867799
6319,0.04046293310106116,1.204474381481912
6320,0.3811150898839488,1.2843488133255825
6321,0.9077670000467943,1.6719883989793907
6322,0.7873552347025335,1.4830615905776854
6323,0.5745500488435719,1.339762495884492
6324,0.663632049320882,1.3885234081527136
6325,0.5526733256887959,1.3859597527779763
6326,0.24509597715952483,1.4470060191002196
6327,1.536798349417076,1.3769453781472052
6328,0.8349951315407954,1.3502755362005847
6329,0.40908788655435097,1.461233046635895
6330,0.2508961569490494,1.624621101712001
6331,0.5984070168113864,1.7050212565395115
6332,0.45718497217405774,1.716609964937696
6333,0.7233873162048803,1.5630217427937103
6334,0.7122124950275291,0.7125657793160491
6335,0.43948587778769543,1.6172481895903048
6336,0.9185821389755154,0.9993400872200322
6337,0.594140260691032,1.2115095903933502
6338,0.5808548033880314,1.0107103965998063
6339,0.608754240621345,1.4218975095850568
6340,0.31522748973252324,1.3260394807450009
6341,1.3021448238105602,1.5990386024822099
6342,0.7614301620370847,1.3384388422862077
6343,0.42941835419481783,1.148364266578748
6344,0.5026264811800972,1.0329040552286433
6345,0.5227927118056941,1.3749885781320224
6346,0.5011351686098533,1.5252476304657876
6347,0.7136991528301591,1.2006167478630805
6348,0.7579330418161422,1.4998410818026637
6349,0.4194324423256331,1.3532869272891432
6350,0.6925956344110851,1.5353306605198829
6351,0.6907181208250549,1.4744620648162166
6352,0.837354032233599,1.210878468470344
6353,0.32285339744220404,1.5046389452016975
6354,0.704561269421611,1.3638260001420623
6355,0.8802369187694443,1.3703534403801316
6356,0.9304710199265426,1.0686411011753238
6357,0.5484106623327235,1.1799411784008071
6358,0.51503308770196,1.364568544765457
6359,0.37156940408743494,1.1966772717947598
6360,0.48131092712111995,1.790711803450046
6361,0.935307066405402,1.3249566368404597
6362,0.10101049251565494,1.0279595556237582
6363,0.30779104064777313,1.2193185911061155
6364,0.17784584255454486,0.874367628123699
6365,0.5355952665752103,1.033366807524977
6366,0.2705145089252649,0.7455496865389268
6367,0.690298994184962,1.4240749632767722
6368,0.7949717838635122,0.42348361104512455
6369,0.6561628402389774,1.2172662381531327
6370,0.9291128922230147,0.9338856362900014
6371,0.4902653783117797,1.4057759907981113
6372,0.6550758041474137,1.6379234388176078
6373,0.155393419186178,1.2170610490625566
6374,0.5450937289739746,1.3797685025223423
6375,1.059033221297894,1.2524534827102574
6376,0.5652041451294265,1.1145038314442552
6377,0.32831899095008593,1.4287428488808462
6378,0.5510638170441576,1.4063528686884839
6379,0.6205298267932876,1.4836006190922553
6380,0.49323680325551356,1.136936066029866
6381,1.1706440413946897,1.0060844465647043
6382,0.6666378565974997,0.6152107766700297
6383,0.8532711741497393,1.1347248590514292
6384,0.14273791209496733,1.63806095892129
6385,0.6022476712112265,1.6478672571786908
6386,0.6113668497640928,1.8733087802736417
6387,0.6851319226891698,1.1775165640675036
6388,1.1708646691479156,1.3422669161401386
6389,0.20183032109050408,1.1865778501568909
6390,0.6366140448191336,1.3902631543866186
6391,0.5583913816090529,1.046822810662965
6392,0.31927815744403576,0.7783048086155675
6393,0.40588775406514405,1.5396509510095062
6394,0.7305379694215395,1.0296552291441659
6395,0.9298888910833144,1.2144678811081941
6396,0.8872042730760323,1.910568324475908
6397,0.5155864871285467,0.6544375612917321
6398,0.3866977536715213,1.344786182916021
6399,0.42324829747115905,1.1571082322667197
6400,1.0552823025253415,1.6222666931058558
6401,1.2071552278386712,1.1774624734509014
6402,0.6958552903459352,0.9788058924573895
6403,0.904555799990294,1.4410815748259114
6404,0.2795484449852066,0.43442967223973716
6405,0.44267534340130227,1.1166317980356102
6406,1.1883815054925664,1.2341480628765462
6407,0.23164268733867693,1.5035419203490354
6408,0.563763976160774,1.0975339784274045
6409,0.22770191154562494,1.036464934109707
6410,0.9279858660187608,1.1450245484996606
6411,0.44449018801115553,1.6235167849576453
6412,0.7398822597356702,1.6884211025949865
6413,0.9454271008971308,1.2273736834303581
6414,0.7282484332650864,0.9126488977546159
6415,0.6996366665612255,1.6996888326023172
6416,0.6952775804901815,1.068698343979162
6417,0.6611712465716224,1.8035079263123426
6418,1.0182680895383918,1.2397300374191962
6419,0.40018496928291963,1.2710276145701005
6420,0.6892959626400116,1.2001753139572897
6421,0.6329365969086178,0.9062473776118605
6422,0.5848953589221889,1.680547794769781
6423,0.4336444130202275,1.717293579529081
6424,0.5808857780330765,1.0442263279998376
6425,0.34667292687051343,1.229020781401891
6426,0.5001773053346431,1.4329752296248057
6427,0.6874834683053632,1.104626213470584
6428,0.9105475055962089,1.717619012876816
6429,0.6746945143977866,1.2364559677453022
6430,1.272398983038201,1.3454610791427024
6431,0.580311166069294,1.5333879056725612
6432,0.33514773474639104,1.2485999677990356
6433,1.033843075551915,0.5029156111229536
6434,0.6625105051499296,1.1777020751947282
6435,0.5857858137628192,1.1634681694953846
6436,0.886448493197052,1.234831076457216
6437,0.3695376905026697,0.953803082969152
6438,0.5905272734313813,0.9827373277831977
6439,0.2794192431443005,1.4214823749855583
6440,0.459516238586878,1.7058404297139873
6441,1.1402014277521246,1.4558112733100286
6442,0.9311021097243634,1.3166931593505289
6443,0.8226386868313617,1.8822237197507874
6444,0.46739735208456107,1.7498915549271614
6445,0.7740195850474185,0.7999907282495522
6446,0.5946338286983919,1.5323021108864503
6447,0.3994699453986083,1.7253721618280884
6448,0.9484770347212678,1.2705832112467856
6449,0.6171007653813582,1.0130450563103237
6450,0.45086311633362075,1.4965909982135677
6451,0.6664390189263806,1.0875813136001682
6452,0.787053841891255,1.4963095644232198
6453,0.4824396274748556,1.314340399199569
6454,0.7464515797750292,0.9672894570794586
6455,0.3070161983789834,1.7489705470438328
6456,0.8109984238638939,1.0443586654941057
6457,0.8185979824180005,0.6853275675267987
6458,1.1576723263089324,1.0846349336839554
6459,0.7369428176832005,1.2641681550128085
6460,0.5112649539813212,1.6770103048680105
6461,0.9987575340010219,1.489259576561672
6462,0.8857909711379053,1.5360529283196982
6463,0.09736409776058699,1.3321437189621337
6464,0.5322296834459722,1.2987359836597856
6465,0.7880461937244305,0.9863500860193892
6466,0.7873360338871405,1.3710444605429417
6467,0.4220810562525628,1.6408711639572242
6468,0.7810358279642495,1.391166965867689
6469,0.264911241531685,1.3144371723105357
6470,0.3903146080517368,1.0439324002797998
6471,0.28992109748884193,1.7330720764647511
6472,0.845978019747915,1.7518641802393873
6473,0.24746435199833386,1.0990132685139615
6474,0.34835498420930766,1.1335812385544126
6475,1.1933787678702121,1.2667756450974559
6476,0.8258015263045748,1.3122512661266077
6477,0.8550520874392702,1.3457273938661505
6478,1.0617426754338246,1.2741093115412367
6479,0.6713151296472277,1.215865355334151
6480,0.9220535791439582,1.40383343723025
6481,0.6855344863983781,1.5672517464582914
6482,0.5980941209488942,0.8641900458681802
6483,0.7110840769455475,1.4303921070001506
6484,1.0801132038373287,1.7663809125706864
6485,0.9354440819154827,1.5822364268716256
6486,0.4682129854301013,1.7097397701177561
6487,0.2644612517922771,1.2895359339728028
6488,0.8460944131358268,1.6636474008594226
6489,0.9060671285077581,1.530634394303235
6490,0.777290308428886,1.3495601555843628
6491,0.506380594182677,1.3189161549304826
6492,0.8223077270499637,1.0691948697225355
6493,0.38290228411441074,1.151781950506005
6494,0.4397879424707485,1.2396456660401254
6495,0.81896922242353,1.6884590951948233
6496,0.5362215028837759,1.411985431210788
6497,1.1649099515687735,1.4232058692561687
6498,0.21949183612697956,1.496789921196193
6499,0.7803042624598504,1.3665673387646504
6500,0.3116695463623081,1.4157876650973884
6501,0.5175328221263188,1.5698249141474243
6502,0.5686936909629949,0.945776936940588
6503,0.4200108615148944,0.6847754886101487
6504,0.7179866156645635,1.5272224197313649
6505,1.24760438506782,1.5755373884844077
6506,0.5425959932725671,0.9188060784793346
6507,0.2774245483268622,0.6699052473753999
6508,0.5153344933525712,1.520048649844194
6509,0.5406394066331847,1.6937108179015934
6510,1.004763562392022,1.3764540473475275
6511,0.3985470478865763,1.9512592735781853
6512,0.6698778856865389,1.5198301950920157
6513,0.3367837834408313,1.2537837932286138
6514,0.4410070457492532,1.354725739044749
6515,0.7984331758061186,1.5030898497456278
6516,1.022638506612925,1.517807553390713
6517,0.9237668566884538,0.8210738120637355
6518,0.6984032479938151,1.128414187730684
6519,0.7881287345676368,1.6297813953196936
6520,0.5661840018338264,1.4378896560960959
6521,0.8545067796844539,0.7967437042665615
6522,0.3626970250774001,1.308974101793836
6523,1.1288942064784917,1.514844388816429
6524,0.6717140638799156,1.1255486639582903
6525,0.807892363538376,1.3464088823587712
6526,0.8983129984488565,1.5531113317469574
6527,0.5282904485830592,1.4997629512646355
6528,0.47771682582520014,1.658806283453684
6529,0.4632035312455279,1.4106969442884332
6530,0.8021612498573912,1.3882658487836634
6531,1.0230208964996372,0.6901289047171322
6532,0.5505879700634237,1.7292134918309836
6533,0.723628259029334,1.2520976736394211
6534,0.25932681938840163,1.5785519628116833
6535,0.4027338500787536,0.7436209673492706
6536,0.8824727686116445,1.0245594313124862
6537,0.30361091858441663,1.0565605868451984
6538,1.2454556722934307,1.0994738122456647
6539,0.2598642399346033,1.7045775513931303
6540,0.9843143551273137,1.5282921638468778
6541,0.6345129100400889,1.5091106253585957
6542,0.45854272529111445,1.2834774053554798
6543,0.5790988183859288,1.4219423989975493
6544,0.7096576033198868,0.9168019351040366
6545,0.36776828455871996,1.688272645131255
6546,0.6692223610214957,0.799599754634752
6547,0.6329705250645478,1.0189475910883021
6548,0.4700213005877572,1.0149185687135889
6549,0.6544099995016119,1.4753380780836594
6550,0.5035745851890226,1.7206534644774827
6551,0.35252261986273276,0.8815076122982046
6552,0.4601374677784785,1.4036497525288487
6553,0.7014146941657041,1.7044607113205033
6554,0.6787155714471742,1.4743773182457507
6555,0.7149215610967689,1.1706614454791622
6556,1.1042486209246527,0.9386254434247983
6557,0.43211194636320616,1.6909622130598756
6558,0.9197123153302789,0.9551096063817042
6559,0.6539690507567751,0.819967084075705
6560,0.6034545028442228,1.4036842062135522
6561,0.47040839565986653,0.863758801794074
6562,0.4978538130361271,1.4346129068132674
6563,1.245704369613982,1.067420613431981
6564,0.3082869856348052,1.0252551354822703
6565,1.009818741116095,1.4105870505109603
6566,1.4791809044150466,0.9966897223720637
6567,0.540016443731685,1.641257393729825
6568,1.2359763225205345,1.604271512944897
6569,1.254355093782944,1.5073307186926541
6570,0.6514569440397896,1.059513592748023
6571,0.40937631965878235,0.8315974150101506
6572,0.5631549583785124,1.6985457406797286
6573,0.7578997617485553,1.6077105234049787
6574,1.0492710560624612,1.383385238739335
6575,0.7730192026604732,1.6908190552599223
6576,0.7552217438824341,1.4232284279122491
6577,0.3419011099694777,1.4681903751740402
6578,0.4790782463386924,1.5287153727439176
6579,0.7083852908374831,1.43970872145315
6580,0.10031375340798598,0.7725400853061224
6581,0.2846697718058689,1.739167497561045
6582,1.0209178620632564,1.2942618813291513
6583,0.8468785837201607,1.0244672568260222
6584,0.3344013435703384,1.4445491548447915
6585,0.5548217472152295,0.8929940044532616
6586,0.7108380996874683,1.819493826297415
6587,0.2965244215964228,1.3761654755547295
6588,0.5773153052245916,1.424521113055604
6589,0.585926753500406,1.816304653702739
6590,0.7408161020936943,1.5649562228392375
6591,0.7756359190504809,1.358775218723843
6592,0.5486313654369049,1.1226368602392014
6593,0.31581487278944254,1.4676403753294172
6594,0.8320107810379965,1.2854908913113081
6595,0.7158700659752083,1.4703558156794418
6596,0.8536779531754576,1.3136824478350597
6597,0.35335773648109475,1.261105238444543
6598,0.7978214166156801,0.5259732539037105
6599,0.3349273891142111,1.3669756233041785
6600,0.7502830906380058,1.2299241583681892
6601,0.442024216054654,1.4758700120478145
6602,0.5739930109074877,0.21652527602592797
6603,0.880437003952619,1.1808260776200323
6604,0.3516923275836634,1.1653164913989067
6605,0.29347610694281856,1.2425303513417543
6606,0.2262867803628178,1.4918393901913676
6607,0.8490706377638814,1.3286525343410225
6608,0.7551207051718213,1.6505725368157413
6609,0.8579201987379447,1.6520681104836783
6610,0.5154809822292842,1.8539574064575954
6611,0.8271367055080171,1.088948036760414
6612,0.4197301585945978,1.6430409389122527
6613,0.8237506765049823,1.2799696144727257
6614,1.3585001839296105,1.6069978608172821
6615,0.4257324021851238,1.0288193463936324
6616,0.44531331265585045,1.416497838326881
6617,0.9490380373778122,1.2474425066545853
6618,1.0841356006684888,1.7216727598531925
6619,0.4223160810764618,1.6061283803504902
6620,0.9564243747561146,1.2449716612916957
6621,0.561728085569073,1.4356988170368339
6622,0.459097704948223,1.5558779307209623
6623,0.736992920786972,1.6508014590641464
6624,0.8146255614575935,1.1383859958009763
6625,0.5025944598185089,1.5360486761462493
6626,0.9780522674985694,1.6038048557069913
6627,0.6251284220939213,0.8883011997299326
6628,0.11743847948179124,1.1930258410466936
6629,0.6578816963492271,1.7511958786667852
6630,0.2721504102053069,1.1801087743049872
6631,0.35120595867864207,1.7272536577156794
6632,0.8312120006430025,1.2350648301592633
6633,0.383109054423777,1.4686776675598876
6634,0.806441469257086,1.3494458536569893
6635,0.9495459720349577,1.238756420544433
6636,0.12359673388511043,1.638803610257642
6637,0.8908418046467766,1.2890099795245542
6638,0.537212862998781,1.4689953206342476
6639,0.29749466123663953,1.6594892747065382
6640,0.907616220058128,1.6638975439678516
6641,0.9328716820988258,1.5486883616704705
6642,1.2317230412552125,1.5295623387191482
6643,0.5386791682379417,0.8908597133067637
6644,0.8911808258649602,0.7482281840605898
6645,0.48705604435202066,1.089192735876614
6646,0.5254707873650731,1.4620175944571367
6647,0.5262350250607698,1.324390657433122
6648,1.0066515647764445,1.450711282753986
6649,0.3392517314125448,1.3401893224361068
6650,0.3498540305277388,0.9934529383469304
6651,0.7746796983545201,1.4607406550417588
6652,0.47023187490944623,1.5479625590851986
6653,0.4717075022254529,1.4696967319434613
6654,0.9294121029780574,1.638277257946631
6655,0.504639601646304,1.1699376298884978
6656,0.386140447837214,1.6968904613485605
6657,0.669976720841419,1.6036996026939914
6658,0.8850959599277217,1.5909714125166534
6659,0.8321430388455814,1.7560376136743083
6660,0.5353370980426354,0.91830502093232
6661,0.912471105312106,1.2324389039794044
6662,0.7963521064088528,1.4819236587010205
6663,0.42639044589146474,1.223607530315764
6664,0.4324747716354773,1.0538849208829641
6665,0.47314209013259473,1.2447012411605647
6666,0.6393693437569316,1.4697185344805592
6667,0.8112722556698269,1.5101459744069154
6668,0.3885393679686967,1.3137728186979882
6669,0.7894841790213327,1.821264339968109
6670,0.45429803332250535,1.3901909173759388
6671,0.28727068428011765,1.5507644263955032
6672,0.9633353032767379,1.26182374729155
6673,0.5565245046178281,0.9445773302198415
6674,0.8513405816438258,1.3521463227954538
6675,0.7048930611681211,1.4073576396501422
6676,0.537197132258857,1.4205216470053788
6677,0.31161464741137873,1.2796511329666749
6678,0.2823580088398106,1.0015342437797723
6679,0.7329681240330869,1.2827382749612228
6680,0.8360852447407751,1.3379499282515146
6681,0.7547946115649266,1.779166331918346
6682,0.9489283828744778,1.5913510734908076
6683,0.4366546581023759,1.4322453747340513
6684,0.4653823503777863,1.5683751896971025
6685,0.4637030179831127,1.3208131044807558
6686,0.5631356827802293,1.2961685958464546
6687,1.1168133727756933,0.8025814011621957
6688,0.23835472930786902,1.2162143808376076
6689,0.9065159295254303,1.3708877331925975
6690,0.4506185438577101,1.4421748645997852
6691,0.40127605616697265,0.7218966957983051
6692,0.4999740439427929,1.0757669648088641
6693,0.4269209773410593,1.2994844937243506
6694,0.7087146461422539,1.7053628790903117
6695,1.0079104309689328,1.0739674276232827
6696,1.4874632451819887,1.481451743284863
6697,0.9320954903220146,1.3262379658832426
6698,0.5517440963464365,1.4454772637835998
6699,1.2549619654783601,0.9609707683567539
6700,0.6482488359226286,0.9127067017429855
6701,0.3730237596917969,1.1464402620065943
6702,0.810811953950345,1.1753858909023827
6703,0.941076275493815,1.431502287413971
6704,1.423925218605627,1.4015110500876986
6705,0.8274359451073349,1.5902891372462666
6706,0.33168794336109475,1.8135037284172277
6707,0.6323342766641347,1.5741259397205547
6708,0.9392205906570187,1.7571969776352254
6709,1.1347696244005587,1.401967441596132
6710,0.2872864249952979,1.4890831105532307
6711,0.9971411044724521,1.7336253475532963
6712,0.7787015210544828,1.1740226575327712
6713,0.789420458362345,1.4270729980412074
6714,0.9185535288269755,1.0241382306625566
6715,0.7981662941577569,1.485809864530422
6716,0.704887193648617,1.7642127065224913
6717,0.3124944071695992,1.0858481743216313
6718,1.0164974472497434,1.2846826957204653
6719,1.0146132057983908,0.4658132057450146
6720,0.6976714106114541,1.175479760202796
6721,0.8542804077063039,1.5587807615237121
6722,0.8499033698382805,0.8490803385553285
6723,0.7104654707014426,1.404397213783994
6724,0.26219732472649954,1.3101398676723317
6725,1.1391250375643767,0.8668554079190598
6726,0.5131040022347749,1.3576461517905067
6727,1.3732135766485112,1.2747549499357007
6728,0.4764804920128212,1.6893381581193698
6729,0.48661317110584723,1.2469685279104503
6730,0.8408078498796211,1.6403090036635768
6731,0.4098421474673969,1.1190259330857697
6732,0.5440311897396093,1.4626778303211077
6733,0.11834102608980353,1.3750327989870366
6734,0.8114707647323989,0.893232201684778
6735,0.5507726711385045,1.344864033877101
6736,0.4392643048858491,1.1487657462612972
6737,0.40386138234655994,1.9760518821348556
6738,0.7491454853546434,1.201426299727592
6739,0.667769676015217,1.7453218696621637
6740,1.1451567171987382,1.6805722743057745
6741,0.7287696551390391,1.1531539730033569
6742,1.1138745884539991,1.5996425668472491
6743,0.794749637181843,1.2546473379847587
6744,0.7321175578986543,0.8921978188256838
6745,0.8819885056272844,1.728200572486368
6746,0.5714728655294513,1.2036033401787427
6747,0.8577758922257857,1.5566888856895154
6748,0.5640929733465956,1.179318677805815
6749,0.5738154123610381,1.427964113422274
6750,0.6298406614807348,0.8310004388847652
6751,0.3350122738085221,1.1218583474134614
6752,0.6786374604170434,0.9117848926811882
6753,0.5823598553770838,1.6466306729952305
6754,0.6450188627010512,1.4438447594328085
6755,0.8765264070593086,0.8595064041086702
6756,0.39467966837636737,1.5654187578780752
6757,0.4696655736338254,1.0558097699007332
6758,0.48806544454691564,1.4613138535617873
6759,1.3372874895300102,1.5909065400744231
6760,0.9482688536489291,1.3256647446217058
6761,0.5025441922064178,1.3758262405980406
6762,0.7279273007506989,1.0059099496344492
6763,0.6421194968515409,1.6456393818896657
6764,0.40104227747069165,1.5685488396735738
6765,0.8154105535291276,1.0116897948683228
6766,0.49184951705102137,1.31980377122367
6767,1.017414189230216,1.456457027151755
6768,0.5502265633580806,1.2163321948483143
6769,1.1748194053471699,1.0391400579158157
6770,0.9138079446764261,1.6591721422657573
6771,0.7828371015448582,1.6393908937689892
6772,0.3247859092316452,1.6012260088848798
6773,0.3280588502464406,1.0766271477054215
6774,0.6783866709939282,0.9046245653139544
6775,0.2836519113365964,1.670116158421232
6776,0.7180498481014531,1.4287213772789802
6777,0.8345916286181739,1.6108339657530517
6778,1.143455262151219,1.4390844851009483
6779,0.6217162156662813,0.879919540150627
6780,0.4885789358171869,1.198918675991583
6781,0.6139153092165889,1.0816344229743042
6782,0.0988235592196474,1.6528546103848492
6783,0.7998119745793902,1.6020549939848443
6784,0.7460550452744091,1.592328246454829
6785,0.5406153501352621,1.3059636594843722
6786,0.8864897665338507,1.1061019824720968
6787,0.7983439061751499,1.7802202705431942
6788,0.4780018936863313,0.9456592416972747
6789,0.19404682678884796,1.3553107804831648
6790,0.22927127150249024,1.161699783499576
6791,0.5845028526031703,1.3894217328179796
6792,0.4152992440112491,1.1885335732808326
6793,1.020920621085054,1.099330945490849
6794,1.2456102996073515,1.1352357345968724
6795,0.20806239773101065,1.4467046551446736
6796,1.0321400650579584,0.7164153468940382
6797,1.1856675060591608,1.421244451285084
6798,0.6491153559834671,0.8353918862296907
6799,0.7783616264839507,1.3969347995722716
6800,0.546383386489228,1.5054974378569748
6801,0.7126313338901457,1.5161518827845188
6802,0.6782652539764931,0.8566751811701976
6803,0.4785744794429223,0.7706315649087987
6804,0.8933103048846295,1.6237405673678962
6805,0.28261903701082236,1.7714498009613224
6806,0.6327563930865681,1.1876115267544227
6807,0.4443947318240656,1.5040985014878734
6808,0.6896743054722698,1.5255184513139226
6809,1.0822365928208955,1.5154084325253823
6810,0.9577005515211008,1.0895831381973833
6811,1.0732148769952283,0.8929315826962934
6812,0.8056193169483307,1.3005930436464392
6813,0.6458737295632934,1.2904107744662543
6814,0.558254764202251,1.3376025823729338
6815,0.7545638233405919,1.0877066111745717
6816,1.0191123013796106,1.4738567139836776
6817,0.4621368823596711,1.8290340112714434
6818,1.146113777679459,1.450647632837505
6819,0.19590543449820055,1.3865674618597694
6820,1.0617712056835282,1.5417490836918728
6821,0.8338052386456531,1.0427579455398326
6822,0.30244452634081237,1.3666908852984143
6823,0.6172458324684396,1.294071337296543
6824,0.33510370408867896,1.3281856564548649
6825,0.7428507177751904,1.3683427312407175
6826,0.7925604239528262,1.6128667875568075
6827,0.7522434095900472,1.5826782858598851
6828,0.9362859609421978,1.351417459885103
6829,0.5795598212625972,1.5736719018583416
6830,0.7175822547028409,1.476451617477039
6831,0.949880558786685,1.587343016133569
6832,1.1583265730930192,1.2348447683220525
6833,0.21582886165129053,1.0937038640041952
6834,0.9685596638443664,0.8889096373371244
6835,0.4343880751106565,1.4869237336353431
6836,0.46403713432908733,1.356423976975078
6837,0.582463420406091,1.5875720574527832
6838,0.9423068155525168,1.299381519765035
6839,0.6002873839334706,1.6868452357245218
6840,0.14999993653562393,1.6722632883660775
6841,0.6829829974974647,1.1354555684858052
6842,0.6256304162804657,1.6423578962142646
6843,0.5722695725557662,1.4790370537602149
6844,0.48967934157901843,1.2806862147828355
6845,0.7992294747834767,1.6024858705403318
6846,0.2679738012177411,1.0025916667447898
6847,0.641116542989107,1.24064774822159
6848,0.32521036045262813,1.270560830015413
6849,0.4329585915232041,1.3573664218204775
6850,0.8801164824248165,1.1955148365932478
6851,0.7550504197354677,1.8148924013822374
6852,0.156549023514339,1.1422774520205106
6853,1.0124230288792047,1.5797131791747545
6854,1.107849236978921,1.0816647481115744
6855,0.7361913139354956,0.5882714571746022
6856,0.7854612062404862,1.4840695371175658
6857,0.7654319438134006,1.0596597855567031
6858,0.4610317086719944,1.8116796047169421
6859,0.3833581449804793,1.4262255974206726
6860,0.4943901835707216,1.6137497007310888
6861,0.7740594412093744,1.4040704478718569
6862,0.48721548376967944,1.1277083336669085
6863,0.766281878125683,0.8966840606776993
6864,0.3149755077436809,1.6264241984301666
6865,0.1661379109259843,0.8581357205524078
6866,0.5318908026600326,1.126868769245914
6867,0.7023893681728148,1.008966961976786
6868,0.8525223107987074,0.9292099439594896
6869,0.44918334146211036,1.111306755433059
6870,0.8431556622869419,0.8034332277338869
6871,0.8037063637310458,1.329698567150747
6872,1.0224712456060097,1.5752205240935762
6873,0.46528868909289267,1.221490960191257
6874,0.5942902309435313,1.298403748195811
6875,0.5456280281928853,1.359248537781135
6876,0.5085759379783539,1.4690614190811768
6877,0.39263034573646427,1.5950972788630735
6878,0.4458880839176917,0.9158083240786787
6879,0.5771339631249434,1.3568444353395452
6880,0.6276947256472755,0.6844367253180119
6881,0.3317854554319793,1.26252037783091
6882,0.6163095985697901,1.2800633864360142
6883,0.24724275770969975,1.5173163660258868
6884,0.8843267621819495,1.5189205246785245
6885,0.631771128178851,1.2467265008660253
6886,0.3800371443600096,1.0604156808013636
6887,0.6739072055759773,1.3827029266102135
6888,0.3684435837556036,1.3783636598385733
6889,0.9797721135023,1.6931981553040585
6890,0.67443834101644,1.3332430168540226
6891,0.8022528825576459,1.6022243199037836
6892,0.7198545053133797,1.4656062453812002
6893,0.6355073700180063,1.1456775389770897
6894,0.39413552224599707,1.5911484416318449
6895,0.9805322808926649,1.5769032586858724
6896,0.3948694594277806,1.181037104629548
6897,0.5256759079415421,1.4752840198423027
6898,0.801851592984593,1.4840401212270014
6899,0.6698576503101804,1.2949616342810772
6900,0.5467526737740329,1.5354829419123739
6901,0.6098032847735863,1.4152865745571501
6902,0.8829963623579208,1.3423310416375749
6903,0.40536071797345097,1.075415531886475
6904,1.1024413043794021,0.624968366159278
6905,1.2521792620107524,1.2802414258508623
6906,0.7021696733808498,1.064670861202631
6907,1.0858659887537525,1.2685115580524657
6908,0.3190661667687478,1.1906833796732745
6909,0.1978437362981841,1.5187178963811796
6910,0.5437641667259221,1.1643611016897975
6911,0.5942470622664792,1.5572191716327133
6912,1.148154425545049,1.4989301769563856
6913,0.3548493285696377,1.0069412922964909
6914,0.2867239560289113,1.5758807200923453
6915,0.609416649778561,1.5833005222365366
6916,0.4606516233940766,1.5425662940785174
6917,0.43574658346547546,1.0835423143868539
6918,1.0631130941883802,1.7101174646395005
6919,0.8588499435573319,1.2817158372520394
6920,1.0044847638189638,0.940416232831432
6921,0.7479817822030704,1.4456192044442293
6922,0.45246304480918415,1.3592693365494166
6923,0.9761304174487159,1.7314326986081772
6924,1.0239849250769484,1.2249339214113213
6925,0.49250038873638435,1.2403616822136976
6926,0.5794850345143141,1.46651474751305
6927,1.1803722497512692,1.4760057929943586
6928,0.7563529986777542,1.2799440712517574
6929,0.6967842069687165,0.7267295393364315
6930,1.0397575998568398,1.535381733229604
6931,0.9151334556487426,1.1430548077061111
6932,0.9612204081721324,1.0659474533217748
6933,0.852616821947731,1.1419435341782431
6934,0.30255612540620463,1.896272414452965
6935,0.3725044396395701,1.0287619333514182
6936,0.2582630284533761,0.8249907864558905
6937,1.7956639658676476,1.5005296577731482
6938,0.8308159352339497,1.591655978719917
6939,0.8730183556171308,1.6707357115618982
6940,0.4810584858323217,0.7172528458601055
6941,1.0470852189870685,1.4628912484211702
6942,0.6167004311833602,1.4964222864326338
6943,0.8208014325239866,1.3214803194421343
6944,0.9218226176840549,0.6261329797050825
6945,0.5102258669433475,0.7274153526927707
6946,0.4031587370289426,1.5011795817001785
6947,0.3933030586246272,1.390510800580507
6948,0.3587113534976605,1.3916569263534408
6949,0.3575239008676993,1.4670074064256013
6950,0.5822213653188615,1.1258932951863387
6951,0.6779857074702105,1.4034306898910787
6952,0.33529584073662133,1.5261899151870633
6953,0.6845436243726625,1.7109540875960945
6954,1.2173636844064548,0.8769039569368609
6955,0.49487276900067617,1.05473156987832
6956,1.0343225605227147,1.4273528269954006
6957,0.9838696165762835,1.42642034035299
6958,0.37473661261241753,1.7723301078738138
6959,0.5533611734786125,1.567756632568081
6960,0.34226447031843377,1.4294058929118179
6961,0.4903385553275452,1.6574305930398894
6962,1.0680671069573657,1.2985846379609125
6963,0.33979106555943045,1.4914418241166356
6964,0.746537802237364,1.05479646134301
6965,0.5976665865874039,1.2572379725646616
6966,0.3760245037096695,1.7695046889228174
6967,0.4003496634689721,1.3913313436188013
6968,0.41828746135433575,1.5270365229377203
6969,0.7185465095540611,1.411757407114196
6970,0.7711780916039449,1.4922744719307675
6971,0.6567197525338321,1.4326985209389878
6972,0.899229468216331,1.32787930487315
6973,0.4389643007126868,1.098274605690422
6974,0.56585800385821,1.5493474199286144
6975,0.4178102878541358,1.3378252418501266
6976,0.7049176206798847,1.0314936231856602
6977,0.767367712710903,1.752473757113439
6978,0.6065428753363369,1.5739813031009573
6979,0.44986626241053745,1.4247367102808168
6980,0.7041500033275179,1.464719554436201
6981,0.3064493299919435,1.3591448951624963
6982,0.5138141642940277,1.509665665999728
6983,0.9160622911982991,1.5393063993120255
6984,0.6518605551859242,1.706903591510177
6985,0.4080928650672482,1.492007425423683
6986,0.5791782020728538,1.232229754433034
6987,0.24400212181644756,1.6443974879585066
6988,0.79568564982195,0.8621564158766863
6989,0.37114465174424305,1.5718398698190603
6990,0.8256199553343537,1.4829449606992235
6991,0.2333197246572632,1.2058574174860237
6992,0.5353668986470664,1.2104021716357045
6993,0.3827306488923065,1.5666707856163862
6994,0.700336578686109,1.2673604580222984
6995,0.34981685196231266,1.5802966713351647
6996,0.7604796502108516,1.4439994174274453
6997,0.6377046005305479,1.392618630320153
6998,0.1722201743928418,0.8934996328670719
6999,0.32275534186795984,1.1470814016545061
7000,0.24619645194032508,1.2234585593632556
7001,0.44827316170793674,0.9219625451493267
7002,0.576498606846279,1.2258527298064537
7003,0.9181448825821463,1.2286282656015586
7004,0.4201291902751992,1.4030793940568844
7005,0.3236864764851663,0.8512912342099979
7006,0.6710029213831542,1.7834032591943143
7007,0.14726389726398081,1.795471711302685
7008,1.236497081781231,0.28212406346250973
7009,0.9658788129474521,1.6330104802332148
7010,0.7501860175411353,0.9177089524709536
7011,0.4553120094814425,1.3672894780992917
7012,0.7771035448198376,0.8466297941385912
7013,1.1089503255621418,1.7874507559295527
7014,0.7555647526203813,1.3645198428505982
7015,0.8012811537591534,1.0240328877826155
7016,0.7635937209437418,1.7270862681082233
7017,0.90081120712502,1.293210485840878
7018,0.8515744977854964,0.9423749499669396
7019,0.6489228905158593,1.7921864586601484
7020,0.562728811328669,1.3532939927898746
7021,0.33662390666850234,1.4872580359531509
7022,0.49514744848210923,1.0358077396161818
7023,0.16596299201994166,0.7662300112208262
7024,0.41964583223960844,1.5675184809242722
7025,0.7564402077115151,1.3753321746865628
7026,0.48489861809613,1.1092416043862814
7027,0.24302528465966228,1.1338767865463668
7028,0.5266589021107803,1.7731746791830407
7029,0.9887229736917139,1.2636844571180812
7030,0.40728566393487864,1.3970378036810418
7031,0.8968877683398159,1.784386060028711
7032,0.673043154107388,0.9021769579199219
7033,0.2503975081815697,1.5237712140218342
7034,0.31157374886818734,1.1034263878626227
7035,0.9557804097052702,0.9710387971375909
7036,0.8546898848717127,1.7312081885372979
7037,0.684539828670991,1.1663163299755077
7038,0.8848634471328068,1.1202743918791684
7039,0.7036517622471362,0.9349381708998801
7040,0.13327252296720593,1.5200253941026414
7041,0.46386033904900587,1.3332603802849445
7042,0.9456245232534565,0.9871461819591563
7043,0.9386079195596221,1.5580859695956322
7044,0.5065603517357756,0.9938097173008631
7045,0.3537007232848975,1.6428772943876808
7046,0.7337643810647981,1.582284679873617
7047,0.07463229764718458,1.0756141528210206
7048,0.7722185948412184,1.3350858325667183
7049,0.6308387010972277,1.6761681874065562
7050,0.1870059978769791,1.5050352623140606
7051,0.7830742649481655,0.6132736219618768
7052,0.7449351053357868,1.8707645592609294
7053,0.6585605955267478,1.3112396142581462
7054,1.1178952253483647,1.8225222408590087
7055,0.4505002779950388,1.3329718015510825
7056,0.607563983356844,1.610839994110706
7057,1.01052543350875,1.6402640599093599
7058,1.3625084806860102,1.5028936916300066
7059,0.6422855600901252,0.7778613503182523
7060,0.777997925223785,1.4058552500120418
7061,0.7852292627948911,1.174618712457668
7062,0.710480847825897,1.467268941240974
7063,0.706405779672789,0.9846102253132858
7064,0.5963590717995123,1.1908275742443042
7065,1.013655618012673,0.9306897628368014
7066,1.173572652117701,0.9785539910896792
7067,0.49214230726149255,1.7945783476787132
7068,0.9041390446748093,1.6526282305569344
7069,0.7877695167984785,1.3788795827666065
7070,0.5104108055377632,1.0842355648036524
7071,1.1814189649982023,1.7872381601597347
7072,0.3930402706584995,1.2581940427588285
7073,0.3378250944339319,1.6384730842436022
7074,0.6032015813271056,1.848231556347903
7075,0.5003003895576216,1.2412962114525903
7076,0.605820144864228,1.0256799591492776
7077,0.6256598978604708,1.6101084921689537
7078,0.6999967210069608,0.9759438321440019
7079,0.3554135282905164,1.5134017218761706
7080,0.9104313904026,1.6884964961484488
7081,1.0783264724458035,1.7082437151080205
7082,0.4303628095683004,1.4708293807741968
7083,0.6902166328798419,1.5316728787735012
7084,0.6745954981164308,1.4997694143151512
7085,0.906189597579865,1.3109737285470398
7086,0.7463628894116056,1.44928820616705
7087,1.1434518384366756,1.2281693600692827
7088,0.7382469567241859,1.774689028197562
7089,0.5024277174664435,1.1164676360904897
7090,0.5502331582756514,0.8625786225907237
7091,0.2870719474405095,1.454793452304096
7092,0.5963274484752196,1.6062952573478222
7093,0.7178324448745822,1.1389966680975792
7094,0.39896987512564125,0.7237233234080103
7095,0.3235344917460212,1.4650951566646135
7096,0.9491148405165322,0.9761264910764773
7097,0.4044267863565052,1.2245593339271266
7098,0.7063102057951414,0.9301707509463646
7099,0.8023076063968306,1.2518517337907673
7100,0.9216025983308844,1.1989738729418589
7101,0.3658946736829702,0.9054743787385311
7102,0.43194541240844375,1.1083921249118476
7103,0.6404968460470435,1.279456363618051
7104,0.5405677502878257,1.5100187615949914
7105,0.24451008892435397,1.5023910863348995
7106,0.6832022410376927,1.219280327716551
7107,0.5809176385209502,1.533737999963584
7108,0.6456028120371445,1.264620521495675
7109,0.5796168406172338,1.435662007408892
7110,0.38793760287939694,1.1630231286356958
7111,0.42375049882527605,1.2420029616885335
7112,0.7658457854826106,1.4854262013723267
7113,0.673154991025398,1.2659980307954402
7114,0.21084854765691008,1.7795576285633652
7115,0.11890428064227253,1.4065660387411225
7116,0.4530202996913468,0.9715045002461147
7117,0.4382325512925848,0.9672496635192669
7118,0.8143785085087552,0.9804813843487985
7119,0.8999254878078171,1.3849370851446547
7120,0.8253118716052972,1.2849423585083843
7121,0.7684584871755568,0.7546739550218384
7122,0.6138163254677942,1.3494367104626044
7123,0.5034931897621706,1.7704603499739326
7124,0.6189023993448847,0.6898456302553098
7125,1.10187490857112,1.7806548533612931
7126,1.0662859454320566,1.797639634612836
7127,0.7431346830379819,1.5986934848856453
7128,0.826412369483271,1.3950633134688095
7129,0.617765886724328,1.4067984438667105
7130,0.2802419722731912,1.2389614859794924
7131,0.6786814745930423,1.4349357039003656
7132,1.075788195634656,1.2105118498418785
7133,1.0642692182558493,1.4287116781981046
7134,0.3693190445579468,1.4748762358167498
7135,0.5210963486476369,1.1297358089025848
7136,0.9115731843450665,1.4331038815089023
7137,1.17150185226396,1.6704191569981712
7138,0.696824689605487,1.4439795293965854
7139,0.5290602210370766,1.3559814087921658
7140,0.2915645150347279,1.748089502187298
7141,0.8130684738557321,1.1663092599687368
7142,0.8646017167024618,1.0444797762042262
7143,0.6714447667131053,0.6331548817897625
7144,1.0237661362130153,1.4099202831965811
7145,0.23827177913623804,0.9367915135971436
7146,0.9438009750996366,0.9236222759099582
7147,0.43477520810564646,1.4986412141084045
7148,0.3919735211121575,1.3307238494870743
7149,0.724968216358471,1.1198960797809954
7150,0.8115252380527016,1.4672175108755088
7151,0.7001758832144731,1.5397298633580883
7152,0.3688670991903745,1.019426699211372
7153,0.30406423133624483,1.134113121338888
7154,0.9218958655247471,0.96893254524555
7155,0.4411785478190149,1.4688435060321088
7156,0.9846232152674441,1.393103709520266
7157,0.18059169191673327,1.1379877209279057
7158,0.7604639664227478,1.2974096033076454
7159,0.19346223030640955,1.3246753078135942
7160,0.22759965949909444,1.3670418895754417
7161,0.6446798348358003,1.0515443039585446
7162,0.6110652587678782,1.4941977222838312
7163,0.6980013130837964,1.1146120996412123
7164,0.5167764625236138,1.6974063661640795
7165,0.6263414982119857,1.1635855752671804
7166,1.529033594303516,0.9274613656418733
7167,0.4986087762423977,1.5478618119365248
7168,0.17630360032931341,1.6721644552912431
7169,0.5597109115297988,1.2818491432527181
7170,1.1475845385774717,0.9486123433291622
7171,0.4897323850161709,1.8442219761734877
7172,0.7157719603603607,1.2759986917099222
7173,0.08396286520124198,1.6609813804585656
7174,0.5205497369991902,1.6479371174805342
7175,0.7374525152318678,1.6750158981212637
7176,0.39962402305479255,1.5033148742392541
7177,0.9005331213063101,0.7769322298729804
7178,0.6234428335245696,1.3946922481963475
7179,0.8532780851942797,1.1445088313073484
7180,0.7893546544288498,1.3848847763320165
7181,0.33077610219145054,0.9081450971079701
7182,0.374588104282304,1.4836799561551803
7183,0.8273588972918299,1.1559616671276394
7184,0.22495711779664837,0.9308627850232751
7185,0.6357437963504174,1.0926364108798046
7186,0.6151113514068864,1.6877540444881791
7187,0.8012250579237272,1.3328648275520227
7188,0.5629271079769537,1.8312145551742118
7189,1.026930741047615,1.4499075875934526
7190,0.1674937671201393,1.6212143158541126
7191,0.45584234738074203,1.462273207694698
7192,0.8380994745764746,1.5019050059161203
7193,0.4745750628372843,1.2677598150927474
7194,0.7170351607348885,1.6944117095798419
7195,0.40692919601955424,0.9288662621583046
7196,1.4486454778139397,0.9607677875669323
7197,0.5190779148841399,0.7824561111339252
7198,0.2586156870033365,1.187546746681031
7199,0.4029588946791302,1.7752657667773026
7200,0.4162680511148244,1.2413410631994144
7201,0.3996892303202116,1.5282219618773276
7202,0.48963082679964043,1.6226049999489207
7203,0.844091645392252,1.5370333349722636
7204,0.52401641720292,1.7979703826091031
7205,0.6599576244233808,1.4853196976315513
7206,0.7822272979748447,1.1115074979522643
7207,1.0733129269510837,1.2489729039851811
7208,0.9769949222968517,1.6863455898724427
7209,0.6406248567820461,1.4470522937037638
7210,0.7272747486997977,1.5476421798266211
7211,0.452030054226003,1.619074041352977
7212,0.35829053135131333,1.8215193923216617
7213,1.1696385471827089,1.7771067524181778
7214,0.3129722390074613,1.2295071353755573
7215,0.7120533837145899,1.3966909668190202
7216,0.33670385801505875,1.3916885547271458
7217,0.5651160751000314,1.646301998717211
7218,0.8176886251998765,1.3821490908654557
7219,0.43429694226368776,1.281525223011723
7220,0.2493958236592795,1.6415730712925904
7221,0.5750039265916042,0.9659339347578035
7222,0.18862646394843263,1.4840422339148647
7223,0.4545111067843471,1.223062868410309
7224,0.7180236607426382,1.3249840157717174
7225,0.18269613765546197,1.3966845635847656
7226,0.7472308018295901,1.461469610925576
7227,0.8061843671413756,1.3318284203311854
7228,0.5828488437011178,1.1082535172880146
7229,0.30060552280735536,1.446462603012496
7230,0.93896051656593,0.9970656613829807
7231,0.3847121910354916,1.161444477330038
7232,0.7013456146596831,1.5489439322473353
7233,0.5995832187049016,1.6043409625001617
7234,1.527043580215483,1.248062650615203
7235,0.9386630838359384,1.3278599075904147
7236,0.9518754466742436,1.7671850941214569
7237,0.8274141410577971,0.9566958280590963
7238,0.6239493529097209,1.6093213501298669
7239,0.5150077581507051,0.9724450652025216
7240,0.42845439961081544,0.8953735110319128
7241,0.38364284303372437,1.2812173000292484
7242,0.9427431143835765,1.2824793003414618
7243,0.4968674341488042,0.7949726129302073
7244,1.1215371990514198,1.6708565328392633
7245,0.9850470954057038,0.9498642331463985
7246,0.8847643574099261,1.3225124129182881
7247,0.4385328805725718,1.1339141319316104
7248,0.9962512622730649,1.5358007320244
7249,1.117650734763706,1.387121954016865
7250,0.534428045190862,1.076336574061433
7251,1.2473224873934807,1.0839104463011264
7252,0.9048828096902385,1.4399884574311153
7253,0.5175552769433869,1.6024269063429109
7254,0.1898763669935706,0.6994163164316807
7255,1.2620714598473566,1.1770918969653272
7256,0.5617864777688826,1.4971321918669287
7257,0.4255598090888119,1.534762968488053
7258,0.6295075807051399,1.6239989464662963
7259,0.5818173639886213,0.8544373561294458
7260,0.8823261688085106,1.464675156338612
7261,0.6364825361558109,1.0323797466043039
7262,0.7470907442377468,1.0095955382589556
7263,0.4442796699725775,1.2358720170947959
7264,0.8298871072537718,1.7747367031402348
7265,0.6951728360539355,1.3248302327020212
7266,0.9718118388375521,1.1768008950283704
7267,0.3162514256527922,1.0337853792099088
7268,1.6450964387909366,0.9088990209088186
7269,0.6273788369325161,0.9961563026051148
7270,0.22140770396204018,1.462321777506709
7271,1.3863885122881647,1.233184994730785
7272,0.30740136931449547,0.891801889633073
7273,0.9395659773697084,1.3729937814541366
7274,0.33944725544484783,1.263272029114967
7275,0.5869008837830483,1.3960357864388322
7276,0.37805476546491873,1.2670052165029424
7277,1.1179069615147437,1.2218363689760094
7278,0.4408620875643425,1.215879157868959
7279,0.5536328495648234,1.2082197615187675
7280,1.026840437974651,0.9877453584687292
7281,0.501901075863019,1.2939545388456688
7282,0.349764465506617,1.0982974535195211
7283,0.5427612583504119,1.2685173250778283
7284,0.6691199000611373,0.5412804093188726
7285,0.8884739682349849,1.4490913644702503
7286,1.0467626609498955,1.465524328675729
7287,0.6502174028722395,1.2498014767796275
7288,0.29707377639859905,1.2261551103777881
7289,0.46426142072122545,1.2679596787336525
7290,0.4746320574853817,1.3985357136256846
7291,0.630490517312956,1.0937175213088979
7292,0.9556804912733816,1.463316579091511
7293,0.5359826586213329,1.204944706008599
7294,1.0763117165784668,1.192412941681009
7295,0.552021977682119,1.412423845348794
7296,0.6626838161471164,1.486125198081056
7297,0.6825099236956692,1.5903687984178125
7298,0.166904840267854,1.7373047380604025
7299,0.28823446830943233,1.1660205361897735
7300,1.0953288192981683,1.4720816660743132
7301,0.4994866689710293,1.4510488461731272
7302,0.9981137342674719,0.9931371407930458
7303,0.2055443647359589,0.8789270047013571
7304,0.3853074403879714,1.4789906680292104
7305,0.9004404171604448,1.5002433330349119
7306,0.396218346900423,1.5219372291089595
7307,0.2673652385572446,1.483808229175673
7308,0.5441046401684071,1.1982448440593723
7309,0.6332650803555339,1.2605573047733356
7310,0.3925827646901534,1.0860077881307004
7311,1.0501839087748106,1.5383214382500559
7312,0.5309731314964814,1.35262046576964
7313,0.6941488937607091,1.7619275886999353
7314,0.4002637854813774,1.1444421580038107
7315,0.9830266117706432,1.3378369781367303
7316,0.8493387475964946,1.4262523972734926
7317,0.6181193976064657,1.1046216310083032
7318,0.8288265580899727,1.6314563068126584
7319,0.5427198660995437,1.2034161132851804
7320,1.2324631214989177,1.0857253296574774
7321,0.6688718989211091,1.1206133861630372
7322,0.5644527689652991,1.3261277333885824
7323,0.983660710186089,0.9814123337519425
7324,0.8562640931295961,1.1726586791775375
7325,0.4813171821540432,0.7332212269042229
7326,0.5766366440619736,1.2729107212569777
7327,0.9445137770173377,1.461664088733493
7328,0.4658402296291774,1.1139591148568029
7329,0.34664871562583083,1.4953730072053755
7330,0.4454962892395778,1.0887233997583314
7331,0.9728569669392215,1.0399654642514486
7332,0.607067675676798,1.8434744926834299
7333,0.6080777450479349,1.0107968344415224
7334,0.17164634311115778,1.5397120806925646
7335,0.30280650916671187,1.490636719317851
7336,0.532127189247638,1.4615782809578364
7337,0.5996727807662433,1.1043212504456448
7338,0.8879956416250108,1.4114258294369906
7339,0.7001126634318477,1.2494715300848709
7340,0.9640565693574598,1.713559265559921
7341,0.6826548741567362,1.3265653331359517
7342,0.6162127863770958,1.4967957759073836
7343,0.20169980988159533,1.680741591000614
7344,1.160033990239684,1.4894308088193897
7345,0.6043696913213837,1.4865053919552649
7346,0.6092303112691309,1.0548099309210401
7347,0.5170411448169375,1.368717965284111
7348,0.7097025293923718,1.3600659436644686
7349,0.2829899843676538,1.5261111066409614
7350,0.6950871480749069,1.4983395170448504
7351,0.2689729806715437,1.2836398429046563
7352,0.7821196410068624,0.929545718908414
7353,1.1768252297682846,1.6861218228258623
7354,0.8021517127065693,1.294462763990401
7355,0.575860227678295,0.7408541599941159
7356,0.7930495869893214,1.6848307708488393
7357,0.530291354551966,1.6808280781578158
7358,0.5737729691698085,1.552518598545578
7359,0.5115843750265459,1.17930445685405
7360,0.5920749767855674,1.6156323412424496
7361,0.5070905191456749,1.6547755562330888
7362,0.5675215300547816,1.448499187127621
7363,0.49239131763751304,1.1336249983516473
7364,0.7574090217301636,1.2979189284055428
7365,0.3227304934460549,1.0210987845684092
7366,0.5850888752788909,1.3014675403138187
7367,1.2524552761259646,1.264696202567189
7368,0.22674958289025043,0.7841425644736213
7369,0.9140228280440793,0.8854455737494376
7370,1.0350519174261763,1.2527393269185674
7371,0.40838948237432804,1.2191634968140663
7372,0.5636866925538202,1.4460090677585462
7373,0.39279358579422075,1.0135017343019053
7374,0.7528575889609702,1.1645144635663023
7375,0.5188280327941788,1.7137916861821223
7376,0.8155772914250661,1.7306350473220469
7377,0.9189411290892519,0.726666158793738
7378,0.401620495059075,0.9928547175658649
7379,0.9290870362519337,1.3187764717116863
7380,0.5420170159413918,1.8894875226626062
7381,0.8659861710373311,1.104235199878158
7382,0.7252157036363286,1.4820436105191699
7383,0.6323994514222034,1.4642916694535453
7384,0.7814126054447437,1.586656638387062
7385,0.7631566156812254,1.5551499768176527
7386,0.9806627881623254,1.3843661032154693
7387,0.7260285257391593,1.7938675849122478
7388,0.800743910530084,1.0995246145400994
7389,1.0442802370251838,1.4859958534622715
7390,0.6521645465298644,1.2873990451035207
7391,0.46123154307044545,1.3020854004884463
7392,0.3807718158878649,1.1460403319908712
7393,0.7427552146219751,1.2626625700996306
7394,0.8311330407957606,1.1051175724824773
7395,0.14958743200589233,1.512248374174487
7396,0.3653179537938077,1.2728825729698485
7397,0.5141406707365667,1.41740744660315
7398,0.17196464996728303,1.5024130757467713
7399,0.8160787952392429,1.3716111498505992
7400,0.3638404912740871,1.64472283675785
7401,0.4166679138528184,1.5523777956537423
7402,0.5050240916429647,1.0050834091977547
7403,1.2281957176369247,1.4272408326679566
7404,0.9304969886466419,1.5066349817488691
7405,0.8557397171413578,1.5791408223398045
7406,0.6085548269180944,1.5701683831543047
7407,0.8816350358835697,1.8419232213067258
7408,0.7874528132695452,1.2265489592362953
7409,0.6155452230225817,1.4750952033990803
7410,0.8559631682532315,1.0485937420507412
7411,0.9599792416032679,1.2831779929651503
7412,0.7526070591000362,1.0453032316395015
7413,0.6508756918778058,1.7378680748697568
7414,0.6315713757223201,0.9299902650636822
7415,0.3209667628917476,1.2553319067540136
7416,0.7423344605220128,1.7726688071552879
7417,0.5081383317828324,1.6906697902817627
7418,0.5431253236546483,1.1740588505368086
7419,1.2362182475713197,1.5662475572733483
7420,0.3793199440669399,1.7330513886397976
7421,0.4025998850614551,1.5559391033119276
7422,0.22171786557216597,1.4411408600452145
7423,1.4705806477222738,1.1396685751421567
7424,0.3491455817764867,1.6133917798354203
7425,0.8512136244464245,1.3946195468576459
7426,0.633298041111416,1.0039578615672822
7427,0.9546310690391085,1.2235896799737866
7428,0.8522831507697568,1.3802882305292896
7429,0.6095189885119644,1.6187636982833298
7430,0.4800154986799305,1.2927086704985729
7431,0.8179003049368226,1.5376592324931764
7432,0.6363065437494673,1.353324539294014
7433,0.372189528501651,1.4891569120796115
7434,0.8522077415888508,1.2290412344776689
7435,0.8861047673753423,1.3281188543676223
7436,0.5963488767727235,1.3372820146909281
7437,0.8768126919202872,1.6056230913690541
7438,0.29800376144317037,1.57256732327351
7439,0.4614029125037247,1.6698005155913518
7440,0.4280058754397557,0.8493170896118429
7441,1.075782029871016,1.3988171752628653
7442,0.6415338572859395,1.6358576121738093
7443,1.2243635129689394,1.0747698830167907
7444,0.30723018319561674,1.7070762714668375
7445,0.7927844755471383,1.17200722441308
7446,0.7882147969849304,0.3449987266456467
7447,0.7299472134286601,0.7079868286194888
7448,0.3580471066706979,1.177964653844914
7449,0.8951504260791753,1.755475133531403
7450,1.1404329992372075,1.1811485224052918
7451,0.6290004420277853,1.015689441542912
7452,0.20565198364074597,1.293756406954138
7453,0.856509449083622,1.2217224670710876
7454,0.4133207594027557,0.9807593603072782
7455,0.5104640243995018,0.7309289737158078
7456,0.5201708664865616,0.8768386845922296
7457,0.4744180301760533,1.5460260321079242
7458,0.8971139501118008,1.504372239754979
7459,0.92335779676534,1.588722073885204
7460,1.137676144278931,1.5689385393205377
7461,1.232174394883254,1.1656116660734923
7462,0.49782625781854095,1.4420562621436526
7463,0.75568327743749,1.5402984541402096
7464,0.2341667811563233,1.4373781348168677
7465,0.2992878943476442,1.4562091387014438
7466,0.9209110065024456,0.9313867673474125
7467,0.08440889263478162,1.153216680372546
7468,0.8483341336615817,1.5882042179576112
7469,0.11110557514053193,0.9675349881900335
7470,0.3831762057508562,1.2792370069123968
7471,0.9322106207888428,1.3683202834418153
7472,0.4665862080152065,1.0876977887920298
7473,0.8922350391845819,1.5559467461453567
7474,0.5746989156998155,1.5231046508901565
7475,0.38381665021203004,1.3418682790668246
7476,0.5454517872923986,1.7052044830189335
7477,0.7969148241703953,1.3176598287355257
7478,0.8352566395278466,1.085124830840987
7479,1.19465100449568,1.4414121969040192
7480,0.5307395662641085,1.9772374793890004
7481,0.8491501767022674,1.0988464570054572
7482,1.245707960324946,1.4271134685696474
7483,0.4422707196101849,0.8870448042968209
7484,0.7704358842582018,1.4366126842725127
7485,0.7468224472890415,1.5854571914203508
7486,0.9103064719035384,1.2843304029231781
7487,1.0834824347434453,1.7734846477129034
7488,0.6325944391063191,1.5847935340066166
7489,0.6494445074216172,1.2527007939931591
7490,0.5026246235071525,1.637165065201404
7491,0.5403197466187165,1.0745739374056322
7492,0.38538871728555096,1.1128164416261064
7493,0.4986830720605247,1.6539527167841057
7494,0.2912771711278935,0.905789364487273
7495,0.5643350271383479,1.8127202727924119
7496,0.7211488492216647,1.6779875921782585
7497,0.7697399310979136,1.7469051463145893
7498,0.3601980785035434,1.125917770670588
7499,1.1271436853076728,1.2049760009570745
7500,0.6774276284814833,1.1162149014161096
7501,1.1176340536866,1.3078870588240459
7502,0.8703919307194168,1.4224249208510735
7503,0.9429870819476052,1.6234388594957907
7504,0.6516570620592126,1.4471734846193165
7505,0.7174687910245546,1.5522438363927087
7506,0.7115916407332835,1.0036403075619715
7507,0.6472029312755446,1.1156719852083903
7508,0.8612343820678423,0.7796047985687884
7509,0.6893780284664787,1.5759670127021095
7510,0.8259212406203622,1.0674484210582122
7511,0.0664127556133119,1.4492024622136435
7512,0.8463206152892424,1.4358773139750598
7513,0.4535781495011811,0.9741806807254829
7514,1.0130266927564986,1.3089716130616904
7515,1.1822739240716773,1.6180393788979068
7516,0.38611395920305347,1.49365653442191
7517,0.8344129585151772,1.3440097177031922
7518,1.1103178894734251,1.764177788152027
7519,0.7472993795040414,0.860299403422838
7520,0.28538907397779817,1.0489693354636147
7521,0.4552542020940335,0.9146207116150864
7522,0.8490560256362897,1.6482852251829774
7523,0.541892912651565,1.7315036563804729
7524,0.9383752285143891,1.7403572343356322
7525,0.9242610925469947,1.6757046312838608
7526,0.30392142079857937,1.0879881159620577
7527,0.3011933778990855,1.5804118718124047
7528,0.7051107688170624,1.184019443051374
7529,0.7871160621100781,1.4978319482319034
7530,0.41974794968882184,1.2283101170619728
7531,0.7806405982659768,1.5645693006058565
7532,0.37556785243444213,1.2822855786681981
7533,0.6898428654119321,1.7246061473155772
7534,0.31463759986699735,1.2513916070044413
7535,0.5068966292559421,1.3793178662764798
7536,0.1876352700741885,1.4582720805125264
7537,0.240247507067775,1.0264515795429863
7538,0.6576698332574783,1.6191654803770827
7539,0.30027613520798857,0.9207998719149646
7540,0.9669150693859132,1.6761799519034122
7541,0.5611038189097987,1.285621170199509
7542,0.7966257707235046,1.1137642947133666
7543,0.9024460399486539,1.0896008061943363
7544,1.0624715178897228,1.2945831219098913
7545,1.0380127517934903,1.2581915323409367
7546,0.9485201568888162,1.4092578013690842
7547,0.1964704283783884,0.8797210946376919
7548,1.0852206348926654,1.2688083173619589
7549,0.3247347032712613,1.1594432267039734
7550,0.8407244525805645,1.4384258957555804
7551,0.2286829222506195,0.9320497503642136
7552,0.3315421776745345,1.4653652888125803
7553,0.892240002639319,1.7090284210844477
7554,0.46898585913747065,1.4281263447478745
7555,1.1681872692745268,1.4062847179276194
7556,0.6559674888306977,1.3657186272001547
7557,0.8366401654515702,1.9517731552266526
7558,0.46819484406438416,0.6894984463072038
7559,0.16725234483112744,0.9241780383488845
7560,0.6100696613185321,1.6718688208987236
7561,0.9889095818857976,1.283916105507088
7562,0.32502835347659736,1.3907400519442525
7563,0.5833098589045917,1.174468248781451
7564,0.7996057406665267,1.0988110498781656
7565,0.2906975757772275,1.1488817517067553
7566,0.9008506485102455,1.1767066481983246
7567,0.8512000151011389,1.318711485238174
7568,0.4861793994669059,1.466647503393908
7569,0.4410852703006707,1.2717457799162013
7570,0.7955247978779594,1.3850757917113474
7571,0.9940106974974252,1.3781635196335917
7572,0.860718351344694,1.1212740095221552
7573,0.9404338540333258,0.7787474481291528
7574,0.571122423724075,1.1453123845864122
7575,0.7569773369915976,1.0426154135970487
7576,0.09710559927624127,1.491828877931778
7577,0.7690749713178895,1.230764406587249
7578,0.3527547466957668,1.5461853003257848
7579,0.586748901365818,1.2153804146084064
7580,0.22904559290447146,1.2525202634765535
7581,0.8240126443992836,1.5393933307481105
7582,0.6343272931242716,1.1911037320516384
7583,0.41481690500411317,1.0696633384749485
7584,0.3923188144030396,0.8624364133596514
7585,0.7182154906016855,1.2672654743742273
7586,0.2896579687624839,0.9977477117740929
7587,0.4001907787934141,1.5571746248629832
7588,0.9543961884729132,1.039238523240954
7589,0.44527297825786355,1.5109963869659404
7590,0.6373504327730004,1.5213049760248363
7591,0.9218449979198252,1.0700676572296663
7592,0.8175790710778165,1.577017730434072
7593,0.9757268047162597,0.9573265534770459
7594,0.5356051691146891,1.5293666291915236
7595,1.28587242803212,0.8854087212955251
7596,1.1568219115992409,1.0017890424449951
7597,0.9808958352978647,0.6416226250902131
7598,0.5194235048363677,1.702963774972139
7599,0.5741782590216512,0.3193653597305155
7600,0.6084265457971737,1.4667064637100935
7601,0.8075196665132109,1.6572456683803432
7602,0.986289772411224,1.2419028784231558
7603,0.5182001398144395,1.18054626251268
7604,0.44067198997576995,1.4510437228474715
7605,0.20917724218268924,1.2563344599526016
7606,0.5279490052524258,1.4476021632194627
7607,0.9751892608659387,1.4635323255076678
7608,0.6701662774014449,1.2523929880165956
7609,0.7259096120393219,1.5055873199453187
7610,1.2399253867612576,1.0670119592891498
7611,0.5586185511178784,1.6265801166983718
7612,0.4890149856592745,1.5399753861933272
7613,0.9639455424346286,1.334555110657046
7614,0.2739968454975982,1.5168150646362861
7615,0.2519196168786787,1.2344820688823717
7616,0.7099667355101911,1.6199158681477555
7617,0.489516387714537,0.7687874345422545
7618,0.4907528309218813,1.4037784589682594
7619,0.42280400857206085,1.1070951486431668
7620,0.6800676702897713,1.5293758464412424
7621,0.9801330425445411,1.1917230185155132
7622,0.8709476700793475,0.9534337218282258
7623,0.506012986692238,1.0907018472039378
7624,0.26117595386076287,1.273429645749669
7625,0.48822665936639004,1.6305888866391092
7626,0.6618862295468564,1.3878881578889686
7627,0.2657930726996133,1.3150436741124814
7628,0.338719567591955,1.7109471238119276
7629,0.7460184391835184,1.1527316242368535
7630,0.8488829573079637,1.6411563584004607
7631,0.03672893745897008,1.4527394846049733
7632,0.8966847929686677,1.0521295503187293
7633,1.0430207962594664,0.9790143824122599
7634,1.1199127114597276,0.9176595047869993
7635,0.21642960601944375,1.136199457063913
7636,0.572271194031246,1.2036560855989658
7637,0.4879843007942412,1.6132561475562606
7638,0.5242252291129776,1.6693685225067818
7639,0.8468834744133009,1.4805906829144846
7640,0.821179249419605,1.7166416772390853
7641,1.2302538733650041,1.2393439714281378
7642,0.5774333582676633,1.053830942034042
7643,0.3561757199536393,1.4497587258493292
7644,1.0275734319269423,1.3705965359652292
7645,0.5858235727140252,1.4280129344770385
7646,0.20611379049547046,0.8648405613502044
7647,0.5156721312934001,1.2751949887302263
7648,0.5887587641287303,1.1915561626897702
7649,0.3910189362299557,1.1969328223540137
7650,0.5757672520370396,1.46184603963752
7651,0.711782855565551,1.640249330639013
7652,0.6454325791469064,1.3950800712168907
7653,0.7749252866227982,1.723333758969819
7654,0.8649803453955418,1.4513144601502224
7655,1.050331094956702,1.8500409719119875
7656,0.33227470134394194,1.3114273354500203
7657,0.7347586161476354,1.498698545182874
7658,0.964888817581045,1.446250352666608
7659,0.7996185444772758,1.3024345678312175
7660,0.5384300984221394,1.0819959282072706
7661,0.08211601576376656,1.553887067730805
7662,0.7181136753023011,1.5640303854825641
7663,1.1603218670477646,1.7700092859638332
7664,0.683794466237408,1.3078856596573063
7665,0.07015952618988447,1.4905692206696632
7666,1.0682728145977571,0.6495194050384587
7667,0.5855321877663167,1.5053465390320673
7668,0.791696723161684,1.0079986829998733
7669,1.0959142964953235,1.7073071220489664
7670,0.5562568243327876,1.347377293040548
7671,0.3819719300832508,1.12817622346946
7672,1.0491887138252673,1.740017922487247
7673,0.8556655595465443,0.6319125329169784
7674,0.5061310656968041,1.690679602680678
7675,0.5415392875301519,0.9201160474076302
7676,0.5349036200864284,1.139852146377124
7677,0.8090754450623978,0.9642140708376532
7678,0.4285857660513028,1.6136364660410845
7679,0.5952640976317526,1.257628163005214
7680,0.8987864676597331,1.0384449368123039
7681,0.7464506928625882,1.3662831405337803
7682,0.7652048609603637,1.1379762837888794
7683,0.11097312754559985,1.128612319634439
7684,0.7518042419545125,0.9004362469648421
7685,1.1641930543992873,1.4181925954988641
7686,0.8258731818586647,1.2189910596254252
7687,0.7771511638487785,1.3548779090016738
7688,0.730858919459411,0.6459413672728529
7689,0.504894378819279,1.124453906266369
7690,0.5302371626637471,1.8025889321703423
7691,0.7388634831196436,1.5037072268912028
7692,0.783525874606835,1.710688840574419
7693,0.7419841177238408,1.8473180206797297
7694,0.8454478205239121,1.123286599016315
7695,0.5104062494102239,1.3529061093842896
7696,0.7781717942347035,1.1980789201492998
7697,0.33033946447186513,0.9191835683800358
7698,0.47960016641729475,1.2008397537585358
7699,0.5099396462900063,0.6230338250086835
7700,1.0027838919468437,1.611968753451066
7701,0.6776370607323386,1.0768188634068652
7702,0.9640445203210202,1.8034690302506213
7703,0.3013271637919644,1.4210849061624786
7704,0.25178810769738513,1.5927843422085655
7705,1.3325537792568134,1.4212804723673282
7706,0.6046825234259436,1.4925263228688554
7707,0.710187095787725,1.8841266804078256
7708,0.24257126923823594,1.0951502364460755
7709,0.43172709236836343,1.3598398117228065
7710,0.5526216096430292,1.3827300851163207
7711,0.4240439872278198,1.3053313173382335
7712,0.42293551363254644,1.553075667461449
7713,0.7669126603855434,0.8080797363658647
7714,0.4536350054084079,1.5718160843375186
7715,0.7106310294496343,1.5682016565152879
7716,0.6984710174222979,1.3172759617306968
7717,0.7497582033778387,1.3970891888639994
7718,0.6637549617228354,1.6223075824663407
7719,0.5005472041839252,1.1440593717515546
7720,0.566767945879212,1.3175565528354585
7721,0.5950591025045606,0.9326707717449401
7722,1.5904906155025318,1.2739428077625532
7723,0.9426245614946519,1.5501708891208241
7724,0.6774157638434108,1.1231238175638496
7725,0.7521212134260297,1.485399405278844
7726,0.536768922064205,1.2760529550846744
7727,0.7077223859257356,0.6307964208449266
7728,0.40753794559649337,1.9018278428462825
7729,0.5319075114396731,1.0480557895904017
7730,0.7419991709119808,1.6726837948057125
7731,0.5645308987449664,0.7225504370646034
7732,0.9726490616634323,1.5406655183127729
7733,0.36812827218373634,1.1587317707998666
7734,0.3974827248957205,1.4778271504119063
7735,0.8417442428992322,0.8737767403402394
7736,0.36018872061856133,1.0725823580107887
7737,0.3288885665349033,1.8169567366999515
7738,0.6537116328893865,1.5034932049580565
7739,0.4308013932580367,1.3667370867005186
7740,0.5176756858443048,1.3612347575000192
7741,0.6045838685934232,0.9967717875220987
7742,0.29086680769506346,1.0753875467949903
7743,0.7676305130415484,0.9576417372766248
7744,0.9739571397720475,1.6761558735844584
7745,0.4118136851346614,0.8025601101275548
7746,0.4819992089355013,1.4580458245266756
7747,0.2469282669680832,0.7083640416763513
7748,0.7995863156094543,1.1274920826612762
7749,0.7252011040336832,1.3014570851872984
7750,0.4425290891958948,1.1377862640774312
7751,1.2172796656063165,1.111936281685732
7752,0.9784593670377961,1.173631469510137
7753,0.5686730935425538,0.632286877515666
7754,0.3857604036149089,1.2591997810420625
7755,0.41321112425873574,1.0024145987827195
7756,1.1822680716359464,1.4305155804236187
7757,0.5407331841497639,0.8777780407430658
7758,0.6561286017012241,1.6480749909175496
7759,0.5026593943694077,1.4581141729837515
7760,0.8863705132164236,1.431306700142557
7761,0.5780646276727707,1.6954136260005181
7762,0.42569136758494963,1.4284084429606239
7763,0.8021688492680369,1.5714463165403254
7764,0.5805648994517593,1.5632872006253518
7765,1.0519628722009675,1.622823361547629
7766,0.43417701529403974,1.3542521078682435
7767,0.4454310543991211,1.7609714152994822
7768,0.5331551617454764,1.7847860554156094
7769,0.6872485159974535,1.7018681582308897
7770,0.7069705449794058,1.7518053733712509
7771,0.8776240766527225,1.3057761988204726
7772,0.5690118417976224,1.5929010491293738
7773,1.426529791036754,1.4334310108219037
7774,0.39067120460801197,0.9788176938046662
7775,0.8169517950892293,0.6998858860023573
7776,0.4679839311803293,1.4227583952133998
7777,0.7043533237511114,0.9674240829475258
7778,0.8896670654376492,1.7715272352595703
7779,0.39138608000429614,1.4505143988855878
7780,0.30545906078466634,1.453755366370109
7781,0.9550889616027632,1.249525780578558
7782,0.8797721631502999,1.1417669461802518
7783,0.6995432929678445,1.4504035615107274
7784,0.5519247609596161,0.8939968568278003
7785,0.4315315065635884,1.59174080657495
7786,0.5095247787346331,1.5287538892010473
7787,0.8266623071948971,1.1010152657724444
7788,0.607940561922006,1.1869708119900166
7789,0.7421879133975758,1.50088322856764
7790,0.8941336012848004,0.9041505829337055
7791,0.6645640826756907,1.3552339393908532
7792,0.3703980368652982,1.1908961492909322
7793,0.6268861610649323,0.9291301190761612
7794,0.5267973481567295,1.4534514047172524
7795,0.7090316808806106,1.057824425837894
7796,0.944276501406138,1.3782816625246848
7797,0.7130951147106976,1.4444577888386505
7798,0.5249506626500215,1.7335231384062437
7799,1.0542077291822718,1.7969573859474541
7800,0.7403423801308177,1.2243745725471418
7801,0.15322307077721525,1.4557787000177633
7802,0.765113786255911,1.4764844726689235
7803,0.09828848024766029,0.6531803950166855
7804,0.18526676866717545,1.3636181403775156
7805,0.7479454593220746,1.1434069357134082
7806,0.7695715938908079,1.3964019858109422
7807,0.60572211443737,1.4487767513209198
7808,0.5750074810999816,0.8116100928086214
7809,0.6039721419674635,1.445340493779605
7810,0.44566776835940114,1.2985714352726778
7811,0.6947013753793663,1.5382977569228253
7812,0.5461189273142512,1.5129017682838184
7813,0.40004818664684777,1.2309279620217979
7814,0.9681818762586654,1.5982491286333063
7815,0.5431555707370421,1.3036432670476197
7816,0.10824859034568018,1.2317882632237918
7817,0.6391575242731783,1.753953559748894
7818,1.0590931328271866,1.811616045929049
7819,0.8221935112716463,0.9605434768945598
7820,0.16640265467397172,1.6058566395367662
7821,0.5549951069974607,1.150327848263856
7822,0.4048964469273244,1.6223372349959433
7823,0.8881821601964554,1.0180577480153732
7824,1.1718151841851774,1.6119189473454238
7825,1.0876697397702442,1.137765461393818
7826,0.2910103183262557,1.1672330672333935
7827,0.354183444504713,1.1858351522804274
7828,1.1815526182626084,1.0319416479249461
7829,0.8119949604339806,1.0385419527621362
7830,0.5525582424822377,1.3556444272281647
7831,0.7122566620473544,1.8653445138662836
7832,0.6335856712518405,1.0580532146675496
7833,0.6814764764980089,1.1373260944924386
7834,0.6777494057156478,1.4032584233444354
7835,1.1834428299835227,1.1510420011863534
7836,1.161957920932275,1.5802885495126167
7837,0.731504102646325,1.2030391229919932
7838,0.4622549673709435,1.3267003955051604
7839,0.5730912312229849,1.4684801157911227
7840,0.9683698781928691,1.684085115391587
7841,0.7119944294301651,1.3561985155213447
7842,0.5489229399644414,1.3909785360275673
7843,0.8198557260529182,1.5255684161385297
7844,0.8699847400298495,1.4963468886172353
7845,0.6078423270295662,1.3345250659078243
7846,1.0898150675075815,1.1504972881352695
7847,0.4325625420847665,1.681738232654718
7848,0.5441246676839816,1.7025679720166864
7849,0.33630952270749215,1.2430322996634906
7850,0.8555981926789473,0.8831242775136103
7851,0.6366432969686772,1.6510795896271226
7852,0.16314685134249382,1.2870970726485547
7853,0.687247204660757,1.4184655678215026
7854,0.23364015126600993,1.4612583882076418
7855,0.8201341588728267,1.6344263332301012
7856,0.49135540074109163,0.945557770985268
7857,0.19718769150200033,1.0996990147660615
7858,0.49975000425453403,1.2737859599720276
7859,0.6307072448609409,1.2276807519655204
7860,1.0378728588198454,1.0303421054382114
7861,1.4424366760668652,0.9662909437546718
7862,0.3310536872920803,1.5001191676452823
7863,0.739282032225871,1.5448739222302654
7864,0.39980348293267703,1.6164635879269849
7865,0.48021587924000403,1.7378988810184326
7866,0.35915138719665474,1.231819660991201
7867,0.7938065700163525,1.210913584898829
7868,0.5276057066898062,1.2911734976925762
7869,0.4997096276402461,0.8827385318349228
7870,0.7882235932051479,1.3385391580743065
7871,1.531032904025113,1.1759133149528518
7872,0.7226560257634395,1.5137476464794595
7873,1.1491459899238943,1.3390550055103656
7874,0.5122902352398311,1.7421280940803456
7875,0.7662923374664203,1.4100904744277338
7876,0.4338179913371508,1.1550604478881739
7877,0.7098861549098479,1.5297670501551544
7878,0.8236368040637918,1.5466350426938948
7879,0.5764539045811803,1.2268773536406385
7880,0.6992662279134929,1.7388302161957272
7881,0.45605805737727867,1.3553041320637025
7882,0.6137162916554854,1.0072443030256835
7883,0.27369352178206335,1.3445220952263992
7884,0.3063477120662169,0.8835879859240647
7885,0.8628897587271841,1.2779720762730507
7886,0.5960359250432948,1.2431747681623828
7887,0.7069919771915838,0.9853760353357288
7888,0.6723389312522828,1.1353665671162632
7889,0.39754654640258325,1.6185079793830017
7890,0.6564209728858496,1.3328000581669714
7891,0.6381765938435469,1.6756898599661645
7892,0.894646533529659,1.4673681627729194
7893,1.070351949747772,1.079435105908809
7894,0.8691423417779837,0.9596994985980956
7895,1.4665891616540447,1.5678120992925009
7896,0.33800219486635186,1.5228740682269906
7897,0.49901849123374936,1.3404899083584274
7898,0.5237664571042101,1.4187354418342548
7899,1.0088429389392033,1.2606425230562053
7900,0.8684989257688248,1.9338261082693373
7901,0.31319274631400923,1.6860000272036997
7902,0.29641768214541325,1.3105175888675484
7903,0.38749485990520266,1.649319106766444
7904,0.5903252689771102,1.620533631864339
7905,0.4742051029654864,1.1310699487427747
7906,0.3728235391650527,0.7027866426673663
7907,0.9496028931429362,0.8340298670452488
7908,0.536242406999358,1.7779519106301442
7909,0.5576134260288319,1.393193695158306
7910,0.25959242795939175,0.9645254604813891
7911,0.4969178638095251,1.2171535953402546
7912,0.466949929768625,1.7620498674213012
7913,0.6976354531693015,1.0888879227316322
7914,0.2612397802520909,1.3865323469130666
7915,0.840748974766341,1.534553608628898
7916,1.412072563413559,1.6340775758399388
7917,0.3738859431449825,1.0982457939185895
7918,0.5927796809214138,0.8467340471682971
7919,0.8040592323746799,0.34120102563706567
7920,0.1376599885078568,1.0220805432255746
7921,0.26932770862608785,0.9187368650791514
7922,0.4322771289590963,1.5620323794355147
7923,0.3593396049430012,1.2602104694515068
7924,0.29427707461754743,1.461056648129952
7925,0.7064654148006942,1.3667793377355821
7926,0.3698950126339379,0.5047456154401417
7927,0.4078198497454156,1.326154092717371
7928,0.2248052745235716,1.381466468893735
7929,1.2877854119955632,1.4178076721113517
7930,0.6344163760009554,0.7045144843587179
7931,1.0777592262894853,0.8936557977025574
7932,0.688351673215918,1.327191983906402
7933,0.6283715083478054,1.5890051370233953
7934,0.5837033180460929,1.7570185902070206
7935,0.15269318583699726,1.4646683604203639
7936,0.7394911876757313,1.1648350385188606
7937,0.9578945313118561,1.5935360023982659
7938,0.26948772874045973,1.397258862665098
7939,0.536825269127062,1.582243988642205
7940,0.7102080190003144,1.3519008724493835
7941,0.25623656276089596,1.5870087641201827
7942,0.9478705627474777,1.4985256236575377
7943,0.6671287288341092,0.8056118027174917
7944,0.6158605746639144,1.2322321262881646
7945,0.5622960559143483,1.496010570162245
7946,0.1440301187645646,1.2440048220598134
7947,0.8159739606623193,1.396530120411324
7948,0.6187332899446335,1.4182163652507807
7949,0.1360305593959753,1.2863889243353166
7950,0.43952997879328226,0.9215436041174492
7951,1.1451407920609002,1.1070363499284444
7952,0.6044675264514919,0.9711995994803422
7953,1.1619462956491478,1.09970649474552
7954,0.8169598541918737,1.3842667496528316
7955,0.37261831283377744,1.1248304222323662
7956,0.691384633673107,1.3367318490333941
7957,0.5299042631933656,1.8371009525211424
7958,0.8576907617297115,1.2591511188127003
7959,0.4462845736241679,1.333602542149583
7960,0.5088048763266833,0.9793767794109527
7961,0.46489692762394536,1.643114669182145
7962,0.42414233304970805,1.5416733408898562
7963,1.0815734867394706,1.7734462072542305
7964,0.6564293909363007,1.436367074408329
7965,0.7988522747713847,0.9740594632769723
7966,0.7978021324956672,1.4026943629468076
7967,0.47334511536579893,1.916773997305914
7968,0.529779725989441,0.9092456711092365
7969,1.2140664830549832,1.380673190189742
7970,0.5280716955481017,1.7439136321140405
7971,0.4896035531300928,1.476630112690342
7972,0.8984990661769202,1.3422317561065515
7973,1.038847959980111,1.7915099246160369
7974,0.6830538758940097,1.065350634019452
7975,0.8084207797440993,1.370092640673934
7976,0.7924099038235413,1.6838597541596265
7977,0.5080109793688294,1.732012533474023
7978,0.8600794817381381,1.5930082639345686
7979,0.9020729433189698,1.5078401071072913
7980,0.7998420106169318,1.1979881593383663
7981,0.33396575247844235,1.5140336080049304
7982,0.9540421991559641,1.727497132098765
7983,0.7463300929848299,1.0953299475161664
7984,0.6771032527257498,1.3811120094007618
7985,0.5188952212773122,1.728636822302879
7986,0.5543644677959303,1.388721975134032
7987,0.4406482125216919,1.4432028896405247
7988,0.5676255072796967,1.1146805093612602
7989,0.4175594674516242,1.3700321633413544
7990,0.740128419850557,1.4970932917129838
7991,0.8520267950544866,1.2069510400617398
7992,0.795592262465984,1.3989887543463713
7993,0.6428366696482016,1.3919408276748442
7994,0.8144793920782993,1.2570361816385553
7995,0.7836013301732944,1.1492212685045193
7996,0.4843420045740574,1.4196781837099803
7997,0.9958686503872571,0.33738172135805566
7998,0.39638201165281645,1.3574941360330577
7999,1.1073090808328885,0.9753230407917926
8000,0.9068396654797314,1.437144869461667
8001,0.20331394247200665,1.3186358300399574
8002,0.41266488401052703,1.578739557485695
8003,0.2645782790724352,1.188482750929747
8004,0.9997186647243502,1.0957380242743366
8005,0.6764396865566691,1.1203342523122353
8006,0.782926096516818,1.7257866266693749
8007,0.9567974239654862,1.5605873456929584
8008,0.5809730320371375,1.750658454974741
8009,0.7231898297043612,1.1945663049684496
8010,0.5884756391403393,1.366281591217899
8011,0.43046138276998996,1.1987397713659775
8012,1.0289039950873355,1.5952912028964275
8013,1.1891847079416908,1.5695619376623204
8014,0.7654076563380979,1.2246587383241083
8015,0.8648020275043309,1.0209382790659243
8016,0.3085508023356008,1.0320604192892384
8017,0.3826533168884922,0.985902877537163
8018,0.3616663935157342,1.3615198125114927
8019,1.3518439191978815,1.7208105829146088
8020,0.5128839549025518,1.8660917142736022
8021,1.2648776962987434,0.9012175898501418
8022,0.6698357877995956,1.6470559216994416
8023,0.6736528385063272,1.4201369237073789
8024,0.7126676631101115,1.1700033609757243
8025,0.5018644379118731,1.5396601377190784
8026,0.6547461485740845,1.5309408458142235
8027,0.49619007712509455,1.621955909328879
8028,0.3222674905641077,1.171456448689886
8029,0.43766385283940185,1.261205535811479
8030,0.7430627003958379,1.2357245460315351
8031,0.7103339119040415,1.0272664230023416
8032,0.37073062220222675,0.6574498871936987
8033,0.8999126882945738,0.9959215440509743
8034,0.9567173393762387,1.160498649784008
8035,0.4580705552732302,0.8937548143096308
8036,0.8782782802771476,1.7665566824790822
8037,0.6407964496529639,0.7632444259355373
8038,0.9615809714608383,0.8021835741935011
8039,1.090404933400089,0.491221787954927
8040,1.2040750626605257,1.534122481405179
8041,0.7507441041945224,1.5779738411047253
8042,0.5122553535661317,1.3589285130052158
8043,0.6951613951057318,1.5691269734328102
8044,1.0299083639653794,1.4377573830656263
8045,0.4052590950264167,1.3965023482032415
8046,0.6753756992745592,1.09492058887519
8047,1.0207051870502055,1.5956525906511008
8048,0.5375445500015023,1.141463031580034
8049,1.2081145285333548,1.34959079533091
8050,0.4680019675236864,1.059204921584479
8051,0.673180346818977,1.5041129998368534
8052,0.5827108836389565,0.9772462276315383
8053,0.8339705959216438,1.340875436436395
8054,0.07310322960254018,0.8399436905850151
8055,1.0637511689988481,1.3667763365734116
8056,0.9051060272358206,1.2001850546950124
8057,0.7210959148825579,1.5654393198717742
8058,0.39611697538382884,1.1955598131196852
8059,0.4457228782620461,1.1857688052954343
8060,0.6136749698815138,1.1620672515173391
8061,0.4496803675605382,1.6579115540753608
8062,0.41655786147981055,1.1517099876750585
8063,0.49087554098645103,1.5573041913349286
8064,0.8811809928104751,1.7887583330017687
8065,0.7203545499152375,1.7607009735587003
8066,0.24552111779509442,1.5368332448455277
8067,1.1065732589027335,0.9181410231204497
8068,0.5812317340566324,1.3755778794666167
8069,1.1116954787873494,1.3542796335077856
8070,0.787028208421258,0.4404117436333139
8071,0.8601296610127984,1.0609610831711869
8072,1.1130302959667564,1.4607693143545806
8073,0.35061794587403716,1.6471050980433994
8074,0.5054488670704363,1.3006907860415813
8075,0.632386253070561,1.461139864599666
8076,0.4355203953647425,1.283673202756129
8077,0.8426771312302606,0.690607816775308
8078,0.9859162858187651,1.461036643302883
8079,0.4555968004541519,1.6959398706178501
8080,0.6404557521597501,1.565108281550893
8081,0.24538393535806546,0.5366679306058257
8082,0.2148847107420471,1.0829376156703556
8083,0.8630302578537441,1.3300105872411072
8084,1.198216899375285,1.6488557410974558
8085,0.6111777721497841,1.5619718194483105
8086,0.504108494788863,1.1955259623906873
8087,1.3940379533572664,1.560037364455005
8088,0.48358553333206294,1.048692852932634
8089,1.1800084695504631,1.4654841108502568
8090,0.3329891259252409,1.3633999034443374
8091,0.7195806388361046,1.7172867213030187
8092,0.8273047227152669,1.5273064225699993
8093,0.5220193634548753,1.4138604526051188
8094,1.0326225433293004,1.2576038045795128
8095,0.5780955978883012,1.5094480032540272
8096,0.5925671455167323,1.1856825302124747
8097,1.015552922835537,1.4509975667331856
8098,0.5617579187940647,1.420663194874964
8099,0.48252189310469995,0.5421465764669591
8100,0.7318492157032525,1.0214708075335173
8101,0.5397077263724486,1.5972458653019008
8102,0.29443373269275647,1.470152178212233
8103,0.7970593784053944,0.9279226680493433
8104,0.26115533226111504,1.0760888758746918
8105,0.8062708609014887,1.1272087646267166
8106,0.7029100813447839,1.2644307573899027
8107,1.1688547209754794,1.222859495488891
8108,0.9825036339774051,1.4217948761042092
8109,0.5376545441185153,1.574339061026106
8110,0.9575203320055246,0.517828337787902
8111,1.1422530849986001,1.170543798300487
8112,1.029036247694422,1.4358245901663427
8113,0.7099280603524569,1.0556219814902081
8114,0.6826163511033257,1.2261378970140022
8115,0.7833125703532056,1.4796268913477801
8116,1.53013532614481,1.2592206959658578
8117,0.738434519752181,0.9390947253575039
8118,0.37216714872833195,1.04199331116669
8119,0.4140634191435173,1.0899567112968676
8120,0.25741900833706405,1.552695453709881
8121,0.4475207616133791,1.284898990947287
8122,0.8988747516853481,1.7940479583334892
8123,0.8502816831511766,1.5595892935711646
8124,0.7140354171081309,0.9663460300910192
8125,0.6381524183652209,1.4274413196964575
8126,0.2834810030152527,1.028242442254406
8127,0.8125374794567739,1.1695205189829578
8128,0.325492107878599,1.4767082864829346
8129,0.2805386197715832,0.7490282478005825
8130,0.7987779437791909,0.8950576766964451
8131,0.6508815839194759,1.3030418544306253
8132,0.5789556914959182,1.3769691119660603
8133,0.30857148435604964,1.5507399915216555
8134,0.7721721186463786,1.6945666338621062
8135,0.4755545509207621,1.370365908865525
8136,0.28944884567113255,0.9458151303612667
8137,0.8701376081002791,1.8456806385171558
8138,0.9025865941320552,1.7271869734171337
8139,0.9787837406190306,1.0997709024587214
8140,0.896210597119676,1.7045428137367185
8141,0.6012357187116942,1.565645381178795
8142,1.0293585272817196,1.6381382571794072
8143,0.8807571939164301,1.398582181225601
8144,0.35859128791356526,0.6542512106723744
8145,0.7569529035569855,1.0481348286468166
8146,1.041110684702248,1.3053294600937335
8147,0.5725206811945395,0.8273161636383657
8148,0.5064523736347715,1.5382790401230844
8149,0.3945947812317731,1.3282939736344581
8150,0.6990101586401678,1.1598120852576983
8151,0.9019351242760487,1.172299368063945
8152,0.9112588685419445,1.3848491632751658
8153,0.6939820308142997,1.1721454459684613
8154,0.33687222100665015,0.9046538739930536
8155,1.0002571089894488,1.1577232815937837
8156,0.14339148972234153,1.4929283608519537
8157,0.5345062075006013,1.4912959615297747
8158,0.5738735124587689,1.7172926794995607
8159,0.5352024126298164,1.117108310831127
8160,0.5716714002575202,0.7066677776702379
8161,1.0491728104313578,1.464906845960654
8162,0.9020063858052848,1.4104658031824093
8163,0.4990023289148963,1.887669359075125
8164,0.9071414786238763,1.055994148107295
8165,0.5809743706377177,1.3286037962242978
8166,1.0828831623586428,0.9414674798982128
8167,0.6668774907244404,1.6878551136579103
8168,0.577672595867701,1.4879864844950021
8169,0.8242564468132084,0.9656989706629979
8170,0.43227331769063115,1.088925360795695
8171,0.8012373101401017,1.3440190764488076
8172,0.959027632882693,1.2537486739859989
8173,0.18243049140776188,1.5827000118904544
8174,0.5114472413452361,1.377689397983799
8175,0.28000021658291746,1.488390122311991
8176,0.8227312665758146,1.4011482856553998
8177,0.105640859220589,0.9260967033763268
8178,0.30744140749776433,1.3112741963058163
8179,0.7102199042471119,0.8940007446241447
8180,0.4851153898149921,1.4923727501261148
8181,0.23194034386292556,0.9900117890390034
8182,0.8674382036771555,1.3799063402781298
8183,0.8054240259645069,1.073771305265897
8184,0.27516962369793035,0.9291008321468055
8185,0.6275433168352169,1.2748373459876496
8186,0.23277397381255865,0.9550612294643039
8187,0.4614418600407245,0.402799259140487
8188,0.9209907715513312,1.3451897118811784
8189,0.6570170868090459,1.1920963836237932
8190,0.684933876711072,0.9639148421830119
8191,0.5246173381302,0.8049590302038174
8192,1.0994409894131036,1.2551981597413737
8193,0.21811417526847993,1.3303527370588322
8194,0.9339296222978248,1.2418824805230684
8195,0.22194174424606528,1.6889466877842856
8196,0.704706955116019,1.4646813584688205
8197,1.0070363973303122,1.1776197545574196
8198,0.4929588877690754,1.6040400955237364
8199,0.7630831052973367,1.1075522417875705
8200,0.8026730169426924,1.4743960791611923
8201,0.6198360628101748,1.5339609737700401
8202,0.22184543110735833,1.338690214534349
8203,0.6170531103524037,1.3582395377190055
8204,0.8089848175423278,0.9294932028333196
8205,0.44399145373522697,0.6659101929565614
8206,1.0980342304412107,0.8146399569871434
8207,0.5061962940152831,1.8179313714702765
8208,0.6207633247270001,1.0868759361962232
8209,0.4710978577322131,1.4547873753908305
8210,1.2672285350120824,1.4581179175859817
8211,0.9427071028552867,1.2951358928891032
8212,0.644206438498938,0.847042929533482
8213,1.1801363832157483,1.4583303365897868
8214,0.24476863136880142,1.2893665984368534
8215,0.5007789691727617,1.0972793233493756
8216,0.8902709336722628,0.6317244845625776
8217,0.465853043729656,1.5611162048801972
8218,0.9025370962838821,1.808722347969298
8219,0.515518264228397,1.3342881396328008
8220,0.39193894062309365,1.348774088403477
8221,1.188628285791407,0.8157929645861595
8222,0.38137309216371457,1.7034163614453508
8223,1.027674921477908,1.1894455099472478
8224,0.6313736957486626,1.5360682576610794
8225,0.6990093590291303,1.5803099975190662
8226,0.8215968990780107,1.82276564913251
8227,0.5099997429145999,1.5169868839675518
8228,0.5652449147041643,1.298798813423955
8229,0.1453020256832031,1.6674336242756418
8230,0.9448428188978335,1.3273586028497135
8231,0.28139112468348587,1.3192098372784669
8232,0.7038994479825146,1.4966187706122782
8233,0.7060253397516068,1.4823353181094634
8234,0.770328163195482,1.2239822741287592
8235,0.5659916033035467,1.8808640232576914
8236,0.66383691961213,1.219394697981555
8237,0.5931307011260477,1.028117120061846
8238,0.9180764759905224,1.3339102934569123
8239,0.7052022216490875,1.3624781398728734
8240,0.44470102877854084,1.9503391696440717
8241,0.36438794353731885,1.0842951939243113
8242,0.26040014024738906,1.5090776929232754
8243,0.6496897915242684,0.7705279911240044
8244,1.1517923531927179,0.9489388197054105
8245,0.5553672894463014,1.3659185817525588
8246,0.42617366734618245,1.155466384559492
8247,0.6336210494074641,1.0928675926249585
8248,0.7087168495948976,1.2664429147287946
8249,1.0744307068048315,0.9071546227967555
8250,0.43544974080458504,1.8552121480679182
8251,0.9530373641669587,1.5727550059718747
8252,0.21723924805117267,1.501178069131301
8253,0.9375337493611015,0.9791093753052333
8254,1.2246469441149546,1.3662058920159494
8255,0.8217248939840897,1.2483527487250732
8256,0.5806707083289645,1.2069674059030902
8257,0.4321823842481797,1.2834971873540453
8258,0.654915905774109,1.781410162444588
8259,1.064572372677409,0.6453262927271413
8260,0.540247990910563,1.658352383810178
8261,0.9218246763583838,1.5612078622483025
8262,0.6200225518415251,1.4697134411718387
8263,0.34765849269046006,1.362058984662182
8264,1.0783121888144571,1.4246270916670265
8265,0.21690290340188778,1.2210124829408318
8266,0.8335262699794423,1.3706386702330313
8267,0.8133947016386212,1.742898260756867
8268,0.5312031088542931,1.1948433946542465
8269,0.7270364355623893,1.4367307792464383
8270,0.13277579336488593,1.4142743869704004
8271,0.35824696111708504,1.264375843190029
8272,0.4073944237822991,0.7583308564818032
8273,0.8398683106032712,0.941063419682296
8274,0.48674416026407696,1.3458304812772357
8275,0.8303374545351184,1.5686665211117765
8276,0.38509017593256817,1.5158705748074717
8277,1.1911728339934406,1.0610878221540818
8278,0.22788925940480945,0.9796588678909535
8279,0.5337208386270849,1.4071822823249283
8280,0.7022611461974316,1.3027194937107436
8281,0.31548584777956284,1.2610897903363667
8282,0.42773370147779405,0.5782231891768026
8283,1.091982331741975,1.8896450669780456
8284,0.6235522700593675,1.7063712253754086
8285,0.5810531108626397,0.9389647534131997
8286,0.4914225127053031,1.5355558256160722
8287,0.6681508632087151,1.2118823855127703
8288,0.4473221554567762,0.8988701165747868
8289,1.3590202601572308,1.4773887657992832
8290,0.8281206532695251,1.8594724883245737
8291,0.5688164541173601,1.101563085040965
8292,0.5599013908501405,1.5106828938756913
8293,0.31879396552155415,1.2839390798618457
8294,0.40498941557422763,1.6241128237765758
8295,0.47326396230431467,0.8164661262824793
8296,0.4913077616098502,1.4068949894777356
8297,0.4684218060708831,1.0638643605614637
8298,0.515411507736397,0.9014334423552912
8299,0.05595983356215441,0.6929428680549801
8300,0.3876562804525127,1.436655345649042
8301,0.23511714329722766,1.5307310878388232
8302,0.6838357690458979,1.1246780274586743
8303,1.343597311311469,1.1492984441580048
8304,0.6038073609878162,1.0035654467979103
8305,0.8006984004609565,1.723788109973816
8306,0.09152601318101342,1.542956572827336
8307,0.8763494696927222,1.0000241991474206
8308,0.9112703381232803,1.5328528576526956
8309,0.46581448639664474,1.8335175345730053
8310,0.5548495503317005,0.49982138577315305
8311,0.4534058695636163,1.3555627455816066
8312,0.6294325678816206,1.5718565105426576
8313,0.5721502242799896,1.4956354881277198
8314,1.0739847434684264,1.63685514789256
8315,0.863875273017879,1.540573108478833
8316,0.5878123913500053,1.4843983250307788
8317,0.5196277411002063,1.55866907043286
8318,0.5476255527548356,1.4633943952107424
8319,0.5167862103472998,1.4147020770965995
8320,0.3172522745109591,1.3873064458291617
8321,0.6883390811032855,1.3989273469814048
8322,0.4237212019969482,1.1066228856420541
8323,0.7515346688882818,1.807119060793729
8324,0.9861371776840374,1.5016809657607668
8325,0.6288328959493972,1.050249584490368
8326,0.9120963538350199,1.7564414722829107
8327,0.7163725085884487,1.0484744205926346
8328,0.8344430562639622,1.5060015498639232
8329,0.6363732054639799,1.4794316910488023
8330,0.8869577267996676,1.6039174566416257
8331,0.8647786844670726,1.1959332210533034
8332,0.8900468187277744,1.4154660440126148
8333,0.6430901860293592,1.631846563688439
8334,0.5716908301461824,1.3067722359520604
8335,0.5502038910822871,1.6497380065078957
8336,0.5780450892269786,1.0284955452689488
8337,0.6226231076997464,1.4987934471789972
8338,0.7263780067268151,1.5439955244085923
8339,0.6981958085682131,1.090990218371865
8340,0.5250683814175048,1.1739351542472325
8341,0.8755002162272635,1.6104990880148278
8342,0.633582780053393,1.0585341878178705
8343,0.20008279516834576,0.8951938280035929
8344,0.6212510153465892,1.6763161617462854
8345,0.883029591228973,0.9966112486675276
8346,0.42399918047816837,0.7461408218182228
8347,0.6515422408857807,1.2199411819725707
8348,0.6963497244911153,1.525047192311009
8349,0.22734605414561318,1.6136264190808587
8350,0.315678145024609,1.443613181046611
8351,0.6945000371559903,0.9945765439023913
8352,0.9525111745205793,1.5570677130216697
8353,0.6914009608962495,1.4020590138882678
8354,0.29797430123649266,1.2633286761615627
8355,1.121804430659424,1.7421264846982323
8356,0.38946285992754603,1.07408154532547
8357,0.19925291044683002,0.8582925817672571
8358,0.8001631547664424,1.4194245190184853
8359,0.45213373110770255,1.2700844787405634
8360,0.44337069429989634,1.1556974703249971
8361,0.4259728739326927,1.259193109473835
8362,0.5136685516089754,0.9208904390791401
8363,0.6564907074144888,1.182263870740535
8364,0.6087358045383207,1.860166299048419
8365,1.2137336941076011,1.3324432626979292
8366,0.6599292274130218,1.3005464935570332
8367,1.021428091308043,1.1392532353176166
8368,0.4999944527684698,1.0905385062126651
8369,0.2830328026750956,1.4623693272963172
8370,0.6292863221372585,1.6779127139146
8371,0.8880546643712881,1.6076178730633806
8372,0.7155906147352095,1.3949355005190565
8373,0.760572151966534,1.735221883915527
8374,0.3694749300004088,1.3275527925507973
8375,1.1531373725362426,1.3779268852023825
8376,0.4645025937209418,1.6401798433489092
8377,0.26473177527209,1.6954790045782113
8378,0.7991435835116246,1.2079103430697016
8379,0.3195232647155121,1.5432700231793492
8380,0.6262299120534396,1.2341927478858858
8381,0.6104693312345959,1.1727481400225221
8382,0.6459904568699529,1.4580568829787475
8383,0.5339390503543885,1.5033978167314326
8384,0.9011073312419569,0.9202012512098157
8385,0.6721170892132666,1.5219348529433288
8386,0.9663172277171562,0.8426106451644446
8387,0.553347962654386,1.0701697391037102
8388,0.3702500415008869,1.40337429882426
8389,0.45041133226696567,1.3771191767416657
8390,0.4144338984707705,0.8744407684408568
8391,0.27054892986752666,1.2838306875904992
8392,1.0132902443896183,1.2805559968592473
8393,0.5137592616874155,0.8730365509391123
8394,0.9128899209956076,1.3590523040156743
8395,0.4435118426252189,1.5287288515401605
8396,0.3484095273251606,1.2816508816222119
8397,0.3145116171253507,1.7461531965317183
8398,0.3306696838570624,1.3535302186210731
8399,0.47764250189731555,1.443305515406457
8400,0.7406601033404081,1.6416567030237437
8401,0.8462505545165143,1.0454575897339604
8402,0.36543248841250847,1.2959951350550303
8403,1.2291212536130576,0.9254546007686326
8404,0.30768968338172864,0.5444080331840879
8405,0.36168591644579123,1.130070200717586
8406,0.2480919186227428,1.8666555068660522
8407,0.5932598001561652,1.3706248537936392
8408,1.1135950696858046,1.4965215660642985
8409,0.7418019686391337,1.596243031237659
8410,0.49942812121141816,0.8001996602853196
8411,0.9962003474533179,1.3434712565146505
8412,0.6446440178798527,1.467177691342901
8413,0.4534686247993238,1.3305094204027976
8414,0.5255771780381285,1.6132603399867382
8415,0.5132300084792903,1.1608388665267921
8416,0.5590020701387426,1.831111775246169
8417,0.8964842932868912,1.4261255815609672
8418,0.9471683963336874,0.9854097460804403
8419,0.5359298549080873,1.5003297422258148
8420,0.642816722054986,1.774645100313269
8421,0.39399595890731876,1.1891219986555774
8422,0.9326331683164375,1.6726070340454815
8423,0.6178862522105018,1.8340237448305827
8424,0.7586721918033152,1.7607658490811244
8425,0.3391070186289556,1.6215560958501465
8426,0.6673351482474944,1.4428425385215629
8427,0.24388665975292154,1.5263025348244794
8428,0.38824732006790924,1.0643028241456838
8429,0.5184676143010667,0.705580121286572
8430,0.6702703857647382,1.0231492003556757
8431,0.6278916117511272,1.2923358814651262
8432,1.0539888701689806,1.5065464154075312
8433,0.5804146176666868,1.571673351910976
8434,0.6341582428266597,0.9965903201872786
8435,0.952189463403149,1.5599333208369437
8436,0.21175802191508525,0.8362765085075385
8437,0.4772634764218556,1.5619942886461557
8438,0.47376013187607335,1.2055280130630075
8439,0.7428839229940749,1.4016124940891475
8440,0.7905557576829557,1.352292460212
8441,0.9951490370789067,1.4424214370048043
8442,0.7436101587979211,1.4135645808972828
8443,0.6609364643204182,1.109986635855734
8444,0.5970688298734288,1.1202342761771793
8445,0.889918821655746,1.4254121935741406
8446,0.7216878479916409,1.747391018225869
8447,0.5458457660095813,0.7518345631682257
8448,0.5209224920893049,0.8202660719866295
8449,0.25334535380003204,0.6793217236099063
8450,0.9682254436066123,1.2547743337535326
8451,0.5977933282045289,1.3488944572581114
8452,1.4806751821722346,1.6397755196020167
8453,0.44464152015462693,1.4655457270311205
8454,0.8302400920098129,1.3230039636084174
8455,0.9663656587063274,1.6627403472824827
8456,0.6827368217596282,1.0356511661594539
8457,0.9816154054843981,0.8263989505390992
8458,0.46771130839953506,1.1184099532543215
8459,0.5242381546088951,0.9991394637171225
8460,0.5979219752155147,1.32289852482119
8461,0.7460685757172156,1.4746530717915234
8462,0.5702295996009954,1.439007384425802
8463,0.6469453740343308,1.3000512584571648
8464,0.7345237864334686,1.25395321224134
8465,0.6269552098037516,0.6565452915289731
8466,0.32166944603311615,0.8974331376265254
8467,0.5065694570657224,1.071326903725946
8468,0.9047139477770251,1.2588585215119417
8469,0.23423444173178903,1.4593766818303844
8470,0.6200882499600956,1.5498704697515706
8471,0.341494195854218,1.112802655911639
8472,0.8609197995164288,1.3489810636074373
8473,0.836911223068886,1.425385294992931
8474,0.4305863318186743,1.272854247453072
8475,0.27250210206444314,1.572466613900731
8476,0.13305043039635053,1.2060670692405557
8477,0.6399738494715574,0.9407913156048271
8478,1.0763566425359583,1.4501519408072645
8479,0.8288573107905803,1.6342813372781029
8480,0.42867532629438543,1.386945730809879
8481,0.5902016430117236,1.2786222445328725
8482,0.737066295118497,1.5891053198278
8483,0.6836970155840789,1.1386856247390775
8484,1.0222648435120743,1.7259153096440059
8485,0.9494573108526281,0.855904648796677
8486,0.8038604068439914,1.333794940294269
8487,0.37663019744638043,1.4408599466632763
8488,0.6273653649555668,1.5811087968946431
8489,0.9307160157877935,1.5805630098133066
8490,0.3344218700647232,1.455496570764149
8491,0.9992849067403786,1.2676681004667447
8492,0.41714066746683415,1.4682197589770474
8493,0.47145237100759774,0.9277315771902372
8494,0.34745864539905763,1.6541710708762765
8495,0.3137508203708771,1.268102171903757
8496,0.3346813669982133,1.3647279350130797
8497,0.8123786473914629,1.7074864613419827
8498,0.9968186862898649,1.274160064507071
8499,0.9328986847840313,1.6284622812626017
8500,0.565739747994406,1.7548419661519339
8501,1.1148167996523435,1.5814401643200418
8502,0.9435604590808294,1.63303892016233
8503,0.25329121451682024,1.38586782243636
8504,0.6178008638216661,1.3968058395113792
8505,0.7855343199798129,0.9198386040715953
8506,0.37171347772970836,1.6677850164727277
8507,0.9064140801576205,1.5324188758051573
8508,0.49287611937624554,1.3128215647509713
8509,1.1048933375431738,1.2988992481815176
8510,0.366378215744703,1.7515496401386093
8511,0.5231305967544032,1.1073057309614072
8512,0.4524337333256359,1.4213743576586715
8513,0.810086523177054,1.695503425097343
8514,0.4886696837142155,1.216233110345574
8515,0.9961397293749705,1.3367724469832154
8516,0.1979760588199412,1.0554366405810418
8517,1.3340663867233933,1.48066593807625
8518,0.7041924720933255,1.5599135689990131
8519,0.682914631326221,1.2476639426182667
8520,1.2151090080616538,1.8190852579495713
8521,0.6421418479017234,1.597270934729259
8522,0.40838882430153683,1.3737303859860204
8523,0.8653980550581233,0.9828167682732609
8524,0.5491161596286179,1.3817287696105316
8525,0.7120684589713439,1.5500145436110664
8526,0.4633109575200406,1.3290540915168751
8527,0.8405893482994535,1.2374411374631076
8528,0.6788161065818045,1.387055994482365
8529,0.9335945048623229,1.600796986196368
8530,1.0839330616369522,1.1608303432614557
8531,0.46038054012710466,1.6776541424810094
8532,0.7732238312171532,1.526110981175128
8533,0.7492579097592961,1.7813031689728165
8534,1.0432978881413884,0.8025420389753046
8535,0.918030739887616,1.6851382989391501
8536,0.7952304977924762,1.326670168946281
8537,0.6195765742871263,1.4709966858968682
8538,0.39043341598356984,1.2029909727893782
8539,0.28503869154084577,1.5853223562934753
8540,1.0978124876491353,1.074981760601696
8541,1.0819766253648226,1.0659974723529797
8542,0.47776631238819556,1.3544311212739757
8543,0.31432722671273633,0.7880475547756147
8544,0.24700557633189113,1.2674242152404154
8545,0.4154068389387646,1.6034619379354529
8546,0.3229533222028932,1.4133817005482618
8547,0.444505695457021,1.368745466203059
8548,0.551756556565503,1.535861073432513
8549,0.5306798816928733,1.646547653899584
8550,0.7562048136214689,1.3953370790396968
8551,0.45202319810881647,1.0725258901349677
8552,0.5330170928148492,1.355951917393067
8553,0.5074105284005136,1.0211954149581945
8554,0.50825915558985,1.5309769940356908
8555,0.6248867380294281,1.182247605364205
8556,0.4799576756722042,1.3603155671722882
8557,1.0469354618810975,1.537678457864636
8558,0.30696524250561613,1.444053367465365
8559,0.24326660007064804,1.3285157545009643
8560,0.3734936479458409,1.4446528407066754
8561,0.7735724350888689,1.693950676248706
8562,0.7960579549390977,1.1389981129175852
8563,0.9590576188784385,1.201132279608513
8564,0.39997668844498985,1.549854987094999
8565,1.384738254373358,1.5824827434123336
8566,0.5305350658952033,1.355167461615717
8567,1.2440345690532857,1.2589120977359287
8568,0.515027686859719,1.3409582413776246
8569,0.8339906195572417,1.4097706131878942
8570,0.8212548230869132,1.5284132700432
8571,0.6658944842189364,1.575659418821658
8572,0.33933972053944794,1.4864646938604804
8573,0.5615428049995467,1.0217081256693548
8574,0.9542754619306136,1.4261572186011229
8575,0.375717727140535,0.9295444389643321
8576,0.7545163037875174,1.3070800833699336
8577,0.3107390576946112,1.5671752827524756
8578,0.5434994873797101,0.9245286772384953
8579,0.8415150374209601,1.465087658596676
8580,1.045509622139895,1.2333179386559974
8581,0.29397390545533286,1.6531010136262965
8582,0.46303614664455905,1.3314385241350917
8583,0.6220344806377954,1.222911909411693
8584,0.5624771607445527,1.364466260166858
8585,1.0541059892109297,1.3816682424161217
8586,1.0036552229060747,1.2091101659913637
8587,0.8202553798098701,1.027986224731464
8588,0.39267249931552733,1.5822073398991297
8589,0.4373048037214791,1.6073160568458535
8590,0.2279825021369233,1.7228231079271266
8591,1.369074592867562,1.3863328814450848
8592,0.6558658418337061,0.9090246004031959
8593,0.6948352245187277,0.45152358480533383
8594,0.7212257956826882,1.184916433820426
8595,0.8626864913234992,0.9806270597561426
8596,1.0664756600712388,1.4441002485274246
8597,0.5703782153181989,0.7926511395399773
8598,0.9296658519044112,1.1565704922735098
8599,0.6671408846559314,1.5171262055686805
8600,0.37699483306925113,1.5679726380822119
8601,0.6397078600325324,1.2944330312595849
8602,0.5988396166023475,0.9499836792140546
8603,0.8134059195701993,1.4139439776301463
8604,0.48345347178919884,1.670890208036307
8605,0.8438825039837549,1.2062582520625016
8606,0.7719929075403094,1.136030533335375
8607,0.38453369498857176,1.8560047158671285
8608,0.6380062183349616,0.8914874788928466
8609,0.5702834628217367,1.447440357476454
8610,0.8647416765512093,1.0690278099714063
8611,0.8975638706423076,1.6582970571533635
8612,0.9608568146461122,1.5893484387004821
8613,1.0683518245306691,0.9613561165598938
8614,0.37728987057331226,1.1739678429447051
8615,0.526058820135536,0.9032489035029285
8616,0.3999591111567066,1.293959458174718
8617,1.1852305071548075,1.462285069999513
8618,0.5558003436132987,1.8121559594596042
8619,0.5313988335315575,0.9942097711624862
8620,0.6395430787220902,1.3238789816970333
8621,0.8769840301133995,1.2467215517233512
8622,0.7759208786445121,1.5398000528440141
8623,0.7325706939805108,0.9711761417057476
8624,0.7944577997943404,1.2985812188641277
8625,0.7040764275905007,1.413551829402219
8626,1.0052849800748975,1.0195951281750144
8627,0.5928659420624915,1.3844532343362348
8628,0.6191443583917927,1.236660792663122
8629,0.8881802478559429,1.3785630805950704
8630,0.8787962131313838,1.2859218049834948
8631,0.44636214387906564,1.7077205001976987
8632,1.0876985758077238,1.5024262965679984
8633,0.9712786810433259,1.5932727678164829
8634,0.8549108305448084,1.340802809270293
8635,0.5351378663470701,0.5912102064871203
8636,0.5213695395566631,1.4530049846400899
8637,0.6342804435284648,0.95288356078273
8638,0.5921964604864622,1.7132434122844504
8639,0.8319228508515963,1.5514545834886662
8640,0.7727475166457408,1.515187736279611
8641,1.0472257808696162,1.8490679547071662
8642,0.40340403405881436,1.310056561269883
8643,0.747295468745397,1.6501270344009398
8644,0.16581898320153424,0.9159734003569444
8645,0.9588440553870665,1.6513027437354793
8646,0.7715873972026127,1.4331347628715294
8647,0.5625627503205628,1.397159595740657
8648,0.8378669664683531,1.7313415863144643
8649,0.3962135963604258,1.0811082537471677
8650,1.158487684032144,1.5402249546087226
8651,0.7885705839384248,1.2224229864893936
8652,0.6090866538269892,1.6080616799166412
8653,0.8454249522195298,0.9379701392446607
8654,0.28717604271698144,0.863951419902008
8655,0.9301569448581711,1.548032973244874
8656,0.7824957834795765,1.154562419268125
8657,0.6642280590167902,1.4124277133559018
8658,0.8093204364615987,1.355754894096321
8659,0.324808941919581,1.3707142373838075
8660,1.0404580416311504,1.4152520344138182
8661,1.095621185425046,0.8368067101939249
8662,1.0227008826677388,1.905070906657393
8663,0.6304099020933267,1.5834707149332834
8664,0.32264353121080946,1.5036433865493382
8665,0.942730637840866,1.339517061069221
8666,0.29871610529168785,1.6030851474677883
8667,0.7126348513012751,0.9854554452878448
8668,1.033971893709111,1.4037651379500027
8669,0.700990598235407,1.4367742655694458
8670,0.27190838256174554,1.2489962480219772
8671,0.6620486232978808,1.6980628861484082
8672,0.832399671410447,1.6754548834646312
8673,0.7464885205261655,1.2520528643268845
8674,0.8025187231704599,1.4967599053012113
8675,0.29975848992165505,1.1847842046595245
8676,0.6576761773631971,0.9159860497635826
8677,0.6258725969741277,1.376738799637331
8678,0.7936628445243578,1.037194347058933
8679,0.40994979748611265,1.0342974941194387
8680,0.08946733969857398,1.4576799059140815
8681,1.0365781890721408,0.7812800641113702
8682,0.6859650388050165,1.6124728259181191
8683,0.779591233347434,1.2902192909057333
8684,1.143199630492409,1.4608682242302193
8685,0.6866840705174533,1.787988242425126
8686,0.42587406133206546,1.5403330475990402
8687,0.8564788059046528,1.8686214104258618
8688,0.5879026801999004,1.1058014512555059
8689,0.6405150785605915,1.2173125311844124
8690,1.1565659673934618,1.7763190702195417
8691,0.7327340193642138,0.7764732421158884
8692,0.6267954502280317,1.2697269462938714
8693,0.36520821975258094,1.423336991934022
8694,0.382844584097443,1.4851885814809411
8695,1.0312859562888383,1.6241718081122059
8696,0.44276384817486886,1.2948552282881556
8697,0.6833002149804198,1.5836571373607826
8698,0.513725589823744,1.3844533214326749
8699,0.6882365132446258,1.3234610026330542
8700,0.5891625818919689,1.6836485324585202
8701,0.593053318503584,0.7795787116976747
8702,0.19557511696454927,1.1705012458664
8703,0.8012528256221692,1.5199491151474998
8704,1.0744419729155879,1.4053955561256384
8705,0.49489165582472855,1.6764929804241437
8706,0.9071994470603743,1.4566208538224719
8707,0.5735654861312374,1.373856404525866
8708,0.8827351694747362,0.8118722528904814
8709,0.8373814501517066,1.4385122756864392
8710,0.5960451462079129,1.5279220423185063
8711,0.48116570797414554,1.6178329834192644
8712,0.8152298735765064,1.1095015335083196
8713,0.6048628453376564,1.3240829495774329
8714,0.1751749039769519,1.158089232209346
8715,0.17705287441579196,1.3463892438746181
8716,0.3048901019353044,1.1346030483357818
8717,1.2605758520510375,1.1992979643765458
8718,0.6275896198402852,0.9798561922579709
8719,1.3791099631408639,1.244501212494225
8720,0.5683324727210335,1.5714442726563524
8721,0.6549715942985048,0.8023094471525289
8722,0.5014648588763966,1.244609967065172
8723,0.3093599584022154,1.2346890411076679
8724,0.6868145569699207,1.2126464300209945
8725,0.6961855212018108,1.2276317603170486
8726,1.067866249343114,1.6970420131787414
8727,0.8293823601411247,1.0343941400612486
8728,0.8990219990615241,1.4867580413467265
8729,0.1871231746880758,1.7925602833165244
8730,0.7866316278596783,1.286425144118955
8731,0.7353327019899011,0.4630436100438997
8732,0.7462781462459234,1.4831930882003665
8733,1.020210441835106,1.9257261207535334
8734,0.5247644250686065,1.5327032688689008
8735,0.3216569782982077,1.6047951886189311
8736,0.9308262372662244,1.1386393245372521
8737,0.7290764209169434,1.346037127917802
8738,0.6497762019839489,0.9234333351308144
8739,0.6572169839190618,1.2561777225349062
8740,0.37329535402313757,1.4808487940248305
8741,0.9152838409372407,0.7347644432207017
8742,0.8240248130758168,1.0148441593918056
8743,0.36440072639590465,1.1807944081340387
8744,0.7357694288114147,1.155145236230788
8745,0.7548658301853152,1.241721705492714
8746,0.541541277994863,1.434232360350723
8747,0.5129184115636088,1.7473912746640252
8748,0.8404246919408382,0.8854404905928612
8749,0.623501172648599,1.010896408040733
8750,0.6986499017749928,1.0379240988351528
8751,0.5968090388313627,1.1714330748150106
8752,0.46523697090321975,1.385230299611163
8753,0.3605972412013826,1.2492626844304504
8754,0.5686289348650833,1.237560272257648
8755,0.5601433050885611,1.0631508108298284
8756,0.37997736715692115,0.8523217233818905
8757,1.139078684769528,1.711976655200858
8758,0.7650623770660383,1.1315071307270017
8759,0.6572635418937771,1.3840824439058768
8760,0.5700126695006634,1.510443008149427
8761,0.8686923378622365,1.121138379806488
8762,0.7916045896738613,1.4624773444154338
8763,0.9202776311785922,1.3964242732176462
8764,0.9177359685359441,1.4344802033314283
8765,0.3941556098189002,1.4163826145356468
8766,0.33831816703622347,1.428666523625341
8767,0.6812593038692807,1.6904096867757288
8768,0.9964366229615075,0.9206535221844971
8769,0.7120754928545951,1.6017897204429787
8770,0.8894557607618355,1.9018384605152072
8771,1.3067391971712572,1.15284615913937
8772,0.37666613971318713,1.533000460389918
8773,0.38288212510102093,1.3911011821500479
8774,0.2532856621536651,1.529195159910202
8775,0.4953505073016318,1.0973442387811012
8776,0.4340734914182844,1.0273916858710899
8777,0.8231756364371937,1.5295264304764686
8778,0.6962795107774716,1.3520229156645653
8779,0.7254375335803404,0.7764179555222026
8780,0.7747137644494522,1.7465010893596848
8781,0.4599931122212687,1.586241255902042
8782,0.25869031482441135,1.4200488102498188
8783,0.45163728392123936,1.5352137594598858
8784,0.6554427517557576,1.3571600691944643
8785,0.7865923427738627,1.2565492687939677
8786,0.6177486434190582,0.906931643695555
8787,0.5561512634273383,0.6233188217752945
8788,0.39855716957777243,1.5998067646559333
8789,1.2407755347657377,0.9486366786954414
8790,0.81141017501442,1.749308603608824
8791,0.33642238388651213,1.2138014278913634
8792,0.8779197028079628,1.0938757132692625
8793,0.8749622239321914,1.6953239516371874
8794,0.280065818978052,1.6754296853948618
8795,0.5351049871180108,1.4960845927214894
8796,0.9356387027948738,0.9983182647827107
8797,0.40328821566379564,1.5003030436015685
8798,0.6437782927250624,1.467022202044773
8799,0.7129306554995983,1.6979270283616539
8800,0.8501315767879456,1.171451964268909
8801,0.3961286590400713,1.586429848521218
8802,0.37767410308490695,1.13280007955189
8803,0.7696513254836106,1.4322215005061516
8804,0.5706179818948666,1.3891840759891543
8805,0.43574071364676903,1.3410344824329121
8806,0.2983724882782067,1.2630512948834385
8807,0.9157614275703782,1.2515653604164805
8808,0.8366993338749478,1.6528232735017743
8809,1.078040636703665,1.7599226946850837
8810,0.928780034322123,1.6495733405426063
8811,0.3548091021022817,1.346360707519493
8812,0.7738610269573569,1.3430548198631564
8813,0.8827455805411115,1.290736105576615
8814,0.6012457550242605,1.4255334837951539
8815,0.7955478359365069,1.2323941285670799
8816,0.6781163311914271,1.0109844167268343
8817,0.5107023661272244,0.8430030880893071
8818,0.8905130529121587,1.5965503051185648
8819,0.67177636766768,1.7865820997550923
8820,0.6685141493670042,1.0851879281635848
8821,0.189371151775814,1.554387098797531
8822,0.7216031893212974,1.692152197202911
8823,1.035797892484079,1.6541632413002885
8824,0.9433791312672694,1.2549901817361415
8825,0.7141263419056145,1.7838156915584211
8826,0.837753945770105,1.226283135452305
8827,0.9214399967526374,1.5206537712576544
8828,0.4356521726933866,1.4040025972391412
8829,0.358943256979985,1.4099790070393525
8830,0.3201526509532356,1.2210832872648214
8831,0.690889674144675,1.925404884369852
8832,0.4446204949909825,1.082600239004587
8833,0.6886405435397238,1.8388786329776465
8834,0.13124959885078574,1.2834034470299704
8835,1.0713221260357408,1.2690092779899413
8836,0.49589459606954184,1.4781193710340097
8837,1.078833344488337,1.4717025381682094
8838,0.7785431844809496,1.125994232514107
8839,1.024000056999356,1.1958103104393656
8840,0.5777073908547822,1.4423452685456042
8841,0.7560132430819162,0.8472193226806537
8842,0.20129003606098658,1.1334897267378192
8843,0.9079759161106705,1.6291944319922238
8844,0.5334890706738581,0.7511588374965525
8845,0.6153548155106258,1.484128216834168
8846,0.8079670708344886,1.1466350866577462
8847,0.7328678205454637,1.307388907517886
8848,0.5545646808807143,1.2087636649832783
8849,0.7450573996694074,1.1606522482974926
8850,0.1442004818716139,1.4476645140418387
8851,0.3816407352496253,1.2236090663528716
8852,0.6275558892387961,1.5510603383381483
8853,0.9471505400291439,1.4304504985363953
8854,0.3924050156084122,1.2834152315310563
8855,0.8920448023011555,1.0673193465235653
8856,0.1787615210014892,1.4712629580592909
8857,0.2224096504935758,1.7802593307852994
8858,0.9564125778059763,1.0893581464585878
8859,1.2537291594642863,1.1742307108874632
8860,0.545891467538239,1.3832276134189316
8861,0.3652431391162233,1.1781453176749024
8862,0.6823731529884731,1.6105834388847018
8863,0.5046497933638825,1.8232000317013097
8864,0.5364637809131921,1.2979533506508454
8865,0.5593057517177238,0.7474776444625619
8866,0.3614410683958133,1.2207515003216125
8867,0.588609364719118,1.2001626820359639
8868,0.5239808290636916,1.3136513889149248
8869,1.0811881220349324,1.2142693949128138
8870,1.0850895691219866,1.019964451831997
8871,0.2697622746036669,1.3499550013045587
8872,0.8038125486542863,1.7011074705280278
8873,0.7833220454123372,1.44368149912827
8874,0.9831615064951963,1.6663021232025352
8875,0.9599850831372755,1.2518672955530663
8876,0.8301710682846603,1.3112740940639198
8877,0.32137775302958943,1.1822333841850912
8878,0.8435202030039722,1.6168889042388845
8879,0.3101691037620402,1.1289652412506102
8880,0.5988102511675587,1.1017717467607309
8881,0.6006423756692253,1.2912172643758348
8882,0.413406659883764,1.3798009727474505
8883,0.44352940996297097,1.4018687609954583
8884,0.4430875648932096,1.1395524866462994
8885,0.1678192998568593,1.461414198690497
8886,0.9036679934750529,1.5472645687829112
8887,0.2549626368563704,1.3326513056423894
8888,0.7660285139999966,1.1897692020683428
8889,0.5155831128480668,1.4714889213818956
8890,0.6353609357065445,1.4276599900832259
8891,1.217383094360398,1.295963772684465
8892,0.46082514228320864,0.749456914274016
8893,0.29227698298576393,1.129357805849821
8894,0.09193470194750665,1.1032324441164034
8895,0.5977678387839671,1.3328471605969416
8896,0.3120118934010834,1.2406323682793827
8897,0.19209104636485005,1.3502509935256612
8898,0.17532715854459502,1.3577417600057613
8899,0.6656532883286733,1.6992208873869061
8900,0.5837294305284569,1.1438287884760747
8901,0.5186086365664354,1.4296112066137234
8902,0.5444632592705231,0.7276012423057765
8903,0.44903150854819845,1.5572400562741147
8904,0.8407383137459314,1.388652475839543
8905,0.5423003822757032,1.350087744484148
8906,0.6484418769495782,1.6281221816119742
8907,0.3874969099435434,1.7155778643101744
8908,0.8873863833690169,1.3674904520770519
8909,0.6702213622891551,1.1830281242819463
8910,0.16246052022631233,1.1756696521924686
8911,0.18237556486295706,1.1588707079901353
8912,0.4030700407657264,1.5116307280801071
8913,1.2037942512686843,1.216612787552934
8914,0.3433495079650192,1.640774323122814
8915,0.8755562869589911,1.5078489779758804
8916,1.234358940253648,1.272820887800165
8917,1.1453657271549236,1.0310946435550559
8918,0.6527052950449795,1.4513339752682066
8919,0.7852363723293894,1.343533311388958
8920,0.45379648465294736,1.5214230024238071
8921,0.5224807021957472,1.8197449000024104
8922,0.9047770443563863,0.6302865601307597
8923,0.6189236563450493,1.5044627084019855
8924,0.5096248487537448,1.3213012112742835
8925,0.28422208554618533,1.2361160829105287
8926,0.5357686491537046,1.4695829851260216
8927,0.792148168687182,1.2934714158684502
8928,0.8338404147776178,1.0832845686721746
8929,0.43777881806318536,1.5024937654959032
8930,0.6660555093506243,1.4065765866327773
8931,0.8692523269586921,1.4281114812397768
8932,0.43815176635152814,1.5500007227593704
8933,0.8298995740004955,1.4629655281694753
8934,0.5611794558387772,1.3700539979087043
8935,0.7685795552004095,1.3078367932600385
8936,0.39785723023243796,1.093829247095334
8937,0.8658929239454797,1.4026765121609468
8938,0.71518922266421,1.2771832290683136
8939,0.3079730097313113,1.5148269601648234
8940,0.5635242161588379,0.7634380441003312
8941,1.0031294347074282,0.8620603385335637
8942,0.2634412076493849,1.0298020933066345
8943,0.17404363713909954,1.67038211834836
8944,0.5377407105257161,0.8639689503531847
8945,0.8137342156492059,0.8675344768432707
8946,0.5954042147295389,1.5401218922287823
8947,0.4151647243609954,1.50152760154052
8948,0.6765218632936002,1.4544245820544153
8949,0.7038028745042859,0.9186892309090269
8950,0.9611855344399367,1.308571428098365
8951,0.39261587762192196,1.2207559494143212
8952,0.9260194618341322,1.0665849838180388
8953,0.5958372315238889,1.3973006593841641
8954,0.7341203380268667,1.3535523912802545
8955,0.6652480761246488,1.4833064781991796
8956,0.2850052060706267,1.3953776112535567
8957,0.5920485558668424,0.8744780488078487
8958,0.999900186086486,1.4245704298627562
8959,1.0774337399125746,1.8851107187213771
8960,0.2724390631870116,1.1214523028346683
8961,0.48803337200751823,1.4489723070177647
8962,0.15868877600148024,1.564954611651975
8963,0.5914289945345179,1.6103879279373439
8964,0.5939110266361913,1.180065201365962
8965,0.23289481254615735,1.1677820538560009
8966,0.6160864832767033,0.5828447952875986
8967,0.797718923591531,1.5767235157755464
8968,0.8028088835000899,1.4702976264230463
8969,0.12081142267029765,1.66120924359431
8970,0.979517158719991,1.647482896803804
8971,0.17765471375609876,1.383319034350758
8972,0.4616256763180828,1.2144390387956343
8973,0.5304524848420706,0.8309887274829388
8974,0.3752311891312282,1.2687648472141464
8975,0.6783871156238415,1.857573934267244
8976,0.48112514313821075,1.5194241010112999
8977,0.797245333260794,1.4877200948003844
8978,0.7667821275775547,1.3511431937419878
8979,0.6898214337064439,1.7519357356558183
8980,0.5001433795354944,1.7470625890552658
8981,0.7211695423352297,1.073774513169416
8982,0.9133339127502279,1.3748827328728743
8983,0.43371284879593885,1.4494533958889844
8984,0.6349154747033003,0.80607095289229
8985,0.16538889222112108,1.21053467596126
8986,0.6851532149891794,1.229291531724141
8987,0.38808678542266184,1.2429835157512552
8988,0.2373555128458189,0.6321702192145999
8989,0.8055651786813621,1.4451614352251396
8990,1.3180532791120858,1.0421989279862056
8991,0.6131210491507265,1.2162777547251964
8992,0.6113310251538719,1.3081325792956362
8993,0.3234187199571502,1.7323899706653814
8994,0.7422788487105909,1.1269826856105998
8995,0.6583799566681677,1.7710904932054532
8996,0.8350468124856243,1.4405968899337718
8997,0.8743445025248162,1.2652657050141156
8998,0.639410100770413,1.0791373177681298
8999,1.1727577434908145,1.4864321493795485
9000,0.8677950177836763,1.1212058531820372
9001,0.860225755455935,1.205793246075571
9002,0.3749744090167728,1.3878842231952104
9003,0.8520102242489137,1.5810640420354753
9004,0.5458592283074101,1.2842545165339965
9005,0.8643565401561317,1.3836762909311613
9006,1.3033881195838741,1.2768454380136922
9007,0.34729298497523176,0.8860747153964299
9008,0.758585053978346,1.6187962159469342
9009,0.8779878407929566,1.3932723429383858
9010,1.4345145953326495,1.6032133655103955
9011,0.9685960560488187,1.3881888902160253
9012,0.769748533289867,1.9060482537480399
9013,0.952434879577041,1.3653304147937013
9014,0.05344491240205436,1.4237232262174873
9015,0.7631561189538251,1.7197251786296206
9016,0.30246651773069866,1.477358208106955
9017,0.6064624158877608,1.5293631967086938
9018,0.8852797710456911,1.1062981660335944
9019,0.7739148498185764,1.16189129763112
9020,0.6862686605960691,1.319577101294366
9021,0.9250563988582666,1.0856818829861918
9022,0.909922282847511,1.143238194734408
9023,0.5207398767731145,1.505186428156673
9024,0.2942576973557866,1.2947649684411968
9025,0.5158266357127865,1.704572064867189
9026,1.0949230251359678,1.3459267073970866
9027,0.5785113281759686,1.4279847804402612
9028,0.35580069449475094,1.4265426931191603
9029,0.9582089158610343,1.2485318821209108
9030,0.7670695018458672,1.0508646805313693
9031,0.4709304089333873,1.2934501207225142
9032,0.6165090254083134,1.5327852088298313
9033,0.5086610632427805,1.4678043594282342
9034,0.9237420391751339,0.8810207382669737
9035,0.7856551866412872,1.1586107712934515
9036,0.8700567613977892,1.2081356170722706
9037,0.7322429356447897,1.4675901665747784
9038,0.7838644989168443,1.000845463112829
9039,0.30154205343087903,1.0986561677199096
9040,0.3263017416653978,0.942262485502313
9041,0.8928254423555663,1.2635369626351487
9042,0.8692898104834685,0.9882225679243937
9043,0.9340253028775215,0.7317196191820583
9044,1.340711485588022,1.400534571521578
9045,0.6688984074790963,1.2258938074073082
9046,0.6407649667732062,1.5902158500661911
9047,1.0127672467451927,0.8926735655265778
9048,0.6184007372209316,1.306521480532501
9049,0.7262400886706566,1.69950916299519
9050,0.554750551385691,1.6944156835259796
9051,0.739552292457631,1.707998513018036
9052,0.29031271389275987,1.5571422583906855
9053,0.6977972550691399,1.6487483015776356
9054,0.360187460514239,1.6371317662676017
9055,0.44453225651361794,1.224774424200616
9056,0.8818162031404995,1.1491925613320886
9057,1.1810528703242889,1.3481400623720932
9058,0.5248536766595113,1.6616764270179862
9059,0.6474904871946725,1.4139923676039972
9060,0.5416100610154098,1.6320600668961673
9061,0.4054873030705714,1.0280263456653072
9062,0.5286036435017681,1.5315249990644784
9063,0.7678183160716724,1.262036119599316
9064,0.6955098621290343,1.1910174574413546
9065,0.6406246985479882,1.6105692732798507
9066,0.8320752250680616,1.6785635522789093
9067,0.31042994715633615,1.2668882101687247
9068,0.3328330091423764,1.088502254039483
9069,0.5035034000507987,1.6123233315598062
9070,0.6689530662265067,1.7307681787539066
9071,0.8731746485717681,0.8569105943215536
9072,0.487639772032576,1.2810066339745254
9073,0.3892200512798379,1.8562752543860777
9074,0.4571689451937055,1.4080808690498925
9075,0.5240009246418179,1.7211037542607346
9076,1.185339681609947,1.4122296407862063
9077,0.7425128534143101,1.5929750270270229
9078,0.40455310540539674,0.9006717479182229
9079,1.009228996646966,0.9914254785891004
9080,0.1683931798096489,1.3264621109880523
9081,0.771855403669902,1.232025547468528
9082,1.1276661669786847,1.5154943258197373
9083,0.5664014523864167,0.8865039878081602
9084,0.7008865441407766,1.0118856502246851
9085,0.37875275298470856,1.2314862128540551
9086,0.9810834775896813,1.514658000045697
9087,1.2250468616048147,0.9423767561840846
9088,0.8840753400301209,1.753404520508323
9089,0.6406405870642291,0.7597846046585222
9090,0.7290451427233655,1.4797145921030268
9091,0.4953996360718804,1.4593802435428314
9092,0.5287380985998275,1.7165271098230388
9093,0.48195800353665186,1.4118231011837639
9094,0.9411816509641099,1.302435826224584
9095,0.789835877257013,0.5571986901865198
9096,0.74776538930517,1.2889830469723025
9097,0.8249816367039605,1.0187169708693053
9098,0.734537993591589,0.7812162564426333
9099,0.7674352198430763,1.754702946921115
9100,1.013018228670311,1.3480400348254367
9101,0.6892566091381558,0.3749485385458111
9102,0.7105451723332589,1.0083456771693922
9103,1.0116873653407026,1.8094376428652008
9104,0.4981877195422917,1.454366588095659
9105,0.5739252377435117,0.7627822598470642
9106,0.47150892218374546,1.5231774432767273
9107,0.502117390450077,0.9655347456664316
9108,1.060946900255755,1.0544549175941271
9109,0.697908679707105,0.6427943999732761
9110,0.9202662635310699,1.4038213886540438
9111,0.15911122635458375,1.5794160324761704
9112,0.8461640887483841,1.3603868306970046
9113,0.6432136320067373,1.537094586087215
9114,1.1600513905707395,1.111802179570645
9115,0.6668462985627327,1.1966292902228355
9116,1.1423147449016633,0.9912295836866933
9117,0.27189623864949164,1.492606369682383
9118,0.9344952900749219,1.0916418260632588
9119,0.5938554066560606,1.8597071884258387
9120,0.9866987516095481,1.456655142040992
9121,0.7752063582879994,1.6277424758136594
9122,1.0323097945141966,1.2572342196001718
9123,0.4816151168999239,1.3485140234306376
9124,1.127858215136481,1.0502030288422488
9125,0.8779867267880107,1.6383300095983553
9126,0.3282785970126139,1.614623246513067
9127,0.8499661183588811,1.3800005884343074
9128,0.964206778533706,1.301044167463918
9129,0.7213049338721921,1.4103646071143319
9130,0.563613412557555,1.5318956640164014
9131,0.8181060395414113,1.3304356773322226
9132,0.8729151371407121,0.6316092801967779
9133,0.4063443271622156,1.6473077992866443
9134,0.5286481442810568,1.498914861309061
9135,0.2213408191343574,1.3331360797276592
9136,0.2004461037089404,1.6589386748977382
9137,0.1658991985298084,1.3560891450992454
9138,0.4833367979286269,0.3915789694181897
9139,0.8624482573103518,1.4537387796614971
9140,0.6969393077913348,1.2889425857164372
9141,0.5336351082112606,1.1005618842385771
9142,0.38222152647251034,1.4136381774386708
9143,0.48190539337282196,1.3734327908914903
9144,0.668743092829546,1.2156981726333407
9145,0.9346749390666413,1.2645253950172135
9146,0.5463042655056634,1.0013765837596176
9147,0.5966685362768109,1.3500478857101332
9148,0.6600719085539838,1.1512645107203396
9149,0.9442578318264022,1.0819607042767179
9150,0.4850684399953219,1.6451639619987222
9151,0.9076007420478689,1.2578871873719975
9152,0.2902125696845775,1.2722279911858472
9153,0.3644808066857803,0.736575985937546
9154,0.8295983878150598,1.2523637485437018
9155,0.9387504194957478,1.0237393336280938
9156,0.7016977659480873,1.443014637439292
9157,0.40885096884794847,1.1467873836201694
9158,0.5540761622013675,1.2997430463026842
9159,0.5909416796610211,1.4101803952708232
9160,0.716879826123362,1.7304113196738662
9161,0.5949606909699857,0.968895624237551
9162,0.4634635458811318,1.796484550879749
9163,0.537035588532695,1.8548216596783644
9164,0.9105309932148742,1.0382291076958259
9165,0.3081544413175008,1.9173515444938876
9166,1.115146822088075,1.7110650681337944
9167,0.7365266623534129,1.2861285037961374
9168,0.45896017692727986,1.4640583189667433
9169,0.43476903622577306,1.7751808465409764
9170,0.5383540482265917,1.6334406509078385
9171,1.1133532897296274,1.5321460783416807
9172,0.35024208985598937,1.2092917941331174
9173,0.9055689707788978,1.7972886641476256
9174,0.9786025951354758,1.345554457467721
9175,0.7641108204651488,1.2590346975010474
9176,0.5694855147497725,1.2802678908300271
9177,0.6285303465167059,1.5820536199797786
9178,0.5112691111227214,1.681606739565731
9179,0.8160084796015825,1.3751267790762634
9180,0.4939014131465996,0.9841321207675582
9181,1.4390879889667911,1.7249290155058716
9182,1.0121819584555771,1.0410512640142395
9183,0.4950174690180856,1.5669024666633735
9184,0.4398646153198916,1.6018558540267258
9185,0.7003433029686309,1.261643462000975
9186,0.9187882709354447,1.7553711669560719
9187,0.4609993429654162,1.4934231880686897
9188,0.4176569445992265,1.896557110979527
9189,0.5100218109243891,1.6450363178449297
9190,0.5981911943605434,1.1409152564941447
9191,0.6497112889454989,1.223203940214956
9192,0.7313687988715859,1.624969542482931
9193,0.39018515209005206,1.2892069610459185
9194,0.37257097054592725,1.1891946459344136
9195,0.688074310840857,1.2601936700975445
9196,0.9958757581623378,1.659785224854391
9197,0.2667654964340056,1.4855988850337756
9198,0.6657247021303603,1.4417985599320247
9199,0.6448777706605894,1.2620375231925862
9200,0.7216937871946398,1.1987722547637156
9201,0.869215834368796,1.4277274981546824
9202,0.7799385921001326,1.0409339507917603
9203,0.5643305346665021,0.6826004180126464
9204,0.3148183488412792,1.3327859989726996
9205,0.6202422078838474,0.9059093186769267
9206,0.5703779746407711,1.3110736024328893
9207,0.7085380803769431,1.5854994052337437
9208,0.6863930949768826,1.0626221830126605
9209,0.8905507792066994,0.9044476693979677
9210,0.289427780063716,1.3361389222170184
9211,0.2979906929121044,1.5838871330078654
9212,0.6532593846551977,1.5760446655998983
9213,0.4953916104299555,1.6652956964331505
9214,0.38720450312754545,1.2197977697694853
9215,0.6057973535862967,1.34240178473608
9216,0.6806751806551065,1.6096795253254046
9217,0.9612759403975141,1.3729597094718797
9218,0.8384283440994005,0.9848132139038066
9219,0.38394305554622976,1.2936845649647326
9220,0.2791976004092236,0.7046557480475328
9221,0.2653676107966798,1.468008658747483
9222,0.6811606651377818,1.3971134189443237
9223,0.35063826225532085,1.5551941618556442
9224,1.0348333955324955,1.469107803861986
9225,0.8747806314257137,1.2478893494795318
9226,0.4166106487112117,0.870239843096474
9227,0.4638548113665209,1.4733381624226005
9228,0.7277557471760574,1.153637595071904
9229,0.9442324055711894,1.5718047427494763
9230,0.43508088075581497,0.4424406815087052
9231,0.9075975812826994,1.2168126046560772
9232,0.300424992667323,1.641237317880855
9233,0.3826422015880269,1.5031235624937407
9234,0.4898967420102246,1.3774349412274902
9235,0.5485476528998914,0.9644514179087276
9236,0.6721408364360172,1.5450291855183445
9237,0.024032045214521097,1.8963258713409379
9238,1.4010637335801441,1.645150486854603
9239,0.47915218345163674,1.1565266082413777
9240,0.6615179459500425,1.1802650547589777
9241,0.649642135756085,1.3277299066485413
9242,0.4007413790252369,1.2791529654555267
9243,0.6257015091613043,1.3568491559175198
9244,0.5869456960393333,1.541043164946784
9245,0.8716249701438908,1.5414599902053698
9246,0.7765943233322581,1.3928602467699625
9247,0.45332033390708254,1.4819910898880968
9248,0.8462039479510247,1.2332427487108637
9249,0.5269847321813188,1.4666963978221363
9250,0.5745048878212164,1.8511801543839168
9251,0.8260957844542305,1.1834419084873593
9252,0.532225683835673,1.468063604426777
9253,0.8470991416593677,1.1797688347172106
9254,0.984570203387048,1.3678342619046466
9255,0.5694234700812227,1.7988961275446618
9256,0.3017609877959973,1.634041721212638
9257,0.13936068961029285,1.4432747569063409
9258,0.5672237404272874,1.6722733633975597
9259,0.26337238520364137,1.1840699136129063
9260,0.4822964266866219,1.161903005988723
9261,0.6722451407414564,1.5856910663995898
9262,0.4846923820774035,1.854504334287625
9263,0.6434344552011058,1.7098350411129082
9264,0.35553311393541365,1.4345724873542867
9265,0.19274937997582528,1.3279196725682294
9266,0.9000292300704172,1.670295995009972
9267,0.5625577888284885,1.0189179514302193
9268,1.0590912225156093,1.1997556888188754
9269,0.4256242887599722,1.2421869052282084
9270,0.8975581909682829,1.0308344802498839
9271,0.4112365558461938,1.5397878720558063
9272,0.8464800547268394,1.4159735511931664
9273,0.540276815439086,1.6609777418263503
9274,0.846468116608969,1.822899788221998
9275,0.7959668787936316,1.575489698212416
9276,0.47677948894368,1.1079099382372302
9277,0.9567762289959046,1.4062831188120657
9278,0.8205595089684257,1.3196897281089717
9279,0.7145465474767063,1.5224774453016965
9280,0.8090391002697108,1.0874442488829454
9281,0.5494297818294237,1.5030627897079163
9282,1.03878685576982,1.281910548482192
9283,0.43417338889297175,1.71725967137807
9284,0.6370075217362439,1.3083374995690684
9285,0.6245106507772268,0.9171644714477345
9286,0.49843434652881397,1.4028920849651685
9287,0.4357164934371979,0.9407945676344278
9288,0.6652309570920374,1.4562263191870675
9289,0.2624788383951767,1.229735970562663
9290,0.8449408379880184,1.6814133416792933
9291,0.5127546614045702,0.9933636379999295
9292,0.7482786688539598,1.3144679594983648
9293,0.7884711593901762,1.0116568805500918
9294,0.882431463260981,1.6025312199617714
9295,0.652382481199316,1.347643395887311
9296,0.5731434799584508,1.3837884043589601
9297,0.6641415809416917,1.4066683067797026
9298,0.2541601775725319,1.0168582911334758
9299,0.890471872166783,1.1577712605398782
9300,0.377421567138087,1.0552799082620834
9301,0.7981342677744956,1.0188985127564218
9302,0.6294695205276781,1.238196465622358
9303,0.4029558426114789,1.2542280287345384
9304,0.4268239664084703,1.407567359572992
9305,0.6657479388933072,1.3709068313516295
9306,0.47273631789787346,1.3941992931721303
9307,0.5190786964826914,1.7273227330755896
9308,0.46998769276838104,1.2432226724086661
9309,0.6404886703638005,1.6822831921799364
9310,0.6507674075036465,1.0419362974028537
9311,0.5675236605922221,1.7179510097771713
9312,0.5531245364043699,1.1539893261288625
9313,0.8173599041195415,1.4481429066298928
9314,1.0184970126722903,0.6261131889175886
9315,0.7069104133703829,1.0503058867095705
9316,1.1363155357715866,1.4150751054959492
9317,0.5879887394743561,1.3061211350839985
9318,0.28638140765198816,1.558162497906482
9319,0.378839406191736,1.496708900664608
9320,0.4802587441018415,0.8489834181041622
9321,0.7514087749941276,1.539954282551598
9322,0.7882527722914711,1.6418003175193348
9323,0.4789101271382865,1.09708700691056
9324,1.289714128367597,0.8249662692474549
9325,0.8228732437518934,0.9029113396890069
9326,0.7962844485874555,1.252618057660078
9327,0.6510112084342615,1.2916009750524218
9328,0.43990087174225273,1.3208519456973808
9329,0.6732455476481073,1.6646509174568038
9330,0.5208479696793171,1.230693533101313
9331,0.11453256264803191,0.7393759591347131
9332,0.8568938351084165,1.6313964819723048
9333,0.7232228874573002,1.466845275374295
9334,0.37086455646509336,1.433116712805206
9335,0.3780608093585726,1.2824687773984995
9336,1.1860070384228838,1.476584141464288
9337,0.8118443258276054,1.2491292854963318
9338,0.49330928755607906,1.5036129163845011
9339,1.2099096308095143,1.2631166670290557
9340,0.6416368034932941,1.420519848287951
9341,0.4825369764937909,1.4700444053370711
9342,0.7413374861859208,1.2726285762060618
9343,0.5443176553590491,1.647903746593309
9344,0.458699941755994,1.00947722199908
9345,0.8757179318798372,1.4375447559174146
9346,1.2073932106466667,0.8226097481341399
9347,0.8624744413940734,1.5631432275710946
9348,0.8335226991367457,1.4502049722504422
9349,0.8451632764892121,0.8111133710795817
9350,0.6278671538824482,1.6430644503551952
9351,0.6410769253123789,0.9158141650127225
9352,0.6415551462271339,1.3533081931042261
9353,0.15641507440200542,1.2073912595617926
9354,0.14761574473357003,1.0248693799544344
9355,0.4745443716704593,1.6401268996887406
9356,0.8920985215977826,1.5153297381378237
9357,0.6402172958559131,1.1646224506455898
9358,0.3149699154628555,1.2884052172452214
9359,0.3079342552789891,1.5101896544640654
9360,0.5552940247917971,1.349378661277387
9361,0.5080298452832358,1.4741925521509232
9362,0.7428816898985312,1.3084603140194089
9363,0.6325617748766583,1.5598196747906752
9364,0.5448768420585937,1.42718221314361
9365,0.4007290976655326,1.340690730278287
9366,0.4797996699311103,1.4786580471427881
9367,0.7362446403105654,1.021128025671089
9368,0.719824944270529,1.325314796621094
9369,0.25475052558302447,0.48158757909332395
9370,0.3889132385574138,1.2180087533353579
9371,0.36277203358910776,1.3516800142675995
9372,1.043261146131376,1.365394869818854
9373,0.9223893481988232,1.4400098189569854
9374,0.7508565903945292,0.9741385542948158
9375,1.0475145337212877,1.3130835951837767
9376,0.3589219577794817,1.0080372117883827
9377,0.7442329201015737,1.5333538892015537
9378,1.100558443353081,0.43975435694002485
9379,0.3872788121286625,1.3715601296294597
9380,0.3338435423827414,0.8493669706234288
9381,0.7835469306156633,1.2452556139702413
9382,0.33165691290588917,1.0255871192933042
9383,0.8333850780572821,1.1369800306517366
9384,0.2515443158816551,1.8681306356591891
9385,0.5931265881167211,1.0566945570030364
9386,0.7956950489736104,1.4066831444188708
9387,0.6814426268145385,1.3441232768944262
9388,0.6384213417900009,1.2702830276698158
9389,0.5536760612738338,1.397902577354659
9390,0.4184113630529973,1.7631805449314915
9391,0.31171621812988065,1.154396475597833
9392,0.814663972192421,1.551877151023026
9393,1.0136210326334651,1.2583652897250976
9394,0.9018038881734389,1.4686273635797331
9395,0.4859726160678333,1.0538546556105755
9396,0.9674431583351708,1.4857182340041142
9397,0.9809078005822558,1.1142971884572814
9398,1.0516618459027665,1.6156246705700958
9399,0.7477195324855382,1.5050380050928183
9400,0.8686671847719141,1.4544268664273163
9401,1.024785433494488,1.371839289947025
9402,0.25352436226995956,1.321528534008308
9403,0.6950353176356608,1.5084954243658353
9404,0.6246783807998795,1.5510265026083423
9405,0.41394516775774925,1.4127443809773763
9406,0.543148158397081,1.6528527567417655
9407,0.8651114677613897,0.7333979123352345
9408,0.13898706054986645,1.3631118104937374
9409,0.3013807923281783,1.5825804622025865
9410,0.8646615920840068,1.3766491979115631
9411,0.4227732604714651,1.4012738602243076
9412,0.6279336984798288,0.9239915164867976
9413,0.47495184631188975,1.6666261202209016
9414,0.5726520334725911,1.232927050066006
9415,1.01260329061922,0.9906237771750837
9416,0.8792494349563378,1.5714318351341925
9417,0.6163180390817903,1.1652999450528143
9418,1.1443326916340786,1.0180634648566944
9419,0.917049589114471,1.6007809241068167
9420,0.6676883839312192,0.8666084587440388
9421,0.34465059615446475,1.4776563998570795
9422,0.6061389549185028,1.5758728500802583
9423,1.4239127056853214,1.4934106237726936
9424,0.7049667408734647,1.2194687588331186
9425,0.3001435647018766,1.5735102527742844
9426,1.1296089069940904,1.4573258158434672
9427,0.5117341191237246,1.27248515403762
9428,0.9400437417440414,1.2557947896944197
9429,0.5946937456777854,1.3391103235141872
9430,0.5412810252977682,1.2874564126848322
9431,0.9860669475408033,0.7289072367550908
9432,1.0523521104816889,1.3951096990569947
9433,0.5081321120992046,1.3536004483300996
9434,0.5924609606396563,1.6759177230644484
9435,0.6007916665914679,1.2211070400747914
9436,0.411238442085503,1.3912312347321412
9437,0.3542402398844929,0.962399126144615
9438,0.5450772260842504,1.093217923238417
9439,0.7862944599446903,1.6013672116681081
9440,0.868633744592036,1.2737846098078338
9441,0.7805458898870753,1.4249352557919013
9442,0.210337799657786,0.6323103018120737
9443,0.6404983501538158,1.6332669941435531
9444,0.7639605846627352,1.5685656277222648
9445,0.4070933926248845,1.218849086689104
9446,0.5347012012989866,1.1552854025802213
9447,1.3450206938221074,1.089888307797248
9448,0.5095407244377593,1.5446944437664472
9449,0.4032344399731092,1.7397084586901816
9450,0.7384452893379475,1.3929365518019008
9451,0.6021704712692025,1.648522230945475
9452,0.7628051000593136,1.3894808292847145
9453,0.7952864034383857,1.4517999691830707
9454,0.7203125106546517,1.3736632690591497
9455,0.8315636378085296,1.0556009216210995
9456,0.4955450672581707,1.2715621684674665
9457,0.3583020032339653,1.1464010083047644
9458,0.5138880545407128,1.864473552181558
9459,0.2854994002231768,1.6116926583095108
9460,0.5931501621709473,1.3220803108088384
9461,0.9721843044911915,0.9477895528702351
9462,0.904524170065266,1.4715474645427888
9463,0.7785774558764618,1.610260212426626
9464,0.8492115060042937,1.4193610025412378
9465,0.8455103200099525,1.5147852416292278
9466,1.1782862950601076,1.2918301049294487
9467,1.0028451152805902,0.9952177201159234
9468,0.5904617517027797,1.58540831865015
9469,0.9515395434428798,1.1518129479298844
9470,0.8916792695871887,1.7245671498850776
9471,0.846051577740428,1.1786261809620955
9472,0.2718975998766274,1.1547728640988841
9473,1.1075252514941338,1.7249125407982095
9474,0.9730379076550816,1.5305411855377518
9475,0.7432264941101945,1.7348479549450075
9476,0.42495273776452397,1.7164272255819777
9477,1.1874939133242361,1.9013156539076002
9478,1.1790008214591694,0.8909889286192207
9479,0.4306374288176985,1.303708220444622
9480,0.7843222805061735,0.7573418458419754
9481,0.6673703745981591,1.6013267485195084
9482,0.5508347624751073,1.090105950235196
9483,0.9640400489474941,0.855893902391337
9484,0.6671811596398491,1.5982378983633319
9485,0.40256786775108605,0.847380433434179
9486,1.160833667329419,0.6824979849198585
9487,0.34210791332287005,1.2673050883486923
9488,0.17074902344150691,0.8356806543854023
9489,0.5106726579449312,0.6735608604973815
9490,0.8945231612408333,1.3935930818768365
9491,0.6697620475064158,1.7126836194831743
9492,0.5988655139172882,1.5245896186932677
9493,0.4783545652685149,1.445098261486184
9494,0.5820887805562035,1.5529192561268819
9495,0.437638337209054,1.5423981337436583
9496,0.12402567526157023,1.5826119128943081
9497,0.6021755323337227,1.4790584766335368
9498,0.9328893270083367,1.7563498423884016
9499,0.507713274771759,1.0499642924581487
9500,0.49399184044211314,1.5161880452664744
9501,0.7644503357312458,1.112975904871616
9502,0.6905623495017983,1.3565396462871697
9503,1.1714355145603312,1.1874460615312092
9504,0.5521282520317486,1.4362124565976029
9505,0.6165842756280323,1.365583451590465
9506,0.6809773181007034,1.102218644748214
9507,0.6211074217239242,1.5544536187765634
9508,0.8806915101246516,1.4827225557554176
9509,0.40723125679273636,1.6128954628638945
9510,0.6801528846745896,1.403810859884167
9511,1.1538377388517371,1.61175991367472
9512,0.670297278387016,1.7289865084957383
9513,0.8387687970473239,1.0469830518955296
9514,0.7272185463298828,1.3801400887556534
9515,0.8753226772368337,0.9106008856672636
9516,0.6925036208791767,1.576067703225156
9517,0.9311114093129572,1.5666304112689238
9518,0.7548567048844717,1.4799181590952548
9519,0.5421638318555386,0.5777156313075111
9520,0.7840440991786544,1.8184692126379725
9521,1.129671159239727,1.888900704258126
9522,0.5905989528252323,1.5024242735564877
9523,0.5463280672352481,0.9313646206287405
9524,0.21557103819671786,1.7947931826355212
9525,1.0471435156163489,1.5997932576638536
9526,0.7282379871853383,1.1137931146539057
9527,0.4988505767158729,1.4799710018472472
9528,1.547674765592278,1.6731100678780098
9529,0.3003070567119044,0.7587931289325769
9530,0.6443920662118768,1.3757379010240056
9531,0.6591667741020759,1.2544293868555574
9532,0.4849933922949804,1.344449561794324
9533,1.0274071390908182,1.6154874069200238
9534,0.9857591469277102,1.6888518578894618
9535,0.7103154459774825,1.144951580214582
9536,0.8747170639973166,1.6106417289804158
9537,0.8379705693218406,1.5574688911220402
9538,0.3614750723678744,0.8492077501543183
9539,0.944928348368586,0.7944659273428234
9540,0.3392329793634601,1.2432452947572967
9541,1.0792593761734968,1.0010607110318488
9542,0.48726604591486206,1.1441557184311342
9543,0.7108834367127446,1.8154676936483494
9544,0.5377104557539795,1.1395020120322172
9545,0.7956368128505761,1.2364535635833205
9546,0.6597989899171627,0.9286735028682609
9547,1.0558833209424663,0.6079140960743932
9548,0.9394311866195942,0.8307070133089844
9549,0.7800154888537795,1.2000572749641492
9550,0.720069545836525,1.3744960229557734
9551,0.4086454228094603,1.7941981409650607
9552,0.7243780722718798,1.3428378113003645
9553,0.7267106446227328,1.2097048990434986
9554,0.6571601068460751,1.7997502181978018
9555,0.5413136090186802,1.6828975820723566
9556,0.438318803723499,1.107614377349019
9557,0.27243185314030177,1.0097079202639994
9558,0.34277329905210074,1.5316071613799127
9559,1.2065293052096342,1.35130517826295
9560,0.6782674261906699,1.0715316108087212
9561,0.9207907344914942,1.4985424073322018
9562,0.25108903616323547,1.1826610878606694
9563,0.6355369215112435,1.3573194725297082
9564,0.5486783089996708,1.1290530966888164
9565,0.5476542074731054,1.1927365646444907
9566,0.8263258629325021,0.8865542552587298
9567,0.8651310357430471,0.9774415894367354
9568,0.7573784500309979,1.2034962528036284
9569,0.6869348313048596,1.2631198254722573
9570,0.18520403899460702,1.4486244298583526
9571,0.5173140726553198,1.7631715793929097
9572,0.34422042064824043,1.605653625334802
9573,0.7136617286841881,1.4586813569100183
9574,0.7850159847751054,1.2376742575474953
9575,0.4680501342086159,1.4491337141847846
9576,0.2329166034892575,0.8516044236372249
9577,0.6610862362486355,1.1778775954114002
9578,0.4375342969954517,1.628394974698938
9579,0.9509841219069075,1.7112498263897382
9580,0.5894372438990879,1.470240709108833
9581,0.34440167331334454,1.1979458227950126
9582,0.3793896423764402,1.0218657464852223
9583,1.2229418515766741,0.7605841180378525
9584,0.99513893375303,1.3799156995076705
9585,0.9252734053376498,0.9913612764876418
9586,0.5353858905198703,1.5615679644550342
9587,0.8257587083209752,1.4078314211010452
9588,0.6070935214522819,1.581126129103543
9589,0.7297280952708215,1.1383835147757857
9590,0.7841567404153407,0.9341953998137009
9591,0.2976421468925107,1.1864489387997983
9592,0.4578296776737851,1.4566491637045522
9593,1.109577346360429,1.8856280752289982
9594,0.4704982833730623,1.4214600229188945
9595,0.5871523884332301,1.4422843661503797
9596,0.9125543031242763,1.0507933967674234
9597,1.2765136735980205,1.1826293159895802
9598,0.7619615619472623,1.2281572133868799
9599,0.5541642786473014,1.6295567998394302
9600,0.5259940188942678,0.9558708148941015
9601,0.5900600493124328,1.1307178523381105
9602,0.6997660408764341,1.3059231974726047
9603,1.2471609221049949,1.3213217988894628
9604,0.523402917374059,0.8435802179410925
9605,1.291274228861863,1.2455808529148964
9606,0.5571271755061871,1.8107693342377125
9607,0.9853031303087819,1.8256293355850257
9608,0.4908871014468964,0.9288772871208377
9609,0.6750096005677949,1.1950719417124949
9610,0.5043100096556619,1.3775306382724
9611,0.3679346730756412,1.4401859021550751
9612,0.24888352737913977,1.1624767768067104
9613,0.7877374159524266,1.5440508476474115
9614,0.4913850331303196,1.7000587316060867
9615,0.9813338228383448,1.1511160973591954
9616,1.3653354285751012,1.6910517578274487
9617,0.4910719832339483,1.3561672541070608
9618,1.0359605403417367,1.7600403800082016
9619,0.44629109076030987,1.2050054862708033
9620,0.3266108600979199,0.8403727976762514
9621,0.37579298319576965,1.4956767813029352
9622,0.18614253788358562,1.6440204627902488
9623,0.5983828441251566,0.9521840113346491
9624,0.8518112671140522,1.468824438862428
9625,1.1495646877016377,1.0445036872683544
9626,0.26540226211186413,1.3341794721784113
9627,0.9816440061145432,1.7344672930846003
9628,0.4373505125591709,1.1889187930627334
9629,0.6033822419190821,1.2583450478649252
9630,1.2503653268450707,0.9476068355658893
9631,0.31233772738372356,1.2058437511972402
9632,0.9984656060947481,1.3167913608785038
9633,0.4936026438158778,1.6780960021512525
9634,1.724681489769471,1.4479016335971928
9635,0.421750033291204,1.1067801003435298
9636,0.5162090945228912,1.420782090144551
9637,0.6530362324623847,1.1849013776427388
9638,0.8219927599316059,1.4900427081059373
9639,0.44735799706621915,0.9919352234314089
9640,0.6018430365467368,1.42330164728883
9641,0.7266073000308043,1.007538289975463
9642,0.6025726211279903,1.5107111263331876
9643,1.056207610175251,1.156532456650742
9644,0.8046974673741605,1.8536654638389523
9645,0.5057849930966271,1.569526247798202
9646,0.8343729321111384,1.4702861721886233
9647,0.7568356932301036,1.4608263827832124
9648,0.7864935532370313,1.3012974738251777
9649,0.44158582786537093,1.2675336026684665
9650,0.7695303967064191,1.8188395179246193
9651,0.7840088211613029,1.6303040249361764
9652,0.23999767651625312,1.4811077305476625
9653,0.5080143452599524,1.2511040227750398
9654,1.029788565989442,1.4063841397798913
9655,0.5007204270570922,1.5931883176093342
9656,0.41482990997621894,1.0651055315605675
9657,0.9136992462048763,1.2538367779471433
9658,0.38440480885242323,1.3854301626624856
9659,0.6634337909953179,1.4944211047534945
9660,0.6935165777596523,1.5371508929890654
9661,0.657863862978729,1.7186033480264036
9662,0.3262408280162884,1.20099897116842
9663,0.8293069686161519,1.3680181925593198
9664,0.7858209229589825,1.6766252925510283
9665,0.5154040588925062,1.3645062875795615
9666,0.817294359423965,1.3963144691962919
9667,0.09961590951283576,0.9278482678576696
9668,0.11421779364059036,1.005677056116916
9669,0.5504728671117122,1.4535855897371688
9670,0.3144206752791744,1.703322379290633
9671,0.1164489033624106,1.419866706102158
9672,0.36032734830806407,1.4433366476019942
9673,0.9790149306312695,1.6022525688768021
9674,0.15829772971605952,1.4214223172552836
9675,0.5660933914256602,1.8234980900724234
9676,0.7974587698070896,1.2668720447346855
9677,0.6996605554867698,0.7931892633280668
9678,0.3198201655271169,1.2935520929576598
9679,0.36359282855171476,1.615696248906692
9680,0.4193970570117927,1.2580601392598891
9681,0.5716113289572897,1.8157196225347085
9682,1.0679655900875424,0.8552099972267524
9683,1.464174166084784,1.2152833128375233
9684,0.8409366702429016,1.9364370241782973
9685,1.038875206069677,1.2141347796927526
9686,0.6957857360947673,1.729656064904468
9687,0.51149358154944,1.3208725241503867
9688,1.0298921620302628,1.47421074234297
9689,0.5349277974150392,1.5005997020309898
9690,0.5025460408202753,1.4081159968724437
9691,1.291228344274043,1.6157081225215748
9692,0.269498918266067,1.3535120605357274
9693,0.5914183588215776,0.7184799496240406
9694,0.7641910657113734,1.5143127291315488
9695,0.5012527743724343,1.6964249003696694
9696,0.45168881391111104,1.248676113400128
9697,0.3824281303976082,1.4259382927835338
9698,0.6678438723319722,0.9311410230106607
9699,0.6735398424331103,1.379035402992122
9700,0.9380601237018211,1.4442600760831867
9701,0.6659516893447194,1.4051249979992164
9702,0.7911315551394418,1.7328114137250774
9703,0.42126920738521684,0.9402122527768091
9704,0.7772863466514391,1.2867950389323357
9705,1.2561474386345615,1.6186711591583611
9706,0.6324752899830077,1.235468303387301
9707,0.24672269019856727,1.6601948334993908
9708,0.6342813280387299,1.0527267402220832
9709,0.5023129616161287,1.14457658947997
9710,0.9125301746194786,1.3455179510784685
9711,0.43625740551699643,1.2095936381780055
9712,0.4298656959472181,1.0772175585332273
9713,0.39903471013925346,1.3258377536164934
9714,0.6691500041384353,1.684403030036803
9715,0.10883865380521081,1.386892646272033
9716,0.7624951406847731,1.2063189596988497
9717,0.7807732361007541,1.5377009411287554
9718,0.9008887839245006,1.4873012289419758
9719,0.30430855060262135,1.457104045570864
9720,0.21857583440311065,1.097644794680504
9721,0.45359588153410113,1.3227987734675875
9722,0.9693800577918327,0.9651240692686136
9723,0.6949752125705823,1.534153345771291
9724,0.6147914569985342,1.513986249715773
9725,1.3503662380969483,1.0964410444014514
9726,0.47772995400213986,1.1923105662103142
9727,0.7207296641058226,1.1924082639788913
9728,0.7901199209560625,1.7137360883432802
9729,0.3696485931437204,1.4717569705998423
9730,0.8131015098752425,1.3458675310445538
9731,0.5460079393612793,1.718973247687763
9732,0.5478529832627794,1.3551882413241456
9733,0.6513310511667153,1.7383840639101864
9734,1.1743706039064274,1.0253475164347807
9735,0.14475965908254523,1.2550881938554106
9736,0.4133850918219674,1.0734118076882844
9737,0.8543233883958361,0.9746582353383242
9738,0.35578990060096966,1.4616960195746762
9739,0.7185935282850163,1.3205110508402318
9740,1.0544054211534357,1.3340798243609342
9741,0.5166933279128124,1.2016309675765733
9742,0.763109904112062,1.4295232546084287
9743,0.4102381626818368,1.3496900265590983
9744,0.7173137195819436,1.6863674045127857
9745,0.2622550040112673,1.8355827737208636
9746,1.0513878999144686,1.3455301815470988
9747,0.2238536959831777,1.4724360020908551
9748,0.45532282993839857,0.8354001521931005
9749,0.6827040388522945,1.4757461774991116
9750,1.0348824528228102,1.7861651256294822
9751,0.45582775075604043,1.5186203150056976
9752,0.24059921817231958,1.6010260985398779
9753,0.7236897634060572,1.107744038724197
9754,0.31662118009109974,0.8218993473227958
9755,0.268878069671486,1.7468197806124794
9756,0.8576830760827905,1.199689537815488
9757,0.34080569732054794,1.4837747238976045
9758,0.8990200952388742,0.9131188987158532
9759,0.45685900425753917,1.2103109761458644
9760,0.5705936348426806,1.2020751107986083
9761,0.5530555319486985,1.4698893342894603
9762,0.324122125649103,1.1804427191732239
9763,0.43810016726070355,1.5853074708282273
9764,0.5838893403961053,1.2195620188008465
9765,0.5577030940405091,1.1760408179479083
9766,0.438689699679556,1.7535290153185668
9767,0.626878107710585,0.9630955285375717
9768,0.5507119366592858,1.1399404982272268
9769,0.5601488411946944,1.0273009762824477
9770,0.4050257720363507,0.8420101163862446
9771,0.8472310913302028,1.1414017792955637
9772,1.0749085476340199,1.9118639275464187
9773,1.008170903412521,1.3506130791439754
9774,0.6899414792692969,1.2779920930626902
9775,0.891688707205565,1.7344082958250184
9776,0.8787108177863601,1.5565433555737438
9777,0.3686781887648582,1.2694074124605466
9778,0.76792152681159,1.4421302100405626
9779,0.1533213366144631,1.4378979798278695
9780,0.900013527653381,1.6225426014165727
9781,0.4550088385758677,1.168657592292957
9782,0.45077144331759084,1.1919917975536487
9783,0.3515843400246967,0.9816675717842664
9784,0.6804194607724497,1.5503060456213955
9785,0.45934741867047574,1.7193107146016584
9786,0.2294540863105666,1.5230147372300213
9787,0.33419312798686035,1.2980987618134354
9788,1.0123642277574922,1.6476980699007822
9789,0.6404789104724631,1.440652030462287
9790,0.7705419927896511,1.6431019663525552
9791,0.6761516322908784,1.506974032060142
9792,0.27446590097860235,1.2514758774726191
9793,0.4356486642521296,0.9601763682614406
9794,0.6935547689518458,1.523312811096691
9795,0.4972201081259847,1.2554641538083522
9796,0.2145252105561443,1.2195205679393077
9797,0.7848738810433324,1.2048395563541527
9798,0.8379144689581498,1.4173107341301177
9799,0.5049014016356909,1.604217758672848
9800,0.9485259159488845,1.8241094514091454
9801,0.8363347474376536,1.5862364463060334
9802,0.4142304495017124,1.5565511293507743
9803,0.426234404436989,1.3602838144257485
9804,0.5860250356764025,1.3938909224981337
9805,1.1728692299971617,1.3162195978770201
9806,0.25246843788591383,1.3124541110066243
9807,0.4204530622592431,1.413965657202971
9808,0.7365317917100218,1.236528252326453
9809,0.4984106561608641,0.7816635208783234
9810,0.6778576231134067,1.3281315453585973
9811,0.48520545140711,1.1479958980700256
9812,0.6364335344853491,1.338958358133983
9813,0.7120584666997272,1.1581346621853497
9814,0.9156997013205591,1.262091139219026
9815,0.5222459122232427,1.5289584315898177
9816,0.9199921188310716,1.657466015400225
9817,0.8554125256686208,1.4319236837897875
9818,0.4084767952457621,1.5512383326449066
9819,0.5260303790548397,1.1059508960384274
9820,0.5158460102763913,1.732710936887838
9821,0.464318902166134,0.4983729857948822
9822,0.5590711002101781,1.0429618921949968
9823,0.8678375303122898,1.1737157963778926
9824,0.1143145371424956,1.3372768876526835
9825,0.6192861016747602,1.2454277006884156
9826,0.7311398404303356,0.6077343799172319
9827,0.7159189857092291,1.624533059167355
9828,1.017455258158664,1.5618490492383035
9829,0.2776734691098939,1.4064004817101687
9830,0.9709932752027253,1.301670760522838
9831,1.2694302727190832,1.6080767913533522
9832,0.40575350834420104,1.0147494597806497
9833,0.948927788637132,1.4710188304267293
9834,0.8054636508018677,1.04221213105362
9835,0.4722269439822612,1.726955751641808
9836,0.6227855788939777,0.4123267054155355
9837,0.5507412059847062,1.3384439086109197
9838,0.7190747703604096,1.2076640176760072
9839,0.4818642007719772,1.5970649115303408
9840,0.7375802857507464,1.2442865389325233
9841,0.3324796550937236,0.9897730300841303
9842,0.5763426413625582,1.2298444218639482
9843,1.1170304962154998,1.176268444853263
9844,0.5733796459153347,0.5516204815226486
9845,0.8772254406544364,1.2236574074036064
9846,0.9449913974621298,1.1086429192129177
9847,0.9723722986733588,1.8210037588895647
9848,0.21695259643091394,1.427417382989589
9849,0.5115871372736299,1.2129685246734265
9850,1.1364123608783645,1.1914033159299398
9851,1.1433165547731892,1.0179142818803042
9852,0.736734811892263,1.61003094802675
9853,0.605265214213156,1.5357135327416902
9854,1.5563291579190597,1.0579261767793993
9855,0.5557249732640128,1.4349992630590584
9856,0.5948076927698968,1.4344332763655447
9857,1.3824408646777686,1.755833378850396
9858,0.3529422857240101,1.440917956037974
9859,0.9244553778758252,1.1411691191810402
9860,0.4880822998956885,0.8164999015299719
9861,1.1596943300553206,0.8584045508137523
9862,0.29826028304981983,1.4235116461097435
9863,0.9854028572869227,0.9637110205997121
9864,0.23349956274013933,1.0832622233258768
9865,0.4720975759715647,1.7365967403582205
9866,0.12051316531808128,1.036813175339602
9867,0.2863413207382415,1.7020161541977277
9868,0.9005233962075658,1.5827195437219312
9869,0.7507254529781076,1.6402755486603078
9870,0.3322522072254966,1.3806137153315639
9871,0.24415881383411286,1.7652850930947197
9872,0.8950667271228959,1.1892520288705866
9873,0.5269916841346263,1.4123789520578043
9874,0.434374467277591,0.8139356172873946
9875,0.5854510858802825,1.3523768679433488
9876,0.5827946308310475,1.820016326283731
9877,0.580605690456904,1.2075496179025378
9878,1.191602292928617,0.905292999640765
9879,0.739816913855728,0.6410975196469115
9880,0.7271338904521291,1.6200860393859782
9881,0.4501389793054864,1.0245339779041465
9882,0.37828929667195427,1.346086608315665
9883,0.29398724730627446,1.1732959221082606
9884,0.4431290740984048,0.9496786134826212
9885,0.5743459081312012,1.5734949679904808
9886,0.7044722163230288,1.5814902044566557
9887,0.5071765554101636,1.215992170319301
9888,1.1468163185212938,1.3479616562607624
9889,0.1348520701053262,1.7514419591980581
9890,0.5013908811665161,1.5459552506162288
9891,0.7576907685566631,0.8067195299884662
9892,0.9692999363142453,1.5986968199691853
9893,1.0922814060548887,1.0091147382407941
9894,0.600114980910905,1.4556759365355754
9895,1.2936485013585115,1.4422336553353075
9896,0.5358875089871474,1.6376770427200875
9897,0.6766466258617547,0.7436013856893631
9898,0.32605083092552595,1.3645503241112296
9899,0.28104060935581354,1.290076833844884
9900,0.977948065914499,1.2236011808986558
9901,0.9394469794671158,1.4308931817579253
9902,1.309104816964623,1.515814538487768
9903,0.5657692840360685,0.9881776398291755
9904,0.4862131631378557,0.9930550519435111
9905,0.09008227201744592,1.5730689304576537
9906,0.40733851517324704,0.6314797247556658
9907,1.142471866859277,1.1255308907805572
9908,0.8682903677360738,1.2257212659144987
9909,0.5363882572366753,1.6693177568816793
9910,0.3213575103661926,1.7876517044843308
9911,0.5043238362918079,0.9835539715627368
9912,0.6250595743660827,1.4784485413165172
9913,1.0991618426957595,1.5133870378774634
9914,0.6354269637698104,1.095548615627217
9915,0.7666161397430129,1.1203121181092013
9916,0.7369578771144141,1.6510430357299741
9917,1.2079427908347466,1.1198825508708388
9918,0.5677128765624844,0.9359953627799396
9919,0.9056140702019803,1.8385849109204022
9920,0.43970217996699246,1.5221718271398041
9921,0.6594857462483734,1.0460558855525948
9922,0.8138144329253736,1.6752279306472047
9923,0.41813120851093677,1.1752876751900367
9924,0.47083107687350884,1.1985055206122612
9925,0.6035144733613889,1.2582604726371902
9926,0.6403784899974434,1.5430802947243685
9927,0.7371686834221941,1.7175354661870623
9928,0.33248830547065705,1.4103210398225525
9929,0.4403898486763415,1.4441489399448644
9930,0.6248051210829687,1.2334392077200749
9931,0.5237375280380229,1.1672192582329077
9932,1.0234254336905246,0.9495784039482893
9933,0.3948029688132347,1.314138525909312
9934,0.7634549849312228,1.004600590796287
9935,0.627166232547562,0.7768096941682487
9936,0.3639289270346188,1.179020189884194
9937,0.7857265148894328,1.1729725414156054
9938,0.7240597293206089,1.603722159827769
9939,0.7188701974960467,1.647262226671951
9940,0.17004794338201365,1.6645936149176102
9941,0.2961391900845803,1.2988511029703305
9942,0.7437156209250563,1.2394044391883705
9943,0.864449450261027,1.4620228543951947
9944,0.5074362224171521,1.531565477651575
9945,0.7571569287671301,0.9212644379609993
9946,0.677041671457214,1.4788491408484727
9947,0.4727073654172185,1.104991045673463
9948,0.4521341255608609,1.5201926854928949
9949,0.37387082451511766,1.434636233460631
9950,1.1064557913557862,1.0942616446845042
9951,0.4975654352269947,1.742313759714826
9952,0.7914059929512928,1.3820308306661
9953,0.5584592956824534,1.1947241013451548
9954,0.9171832171684621,1.3129237946550116
9955,0.31395046964125434,1.0131069937242119
9956,0.671864769571635,1.6244708816301678
9957,0.5771261328626361,1.2939784056005046
9958,0.4680159939158881,1.5023579141262662
9959,0.7387882518259777,1.6117535129706262
9960,0.9084562359118306,1.0100011142475793
9961,0.6704168270228593,1.3860033930732913
9962,0.23709687419875342,0.8888235294774864
9963,0.8908464341873246,1.5753822575951402
9964,0.758114942981545,1.517922651575749
9965,0.8312289576534989,0.86332556254361
9966,0.7085802281232402,1.579868533712324
9967,0.23012181208420046,1.2282756025518764
9968,0.5990109996725207,1.0100007963717024
9969,0.49991450977786017,1.6204276575317809
9970,0.6548506240872258,1.810048482386633
9971,0.39016243008697726,1.1691345906386494
9972,0.8025746590156984,1.2316190116567716
9973,0.48354459308875747,1.7168699496384443
9974,0.8402112946532634,1.4555457395756646
9975,0.9263916981006513,1.4579764573058942
9976,0.6618031251748596,1.3242735306757156
9977,0.6690054156523717,1.393604421190008
9978,0.9028125893721884,1.5207108006366108
9979,0.6106341828451255,1.252719318366582
9980,0.8734382689567897,1.721388394335876
9981,0.43227128040789725,1.7981850573318847
9982,0.21984734887739624,1.4522416502535318
9983,1.5182491696682845,1.6036313854990123
9984,0.6700670462877177,1.3167723441113466
9985,0.5583980543508787,1.41365500830565
9986,0.29835638844767853,1.4589350016941482
9987,0.36393381975594485,1.5648009839643249
9988,0.8816817310835999,1.3401056332457433
9989,1.0796940770359646,1.5447889647972126
9990,1.0032882924500555,1.875533215891593
9991,0.09936099816503752,1.6726877821102517
9992,0.5285483791234779,1.4188581516049303
9993,0.5156849405611449,0.933804198894491
9994,0.38644205530939907,1.0728207455152674
9995,0.558961097079203,1.3624413308941197
9996,0.9982693106134661,1.1138885057383456
9997,0.5748938099020661,1.6241158863175944
9998,0.5863478641992798,0.9424658818632958
9999,0.9078116477734255,1.5797346407796033
10000,1.0051040562490359,1.7349168512165671
